RegionID,RegionName,State,month_date_yyyymm,zori,zori_mm,zori_yy,Metro
81,Lee County,GA,202401,1294.98,,,"Albany, GA"
81,Lee County,GA,202402,1300.05,0.0039,,"Albany, GA"
81,Lee County,GA,202403,1283.77,-0.0125,,"Albany, GA"
81,Lee County,GA,202404,1350.06,0.0516,,"Albany, GA"
81,Lee County,GA,202405,1375.91,0.0192,,"Albany, GA"
81,Lee County,GA,202406,1396.56,0.015,,"Albany, GA"
81,Lee County,GA,202407,1334.82,-0.0442,,"Albany, GA"
81,Lee County,GA,202408,1337.12,0.0017,,"Albany, GA"
81,Lee County,GA,202409,1348.08,0.0082,,"Albany, GA"
81,Lee County,GA,202410,1367.83,0.0147,,"Albany, GA"
81,Lee County,GA,202411,1348.26,-0.0143,,"Albany, GA"
81,Lee County,GA,202412,1319.21,-0.0215,,"Albany, GA"
81,Lee County,GA,202501,1311.25,-0.006,0.0126,"Albany, GA"
81,Lee County,GA,202502,1331.08,0.0151,0.0239,"Albany, GA"
81,Lee County,GA,202503,1355.67,0.0185,0.056,"Albany, GA"
81,Lee County,GA,202504,1381.36,0.0189,0.0232,"Albany, GA"
81,Lee County,GA,202505,1382.59,0.0009,0.0049,"Albany, GA"
81,Lee County,GA,202506,1377.77,-0.0035,-0.0135,"Albany, GA"
81,Lee County,GA,202507,1357.76,-0.0145,0.0172,"Albany, GA"
81,Lee County,GA,202508,1367.31,0.007,0.0226,"Albany, GA"
81,Lee County,GA,202509,1371.34,0.003,0.0173,"Albany, GA"
81,Lee County,GA,202510,1387.33,0.0117,0.0143,"Albany, GA"
81,Lee County,GA,202511,1377.23,-0.0073,0.0215,"Albany, GA"
81,Lee County,GA,202512,1376.56,-0.0005,0.0435,"Albany, GA"
81,Lee County,GA,202601,1365.96,-0.0077,0.0417,"Albany, GA"
81,Lee County,GA,202602,1364.65,-0.001,0.0252,"Albany, GA"
81,Lee County,GA,202603,1377.27,0.0092,0.0159,"Albany, GA"
81,Lee County,GA,202604,1383.88,0.0048,0.0018,"Albany, GA"
81,Lee County,GA,202605,1392.17,0.006,0.0069,"Albany, GA"
81,Lee County,GA,202606,1386.36,-0.0042,0.0062,"Albany, GA"
81,Lee County,GA,202607,1390.78,0.0032,0.0243,"Albany, GA"
81,Lee County,GA,202608,1402.56,0.0085,0.0258,"Albany, GA"
101,Bibb County,GA,201605,755.28,,,"Macon-Bibb County, GA"
101,Bibb County,GA,201606,749.05,-0.0082,,"Macon-Bibb County, GA"
101,Bibb County,GA,201607,751.86,0.0038,,"Macon-Bibb County, GA"
101,Bibb County,GA,201608,751.97,0.0001,,"Macon-Bibb County, GA"
101,Bibb County,GA,201609,743.64,-0.0111,,"Macon-Bibb County, GA"
101,Bibb County,GA,201610,724.24,-0.0261,,"Macon-Bibb County, GA"
101,Bibb County,GA,201611,724.0,-0.0003,,"Macon-Bibb County, GA"
101,Bibb County,GA,201612,739.93,0.022,,"Macon-Bibb County, GA"
101,Bibb County,GA,201701,761.51,0.0292,,"Macon-Bibb County, GA"
101,Bibb County,GA,201702,756.41,-0.0067,,"Macon-Bibb County, GA"
101,Bibb County,GA,201703,752.54,-0.0051,,"Macon-Bibb County, GA"
101,Bibb County,GA,201704,747.73,-0.0064,,"Macon-Bibb County, GA"
101,Bibb County,GA,201705,761.48,0.0184,0.0082,"Macon-Bibb County, GA"
101,Bibb County,GA,201706,769.52,0.0106,0.0273,"Macon-Bibb County, GA"
101,Bibb County,GA,201707,771.61,0.0027,0.0263,"Macon-Bibb County, GA"
101,Bibb County,GA,201708,772.87,0.0016,0.0278,"Macon-Bibb County, GA"
101,Bibb County,GA,201709,770.65,-0.0029,0.0363,"Macon-Bibb County, GA"
101,Bibb County,GA,201710,763.58,-0.0092,0.0543,"Macon-Bibb County, GA"
101,Bibb County,GA,201711,763.42,-0.0002,0.0544,"Macon-Bibb County, GA"
101,Bibb County,GA,201712,767.05,0.0048,0.0366,"Macon-Bibb County, GA"
101,Bibb County,GA,201801,778.68,0.0152,0.0225,"Macon-Bibb County, GA"
101,Bibb County,GA,201802,778.26,-0.0005,0.0289,"Macon-Bibb County, GA"
101,Bibb County,GA,201803,772.76,-0.0071,0.0269,"Macon-Bibb County, GA"
101,Bibb County,GA,201804,775.88,0.004,0.0377,"Macon-Bibb County, GA"
101,Bibb County,GA,201805,781.69,0.0075,0.0265,"Macon-Bibb County, GA"
101,Bibb County,GA,201806,786.54,0.0062,0.0221,"Macon-Bibb County, GA"
101,Bibb County,GA,201807,795.37,0.0112,0.0308,"Macon-Bibb County, GA"
101,Bibb County,GA,201808,802.97,0.0095,0.0389,"Macon-Bibb County, GA"
101,Bibb County,GA,201809,808.63,0.0071,0.0493,"Macon-Bibb County, GA"
101,Bibb County,GA,201810,813.68,0.0062,0.0656,"Macon-Bibb County, GA"
101,Bibb County,GA,201811,811.52,-0.0027,0.063,"Macon-Bibb County, GA"
101,Bibb County,GA,201812,816.27,0.0058,0.0642,"Macon-Bibb County, GA"
101,Bibb County,GA,201901,809.39,-0.0084,0.0394,"Macon-Bibb County, GA"
101,Bibb County,GA,201902,804.14,-0.0065,0.0333,"Macon-Bibb County, GA"
101,Bibb County,GA,201903,818.46,0.0178,0.0591,"Macon-Bibb County, GA"
101,Bibb County,GA,201904,828.96,0.0128,0.0684,"Macon-Bibb County, GA"
101,Bibb County,GA,201905,850.28,0.0257,0.0877,"Macon-Bibb County, GA"
101,Bibb County,GA,201906,854.0,0.0044,0.0858,"Macon-Bibb County, GA"
101,Bibb County,GA,201907,856.67,0.0031,0.0771,"Macon-Bibb County, GA"
101,Bibb County,GA,201908,853.76,-0.0034,0.0633,"Macon-Bibb County, GA"
101,Bibb County,GA,201909,834.7,-0.0223,0.0322,"Macon-Bibb County, GA"
101,Bibb County,GA,201910,826.42,-0.0099,0.0157,"Macon-Bibb County, GA"
101,Bibb County,GA,201911,821.03,-0.0065,0.0117,"Macon-Bibb County, GA"
101,Bibb County,GA,201912,831.1,0.0123,0.0182,"Macon-Bibb County, GA"
101,Bibb County,GA,202001,831.87,0.0009,0.0278,"Macon-Bibb County, GA"
101,Bibb County,GA,202002,834.98,0.0037,0.0384,"Macon-Bibb County, GA"
101,Bibb County,GA,202003,846.26,0.0135,0.034,"Macon-Bibb County, GA"
101,Bibb County,GA,202004,859.16,0.0152,0.0364,"Macon-Bibb County, GA"
101,Bibb County,GA,202005,860.76,0.0019,0.0123,"Macon-Bibb County, GA"
101,Bibb County,GA,202006,865.15,0.0051,0.0131,"Macon-Bibb County, GA"
101,Bibb County,GA,202007,882.53,0.0201,0.0302,"Macon-Bibb County, GA"
101,Bibb County,GA,202008,907.38,0.0282,0.0628,"Macon-Bibb County, GA"
101,Bibb County,GA,202009,916.36,0.0099,0.0978,"Macon-Bibb County, GA"
101,Bibb County,GA,202010,904.06,-0.0134,0.094,"Macon-Bibb County, GA"
101,Bibb County,GA,202011,894.14,-0.011,0.0891,"Macon-Bibb County, GA"
101,Bibb County,GA,202012,895.9,0.002,0.078,"Macon-Bibb County, GA"
101,Bibb County,GA,202101,910.5,0.0163,0.0945,"Macon-Bibb County, GA"
101,Bibb County,GA,202102,920.12,0.0106,0.102,"Macon-Bibb County, GA"
101,Bibb County,GA,202103,926.3,0.0067,0.0946,"Macon-Bibb County, GA"
101,Bibb County,GA,202104,949.26,0.0248,0.1049,"Macon-Bibb County, GA"
101,Bibb County,GA,202105,987.0,0.0398,0.1467,"Macon-Bibb County, GA"
101,Bibb County,GA,202106,1029.52,0.0431,0.19,"Macon-Bibb County, GA"
101,Bibb County,GA,202107,1053.16,0.023,0.1933,"Macon-Bibb County, GA"
101,Bibb County,GA,202108,1062.6,0.009,0.1711,"Macon-Bibb County, GA"
101,Bibb County,GA,202109,1087.9,0.0238,0.1872,"Macon-Bibb County, GA"
101,Bibb County,GA,202110,1089.48,0.0015,0.2051,"Macon-Bibb County, GA"
101,Bibb County,GA,202111,1074.51,-0.0137,0.2017,"Macon-Bibb County, GA"
101,Bibb County,GA,202112,1045.3,-0.0272,0.1668,"Macon-Bibb County, GA"
101,Bibb County,GA,202201,1035.36,-0.0095,0.1371,"Macon-Bibb County, GA"
101,Bibb County,GA,202202,1055.95,0.0199,0.1476,"Macon-Bibb County, GA"
101,Bibb County,GA,202203,1070.12,0.0134,0.1553,"Macon-Bibb County, GA"
101,Bibb County,GA,202204,1095.3,0.0235,0.1538,"Macon-Bibb County, GA"
101,Bibb County,GA,202205,1112.28,0.0155,0.1269,"Macon-Bibb County, GA"
101,Bibb County,GA,202206,1122.88,0.0095,0.0907,"Macon-Bibb County, GA"
101,Bibb County,GA,202207,1136.58,0.0122,0.0792,"Macon-Bibb County, GA"
101,Bibb County,GA,202208,1127.34,-0.0081,0.0609,"Macon-Bibb County, GA"
101,Bibb County,GA,202209,1118.98,-0.0074,0.0286,"Macon-Bibb County, GA"
101,Bibb County,GA,202210,1103.61,-0.0137,0.013,"Macon-Bibb County, GA"
101,Bibb County,GA,202211,1095.12,-0.0077,0.0192,"Macon-Bibb County, GA"
101,Bibb County,GA,202212,1098.63,0.0032,0.051,"Macon-Bibb County, GA"
101,Bibb County,GA,202301,1094.44,-0.0038,0.0571,"Macon-Bibb County, GA"
101,Bibb County,GA,202302,1116.44,0.0201,0.0573,"Macon-Bibb County, GA"
101,Bibb County,GA,202303,1140.36,0.0214,0.0656,"Macon-Bibb County, GA"
101,Bibb County,GA,202304,1170.85,0.0267,0.069,"Macon-Bibb County, GA"
101,Bibb County,GA,202305,1181.56,0.0091,0.0623,"Macon-Bibb County, GA"
101,Bibb County,GA,202306,1169.99,-0.0098,0.042,"Macon-Bibb County, GA"
101,Bibb County,GA,202307,1177.67,0.0066,0.0361,"Macon-Bibb County, GA"
101,Bibb County,GA,202308,1174.98,-0.0023,0.0423,"Macon-Bibb County, GA"
101,Bibb County,GA,202309,1183.73,0.0074,0.0579,"Macon-Bibb County, GA"
101,Bibb County,GA,202310,1172.92,-0.0091,0.0628,"Macon-Bibb County, GA"
101,Bibb County,GA,202311,1159.04,-0.0118,0.0584,"Macon-Bibb County, GA"
101,Bibb County,GA,202312,1145.01,-0.0121,0.0422,"Macon-Bibb County, GA"
101,Bibb County,GA,202401,1139.54,-0.0048,0.0412,"Macon-Bibb County, GA"
101,Bibb County,GA,202402,1158.13,0.0163,0.0373,"Macon-Bibb County, GA"
101,Bibb County,GA,202403,1171.96,0.0119,0.0277,"Macon-Bibb County, GA"
101,Bibb County,GA,202404,1176.79,0.0041,0.0051,"Macon-Bibb County, GA"
101,Bibb County,GA,202405,1176.27,-0.0004,-0.0045,"Macon-Bibb County, GA"
101,Bibb County,GA,202406,1184.61,0.0071,0.0125,"Macon-Bibb County, GA"
101,Bibb County,GA,202407,1194.81,0.0086,0.0146,"Macon-Bibb County, GA"
101,Bibb County,GA,202408,1202.25,0.0062,0.0232,"Macon-Bibb County, GA"
101,Bibb County,GA,202409,1204.65,0.002,0.0177,"Macon-Bibb County, GA"
101,Bibb County,GA,202410,1201.65,-0.0025,0.0245,"Macon-Bibb County, GA"
101,Bibb County,GA,202411,1194.55,-0.0059,0.0306,"Macon-Bibb County, GA"
101,Bibb County,GA,202412,1183.23,-0.0095,0.0334,"Macon-Bibb County, GA"
101,Bibb County,GA,202501,1178.11,-0.0043,0.0338,"Macon-Bibb County, GA"
101,Bibb County,GA,202502,1184.67,0.0056,0.0229,"Macon-Bibb County, GA"
101,Bibb County,GA,202503,1205.25,0.0174,0.0284,"Macon-Bibb County, GA"
101,Bibb County,GA,202504,1217.47,0.0101,0.0346,"Macon-Bibb County, GA"
101,Bibb County,GA,202505,1218.94,0.0012,0.0363,"Macon-Bibb County, GA"
101,Bibb County,GA,202506,1212.69,-0.0051,0.0237,"Macon-Bibb County, GA"
101,Bibb County,GA,202507,1208.94,-0.0031,0.0118,"Macon-Bibb County, GA"
101,Bibb County,GA,202508,1207.46,-0.0012,0.0043,"Macon-Bibb County, GA"
101,Bibb County,GA,202509,1209.04,0.0013,0.0036,"Macon-Bibb County, GA"
101,Bibb County,GA,202510,1205.66,-0.0028,0.0033,"Macon-Bibb County, GA"
101,Bibb County,GA,202511,1210.54,0.004,0.0134,"Macon-Bibb County, GA"
101,Bibb County,GA,202512,1208.23,-0.0019,0.0211,"Macon-Bibb County, GA"
101,Bibb County,GA,202601,1208.9,0.0006,0.0261,"Macon-Bibb County, GA"
101,Bibb County,GA,202602,1210.63,0.0014,0.0219,"Macon-Bibb County, GA"
101,Bibb County,GA,202603,1210.25,-0.0003,0.0041,"Macon-Bibb County, GA"
101,Bibb County,GA,202604,1222.13,0.0098,0.0038,"Macon-Bibb County, GA"
101,Bibb County,GA,202605,1222.75,0.0005,0.0031,"Macon-Bibb County, GA"
101,Bibb County,GA,202606,1233.47,0.0088,0.0171,"Macon-Bibb County, GA"
101,Bibb County,GA,202607,1239.47,0.0049,0.0253,"Macon-Bibb County, GA"
101,Bibb County,GA,202608,1246.43,0.0056,0.0323,"Macon-Bibb County, GA"
135,Cobb County,GA,201501,965.9,,,"Atlanta-Sandy Springs-Alpharetta, GA"
135,Cobb County,GA,201502,969.81,0.0041,,"Atlanta-Sandy Springs-Alpharetta, GA"
135,Cobb County,GA,201503,973.99,0.0043,,"Atlanta-Sandy Springs-Alpharetta, GA"
135,Cobb County,GA,201504,984.73,0.011,,"Atlanta-Sandy Springs-Alpharetta, GA"
135,Cobb County,GA,201505,990.77,0.0061,,"Atlanta-Sandy Springs-Alpharetta, GA"
135,Cobb County,GA,201506,1001.44,0.0108,,"Atlanta-Sandy Springs-Alpharetta, GA"
135,Cobb County,GA,201507,1004.91,0.0035,,"Atlanta-Sandy Springs-Alpharetta, GA"
135,Cobb County,GA,201508,1014.49,0.0095,,"Atlanta-Sandy Springs-Alpharetta, GA"
135,Cobb County,GA,201509,1015.9,0.0014,,"Atlanta-Sandy Springs-Alpharetta, GA"
135,Cobb County,GA,201510,1017.75,0.0018,,"Atlanta-Sandy Springs-Alpharetta, GA"
135,Cobb County,GA,201511,1016.46,-0.0013,,"Atlanta-Sandy Springs-Alpharetta, GA"
135,Cobb County,GA,201512,1016.76,0.0003,,"Atlanta-Sandy Springs-Alpharetta, GA"
135,Cobb County,GA,201601,1024.6,0.0077,0.0608,"Atlanta-Sandy Springs-Alpharetta, GA"
135,Cobb County,GA,201602,1030.01,0.0053,0.0621,"Atlanta-Sandy Springs-Alpharetta, GA"
135,Cobb County,GA,201603,1040.29,0.01,0.0681,"Atlanta-Sandy Springs-Alpharetta, GA"
135,Cobb County,GA,201604,1041.37,0.001,0.0575,"Atlanta-Sandy Springs-Alpharetta, GA"
135,Cobb County,GA,201605,1048.61,0.007,0.0584,"Atlanta-Sandy Springs-Alpharetta, GA"
135,Cobb County,GA,201606,1054.11,0.0052,0.0526,"Atlanta-Sandy Springs-Alpharetta, GA"
135,Cobb County,GA,201607,1065.01,0.0103,0.0598,"Atlanta-Sandy Springs-Alpharetta, GA"
135,Cobb County,GA,201608,1072.94,0.0074,0.0576,"Atlanta-Sandy Springs-Alpharetta, GA"
135,Cobb County,GA,201609,1073.58,0.0006,0.0568,"Atlanta-Sandy Springs-Alpharetta, GA"
135,Cobb County,GA,201610,1071.49,-0.002,0.0528,"Atlanta-Sandy Springs-Alpharetta, GA"
135,Cobb County,GA,201611,1067.57,-0.0037,0.0503,"Atlanta-Sandy Springs-Alpharetta, GA"
135,Cobb County,GA,201612,1067.86,0.0003,0.0503,"Atlanta-Sandy Springs-Alpharetta, GA"
135,Cobb County,GA,201701,1070.94,0.0029,0.0452,"Atlanta-Sandy Springs-Alpharetta, GA"
135,Cobb County,GA,201702,1078.2,0.0068,0.0468,"Atlanta-Sandy Springs-Alpharetta, GA"
135,Cobb County,GA,201703,1090.33,0.0112,0.0481,"Atlanta-Sandy Springs-Alpharetta, GA"
135,Cobb County,GA,201704,1103.03,0.0117,0.0592,"Atlanta-Sandy Springs-Alpharetta, GA"
135,Cobb County,GA,201705,1118.04,0.0136,0.0662,"Atlanta-Sandy Springs-Alpharetta, GA"
135,Cobb County,GA,201706,1127.68,0.0086,0.0698,"Atlanta-Sandy Springs-Alpharetta, GA"
135,Cobb County,GA,201707,1131.61,0.0035,0.0625,"Atlanta-Sandy Springs-Alpharetta, GA"
135,Cobb County,GA,201708,1132.6,0.0009,0.0556,"Atlanta-Sandy Springs-Alpharetta, GA"
135,Cobb County,GA,201709,1136.8,0.0037,0.0589,"Atlanta-Sandy Springs-Alpharetta, GA"
135,Cobb County,GA,201710,1136.76,-0.0,0.0609,"Atlanta-Sandy Springs-Alpharetta, GA"
135,Cobb County,GA,201711,1139.21,0.0021,0.0671,"Atlanta-Sandy Springs-Alpharetta, GA"
135,Cobb County,GA,201712,1138.18,-0.0009,0.0658,"Atlanta-Sandy Springs-Alpharetta, GA"
135,Cobb County,GA,201801,1148.05,0.0087,0.072,"Atlanta-Sandy Springs-Alpharetta, GA"
135,Cobb County,GA,201802,1152.37,0.0038,0.0688,"Atlanta-Sandy Springs-Alpharetta, GA"
135,Cobb County,GA,201803,1168.47,0.014,0.0717,"Atlanta-Sandy Springs-Alpharetta, GA"
135,Cobb County,GA,201804,1179.08,0.0091,0.0689,"Atlanta-Sandy Springs-Alpharetta, GA"
135,Cobb County,GA,201805,1189.7,0.009,0.0641,"Atlanta-Sandy Springs-Alpharetta, GA"
135,Cobb County,GA,201806,1191.55,0.0016,0.0566,"Atlanta-Sandy Springs-Alpharetta, GA"
135,Cobb County,GA,201807,1193.3,0.0015,0.0545,"Atlanta-Sandy Springs-Alpharetta, GA"
135,Cobb County,GA,201808,1199.21,0.0049,0.0588,"Atlanta-Sandy Springs-Alpharetta, GA"
135,Cobb County,GA,201809,1202.26,0.0025,0.0576,"Atlanta-Sandy Springs-Alpharetta, GA"
135,Cobb County,GA,201810,1205.86,0.003,0.0608,"Atlanta-Sandy Springs-Alpharetta, GA"
135,Cobb County,GA,201811,1205.07,-0.0007,0.0578,"Atlanta-Sandy Springs-Alpharetta, GA"
135,Cobb County,GA,201812,1203.61,-0.0012,0.0575,"Atlanta-Sandy Springs-Alpharetta, GA"
135,Cobb County,GA,201901,1209.32,0.0047,0.0534,"Atlanta-Sandy Springs-Alpharetta, GA"
135,Cobb County,GA,201902,1217.01,0.0064,0.0561,"Atlanta-Sandy Springs-Alpharetta, GA"
135,Cobb County,GA,201903,1232.2,0.0125,0.0545,"Atlanta-Sandy Springs-Alpharetta, GA"
135,Cobb County,GA,201904,1241.47,0.0075,0.0529,"Atlanta-Sandy Springs-Alpharetta, GA"
135,Cobb County,GA,201905,1250.42,0.0072,0.051,"Atlanta-Sandy Springs-Alpharetta, GA"
135,Cobb County,GA,201906,1254.7,0.0034,0.053,"Atlanta-Sandy Springs-Alpharetta, GA"
135,Cobb County,GA,201907,1258.75,0.0032,0.0548,"Atlanta-Sandy Springs-Alpharetta, GA"
135,Cobb County,GA,201908,1262.69,0.0031,0.0529,"Atlanta-Sandy Springs-Alpharetta, GA"
135,Cobb County,GA,201909,1266.36,0.0029,0.0533,"Atlanta-Sandy Springs-Alpharetta, GA"
135,Cobb County,GA,201910,1261.45,-0.0039,0.0461,"Atlanta-Sandy Springs-Alpharetta, GA"
135,Cobb County,GA,201911,1255.44,-0.0048,0.0418,"Atlanta-Sandy Springs-Alpharetta, GA"
135,Cobb County,GA,201912,1253.46,-0.0016,0.0414,"Atlanta-Sandy Springs-Alpharetta, GA"
135,Cobb County,GA,202001,1261.25,0.0062,0.0429,"Atlanta-Sandy Springs-Alpharetta, GA"
135,Cobb County,GA,202002,1271.75,0.0083,0.045,"Atlanta-Sandy Springs-Alpharetta, GA"
135,Cobb County,GA,202003,1278.64,0.0054,0.0377,"Atlanta-Sandy Springs-Alpharetta, GA"
135,Cobb County,GA,202004,1277.74,-0.0007,0.0292,"Atlanta-Sandy Springs-Alpharetta, GA"
135,Cobb County,GA,202005,1275.87,-0.0015,0.0204,"Atlanta-Sandy Springs-Alpharetta, GA"
135,Cobb County,GA,202006,1281.14,0.0041,0.0211,"Atlanta-Sandy Springs-Alpharetta, GA"
135,Cobb County,GA,202007,1297.63,0.0129,0.0309,"Atlanta-Sandy Springs-Alpharetta, GA"
135,Cobb County,GA,202008,1320.2,0.0174,0.0455,"Atlanta-Sandy Springs-Alpharetta, GA"
135,Cobb County,GA,202009,1331.68,0.0087,0.0516,"Atlanta-Sandy Springs-Alpharetta, GA"
135,Cobb County,GA,202010,1340.17,0.0064,0.0624,"Atlanta-Sandy Springs-Alpharetta, GA"
135,Cobb County,GA,202011,1344.51,0.0032,0.0709,"Atlanta-Sandy Springs-Alpharetta, GA"
135,Cobb County,GA,202012,1352.78,0.0062,0.0792,"Atlanta-Sandy Springs-Alpharetta, GA"
135,Cobb County,GA,202101,1366.14,0.0099,0.0832,"Atlanta-Sandy Springs-Alpharetta, GA"
135,Cobb County,GA,202102,1379.44,0.0097,0.0847,"Atlanta-Sandy Springs-Alpharetta, GA"
135,Cobb County,GA,202103,1396.75,0.0126,0.0924,"Atlanta-Sandy Springs-Alpharetta, GA"
135,Cobb County,GA,202104,1415.34,0.0133,0.1077,"Atlanta-Sandy Springs-Alpharetta, GA"
135,Cobb County,GA,202105,1445.05,0.021,0.1326,"Atlanta-Sandy Springs-Alpharetta, GA"
135,Cobb County,GA,202106,1485.12,0.0277,0.1592,"Atlanta-Sandy Springs-Alpharetta, GA"
135,Cobb County,GA,202107,1531.26,0.0311,0.18,"Atlanta-Sandy Springs-Alpharetta, GA"
135,Cobb County,GA,202108,1575.45,0.0289,0.1933,"Atlanta-Sandy Springs-Alpharetta, GA"
135,Cobb County,GA,202109,1608.1,0.0207,0.2076,"Atlanta-Sandy Springs-Alpharetta, GA"
135,Cobb County,GA,202110,1619.59,0.0071,0.2085,"Atlanta-Sandy Springs-Alpharetta, GA"
135,Cobb County,GA,202111,1624.61,0.0031,0.2083,"Atlanta-Sandy Springs-Alpharetta, GA"
135,Cobb County,GA,202112,1629.61,0.0031,0.2046,"Atlanta-Sandy Springs-Alpharetta, GA"
135,Cobb County,GA,202201,1631.81,0.0013,0.1945,"Atlanta-Sandy Springs-Alpharetta, GA"
135,Cobb County,GA,202202,1629.09,-0.0017,0.181,"Atlanta-Sandy Springs-Alpharetta, GA"
135,Cobb County,GA,202203,1625.85,-0.002,0.164,"Atlanta-Sandy Springs-Alpharetta, GA"
135,Cobb County,GA,202204,1635.56,0.006,0.1556,"Atlanta-Sandy Springs-Alpharetta, GA"
135,Cobb County,GA,202205,1659.43,0.0146,0.1484,"Atlanta-Sandy Springs-Alpharetta, GA"
135,Cobb County,GA,202206,1686.25,0.0162,0.1354,"Atlanta-Sandy Springs-Alpharetta, GA"
135,Cobb County,GA,202207,1713.15,0.016,0.1188,"Atlanta-Sandy Springs-Alpharetta, GA"
135,Cobb County,GA,202208,1715.9,0.0016,0.0892,"Atlanta-Sandy Springs-Alpharetta, GA"
135,Cobb County,GA,202209,1710.54,-0.0031,0.0637,"Atlanta-Sandy Springs-Alpharetta, GA"
135,Cobb County,GA,202210,1694.17,-0.0096,0.046,"Atlanta-Sandy Springs-Alpharetta, GA"
135,Cobb County,GA,202211,1681.27,-0.0076,0.0349,"Atlanta-Sandy Springs-Alpharetta, GA"
135,Cobb County,GA,202212,1677.25,-0.0024,0.0292,"Atlanta-Sandy Springs-Alpharetta, GA"
135,Cobb County,GA,202301,1673.22,-0.0024,0.0254,"Atlanta-Sandy Springs-Alpharetta, GA"
135,Cobb County,GA,202302,1680.83,0.0045,0.0318,"Atlanta-Sandy Springs-Alpharetta, GA"
135,Cobb County,GA,202303,1693.85,0.0078,0.0418,"Atlanta-Sandy Springs-Alpharetta, GA"
135,Cobb County,GA,202304,1703.2,0.0055,0.0414,"Atlanta-Sandy Springs-Alpharetta, GA"
135,Cobb County,GA,202305,1709.25,0.0035,0.03,"Atlanta-Sandy Springs-Alpharetta, GA"
135,Cobb County,GA,202306,1703.01,-0.0037,0.0099,"Atlanta-Sandy Springs-Alpharetta, GA"
135,Cobb County,GA,202307,1710.79,0.0046,-0.0014,"Atlanta-Sandy Springs-Alpharetta, GA"
135,Cobb County,GA,202308,1711.37,0.0003,-0.0026,"Atlanta-Sandy Springs-Alpharetta, GA"
135,Cobb County,GA,202309,1707.05,-0.0025,-0.002,"Atlanta-Sandy Springs-Alpharetta, GA"
135,Cobb County,GA,202310,1693.1,-0.0082,-0.0006,"Atlanta-Sandy Springs-Alpharetta, GA"
135,Cobb County,GA,202311,1681.32,-0.007,0.0,"Atlanta-Sandy Springs-Alpharetta, GA"
135,Cobb County,GA,202312,1672.39,-0.0053,-0.0029,"Atlanta-Sandy Springs-Alpharetta, GA"
135,Cobb County,GA,202401,1674.28,0.0011,0.0006,"Atlanta-Sandy Springs-Alpharetta, GA"
135,Cobb County,GA,202402,1678.12,0.0023,-0.0016,"Atlanta-Sandy Springs-Alpharetta, GA"
135,Cobb County,GA,202403,1690.58,0.0074,-0.0019,"Atlanta-Sandy Springs-Alpharetta, GA"
135,Cobb County,GA,202404,1695.97,0.0032,-0.0043,"Atlanta-Sandy Springs-Alpharetta, GA"
135,Cobb County,GA,202405,1704.32,0.0049,-0.0029,"Atlanta-Sandy Springs-Alpharetta, GA"
135,Cobb County,GA,202406,1708.55,0.0025,0.0033,"Atlanta-Sandy Springs-Alpharetta, GA"
135,Cobb County,GA,202407,1714.76,0.0036,0.0023,"Atlanta-Sandy Springs-Alpharetta, GA"
135,Cobb County,GA,202408,1721.5,0.0039,0.0059,"Atlanta-Sandy Springs-Alpharetta, GA"
135,Cobb County,GA,202409,1725.65,0.0024,0.0109,"Atlanta-Sandy Springs-Alpharetta, GA"
135,Cobb County,GA,202410,1720.69,-0.0029,0.0163,"Atlanta-Sandy Springs-Alpharetta, GA"
135,Cobb County,GA,202411,1706.5,-0.0082,0.015,"Atlanta-Sandy Springs-Alpharetta, GA"
135,Cobb County,GA,202412,1689.42,-0.01,0.0102,"Atlanta-Sandy Springs-Alpharetta, GA"
135,Cobb County,GA,202501,1689.09,-0.0002,0.0088,"Atlanta-Sandy Springs-Alpharetta, GA"
135,Cobb County,GA,202502,1697.1,0.0047,0.0113,"Atlanta-Sandy Springs-Alpharetta, GA"
135,Cobb County,GA,202503,1708.1,0.0065,0.0104,"Atlanta-Sandy Springs-Alpharetta, GA"
135,Cobb County,GA,202504,1717.19,0.0053,0.0125,"Atlanta-Sandy Springs-Alpharetta, GA"
135,Cobb County,GA,202505,1719.74,0.0015,0.009,"Atlanta-Sandy Springs-Alpharetta, GA"
135,Cobb County,GA,202506,1726.11,0.0037,0.0103,"Atlanta-Sandy Springs-Alpharetta, GA"
135,Cobb County,GA,202507,1724.65,-0.0008,0.0058,"Atlanta-Sandy Springs-Alpharetta, GA"
135,Cobb County,GA,202508,1733.56,0.0052,0.007,"Atlanta-Sandy Springs-Alpharetta, GA"
135,Cobb County,GA,202509,1735.8,0.0013,0.0059,"Atlanta-Sandy Springs-Alpharetta, GA"
135,Cobb County,GA,202510,1730.32,-0.0032,0.0056,"Atlanta-Sandy Springs-Alpharetta, GA"
135,Cobb County,GA,202511,1715.05,-0.0088,0.005,"Atlanta-Sandy Springs-Alpharetta, GA"
135,Cobb County,GA,202512,1708.87,-0.0036,0.0115,"Atlanta-Sandy Springs-Alpharetta, GA"
135,Cobb County,GA,202601,1718.38,0.0056,0.0173,"Atlanta-Sandy Springs-Alpharetta, GA"
135,Cobb County,GA,202602,1729.7,0.0066,0.0192,"Atlanta-Sandy Springs-Alpharetta, GA"
135,Cobb County,GA,202603,1730.97,0.0007,0.0134,"Atlanta-Sandy Springs-Alpharetta, GA"
135,Cobb County,GA,202604,1731.66,0.0004,0.0084,"Atlanta-Sandy Springs-Alpharetta, GA"
135,Cobb County,GA,202605,1733.65,0.0012,0.0081,"Atlanta-Sandy Springs-Alpharetta, GA"
135,Cobb County,GA,202606,1743.72,0.0058,0.0102,"Atlanta-Sandy Springs-Alpharetta, GA"
135,Cobb County,GA,202607,1754.36,0.0061,0.0172,"Atlanta-Sandy Springs-Alpharetta, GA"
135,Cobb County,GA,202608,1764.41,0.0057,0.0178,"Atlanta-Sandy Springs-Alpharetta, GA"
172,Hall County,GA,201501,880.0,,,"Gainesville, GA"
172,Hall County,GA,201502,891.07,0.0126,,"Gainesville, GA"
172,Hall County,GA,201503,913.93,0.0257,,"Gainesville, GA"
172,Hall County,GA,201504,914.19,0.0003,,"Gainesville, GA"
172,Hall County,GA,201505,934.46,0.0222,,"Gainesville, GA"
172,Hall County,GA,201506,924.74,-0.0104,,"Gainesville, GA"
172,Hall County,GA,201507,940.11,0.0166,,"Gainesville, GA"
172,Hall County,GA,201508,934.34,-0.0061,,"Gainesville, GA"
172,Hall County,GA,201509,941.85,0.008,,"Gainesville, GA"
172,Hall County,GA,201510,934.61,-0.0077,,"Gainesville, GA"
172,Hall County,GA,201511,939.03,0.0047,,"Gainesville, GA"
172,Hall County,GA,201512,940.64,0.0017,,"Gainesville, GA"
172,Hall County,GA,201601,954.38,0.0146,0.0845,"Gainesville, GA"
172,Hall County,GA,201602,943.85,-0.011,0.0592,"Gainesville, GA"
172,Hall County,GA,201603,954.43,0.0112,0.0443,"Gainesville, GA"
172,Hall County,GA,201604,954.91,0.0005,0.0445,"Gainesville, GA"
172,Hall County,GA,201605,972.34,0.0183,0.0405,"Gainesville, GA"
172,Hall County,GA,201606,977.04,0.0048,0.0566,"Gainesville, GA"
172,Hall County,GA,201607,996.1,0.0195,0.0596,"Gainesville, GA"
172,Hall County,GA,201608,1000.98,0.0049,0.0713,"Gainesville, GA"
172,Hall County,GA,201609,1013.24,0.0122,0.0758,"Gainesville, GA"
172,Hall County,GA,201610,995.56,-0.0174,0.0652,"Gainesville, GA"
172,Hall County,GA,201611,999.67,0.0041,0.0646,"Gainesville, GA"
172,Hall County,GA,201612,990.97,-0.0087,0.0535,"Gainesville, GA"
172,Hall County,GA,201701,1004.24,0.0134,0.0522,"Gainesville, GA"
172,Hall County,GA,201702,1007.13,0.0029,0.067,"Gainesville, GA"
172,Hall County,GA,201703,1010.61,0.0035,0.0589,"Gainesville, GA"
172,Hall County,GA,201704,1014.3,0.0037,0.0622,"Gainesville, GA"
172,Hall County,GA,201705,1027.65,0.0132,0.0569,"Gainesville, GA"
172,Hall County,GA,201706,1045.0,0.0169,0.0696,"Gainesville, GA"
172,Hall County,GA,201707,1050.2,0.005,0.0543,"Gainesville, GA"
172,Hall County,GA,201708,1047.19,-0.0029,0.0462,"Gainesville, GA"
172,Hall County,GA,201709,1039.48,-0.0074,0.0259,"Gainesville, GA"
172,Hall County,GA,201710,1032.32,-0.0069,0.0369,"Gainesville, GA"
172,Hall County,GA,201711,1037.64,0.0052,0.038,"Gainesville, GA"
172,Hall County,GA,201712,1051.55,0.0134,0.0611,"Gainesville, GA"
172,Hall County,GA,201801,1069.96,0.0175,0.0654,"Gainesville, GA"
172,Hall County,GA,201802,1068.08,-0.0018,0.0605,"Gainesville, GA"
172,Hall County,GA,201803,1073.95,0.0055,0.0627,"Gainesville, GA"
172,Hall County,GA,201804,1088.14,0.0132,0.0728,"Gainesville, GA"
172,Hall County,GA,201805,1095.43,0.0067,0.066,"Gainesville, GA"
172,Hall County,GA,201806,1095.6,0.0002,0.0484,"Gainesville, GA"
172,Hall County,GA,201807,1076.71,-0.0172,0.0252,"Gainesville, GA"
172,Hall County,GA,201808,1083.43,0.0062,0.0346,"Gainesville, GA"
172,Hall County,GA,201809,1089.47,0.0056,0.0481,"Gainesville, GA"
172,Hall County,GA,201810,1115.78,0.0241,0.0809,"Gainesville, GA"
172,Hall County,GA,201811,1120.08,0.0038,0.0794,"Gainesville, GA"
172,Hall County,GA,201812,1122.87,0.0025,0.0678,"Gainesville, GA"
172,Hall County,GA,201901,1106.36,-0.0147,0.034,"Gainesville, GA"
172,Hall County,GA,201902,1124.56,0.0164,0.0529,"Gainesville, GA"
172,Hall County,GA,201903,1134.47,0.0088,0.0564,"Gainesville, GA"
172,Hall County,GA,201904,1164.76,0.0267,0.0704,"Gainesville, GA"
172,Hall County,GA,201905,1156.19,-0.0074,0.0555,"Gainesville, GA"
172,Hall County,GA,201906,1156.48,0.0003,0.0556,"Gainesville, GA"
172,Hall County,GA,201907,1163.57,0.0061,0.0807,"Gainesville, GA"
172,Hall County,GA,201908,1185.14,0.0185,0.0939,"Gainesville, GA"
172,Hall County,GA,201909,1198.91,0.0116,0.1004,"Gainesville, GA"
172,Hall County,GA,201910,1182.59,-0.0136,0.0599,"Gainesville, GA"
172,Hall County,GA,201911,1169.77,-0.0108,0.0444,"Gainesville, GA"
172,Hall County,GA,201912,1165.17,-0.0039,0.0377,"Gainesville, GA"
172,Hall County,GA,202001,1173.79,0.0074,0.0609,"Gainesville, GA"
172,Hall County,GA,202002,1179.72,0.0051,0.0491,"Gainesville, GA"
172,Hall County,GA,202003,1190.78,0.0094,0.0496,"Gainesville, GA"
172,Hall County,GA,202004,1191.41,0.0005,0.0229,"Gainesville, GA"
172,Hall County,GA,202005,1194.91,0.0029,0.0335,"Gainesville, GA"
172,Hall County,GA,202006,1199.79,0.0041,0.0375,"Gainesville, GA"
172,Hall County,GA,202007,1202.39,0.0022,0.0334,"Gainesville, GA"
172,Hall County,GA,202008,1218.48,0.0134,0.0281,"Gainesville, GA"
172,Hall County,GA,202009,1228.47,0.0082,0.0247,"Gainesville, GA"
172,Hall County,GA,202010,1250.37,0.0178,0.0573,"Gainesville, GA"
172,Hall County,GA,202011,1257.84,0.006,0.0753,"Gainesville, GA"
172,Hall County,GA,202012,1268.11,0.0082,0.0884,"Gainesville, GA"
172,Hall County,GA,202101,1282.22,0.0111,0.0924,"Gainesville, GA"
172,Hall County,GA,202102,1299.71,0.0136,0.1017,"Gainesville, GA"
172,Hall County,GA,202103,1307.2,0.0058,0.0978,"Gainesville, GA"
172,Hall County,GA,202104,1325.75,0.0142,0.1128,"Gainesville, GA"
172,Hall County,GA,202105,1373.54,0.036,0.1495,"Gainesville, GA"
172,Hall County,GA,202106,1427.57,0.0393,0.1898,"Gainesville, GA"
172,Hall County,GA,202107,1475.79,0.0338,0.2274,"Gainesville, GA"
172,Hall County,GA,202108,1501.84,0.0177,0.2326,"Gainesville, GA"
172,Hall County,GA,202109,1512.65,0.0072,0.2313,"Gainesville, GA"
172,Hall County,GA,202110,1511.86,-0.0005,0.2091,"Gainesville, GA"
172,Hall County,GA,202111,1498.78,-0.0087,0.1916,"Gainesville, GA"
172,Hall County,GA,202112,1509.27,0.007,0.1902,"Gainesville, GA"
172,Hall County,GA,202201,1525.71,0.0109,0.1899,"Gainesville, GA"
172,Hall County,GA,202202,1542.76,0.0112,0.187,"Gainesville, GA"
172,Hall County,GA,202203,1546.85,0.0027,0.1833,"Gainesville, GA"
172,Hall County,GA,202204,1550.4,0.0023,0.1695,"Gainesville, GA"
172,Hall County,GA,202205,1559.7,0.006,0.1355,"Gainesville, GA"
172,Hall County,GA,202206,1580.4,0.0133,0.1071,"Gainesville, GA"
172,Hall County,GA,202207,1592.13,0.0074,0.0788,"Gainesville, GA"
172,Hall County,GA,202208,1598.66,0.0041,0.0645,"Gainesville, GA"
172,Hall County,GA,202209,1597.04,-0.001,0.0558,"Gainesville, GA"
172,Hall County,GA,202210,1595.99,-0.0007,0.0556,"Gainesville, GA"
172,Hall County,GA,202211,1599.71,0.0023,0.0673,"Gainesville, GA"
172,Hall County,GA,202212,1603.98,0.0027,0.0628,"Gainesville, GA"
172,Hall County,GA,202301,1621.84,0.0111,0.063,"Gainesville, GA"
172,Hall County,GA,202302,1627.53,0.0035,0.0549,"Gainesville, GA"
172,Hall County,GA,202303,1644.8,0.0106,0.0633,"Gainesville, GA"
172,Hall County,GA,202304,1648.03,0.002,0.063,"Gainesville, GA"
172,Hall County,GA,202305,1652.96,0.003,0.0598,"Gainesville, GA"
172,Hall County,GA,202306,1648.92,-0.0024,0.0434,"Gainesville, GA"
172,Hall County,GA,202307,1639.91,-0.0055,0.03,"Gainesville, GA"
172,Hall County,GA,202308,1643.24,0.002,0.0279,"Gainesville, GA"
172,Hall County,GA,202309,1634.78,-0.0052,0.0236,"Gainesville, GA"
172,Hall County,GA,202310,1643.09,0.0051,0.0295,"Gainesville, GA"
172,Hall County,GA,202311,1632.75,-0.0063,0.0207,"Gainesville, GA"
172,Hall County,GA,202312,1638.88,0.0038,0.0218,"Gainesville, GA"
172,Hall County,GA,202401,1637.09,-0.0011,0.0094,"Gainesville, GA"
172,Hall County,GA,202402,1647.51,0.0064,0.0123,"Gainesville, GA"
172,Hall County,GA,202403,1645.62,-0.0011,0.0005,"Gainesville, GA"
172,Hall County,GA,202404,1648.12,0.0015,0.0001,"Gainesville, GA"
172,Hall County,GA,202405,1648.5,0.0002,-0.0027,"Gainesville, GA"
172,Hall County,GA,202406,1662.66,0.0086,0.0083,"Gainesville, GA"
172,Hall County,GA,202407,1672.77,0.0061,0.02,"Gainesville, GA"
172,Hall County,GA,202408,1674.59,0.0011,0.0191,"Gainesville, GA"
172,Hall County,GA,202409,1660.74,-0.0083,0.0159,"Gainesville, GA"
172,Hall County,GA,202410,1656.1,-0.0028,0.0079,"Gainesville, GA"
172,Hall County,GA,202411,1651.51,-0.0028,0.0115,"Gainesville, GA"
172,Hall County,GA,202412,1643.53,-0.0048,0.0028,"Gainesville, GA"
172,Hall County,GA,202501,1643.36,-0.0001,0.0038,"Gainesville, GA"
172,Hall County,GA,202502,1646.13,0.0017,-0.0008,"Gainesville, GA"
172,Hall County,GA,202503,1666.13,0.0122,0.0125,"Gainesville, GA"
172,Hall County,GA,202504,1671.52,0.0032,0.0142,"Gainesville, GA"
172,Hall County,GA,202505,1671.67,0.0001,0.0141,"Gainesville, GA"
172,Hall County,GA,202506,1667.02,-0.0028,0.0026,"Gainesville, GA"
172,Hall County,GA,202507,1658.2,-0.0053,-0.0087,"Gainesville, GA"
172,Hall County,GA,202508,1652.69,-0.0033,-0.0131,"Gainesville, GA"
172,Hall County,GA,202509,1644.25,-0.0051,-0.0099,"Gainesville, GA"
172,Hall County,GA,202510,1650.88,0.004,-0.0031,"Gainesville, GA"
172,Hall County,GA,202511,1655.07,0.0025,0.0022,"Gainesville, GA"
172,Hall County,GA,202512,1657.98,0.0018,0.0088,"Gainesville, GA"
172,Hall County,GA,202601,1650.02,-0.0048,0.0041,"Gainesville, GA"
172,Hall County,GA,202602,1646.97,-0.0018,0.0005,"Gainesville, GA"
172,Hall County,GA,202603,1663.39,0.01,-0.0016,"Gainesville, GA"
172,Hall County,GA,202604,1677.69,0.0086,0.0037,"Gainesville, GA"
172,Hall County,GA,202605,1682.76,0.003,0.0066,"Gainesville, GA"
172,Hall County,GA,202606,1680.22,-0.0015,0.0079,"Gainesville, GA"
172,Hall County,GA,202607,1673.31,-0.0041,0.0091,"Gainesville, GA"
172,Hall County,GA,202608,1690.73,0.0104,0.023,"Gainesville, GA"
176,Hart County,GA,202608,1462.5,,,
239,Long County,GA,202402,1604.7,,,"Hinesville, GA"
239,Long County,GA,202403,1609.3,0.0029,,"Hinesville, GA"
239,Long County,GA,202404,1637.4,0.0175,,"Hinesville, GA"
239,Long County,GA,202405,1612.41,-0.0153,,"Hinesville, GA"
239,Long County,GA,202406,1624.49,0.0075,,"Hinesville, GA"
239,Long County,GA,202407,1649.89,0.0156,,"Hinesville, GA"
239,Long County,GA,202408,1685.04,0.0213,,"Hinesville, GA"
239,Long County,GA,202409,1667.99,-0.0101,,"Hinesville, GA"
239,Long County,GA,202410,1651.23,-0.01,,"Hinesville, GA"
239,Long County,GA,202411,1653.84,0.0016,,"Hinesville, GA"
239,Long County,GA,202412,1675.9,0.0133,,"Hinesville, GA"
239,Long County,GA,202501,1697.67,0.013,,"Hinesville, GA"
239,Long County,GA,202502,1726.39,0.0169,0.0758,"Hinesville, GA"
239,Long County,GA,202503,1735.7,0.0054,0.0785,"Hinesville, GA"
239,Long County,GA,202504,1735.62,-0.0,0.06,"Hinesville, GA"
239,Long County,GA,202505,1734.44,-0.0007,0.0757,"Hinesville, GA"
239,Long County,GA,202506,1747.56,0.0076,0.0758,"Hinesville, GA"
239,Long County,GA,202507,1730.93,-0.0095,0.0491,"Hinesville, GA"
239,Long County,GA,202508,1727.87,-0.0018,0.0254,"Hinesville, GA"
239,Long County,GA,202509,1739.17,0.0065,0.0427,"Hinesville, GA"
239,Long County,GA,202510,1775.68,0.021,0.0754,"Hinesville, GA"
239,Long County,GA,202511,1761.27,-0.0081,0.065,"Hinesville, GA"
239,Long County,GA,202512,1710.16,-0.029,0.0204,"Hinesville, GA"
239,Long County,GA,202601,1691.25,-0.0111,-0.0038,"Hinesville, GA"
239,Long County,GA,202602,1718.55,0.0161,-0.0045,"Hinesville, GA"
239,Long County,GA,202603,1769.11,0.0294,0.0193,"Hinesville, GA"
239,Long County,GA,202604,1796.96,0.0157,0.0353,"Hinesville, GA"
239,Long County,GA,202605,1786.36,-0.0059,0.0299,"Hinesville, GA"
239,Long County,GA,202606,1778.93,-0.0042,0.0179,"Hinesville, GA"
239,Long County,GA,202607,1784.34,0.003,0.0309,"Hinesville, GA"
239,Long County,GA,202608,1803.77,0.0109,0.0439,"Hinesville, GA"
327,Ware County,GA,202606,1050.12,,,"Waycross, GA"
327,Ware County,GA,202607,1064.91,0.0141,,"Waycross, GA"
327,Ware County,GA,202608,1083.33,0.0173,,"Waycross, GA"
381,Banks County,GA,202604,1520.34,,,
381,Banks County,GA,202605,1523.74,0.0022,,
381,Banks County,GA,202606,1549.58,0.017,,
381,Banks County,GA,202607,1545.73,-0.0025,,
381,Banks County,GA,202608,1539.61,-0.004,,
412,Bryan County,GA,201501,1258.29,,,"Savannah, GA"
412,Bryan County,GA,201502,1263.01,0.0038,,"Savannah, GA"
412,Bryan County,GA,201503,1260.25,-0.0022,,"Savannah, GA"
412,Bryan County,GA,201504,1270.94,0.0085,,"Savannah, GA"
412,Bryan County,GA,201505,1278.93,0.0063,,"Savannah, GA"
412,Bryan County,GA,201506,1284.92,0.0047,,"Savannah, GA"
412,Bryan County,GA,201507,1294.84,0.0077,,"Savannah, GA"
412,Bryan County,GA,201508,1296.9,0.0016,,"Savannah, GA"
412,Bryan County,GA,201509,1306.27,0.0072,,"Savannah, GA"
412,Bryan County,GA,201510,1298.41,-0.006,,"Savannah, GA"
412,Bryan County,GA,201511,1307.93,0.0073,,"Savannah, GA"
412,Bryan County,GA,201512,1301.11,-0.0052,,"Savannah, GA"
412,Bryan County,GA,201601,1307.43,0.0049,0.0391,"Savannah, GA"
412,Bryan County,GA,201602,1296.75,-0.0082,0.0267,"Savannah, GA"
412,Bryan County,GA,201603,1303.27,0.005,0.0341,"Savannah, GA"
412,Bryan County,GA,201604,1299.66,-0.0028,0.0226,"Savannah, GA"
412,Bryan County,GA,201605,1307.89,0.0063,0.0226,"Savannah, GA"
412,Bryan County,GA,201606,1306.62,-0.001,0.0169,"Savannah, GA"
412,Bryan County,GA,201607,1311.29,0.0036,0.0127,"Savannah, GA"
412,Bryan County,GA,201608,1308.26,-0.0023,0.0088,"Savannah, GA"
412,Bryan County,GA,201609,1308.49,0.0002,0.0017,"Savannah, GA"
412,Bryan County,GA,201610,1300.37,-0.0062,0.0015,"Savannah, GA"
412,Bryan County,GA,201611,1294.9,-0.0042,-0.01,"Savannah, GA"
412,Bryan County,GA,201612,1297.4,0.0019,-0.0029,"Savannah, GA"
412,Bryan County,GA,201701,1301.73,0.0033,-0.0044,"Savannah, GA"
412,Bryan County,GA,201702,1317.57,0.0122,0.0161,"Savannah, GA"
412,Bryan County,GA,201703,1323.5,0.0045,0.0155,"Savannah, GA"
412,Bryan County,GA,201704,1328.0,0.0034,0.0218,"Savannah, GA"
412,Bryan County,GA,201705,1329.76,0.0013,0.0167,"Savannah, GA"
412,Bryan County,GA,201706,1329.83,0.0001,0.0178,"Savannah, GA"
412,Bryan County,GA,201707,1333.71,0.0029,0.0171,"Savannah, GA"
412,Bryan County,GA,201708,1333.79,0.0001,0.0195,"Savannah, GA"
412,Bryan County,GA,201709,1336.59,0.0021,0.0215,"Savannah, GA"
412,Bryan County,GA,201710,1332.03,-0.0034,0.0243,"Savannah, GA"
412,Bryan County,GA,201711,1330.37,-0.0012,0.0274,"Savannah, GA"
412,Bryan County,GA,201712,1327.52,-0.0021,0.0232,"Savannah, GA"
412,Bryan County,GA,201801,1336.15,0.0065,0.0264,"Savannah, GA"
412,Bryan County,GA,201802,1342.55,0.0048,0.019,"Savannah, GA"
412,Bryan County,GA,201803,1353.32,0.008,0.0225,"Savannah, GA"
412,Bryan County,GA,201804,1358.79,0.004,0.0232,"Savannah, GA"
412,Bryan County,GA,201805,1364.25,0.004,0.0259,"Savannah, GA"
412,Bryan County,GA,201806,1365.07,0.0006,0.0265,"Savannah, GA"
412,Bryan County,GA,201807,1366.19,0.0008,0.0244,"Savannah, GA"
412,Bryan County,GA,201808,1367.04,0.0006,0.0249,"Savannah, GA"
412,Bryan County,GA,201809,1368.21,0.0009,0.0237,"Savannah, GA"
412,Bryan County,GA,201810,1365.71,-0.0018,0.0253,"Savannah, GA"
412,Bryan County,GA,201811,1369.61,0.0029,0.0295,"Savannah, GA"
412,Bryan County,GA,201812,1364.21,-0.0039,0.0276,"Savannah, GA"
412,Bryan County,GA,201901,1366.95,0.002,0.0231,"Savannah, GA"
412,Bryan County,GA,201902,1374.37,0.0054,0.0237,"Savannah, GA"
412,Bryan County,GA,201903,1385.18,0.0079,0.0235,"Savannah, GA"
412,Bryan County,GA,201904,1394.5,0.0067,0.0263,"Savannah, GA"
412,Bryan County,GA,201905,1395.94,0.001,0.0232,"Savannah, GA"
412,Bryan County,GA,201906,1408.45,0.009,0.0318,"Savannah, GA"
412,Bryan County,GA,201907,1405.88,-0.0018,0.0291,"Savannah, GA"
412,Bryan County,GA,201908,1417.02,0.0079,0.0366,"Savannah, GA"
412,Bryan County,GA,201909,1409.06,-0.0056,0.0299,"Savannah, GA"
412,Bryan County,GA,201910,1410.19,0.0008,0.0326,"Savannah, GA"
412,Bryan County,GA,201911,1404.2,-0.0042,0.0253,"Savannah, GA"
412,Bryan County,GA,201912,1407.33,0.0022,0.0316,"Savannah, GA"
412,Bryan County,GA,202001,1418.81,0.0082,0.0379,"Savannah, GA"
412,Bryan County,GA,202002,1417.84,-0.0007,0.0316,"Savannah, GA"
412,Bryan County,GA,202003,1427.09,0.0065,0.0303,"Savannah, GA"
412,Bryan County,GA,202004,1434.67,0.0053,0.0288,"Savannah, GA"
412,Bryan County,GA,202005,1436.8,0.0015,0.0293,"Savannah, GA"
412,Bryan County,GA,202006,1444.15,0.0051,0.0253,"Savannah, GA"
412,Bryan County,GA,202007,1450.78,0.0046,0.0319,"Savannah, GA"
412,Bryan County,GA,202008,1465.45,0.0101,0.0342,"Savannah, GA"
412,Bryan County,GA,202009,1464.32,-0.0008,0.0392,"Savannah, GA"
412,Bryan County,GA,202010,1468.53,0.0029,0.0414,"Savannah, GA"
412,Bryan County,GA,202011,1476.47,0.0054,0.0515,"Savannah, GA"
412,Bryan County,GA,202012,1472.81,-0.0025,0.0465,"Savannah, GA"
412,Bryan County,GA,202101,1479.89,0.0048,0.043,"Savannah, GA"
412,Bryan County,GA,202102,1494.43,0.0098,0.054,"Savannah, GA"
412,Bryan County,GA,202103,1513.99,0.0131,0.0609,"Savannah, GA"
412,Bryan County,GA,202104,1551.58,0.0248,0.0815,"Savannah, GA"
412,Bryan County,GA,202105,1566.42,0.0096,0.0902,"Savannah, GA"
412,Bryan County,GA,202106,1612.72,0.0296,0.1167,"Savannah, GA"
412,Bryan County,GA,202107,1620.9,0.0051,0.1173,"Savannah, GA"
412,Bryan County,GA,202108,1636.03,0.0093,0.1164,"Savannah, GA"
412,Bryan County,GA,202109,1657.0,0.0128,0.1316,"Savannah, GA"
412,Bryan County,GA,202110,1667.75,0.0065,0.1357,"Savannah, GA"
412,Bryan County,GA,202111,1687.14,0.0116,0.1427,"Savannah, GA"
412,Bryan County,GA,202112,1664.36,-0.0135,0.1301,"Savannah, GA"
412,Bryan County,GA,202201,1679.68,0.0092,0.135,"Savannah, GA"
412,Bryan County,GA,202202,1683.52,0.0023,0.1265,"Savannah, GA"
412,Bryan County,GA,202203,1743.65,0.0357,0.1517,"Savannah, GA"
412,Bryan County,GA,202204,1791.31,0.0273,0.1545,"Savannah, GA"
412,Bryan County,GA,202205,1840.58,0.0275,0.175,"Savannah, GA"
412,Bryan County,GA,202206,1868.89,0.0154,0.1588,"Savannah, GA"
412,Bryan County,GA,202207,1865.87,-0.0016,0.1511,"Savannah, GA"
412,Bryan County,GA,202208,1871.56,0.0031,0.144,"Savannah, GA"
412,Bryan County,GA,202209,1862.98,-0.0046,0.1243,"Savannah, GA"
412,Bryan County,GA,202210,1874.27,0.0061,0.1238,"Savannah, GA"
412,Bryan County,GA,202211,1908.19,0.0181,0.131,"Savannah, GA"
412,Bryan County,GA,202212,1926.24,0.0095,0.1573,"Savannah, GA"
412,Bryan County,GA,202301,1928.38,0.0011,0.1481,"Savannah, GA"
412,Bryan County,GA,202302,1925.89,-0.0013,0.144,"Savannah, GA"
412,Bryan County,GA,202303,1935.51,0.005,0.11,"Savannah, GA"
412,Bryan County,GA,202304,1969.2,0.0174,0.0993,"Savannah, GA"
412,Bryan County,GA,202305,1970.21,0.0005,0.0704,"Savannah, GA"
412,Bryan County,GA,202306,1977.78,0.0038,0.0583,"Savannah, GA"
412,Bryan County,GA,202307,1983.9,0.0031,0.0633,"Savannah, GA"
412,Bryan County,GA,202308,2015.2,0.0158,0.0767,"Savannah, GA"
412,Bryan County,GA,202309,2027.44,0.0061,0.0883,"Savannah, GA"
412,Bryan County,GA,202310,2033.66,0.0031,0.085,"Savannah, GA"
412,Bryan County,GA,202311,2050.73,0.0084,0.0747,"Savannah, GA"
412,Bryan County,GA,202312,2067.24,0.0081,0.0732,"Savannah, GA"
412,Bryan County,GA,202401,2082.18,0.0072,0.0798,"Savannah, GA"
412,Bryan County,GA,202402,2084.75,0.0012,0.0825,"Savannah, GA"
412,Bryan County,GA,202403,2099.01,0.0068,0.0845,"Savannah, GA"
412,Bryan County,GA,202404,2106.18,0.0034,0.0696,"Savannah, GA"
412,Bryan County,GA,202405,2106.24,0.0,0.069,"Savannah, GA"
412,Bryan County,GA,202406,2103.72,-0.0012,0.0637,"Savannah, GA"
412,Bryan County,GA,202407,2126.79,0.011,0.072,"Savannah, GA"
412,Bryan County,GA,202408,2142.57,0.0074,0.0632,"Savannah, GA"
412,Bryan County,GA,202409,2152.6,0.0047,0.0617,"Savannah, GA"
412,Bryan County,GA,202410,2143.62,-0.0042,0.0541,"Savannah, GA"
412,Bryan County,GA,202411,2142.9,-0.0003,0.0449,"Savannah, GA"
412,Bryan County,GA,202412,2137.76,-0.0024,0.0341,"Savannah, GA"
412,Bryan County,GA,202501,2122.94,-0.0069,0.0196,"Savannah, GA"
412,Bryan County,GA,202502,2112.29,-0.005,0.0132,"Savannah, GA"
412,Bryan County,GA,202503,2126.25,0.0066,0.013,"Savannah, GA"
412,Bryan County,GA,202504,2153.66,0.0129,0.0225,"Savannah, GA"
412,Bryan County,GA,202505,2160.22,0.003,0.0256,"Savannah, GA"
412,Bryan County,GA,202506,2166.3,0.0028,0.0297,"Savannah, GA"
412,Bryan County,GA,202507,2171.41,0.0024,0.021,"Savannah, GA"
412,Bryan County,GA,202508,2185.67,0.0066,0.0201,"Savannah, GA"
412,Bryan County,GA,202509,2179.63,-0.0028,0.0126,"Savannah, GA"
412,Bryan County,GA,202510,2175.01,-0.0021,0.0146,"Savannah, GA"
412,Bryan County,GA,202511,2160.47,-0.0067,0.0082,"Savannah, GA"
412,Bryan County,GA,202512,2161.61,0.0005,0.0112,"Savannah, GA"
412,Bryan County,GA,202601,2148.07,-0.0063,0.0118,"Savannah, GA"
412,Bryan County,GA,202602,2165.48,0.0081,0.0252,"Savannah, GA"
412,Bryan County,GA,202603,2177.12,0.0054,0.0239,"Savannah, GA"
412,Bryan County,GA,202604,2192.85,0.0072,0.0182,"Savannah, GA"
412,Bryan County,GA,202605,2195.44,0.0012,0.0163,"Savannah, GA"
412,Bryan County,GA,202606,2202.77,0.0033,0.0168,"Savannah, GA"
412,Bryan County,GA,202607,2212.65,0.0045,0.019,"Savannah, GA"
412,Bryan County,GA,202608,2220.73,0.0037,0.016,"Savannah, GA"
421,Butts County,GA,202607,1723.16,,,"Atlanta-Sandy Springs-Alpharetta, GA"
421,Butts County,GA,202608,1727.5,0.0025,,"Atlanta-Sandy Springs-Alpharetta, GA"
482,Dodge County,GA,202608,950.0,,,
512,Floyd County,GA,202206,1121.74,,,"Rome, GA"
512,Floyd County,GA,202207,1122.45,0.0006,,"Rome, GA"
512,Floyd County,GA,202208,1120.61,-0.0016,,"Rome, GA"
512,Floyd County,GA,202209,1096.15,-0.0218,,"Rome, GA"
512,Floyd County,GA,202210,1119.8,0.0216,,"Rome, GA"
512,Floyd County,GA,202211,1132.34,0.0112,,"Rome, GA"
512,Floyd County,GA,202212,1147.21,0.0131,,"Rome, GA"
512,Floyd County,GA,202301,1144.17,-0.0027,,"Rome, GA"
512,Floyd County,GA,202302,1142.4,-0.0015,,"Rome, GA"
512,Floyd County,GA,202303,1146.01,0.0032,,"Rome, GA"
512,Floyd County,GA,202304,1152.49,0.0056,,"Rome, GA"
512,Floyd County,GA,202305,1167.96,0.0134,,"Rome, GA"
512,Floyd County,GA,202306,1177.4,0.0081,0.0496,"Rome, GA"
512,Floyd County,GA,202307,1190.45,0.0111,0.0606,"Rome, GA"
512,Floyd County,GA,202308,1204.66,0.0119,0.075,"Rome, GA"
512,Floyd County,GA,202309,1205.21,0.0005,0.0995,"Rome, GA"
512,Floyd County,GA,202310,1190.34,-0.0123,0.063,"Rome, GA"
512,Floyd County,GA,202311,1186.74,-0.003,0.048,"Rome, GA"
512,Floyd County,GA,202312,1189.35,0.0022,0.0367,"Rome, GA"
512,Floyd County,GA,202401,1197.44,0.0068,0.0466,"Rome, GA"
512,Floyd County,GA,202402,1200.06,0.0022,0.0505,"Rome, GA"
512,Floyd County,GA,202403,1196.63,-0.0029,0.0442,"Rome, GA"
512,Floyd County,GA,202404,1209.99,0.0112,0.0499,"Rome, GA"
512,Floyd County,GA,202405,1213.92,0.0033,0.0394,"Rome, GA"
512,Floyd County,GA,202406,1217.03,0.0026,0.0337,"Rome, GA"
512,Floyd County,GA,202407,1224.78,0.0064,0.0288,"Rome, GA"
512,Floyd County,GA,202408,1230.39,0.0046,0.0214,"Rome, GA"
512,Floyd County,GA,202409,1237.41,0.0057,0.0267,"Rome, GA"
512,Floyd County,GA,202410,1238.59,0.001,0.0405,"Rome, GA"
512,Floyd County,GA,202411,1246.19,0.0061,0.0501,"Rome, GA"
512,Floyd County,GA,202412,1251.6,0.0043,0.0523,"Rome, GA"
512,Floyd County,GA,202501,1250.68,-0.0007,0.0445,"Rome, GA"
512,Floyd County,GA,202502,1240.46,-0.0082,0.0337,"Rome, GA"
512,Floyd County,GA,202503,1232.87,-0.0061,0.0303,"Rome, GA"
512,Floyd County,GA,202504,1245.05,0.0099,0.029,"Rome, GA"
512,Floyd County,GA,202505,1258.61,0.0109,0.0368,"Rome, GA"
512,Floyd County,GA,202506,1288.7,0.0239,0.0589,"Rome, GA"
512,Floyd County,GA,202507,1288.28,-0.0003,0.0518,"Rome, GA"
512,Floyd County,GA,202508,1311.84,0.0183,0.0662,"Rome, GA"
512,Floyd County,GA,202509,1303.11,-0.0067,0.0531,"Rome, GA"
512,Floyd County,GA,202510,1299.61,-0.0027,0.0493,"Rome, GA"
512,Floyd County,GA,202511,1272.37,-0.021,0.021,"Rome, GA"
512,Floyd County,GA,202512,1265.82,-0.0051,0.0114,"Rome, GA"
512,Floyd County,GA,202601,1262.2,-0.0029,0.0092,"Rome, GA"
512,Floyd County,GA,202602,1261.72,-0.0004,0.0171,"Rome, GA"
512,Floyd County,GA,202603,1275.27,0.0107,0.0344,"Rome, GA"
512,Floyd County,GA,202604,1292.18,0.0133,0.0379,"Rome, GA"
512,Floyd County,GA,202605,1301.57,0.0073,0.0341,"Rome, GA"
512,Floyd County,GA,202606,1285.87,-0.0121,-0.0022,"Rome, GA"
512,Floyd County,GA,202607,1289.74,0.003,0.0011,"Rome, GA"
512,Floyd County,GA,202608,1294.41,0.0036,-0.0133,"Rome, GA"
525,Glynn County,GA,202112,1388.1,,,"Brunswick, GA"
525,Glynn County,GA,202201,1352.27,-0.0258,,"Brunswick, GA"
525,Glynn County,GA,202202,1342.63,-0.0071,,"Brunswick, GA"
525,Glynn County,GA,202203,1376.16,0.025,,"Brunswick, GA"
525,Glynn County,GA,202204,1402.72,0.0193,,"Brunswick, GA"
525,Glynn County,GA,202205,1436.64,0.0242,,"Brunswick, GA"
525,Glynn County,GA,202206,1458.87,0.0155,,"Brunswick, GA"
525,Glynn County,GA,202207,1505.41,0.0319,,"Brunswick, GA"
525,Glynn County,GA,202208,1514.16,0.0058,,"Brunswick, GA"
525,Glynn County,GA,202209,1507.18,-0.0046,,"Brunswick, GA"
525,Glynn County,GA,202210,1495.8,-0.0075,,"Brunswick, GA"
525,Glynn County,GA,202211,1499.95,0.0028,,"Brunswick, GA"
525,Glynn County,GA,202212,1503.66,0.0025,0.0832,"Brunswick, GA"
525,Glynn County,GA,202301,1480.57,-0.0154,0.0949,"Brunswick, GA"
525,Glynn County,GA,202302,1490.11,0.0064,0.1098,"Brunswick, GA"
525,Glynn County,GA,202303,1513.43,0.0157,0.0998,"Brunswick, GA"
525,Glynn County,GA,202304,1532.51,0.0126,0.0925,"Brunswick, GA"
525,Glynn County,GA,202305,1518.57,-0.0091,0.057,"Brunswick, GA"
525,Glynn County,GA,202306,1518.24,-0.0002,0.0407,"Brunswick, GA"
525,Glynn County,GA,202307,1536.59,0.0121,0.0207,"Brunswick, GA"
525,Glynn County,GA,202308,1551.65,0.0098,0.0248,"Brunswick, GA"
525,Glynn County,GA,202309,1549.31,-0.0015,0.028,"Brunswick, GA"
525,Glynn County,GA,202310,1529.84,-0.0126,0.0228,"Brunswick, GA"
525,Glynn County,GA,202311,1533.6,0.0025,0.0224,"Brunswick, GA"
525,Glynn County,GA,202312,1533.89,0.0002,0.0201,"Brunswick, GA"
525,Glynn County,GA,202401,1541.55,0.005,0.0412,"Brunswick, GA"
525,Glynn County,GA,202402,1545.36,0.0025,0.0371,"Brunswick, GA"
525,Glynn County,GA,202403,1557.85,0.0081,0.0293,"Brunswick, GA"
525,Glynn County,GA,202404,1563.03,0.0033,0.0199,"Brunswick, GA"
525,Glynn County,GA,202405,1570.19,0.0046,0.034,"Brunswick, GA"
525,Glynn County,GA,202406,1562.71,-0.0048,0.0293,"Brunswick, GA"
525,Glynn County,GA,202407,1554.51,-0.0052,0.0117,"Brunswick, GA"
525,Glynn County,GA,202408,1554.58,0.0,0.0019,"Brunswick, GA"
525,Glynn County,GA,202409,1553.82,-0.0005,0.0029,"Brunswick, GA"
525,Glynn County,GA,202410,1563.44,0.0062,0.022,"Brunswick, GA"
525,Glynn County,GA,202411,1546.92,-0.0106,0.0087,"Brunswick, GA"
525,Glynn County,GA,202412,1535.25,-0.0075,0.0009,"Brunswick, GA"
525,Glynn County,GA,202501,1550.36,0.0098,0.0057,"Brunswick, GA"
525,Glynn County,GA,202502,1582.71,0.0209,0.0242,"Brunswick, GA"
525,Glynn County,GA,202503,1604.09,0.0135,0.0297,"Brunswick, GA"
525,Glynn County,GA,202504,1609.58,0.0034,0.0298,"Brunswick, GA"
525,Glynn County,GA,202505,1605.37,-0.0026,0.0224,"Brunswick, GA"
525,Glynn County,GA,202506,1604.44,-0.0006,0.0267,"Brunswick, GA"
525,Glynn County,GA,202507,1598.58,-0.0036,0.0284,"Brunswick, GA"
525,Glynn County,GA,202508,1601.13,0.0016,0.0299,"Brunswick, GA"
525,Glynn County,GA,202509,1593.11,-0.005,0.0253,"Brunswick, GA"
525,Glynn County,GA,202510,1586.57,-0.0041,0.0148,"Brunswick, GA"
525,Glynn County,GA,202511,1581.8,-0.003,0.0226,"Brunswick, GA"
525,Glynn County,GA,202512,1597.42,0.0099,0.0405,"Brunswick, GA"
525,Glynn County,GA,202601,1604.39,0.0044,0.0348,"Brunswick, GA"
525,Glynn County,GA,202602,1617.94,0.0084,0.0223,"Brunswick, GA"
525,Glynn County,GA,202603,1613.03,-0.003,0.0056,"Brunswick, GA"
525,Glynn County,GA,202604,1613.65,0.0004,0.0025,"Brunswick, GA"
525,Glynn County,GA,202605,1610.2,-0.0021,0.003,"Brunswick, GA"
525,Glynn County,GA,202606,1618.94,0.0054,0.009,"Brunswick, GA"
525,Glynn County,GA,202607,1618.06,-0.0005,0.0122,"Brunswick, GA"
525,Glynn County,GA,202608,1615.58,-0.0015,0.009,"Brunswick, GA"
553,Henry County,GA,201501,946.56,,,"Atlanta-Sandy Springs-Alpharetta, GA"
553,Henry County,GA,201502,951.38,0.0051,,"Atlanta-Sandy Springs-Alpharetta, GA"
553,Henry County,GA,201503,956.1,0.005,,"Atlanta-Sandy Springs-Alpharetta, GA"
553,Henry County,GA,201504,960.43,0.0045,,"Atlanta-Sandy Springs-Alpharetta, GA"
553,Henry County,GA,201505,965.12,0.0049,,"Atlanta-Sandy Springs-Alpharetta, GA"
553,Henry County,GA,201506,970.02,0.0051,,"Atlanta-Sandy Springs-Alpharetta, GA"
553,Henry County,GA,201507,978.96,0.0092,,"Atlanta-Sandy Springs-Alpharetta, GA"
553,Henry County,GA,201508,984.19,0.0053,,"Atlanta-Sandy Springs-Alpharetta, GA"
553,Henry County,GA,201509,986.27,0.0021,,"Atlanta-Sandy Springs-Alpharetta, GA"
553,Henry County,GA,201510,986.99,0.0007,,"Atlanta-Sandy Springs-Alpharetta, GA"
553,Henry County,GA,201511,984.18,-0.0028,,"Atlanta-Sandy Springs-Alpharetta, GA"
553,Henry County,GA,201512,987.69,0.0036,,"Atlanta-Sandy Springs-Alpharetta, GA"
553,Henry County,GA,201601,992.57,0.0049,0.0486,"Atlanta-Sandy Springs-Alpharetta, GA"
553,Henry County,GA,201602,1001.7,0.0092,0.0529,"Atlanta-Sandy Springs-Alpharetta, GA"
553,Henry County,GA,201603,1001.24,-0.0005,0.0472,"Atlanta-Sandy Springs-Alpharetta, GA"
553,Henry County,GA,201604,1008.49,0.0072,0.05,"Atlanta-Sandy Springs-Alpharetta, GA"
553,Henry County,GA,201605,1012.99,0.0045,0.0496,"Atlanta-Sandy Springs-Alpharetta, GA"
553,Henry County,GA,201606,1022.22,0.0091,0.0538,"Atlanta-Sandy Springs-Alpharetta, GA"
553,Henry County,GA,201607,1028.6,0.0062,0.0507,"Atlanta-Sandy Springs-Alpharetta, GA"
553,Henry County,GA,201608,1028.83,0.0002,0.0454,"Atlanta-Sandy Springs-Alpharetta, GA"
553,Henry County,GA,201609,1030.88,0.002,0.0452,"Atlanta-Sandy Springs-Alpharetta, GA"
553,Henry County,GA,201610,1027.5,-0.0033,0.041,"Atlanta-Sandy Springs-Alpharetta, GA"
553,Henry County,GA,201611,1029.13,0.0016,0.0457,"Atlanta-Sandy Springs-Alpharetta, GA"
553,Henry County,GA,201612,1028.08,-0.001,0.0409,"Atlanta-Sandy Springs-Alpharetta, GA"
553,Henry County,GA,201701,1026.99,-0.0011,0.0347,"Atlanta-Sandy Springs-Alpharetta, GA"
553,Henry County,GA,201702,1033.28,0.0061,0.0315,"Atlanta-Sandy Springs-Alpharetta, GA"
553,Henry County,GA,201703,1045.59,0.0119,0.0443,"Atlanta-Sandy Springs-Alpharetta, GA"
553,Henry County,GA,201704,1057.25,0.0112,0.0484,"Atlanta-Sandy Springs-Alpharetta, GA"
553,Henry County,GA,201705,1062.66,0.0051,0.049,"Atlanta-Sandy Springs-Alpharetta, GA"
553,Henry County,GA,201706,1064.07,0.0013,0.0409,"Atlanta-Sandy Springs-Alpharetta, GA"
553,Henry County,GA,201707,1073.55,0.0089,0.0437,"Atlanta-Sandy Springs-Alpharetta, GA"
553,Henry County,GA,201708,1079.6,0.0056,0.0494,"Atlanta-Sandy Springs-Alpharetta, GA"
553,Henry County,GA,201709,1086.76,0.0066,0.0542,"Atlanta-Sandy Springs-Alpharetta, GA"
553,Henry County,GA,201710,1083.33,-0.0032,0.0543,"Atlanta-Sandy Springs-Alpharetta, GA"
553,Henry County,GA,201711,1086.82,0.0032,0.0561,"Atlanta-Sandy Springs-Alpharetta, GA"
553,Henry County,GA,201712,1090.59,0.0035,0.0608,"Atlanta-Sandy Springs-Alpharetta, GA"
553,Henry County,GA,201801,1092.26,0.0015,0.0636,"Atlanta-Sandy Springs-Alpharetta, GA"
553,Henry County,GA,201802,1098.97,0.0061,0.0636,"Atlanta-Sandy Springs-Alpharetta, GA"
553,Henry County,GA,201803,1102.56,0.0033,0.0545,"Atlanta-Sandy Springs-Alpharetta, GA"
553,Henry County,GA,201804,1114.37,0.0107,0.054,"Atlanta-Sandy Springs-Alpharetta, GA"
553,Henry County,GA,201805,1124.96,0.0095,0.0586,"Atlanta-Sandy Springs-Alpharetta, GA"
553,Henry County,GA,201806,1138.4,0.012,0.0699,"Atlanta-Sandy Springs-Alpharetta, GA"
553,Henry County,GA,201807,1150.15,0.0103,0.0714,"Atlanta-Sandy Springs-Alpharetta, GA"
553,Henry County,GA,201808,1150.86,0.0006,0.066,"Atlanta-Sandy Springs-Alpharetta, GA"
553,Henry County,GA,201809,1151.79,0.0008,0.0598,"Atlanta-Sandy Springs-Alpharetta, GA"
553,Henry County,GA,201810,1147.37,-0.0038,0.0591,"Atlanta-Sandy Springs-Alpharetta, GA"
553,Henry County,GA,201811,1150.5,0.0027,0.0586,"Atlanta-Sandy Springs-Alpharetta, GA"
553,Henry County,GA,201812,1148.76,-0.0015,0.0533,"Atlanta-Sandy Springs-Alpharetta, GA"
553,Henry County,GA,201901,1157.93,0.008,0.0601,"Atlanta-Sandy Springs-Alpharetta, GA"
553,Henry County,GA,201902,1165.78,0.0068,0.0608,"Atlanta-Sandy Springs-Alpharetta, GA"
553,Henry County,GA,201903,1181.15,0.0132,0.0713,"Atlanta-Sandy Springs-Alpharetta, GA"
553,Henry County,GA,201904,1196.19,0.0127,0.0734,"Atlanta-Sandy Springs-Alpharetta, GA"
553,Henry County,GA,201905,1203.38,0.006,0.0697,"Atlanta-Sandy Springs-Alpharetta, GA"
553,Henry County,GA,201906,1211.03,0.0064,0.0638,"Atlanta-Sandy Springs-Alpharetta, GA"
553,Henry County,GA,201907,1211.3,0.0002,0.0532,"Atlanta-Sandy Springs-Alpharetta, GA"
553,Henry County,GA,201908,1216.1,0.004,0.0567,"Atlanta-Sandy Springs-Alpharetta, GA"
553,Henry County,GA,201909,1215.73,-0.0003,0.0555,"Atlanta-Sandy Springs-Alpharetta, GA"
553,Henry County,GA,201910,1225.15,0.0077,0.0678,"Atlanta-Sandy Springs-Alpharetta, GA"
553,Henry County,GA,201911,1228.72,0.0029,0.068,"Atlanta-Sandy Springs-Alpharetta, GA"
553,Henry County,GA,201912,1229.81,0.0009,0.0706,"Atlanta-Sandy Springs-Alpharetta, GA"
553,Henry County,GA,202001,1226.69,-0.0025,0.0594,"Atlanta-Sandy Springs-Alpharetta, GA"
553,Henry County,GA,202002,1233.97,0.0059,0.0585,"Atlanta-Sandy Springs-Alpharetta, GA"
553,Henry County,GA,202003,1249.17,0.0123,0.0576,"Atlanta-Sandy Springs-Alpharetta, GA"
553,Henry County,GA,202004,1257.25,0.0065,0.051,"Atlanta-Sandy Springs-Alpharetta, GA"
553,Henry County,GA,202005,1269.22,0.0095,0.0547,"Atlanta-Sandy Springs-Alpharetta, GA"
553,Henry County,GA,202006,1283.78,0.0115,0.0601,"Atlanta-Sandy Springs-Alpharetta, GA"
553,Henry County,GA,202007,1308.62,0.0193,0.0803,"Atlanta-Sandy Springs-Alpharetta, GA"
553,Henry County,GA,202008,1337.65,0.0222,0.0999,"Atlanta-Sandy Springs-Alpharetta, GA"
553,Henry County,GA,202009,1354.74,0.0128,0.1143,"Atlanta-Sandy Springs-Alpharetta, GA"
553,Henry County,GA,202010,1366.74,0.0089,0.1156,"Atlanta-Sandy Springs-Alpharetta, GA"
553,Henry County,GA,202011,1367.86,0.0008,0.1132,"Atlanta-Sandy Springs-Alpharetta, GA"
553,Henry County,GA,202012,1400.79,0.0241,0.139,"Atlanta-Sandy Springs-Alpharetta, GA"
553,Henry County,GA,202101,1430.78,0.0214,0.1664,"Atlanta-Sandy Springs-Alpharetta, GA"
553,Henry County,GA,202102,1461.07,0.0212,0.184,"Atlanta-Sandy Springs-Alpharetta, GA"
553,Henry County,GA,202103,1459.81,-0.0009,0.1686,"Atlanta-Sandy Springs-Alpharetta, GA"
553,Henry County,GA,202104,1467.85,0.0055,0.1675,"Atlanta-Sandy Springs-Alpharetta, GA"
553,Henry County,GA,202105,1492.89,0.0171,0.1762,"Atlanta-Sandy Springs-Alpharetta, GA"
553,Henry County,GA,202106,1525.05,0.0215,0.1879,"Atlanta-Sandy Springs-Alpharetta, GA"
553,Henry County,GA,202107,1559.37,0.0225,0.1916,"Atlanta-Sandy Springs-Alpharetta, GA"
553,Henry County,GA,202108,1578.83,0.0125,0.1803,"Atlanta-Sandy Springs-Alpharetta, GA"
553,Henry County,GA,202109,1599.39,0.013,0.1806,"Atlanta-Sandy Springs-Alpharetta, GA"
553,Henry County,GA,202110,1608.43,0.0057,0.1768,"Atlanta-Sandy Springs-Alpharetta, GA"
553,Henry County,GA,202111,1614.13,0.0035,0.18,"Atlanta-Sandy Springs-Alpharetta, GA"
553,Henry County,GA,202112,1604.86,-0.0057,0.1457,"Atlanta-Sandy Springs-Alpharetta, GA"
553,Henry County,GA,202201,1605.13,0.0002,0.1219,"Atlanta-Sandy Springs-Alpharetta, GA"
553,Henry County,GA,202202,1618.17,0.0081,0.1075,"Atlanta-Sandy Springs-Alpharetta, GA"
553,Henry County,GA,202203,1641.06,0.0141,0.1242,"Atlanta-Sandy Springs-Alpharetta, GA"
553,Henry County,GA,202204,1656.45,0.0094,0.1285,"Atlanta-Sandy Springs-Alpharetta, GA"
553,Henry County,GA,202205,1659.41,0.0018,0.1115,"Atlanta-Sandy Springs-Alpharetta, GA"
553,Henry County,GA,202206,1673.71,0.0086,0.0975,"Atlanta-Sandy Springs-Alpharetta, GA"
553,Henry County,GA,202207,1702.36,0.0171,0.0917,"Atlanta-Sandy Springs-Alpharetta, GA"
553,Henry County,GA,202208,1723.65,0.0125,0.0917,"Atlanta-Sandy Springs-Alpharetta, GA"
553,Henry County,GA,202209,1731.86,0.0048,0.0828,"Atlanta-Sandy Springs-Alpharetta, GA"
553,Henry County,GA,202210,1726.16,-0.0033,0.0732,"Atlanta-Sandy Springs-Alpharetta, GA"
553,Henry County,GA,202211,1727.43,0.0007,0.0702,"Atlanta-Sandy Springs-Alpharetta, GA"
553,Henry County,GA,202212,1733.68,0.0036,0.0803,"Atlanta-Sandy Springs-Alpharetta, GA"
553,Henry County,GA,202301,1733.37,-0.0002,0.0799,"Atlanta-Sandy Springs-Alpharetta, GA"
553,Henry County,GA,202302,1743.28,0.0057,0.0773,"Atlanta-Sandy Springs-Alpharetta, GA"
553,Henry County,GA,202303,1738.99,-0.0025,0.0597,"Atlanta-Sandy Springs-Alpharetta, GA"
553,Henry County,GA,202304,1751.04,0.0069,0.0571,"Atlanta-Sandy Springs-Alpharetta, GA"
553,Henry County,GA,202305,1749.68,-0.0008,0.0544,"Atlanta-Sandy Springs-Alpharetta, GA"
553,Henry County,GA,202306,1754.86,0.003,0.0485,"Atlanta-Sandy Springs-Alpharetta, GA"
553,Henry County,GA,202307,1742.8,-0.0069,0.0238,"Atlanta-Sandy Springs-Alpharetta, GA"
553,Henry County,GA,202308,1736.05,-0.0039,0.0072,"Atlanta-Sandy Springs-Alpharetta, GA"
553,Henry County,GA,202309,1728.96,-0.0041,-0.0017,"Atlanta-Sandy Springs-Alpharetta, GA"
553,Henry County,GA,202310,1714.21,-0.0085,-0.0069,"Atlanta-Sandy Springs-Alpharetta, GA"
553,Henry County,GA,202311,1702.13,-0.007,-0.0146,"Atlanta-Sandy Springs-Alpharetta, GA"
553,Henry County,GA,202312,1702.71,0.0003,-0.0179,"Atlanta-Sandy Springs-Alpharetta, GA"
553,Henry County,GA,202401,1717.67,0.0088,-0.0091,"Atlanta-Sandy Springs-Alpharetta, GA"
553,Henry County,GA,202402,1734.5,0.0098,-0.005,"Atlanta-Sandy Springs-Alpharetta, GA"
553,Henry County,GA,202403,1739.78,0.003,0.0005,"Atlanta-Sandy Springs-Alpharetta, GA"
553,Henry County,GA,202404,1748.85,0.0052,-0.0013,"Atlanta-Sandy Springs-Alpharetta, GA"
553,Henry County,GA,202405,1751.55,0.0015,0.0011,"Atlanta-Sandy Springs-Alpharetta, GA"
553,Henry County,GA,202406,1760.7,0.0052,0.0033,"Atlanta-Sandy Springs-Alpharetta, GA"
553,Henry County,GA,202407,1759.57,-0.0006,0.0096,"Atlanta-Sandy Springs-Alpharetta, GA"
553,Henry County,GA,202408,1754.18,-0.0031,0.0104,"Atlanta-Sandy Springs-Alpharetta, GA"
553,Henry County,GA,202409,1748.3,-0.0034,0.0112,"Atlanta-Sandy Springs-Alpharetta, GA"
553,Henry County,GA,202410,1743.52,-0.0027,0.0171,"Atlanta-Sandy Springs-Alpharetta, GA"
553,Henry County,GA,202411,1746.27,0.0016,0.0259,"Atlanta-Sandy Springs-Alpharetta, GA"
553,Henry County,GA,202412,1744.24,-0.0012,0.0244,"Atlanta-Sandy Springs-Alpharetta, GA"
553,Henry County,GA,202501,1755.8,0.0066,0.0222,"Atlanta-Sandy Springs-Alpharetta, GA"
553,Henry County,GA,202502,1767.06,0.0064,0.0188,"Atlanta-Sandy Springs-Alpharetta, GA"
553,Henry County,GA,202503,1781.19,0.008,0.0238,"Atlanta-Sandy Springs-Alpharetta, GA"
553,Henry County,GA,202504,1788.05,0.0039,0.0224,"Atlanta-Sandy Springs-Alpharetta, GA"
553,Henry County,GA,202505,1798.43,0.0058,0.0268,"Atlanta-Sandy Springs-Alpharetta, GA"
553,Henry County,GA,202506,1807.58,0.0051,0.0266,"Atlanta-Sandy Springs-Alpharetta, GA"
553,Henry County,GA,202507,1823.3,0.0087,0.0362,"Atlanta-Sandy Springs-Alpharetta, GA"
553,Henry County,GA,202508,1818.82,-0.0025,0.0369,"Atlanta-Sandy Springs-Alpharetta, GA"
553,Henry County,GA,202509,1807.88,-0.006,0.0341,"Atlanta-Sandy Springs-Alpharetta, GA"
553,Henry County,GA,202510,1796.64,-0.0062,0.0305,"Atlanta-Sandy Springs-Alpharetta, GA"
553,Henry County,GA,202511,1796.7,0.0,0.0289,"Atlanta-Sandy Springs-Alpharetta, GA"
553,Henry County,GA,202512,1799.34,0.0015,0.0316,"Atlanta-Sandy Springs-Alpharetta, GA"
553,Henry County,GA,202601,1792.7,-0.0037,0.021,"Atlanta-Sandy Springs-Alpharetta, GA"
553,Henry County,GA,202602,1791.61,-0.0006,0.0139,"Atlanta-Sandy Springs-Alpharetta, GA"
553,Henry County,GA,202603,1795.97,0.0024,0.0083,"Atlanta-Sandy Springs-Alpharetta, GA"
553,Henry County,GA,202604,1805.54,0.0053,0.0098,"Atlanta-Sandy Springs-Alpharetta, GA"
553,Henry County,GA,202605,1818.45,0.0072,0.0111,"Atlanta-Sandy Springs-Alpharetta, GA"
553,Henry County,GA,202606,1825.94,0.0041,0.0102,"Atlanta-Sandy Springs-Alpharetta, GA"
553,Henry County,GA,202607,1828.06,0.0012,0.0026,"Atlanta-Sandy Springs-Alpharetta, GA"
553,Henry County,GA,202608,1832.11,0.0022,0.0073,"Atlanta-Sandy Springs-Alpharetta, GA"
572,Jones County,GA,202604,1459.65,,,"Macon-Bibb County, GA"
572,Jones County,GA,202605,1456.52,-0.0022,,"Macon-Bibb County, GA"
572,Jones County,GA,202607,1461.39,0.0033,,"Macon-Bibb County, GA"
572,Jones County,GA,202608,1416.33,-0.0308,,"Macon-Bibb County, GA"
671,Peach County,GA,202605,1354.41,,,"Warner Robins, GA"
671,Peach County,GA,202606,1398.37,0.0325,,"Warner Robins, GA"
671,Peach County,GA,202607,1424.3,0.0185,,"Warner Robins, GA"
671,Peach County,GA,202608,1408.04,-0.0114,,"Warner Robins, GA"
692,Rabun County,GA,202605,2006.24,,,
692,Rabun County,GA,202606,2192.03,0.0926,,
692,Rabun County,GA,202607,2159.39,-0.0149,,
692,Rabun County,GA,202608,2244.44,0.0394,,
756,Troup County,GA,202111,936.95,,,"LaGrange, GA-AL"
756,Troup County,GA,202112,950.62,0.0146,,"LaGrange, GA-AL"
756,Troup County,GA,202201,990.65,0.0421,,"LaGrange, GA-AL"
756,Troup County,GA,202202,1014.34,0.0239,,"LaGrange, GA-AL"
756,Troup County,GA,202203,1044.56,0.0298,,"LaGrange, GA-AL"
756,Troup County,GA,202204,1034.23,-0.0099,,"LaGrange, GA-AL"
756,Troup County,GA,202205,1060.26,0.0252,,"LaGrange, GA-AL"
756,Troup County,GA,202206,1063.81,0.0033,,"LaGrange, GA-AL"
756,Troup County,GA,202207,1098.41,0.0325,,"LaGrange, GA-AL"
756,Troup County,GA,202208,1093.23,-0.0047,,"LaGrange, GA-AL"
756,Troup County,GA,202209,1096.89,0.0033,,"LaGrange, GA-AL"
756,Troup County,GA,202210,1091.18,-0.0052,,"LaGrange, GA-AL"
756,Troup County,GA,202211,1087.55,-0.0033,0.1607,"LaGrange, GA-AL"
756,Troup County,GA,202212,1060.18,-0.0252,0.1152,"LaGrange, GA-AL"
756,Troup County,GA,202301,1082.24,0.0208,0.0925,"LaGrange, GA-AL"
756,Troup County,GA,202302,1102.21,0.0185,0.0866,"LaGrange, GA-AL"
756,Troup County,GA,202303,1156.88,0.0496,0.1075,"LaGrange, GA-AL"
756,Troup County,GA,202304,1176.82,0.0172,0.1379,"LaGrange, GA-AL"
756,Troup County,GA,202305,1186.81,0.0085,0.1194,"LaGrange, GA-AL"
756,Troup County,GA,202306,1178.48,-0.007,0.1078,"LaGrange, GA-AL"
756,Troup County,GA,202307,1165.08,-0.0114,0.0607,"LaGrange, GA-AL"
756,Troup County,GA,202308,1165.48,0.0003,0.0661,"LaGrange, GA-AL"
756,Troup County,GA,202309,1157.94,-0.0065,0.0557,"LaGrange, GA-AL"
756,Troup County,GA,202310,1173.47,0.0134,0.0754,"LaGrange, GA-AL"
756,Troup County,GA,202311,1177.67,0.0036,0.0829,"LaGrange, GA-AL"
756,Troup County,GA,202312,1201.31,0.0201,0.1331,"LaGrange, GA-AL"
756,Troup County,GA,202401,1211.04,0.0081,0.119,"LaGrange, GA-AL"
756,Troup County,GA,202402,1216.38,0.0044,0.1036,"LaGrange, GA-AL"
756,Troup County,GA,202403,1246.88,0.0251,0.0778,"LaGrange, GA-AL"
756,Troup County,GA,202404,1267.63,0.0166,0.0772,"LaGrange, GA-AL"
756,Troup County,GA,202405,1274.1,0.0051,0.0735,"LaGrange, GA-AL"
756,Troup County,GA,202406,1252.94,-0.0166,0.0632,"LaGrange, GA-AL"
756,Troup County,GA,202407,1236.74,-0.0129,0.0615,"LaGrange, GA-AL"
756,Troup County,GA,202408,1234.1,-0.0021,0.0589,"LaGrange, GA-AL"
756,Troup County,GA,202409,1220.81,-0.0108,0.0543,"LaGrange, GA-AL"
756,Troup County,GA,202410,1211.84,-0.0073,0.0327,"LaGrange, GA-AL"
756,Troup County,GA,202411,1205.67,-0.0051,0.0238,"LaGrange, GA-AL"
756,Troup County,GA,202412,1234.88,0.0242,0.0279,"LaGrange, GA-AL"
756,Troup County,GA,202501,1235.89,0.0008,0.0205,"LaGrange, GA-AL"
756,Troup County,GA,202502,1277.31,0.0335,0.0501,"LaGrange, GA-AL"
756,Troup County,GA,202503,1280.08,0.0022,0.0266,"LaGrange, GA-AL"
756,Troup County,GA,202504,1307.46,0.0214,0.0314,"LaGrange, GA-AL"
756,Troup County,GA,202505,1279.93,-0.0211,0.0046,"LaGrange, GA-AL"
756,Troup County,GA,202506,1263.41,-0.0129,0.0084,"LaGrange, GA-AL"
756,Troup County,GA,202507,1247.96,-0.0122,0.0091,"LaGrange, GA-AL"
756,Troup County,GA,202508,1239.32,-0.0069,0.0042,"LaGrange, GA-AL"
756,Troup County,GA,202509,1230.42,-0.0072,0.0079,"LaGrange, GA-AL"
756,Troup County,GA,202510,1212.48,-0.0146,0.0005,"LaGrange, GA-AL"
756,Troup County,GA,202511,1229.21,0.0138,0.0195,"LaGrange, GA-AL"
756,Troup County,GA,202512,1231.55,0.0019,-0.0027,"LaGrange, GA-AL"
756,Troup County,GA,202601,1260.63,0.0236,0.02,"LaGrange, GA-AL"
756,Troup County,GA,202602,1256.35,-0.0034,-0.0164,"LaGrange, GA-AL"
756,Troup County,GA,202603,1288.81,0.0258,0.0068,"LaGrange, GA-AL"
756,Troup County,GA,202604,1299.83,0.0086,-0.0058,"LaGrange, GA-AL"
756,Troup County,GA,202605,1311.49,0.009,0.0247,"LaGrange, GA-AL"
756,Troup County,GA,202606,1310.24,-0.001,0.0371,"LaGrange, GA-AL"
756,Troup County,GA,202607,1323.11,0.0098,0.0602,"LaGrange, GA-AL"
756,Troup County,GA,202608,1341.37,0.0138,0.0823,"LaGrange, GA-AL"
786,Wayne County,GA,202608,1225.0,,,"Jesup, GA"
806,White County,GA,202605,1646.1,,,
806,White County,GA,202606,1749.2,0.0626,,
806,White County,GA,202607,1767.41,0.0104,,
806,White County,GA,202608,1778.89,0.0065,,
852,Barrow County,GA,201501,1037.73,,,"Atlanta-Sandy Springs-Alpharetta, GA"
852,Barrow County,GA,201502,1047.75,0.0097,,"Atlanta-Sandy Springs-Alpharetta, GA"
852,Barrow County,GA,201503,1050.28,0.0024,,"Atlanta-Sandy Springs-Alpharetta, GA"
852,Barrow County,GA,201504,1052.14,0.0018,,"Atlanta-Sandy Springs-Alpharetta, GA"
852,Barrow County,GA,201505,1050.45,-0.0016,,"Atlanta-Sandy Springs-Alpharetta, GA"
852,Barrow County,GA,201506,1058.95,0.0081,,"Atlanta-Sandy Springs-Alpharetta, GA"
852,Barrow County,GA,201507,1063.09,0.0039,,"Atlanta-Sandy Springs-Alpharetta, GA"
852,Barrow County,GA,201508,1068.01,0.0046,,"Atlanta-Sandy Springs-Alpharetta, GA"
852,Barrow County,GA,201509,1076.06,0.0075,,"Atlanta-Sandy Springs-Alpharetta, GA"
852,Barrow County,GA,201510,1086.64,0.0098,,"Atlanta-Sandy Springs-Alpharetta, GA"
852,Barrow County,GA,201511,1092.92,0.0058,,"Atlanta-Sandy Springs-Alpharetta, GA"
852,Barrow County,GA,201512,1096.03,0.0028,,"Atlanta-Sandy Springs-Alpharetta, GA"
852,Barrow County,GA,201601,1090.57,-0.005,0.0509,"Atlanta-Sandy Springs-Alpharetta, GA"
852,Barrow County,GA,201602,1096.03,0.005,0.0461,"Atlanta-Sandy Springs-Alpharetta, GA"
852,Barrow County,GA,201603,1088.35,-0.007,0.0362,"Atlanta-Sandy Springs-Alpharetta, GA"
852,Barrow County,GA,201604,1093.33,0.0046,0.0391,"Atlanta-Sandy Springs-Alpharetta, GA"
852,Barrow County,GA,201605,1093.63,0.0003,0.0411,"Atlanta-Sandy Springs-Alpharetta, GA"
852,Barrow County,GA,201606,1100.19,0.006,0.0389,"Atlanta-Sandy Springs-Alpharetta, GA"
852,Barrow County,GA,201607,1113.49,0.0121,0.0474,"Atlanta-Sandy Springs-Alpharetta, GA"
852,Barrow County,GA,201608,1122.97,0.0085,0.0515,"Atlanta-Sandy Springs-Alpharetta, GA"
852,Barrow County,GA,201609,1123.51,0.0005,0.0441,"Atlanta-Sandy Springs-Alpharetta, GA"
852,Barrow County,GA,201610,1126.74,0.0029,0.0369,"Atlanta-Sandy Springs-Alpharetta, GA"
852,Barrow County,GA,201611,1128.78,0.0018,0.0328,"Atlanta-Sandy Springs-Alpharetta, GA"
852,Barrow County,GA,201612,1151.16,0.0198,0.0503,"Atlanta-Sandy Springs-Alpharetta, GA"
852,Barrow County,GA,201701,1160.63,0.0082,0.0642,"Atlanta-Sandy Springs-Alpharetta, GA"
852,Barrow County,GA,201702,1159.96,-0.0006,0.0583,"Atlanta-Sandy Springs-Alpharetta, GA"
852,Barrow County,GA,201703,1167.87,0.0068,0.0731,"Atlanta-Sandy Springs-Alpharetta, GA"
852,Barrow County,GA,201704,1157.18,-0.0092,0.0584,"Atlanta-Sandy Springs-Alpharetta, GA"
852,Barrow County,GA,201705,1173.1,0.0138,0.0727,"Atlanta-Sandy Springs-Alpharetta, GA"
852,Barrow County,GA,201706,1184.93,0.0101,0.077,"Atlanta-Sandy Springs-Alpharetta, GA"
852,Barrow County,GA,201707,1214.94,0.0253,0.0911,"Atlanta-Sandy Springs-Alpharetta, GA"
852,Barrow County,GA,201708,1226.33,0.0094,0.092,"Atlanta-Sandy Springs-Alpharetta, GA"
852,Barrow County,GA,201709,1216.35,-0.0081,0.0826,"Atlanta-Sandy Springs-Alpharetta, GA"
852,Barrow County,GA,201710,1194.1,-0.0183,0.0598,"Atlanta-Sandy Springs-Alpharetta, GA"
852,Barrow County,GA,201711,1193.91,-0.0002,0.0577,"Atlanta-Sandy Springs-Alpharetta, GA"
852,Barrow County,GA,201712,1195.46,0.0013,0.0385,"Atlanta-Sandy Springs-Alpharetta, GA"
852,Barrow County,GA,201801,1203.32,0.0066,0.0368,"Atlanta-Sandy Springs-Alpharetta, GA"
852,Barrow County,GA,201802,1215.72,0.0103,0.0481,"Atlanta-Sandy Springs-Alpharetta, GA"
852,Barrow County,GA,201803,1228.97,0.0109,0.0523,"Atlanta-Sandy Springs-Alpharetta, GA"
852,Barrow County,GA,201804,1248.27,0.0157,0.0787,"Atlanta-Sandy Springs-Alpharetta, GA"
852,Barrow County,GA,201805,1249.93,0.0013,0.0655,"Atlanta-Sandy Springs-Alpharetta, GA"
852,Barrow County,GA,201806,1262.84,0.0103,0.0657,"Atlanta-Sandy Springs-Alpharetta, GA"
852,Barrow County,GA,201807,1272.82,0.0079,0.0476,"Atlanta-Sandy Springs-Alpharetta, GA"
852,Barrow County,GA,201808,1277.68,0.0038,0.0419,"Atlanta-Sandy Springs-Alpharetta, GA"
852,Barrow County,GA,201809,1273.77,-0.0031,0.0472,"Atlanta-Sandy Springs-Alpharetta, GA"
852,Barrow County,GA,201810,1274.09,0.0003,0.067,"Atlanta-Sandy Springs-Alpharetta, GA"
852,Barrow County,GA,201811,1271.82,-0.0018,0.0653,"Atlanta-Sandy Springs-Alpharetta, GA"
852,Barrow County,GA,201812,1281.62,0.0077,0.0721,"Atlanta-Sandy Springs-Alpharetta, GA"
852,Barrow County,GA,201901,1276.17,-0.0043,0.0605,"Atlanta-Sandy Springs-Alpharetta, GA"
852,Barrow County,GA,201902,1292.05,0.0124,0.0628,"Atlanta-Sandy Springs-Alpharetta, GA"
852,Barrow County,GA,201903,1295.23,0.0025,0.0539,"Atlanta-Sandy Springs-Alpharetta, GA"
852,Barrow County,GA,201904,1324.19,0.0224,0.0608,"Atlanta-Sandy Springs-Alpharetta, GA"
852,Barrow County,GA,201905,1327.84,0.0028,0.0623,"Atlanta-Sandy Springs-Alpharetta, GA"
852,Barrow County,GA,201906,1338.63,0.0081,0.06,"Atlanta-Sandy Springs-Alpharetta, GA"
852,Barrow County,GA,201907,1329.2,-0.007,0.0443,"Atlanta-Sandy Springs-Alpharetta, GA"
852,Barrow County,GA,201908,1325.61,-0.0027,0.0375,"Atlanta-Sandy Springs-Alpharetta, GA"
852,Barrow County,GA,201909,1324.11,-0.0011,0.0395,"Atlanta-Sandy Springs-Alpharetta, GA"
852,Barrow County,GA,201910,1335.9,0.0089,0.0485,"Atlanta-Sandy Springs-Alpharetta, GA"
852,Barrow County,GA,201911,1354.56,0.014,0.0651,"Atlanta-Sandy Springs-Alpharetta, GA"
852,Barrow County,GA,201912,1350.89,-0.0027,0.054,"Atlanta-Sandy Springs-Alpharetta, GA"
852,Barrow County,GA,202001,1356.56,0.0042,0.063,"Atlanta-Sandy Springs-Alpharetta, GA"
852,Barrow County,GA,202002,1342.48,-0.0104,0.039,"Atlanta-Sandy Springs-Alpharetta, GA"
852,Barrow County,GA,202003,1363.99,0.016,0.0531,"Atlanta-Sandy Springs-Alpharetta, GA"
852,Barrow County,GA,202004,1386.17,0.0163,0.0468,"Atlanta-Sandy Springs-Alpharetta, GA"
852,Barrow County,GA,202005,1409.75,0.017,0.0617,"Atlanta-Sandy Springs-Alpharetta, GA"
852,Barrow County,GA,202006,1422.02,0.0087,0.0623,"Atlanta-Sandy Springs-Alpharetta, GA"
852,Barrow County,GA,202007,1418.87,-0.0022,0.0675,"Atlanta-Sandy Springs-Alpharetta, GA"
852,Barrow County,GA,202008,1444.56,0.0181,0.0897,"Atlanta-Sandy Springs-Alpharetta, GA"
852,Barrow County,GA,202009,1461.15,0.0115,0.1035,"Atlanta-Sandy Springs-Alpharetta, GA"
852,Barrow County,GA,202010,1475.1,0.0095,0.1042,"Atlanta-Sandy Springs-Alpharetta, GA"
852,Barrow County,GA,202011,1467.7,-0.005,0.0835,"Atlanta-Sandy Springs-Alpharetta, GA"
852,Barrow County,GA,202012,1462.87,-0.0033,0.0829,"Atlanta-Sandy Springs-Alpharetta, GA"
852,Barrow County,GA,202101,1472.7,0.0067,0.0856,"Atlanta-Sandy Springs-Alpharetta, GA"
852,Barrow County,GA,202102,1489.22,0.0112,0.1093,"Atlanta-Sandy Springs-Alpharetta, GA"
852,Barrow County,GA,202103,1500.77,0.0078,0.1003,"Atlanta-Sandy Springs-Alpharetta, GA"
852,Barrow County,GA,202104,1528.78,0.0187,0.1029,"Atlanta-Sandy Springs-Alpharetta, GA"
852,Barrow County,GA,202105,1567.19,0.0251,0.1117,"Atlanta-Sandy Springs-Alpharetta, GA"
852,Barrow County,GA,202106,1614.0,0.0299,0.135,"Atlanta-Sandy Springs-Alpharetta, GA"
852,Barrow County,GA,202107,1630.56,0.0103,0.1492,"Atlanta-Sandy Springs-Alpharetta, GA"
852,Barrow County,GA,202108,1660.9,0.0186,0.1498,"Atlanta-Sandy Springs-Alpharetta, GA"
852,Barrow County,GA,202109,1696.8,0.0216,0.1613,"Atlanta-Sandy Springs-Alpharetta, GA"
852,Barrow County,GA,202110,1704.3,0.0044,0.1554,"Atlanta-Sandy Springs-Alpharetta, GA"
852,Barrow County,GA,202111,1700.72,-0.0021,0.1588,"Atlanta-Sandy Springs-Alpharetta, GA"
852,Barrow County,GA,202112,1689.22,-0.0068,0.1547,"Atlanta-Sandy Springs-Alpharetta, GA"
852,Barrow County,GA,202201,1729.93,0.0241,0.1747,"Atlanta-Sandy Springs-Alpharetta, GA"
852,Barrow County,GA,202202,1747.83,0.0104,0.1737,"Atlanta-Sandy Springs-Alpharetta, GA"
852,Barrow County,GA,202203,1773.16,0.0145,0.1815,"Atlanta-Sandy Springs-Alpharetta, GA"
852,Barrow County,GA,202204,1782.9,0.0055,0.1662,"Atlanta-Sandy Springs-Alpharetta, GA"
852,Barrow County,GA,202205,1789.91,0.0039,0.1421,"Atlanta-Sandy Springs-Alpharetta, GA"
852,Barrow County,GA,202206,1812.85,0.0128,0.1232,"Atlanta-Sandy Springs-Alpharetta, GA"
852,Barrow County,GA,202207,1820.57,0.0043,0.1165,"Atlanta-Sandy Springs-Alpharetta, GA"
852,Barrow County,GA,202208,1852.25,0.0174,0.1152,"Atlanta-Sandy Springs-Alpharetta, GA"
852,Barrow County,GA,202209,1858.46,0.0034,0.0953,"Atlanta-Sandy Springs-Alpharetta, GA"
852,Barrow County,GA,202210,1864.23,0.0031,0.0938,"Atlanta-Sandy Springs-Alpharetta, GA"
852,Barrow County,GA,202211,1874.47,0.0055,0.1022,"Atlanta-Sandy Springs-Alpharetta, GA"
852,Barrow County,GA,202212,1893.21,0.01,0.1208,"Atlanta-Sandy Springs-Alpharetta, GA"
852,Barrow County,GA,202301,1922.96,0.0157,0.1116,"Atlanta-Sandy Springs-Alpharetta, GA"
852,Barrow County,GA,202302,1920.02,-0.0015,0.0985,"Atlanta-Sandy Springs-Alpharetta, GA"
852,Barrow County,GA,202303,1917.83,-0.0011,0.0816,"Atlanta-Sandy Springs-Alpharetta, GA"
852,Barrow County,GA,202304,1903.69,-0.0074,0.0678,"Atlanta-Sandy Springs-Alpharetta, GA"
852,Barrow County,GA,202305,1903.55,-0.0001,0.0635,"Atlanta-Sandy Springs-Alpharetta, GA"
852,Barrow County,GA,202306,1889.5,-0.0074,0.0423,"Atlanta-Sandy Springs-Alpharetta, GA"
852,Barrow County,GA,202307,1897.96,0.0045,0.0425,"Atlanta-Sandy Springs-Alpharetta, GA"
852,Barrow County,GA,202308,1903.73,0.003,0.0278,"Atlanta-Sandy Springs-Alpharetta, GA"
852,Barrow County,GA,202309,1940.01,0.0191,0.0439,"Atlanta-Sandy Springs-Alpharetta, GA"
852,Barrow County,GA,202310,1949.26,0.0048,0.0456,"Atlanta-Sandy Springs-Alpharetta, GA"
852,Barrow County,GA,202311,1974.68,0.013,0.0535,"Atlanta-Sandy Springs-Alpharetta, GA"
852,Barrow County,GA,202312,1963.41,-0.0057,0.0371,"Atlanta-Sandy Springs-Alpharetta, GA"
852,Barrow County,GA,202401,1987.81,0.0124,0.0337,"Atlanta-Sandy Springs-Alpharetta, GA"
852,Barrow County,GA,202402,1997.17,0.0047,0.0402,"Atlanta-Sandy Springs-Alpharetta, GA"
852,Barrow County,GA,202403,2014.39,0.0086,0.0504,"Atlanta-Sandy Springs-Alpharetta, GA"
852,Barrow County,GA,202404,2011.07,-0.0016,0.0564,"Atlanta-Sandy Springs-Alpharetta, GA"
852,Barrow County,GA,202405,2012.78,0.0008,0.0574,"Atlanta-Sandy Springs-Alpharetta, GA"
852,Barrow County,GA,202406,2000.94,-0.0059,0.059,"Atlanta-Sandy Springs-Alpharetta, GA"
852,Barrow County,GA,202407,2009.37,0.0042,0.0587,"Atlanta-Sandy Springs-Alpharetta, GA"
852,Barrow County,GA,202408,2012.35,0.0015,0.0571,"Atlanta-Sandy Springs-Alpharetta, GA"
852,Barrow County,GA,202409,2025.59,0.0066,0.0441,"Atlanta-Sandy Springs-Alpharetta, GA"
852,Barrow County,GA,202410,2019.39,-0.0031,0.036,"Atlanta-Sandy Springs-Alpharetta, GA"
852,Barrow County,GA,202411,2004.98,-0.0071,0.0153,"Atlanta-Sandy Springs-Alpharetta, GA"
852,Barrow County,GA,202412,2002.7,-0.0011,0.02,"Atlanta-Sandy Springs-Alpharetta, GA"
852,Barrow County,GA,202501,2008.15,0.0027,0.0102,"Atlanta-Sandy Springs-Alpharetta, GA"
852,Barrow County,GA,202502,2025.03,0.0084,0.0139,"Atlanta-Sandy Springs-Alpharetta, GA"
852,Barrow County,GA,202503,2045.56,0.0101,0.0155,"Atlanta-Sandy Springs-Alpharetta, GA"
852,Barrow County,GA,202504,2047.3,0.0008,0.018,"Atlanta-Sandy Springs-Alpharetta, GA"
852,Barrow County,GA,202505,2055.49,0.004,0.0212,"Atlanta-Sandy Springs-Alpharetta, GA"
852,Barrow County,GA,202506,2056.4,0.0004,0.0277,"Atlanta-Sandy Springs-Alpharetta, GA"
852,Barrow County,GA,202507,2063.29,0.0034,0.0268,"Atlanta-Sandy Springs-Alpharetta, GA"
852,Barrow County,GA,202508,2065.88,0.0013,0.0266,"Atlanta-Sandy Springs-Alpharetta, GA"
852,Barrow County,GA,202509,2047.71,-0.0088,0.0109,"Atlanta-Sandy Springs-Alpharetta, GA"
852,Barrow County,GA,202510,2052.14,0.0022,0.0162,"Atlanta-Sandy Springs-Alpharetta, GA"
852,Barrow County,GA,202511,2070.17,0.0088,0.0325,"Atlanta-Sandy Springs-Alpharetta, GA"
852,Barrow County,GA,202512,2083.83,0.0066,0.0405,"Atlanta-Sandy Springs-Alpharetta, GA"
852,Barrow County,GA,202601,2076.64,-0.0035,0.0341,"Atlanta-Sandy Springs-Alpharetta, GA"
852,Barrow County,GA,202602,2064.69,-0.0058,0.0196,"Atlanta-Sandy Springs-Alpharetta, GA"
852,Barrow County,GA,202603,2086.55,0.0106,0.02,"Atlanta-Sandy Springs-Alpharetta, GA"
852,Barrow County,GA,202604,2097.87,0.0054,0.0247,"Atlanta-Sandy Springs-Alpharetta, GA"
852,Barrow County,GA,202605,2099.32,0.0007,0.0213,"Atlanta-Sandy Springs-Alpharetta, GA"
852,Barrow County,GA,202606,2096.6,-0.0013,0.0195,"Atlanta-Sandy Springs-Alpharetta, GA"
852,Barrow County,GA,202607,2100.28,0.0018,0.0179,"Atlanta-Sandy Springs-Alpharetta, GA"
852,Barrow County,GA,202608,2101.69,0.0007,0.0173,"Atlanta-Sandy Springs-Alpharetta, GA"
855,Bartow County,GA,201501,804.15,,,"Atlanta-Sandy Springs-Alpharetta, GA"
855,Bartow County,GA,201502,794.96,-0.0114,,"Atlanta-Sandy Springs-Alpharetta, GA"
855,Bartow County,GA,201503,793.32,-0.0021,,"Atlanta-Sandy Springs-Alpharetta, GA"
855,Bartow County,GA,201504,792.44,-0.0011,,"Atlanta-Sandy Springs-Alpharetta, GA"
855,Bartow County,GA,201505,798.53,0.0077,,"Atlanta-Sandy Springs-Alpharetta, GA"
855,Bartow County,GA,201506,805.99,0.0093,,"Atlanta-Sandy Springs-Alpharetta, GA"
855,Bartow County,GA,201507,797.2,-0.0109,,"Atlanta-Sandy Springs-Alpharetta, GA"
855,Bartow County,GA,201508,808.29,0.0139,,"Atlanta-Sandy Springs-Alpharetta, GA"
855,Bartow County,GA,201509,816.77,0.0105,,"Atlanta-Sandy Springs-Alpharetta, GA"
855,Bartow County,GA,201510,821.76,0.0061,,"Atlanta-Sandy Springs-Alpharetta, GA"
855,Bartow County,GA,201511,807.9,-0.0169,,"Atlanta-Sandy Springs-Alpharetta, GA"
855,Bartow County,GA,201512,810.29,0.003,,"Atlanta-Sandy Springs-Alpharetta, GA"
855,Bartow County,GA,201601,791.65,-0.023,-0.0155,"Atlanta-Sandy Springs-Alpharetta, GA"
855,Bartow County,GA,201602,811.72,0.0253,0.0211,"Atlanta-Sandy Springs-Alpharetta, GA"
855,Bartow County,GA,201603,805.97,-0.0071,0.0159,"Atlanta-Sandy Springs-Alpharetta, GA"
855,Bartow County,GA,201604,837.16,0.0387,0.0564,"Atlanta-Sandy Springs-Alpharetta, GA"
855,Bartow County,GA,201605,854.8,0.0211,0.0705,"Atlanta-Sandy Springs-Alpharetta, GA"
855,Bartow County,GA,201606,872.83,0.0211,0.0829,"Atlanta-Sandy Springs-Alpharetta, GA"
855,Bartow County,GA,201607,892.8,0.0229,0.1199,"Atlanta-Sandy Springs-Alpharetta, GA"
855,Bartow County,GA,201608,882.21,-0.0119,0.0915,"Atlanta-Sandy Springs-Alpharetta, GA"
855,Bartow County,GA,201609,868.95,-0.015,0.0639,"Atlanta-Sandy Springs-Alpharetta, GA"
855,Bartow County,GA,201610,875.84,0.0079,0.0658,"Atlanta-Sandy Springs-Alpharetta, GA"
855,Bartow County,GA,201611,890.3,0.0165,0.102,"Atlanta-Sandy Springs-Alpharetta, GA"
855,Bartow County,GA,201612,918.95,0.0322,0.1341,"Atlanta-Sandy Springs-Alpharetta, GA"
855,Bartow County,GA,201701,910.72,-0.0089,0.1504,"Atlanta-Sandy Springs-Alpharetta, GA"
855,Bartow County,GA,201702,908.97,-0.0019,0.1198,"Atlanta-Sandy Springs-Alpharetta, GA"
855,Bartow County,GA,201703,905.59,-0.0037,0.1236,"Atlanta-Sandy Springs-Alpharetta, GA"
855,Bartow County,GA,201704,914.14,0.0094,0.092,"Atlanta-Sandy Springs-Alpharetta, GA"
855,Bartow County,GA,201705,923.23,0.0099,0.0801,"Atlanta-Sandy Springs-Alpharetta, GA"
855,Bartow County,GA,201706,938.15,0.0162,0.0748,"Atlanta-Sandy Springs-Alpharetta, GA"
855,Bartow County,GA,201707,944.55,0.0068,0.058,"Atlanta-Sandy Springs-Alpharetta, GA"
855,Bartow County,GA,201708,939.66,-0.0052,0.0651,"Atlanta-Sandy Springs-Alpharetta, GA"
855,Bartow County,GA,201709,932.28,-0.0079,0.0729,"Atlanta-Sandy Springs-Alpharetta, GA"
855,Bartow County,GA,201710,922.66,-0.0103,0.0535,"Atlanta-Sandy Springs-Alpharetta, GA"
855,Bartow County,GA,201711,921.54,-0.0012,0.0351,"Atlanta-Sandy Springs-Alpharetta, GA"
855,Bartow County,GA,201712,934.0,0.0135,0.0164,"Atlanta-Sandy Springs-Alpharetta, GA"
855,Bartow County,GA,201801,948.53,0.0156,0.0415,"Atlanta-Sandy Springs-Alpharetta, GA"
855,Bartow County,GA,201802,952.68,0.0044,0.0481,"Atlanta-Sandy Springs-Alpharetta, GA"
855,Bartow County,GA,201803,965.47,0.0134,0.0661,"Atlanta-Sandy Springs-Alpharetta, GA"
855,Bartow County,GA,201804,984.22,0.0194,0.0767,"Atlanta-Sandy Springs-Alpharetta, GA"
855,Bartow County,GA,201805,1008.21,0.0244,0.092,"Atlanta-Sandy Springs-Alpharetta, GA"
855,Bartow County,GA,201806,1012.52,0.0043,0.0793,"Atlanta-Sandy Springs-Alpharetta, GA"
855,Bartow County,GA,201807,1019.56,0.007,0.0794,"Atlanta-Sandy Springs-Alpharetta, GA"
855,Bartow County,GA,201808,1023.13,0.0035,0.0888,"Atlanta-Sandy Springs-Alpharetta, GA"
855,Bartow County,GA,201809,1013.65,-0.0093,0.0873,"Atlanta-Sandy Springs-Alpharetta, GA"
855,Bartow County,GA,201810,1000.7,-0.0128,0.0846,"Atlanta-Sandy Springs-Alpharetta, GA"
855,Bartow County,GA,201811,996.26,-0.0044,0.0811,"Atlanta-Sandy Springs-Alpharetta, GA"
855,Bartow County,GA,201812,1002.19,0.0059,0.073,"Atlanta-Sandy Springs-Alpharetta, GA"
855,Bartow County,GA,201901,1012.35,0.0101,0.0673,"Atlanta-Sandy Springs-Alpharetta, GA"
855,Bartow County,GA,201902,1018.37,0.0059,0.069,"Atlanta-Sandy Springs-Alpharetta, GA"
855,Bartow County,GA,201903,1034.77,0.0161,0.0718,"Atlanta-Sandy Springs-Alpharetta, GA"
855,Bartow County,GA,201904,1040.0,0.0051,0.0567,"Atlanta-Sandy Springs-Alpharetta, GA"
855,Bartow County,GA,201905,1058.8,0.0181,0.0502,"Atlanta-Sandy Springs-Alpharetta, GA"
855,Bartow County,GA,201906,1067.43,0.0081,0.0542,"Atlanta-Sandy Springs-Alpharetta, GA"
855,Bartow County,GA,201907,1077.96,0.0099,0.0573,"Atlanta-Sandy Springs-Alpharetta, GA"
855,Bartow County,GA,201908,1059.14,-0.0175,0.0352,"Atlanta-Sandy Springs-Alpharetta, GA"
855,Bartow County,GA,201909,1055.84,-0.0031,0.0416,"Atlanta-Sandy Springs-Alpharetta, GA"
855,Bartow County,GA,201910,1058.9,0.0029,0.0582,"Atlanta-Sandy Springs-Alpharetta, GA"
855,Bartow County,GA,201911,1095.88,0.0349,0.1,"Atlanta-Sandy Springs-Alpharetta, GA"
855,Bartow County,GA,201912,1110.55,0.0134,0.1081,"Atlanta-Sandy Springs-Alpharetta, GA"
855,Bartow County,GA,202001,1118.38,0.007,0.1047,"Atlanta-Sandy Springs-Alpharetta, GA"
855,Bartow County,GA,202002,1105.99,-0.0111,0.086,"Atlanta-Sandy Springs-Alpharetta, GA"
855,Bartow County,GA,202003,1110.0,0.0036,0.0727,"Atlanta-Sandy Springs-Alpharetta, GA"
855,Bartow County,GA,202004,1127.01,0.0153,0.0837,"Atlanta-Sandy Springs-Alpharetta, GA"
855,Bartow County,GA,202005,1137.26,0.0091,0.0741,"Atlanta-Sandy Springs-Alpharetta, GA"
855,Bartow County,GA,202006,1141.83,0.004,0.0697,"Atlanta-Sandy Springs-Alpharetta, GA"
855,Bartow County,GA,202007,1130.17,-0.0102,0.0484,"Atlanta-Sandy Springs-Alpharetta, GA"
855,Bartow County,GA,202008,1152.47,0.0197,0.0881,"Atlanta-Sandy Springs-Alpharetta, GA"
855,Bartow County,GA,202009,1170.36,0.0155,0.1085,"Atlanta-Sandy Springs-Alpharetta, GA"
855,Bartow County,GA,202010,1187.34,0.0145,0.1213,"Atlanta-Sandy Springs-Alpharetta, GA"
855,Bartow County,GA,202011,1178.93,-0.0071,0.0758,"Atlanta-Sandy Springs-Alpharetta, GA"
855,Bartow County,GA,202012,1168.22,-0.0091,0.0519,"Atlanta-Sandy Springs-Alpharetta, GA"
855,Bartow County,GA,202101,1182.41,0.0121,0.0573,"Atlanta-Sandy Springs-Alpharetta, GA"
855,Bartow County,GA,202102,1218.05,0.0301,0.1013,"Atlanta-Sandy Springs-Alpharetta, GA"
855,Bartow County,GA,202103,1254.99,0.0303,0.1306,"Atlanta-Sandy Springs-Alpharetta, GA"
855,Bartow County,GA,202104,1282.25,0.0217,0.1377,"Atlanta-Sandy Springs-Alpharetta, GA"
855,Bartow County,GA,202105,1305.27,0.018,0.1477,"Atlanta-Sandy Springs-Alpharetta, GA"
855,Bartow County,GA,202106,1333.09,0.0213,0.1675,"Atlanta-Sandy Springs-Alpharetta, GA"
855,Bartow County,GA,202107,1360.21,0.0203,0.2035,"Atlanta-Sandy Springs-Alpharetta, GA"
855,Bartow County,GA,202108,1382.87,0.0167,0.1999,"Atlanta-Sandy Springs-Alpharetta, GA"
855,Bartow County,GA,202109,1402.75,0.0144,0.1986,"Atlanta-Sandy Springs-Alpharetta, GA"
855,Bartow County,GA,202110,1436.41,0.024,0.2098,"Atlanta-Sandy Springs-Alpharetta, GA"
855,Bartow County,GA,202111,1442.69,0.0044,0.2237,"Atlanta-Sandy Springs-Alpharetta, GA"
855,Bartow County,GA,202112,1459.44,0.0116,0.2493,"Atlanta-Sandy Springs-Alpharetta, GA"
855,Bartow County,GA,202201,1459.22,-0.0001,0.2341,"Atlanta-Sandy Springs-Alpharetta, GA"
855,Bartow County,GA,202202,1474.09,0.0102,0.2102,"Atlanta-Sandy Springs-Alpharetta, GA"
855,Bartow County,GA,202203,1478.57,0.003,0.1782,"Atlanta-Sandy Springs-Alpharetta, GA"
855,Bartow County,GA,202204,1498.58,0.0135,0.1687,"Atlanta-Sandy Springs-Alpharetta, GA"
855,Bartow County,GA,202205,1509.76,0.0075,0.1567,"Atlanta-Sandy Springs-Alpharetta, GA"
855,Bartow County,GA,202206,1532.44,0.015,0.1495,"Atlanta-Sandy Springs-Alpharetta, GA"
855,Bartow County,GA,202207,1554.62,0.0145,0.1429,"Atlanta-Sandy Springs-Alpharetta, GA"
855,Bartow County,GA,202208,1608.34,0.0346,0.163,"Atlanta-Sandy Springs-Alpharetta, GA"
855,Bartow County,GA,202209,1607.09,-0.0008,0.1457,"Atlanta-Sandy Springs-Alpharetta, GA"
855,Bartow County,GA,202210,1580.52,-0.0165,0.1003,"Atlanta-Sandy Springs-Alpharetta, GA"
855,Bartow County,GA,202211,1539.64,-0.0259,0.0672,"Atlanta-Sandy Springs-Alpharetta, GA"
855,Bartow County,GA,202212,1554.0,0.0093,0.0648,"Atlanta-Sandy Springs-Alpharetta, GA"
855,Bartow County,GA,202301,1580.23,0.0169,0.0829,"Atlanta-Sandy Springs-Alpharetta, GA"
855,Bartow County,GA,202302,1589.02,0.0056,0.078,"Atlanta-Sandy Springs-Alpharetta, GA"
855,Bartow County,GA,202303,1596.92,0.005,0.08,"Atlanta-Sandy Springs-Alpharetta, GA"
855,Bartow County,GA,202304,1596.87,-0.0,0.0656,"Atlanta-Sandy Springs-Alpharetta, GA"
855,Bartow County,GA,202305,1603.7,0.0043,0.0622,"Atlanta-Sandy Springs-Alpharetta, GA"
855,Bartow County,GA,202306,1625.12,0.0134,0.0605,"Atlanta-Sandy Springs-Alpharetta, GA"
855,Bartow County,GA,202307,1638.71,0.0084,0.0541,"Atlanta-Sandy Springs-Alpharetta, GA"
855,Bartow County,GA,202308,1656.37,0.0108,0.0299,"Atlanta-Sandy Springs-Alpharetta, GA"
855,Bartow County,GA,202309,1644.62,-0.0071,0.0234,"Atlanta-Sandy Springs-Alpharetta, GA"
855,Bartow County,GA,202310,1637.51,-0.0043,0.0361,"Atlanta-Sandy Springs-Alpharetta, GA"
855,Bartow County,GA,202311,1635.33,-0.0013,0.0622,"Atlanta-Sandy Springs-Alpharetta, GA"
855,Bartow County,GA,202312,1640.55,0.0032,0.0557,"Atlanta-Sandy Springs-Alpharetta, GA"
855,Bartow County,GA,202401,1651.94,0.0069,0.0454,"Atlanta-Sandy Springs-Alpharetta, GA"
855,Bartow County,GA,202402,1662.64,0.0065,0.0463,"Atlanta-Sandy Springs-Alpharetta, GA"
855,Bartow County,GA,202403,1660.37,-0.0014,0.0397,"Atlanta-Sandy Springs-Alpharetta, GA"
855,Bartow County,GA,202404,1661.22,0.0005,0.0403,"Atlanta-Sandy Springs-Alpharetta, GA"
855,Bartow County,GA,202405,1659.97,-0.0008,0.0351,"Atlanta-Sandy Springs-Alpharetta, GA"
855,Bartow County,GA,202406,1674.83,0.009,0.0306,"Atlanta-Sandy Springs-Alpharetta, GA"
855,Bartow County,GA,202407,1668.47,-0.0038,0.0182,"Atlanta-Sandy Springs-Alpharetta, GA"
855,Bartow County,GA,202408,1671.11,0.0016,0.0089,"Atlanta-Sandy Springs-Alpharetta, GA"
855,Bartow County,GA,202409,1657.84,-0.0079,0.008,"Atlanta-Sandy Springs-Alpharetta, GA"
855,Bartow County,GA,202410,1686.56,0.0173,0.0299,"Atlanta-Sandy Springs-Alpharetta, GA"
855,Bartow County,GA,202411,1682.42,-0.0025,0.0288,"Atlanta-Sandy Springs-Alpharetta, GA"
855,Bartow County,GA,202412,1696.18,0.0082,0.0339,"Atlanta-Sandy Springs-Alpharetta, GA"
855,Bartow County,GA,202501,1678.75,-0.0103,0.0162,"Atlanta-Sandy Springs-Alpharetta, GA"
855,Bartow County,GA,202502,1681.97,0.0019,0.0116,"Atlanta-Sandy Springs-Alpharetta, GA"
855,Bartow County,GA,202503,1680.56,-0.0008,0.0122,"Atlanta-Sandy Springs-Alpharetta, GA"
855,Bartow County,GA,202504,1680.39,-0.0001,0.0115,"Atlanta-Sandy Springs-Alpharetta, GA"
855,Bartow County,GA,202505,1687.77,0.0044,0.0167,"Atlanta-Sandy Springs-Alpharetta, GA"
855,Bartow County,GA,202506,1688.12,0.0002,0.0079,"Atlanta-Sandy Springs-Alpharetta, GA"
855,Bartow County,GA,202507,1696.24,0.0048,0.0166,"Atlanta-Sandy Springs-Alpharetta, GA"
855,Bartow County,GA,202508,1700.98,0.0028,0.0179,"Atlanta-Sandy Springs-Alpharetta, GA"
855,Bartow County,GA,202509,1698.85,-0.0012,0.0247,"Atlanta-Sandy Springs-Alpharetta, GA"
855,Bartow County,GA,202510,1680.68,-0.0107,-0.0035,"Atlanta-Sandy Springs-Alpharetta, GA"
855,Bartow County,GA,202511,1659.23,-0.0128,-0.0138,"Atlanta-Sandy Springs-Alpharetta, GA"
855,Bartow County,GA,202512,1648.04,-0.0067,-0.0284,"Atlanta-Sandy Springs-Alpharetta, GA"
855,Bartow County,GA,202601,1668.6,0.0125,-0.006,"Atlanta-Sandy Springs-Alpharetta, GA"
855,Bartow County,GA,202602,1687.24,0.0112,0.0031,"Atlanta-Sandy Springs-Alpharetta, GA"
855,Bartow County,GA,202603,1706.13,0.0112,0.0152,"Atlanta-Sandy Springs-Alpharetta, GA"
855,Bartow County,GA,202604,1706.08,-0.0,0.0153,"Atlanta-Sandy Springs-Alpharetta, GA"
855,Bartow County,GA,202605,1702.99,-0.0018,0.009,"Atlanta-Sandy Springs-Alpharetta, GA"
855,Bartow County,GA,202606,1701.67,-0.0008,0.008,"Atlanta-Sandy Springs-Alpharetta, GA"
855,Bartow County,GA,202607,1704.38,0.0016,0.0048,"Atlanta-Sandy Springs-Alpharetta, GA"
855,Bartow County,GA,202608,1722.59,0.0107,0.0127,"Atlanta-Sandy Springs-Alpharetta, GA"
908,Camden County,GA,202205,1449.72,,,"St. Marys, GA"
908,Camden County,GA,202206,1460.16,0.0072,,"St. Marys, GA"
908,Camden County,GA,202207,1460.57,0.0003,,"St. Marys, GA"
908,Camden County,GA,202208,1452.0,-0.0059,,"St. Marys, GA"
908,Camden County,GA,202209,1464.43,0.0086,,"St. Marys, GA"
908,Camden County,GA,202210,1484.54,0.0137,,"St. Marys, GA"
908,Camden County,GA,202211,1497.31,0.0086,,"St. Marys, GA"
908,Camden County,GA,202212,1508.22,0.0073,,"St. Marys, GA"
908,Camden County,GA,202301,1512.01,0.0025,,"St. Marys, GA"
908,Camden County,GA,202302,1514.15,0.0014,,"St. Marys, GA"
908,Camden County,GA,202303,1506.26,-0.0052,,"St. Marys, GA"
908,Camden County,GA,202304,1504.81,-0.001,,"St. Marys, GA"
908,Camden County,GA,202305,1505.99,0.0008,0.0388,"St. Marys, GA"
908,Camden County,GA,202306,1511.11,0.0034,0.0349,"St. Marys, GA"
908,Camden County,GA,202307,1516.42,0.0035,0.0382,"St. Marys, GA"
908,Camden County,GA,202308,1527.14,0.0071,0.0517,"St. Marys, GA"
908,Camden County,GA,202309,1520.78,-0.0042,0.0385,"St. Marys, GA"
908,Camden County,GA,202310,1531.85,0.0073,0.0319,"St. Marys, GA"
908,Camden County,GA,202311,1521.03,-0.0071,0.0158,"St. Marys, GA"
908,Camden County,GA,202312,1540.32,0.0127,0.0213,"St. Marys, GA"
908,Camden County,GA,202401,1539.06,-0.0008,0.0179,"St. Marys, GA"
908,Camden County,GA,202402,1551.09,0.0078,0.0244,"St. Marys, GA"
908,Camden County,GA,202403,1560.28,0.0059,0.0359,"St. Marys, GA"
908,Camden County,GA,202404,1575.58,0.0098,0.047,"St. Marys, GA"
908,Camden County,GA,202405,1587.94,0.0078,0.0544,"St. Marys, GA"
908,Camden County,GA,202406,1595.89,0.005,0.0561,"St. Marys, GA"
908,Camden County,GA,202407,1597.45,0.001,0.0534,"St. Marys, GA"
908,Camden County,GA,202408,1590.44,-0.0044,0.0414,"St. Marys, GA"
908,Camden County,GA,202409,1582.91,-0.0047,0.0409,"St. Marys, GA"
908,Camden County,GA,202410,1584.15,0.0008,0.0341,"St. Marys, GA"
908,Camden County,GA,202411,1599.69,0.0098,0.0517,"St. Marys, GA"
908,Camden County,GA,202412,1607.66,0.005,0.0437,"St. Marys, GA"
908,Camden County,GA,202501,1602.67,-0.0031,0.0413,"St. Marys, GA"
908,Camden County,GA,202502,1606.85,0.0026,0.036,"St. Marys, GA"
908,Camden County,GA,202503,1607.77,0.0006,0.0304,"St. Marys, GA"
908,Camden County,GA,202504,1610.29,0.0016,0.022,"St. Marys, GA"
908,Camden County,GA,202505,1599.6,-0.0066,0.0073,"St. Marys, GA"
908,Camden County,GA,202506,1612.15,0.0079,0.0102,"St. Marys, GA"
908,Camden County,GA,202507,1624.43,0.0076,0.0169,"St. Marys, GA"
908,Camden County,GA,202508,1634.48,0.0062,0.0277,"St. Marys, GA"
908,Camden County,GA,202509,1651.19,0.0102,0.0431,"St. Marys, GA"
908,Camden County,GA,202510,1651.21,0.0,0.0423,"St. Marys, GA"
908,Camden County,GA,202511,1639.6,-0.007,0.0249,"St. Marys, GA"
908,Camden County,GA,202512,1583.31,-0.0343,-0.0151,"St. Marys, GA"
908,Camden County,GA,202601,1573.87,-0.006,-0.018,"St. Marys, GA"
908,Camden County,GA,202602,1578.64,0.003,-0.0176,"St. Marys, GA"
908,Camden County,GA,202603,1619.19,0.0257,0.0071,"St. Marys, GA"
908,Camden County,GA,202604,1638.19,0.0117,0.0173,"St. Marys, GA"
908,Camden County,GA,202605,1654.88,0.0102,0.0346,"St. Marys, GA"
908,Camden County,GA,202606,1656.46,0.001,0.0275,"St. Marys, GA"
908,Camden County,GA,202607,1666.34,0.006,0.0258,"St. Marys, GA"
908,Camden County,GA,202608,1692.33,0.0156,0.0354,"St. Marys, GA"
940,Clarke County,GA,201501,744.57,,,"Athens-Clarke County, GA"
940,Clarke County,GA,201502,748.5,0.0053,,"Athens-Clarke County, GA"
940,Clarke County,GA,201503,760.78,0.0164,,"Athens-Clarke County, GA"
940,Clarke County,GA,201504,773.18,0.0163,,"Athens-Clarke County, GA"
940,Clarke County,GA,201505,775.75,0.0033,,"Athens-Clarke County, GA"
940,Clarke County,GA,201506,783.9,0.0105,,"Athens-Clarke County, GA"
940,Clarke County,GA,201507,780.94,-0.0038,,"Athens-Clarke County, GA"
940,Clarke County,GA,201508,774.88,-0.0078,,"Athens-Clarke County, GA"
940,Clarke County,GA,201509,771.35,-0.0046,,"Athens-Clarke County, GA"
940,Clarke County,GA,201510,769.88,-0.0019,,"Athens-Clarke County, GA"
940,Clarke County,GA,201511,789.57,0.0256,,"Athens-Clarke County, GA"
940,Clarke County,GA,201512,786.06,-0.0044,,"Athens-Clarke County, GA"
940,Clarke County,GA,201601,790.59,0.0058,0.0618,"Athens-Clarke County, GA"
940,Clarke County,GA,201602,780.68,-0.0125,0.043,"Athens-Clarke County, GA"
940,Clarke County,GA,201603,789.52,0.0113,0.0378,"Athens-Clarke County, GA"
940,Clarke County,GA,201604,799.29,0.0124,0.0338,"Athens-Clarke County, GA"
940,Clarke County,GA,201605,813.97,0.0184,0.0493,"Athens-Clarke County, GA"
940,Clarke County,GA,201606,820.75,0.0083,0.047,"Athens-Clarke County, GA"
940,Clarke County,GA,201607,822.15,0.0017,0.0528,"Athens-Clarke County, GA"
940,Clarke County,GA,201608,821.86,-0.0004,0.0606,"Athens-Clarke County, GA"
940,Clarke County,GA,201609,818.93,-0.0036,0.0617,"Athens-Clarke County, GA"
940,Clarke County,GA,201610,830.48,0.0141,0.0787,"Athens-Clarke County, GA"
940,Clarke County,GA,201611,839.54,0.0109,0.0633,"Athens-Clarke County, GA"
940,Clarke County,GA,201612,844.74,0.0062,0.0746,"Athens-Clarke County, GA"
940,Clarke County,GA,201701,842.23,-0.003,0.0653,"Athens-Clarke County, GA"
940,Clarke County,GA,201702,847.03,0.0057,0.085,"Athens-Clarke County, GA"
940,Clarke County,GA,201703,851.24,0.005,0.0782,"Athens-Clarke County, GA"
940,Clarke County,GA,201704,853.15,0.0022,0.0674,"Athens-Clarke County, GA"
940,Clarke County,GA,201705,846.07,-0.0083,0.0394,"Athens-Clarke County, GA"
940,Clarke County,GA,201706,852.56,0.0077,0.0388,"Athens-Clarke County, GA"
940,Clarke County,GA,201707,859.68,0.0083,0.0456,"Athens-Clarke County, GA"
940,Clarke County,GA,201708,864.09,0.0051,0.0514,"Athens-Clarke County, GA"
940,Clarke County,GA,201709,872.36,0.0096,0.0653,"Athens-Clarke County, GA"
940,Clarke County,GA,201710,874.96,0.003,0.0536,"Athens-Clarke County, GA"
940,Clarke County,GA,201711,890.04,0.0172,0.0602,"Athens-Clarke County, GA"
940,Clarke County,GA,201712,893.63,0.004,0.0579,"Athens-Clarke County, GA"
940,Clarke County,GA,201801,908.57,0.0167,0.0788,"Athens-Clarke County, GA"
940,Clarke County,GA,201802,919.26,0.0118,0.0853,"Athens-Clarke County, GA"
940,Clarke County,GA,201803,927.18,0.0086,0.0892,"Athens-Clarke County, GA"
940,Clarke County,GA,201804,926.32,-0.0009,0.0858,"Athens-Clarke County, GA"
940,Clarke County,GA,201805,939.59,0.0143,0.1105,"Athens-Clarke County, GA"
940,Clarke County,GA,201806,945.27,0.006,0.1087,"Athens-Clarke County, GA"
940,Clarke County,GA,201807,960.88,0.0165,0.1177,"Athens-Clarke County, GA"
940,Clarke County,GA,201808,945.41,-0.0161,0.0941,"Athens-Clarke County, GA"
940,Clarke County,GA,201809,948.09,0.0028,0.0868,"Athens-Clarke County, GA"
940,Clarke County,GA,201810,946.87,-0.0013,0.0822,"Athens-Clarke County, GA"
940,Clarke County,GA,201811,965.78,0.02,0.0851,"Athens-Clarke County, GA"
940,Clarke County,GA,201812,981.72,0.0165,0.0986,"Athens-Clarke County, GA"
940,Clarke County,GA,201901,982.6,0.0009,0.0815,"Athens-Clarke County, GA"
940,Clarke County,GA,201902,983.6,0.001,0.07,"Athens-Clarke County, GA"
940,Clarke County,GA,201903,975.48,-0.0083,0.0521,"Athens-Clarke County, GA"
940,Clarke County,GA,201904,980.17,0.0048,0.0581,"Athens-Clarke County, GA"
940,Clarke County,GA,201905,997.5,0.0177,0.0616,"Athens-Clarke County, GA"
940,Clarke County,GA,201906,1008.21,0.0107,0.0666,"Athens-Clarke County, GA"
940,Clarke County,GA,201907,1020.38,0.0121,0.0619,"Athens-Clarke County, GA"
940,Clarke County,GA,201908,1005.71,-0.0144,0.0638,"Athens-Clarke County, GA"
940,Clarke County,GA,201909,1030.35,0.0245,0.0868,"Athens-Clarke County, GA"
940,Clarke County,GA,201910,1049.45,0.0185,0.1083,"Athens-Clarke County, GA"
940,Clarke County,GA,201911,1074.05,0.0234,0.1121,"Athens-Clarke County, GA"
940,Clarke County,GA,201912,1070.46,-0.0033,0.0904,"Athens-Clarke County, GA"
940,Clarke County,GA,202001,1071.45,0.0009,0.0904,"Athens-Clarke County, GA"
940,Clarke County,GA,202002,1072.64,0.0011,0.0905,"Athens-Clarke County, GA"
940,Clarke County,GA,202003,1064.55,-0.0075,0.0913,"Athens-Clarke County, GA"
940,Clarke County,GA,202004,1057.91,-0.0062,0.0793,"Athens-Clarke County, GA"
940,Clarke County,GA,202005,1066.32,0.0079,0.069,"Athens-Clarke County, GA"
940,Clarke County,GA,202006,1075.17,0.0083,0.0664,"Athens-Clarke County, GA"
940,Clarke County,GA,202007,1085.98,0.0101,0.0643,"Athens-Clarke County, GA"
940,Clarke County,GA,202008,1090.29,0.004,0.0841,"Athens-Clarke County, GA"
940,Clarke County,GA,202009,1101.86,0.0106,0.0694,"Athens-Clarke County, GA"
940,Clarke County,GA,202010,1121.19,0.0175,0.0684,"Athens-Clarke County, GA"
940,Clarke County,GA,202011,1128.13,0.0062,0.0504,"Athens-Clarke County, GA"
940,Clarke County,GA,202012,1142.09,0.0124,0.0669,"Athens-Clarke County, GA"
940,Clarke County,GA,202101,1146.74,0.0041,0.0703,"Athens-Clarke County, GA"
940,Clarke County,GA,202102,1161.73,0.0131,0.0831,"Athens-Clarke County, GA"
940,Clarke County,GA,202103,1166.19,0.0038,0.0955,"Athens-Clarke County, GA"
940,Clarke County,GA,202104,1175.5,0.008,0.1111,"Athens-Clarke County, GA"
940,Clarke County,GA,202105,1180.73,0.0045,0.1073,"Athens-Clarke County, GA"
940,Clarke County,GA,202106,1190.61,0.0084,0.1074,"Athens-Clarke County, GA"
940,Clarke County,GA,202107,1199.13,0.0072,0.1042,"Athens-Clarke County, GA"
940,Clarke County,GA,202108,1231.55,0.027,0.1296,"Athens-Clarke County, GA"
940,Clarke County,GA,202109,1252.92,0.0174,0.1371,"Athens-Clarke County, GA"
940,Clarke County,GA,202110,1264.91,0.0096,0.1282,"Athens-Clarke County, GA"
940,Clarke County,GA,202111,1264.41,-0.0004,0.1208,"Athens-Clarke County, GA"
940,Clarke County,GA,202112,1280.59,0.0128,0.1213,"Athens-Clarke County, GA"
940,Clarke County,GA,202201,1297.64,0.0133,0.1316,"Athens-Clarke County, GA"
940,Clarke County,GA,202202,1303.62,0.0046,0.1221,"Athens-Clarke County, GA"
940,Clarke County,GA,202203,1306.79,0.0024,0.1206,"Athens-Clarke County, GA"
940,Clarke County,GA,202204,1323.03,0.0124,0.1255,"Athens-Clarke County, GA"
940,Clarke County,GA,202205,1345.18,0.0167,0.1393,"Athens-Clarke County, GA"
940,Clarke County,GA,202206,1372.52,0.0203,0.1528,"Athens-Clarke County, GA"
940,Clarke County,GA,202207,1393.11,0.015,0.1618,"Athens-Clarke County, GA"
940,Clarke County,GA,202208,1402.7,0.0069,0.139,"Athens-Clarke County, GA"
940,Clarke County,GA,202209,1411.08,0.006,0.1262,"Athens-Clarke County, GA"
940,Clarke County,GA,202210,1410.33,-0.0005,0.115,"Athens-Clarke County, GA"
940,Clarke County,GA,202211,1403.12,-0.0051,0.1097,"Athens-Clarke County, GA"
940,Clarke County,GA,202212,1402.97,-0.0001,0.0956,"Athens-Clarke County, GA"
940,Clarke County,GA,202301,1413.46,0.0075,0.0893,"Athens-Clarke County, GA"
940,Clarke County,GA,202302,1449.13,0.0252,0.1116,"Athens-Clarke County, GA"
940,Clarke County,GA,202303,1468.97,0.0137,0.1241,"Athens-Clarke County, GA"
940,Clarke County,GA,202304,1483.2,0.0097,0.1211,"Athens-Clarke County, GA"
940,Clarke County,GA,202305,1471.15,-0.0081,0.0936,"Athens-Clarke County, GA"
940,Clarke County,GA,202306,1482.17,0.0075,0.0799,"Athens-Clarke County, GA"
940,Clarke County,GA,202307,1490.77,0.0058,0.0701,"Athens-Clarke County, GA"
940,Clarke County,GA,202308,1511.29,0.0138,0.0774,"Athens-Clarke County, GA"
940,Clarke County,GA,202309,1508.94,-0.0015,0.0694,"Athens-Clarke County, GA"
940,Clarke County,GA,202310,1508.66,-0.0002,0.0697,"Athens-Clarke County, GA"
940,Clarke County,GA,202311,1515.07,0.0042,0.0798,"Athens-Clarke County, GA"
940,Clarke County,GA,202312,1519.68,0.003,0.0832,"Athens-Clarke County, GA"
940,Clarke County,GA,202401,1517.15,-0.0017,0.0734,"Athens-Clarke County, GA"
940,Clarke County,GA,202402,1517.77,0.0004,0.0474,"Athens-Clarke County, GA"
940,Clarke County,GA,202403,1533.36,0.0103,0.0438,"Athens-Clarke County, GA"
940,Clarke County,GA,202404,1547.81,0.0094,0.0436,"Athens-Clarke County, GA"
940,Clarke County,GA,202405,1560.98,0.0085,0.0611,"Athens-Clarke County, GA"
940,Clarke County,GA,202406,1560.55,-0.0003,0.0529,"Athens-Clarke County, GA"
940,Clarke County,GA,202407,1563.82,0.0021,0.049,"Athens-Clarke County, GA"
940,Clarke County,GA,202408,1563.55,-0.0002,0.0346,"Athens-Clarke County, GA"
940,Clarke County,GA,202409,1563.81,0.0002,0.0364,"Athens-Clarke County, GA"
940,Clarke County,GA,202410,1568.29,0.0029,0.0395,"Athens-Clarke County, GA"
940,Clarke County,GA,202411,1571.52,0.0021,0.0373,"Athens-Clarke County, GA"
940,Clarke County,GA,202412,1570.27,-0.0008,0.0333,"Athens-Clarke County, GA"
940,Clarke County,GA,202501,1571.86,0.001,0.0361,"Athens-Clarke County, GA"
940,Clarke County,GA,202502,1567.44,-0.0028,0.0327,"Athens-Clarke County, GA"
940,Clarke County,GA,202503,1574.26,0.0044,0.0267,"Athens-Clarke County, GA"
940,Clarke County,GA,202504,1579.13,0.0031,0.0202,"Athens-Clarke County, GA"
940,Clarke County,GA,202505,1586.49,0.0047,0.0163,"Athens-Clarke County, GA"
940,Clarke County,GA,202506,1579.49,-0.0044,0.0121,"Athens-Clarke County, GA"
940,Clarke County,GA,202507,1572.45,-0.0045,0.0055,"Athens-Clarke County, GA"
940,Clarke County,GA,202508,1573.49,0.0007,0.0064,"Athens-Clarke County, GA"
940,Clarke County,GA,202509,1590.46,0.0108,0.017,"Athens-Clarke County, GA"
940,Clarke County,GA,202510,1607.55,0.0107,0.025,"Athens-Clarke County, GA"
940,Clarke County,GA,202511,1608.04,0.0003,0.0232,"Athens-Clarke County, GA"
940,Clarke County,GA,202512,1604.55,-0.0022,0.0218,"Athens-Clarke County, GA"
940,Clarke County,GA,202601,1604.57,0.0,0.0208,"Athens-Clarke County, GA"
940,Clarke County,GA,202602,1607.27,0.0017,0.0254,"Athens-Clarke County, GA"
940,Clarke County,GA,202603,1619.53,0.0076,0.0288,"Athens-Clarke County, GA"
940,Clarke County,GA,202604,1617.53,-0.0012,0.0243,"Athens-Clarke County, GA"
940,Clarke County,GA,202605,1613.81,-0.0023,0.0172,"Athens-Clarke County, GA"
940,Clarke County,GA,202606,1608.94,-0.003,0.0186,"Athens-Clarke County, GA"
940,Clarke County,GA,202607,1610.76,0.0011,0.0244,"Athens-Clarke County, GA"
940,Clarke County,GA,202608,1611.07,0.0002,0.0239,"Athens-Clarke County, GA"
960,Coweta County,GA,201501,1003.02,,,"Atlanta-Sandy Springs-Alpharetta, GA"
960,Coweta County,GA,201502,1004.39,0.0014,,"Atlanta-Sandy Springs-Alpharetta, GA"
960,Coweta County,GA,201503,1005.64,0.0012,,"Atlanta-Sandy Springs-Alpharetta, GA"
960,Coweta County,GA,201504,1003.23,-0.0024,,"Atlanta-Sandy Springs-Alpharetta, GA"
960,Coweta County,GA,201505,1012.09,0.0088,,"Atlanta-Sandy Springs-Alpharetta, GA"
960,Coweta County,GA,201506,1019.2,0.007,,"Atlanta-Sandy Springs-Alpharetta, GA"
960,Coweta County,GA,201507,1028.24,0.0089,,"Atlanta-Sandy Springs-Alpharetta, GA"
960,Coweta County,GA,201508,1032.12,0.0038,,"Atlanta-Sandy Springs-Alpharetta, GA"
960,Coweta County,GA,201509,1025.57,-0.0063,,"Atlanta-Sandy Springs-Alpharetta, GA"
960,Coweta County,GA,201510,1025.88,0.0003,,"Atlanta-Sandy Springs-Alpharetta, GA"
960,Coweta County,GA,201511,1019.13,-0.0066,,"Atlanta-Sandy Springs-Alpharetta, GA"
960,Coweta County,GA,201512,1024.07,0.0049,,"Atlanta-Sandy Springs-Alpharetta, GA"
960,Coweta County,GA,201601,1024.93,0.0008,0.0218,"Atlanta-Sandy Springs-Alpharetta, GA"
960,Coweta County,GA,201602,1030.41,0.0054,0.0259,"Atlanta-Sandy Springs-Alpharetta, GA"
960,Coweta County,GA,201603,1046.06,0.0152,0.0402,"Atlanta-Sandy Springs-Alpharetta, GA"
960,Coweta County,GA,201604,1056.67,0.0101,0.0533,"Atlanta-Sandy Springs-Alpharetta, GA"
960,Coweta County,GA,201605,1070.1,0.0127,0.0573,"Atlanta-Sandy Springs-Alpharetta, GA"
960,Coweta County,GA,201606,1069.95,-0.0001,0.0498,"Atlanta-Sandy Springs-Alpharetta, GA"
960,Coweta County,GA,201607,1079.59,0.009,0.0499,"Atlanta-Sandy Springs-Alpharetta, GA"
960,Coweta County,GA,201608,1081.5,0.0018,0.0478,"Atlanta-Sandy Springs-Alpharetta, GA"
960,Coweta County,GA,201609,1081.47,-0.0,0.0545,"Atlanta-Sandy Springs-Alpharetta, GA"
960,Coweta County,GA,201610,1072.47,-0.0083,0.0454,"Atlanta-Sandy Springs-Alpharetta, GA"
960,Coweta County,GA,201611,1071.83,-0.0006,0.0517,"Atlanta-Sandy Springs-Alpharetta, GA"
960,Coweta County,GA,201612,1075.34,0.0033,0.0501,"Atlanta-Sandy Springs-Alpharetta, GA"
960,Coweta County,GA,201701,1082.19,0.0064,0.0559,"Atlanta-Sandy Springs-Alpharetta, GA"
960,Coweta County,GA,201702,1081.64,-0.0005,0.0497,"Atlanta-Sandy Springs-Alpharetta, GA"
960,Coweta County,GA,201703,1081.28,-0.0003,0.0337,"Atlanta-Sandy Springs-Alpharetta, GA"
960,Coweta County,GA,201704,1096.98,0.0145,0.0382,"Atlanta-Sandy Springs-Alpharetta, GA"
960,Coweta County,GA,201705,1113.08,0.0147,0.0402,"Atlanta-Sandy Springs-Alpharetta, GA"
960,Coweta County,GA,201706,1131.77,0.0168,0.0578,"Atlanta-Sandy Springs-Alpharetta, GA"
960,Coweta County,GA,201707,1128.99,-0.0025,0.0458,"Atlanta-Sandy Springs-Alpharetta, GA"
960,Coweta County,GA,201708,1126.61,-0.0021,0.0417,"Atlanta-Sandy Springs-Alpharetta, GA"
960,Coweta County,GA,201709,1122.09,-0.004,0.0376,"Atlanta-Sandy Springs-Alpharetta, GA"
960,Coweta County,GA,201710,1117.5,-0.0041,0.042,"Atlanta-Sandy Springs-Alpharetta, GA"
960,Coweta County,GA,201711,1119.67,0.0019,0.0446,"Atlanta-Sandy Springs-Alpharetta, GA"
960,Coweta County,GA,201712,1119.04,-0.0006,0.0406,"Atlanta-Sandy Springs-Alpharetta, GA"
960,Coweta County,GA,201801,1121.15,0.0019,0.036,"Atlanta-Sandy Springs-Alpharetta, GA"
960,Coweta County,GA,201802,1119.66,-0.0013,0.0351,"Atlanta-Sandy Springs-Alpharetta, GA"
960,Coweta County,GA,201803,1122.96,0.003,0.0386,"Atlanta-Sandy Springs-Alpharetta, GA"
960,Coweta County,GA,201804,1133.27,0.0092,0.0331,"Atlanta-Sandy Springs-Alpharetta, GA"
960,Coweta County,GA,201805,1148.71,0.0136,0.032,"Atlanta-Sandy Springs-Alpharetta, GA"
960,Coweta County,GA,201806,1160.4,0.0102,0.0253,"Atlanta-Sandy Springs-Alpharetta, GA"
960,Coweta County,GA,201807,1170.28,0.0085,0.0366,"Atlanta-Sandy Springs-Alpharetta, GA"
960,Coweta County,GA,201808,1170.73,0.0004,0.0392,"Atlanta-Sandy Springs-Alpharetta, GA"
960,Coweta County,GA,201809,1173.02,0.002,0.0454,"Atlanta-Sandy Springs-Alpharetta, GA"
960,Coweta County,GA,201810,1164.74,-0.0071,0.0423,"Atlanta-Sandy Springs-Alpharetta, GA"
960,Coweta County,GA,201811,1163.82,-0.0008,0.0394,"Atlanta-Sandy Springs-Alpharetta, GA"
960,Coweta County,GA,201812,1157.76,-0.0052,0.0346,"Atlanta-Sandy Springs-Alpharetta, GA"
960,Coweta County,GA,201901,1167.9,0.0088,0.0417,"Atlanta-Sandy Springs-Alpharetta, GA"
960,Coweta County,GA,201902,1177.15,0.0079,0.0513,"Atlanta-Sandy Springs-Alpharetta, GA"
960,Coweta County,GA,201903,1194.87,0.0151,0.064,"Atlanta-Sandy Springs-Alpharetta, GA"
960,Coweta County,GA,201904,1207.52,0.0106,0.0655,"Atlanta-Sandy Springs-Alpharetta, GA"
960,Coweta County,GA,201905,1213.73,0.0051,0.0566,"Atlanta-Sandy Springs-Alpharetta, GA"
960,Coweta County,GA,201906,1220.73,0.0058,0.052,"Atlanta-Sandy Springs-Alpharetta, GA"
960,Coweta County,GA,201907,1220.71,-0.0,0.0431,"Atlanta-Sandy Springs-Alpharetta, GA"
960,Coweta County,GA,201908,1223.13,0.002,0.0448,"Atlanta-Sandy Springs-Alpharetta, GA"
960,Coweta County,GA,201909,1217.0,-0.005,0.0375,"Atlanta-Sandy Springs-Alpharetta, GA"
960,Coweta County,GA,201910,1214.42,-0.0021,0.0426,"Atlanta-Sandy Springs-Alpharetta, GA"
960,Coweta County,GA,201911,1212.48,-0.0016,0.0418,"Atlanta-Sandy Springs-Alpharetta, GA"
960,Coweta County,GA,201912,1221.0,0.007,0.0546,"Atlanta-Sandy Springs-Alpharetta, GA"
960,Coweta County,GA,202001,1228.09,0.0058,0.0515,"Atlanta-Sandy Springs-Alpharetta, GA"
960,Coweta County,GA,202002,1232.58,0.0037,0.0471,"Atlanta-Sandy Springs-Alpharetta, GA"
960,Coweta County,GA,202003,1235.61,0.0025,0.0341,"Atlanta-Sandy Springs-Alpharetta, GA"
960,Coweta County,GA,202004,1242.68,0.0057,0.0291,"Atlanta-Sandy Springs-Alpharetta, GA"
960,Coweta County,GA,202005,1247.46,0.0038,0.0278,"Atlanta-Sandy Springs-Alpharetta, GA"
960,Coweta County,GA,202006,1256.27,0.0071,0.0291,"Atlanta-Sandy Springs-Alpharetta, GA"
960,Coweta County,GA,202007,1266.57,0.0082,0.0376,"Atlanta-Sandy Springs-Alpharetta, GA"
960,Coweta County,GA,202008,1286.44,0.0157,0.0518,"Atlanta-Sandy Springs-Alpharetta, GA"
960,Coweta County,GA,202009,1308.48,0.0171,0.0752,"Atlanta-Sandy Springs-Alpharetta, GA"
960,Coweta County,GA,202010,1315.02,0.005,0.0828,"Atlanta-Sandy Springs-Alpharetta, GA"
960,Coweta County,GA,202011,1316.14,0.0008,0.0855,"Atlanta-Sandy Springs-Alpharetta, GA"
960,Coweta County,GA,202012,1302.89,-0.0101,0.0671,"Atlanta-Sandy Springs-Alpharetta, GA"
960,Coweta County,GA,202101,1319.58,0.0128,0.0745,"Atlanta-Sandy Springs-Alpharetta, GA"
960,Coweta County,GA,202102,1336.55,0.0129,0.0844,"Atlanta-Sandy Springs-Alpharetta, GA"
960,Coweta County,GA,202103,1368.54,0.0239,0.1076,"Atlanta-Sandy Springs-Alpharetta, GA"
960,Coweta County,GA,202104,1395.87,0.02,0.1233,"Atlanta-Sandy Springs-Alpharetta, GA"
960,Coweta County,GA,202105,1436.46,0.0291,0.1515,"Atlanta-Sandy Springs-Alpharetta, GA"
960,Coweta County,GA,202106,1474.7,0.0266,0.1739,"Atlanta-Sandy Springs-Alpharetta, GA"
960,Coweta County,GA,202107,1512.92,0.0259,0.1945,"Atlanta-Sandy Springs-Alpharetta, GA"
960,Coweta County,GA,202108,1561.97,0.0324,0.2142,"Atlanta-Sandy Springs-Alpharetta, GA"
960,Coweta County,GA,202109,1590.59,0.0183,0.2156,"Atlanta-Sandy Springs-Alpharetta, GA"
960,Coweta County,GA,202110,1627.07,0.0229,0.2373,"Atlanta-Sandy Springs-Alpharetta, GA"
960,Coweta County,GA,202111,1630.21,0.0019,0.2386,"Atlanta-Sandy Springs-Alpharetta, GA"
960,Coweta County,GA,202112,1642.27,0.0074,0.2605,"Atlanta-Sandy Springs-Alpharetta, GA"
960,Coweta County,GA,202201,1629.97,-0.0075,0.2352,"Atlanta-Sandy Springs-Alpharetta, GA"
960,Coweta County,GA,202202,1625.72,-0.0026,0.2163,"Atlanta-Sandy Springs-Alpharetta, GA"
960,Coweta County,GA,202203,1638.19,0.0077,0.197,"Atlanta-Sandy Springs-Alpharetta, GA"
960,Coweta County,GA,202204,1649.35,0.0068,0.1816,"Atlanta-Sandy Springs-Alpharetta, GA"
960,Coweta County,GA,202205,1683.31,0.0206,0.1718,"Atlanta-Sandy Springs-Alpharetta, GA"
960,Coweta County,GA,202206,1696.98,0.0081,0.1507,"Atlanta-Sandy Springs-Alpharetta, GA"
960,Coweta County,GA,202207,1723.83,0.0158,0.1394,"Atlanta-Sandy Springs-Alpharetta, GA"
960,Coweta County,GA,202208,1723.91,0.0,0.1037,"Atlanta-Sandy Springs-Alpharetta, GA"
960,Coweta County,GA,202209,1725.04,0.0007,0.0845,"Atlanta-Sandy Springs-Alpharetta, GA"
960,Coweta County,GA,202210,1701.61,-0.0136,0.0458,"Atlanta-Sandy Springs-Alpharetta, GA"
960,Coweta County,GA,202211,1695.25,-0.0037,0.0399,"Atlanta-Sandy Springs-Alpharetta, GA"
960,Coweta County,GA,202212,1680.12,-0.0089,0.023,"Atlanta-Sandy Springs-Alpharetta, GA"
960,Coweta County,GA,202301,1686.15,0.0036,0.0345,"Atlanta-Sandy Springs-Alpharetta, GA"
960,Coweta County,GA,202302,1675.15,-0.0065,0.0304,"Atlanta-Sandy Springs-Alpharetta, GA"
960,Coweta County,GA,202303,1690.4,0.0091,0.0319,"Atlanta-Sandy Springs-Alpharetta, GA"
960,Coweta County,GA,202304,1701.11,0.0063,0.0314,"Atlanta-Sandy Springs-Alpharetta, GA"
960,Coweta County,GA,202305,1725.7,0.0145,0.0252,"Atlanta-Sandy Springs-Alpharetta, GA"
960,Coweta County,GA,202306,1727.88,0.0013,0.0182,"Atlanta-Sandy Springs-Alpharetta, GA"
960,Coweta County,GA,202307,1732.32,0.0026,0.0049,"Atlanta-Sandy Springs-Alpharetta, GA"
960,Coweta County,GA,202308,1714.98,-0.01,-0.0052,"Atlanta-Sandy Springs-Alpharetta, GA"
960,Coweta County,GA,202309,1719.38,0.0026,-0.0033,"Atlanta-Sandy Springs-Alpharetta, GA"
960,Coweta County,GA,202310,1723.72,0.0025,0.013,"Atlanta-Sandy Springs-Alpharetta, GA"
960,Coweta County,GA,202311,1734.57,0.0063,0.0232,"Atlanta-Sandy Springs-Alpharetta, GA"
960,Coweta County,GA,202312,1735.01,0.0003,0.0327,"Atlanta-Sandy Springs-Alpharetta, GA"
960,Coweta County,GA,202401,1739.71,0.0027,0.0318,"Atlanta-Sandy Springs-Alpharetta, GA"
960,Coweta County,GA,202402,1756.18,0.0095,0.0484,"Atlanta-Sandy Springs-Alpharetta, GA"
960,Coweta County,GA,202403,1765.37,0.0052,0.0444,"Atlanta-Sandy Springs-Alpharetta, GA"
960,Coweta County,GA,202404,1768.02,0.0015,0.0393,"Atlanta-Sandy Springs-Alpharetta, GA"
960,Coweta County,GA,202405,1754.84,-0.0075,0.0169,"Atlanta-Sandy Springs-Alpharetta, GA"
960,Coweta County,GA,202406,1749.36,-0.0031,0.0124,"Atlanta-Sandy Springs-Alpharetta, GA"
960,Coweta County,GA,202407,1743.39,-0.0034,0.0064,"Atlanta-Sandy Springs-Alpharetta, GA"
960,Coweta County,GA,202408,1754.46,0.0063,0.023,"Atlanta-Sandy Springs-Alpharetta, GA"
960,Coweta County,GA,202409,1750.69,-0.0021,0.0182,"Atlanta-Sandy Springs-Alpharetta, GA"
960,Coweta County,GA,202410,1748.11,-0.0015,0.0141,"Atlanta-Sandy Springs-Alpharetta, GA"
960,Coweta County,GA,202411,1743.99,-0.0024,0.0054,"Atlanta-Sandy Springs-Alpharetta, GA"
960,Coweta County,GA,202412,1753.27,0.0053,0.0105,"Atlanta-Sandy Springs-Alpharetta, GA"
960,Coweta County,GA,202501,1761.81,0.0049,0.0127,"Atlanta-Sandy Springs-Alpharetta, GA"
960,Coweta County,GA,202502,1764.95,0.0018,0.005,"Atlanta-Sandy Springs-Alpharetta, GA"
960,Coweta County,GA,202503,1771.89,0.0039,0.0037,"Atlanta-Sandy Springs-Alpharetta, GA"
960,Coweta County,GA,202504,1761.2,-0.006,-0.0039,"Atlanta-Sandy Springs-Alpharetta, GA"
960,Coweta County,GA,202505,1762.41,0.0007,0.0043,"Atlanta-Sandy Springs-Alpharetta, GA"
960,Coweta County,GA,202506,1761.46,-0.0005,0.0069,"Atlanta-Sandy Springs-Alpharetta, GA"
960,Coweta County,GA,202507,1765.72,0.0024,0.0128,"Atlanta-Sandy Springs-Alpharetta, GA"
960,Coweta County,GA,202508,1763.89,-0.001,0.0054,"Atlanta-Sandy Springs-Alpharetta, GA"
960,Coweta County,GA,202509,1769.91,0.0034,0.011,"Atlanta-Sandy Springs-Alpharetta, GA"
960,Coweta County,GA,202510,1789.6,0.0111,0.0237,"Atlanta-Sandy Springs-Alpharetta, GA"
960,Coweta County,GA,202511,1798.94,0.0052,0.0315,"Atlanta-Sandy Springs-Alpharetta, GA"
960,Coweta County,GA,202512,1787.09,-0.0066,0.0193,"Atlanta-Sandy Springs-Alpharetta, GA"
960,Coweta County,GA,202601,1770.73,-0.0092,0.0051,"Atlanta-Sandy Springs-Alpharetta, GA"
960,Coweta County,GA,202602,1766.46,-0.0024,0.0009,"Atlanta-Sandy Springs-Alpharetta, GA"
960,Coweta County,GA,202603,1775.43,0.0051,0.002,"Atlanta-Sandy Springs-Alpharetta, GA"
960,Coweta County,GA,202604,1782.43,0.0039,0.0121,"Atlanta-Sandy Springs-Alpharetta, GA"
960,Coweta County,GA,202605,1786.68,0.0024,0.0138,"Atlanta-Sandy Springs-Alpharetta, GA"
960,Coweta County,GA,202606,1791.62,0.0028,0.0171,"Atlanta-Sandy Springs-Alpharetta, GA"
960,Coweta County,GA,202607,1808.02,0.0092,0.024,"Atlanta-Sandy Springs-Alpharetta, GA"
960,Coweta County,GA,202608,1809.36,0.0007,0.0258,"Atlanta-Sandy Springs-Alpharetta, GA"
979,Dawson County,GA,202304,2003.26,,,"Atlanta-Sandy Springs-Alpharetta, GA"
979,Dawson County,GA,202305,1998.55,-0.0024,,"Atlanta-Sandy Springs-Alpharetta, GA"
979,Dawson County,GA,202306,1958.16,-0.0202,,"Atlanta-Sandy Springs-Alpharetta, GA"
979,Dawson County,GA,202307,1974.11,0.0081,,"Atlanta-Sandy Springs-Alpharetta, GA"
979,Dawson County,GA,202308,2005.68,0.016,,"Atlanta-Sandy Springs-Alpharetta, GA"
979,Dawson County,GA,202309,2056.0,0.0251,,"Atlanta-Sandy Springs-Alpharetta, GA"
979,Dawson County,GA,202310,2017.91,-0.0185,,"Atlanta-Sandy Springs-Alpharetta, GA"
979,Dawson County,GA,202311,2008.32,-0.0048,,"Atlanta-Sandy Springs-Alpharetta, GA"
979,Dawson County,GA,202312,1992.73,-0.0078,,"Atlanta-Sandy Springs-Alpharetta, GA"
979,Dawson County,GA,202401,2012.23,0.0098,,"Atlanta-Sandy Springs-Alpharetta, GA"
979,Dawson County,GA,202402,2038.48,0.013,,"Atlanta-Sandy Springs-Alpharetta, GA"
979,Dawson County,GA,202403,2066.03,0.0135,,"Atlanta-Sandy Springs-Alpharetta, GA"
979,Dawson County,GA,202404,2066.7,0.0003,0.0317,"Atlanta-Sandy Springs-Alpharetta, GA"
979,Dawson County,GA,202405,2059.02,-0.0037,0.0303,"Atlanta-Sandy Springs-Alpharetta, GA"
979,Dawson County,GA,202406,2044.71,-0.007,0.0442,"Atlanta-Sandy Springs-Alpharetta, GA"
979,Dawson County,GA,202407,2051.96,0.0035,0.0394,"Atlanta-Sandy Springs-Alpharetta, GA"
979,Dawson County,GA,202408,2057.2,0.0026,0.0257,"Atlanta-Sandy Springs-Alpharetta, GA"
979,Dawson County,GA,202409,2062.2,0.0024,0.003,"Atlanta-Sandy Springs-Alpharetta, GA"
979,Dawson County,GA,202410,2066.19,0.0019,0.0239,"Atlanta-Sandy Springs-Alpharetta, GA"
979,Dawson County,GA,202411,2025.11,-0.0199,0.0084,"Atlanta-Sandy Springs-Alpharetta, GA"
979,Dawson County,GA,202412,2006.64,-0.0091,0.007,"Atlanta-Sandy Springs-Alpharetta, GA"
979,Dawson County,GA,202501,1995.73,-0.0054,-0.0082,"Atlanta-Sandy Springs-Alpharetta, GA"
979,Dawson County,GA,202502,2017.9,0.0111,-0.0101,"Atlanta-Sandy Springs-Alpharetta, GA"
979,Dawson County,GA,202503,2040.09,0.011,-0.0126,"Atlanta-Sandy Springs-Alpharetta, GA"
979,Dawson County,GA,202504,2052.15,0.0059,-0.007,"Atlanta-Sandy Springs-Alpharetta, GA"
979,Dawson County,GA,202505,2085.39,0.0162,0.0128,"Atlanta-Sandy Springs-Alpharetta, GA"
979,Dawson County,GA,202506,2083.89,-0.0007,0.0192,"Atlanta-Sandy Springs-Alpharetta, GA"
979,Dawson County,GA,202507,2080.1,-0.0018,0.0137,"Atlanta-Sandy Springs-Alpharetta, GA"
979,Dawson County,GA,202508,2070.57,-0.0046,0.0065,"Atlanta-Sandy Springs-Alpharetta, GA"
979,Dawson County,GA,202509,2083.68,0.0063,0.0104,"Atlanta-Sandy Springs-Alpharetta, GA"
979,Dawson County,GA,202510,2094.13,0.005,0.0135,"Atlanta-Sandy Springs-Alpharetta, GA"
979,Dawson County,GA,202511,2096.56,0.0012,0.0353,"Atlanta-Sandy Springs-Alpharetta, GA"
979,Dawson County,GA,202512,2073.86,-0.0108,0.0335,"Atlanta-Sandy Springs-Alpharetta, GA"
979,Dawson County,GA,202601,2065.16,-0.0042,0.0348,"Atlanta-Sandy Springs-Alpharetta, GA"
979,Dawson County,GA,202602,2061.2,-0.0019,0.0215,"Atlanta-Sandy Springs-Alpharetta, GA"
979,Dawson County,GA,202603,2088.57,0.0133,0.0238,"Atlanta-Sandy Springs-Alpharetta, GA"
979,Dawson County,GA,202604,2104.83,0.0078,0.0257,"Atlanta-Sandy Springs-Alpharetta, GA"
979,Dawson County,GA,202605,2109.58,0.0023,0.0116,"Atlanta-Sandy Springs-Alpharetta, GA"
979,Dawson County,GA,202606,2120.26,0.0051,0.0175,"Atlanta-Sandy Springs-Alpharetta, GA"
979,Dawson County,GA,202607,2121.69,0.0007,0.02,"Atlanta-Sandy Springs-Alpharetta, GA"
979,Dawson County,GA,202608,2126.13,0.0021,0.0268,"Atlanta-Sandy Springs-Alpharetta, GA"
984,Dekalb County,GA,201501,932.07,,,"Atlanta-Sandy Springs-Alpharetta, GA"
984,Dekalb County,GA,201502,936.09,0.0043,,"Atlanta-Sandy Springs-Alpharetta, GA"
984,Dekalb County,GA,201503,937.35,0.0013,,"Atlanta-Sandy Springs-Alpharetta, GA"
984,Dekalb County,GA,201504,945.58,0.0088,,"Atlanta-Sandy Springs-Alpharetta, GA"
984,Dekalb County,GA,201505,954.3,0.0092,,"Atlanta-Sandy Springs-Alpharetta, GA"
984,Dekalb County,GA,201506,963.21,0.0093,,"Atlanta-Sandy Springs-Alpharetta, GA"
984,Dekalb County,GA,201507,970.21,0.0073,,"Atlanta-Sandy Springs-Alpharetta, GA"
984,Dekalb County,GA,201508,971.13,0.0009,,"Atlanta-Sandy Springs-Alpharetta, GA"
984,Dekalb County,GA,201509,973.09,0.002,,"Atlanta-Sandy Springs-Alpharetta, GA"
984,Dekalb County,GA,201510,969.57,-0.0036,,"Atlanta-Sandy Springs-Alpharetta, GA"
984,Dekalb County,GA,201511,972.62,0.0032,,"Atlanta-Sandy Springs-Alpharetta, GA"
984,Dekalb County,GA,201512,974.84,0.0023,,"Atlanta-Sandy Springs-Alpharetta, GA"
984,Dekalb County,GA,201601,981.07,0.0064,0.0526,"Atlanta-Sandy Springs-Alpharetta, GA"
984,Dekalb County,GA,201602,986.93,0.006,0.0543,"Atlanta-Sandy Springs-Alpharetta, GA"
984,Dekalb County,GA,201603,997.48,0.0107,0.0642,"Atlanta-Sandy Springs-Alpharetta, GA"
984,Dekalb County,GA,201604,1006.57,0.0091,0.0645,"Atlanta-Sandy Springs-Alpharetta, GA"
984,Dekalb County,GA,201605,1016.23,0.0096,0.0649,"Atlanta-Sandy Springs-Alpharetta, GA"
984,Dekalb County,GA,201606,1020.97,0.0047,0.06,"Atlanta-Sandy Springs-Alpharetta, GA"
984,Dekalb County,GA,201607,1029.25,0.0081,0.0608,"Atlanta-Sandy Springs-Alpharetta, GA"
984,Dekalb County,GA,201608,1031.84,0.0025,0.0625,"Atlanta-Sandy Springs-Alpharetta, GA"
984,Dekalb County,GA,201609,1033.69,0.0018,0.0623,"Atlanta-Sandy Springs-Alpharetta, GA"
984,Dekalb County,GA,201610,1038.27,0.0044,0.0709,"Atlanta-Sandy Springs-Alpharetta, GA"
984,Dekalb County,GA,201611,1042.53,0.0041,0.0719,"Atlanta-Sandy Springs-Alpharetta, GA"
984,Dekalb County,GA,201612,1046.57,0.0039,0.0736,"Atlanta-Sandy Springs-Alpharetta, GA"
984,Dekalb County,GA,201701,1049.83,0.0031,0.0701,"Atlanta-Sandy Springs-Alpharetta, GA"
984,Dekalb County,GA,201702,1058.37,0.0081,0.0724,"Atlanta-Sandy Springs-Alpharetta, GA"
984,Dekalb County,GA,201703,1070.44,0.0114,0.0731,"Atlanta-Sandy Springs-Alpharetta, GA"
984,Dekalb County,GA,201704,1080.67,0.0096,0.0736,"Atlanta-Sandy Springs-Alpharetta, GA"
984,Dekalb County,GA,201705,1092.19,0.0107,0.0747,"Atlanta-Sandy Springs-Alpharetta, GA"
984,Dekalb County,GA,201706,1101.33,0.0084,0.0787,"Atlanta-Sandy Springs-Alpharetta, GA"
984,Dekalb County,GA,201707,1110.88,0.0087,0.0793,"Atlanta-Sandy Springs-Alpharetta, GA"
984,Dekalb County,GA,201708,1110.63,-0.0002,0.0764,"Atlanta-Sandy Springs-Alpharetta, GA"
984,Dekalb County,GA,201709,1112.75,0.0019,0.0765,"Atlanta-Sandy Springs-Alpharetta, GA"
984,Dekalb County,GA,201710,1110.58,-0.002,0.0696,"Atlanta-Sandy Springs-Alpharetta, GA"
984,Dekalb County,GA,201711,1114.42,0.0035,0.069,"Atlanta-Sandy Springs-Alpharetta, GA"
984,Dekalb County,GA,201712,1117.48,0.0027,0.0678,"Atlanta-Sandy Springs-Alpharetta, GA"
984,Dekalb County,GA,201801,1122.74,0.0047,0.0694,"Atlanta-Sandy Springs-Alpharetta, GA"
984,Dekalb County,GA,201802,1127.75,0.0045,0.0656,"Atlanta-Sandy Springs-Alpharetta, GA"
984,Dekalb County,GA,201803,1137.2,0.0084,0.0624,"Atlanta-Sandy Springs-Alpharetta, GA"
984,Dekalb County,GA,201804,1150.89,0.012,0.065,"Atlanta-Sandy Springs-Alpharetta, GA"
984,Dekalb County,GA,201805,1163.57,0.011,0.0654,"Atlanta-Sandy Springs-Alpharetta, GA"
984,Dekalb County,GA,201806,1173.75,0.0087,0.0658,"Atlanta-Sandy Springs-Alpharetta, GA"
984,Dekalb County,GA,201807,1176.36,0.0022,0.0589,"Atlanta-Sandy Springs-Alpharetta, GA"
984,Dekalb County,GA,201808,1175.84,-0.0004,0.0587,"Atlanta-Sandy Springs-Alpharetta, GA"
984,Dekalb County,GA,201809,1171.93,-0.0033,0.0532,"Atlanta-Sandy Springs-Alpharetta, GA"
984,Dekalb County,GA,201810,1178.32,0.0055,0.061,"Atlanta-Sandy Springs-Alpharetta, GA"
984,Dekalb County,GA,201811,1187.0,0.0074,0.0651,"Atlanta-Sandy Springs-Alpharetta, GA"
984,Dekalb County,GA,201812,1194.72,0.0065,0.0691,"Atlanta-Sandy Springs-Alpharetta, GA"
984,Dekalb County,GA,201901,1198.25,0.003,0.0673,"Atlanta-Sandy Springs-Alpharetta, GA"
984,Dekalb County,GA,201902,1206.94,0.0073,0.0702,"Atlanta-Sandy Springs-Alpharetta, GA"
984,Dekalb County,GA,201903,1218.19,0.0093,0.0712,"Atlanta-Sandy Springs-Alpharetta, GA"
984,Dekalb County,GA,201904,1230.73,0.0103,0.0694,"Atlanta-Sandy Springs-Alpharetta, GA"
984,Dekalb County,GA,201905,1240.98,0.0083,0.0665,"Atlanta-Sandy Springs-Alpharetta, GA"
984,Dekalb County,GA,201906,1249.87,0.0072,0.0648,"Atlanta-Sandy Springs-Alpharetta, GA"
984,Dekalb County,GA,201907,1258.33,0.0068,0.0697,"Atlanta-Sandy Springs-Alpharetta, GA"
984,Dekalb County,GA,201908,1262.55,0.0034,0.0737,"Atlanta-Sandy Springs-Alpharetta, GA"
984,Dekalb County,GA,201909,1261.57,-0.0008,0.0765,"Atlanta-Sandy Springs-Alpharetta, GA"
984,Dekalb County,GA,201910,1260.22,-0.0011,0.0695,"Atlanta-Sandy Springs-Alpharetta, GA"
984,Dekalb County,GA,201911,1256.01,-0.0033,0.0581,"Atlanta-Sandy Springs-Alpharetta, GA"
984,Dekalb County,GA,201912,1261.67,0.0045,0.056,"Atlanta-Sandy Springs-Alpharetta, GA"
984,Dekalb County,GA,202001,1263.04,0.0011,0.0541,"Atlanta-Sandy Springs-Alpharetta, GA"
984,Dekalb County,GA,202002,1272.42,0.0074,0.0542,"Atlanta-Sandy Springs-Alpharetta, GA"
984,Dekalb County,GA,202003,1279.84,0.0058,0.0506,"Atlanta-Sandy Springs-Alpharetta, GA"
984,Dekalb County,GA,202004,1290.84,0.0086,0.0488,"Atlanta-Sandy Springs-Alpharetta, GA"
984,Dekalb County,GA,202005,1295.17,0.0033,0.0437,"Atlanta-Sandy Springs-Alpharetta, GA"
984,Dekalb County,GA,202006,1302.4,0.0056,0.042,"Atlanta-Sandy Springs-Alpharetta, GA"
984,Dekalb County,GA,202007,1313.49,0.0085,0.0438,"Atlanta-Sandy Springs-Alpharetta, GA"
984,Dekalb County,GA,202008,1323.81,0.0079,0.0485,"Atlanta-Sandy Springs-Alpharetta, GA"
984,Dekalb County,GA,202009,1327.08,0.0025,0.0519,"Atlanta-Sandy Springs-Alpharetta, GA"
984,Dekalb County,GA,202010,1328.14,0.0008,0.0539,"Atlanta-Sandy Springs-Alpharetta, GA"
984,Dekalb County,GA,202011,1335.41,0.0055,0.0632,"Atlanta-Sandy Springs-Alpharetta, GA"
984,Dekalb County,GA,202012,1342.91,0.0056,0.0644,"Atlanta-Sandy Springs-Alpharetta, GA"
984,Dekalb County,GA,202101,1351.22,0.0062,0.0698,"Atlanta-Sandy Springs-Alpharetta, GA"
984,Dekalb County,GA,202102,1363.19,0.0089,0.0713,"Atlanta-Sandy Springs-Alpharetta, GA"
984,Dekalb County,GA,202103,1380.93,0.013,0.079,"Atlanta-Sandy Springs-Alpharetta, GA"
984,Dekalb County,GA,202104,1404.0,0.0167,0.0877,"Atlanta-Sandy Springs-Alpharetta, GA"
984,Dekalb County,GA,202105,1430.66,0.019,0.1046,"Atlanta-Sandy Springs-Alpharetta, GA"
984,Dekalb County,GA,202106,1470.32,0.0277,0.1289,"Atlanta-Sandy Springs-Alpharetta, GA"
984,Dekalb County,GA,202107,1512.97,0.029,0.1519,"Atlanta-Sandy Springs-Alpharetta, GA"
984,Dekalb County,GA,202108,1553.89,0.027,0.1738,"Atlanta-Sandy Springs-Alpharetta, GA"
984,Dekalb County,GA,202109,1577.71,0.0153,0.1889,"Atlanta-Sandy Springs-Alpharetta, GA"
984,Dekalb County,GA,202110,1596.15,0.0117,0.2018,"Atlanta-Sandy Springs-Alpharetta, GA"
984,Dekalb County,GA,202111,1601.95,0.0036,0.1996,"Atlanta-Sandy Springs-Alpharetta, GA"
984,Dekalb County,GA,202112,1608.68,0.0042,0.1979,"Atlanta-Sandy Springs-Alpharetta, GA"
984,Dekalb County,GA,202201,1614.86,0.0038,0.1951,"Atlanta-Sandy Springs-Alpharetta, GA"
984,Dekalb County,GA,202202,1623.85,0.0056,0.1912,"Atlanta-Sandy Springs-Alpharetta, GA"
984,Dekalb County,GA,202203,1636.2,0.0076,0.1849,"Atlanta-Sandy Springs-Alpharetta, GA"
984,Dekalb County,GA,202204,1645.11,0.0054,0.1717,"Atlanta-Sandy Springs-Alpharetta, GA"
984,Dekalb County,GA,202205,1661.44,0.0099,0.1613,"Atlanta-Sandy Springs-Alpharetta, GA"
984,Dekalb County,GA,202206,1673.05,0.007,0.1379,"Atlanta-Sandy Springs-Alpharetta, GA"
984,Dekalb County,GA,202207,1687.24,0.0085,0.1152,"Atlanta-Sandy Springs-Alpharetta, GA"
984,Dekalb County,GA,202208,1698.24,0.0065,0.0929,"Atlanta-Sandy Springs-Alpharetta, GA"
984,Dekalb County,GA,202209,1705.16,0.0041,0.0808,"Atlanta-Sandy Springs-Alpharetta, GA"
984,Dekalb County,GA,202210,1696.87,-0.0049,0.0631,"Atlanta-Sandy Springs-Alpharetta, GA"
984,Dekalb County,GA,202211,1685.48,-0.0067,0.0521,"Atlanta-Sandy Springs-Alpharetta, GA"
984,Dekalb County,GA,202212,1676.98,-0.005,0.0425,"Atlanta-Sandy Springs-Alpharetta, GA"
984,Dekalb County,GA,202301,1677.99,0.0006,0.0391,"Atlanta-Sandy Springs-Alpharetta, GA"
984,Dekalb County,GA,202302,1682.27,0.0026,0.036,"Atlanta-Sandy Springs-Alpharetta, GA"
984,Dekalb County,GA,202303,1689.01,0.004,0.0323,"Atlanta-Sandy Springs-Alpharetta, GA"
984,Dekalb County,GA,202304,1694.4,0.0032,0.03,"Atlanta-Sandy Springs-Alpharetta, GA"
984,Dekalb County,GA,202305,1697.51,0.0018,0.0217,"Atlanta-Sandy Springs-Alpharetta, GA"
984,Dekalb County,GA,202306,1697.36,-0.0001,0.0145,"Atlanta-Sandy Springs-Alpharetta, GA"
984,Dekalb County,GA,202307,1699.75,0.0014,0.0074,"Atlanta-Sandy Springs-Alpharetta, GA"
984,Dekalb County,GA,202308,1697.37,-0.0014,-0.0005,"Atlanta-Sandy Springs-Alpharetta, GA"
984,Dekalb County,GA,202309,1689.82,-0.0044,-0.009,"Atlanta-Sandy Springs-Alpharetta, GA"
984,Dekalb County,GA,202310,1676.09,-0.0081,-0.0123,"Atlanta-Sandy Springs-Alpharetta, GA"
984,Dekalb County,GA,202311,1663.1,-0.0077,-0.0133,"Atlanta-Sandy Springs-Alpharetta, GA"
984,Dekalb County,GA,202312,1655.7,-0.0045,-0.0127,"Atlanta-Sandy Springs-Alpharetta, GA"
984,Dekalb County,GA,202401,1656.34,0.0004,-0.0129,"Atlanta-Sandy Springs-Alpharetta, GA"
984,Dekalb County,GA,202402,1661.53,0.0031,-0.0123,"Atlanta-Sandy Springs-Alpharetta, GA"
984,Dekalb County,GA,202403,1670.79,0.0056,-0.0108,"Atlanta-Sandy Springs-Alpharetta, GA"
984,Dekalb County,GA,202404,1677.9,0.0043,-0.0097,"Atlanta-Sandy Springs-Alpharetta, GA"
984,Dekalb County,GA,202405,1685.72,0.0047,-0.0069,"Atlanta-Sandy Springs-Alpharetta, GA"
984,Dekalb County,GA,202406,1693.17,0.0044,-0.0025,"Atlanta-Sandy Springs-Alpharetta, GA"
984,Dekalb County,GA,202407,1695.6,0.0014,-0.0024,"Atlanta-Sandy Springs-Alpharetta, GA"
984,Dekalb County,GA,202408,1696.15,0.0003,-0.0007,"Atlanta-Sandy Springs-Alpharetta, GA"
984,Dekalb County,GA,202409,1695.31,-0.0005,0.0033,"Atlanta-Sandy Springs-Alpharetta, GA"
984,Dekalb County,GA,202410,1693.29,-0.0012,0.0103,"Atlanta-Sandy Springs-Alpharetta, GA"
984,Dekalb County,GA,202411,1687.17,-0.0036,0.0145,"Atlanta-Sandy Springs-Alpharetta, GA"
984,Dekalb County,GA,202412,1679.1,-0.0048,0.0141,"Atlanta-Sandy Springs-Alpharetta, GA"
984,Dekalb County,GA,202501,1683.62,0.0027,0.0165,"Atlanta-Sandy Springs-Alpharetta, GA"
984,Dekalb County,GA,202502,1696.88,0.0079,0.0213,"Atlanta-Sandy Springs-Alpharetta, GA"
984,Dekalb County,GA,202503,1703.68,0.004,0.0197,"Atlanta-Sandy Springs-Alpharetta, GA"
984,Dekalb County,GA,202504,1704.5,0.0005,0.0159,"Atlanta-Sandy Springs-Alpharetta, GA"
984,Dekalb County,GA,202505,1702.17,-0.0014,0.0098,"Atlanta-Sandy Springs-Alpharetta, GA"
984,Dekalb County,GA,202506,1707.54,0.0032,0.0085,"Atlanta-Sandy Springs-Alpharetta, GA"
984,Dekalb County,GA,202507,1716.92,0.0055,0.0126,"Atlanta-Sandy Springs-Alpharetta, GA"
984,Dekalb County,GA,202508,1722.85,0.0035,0.0157,"Atlanta-Sandy Springs-Alpharetta, GA"
984,Dekalb County,GA,202509,1727.13,0.0025,0.0188,"Atlanta-Sandy Springs-Alpharetta, GA"
984,Dekalb County,GA,202510,1726.18,-0.0005,0.0194,"Atlanta-Sandy Springs-Alpharetta, GA"
984,Dekalb County,GA,202511,1721.24,-0.0029,0.0202,"Atlanta-Sandy Springs-Alpharetta, GA"
984,Dekalb County,GA,202512,1718.13,-0.0018,0.0232,"Atlanta-Sandy Springs-Alpharetta, GA"
984,Dekalb County,GA,202601,1721.48,0.0019,0.0225,"Atlanta-Sandy Springs-Alpharetta, GA"
984,Dekalb County,GA,202602,1716.78,-0.0027,0.0117,"Atlanta-Sandy Springs-Alpharetta, GA"
984,Dekalb County,GA,202603,1727.1,0.006,0.0137,"Atlanta-Sandy Springs-Alpharetta, GA"
984,Dekalb County,GA,202604,1730.51,0.002,0.0153,"Atlanta-Sandy Springs-Alpharetta, GA"
984,Dekalb County,GA,202605,1747.03,0.0095,0.0264,"Atlanta-Sandy Springs-Alpharetta, GA"
984,Dekalb County,GA,202606,1750.09,0.0017,0.0249,"Atlanta-Sandy Springs-Alpharetta, GA"
984,Dekalb County,GA,202607,1753.42,0.0019,0.0213,"Atlanta-Sandy Springs-Alpharetta, GA"
984,Dekalb County,GA,202608,1757.83,0.0025,0.0203,"Atlanta-Sandy Springs-Alpharetta, GA"
1010,Fannin County,GA,202608,1912.5,,,
1020,Fulton County,GA,201501,1071.61,,,"Atlanta-Sandy Springs-Alpharetta, GA"
1020,Fulton County,GA,201502,1082.0,0.0097,,"Atlanta-Sandy Springs-Alpharetta, GA"
1020,Fulton County,GA,201503,1084.54,0.0023,,"Atlanta-Sandy Springs-Alpharetta, GA"
1020,Fulton County,GA,201504,1098.31,0.0127,,"Atlanta-Sandy Springs-Alpharetta, GA"
1020,Fulton County,GA,201505,1103.97,0.0052,,"Atlanta-Sandy Springs-Alpharetta, GA"
1020,Fulton County,GA,201506,1123.18,0.0174,,"Atlanta-Sandy Springs-Alpharetta, GA"
1020,Fulton County,GA,201507,1129.58,0.0057,,"Atlanta-Sandy Springs-Alpharetta, GA"
1020,Fulton County,GA,201508,1129.37,-0.0002,,"Atlanta-Sandy Springs-Alpharetta, GA"
1020,Fulton County,GA,201509,1126.15,-0.0029,,"Atlanta-Sandy Springs-Alpharetta, GA"
1020,Fulton County,GA,201510,1131.03,0.0043,,"Atlanta-Sandy Springs-Alpharetta, GA"
1020,Fulton County,GA,201511,1130.23,-0.0007,,"Atlanta-Sandy Springs-Alpharetta, GA"
1020,Fulton County,GA,201512,1140.85,0.0094,,"Atlanta-Sandy Springs-Alpharetta, GA"
1020,Fulton County,GA,201601,1144.25,0.003,0.0678,"Atlanta-Sandy Springs-Alpharetta, GA"
1020,Fulton County,GA,201602,1154.36,0.0088,0.0669,"Atlanta-Sandy Springs-Alpharetta, GA"
1020,Fulton County,GA,201603,1160.26,0.0051,0.0698,"Atlanta-Sandy Springs-Alpharetta, GA"
1020,Fulton County,GA,201604,1168.36,0.007,0.0638,"Atlanta-Sandy Springs-Alpharetta, GA"
1020,Fulton County,GA,201605,1184.96,0.0142,0.0734,"Atlanta-Sandy Springs-Alpharetta, GA"
1020,Fulton County,GA,201606,1197.09,0.0102,0.0658,"Atlanta-Sandy Springs-Alpharetta, GA"
1020,Fulton County,GA,201607,1206.72,0.008,0.0683,"Atlanta-Sandy Springs-Alpharetta, GA"
1020,Fulton County,GA,201608,1209.97,0.0027,0.0714,"Atlanta-Sandy Springs-Alpharetta, GA"
1020,Fulton County,GA,201609,1207.59,-0.002,0.0723,"Atlanta-Sandy Springs-Alpharetta, GA"
1020,Fulton County,GA,201610,1211.04,0.0029,0.0707,"Atlanta-Sandy Springs-Alpharetta, GA"
1020,Fulton County,GA,201611,1213.94,0.0024,0.0741,"Atlanta-Sandy Springs-Alpharetta, GA"
1020,Fulton County,GA,201612,1217.9,0.0033,0.0675,"Atlanta-Sandy Springs-Alpharetta, GA"
1020,Fulton County,GA,201701,1222.53,0.0038,0.0684,"Atlanta-Sandy Springs-Alpharetta, GA"
1020,Fulton County,GA,201702,1229.31,0.0055,0.0649,"Atlanta-Sandy Springs-Alpharetta, GA"
1020,Fulton County,GA,201703,1241.57,0.01,0.0701,"Atlanta-Sandy Springs-Alpharetta, GA"
1020,Fulton County,GA,201704,1253.91,0.0099,0.0732,"Atlanta-Sandy Springs-Alpharetta, GA"
1020,Fulton County,GA,201705,1269.39,0.0123,0.0713,"Atlanta-Sandy Springs-Alpharetta, GA"
1020,Fulton County,GA,201706,1279.9,0.0083,0.0692,"Atlanta-Sandy Springs-Alpharetta, GA"
1020,Fulton County,GA,201707,1290.45,0.0082,0.0694,"Atlanta-Sandy Springs-Alpharetta, GA"
1020,Fulton County,GA,201708,1294.85,0.0034,0.0702,"Atlanta-Sandy Springs-Alpharetta, GA"
1020,Fulton County,GA,201709,1299.31,0.0034,0.0759,"Atlanta-Sandy Springs-Alpharetta, GA"
1020,Fulton County,GA,201710,1295.73,-0.0028,0.0699,"Atlanta-Sandy Springs-Alpharetta, GA"
1020,Fulton County,GA,201711,1298.65,0.0023,0.0698,"Atlanta-Sandy Springs-Alpharetta, GA"
1020,Fulton County,GA,201712,1302.76,0.0032,0.0697,"Atlanta-Sandy Springs-Alpharetta, GA"
1020,Fulton County,GA,201801,1311.3,0.0066,0.0726,"Atlanta-Sandy Springs-Alpharetta, GA"
1020,Fulton County,GA,201802,1321.89,0.0081,0.0753,"Atlanta-Sandy Springs-Alpharetta, GA"
1020,Fulton County,GA,201803,1330.2,0.0063,0.0714,"Atlanta-Sandy Springs-Alpharetta, GA"
1020,Fulton County,GA,201804,1342.91,0.0096,0.071,"Atlanta-Sandy Springs-Alpharetta, GA"
1020,Fulton County,GA,201805,1352.4,0.0071,0.0654,"Atlanta-Sandy Springs-Alpharetta, GA"
1020,Fulton County,GA,201806,1363.1,0.0079,0.065,"Atlanta-Sandy Springs-Alpharetta, GA"
1020,Fulton County,GA,201807,1371.94,0.0065,0.0632,"Atlanta-Sandy Springs-Alpharetta, GA"
1020,Fulton County,GA,201808,1374.71,0.002,0.0617,"Atlanta-Sandy Springs-Alpharetta, GA"
1020,Fulton County,GA,201809,1375.36,0.0005,0.0585,"Atlanta-Sandy Springs-Alpharetta, GA"
1020,Fulton County,GA,201810,1384.94,0.007,0.0689,"Atlanta-Sandy Springs-Alpharetta, GA"
1020,Fulton County,GA,201811,1393.39,0.0061,0.0729,"Atlanta-Sandy Springs-Alpharetta, GA"
1020,Fulton County,GA,201812,1402.02,0.0062,0.0762,"Atlanta-Sandy Springs-Alpharetta, GA"
1020,Fulton County,GA,201901,1405.12,0.0022,0.0715,"Atlanta-Sandy Springs-Alpharetta, GA"
1020,Fulton County,GA,201902,1411.63,0.0046,0.0679,"Atlanta-Sandy Springs-Alpharetta, GA"
1020,Fulton County,GA,201903,1422.58,0.0078,0.0694,"Atlanta-Sandy Springs-Alpharetta, GA"
1020,Fulton County,GA,201904,1432.12,0.0067,0.0664,"Atlanta-Sandy Springs-Alpharetta, GA"
1020,Fulton County,GA,201905,1439.91,0.0054,0.0647,"Atlanta-Sandy Springs-Alpharetta, GA"
1020,Fulton County,GA,201906,1449.52,0.0067,0.0634,"Atlanta-Sandy Springs-Alpharetta, GA"
1020,Fulton County,GA,201907,1453.78,0.0029,0.0597,"Atlanta-Sandy Springs-Alpharetta, GA"
1020,Fulton County,GA,201908,1459.79,0.0041,0.0619,"Atlanta-Sandy Springs-Alpharetta, GA"
1020,Fulton County,GA,201909,1463.71,0.0027,0.0642,"Atlanta-Sandy Springs-Alpharetta, GA"
1020,Fulton County,GA,201910,1462.53,-0.0008,0.056,"Atlanta-Sandy Springs-Alpharetta, GA"
1020,Fulton County,GA,201911,1456.99,-0.0038,0.0456,"Atlanta-Sandy Springs-Alpharetta, GA"
1020,Fulton County,GA,201912,1455.29,-0.0012,0.038,"Atlanta-Sandy Springs-Alpharetta, GA"
1020,Fulton County,GA,202001,1461.18,0.004,0.0399,"Atlanta-Sandy Springs-Alpharetta, GA"
1020,Fulton County,GA,202002,1473.09,0.0082,0.0435,"Atlanta-Sandy Springs-Alpharetta, GA"
1020,Fulton County,GA,202003,1477.62,0.0031,0.0387,"Atlanta-Sandy Springs-Alpharetta, GA"
1020,Fulton County,GA,202004,1473.41,-0.0028,0.0288,"Atlanta-Sandy Springs-Alpharetta, GA"
1020,Fulton County,GA,202005,1472.02,-0.0009,0.0223,"Atlanta-Sandy Springs-Alpharetta, GA"
1020,Fulton County,GA,202006,1472.81,0.0005,0.0161,"Atlanta-Sandy Springs-Alpharetta, GA"
1020,Fulton County,GA,202007,1483.2,0.0071,0.0202,"Atlanta-Sandy Springs-Alpharetta, GA"
1020,Fulton County,GA,202008,1487.34,0.0028,0.0189,"Atlanta-Sandy Springs-Alpharetta, GA"
1020,Fulton County,GA,202009,1490.77,0.0023,0.0185,"Atlanta-Sandy Springs-Alpharetta, GA"
1020,Fulton County,GA,202010,1491.48,0.0005,0.0198,"Atlanta-Sandy Springs-Alpharetta, GA"
1020,Fulton County,GA,202011,1495.36,0.0026,0.0263,"Atlanta-Sandy Springs-Alpharetta, GA"
1020,Fulton County,GA,202012,1500.56,0.0035,0.0311,"Atlanta-Sandy Springs-Alpharetta, GA"
1020,Fulton County,GA,202101,1514.07,0.009,0.0362,"Atlanta-Sandy Springs-Alpharetta, GA"
1020,Fulton County,GA,202102,1528.92,0.0098,0.0379,"Atlanta-Sandy Springs-Alpharetta, GA"
1020,Fulton County,GA,202103,1545.47,0.0108,0.0459,"Atlanta-Sandy Springs-Alpharetta, GA"
1020,Fulton County,GA,202104,1566.76,0.0138,0.0634,"Atlanta-Sandy Springs-Alpharetta, GA"
1020,Fulton County,GA,202105,1592.86,0.0167,0.0821,"Atlanta-Sandy Springs-Alpharetta, GA"
1020,Fulton County,GA,202106,1633.76,0.0257,0.1093,"Atlanta-Sandy Springs-Alpharetta, GA"
1020,Fulton County,GA,202107,1676.29,0.026,0.1302,"Atlanta-Sandy Springs-Alpharetta, GA"
1020,Fulton County,GA,202108,1720.5,0.0264,0.1568,"Atlanta-Sandy Springs-Alpharetta, GA"
1020,Fulton County,GA,202109,1752.72,0.0187,0.1757,"Atlanta-Sandy Springs-Alpharetta, GA"
1020,Fulton County,GA,202110,1770.52,0.0102,0.1871,"Atlanta-Sandy Springs-Alpharetta, GA"
1020,Fulton County,GA,202111,1776.54,0.0034,0.188,"Atlanta-Sandy Springs-Alpharetta, GA"
1020,Fulton County,GA,202112,1775.35,-0.0007,0.1831,"Atlanta-Sandy Springs-Alpharetta, GA"
1020,Fulton County,GA,202201,1780.93,0.0031,0.1763,"Atlanta-Sandy Springs-Alpharetta, GA"
1020,Fulton County,GA,202202,1789.21,0.0047,0.1702,"Atlanta-Sandy Springs-Alpharetta, GA"
1020,Fulton County,GA,202203,1804.48,0.0085,0.1676,"Atlanta-Sandy Springs-Alpharetta, GA"
1020,Fulton County,GA,202204,1818.83,0.008,0.1609,"Atlanta-Sandy Springs-Alpharetta, GA"
1020,Fulton County,GA,202205,1840.85,0.0121,0.1557,"Atlanta-Sandy Springs-Alpharetta, GA"
1020,Fulton County,GA,202206,1863.2,0.0121,0.1404,"Atlanta-Sandy Springs-Alpharetta, GA"
1020,Fulton County,GA,202207,1884.74,0.0116,0.1244,"Atlanta-Sandy Springs-Alpharetta, GA"
1020,Fulton County,GA,202208,1892.88,0.0043,0.1002,"Atlanta-Sandy Springs-Alpharetta, GA"
1020,Fulton County,GA,202209,1891.07,-0.001,0.0789,"Atlanta-Sandy Springs-Alpharetta, GA"
1020,Fulton County,GA,202210,1873.68,-0.0092,0.0583,"Atlanta-Sandy Springs-Alpharetta, GA"
1020,Fulton County,GA,202211,1858.21,-0.0083,0.046,"Atlanta-Sandy Springs-Alpharetta, GA"
1020,Fulton County,GA,202212,1843.01,-0.0082,0.0381,"Atlanta-Sandy Springs-Alpharetta, GA"
1020,Fulton County,GA,202301,1839.36,-0.002,0.0328,"Atlanta-Sandy Springs-Alpharetta, GA"
1020,Fulton County,GA,202302,1841.03,0.0009,0.029,"Atlanta-Sandy Springs-Alpharetta, GA"
1020,Fulton County,GA,202303,1857.56,0.009,0.0294,"Atlanta-Sandy Springs-Alpharetta, GA"
1020,Fulton County,GA,202304,1865.87,0.0045,0.0259,"Atlanta-Sandy Springs-Alpharetta, GA"
1020,Fulton County,GA,202305,1872.28,0.0034,0.0171,"Atlanta-Sandy Springs-Alpharetta, GA"
1020,Fulton County,GA,202306,1871.9,-0.0002,0.0047,"Atlanta-Sandy Springs-Alpharetta, GA"
1020,Fulton County,GA,202307,1877.13,0.0028,-0.004,"Atlanta-Sandy Springs-Alpharetta, GA"
1020,Fulton County,GA,202308,1872.31,-0.0026,-0.0109,"Atlanta-Sandy Springs-Alpharetta, GA"
1020,Fulton County,GA,202309,1864.31,-0.0043,-0.0142,"Atlanta-Sandy Springs-Alpharetta, GA"
1020,Fulton County,GA,202310,1846.29,-0.0097,-0.0146,"Atlanta-Sandy Springs-Alpharetta, GA"
1020,Fulton County,GA,202311,1830.04,-0.0088,-0.0152,"Atlanta-Sandy Springs-Alpharetta, GA"
1020,Fulton County,GA,202312,1814.03,-0.0088,-0.0157,"Atlanta-Sandy Springs-Alpharetta, GA"
1020,Fulton County,GA,202401,1811.26,-0.0015,-0.0153,"Atlanta-Sandy Springs-Alpharetta, GA"
1020,Fulton County,GA,202402,1820.34,0.005,-0.0112,"Atlanta-Sandy Springs-Alpharetta, GA"
1020,Fulton County,GA,202403,1820.29,-0.0,-0.0201,"Atlanta-Sandy Springs-Alpharetta, GA"
1020,Fulton County,GA,202404,1824.64,0.0024,-0.0221,"Atlanta-Sandy Springs-Alpharetta, GA"
1020,Fulton County,GA,202405,1826.91,0.0012,-0.0242,"Atlanta-Sandy Springs-Alpharetta, GA"
1020,Fulton County,GA,202406,1836.81,0.0054,-0.0187,"Atlanta-Sandy Springs-Alpharetta, GA"
1020,Fulton County,GA,202407,1841.26,0.0024,-0.0191,"Atlanta-Sandy Springs-Alpharetta, GA"
1020,Fulton County,GA,202408,1836.93,-0.0024,-0.0189,"Atlanta-Sandy Springs-Alpharetta, GA"
1020,Fulton County,GA,202409,1835.24,-0.0009,-0.0156,"Atlanta-Sandy Springs-Alpharetta, GA"
1020,Fulton County,GA,202410,1822.96,-0.0067,-0.0126,"Atlanta-Sandy Springs-Alpharetta, GA"
1020,Fulton County,GA,202411,1816.74,-0.0034,-0.0073,"Atlanta-Sandy Springs-Alpharetta, GA"
1020,Fulton County,GA,202412,1811.69,-0.0028,-0.0013,"Atlanta-Sandy Springs-Alpharetta, GA"
1020,Fulton County,GA,202501,1818.94,0.004,0.0042,"Atlanta-Sandy Springs-Alpharetta, GA"
1020,Fulton County,GA,202502,1830.95,0.0066,0.0058,"Atlanta-Sandy Springs-Alpharetta, GA"
1020,Fulton County,GA,202503,1841.36,0.0057,0.0116,"Atlanta-Sandy Springs-Alpharetta, GA"
1020,Fulton County,GA,202504,1851.61,0.0056,0.0148,"Atlanta-Sandy Springs-Alpharetta, GA"
1020,Fulton County,GA,202505,1858.55,0.0037,0.0173,"Atlanta-Sandy Springs-Alpharetta, GA"
1020,Fulton County,GA,202506,1867.48,0.0048,0.0167,"Atlanta-Sandy Springs-Alpharetta, GA"
1020,Fulton County,GA,202507,1873.84,0.0034,0.0177,"Atlanta-Sandy Springs-Alpharetta, GA"
1020,Fulton County,GA,202508,1882.3,0.0045,0.0247,"Atlanta-Sandy Springs-Alpharetta, GA"
1020,Fulton County,GA,202509,1889.0,0.0036,0.0293,"Atlanta-Sandy Springs-Alpharetta, GA"
1020,Fulton County,GA,202510,1889.02,0.0,0.0362,"Atlanta-Sandy Springs-Alpharetta, GA"
1020,Fulton County,GA,202511,1883.76,-0.0028,0.0369,"Atlanta-Sandy Springs-Alpharetta, GA"
1020,Fulton County,GA,202512,1876.42,-0.0039,0.0357,"Atlanta-Sandy Springs-Alpharetta, GA"
1020,Fulton County,GA,202601,1878.0,0.0008,0.0325,"Atlanta-Sandy Springs-Alpharetta, GA"
1020,Fulton County,GA,202602,1882.57,0.0024,0.0282,"Atlanta-Sandy Springs-Alpharetta, GA"
1020,Fulton County,GA,202603,1884.73,0.0011,0.0236,"Atlanta-Sandy Springs-Alpharetta, GA"
1020,Fulton County,GA,202604,1890.77,0.0032,0.0211,"Atlanta-Sandy Springs-Alpharetta, GA"
1020,Fulton County,GA,202605,1900.67,0.0052,0.0227,"Atlanta-Sandy Springs-Alpharetta, GA"
1020,Fulton County,GA,202606,1918.58,0.0094,0.0274,"Atlanta-Sandy Springs-Alpharetta, GA"
1020,Fulton County,GA,202607,1932.25,0.0071,0.0312,"Atlanta-Sandy Springs-Alpharetta, GA"
1020,Fulton County,GA,202608,1936.12,0.002,0.0286,"Atlanta-Sandy Springs-Alpharetta, GA"
1039,Gilmer County,GA,202605,1976.02,,,
1039,Gilmer County,GA,202606,1942.72,-0.0168,,
1039,Gilmer County,GA,202607,1980.09,0.0192,,
1039,Gilmer County,GA,202608,2025.0,0.0227,,
1044,Gordon County,GA,202403,1572.21,,,"Calhoun, GA"
1044,Gordon County,GA,202404,1549.93,-0.0142,,"Calhoun, GA"
1044,Gordon County,GA,202405,1562.13,0.0079,,"Calhoun, GA"
1044,Gordon County,GA,202406,1569.2,0.0045,,"Calhoun, GA"
1044,Gordon County,GA,202407,1585.73,0.0105,,"Calhoun, GA"
1044,Gordon County,GA,202409,1599.94,0.009,,"Calhoun, GA"
1044,Gordon County,GA,202410,1608.59,0.0054,,"Calhoun, GA"
1044,Gordon County,GA,202411,1603.98,-0.0029,,"Calhoun, GA"
1044,Gordon County,GA,202412,1658.27,0.0338,,"Calhoun, GA"
1044,Gordon County,GA,202501,1650.84,-0.0045,,"Calhoun, GA"
1044,Gordon County,GA,202502,1690.8,0.0242,,"Calhoun, GA"
1044,Gordon County,GA,202503,1655.74,-0.0207,,"Calhoun, GA"
1044,Gordon County,GA,202504,1664.37,0.0052,0.0586,"Calhoun, GA"
1044,Gordon County,GA,202505,1640.22,-0.0145,0.0583,"Calhoun, GA"
1044,Gordon County,GA,202506,1647.64,0.0045,0.0547,"Calhoun, GA"
1044,Gordon County,GA,202507,1637.65,-0.0061,0.0436,"Calhoun, GA"
1044,Gordon County,GA,202508,1644.11,0.0039,0.0368,"Calhoun, GA"
1044,Gordon County,GA,202509,1615.41,-0.0175,0.0097,"Calhoun, GA"
1044,Gordon County,GA,202510,1649.3,0.021,0.0253,"Calhoun, GA"
1044,Gordon County,GA,202511,1649.75,0.0003,0.0285,"Calhoun, GA"
1044,Gordon County,GA,202512,1655.87,0.0037,-0.0014,"Calhoun, GA"
1044,Gordon County,GA,202601,1647.4,-0.0051,-0.0021,"Calhoun, GA"
1044,Gordon County,GA,202602,1639.11,-0.005,-0.0306,"Calhoun, GA"
1044,Gordon County,GA,202603,1645.74,0.004,-0.006,"Calhoun, GA"
1044,Gordon County,GA,202604,1617.07,-0.0174,-0.0284,"Calhoun, GA"
1044,Gordon County,GA,202605,1632.91,0.0098,-0.0045,"Calhoun, GA"
1044,Gordon County,GA,202606,1632.85,-0.0,-0.009,"Calhoun, GA"
1044,Gordon County,GA,202607,1659.37,0.0162,0.0133,"Calhoun, GA"
1044,Gordon County,GA,202608,1658.65,-0.0004,0.0088,"Calhoun, GA"
1053,Greene County,GA,202608,2912.5,,,
1089,Harris County,GA,202608,1440.0,,,"Columbus, GA-AL"
1231,Morgan County,GA,202608,2167.5,,,"Atlanta-Sandy Springs-Alpharetta, GA"
1248,Murray County,GA,202608,1050.0,,,"Dalton, GA"
1263,Newton County,GA,201501,912.59,,,"Atlanta-Sandy Springs-Alpharetta, GA"
1263,Newton County,GA,201502,921.27,0.0095,,"Atlanta-Sandy Springs-Alpharetta, GA"
1263,Newton County,GA,201503,923.4,0.0023,,"Atlanta-Sandy Springs-Alpharetta, GA"
1263,Newton County,GA,201504,929.95,0.0071,,"Atlanta-Sandy Springs-Alpharetta, GA"
1263,Newton County,GA,201505,936.09,0.0066,,"Atlanta-Sandy Springs-Alpharetta, GA"
1263,Newton County,GA,201506,943.13,0.0075,,"Atlanta-Sandy Springs-Alpharetta, GA"
1263,Newton County,GA,201507,952.21,0.0096,,"Atlanta-Sandy Springs-Alpharetta, GA"
1263,Newton County,GA,201508,954.06,0.0019,,"Atlanta-Sandy Springs-Alpharetta, GA"
1263,Newton County,GA,201509,959.85,0.0061,,"Atlanta-Sandy Springs-Alpharetta, GA"
1263,Newton County,GA,201510,947.34,-0.013,,"Atlanta-Sandy Springs-Alpharetta, GA"
1263,Newton County,GA,201511,941.83,-0.0058,,"Atlanta-Sandy Springs-Alpharetta, GA"
1263,Newton County,GA,201512,946.41,0.0049,,"Atlanta-Sandy Springs-Alpharetta, GA"
1263,Newton County,GA,201601,954.77,0.0088,0.0462,"Atlanta-Sandy Springs-Alpharetta, GA"
1263,Newton County,GA,201602,969.18,0.0151,0.052,"Atlanta-Sandy Springs-Alpharetta, GA"
1263,Newton County,GA,201603,966.44,-0.0028,0.0466,"Atlanta-Sandy Springs-Alpharetta, GA"
1263,Newton County,GA,201604,978.59,0.0126,0.0523,"Atlanta-Sandy Springs-Alpharetta, GA"
1263,Newton County,GA,201605,982.17,0.0037,0.0492,"Atlanta-Sandy Springs-Alpharetta, GA"
1263,Newton County,GA,201606,987.11,0.005,0.0466,"Atlanta-Sandy Springs-Alpharetta, GA"
1263,Newton County,GA,201607,987.47,0.0004,0.037,"Atlanta-Sandy Springs-Alpharetta, GA"
1263,Newton County,GA,201608,988.99,0.0015,0.0366,"Atlanta-Sandy Springs-Alpharetta, GA"
1263,Newton County,GA,201609,993.53,0.0046,0.0351,"Atlanta-Sandy Springs-Alpharetta, GA"
1263,Newton County,GA,201610,994.5,0.001,0.0498,"Atlanta-Sandy Springs-Alpharetta, GA"
1263,Newton County,GA,201611,997.82,0.0033,0.0594,"Atlanta-Sandy Springs-Alpharetta, GA"
1263,Newton County,GA,201612,1001.04,0.0032,0.0577,"Atlanta-Sandy Springs-Alpharetta, GA"
1263,Newton County,GA,201701,1007.39,0.0063,0.0551,"Atlanta-Sandy Springs-Alpharetta, GA"
1263,Newton County,GA,201702,1019.31,0.0118,0.0517,"Atlanta-Sandy Springs-Alpharetta, GA"
1263,Newton County,GA,201703,1038.63,0.019,0.0747,"Atlanta-Sandy Springs-Alpharetta, GA"
1263,Newton County,GA,201704,1044.91,0.006,0.0678,"Atlanta-Sandy Springs-Alpharetta, GA"
1263,Newton County,GA,201705,1052.29,0.0071,0.0714,"Atlanta-Sandy Springs-Alpharetta, GA"
1263,Newton County,GA,201706,1058.84,0.0062,0.0727,"Atlanta-Sandy Springs-Alpharetta, GA"
1263,Newton County,GA,201707,1070.69,0.0112,0.0843,"Atlanta-Sandy Springs-Alpharetta, GA"
1263,Newton County,GA,201708,1069.43,-0.0012,0.0813,"Atlanta-Sandy Springs-Alpharetta, GA"
1263,Newton County,GA,201709,1063.7,-0.0054,0.0706,"Atlanta-Sandy Springs-Alpharetta, GA"
1263,Newton County,GA,201710,1057.29,-0.006,0.0631,"Atlanta-Sandy Springs-Alpharetta, GA"
1263,Newton County,GA,201711,1052.94,-0.0041,0.0552,"Atlanta-Sandy Springs-Alpharetta, GA"
1263,Newton County,GA,201712,1056.29,0.0032,0.0552,"Atlanta-Sandy Springs-Alpharetta, GA"
1263,Newton County,GA,201801,1070.94,0.0139,0.0631,"Atlanta-Sandy Springs-Alpharetta, GA"
1263,Newton County,GA,201802,1090.29,0.0181,0.0696,"Atlanta-Sandy Springs-Alpharetta, GA"
1263,Newton County,GA,201803,1105.37,0.0138,0.0643,"Atlanta-Sandy Springs-Alpharetta, GA"
1263,Newton County,GA,201804,1106.82,0.0013,0.0593,"Atlanta-Sandy Springs-Alpharetta, GA"
1263,Newton County,GA,201805,1110.73,0.0035,0.0555,"Atlanta-Sandy Springs-Alpharetta, GA"
1263,Newton County,GA,201806,1119.26,0.0077,0.0571,"Atlanta-Sandy Springs-Alpharetta, GA"
1263,Newton County,GA,201807,1128.49,0.0083,0.054,"Atlanta-Sandy Springs-Alpharetta, GA"
1263,Newton County,GA,201808,1130.51,0.0018,0.0571,"Atlanta-Sandy Springs-Alpharetta, GA"
1263,Newton County,GA,201809,1132.2,0.0015,0.0644,"Atlanta-Sandy Springs-Alpharetta, GA"
1263,Newton County,GA,201810,1132.04,-0.0001,0.0707,"Atlanta-Sandy Springs-Alpharetta, GA"
1263,Newton County,GA,201811,1136.42,0.0039,0.0793,"Atlanta-Sandy Springs-Alpharetta, GA"
1263,Newton County,GA,201812,1126.11,-0.0091,0.0661,"Atlanta-Sandy Springs-Alpharetta, GA"
1263,Newton County,GA,201901,1132.67,0.0058,0.0576,"Atlanta-Sandy Springs-Alpharetta, GA"
1263,Newton County,GA,201902,1142.99,0.0091,0.0483,"Atlanta-Sandy Springs-Alpharetta, GA"
1263,Newton County,GA,201903,1156.39,0.0117,0.0462,"Atlanta-Sandy Springs-Alpharetta, GA"
1263,Newton County,GA,201904,1171.86,0.0134,0.0588,"Atlanta-Sandy Springs-Alpharetta, GA"
1263,Newton County,GA,201905,1184.74,0.011,0.0666,"Atlanta-Sandy Springs-Alpharetta, GA"
1263,Newton County,GA,201906,1192.31,0.0064,0.0653,"Atlanta-Sandy Springs-Alpharetta, GA"
1263,Newton County,GA,201907,1203.77,0.0096,0.0667,"Atlanta-Sandy Springs-Alpharetta, GA"
1263,Newton County,GA,201908,1202.93,-0.0007,0.0641,"Atlanta-Sandy Springs-Alpharetta, GA"
1263,Newton County,GA,201909,1208.4,0.0046,0.0673,"Atlanta-Sandy Springs-Alpharetta, GA"
1263,Newton County,GA,201910,1201.49,-0.0057,0.0613,"Atlanta-Sandy Springs-Alpharetta, GA"
1263,Newton County,GA,201911,1207.04,0.0046,0.0621,"Atlanta-Sandy Springs-Alpharetta, GA"
1263,Newton County,GA,201912,1209.36,0.0019,0.0739,"Atlanta-Sandy Springs-Alpharetta, GA"
1263,Newton County,GA,202001,1215.01,0.0047,0.0727,"Atlanta-Sandy Springs-Alpharetta, GA"
1263,Newton County,GA,202002,1223.54,0.007,0.0705,"Atlanta-Sandy Springs-Alpharetta, GA"
1263,Newton County,GA,202003,1237.22,0.0112,0.0699,"Atlanta-Sandy Springs-Alpharetta, GA"
1263,Newton County,GA,202004,1253.97,0.0135,0.0701,"Atlanta-Sandy Springs-Alpharetta, GA"
1263,Newton County,GA,202005,1264.06,0.0081,0.067,"Atlanta-Sandy Springs-Alpharetta, GA"
1263,Newton County,GA,202006,1297.97,0.0268,0.0886,"Atlanta-Sandy Springs-Alpharetta, GA"
1263,Newton County,GA,202007,1314.3,0.0126,0.0918,"Atlanta-Sandy Springs-Alpharetta, GA"
1263,Newton County,GA,202008,1334.07,0.015,0.109,"Atlanta-Sandy Springs-Alpharetta, GA"
1263,Newton County,GA,202009,1337.74,0.0027,0.107,"Atlanta-Sandy Springs-Alpharetta, GA"
1263,Newton County,GA,202010,1342.15,0.0033,0.1171,"Atlanta-Sandy Springs-Alpharetta, GA"
1263,Newton County,GA,202011,1348.81,0.005,0.1175,"Atlanta-Sandy Springs-Alpharetta, GA"
1263,Newton County,GA,202012,1349.28,0.0004,0.1157,"Atlanta-Sandy Springs-Alpharetta, GA"
1263,Newton County,GA,202101,1363.22,0.0103,0.122,"Atlanta-Sandy Springs-Alpharetta, GA"
1263,Newton County,GA,202102,1387.28,0.0176,0.1338,"Atlanta-Sandy Springs-Alpharetta, GA"
1263,Newton County,GA,202103,1413.82,0.0191,0.1427,"Atlanta-Sandy Springs-Alpharetta, GA"
1263,Newton County,GA,202104,1444.13,0.0214,0.1516,"Atlanta-Sandy Springs-Alpharetta, GA"
1263,Newton County,GA,202105,1458.79,0.0102,0.1541,"Atlanta-Sandy Springs-Alpharetta, GA"
1263,Newton County,GA,202106,1489.16,0.0208,0.1473,"Atlanta-Sandy Springs-Alpharetta, GA"
1263,Newton County,GA,202107,1511.52,0.015,0.1501,"Atlanta-Sandy Springs-Alpharetta, GA"
1263,Newton County,GA,202108,1543.37,0.0211,0.1569,"Atlanta-Sandy Springs-Alpharetta, GA"
1263,Newton County,GA,202109,1575.19,0.0206,0.1775,"Atlanta-Sandy Springs-Alpharetta, GA"
1263,Newton County,GA,202110,1604.67,0.0187,0.1956,"Atlanta-Sandy Springs-Alpharetta, GA"
1263,Newton County,GA,202111,1628.44,0.0148,0.2073,"Atlanta-Sandy Springs-Alpharetta, GA"
1263,Newton County,GA,202112,1614.29,-0.0087,0.1964,"Atlanta-Sandy Springs-Alpharetta, GA"
1263,Newton County,GA,202201,1621.34,0.0044,0.1893,"Atlanta-Sandy Springs-Alpharetta, GA"
1263,Newton County,GA,202202,1610.97,-0.0064,0.1612,"Atlanta-Sandy Springs-Alpharetta, GA"
1263,Newton County,GA,202203,1614.31,0.0021,0.1418,"Atlanta-Sandy Springs-Alpharetta, GA"
1263,Newton County,GA,202204,1625.35,0.0068,0.1255,"Atlanta-Sandy Springs-Alpharetta, GA"
1263,Newton County,GA,202205,1655.57,0.0186,0.1349,"Atlanta-Sandy Springs-Alpharetta, GA"
1263,Newton County,GA,202206,1687.2,0.0191,0.133,"Atlanta-Sandy Springs-Alpharetta, GA"
1263,Newton County,GA,202207,1698.65,0.0068,0.1238,"Atlanta-Sandy Springs-Alpharetta, GA"
1263,Newton County,GA,202208,1707.6,0.0053,0.1064,"Atlanta-Sandy Springs-Alpharetta, GA"
1263,Newton County,GA,202209,1729.11,0.0126,0.0977,"Atlanta-Sandy Springs-Alpharetta, GA"
1263,Newton County,GA,202210,1751.32,0.0128,0.0914,"Atlanta-Sandy Springs-Alpharetta, GA"
1263,Newton County,GA,202211,1734.02,-0.0099,0.0648,"Atlanta-Sandy Springs-Alpharetta, GA"
1263,Newton County,GA,202212,1717.49,-0.0095,0.0639,"Atlanta-Sandy Springs-Alpharetta, GA"
1263,Newton County,GA,202301,1688.12,-0.0171,0.0412,"Atlanta-Sandy Springs-Alpharetta, GA"
1263,Newton County,GA,202302,1710.36,0.0132,0.0617,"Atlanta-Sandy Springs-Alpharetta, GA"
1263,Newton County,GA,202303,1724.84,0.0085,0.0685,"Atlanta-Sandy Springs-Alpharetta, GA"
1263,Newton County,GA,202304,1740.25,0.0089,0.0707,"Atlanta-Sandy Springs-Alpharetta, GA"
1263,Newton County,GA,202305,1734.95,-0.003,0.048,"Atlanta-Sandy Springs-Alpharetta, GA"
1263,Newton County,GA,202306,1736.48,0.0009,0.0292,"Atlanta-Sandy Springs-Alpharetta, GA"
1263,Newton County,GA,202307,1746.28,0.0056,0.028,"Atlanta-Sandy Springs-Alpharetta, GA"
1263,Newton County,GA,202308,1760.2,0.008,0.0308,"Atlanta-Sandy Springs-Alpharetta, GA"
1263,Newton County,GA,202309,1768.72,0.0048,0.0229,"Atlanta-Sandy Springs-Alpharetta, GA"
1263,Newton County,GA,202310,1764.25,-0.0025,0.0074,"Atlanta-Sandy Springs-Alpharetta, GA"
1263,Newton County,GA,202311,1756.72,-0.0043,0.0131,"Atlanta-Sandy Springs-Alpharetta, GA"
1263,Newton County,GA,202312,1749.14,-0.0043,0.0184,"Atlanta-Sandy Springs-Alpharetta, GA"
1263,Newton County,GA,202401,1749.67,0.0003,0.0365,"Atlanta-Sandy Springs-Alpharetta, GA"
1263,Newton County,GA,202402,1749.34,-0.0002,0.0228,"Atlanta-Sandy Springs-Alpharetta, GA"
1263,Newton County,GA,202403,1762.66,0.0076,0.0219,"Atlanta-Sandy Springs-Alpharetta, GA"
1263,Newton County,GA,202404,1773.49,0.0061,0.0191,"Atlanta-Sandy Springs-Alpharetta, GA"
1263,Newton County,GA,202405,1781.29,0.0044,0.0267,"Atlanta-Sandy Springs-Alpharetta, GA"
1263,Newton County,GA,202406,1778.1,-0.0018,0.024,"Atlanta-Sandy Springs-Alpharetta, GA"
1263,Newton County,GA,202407,1789.42,0.0064,0.0247,"Atlanta-Sandy Springs-Alpharetta, GA"
1263,Newton County,GA,202408,1784.1,-0.003,0.0136,"Atlanta-Sandy Springs-Alpharetta, GA"
1263,Newton County,GA,202409,1784.59,0.0003,0.009,"Atlanta-Sandy Springs-Alpharetta, GA"
1263,Newton County,GA,202410,1764.01,-0.0115,-0.0001,"Atlanta-Sandy Springs-Alpharetta, GA"
1263,Newton County,GA,202411,1772.96,0.0051,0.0092,"Atlanta-Sandy Springs-Alpharetta, GA"
1263,Newton County,GA,202412,1770.92,-0.0012,0.0125,"Atlanta-Sandy Springs-Alpharetta, GA"
1263,Newton County,GA,202501,1772.38,0.0008,0.013,"Atlanta-Sandy Springs-Alpharetta, GA"
1263,Newton County,GA,202502,1780.87,0.0048,0.018,"Atlanta-Sandy Springs-Alpharetta, GA"
1263,Newton County,GA,202503,1791.93,0.0062,0.0166,"Atlanta-Sandy Springs-Alpharetta, GA"
1263,Newton County,GA,202504,1801.77,0.0055,0.0159,"Atlanta-Sandy Springs-Alpharetta, GA"
1263,Newton County,GA,202505,1795.21,-0.0036,0.0078,"Atlanta-Sandy Springs-Alpharetta, GA"
1263,Newton County,GA,202506,1795.26,0.0,0.0097,"Atlanta-Sandy Springs-Alpharetta, GA"
1263,Newton County,GA,202507,1815.55,0.0113,0.0146,"Atlanta-Sandy Springs-Alpharetta, GA"
1263,Newton County,GA,202508,1814.57,-0.0005,0.0171,"Atlanta-Sandy Springs-Alpharetta, GA"
1263,Newton County,GA,202509,1816.96,0.0013,0.0181,"Atlanta-Sandy Springs-Alpharetta, GA"
1263,Newton County,GA,202510,1813.88,-0.0017,0.0283,"Atlanta-Sandy Springs-Alpharetta, GA"
1263,Newton County,GA,202511,1818.13,0.0023,0.0255,"Atlanta-Sandy Springs-Alpharetta, GA"
1263,Newton County,GA,202512,1816.79,-0.0007,0.0259,"Atlanta-Sandy Springs-Alpharetta, GA"
1263,Newton County,GA,202601,1796.51,-0.0112,0.0136,"Atlanta-Sandy Springs-Alpharetta, GA"
1263,Newton County,GA,202602,1798.33,0.001,0.0098,"Atlanta-Sandy Springs-Alpharetta, GA"
1263,Newton County,GA,202603,1799.95,0.0009,0.0045,"Atlanta-Sandy Springs-Alpharetta, GA"
1263,Newton County,GA,202604,1830.42,0.0169,0.0159,"Atlanta-Sandy Springs-Alpharetta, GA"
1263,Newton County,GA,202605,1860.84,0.0166,0.0366,"Atlanta-Sandy Springs-Alpharetta, GA"
1263,Newton County,GA,202606,1878.14,0.0093,0.0462,"Atlanta-Sandy Springs-Alpharetta, GA"
1263,Newton County,GA,202607,1868.05,-0.0054,0.0289,"Atlanta-Sandy Springs-Alpharetta, GA"
1263,Newton County,GA,202608,1855.72,-0.0066,0.0227,"Atlanta-Sandy Springs-Alpharetta, GA"
1275,Oconee County,GA,202204,1761.05,,,"Athens-Clarke County, GA"
1275,Oconee County,GA,202205,1732.15,-0.0164,,"Athens-Clarke County, GA"
1275,Oconee County,GA,202206,1759.97,0.0161,,"Athens-Clarke County, GA"
1275,Oconee County,GA,202207,1787.2,0.0155,,"Athens-Clarke County, GA"
1275,Oconee County,GA,202208,1792.16,0.0028,,"Athens-Clarke County, GA"
1275,Oconee County,GA,202209,1809.27,0.0095,,"Athens-Clarke County, GA"
1275,Oconee County,GA,202210,1795.65,-0.0075,,"Athens-Clarke County, GA"
1275,Oconee County,GA,202211,1805.3,0.0054,,"Athens-Clarke County, GA"
1275,Oconee County,GA,202212,1847.56,0.0234,,"Athens-Clarke County, GA"
1275,Oconee County,GA,202301,1884.37,0.0199,,"Athens-Clarke County, GA"
1275,Oconee County,GA,202302,1916.2,0.0169,,"Athens-Clarke County, GA"
1275,Oconee County,GA,202303,1907.02,-0.0048,,"Athens-Clarke County, GA"
1275,Oconee County,GA,202304,1900.05,-0.0037,0.0789,"Athens-Clarke County, GA"
1275,Oconee County,GA,202305,1890.9,-0.0048,0.0916,"Athens-Clarke County, GA"
1275,Oconee County,GA,202306,1875.2,-0.0083,0.0655,"Athens-Clarke County, GA"
1275,Oconee County,GA,202307,1904.03,0.0154,0.0654,"Athens-Clarke County, GA"
1275,Oconee County,GA,202308,1920.76,0.0088,0.0718,"Athens-Clarke County, GA"
1275,Oconee County,GA,202309,1932.22,0.006,0.068,"Athens-Clarke County, GA"
1275,Oconee County,GA,202310,1903.85,-0.0147,0.0603,"Athens-Clarke County, GA"
1275,Oconee County,GA,202311,1942.83,0.0205,0.0762,"Athens-Clarke County, GA"
1275,Oconee County,GA,202401,1992.76,0.0257,0.0786,"Athens-Clarke County, GA"
1275,Oconee County,GA,202402,1949.23,-0.0218,0.0344,"Athens-Clarke County, GA"
1275,Oconee County,GA,202403,1932.74,-0.0085,0.0086,"Athens-Clarke County, GA"
1275,Oconee County,GA,202404,1959.17,0.0137,0.0273,"Athens-Clarke County, GA"
1275,Oconee County,GA,202405,1964.71,0.0028,0.034,"Athens-Clarke County, GA"
1275,Oconee County,GA,202406,2006.96,0.0215,0.0614,"Athens-Clarke County, GA"
1275,Oconee County,GA,202407,2019.54,0.0063,0.077,"Athens-Clarke County, GA"
1275,Oconee County,GA,202409,2012.22,-0.0036,0.0568,"Athens-Clarke County, GA"
1275,Oconee County,GA,202410,1980.07,-0.016,0.0309,"Athens-Clarke County, GA"
1275,Oconee County,GA,202411,1984.11,0.002,0.0269,"Athens-Clarke County, GA"
1275,Oconee County,GA,202412,1979.86,-0.0021,0.0399,"Athens-Clarke County, GA"
1275,Oconee County,GA,202501,1993.48,0.0069,0.0261,"Athens-Clarke County, GA"
1275,Oconee County,GA,202502,2023.81,0.0152,0.0156,"Athens-Clarke County, GA"
1275,Oconee County,GA,202503,2023.8,-0.0,0.0383,"Athens-Clarke County, GA"
1275,Oconee County,GA,202504,1994.53,-0.0145,0.032,"Athens-Clarke County, GA"
1275,Oconee County,GA,202505,1963.67,-0.0155,0.0023,"Athens-Clarke County, GA"
1275,Oconee County,GA,202506,1958.93,-0.0024,-0.0029,"Athens-Clarke County, GA"
1275,Oconee County,GA,202507,1993.48,0.0176,-0.0067,"Athens-Clarke County, GA"
1275,Oconee County,GA,202508,2009.78,0.0082,-0.0048,"Athens-Clarke County, GA"
1275,Oconee County,GA,202509,2051.02,0.0205,0.0193,"Athens-Clarke County, GA"
1275,Oconee County,GA,202510,2051.22,0.0001,0.0359,"Athens-Clarke County, GA"
1275,Oconee County,GA,202511,2021.99,-0.0142,0.0191,"Athens-Clarke County, GA"
1275,Oconee County,GA,202512,1999.56,-0.0111,0.01,"Athens-Clarke County, GA"
1275,Oconee County,GA,202601,1994.14,-0.0027,0.0003,"Athens-Clarke County, GA"
1275,Oconee County,GA,202602,2080.03,0.0431,0.0278,"Athens-Clarke County, GA"
1275,Oconee County,GA,202603,2101.82,0.0105,0.0386,"Athens-Clarke County, GA"
1275,Oconee County,GA,202604,2125.08,0.0111,0.0655,"Athens-Clarke County, GA"
1275,Oconee County,GA,202605,2085.56,-0.0186,0.0621,"Athens-Clarke County, GA"
1275,Oconee County,GA,202606,2085.76,0.0001,0.0647,"Athens-Clarke County, GA"
1275,Oconee County,GA,202607,2053.07,-0.0157,0.0299,"Athens-Clarke County, GA"
1275,Oconee County,GA,202608,2071.33,0.0089,0.0306,"Athens-Clarke County, GA"
1410,Sumter County,GA,202608,937.5,,,"Americus, GA"
1430,Thomas County,GA,202404,1516.76,,,"Thomasville, GA"
1430,Thomas County,GA,202405,1518.35,0.001,,"Thomasville, GA"
1430,Thomas County,GA,202406,1535.4,0.0112,,"Thomasville, GA"
1430,Thomas County,GA,202407,1522.29,-0.0085,,"Thomasville, GA"
1430,Thomas County,GA,202408,1566.14,0.0288,,"Thomasville, GA"
1430,Thomas County,GA,202409,1545.22,-0.0134,,"Thomasville, GA"
1430,Thomas County,GA,202410,1583.17,0.0246,,"Thomasville, GA"
1430,Thomas County,GA,202411,1577.15,-0.0038,,"Thomasville, GA"
1430,Thomas County,GA,202412,1590.19,0.0083,,"Thomasville, GA"
1430,Thomas County,GA,202501,1568.19,-0.0138,,"Thomasville, GA"
1430,Thomas County,GA,202502,1580.89,0.0081,,"Thomasville, GA"
1430,Thomas County,GA,202503,1612.76,0.0202,,"Thomasville, GA"
1430,Thomas County,GA,202504,1631.46,0.0116,0.0756,"Thomasville, GA"
1430,Thomas County,GA,202505,1627.67,-0.0023,0.072,"Thomasville, GA"
1430,Thomas County,GA,202506,1612.4,-0.0094,0.0502,"Thomasville, GA"
1430,Thomas County,GA,202507,1624.37,0.0074,0.0671,"Thomasville, GA"
1430,Thomas County,GA,202508,1657.08,0.0201,0.0581,"Thomasville, GA"
1430,Thomas County,GA,202509,1643.67,-0.0081,0.0637,"Thomasville, GA"
1430,Thomas County,GA,202510,1647.14,0.0021,0.0404,"Thomasville, GA"
1430,Thomas County,GA,202511,1635.83,-0.0069,0.0372,"Thomasville, GA"
1430,Thomas County,GA,202512,1649.32,0.0082,0.0372,"Thomasville, GA"
1430,Thomas County,GA,202601,1705.25,0.0339,0.0874,"Thomasville, GA"
1430,Thomas County,GA,202602,1715.34,0.0059,0.085,"Thomasville, GA"
1430,Thomas County,GA,202603,1745.86,0.0178,0.0825,"Thomasville, GA"
1430,Thomas County,GA,202604,1701.51,-0.0254,0.0429,"Thomasville, GA"
1430,Thomas County,GA,202605,1701.69,0.0001,0.0455,"Thomasville, GA"
1430,Thomas County,GA,202606,1684.29,-0.0102,0.0446,"Thomasville, GA"
1430,Thomas County,GA,202607,1705.03,0.0123,0.0497,"Thomasville, GA"
1430,Thomas County,GA,202608,1719.96,0.0088,0.0379,"Thomasville, GA"
1437,Toombs County,GA,202605,1086.54,,,"Vidalia, GA"
1437,Toombs County,GA,202606,1078.43,-0.0075,,"Vidalia, GA"
1437,Toombs County,GA,202607,1031.05,-0.0439,,"Vidalia, GA"
1437,Toombs County,GA,202608,1038.89,0.0076,,"Vidalia, GA"
1465,Walker County,GA,202305,1244.78,,,"Chattanooga, TN-GA"
1465,Walker County,GA,202306,1238.46,-0.0051,,"Chattanooga, TN-GA"
1465,Walker County,GA,202307,1243.76,0.0043,,"Chattanooga, TN-GA"
1465,Walker County,GA,202308,1255.88,0.0097,,"Chattanooga, TN-GA"
1465,Walker County,GA,202309,1265.07,0.0073,,"Chattanooga, TN-GA"
1465,Walker County,GA,202310,1258.55,-0.0052,,"Chattanooga, TN-GA"
1465,Walker County,GA,202311,1260.05,0.0012,,"Chattanooga, TN-GA"
1465,Walker County,GA,202312,1268.35,0.0066,,"Chattanooga, TN-GA"
1465,Walker County,GA,202401,1280.37,0.0095,,"Chattanooga, TN-GA"
1465,Walker County,GA,202402,1279.32,-0.0008,,"Chattanooga, TN-GA"
1465,Walker County,GA,202403,1268.13,-0.0087,,"Chattanooga, TN-GA"
1465,Walker County,GA,202404,1275.05,0.0055,,"Chattanooga, TN-GA"
1465,Walker County,GA,202405,1274.87,-0.0001,0.0242,"Chattanooga, TN-GA"
1465,Walker County,GA,202406,1278.75,0.003,0.0325,"Chattanooga, TN-GA"
1465,Walker County,GA,202407,1274.07,-0.0037,0.0244,"Chattanooga, TN-GA"
1465,Walker County,GA,202408,1291.3,0.0135,0.0282,"Chattanooga, TN-GA"
1465,Walker County,GA,202409,1310.53,0.0149,0.0359,"Chattanooga, TN-GA"
1465,Walker County,GA,202410,1313.86,0.0025,0.044,"Chattanooga, TN-GA"
1465,Walker County,GA,202411,1312.72,-0.0009,0.0418,"Chattanooga, TN-GA"
1465,Walker County,GA,202412,1275.85,-0.0281,0.0059,"Chattanooga, TN-GA"
1465,Walker County,GA,202501,1269.84,-0.0047,-0.0082,"Chattanooga, TN-GA"
1465,Walker County,GA,202502,1266.21,-0.0029,-0.0103,"Chattanooga, TN-GA"
1465,Walker County,GA,202503,1280.58,0.0114,0.0098,"Chattanooga, TN-GA"
1465,Walker County,GA,202504,1293.82,0.0103,0.0147,"Chattanooga, TN-GA"
1465,Walker County,GA,202505,1314.32,0.0159,0.031,"Chattanooga, TN-GA"
1465,Walker County,GA,202506,1336.59,0.0169,0.0452,"Chattanooga, TN-GA"
1465,Walker County,GA,202507,1331.28,-0.004,0.0449,"Chattanooga, TN-GA"
1465,Walker County,GA,202508,1327.38,-0.0029,0.0279,"Chattanooga, TN-GA"
1465,Walker County,GA,202509,1325.37,-0.0015,0.0113,"Chattanooga, TN-GA"
1465,Walker County,GA,202510,1314.35,-0.0083,0.0004,"Chattanooga, TN-GA"
1465,Walker County,GA,202511,1310.07,-0.0033,-0.002,"Chattanooga, TN-GA"
1465,Walker County,GA,202512,1298.36,-0.0089,0.0176,"Chattanooga, TN-GA"
1465,Walker County,GA,202601,1303.24,0.0038,0.0263,"Chattanooga, TN-GA"
1465,Walker County,GA,202602,1315.78,0.0096,0.0392,"Chattanooga, TN-GA"
1465,Walker County,GA,202603,1336.11,0.0155,0.0434,"Chattanooga, TN-GA"
1465,Walker County,GA,202604,1343.27,0.0054,0.0382,"Chattanooga, TN-GA"
1465,Walker County,GA,202605,1338.83,-0.0033,0.0186,"Chattanooga, TN-GA"
1465,Walker County,GA,202606,1335.74,-0.0023,-0.0006,"Chattanooga, TN-GA"
1465,Walker County,GA,202607,1364.82,0.0218,0.0252,"Chattanooga, TN-GA"
1465,Walker County,GA,202608,1369.24,0.0032,0.0315,"Chattanooga, TN-GA"
1469,Walton County,GA,202112,1545.74,,,"Atlanta-Sandy Springs-Alpharetta, GA"
1469,Walton County,GA,202201,1550.85,0.0033,,"Atlanta-Sandy Springs-Alpharetta, GA"
1469,Walton County,GA,202202,1570.32,0.0126,,"Atlanta-Sandy Springs-Alpharetta, GA"
1469,Walton County,GA,202203,1561.17,-0.0058,,"Atlanta-Sandy Springs-Alpharetta, GA"
1469,Walton County,GA,202204,1590.27,0.0186,,"Atlanta-Sandy Springs-Alpharetta, GA"
1469,Walton County,GA,202205,1602.83,0.0079,,"Atlanta-Sandy Springs-Alpharetta, GA"
1469,Walton County,GA,202206,1630.32,0.0171,,"Atlanta-Sandy Springs-Alpharetta, GA"
1469,Walton County,GA,202207,1655.99,0.0157,,"Atlanta-Sandy Springs-Alpharetta, GA"
1469,Walton County,GA,202208,1674.16,0.011,,"Atlanta-Sandy Springs-Alpharetta, GA"
1469,Walton County,GA,202209,1687.98,0.0083,,"Atlanta-Sandy Springs-Alpharetta, GA"
1469,Walton County,GA,202210,1680.96,-0.0042,,"Atlanta-Sandy Springs-Alpharetta, GA"
1469,Walton County,GA,202211,1704.3,0.0139,,"Atlanta-Sandy Springs-Alpharetta, GA"
1469,Walton County,GA,202212,1727.09,0.0134,0.1173,"Atlanta-Sandy Springs-Alpharetta, GA"
1469,Walton County,GA,202301,1703.61,-0.0136,0.0985,"Atlanta-Sandy Springs-Alpharetta, GA"
1469,Walton County,GA,202302,1701.28,-0.0014,0.0834,"Atlanta-Sandy Springs-Alpharetta, GA"
1469,Walton County,GA,202303,1702.47,0.0007,0.0905,"Atlanta-Sandy Springs-Alpharetta, GA"
1469,Walton County,GA,202304,1745.19,0.0251,0.0974,"Atlanta-Sandy Springs-Alpharetta, GA"
1469,Walton County,GA,202305,1768.48,0.0133,0.1033,"Atlanta-Sandy Springs-Alpharetta, GA"
1469,Walton County,GA,202306,1751.92,-0.0094,0.0746,"Atlanta-Sandy Springs-Alpharetta, GA"
1469,Walton County,GA,202307,1728.99,-0.0131,0.0441,"Atlanta-Sandy Springs-Alpharetta, GA"
1469,Walton County,GA,202308,1728.32,-0.0004,0.0324,"Atlanta-Sandy Springs-Alpharetta, GA"
1469,Walton County,GA,202309,1750.81,0.013,0.0372,"Atlanta-Sandy Springs-Alpharetta, GA"
1469,Walton County,GA,202310,1766.61,0.009,0.0509,"Atlanta-Sandy Springs-Alpharetta, GA"
1469,Walton County,GA,202311,1773.52,0.0039,0.0406,"Atlanta-Sandy Springs-Alpharetta, GA"
1469,Walton County,GA,202312,1772.22,-0.0007,0.0261,"Atlanta-Sandy Springs-Alpharetta, GA"
1469,Walton County,GA,202401,1773.7,0.0008,0.0411,"Atlanta-Sandy Springs-Alpharetta, GA"
1469,Walton County,GA,202402,1756.07,-0.0099,0.0322,"Atlanta-Sandy Springs-Alpharetta, GA"
1469,Walton County,GA,202403,1770.18,0.008,0.0398,"Atlanta-Sandy Springs-Alpharetta, GA"
1469,Walton County,GA,202404,1795.22,0.0141,0.0287,"Atlanta-Sandy Springs-Alpharetta, GA"
1469,Walton County,GA,202405,1816.18,0.0117,0.027,"Atlanta-Sandy Springs-Alpharetta, GA"
1469,Walton County,GA,202406,1827.57,0.0063,0.0432,"Atlanta-Sandy Springs-Alpharetta, GA"
1469,Walton County,GA,202407,1826.92,-0.0004,0.0566,"Atlanta-Sandy Springs-Alpharetta, GA"
1469,Walton County,GA,202408,1832.41,0.003,0.0602,"Atlanta-Sandy Springs-Alpharetta, GA"
1469,Walton County,GA,202409,1863.23,0.0168,0.0642,"Atlanta-Sandy Springs-Alpharetta, GA"
1469,Walton County,GA,202410,1876.42,0.0071,0.0622,"Atlanta-Sandy Springs-Alpharetta, GA"
1469,Walton County,GA,202411,1882.53,0.0033,0.0615,"Atlanta-Sandy Springs-Alpharetta, GA"
1469,Walton County,GA,202412,1855.0,-0.0146,0.0467,"Atlanta-Sandy Springs-Alpharetta, GA"
1469,Walton County,GA,202501,1848.68,-0.0034,0.0423,"Atlanta-Sandy Springs-Alpharetta, GA"
1469,Walton County,GA,202502,1861.2,0.0068,0.0599,"Atlanta-Sandy Springs-Alpharetta, GA"
1469,Walton County,GA,202503,1867.53,0.0034,0.055,"Atlanta-Sandy Springs-Alpharetta, GA"
1469,Walton County,GA,202504,1892.62,0.0134,0.0543,"Atlanta-Sandy Springs-Alpharetta, GA"
1469,Walton County,GA,202505,1882.96,-0.0051,0.0368,"Atlanta-Sandy Springs-Alpharetta, GA"
1469,Walton County,GA,202506,1884.05,0.0006,0.0309,"Atlanta-Sandy Springs-Alpharetta, GA"
1469,Walton County,GA,202507,1863.93,-0.0107,0.0203,"Atlanta-Sandy Springs-Alpharetta, GA"
1469,Walton County,GA,202508,1913.1,0.0264,0.044,"Atlanta-Sandy Springs-Alpharetta, GA"
1469,Walton County,GA,202509,1915.25,0.0011,0.0279,"Atlanta-Sandy Springs-Alpharetta, GA"
1469,Walton County,GA,202510,1931.24,0.0083,0.0292,"Atlanta-Sandy Springs-Alpharetta, GA"
1469,Walton County,GA,202511,1890.14,-0.0213,0.004,"Atlanta-Sandy Springs-Alpharetta, GA"
1469,Walton County,GA,202512,1872.67,-0.0092,0.0095,"Atlanta-Sandy Springs-Alpharetta, GA"
1469,Walton County,GA,202601,1875.34,0.0014,0.0144,"Atlanta-Sandy Springs-Alpharetta, GA"
1469,Walton County,GA,202602,1881.88,0.0035,0.0111,"Atlanta-Sandy Springs-Alpharetta, GA"
1469,Walton County,GA,202603,1909.46,0.0147,0.0225,"Atlanta-Sandy Springs-Alpharetta, GA"
1469,Walton County,GA,202604,1912.59,0.0016,0.0105,"Atlanta-Sandy Springs-Alpharetta, GA"
1469,Walton County,GA,202605,1908.02,-0.0024,0.0133,"Atlanta-Sandy Springs-Alpharetta, GA"
1469,Walton County,GA,202606,1913.8,0.003,0.0158,"Atlanta-Sandy Springs-Alpharetta, GA"
1469,Walton County,GA,202607,1918.83,0.0026,0.0295,"Atlanta-Sandy Springs-Alpharetta, GA"
1469,Walton County,GA,202608,1944.18,0.0132,0.0162,"Atlanta-Sandy Springs-Alpharetta, GA"
1526,Baldwin County,GA,202408,1190.79,,,"Milledgeville, GA"
1526,Baldwin County,GA,202409,1189.32,-0.0012,,"Milledgeville, GA"
1526,Baldwin County,GA,202411,1172.33,-0.0143,,"Milledgeville, GA"
1526,Baldwin County,GA,202412,1156.81,-0.0132,,"Milledgeville, GA"
1526,Baldwin County,GA,202501,1157.9,0.0009,,"Milledgeville, GA"
1526,Baldwin County,GA,202502,1165.75,0.0068,,"Milledgeville, GA"
1526,Baldwin County,GA,202503,1209.4,0.0374,,"Milledgeville, GA"
1526,Baldwin County,GA,202504,1242.09,0.027,,"Milledgeville, GA"
1526,Baldwin County,GA,202505,1262.52,0.0165,,"Milledgeville, GA"
1526,Baldwin County,GA,202506,1251.31,-0.0089,,"Milledgeville, GA"
1526,Baldwin County,GA,202507,1246.32,-0.004,,"Milledgeville, GA"
1526,Baldwin County,GA,202508,1268.41,0.0177,,"Milledgeville, GA"
1526,Baldwin County,GA,202509,1285.79,0.0137,0.0798,"Milledgeville, GA"
1526,Baldwin County,GA,202510,1288.69,0.0023,0.0835,"Milledgeville, GA"
1526,Baldwin County,GA,202511,1252.63,-0.028,0.0685,"Milledgeville, GA"
1526,Baldwin County,GA,202512,1244.3,-0.0066,0.0756,"Milledgeville, GA"
1526,Baldwin County,GA,202601,1225.24,-0.0153,0.0582,"Milledgeville, GA"
1526,Baldwin County,GA,202602,1259.35,0.0278,0.0803,"Milledgeville, GA"
1526,Baldwin County,GA,202603,1256.64,-0.0021,0.0391,"Milledgeville, GA"
1526,Baldwin County,GA,202604,1253.61,-0.0024,0.0093,"Milledgeville, GA"
1526,Baldwin County,GA,202605,1244.13,-0.0076,-0.0146,"Milledgeville, GA"
1526,Baldwin County,GA,202606,1281.46,0.03,0.0241,"Milledgeville, GA"
1526,Baldwin County,GA,202607,1318.83,0.0292,0.0582,"Milledgeville, GA"
1526,Baldwin County,GA,202608,1370.8,0.0394,0.0807,"Milledgeville, GA"
1566,Bulloch County,GA,202112,1047.97,,,"Statesboro, GA"
1566,Bulloch County,GA,202201,1031.25,-0.0159,,"Statesboro, GA"
1566,Bulloch County,GA,202202,1036.34,0.0049,,"Statesboro, GA"
1566,Bulloch County,GA,202203,1050.83,0.014,,"Statesboro, GA"
1566,Bulloch County,GA,202204,1112.35,0.0586,,"Statesboro, GA"
1566,Bulloch County,GA,202205,1132.61,0.0182,,"Statesboro, GA"
1566,Bulloch County,GA,202206,1130.82,-0.0016,,"Statesboro, GA"
1566,Bulloch County,GA,202207,1108.27,-0.0199,,"Statesboro, GA"
1566,Bulloch County,GA,202208,1123.53,0.0138,,"Statesboro, GA"
1566,Bulloch County,GA,202209,1156.87,0.0297,,"Statesboro, GA"
1566,Bulloch County,GA,202210,1164.83,0.0069,,"Statesboro, GA"
1566,Bulloch County,GA,202211,1184.2,0.0166,,"Statesboro, GA"
1566,Bulloch County,GA,202212,1189.82,0.0047,0.1354,"Statesboro, GA"
1566,Bulloch County,GA,202301,1217.21,0.023,0.1803,"Statesboro, GA"
1566,Bulloch County,GA,202302,1229.26,0.0099,0.1862,"Statesboro, GA"
1566,Bulloch County,GA,202303,1226.27,-0.0024,0.167,"Statesboro, GA"
1566,Bulloch County,GA,202304,1229.66,0.0028,0.1055,"Statesboro, GA"
1566,Bulloch County,GA,202305,1215.65,-0.0114,0.0733,"Statesboro, GA"
1566,Bulloch County,GA,202306,1231.11,0.0127,0.0887,"Statesboro, GA"
1566,Bulloch County,GA,202307,1250.3,0.0156,0.1282,"Statesboro, GA"
1566,Bulloch County,GA,202308,1266.12,0.0127,0.1269,"Statesboro, GA"
1566,Bulloch County,GA,202309,1274.54,0.0066,0.1017,"Statesboro, GA"
1566,Bulloch County,GA,202310,1261.86,-0.0099,0.0833,"Statesboro, GA"
1566,Bulloch County,GA,202311,1283.73,0.0173,0.084,"Statesboro, GA"
1566,Bulloch County,GA,202312,1304.62,0.0163,0.0965,"Statesboro, GA"
1566,Bulloch County,GA,202401,1319.61,0.0115,0.0841,"Statesboro, GA"
1566,Bulloch County,GA,202402,1326.82,0.0055,0.0794,"Statesboro, GA"
1566,Bulloch County,GA,202403,1325.29,-0.0012,0.0807,"Statesboro, GA"
1566,Bulloch County,GA,202404,1348.69,0.0177,0.0968,"Statesboro, GA"
1566,Bulloch County,GA,202405,1356.42,0.0057,0.1158,"Statesboro, GA"
1566,Bulloch County,GA,202406,1365.83,0.0069,0.1094,"Statesboro, GA"
1566,Bulloch County,GA,202407,1363.25,-0.0019,0.0903,"Statesboro, GA"
1566,Bulloch County,GA,202408,1366.16,0.0021,0.079,"Statesboro, GA"
1566,Bulloch County,GA,202409,1372.39,0.0046,0.0768,"Statesboro, GA"
1566,Bulloch County,GA,202410,1375.24,0.0021,0.0899,"Statesboro, GA"
1566,Bulloch County,GA,202411,1370.24,-0.0036,0.0674,"Statesboro, GA"
1566,Bulloch County,GA,202412,1388.76,0.0135,0.0645,"Statesboro, GA"
1566,Bulloch County,GA,202501,1405.53,0.0121,0.0651,"Statesboro, GA"
1566,Bulloch County,GA,202502,1427.96,0.016,0.0762,"Statesboro, GA"
1566,Bulloch County,GA,202503,1427.24,-0.0005,0.0769,"Statesboro, GA"
1566,Bulloch County,GA,202504,1426.67,-0.0004,0.0578,"Statesboro, GA"
1566,Bulloch County,GA,202505,1419.04,-0.0053,0.0462,"Statesboro, GA"
1566,Bulloch County,GA,202506,1409.36,-0.0068,0.0319,"Statesboro, GA"
1566,Bulloch County,GA,202507,1409.54,0.0001,0.034,"Statesboro, GA"
1566,Bulloch County,GA,202508,1431.98,0.0159,0.0482,"Statesboro, GA"
1566,Bulloch County,GA,202509,1456.01,0.0168,0.0609,"Statesboro, GA"
1566,Bulloch County,GA,202510,1455.94,-0.0,0.0587,"Statesboro, GA"
1566,Bulloch County,GA,202511,1435.42,-0.0141,0.0476,"Statesboro, GA"
1566,Bulloch County,GA,202512,1433.83,-0.0011,0.0325,"Statesboro, GA"
1566,Bulloch County,GA,202601,1442.55,0.0061,0.0263,"Statesboro, GA"
1566,Bulloch County,GA,202602,1458.37,0.011,0.0213,"Statesboro, GA"
1566,Bulloch County,GA,202603,1454.72,-0.0025,0.0193,"Statesboro, GA"
1566,Bulloch County,GA,202604,1452.54,-0.0015,0.0181,"Statesboro, GA"
1566,Bulloch County,GA,202605,1473.06,0.0141,0.0381,"Statesboro, GA"
1566,Bulloch County,GA,202606,1467.72,-0.0036,0.0414,"Statesboro, GA"
1566,Bulloch County,GA,202607,1479.63,0.0081,0.0497,"Statesboro, GA"
1566,Bulloch County,GA,202608,1457.63,-0.0149,0.0179,"Statesboro, GA"
1590,Carroll County,GA,201501,782.08,,,"Atlanta-Sandy Springs-Alpharetta, GA"
1590,Carroll County,GA,201502,783.16,0.0014,,"Atlanta-Sandy Springs-Alpharetta, GA"
1590,Carroll County,GA,201503,786.48,0.0042,,"Atlanta-Sandy Springs-Alpharetta, GA"
1590,Carroll County,GA,201504,795.56,0.0115,,"Atlanta-Sandy Springs-Alpharetta, GA"
1590,Carroll County,GA,201505,800.94,0.0068,,"Atlanta-Sandy Springs-Alpharetta, GA"
1590,Carroll County,GA,201506,814.26,0.0166,,"Atlanta-Sandy Springs-Alpharetta, GA"
1590,Carroll County,GA,201507,817.84,0.0044,,"Atlanta-Sandy Springs-Alpharetta, GA"
1590,Carroll County,GA,201508,822.64,0.0059,,"Atlanta-Sandy Springs-Alpharetta, GA"
1590,Carroll County,GA,201509,813.69,-0.0109,,"Atlanta-Sandy Springs-Alpharetta, GA"
1590,Carroll County,GA,201510,807.72,-0.0073,,"Atlanta-Sandy Springs-Alpharetta, GA"
1590,Carroll County,GA,201511,808.01,0.0004,,"Atlanta-Sandy Springs-Alpharetta, GA"
1590,Carroll County,GA,201512,808.1,0.0001,,"Atlanta-Sandy Springs-Alpharetta, GA"
1590,Carroll County,GA,201601,812.43,0.0054,0.0388,"Atlanta-Sandy Springs-Alpharetta, GA"
1590,Carroll County,GA,201602,822.76,0.0127,0.0506,"Atlanta-Sandy Springs-Alpharetta, GA"
1590,Carroll County,GA,201603,826.14,0.0041,0.0504,"Atlanta-Sandy Springs-Alpharetta, GA"
1590,Carroll County,GA,201604,841.83,0.019,0.0582,"Atlanta-Sandy Springs-Alpharetta, GA"
1590,Carroll County,GA,201605,838.23,-0.0043,0.0466,"Atlanta-Sandy Springs-Alpharetta, GA"
1590,Carroll County,GA,201606,849.42,0.0133,0.0432,"Atlanta-Sandy Springs-Alpharetta, GA"
1590,Carroll County,GA,201607,848.18,-0.0015,0.0371,"Atlanta-Sandy Springs-Alpharetta, GA"
1590,Carroll County,GA,201608,857.0,0.0104,0.0418,"Atlanta-Sandy Springs-Alpharetta, GA"
1590,Carroll County,GA,201609,862.23,0.0061,0.0596,"Atlanta-Sandy Springs-Alpharetta, GA"
1590,Carroll County,GA,201610,855.38,-0.0079,0.059,"Atlanta-Sandy Springs-Alpharetta, GA"
1590,Carroll County,GA,201611,852.36,-0.0035,0.0549,"Atlanta-Sandy Springs-Alpharetta, GA"
1590,Carroll County,GA,201612,851.13,-0.0014,0.0532,"Atlanta-Sandy Springs-Alpharetta, GA"
1590,Carroll County,GA,201701,854.21,0.0036,0.0514,"Atlanta-Sandy Springs-Alpharetta, GA"
1590,Carroll County,GA,201702,860.23,0.007,0.0455,"Atlanta-Sandy Springs-Alpharetta, GA"
1590,Carroll County,GA,201703,870.28,0.0117,0.0534,"Atlanta-Sandy Springs-Alpharetta, GA"
1590,Carroll County,GA,201704,886.54,0.0187,0.0531,"Atlanta-Sandy Springs-Alpharetta, GA"
1590,Carroll County,GA,201705,892.12,0.0063,0.0643,"Atlanta-Sandy Springs-Alpharetta, GA"
1590,Carroll County,GA,201706,893.55,0.0016,0.052,"Atlanta-Sandy Springs-Alpharetta, GA"
1590,Carroll County,GA,201707,896.68,0.0035,0.0572,"Atlanta-Sandy Springs-Alpharetta, GA"
1590,Carroll County,GA,201708,901.86,0.0058,0.0523,"Atlanta-Sandy Springs-Alpharetta, GA"
1590,Carroll County,GA,201709,903.84,0.0022,0.0483,"Atlanta-Sandy Springs-Alpharetta, GA"
1590,Carroll County,GA,201710,895.73,-0.009,0.0472,"Atlanta-Sandy Springs-Alpharetta, GA"
1590,Carroll County,GA,201711,897.89,0.0024,0.0534,"Atlanta-Sandy Springs-Alpharetta, GA"
1590,Carroll County,GA,201712,899.75,0.0021,0.0571,"Atlanta-Sandy Springs-Alpharetta, GA"
1590,Carroll County,GA,201801,904.27,0.005,0.0586,"Atlanta-Sandy Springs-Alpharetta, GA"
1590,Carroll County,GA,201802,908.39,0.0046,0.056,"Atlanta-Sandy Springs-Alpharetta, GA"
1590,Carroll County,GA,201803,916.93,0.0094,0.0536,"Atlanta-Sandy Springs-Alpharetta, GA"
1590,Carroll County,GA,201804,937.69,0.0226,0.0577,"Atlanta-Sandy Springs-Alpharetta, GA"
1590,Carroll County,GA,201805,954.94,0.0184,0.0704,"Atlanta-Sandy Springs-Alpharetta, GA"
1590,Carroll County,GA,201806,965.12,0.0107,0.0801,"Atlanta-Sandy Springs-Alpharetta, GA"
1590,Carroll County,GA,201807,960.41,-0.0049,0.0711,"Atlanta-Sandy Springs-Alpharetta, GA"
1590,Carroll County,GA,201808,956.07,-0.0045,0.0601,"Atlanta-Sandy Springs-Alpharetta, GA"
1590,Carroll County,GA,201809,950.97,-0.0053,0.0521,"Atlanta-Sandy Springs-Alpharetta, GA"
1590,Carroll County,GA,201810,954.78,0.004,0.0659,"Atlanta-Sandy Springs-Alpharetta, GA"
1590,Carroll County,GA,201811,943.94,-0.0114,0.0513,"Atlanta-Sandy Springs-Alpharetta, GA"
1590,Carroll County,GA,201812,949.53,0.0059,0.0553,"Atlanta-Sandy Springs-Alpharetta, GA"
1590,Carroll County,GA,201901,953.62,0.0043,0.0546,"Atlanta-Sandy Springs-Alpharetta, GA"
1590,Carroll County,GA,201902,967.32,0.0144,0.0649,"Atlanta-Sandy Springs-Alpharetta, GA"
1590,Carroll County,GA,201903,969.5,0.0023,0.0573,"Atlanta-Sandy Springs-Alpharetta, GA"
1590,Carroll County,GA,201904,981.83,0.0127,0.0471,"Atlanta-Sandy Springs-Alpharetta, GA"
1590,Carroll County,GA,201905,979.39,-0.0025,0.0256,"Atlanta-Sandy Springs-Alpharetta, GA"
1590,Carroll County,GA,201906,991.89,0.0128,0.0277,"Atlanta-Sandy Springs-Alpharetta, GA"
1590,Carroll County,GA,201907,1002.06,0.0103,0.0434,"Atlanta-Sandy Springs-Alpharetta, GA"
1590,Carroll County,GA,201908,1018.89,0.0168,0.0657,"Atlanta-Sandy Springs-Alpharetta, GA"
1590,Carroll County,GA,201909,1031.23,0.0121,0.0844,"Atlanta-Sandy Springs-Alpharetta, GA"
1590,Carroll County,GA,201910,1021.13,-0.0098,0.0695,"Atlanta-Sandy Springs-Alpharetta, GA"
1590,Carroll County,GA,201911,1016.4,-0.0046,0.0768,"Atlanta-Sandy Springs-Alpharetta, GA"
1590,Carroll County,GA,201912,1005.76,-0.0105,0.0592,"Atlanta-Sandy Springs-Alpharetta, GA"
1590,Carroll County,GA,202001,1016.78,0.011,0.0662,"Atlanta-Sandy Springs-Alpharetta, GA"
1590,Carroll County,GA,202002,1022.63,0.0058,0.0572,"Atlanta-Sandy Springs-Alpharetta, GA"
1590,Carroll County,GA,202003,1031.28,0.0085,0.0637,"Atlanta-Sandy Springs-Alpharetta, GA"
1590,Carroll County,GA,202004,1044.52,0.0128,0.0638,"Atlanta-Sandy Springs-Alpharetta, GA"
1590,Carroll County,GA,202005,1070.94,0.0253,0.0935,"Atlanta-Sandy Springs-Alpharetta, GA"
1590,Carroll County,GA,202006,1114.21,0.0404,0.1233,"Atlanta-Sandy Springs-Alpharetta, GA"
1590,Carroll County,GA,202007,1128.39,0.0127,0.1261,"Atlanta-Sandy Springs-Alpharetta, GA"
1590,Carroll County,GA,202008,1124.19,-0.0037,0.1033,"Atlanta-Sandy Springs-Alpharetta, GA"
1590,Carroll County,GA,202009,1116.55,-0.0068,0.0827,"Atlanta-Sandy Springs-Alpharetta, GA"
1590,Carroll County,GA,202010,1132.47,0.0143,0.109,"Atlanta-Sandy Springs-Alpharetta, GA"
1590,Carroll County,GA,202011,1154.29,0.0193,0.1357,"Atlanta-Sandy Springs-Alpharetta, GA"
1590,Carroll County,GA,202012,1150.57,-0.0032,0.144,"Atlanta-Sandy Springs-Alpharetta, GA"
1590,Carroll County,GA,202101,1149.94,-0.0006,0.131,"Atlanta-Sandy Springs-Alpharetta, GA"
1590,Carroll County,GA,202102,1169.7,0.0172,0.1438,"Atlanta-Sandy Springs-Alpharetta, GA"
1590,Carroll County,GA,202103,1184.92,0.013,0.149,"Atlanta-Sandy Springs-Alpharetta, GA"
1590,Carroll County,GA,202104,1212.91,0.0236,0.1612,"Atlanta-Sandy Springs-Alpharetta, GA"
1590,Carroll County,GA,202105,1217.13,0.0035,0.1365,"Atlanta-Sandy Springs-Alpharetta, GA"
1590,Carroll County,GA,202106,1252.61,0.0291,0.1242,"Atlanta-Sandy Springs-Alpharetta, GA"
1590,Carroll County,GA,202107,1267.76,0.0121,0.1235,"Atlanta-Sandy Springs-Alpharetta, GA"
1590,Carroll County,GA,202108,1300.14,0.0255,0.1565,"Atlanta-Sandy Springs-Alpharetta, GA"
1590,Carroll County,GA,202109,1314.22,0.0108,0.177,"Atlanta-Sandy Springs-Alpharetta, GA"
1590,Carroll County,GA,202110,1328.61,0.0109,0.1732,"Atlanta-Sandy Springs-Alpharetta, GA"
1590,Carroll County,GA,202111,1341.19,0.0095,0.1619,"Atlanta-Sandy Springs-Alpharetta, GA"
1590,Carroll County,GA,202112,1344.35,0.0024,0.1684,"Atlanta-Sandy Springs-Alpharetta, GA"
1590,Carroll County,GA,202201,1341.79,-0.0019,0.1668,"Atlanta-Sandy Springs-Alpharetta, GA"
1590,Carroll County,GA,202202,1333.45,-0.0062,0.14,"Atlanta-Sandy Springs-Alpharetta, GA"
1590,Carroll County,GA,202203,1351.03,0.0132,0.1402,"Atlanta-Sandy Springs-Alpharetta, GA"
1590,Carroll County,GA,202204,1366.81,0.0117,0.1269,"Atlanta-Sandy Springs-Alpharetta, GA"
1590,Carroll County,GA,202205,1387.67,0.0153,0.1401,"Atlanta-Sandy Springs-Alpharetta, GA"
1590,Carroll County,GA,202206,1399.69,0.0087,0.1174,"Atlanta-Sandy Springs-Alpharetta, GA"
1590,Carroll County,GA,202207,1425.18,0.0182,0.1242,"Atlanta-Sandy Springs-Alpharetta, GA"
1590,Carroll County,GA,202208,1449.4,0.017,0.1148,"Atlanta-Sandy Springs-Alpharetta, GA"
1590,Carroll County,GA,202209,1465.97,0.0114,0.1155,"Atlanta-Sandy Springs-Alpharetta, GA"
1590,Carroll County,GA,202210,1455.65,-0.007,0.0956,"Atlanta-Sandy Springs-Alpharetta, GA"
1590,Carroll County,GA,202211,1448.64,-0.0048,0.0801,"Atlanta-Sandy Springs-Alpharetta, GA"
1590,Carroll County,GA,202212,1442.15,-0.0045,0.0727,"Atlanta-Sandy Springs-Alpharetta, GA"
1590,Carroll County,GA,202301,1444.83,0.0019,0.0768,"Atlanta-Sandy Springs-Alpharetta, GA"
1590,Carroll County,GA,202302,1460.9,0.0111,0.0956,"Atlanta-Sandy Springs-Alpharetta, GA"
1590,Carroll County,GA,202303,1470.06,0.0063,0.0881,"Atlanta-Sandy Springs-Alpharetta, GA"
1590,Carroll County,GA,202304,1470.34,0.0002,0.0757,"Atlanta-Sandy Springs-Alpharetta, GA"
1590,Carroll County,GA,202305,1462.48,-0.0053,0.0539,"Atlanta-Sandy Springs-Alpharetta, GA"
1590,Carroll County,GA,202306,1468.48,0.0041,0.0491,"Atlanta-Sandy Springs-Alpharetta, GA"
1590,Carroll County,GA,202307,1484.01,0.0106,0.0413,"Atlanta-Sandy Springs-Alpharetta, GA"
1590,Carroll County,GA,202308,1504.45,0.0138,0.038,"Atlanta-Sandy Springs-Alpharetta, GA"
1590,Carroll County,GA,202309,1490.95,-0.009,0.017,"Atlanta-Sandy Springs-Alpharetta, GA"
1590,Carroll County,GA,202310,1491.56,0.0004,0.0247,"Atlanta-Sandy Springs-Alpharetta, GA"
1590,Carroll County,GA,202311,1475.0,-0.0111,0.0182,"Atlanta-Sandy Springs-Alpharetta, GA"
1590,Carroll County,GA,202312,1491.2,0.011,0.034,"Atlanta-Sandy Springs-Alpharetta, GA"
1590,Carroll County,GA,202401,1503.97,0.0086,0.0409,"Atlanta-Sandy Springs-Alpharetta, GA"
1590,Carroll County,GA,202402,1522.69,0.0124,0.0423,"Atlanta-Sandy Springs-Alpharetta, GA"
1590,Carroll County,GA,202403,1534.44,0.0077,0.0438,"Atlanta-Sandy Springs-Alpharetta, GA"
1590,Carroll County,GA,202404,1550.93,0.0107,0.0548,"Atlanta-Sandy Springs-Alpharetta, GA"
1590,Carroll County,GA,202405,1557.92,0.0045,0.0653,"Atlanta-Sandy Springs-Alpharetta, GA"
1590,Carroll County,GA,202406,1567.49,0.0061,0.0674,"Atlanta-Sandy Springs-Alpharetta, GA"
1590,Carroll County,GA,202407,1568.63,0.0007,0.057,"Atlanta-Sandy Springs-Alpharetta, GA"
1590,Carroll County,GA,202408,1590.96,0.0142,0.0575,"Atlanta-Sandy Springs-Alpharetta, GA"
1590,Carroll County,GA,202409,1585.74,-0.0033,0.0636,"Atlanta-Sandy Springs-Alpharetta, GA"
1590,Carroll County,GA,202410,1582.75,-0.0019,0.0611,"Atlanta-Sandy Springs-Alpharetta, GA"
1590,Carroll County,GA,202411,1560.14,-0.0143,0.0577,"Atlanta-Sandy Springs-Alpharetta, GA"
1590,Carroll County,GA,202412,1570.82,0.0068,0.0534,"Atlanta-Sandy Springs-Alpharetta, GA"
1590,Carroll County,GA,202501,1574.71,0.0025,0.047,"Atlanta-Sandy Springs-Alpharetta, GA"
1590,Carroll County,GA,202502,1569.97,-0.003,0.031,"Atlanta-Sandy Springs-Alpharetta, GA"
1590,Carroll County,GA,202503,1559.6,-0.0066,0.0164,"Atlanta-Sandy Springs-Alpharetta, GA"
1590,Carroll County,GA,202504,1561.55,0.0012,0.0068,"Atlanta-Sandy Springs-Alpharetta, GA"
1590,Carroll County,GA,202505,1592.29,0.0197,0.0221,"Atlanta-Sandy Springs-Alpharetta, GA"
1590,Carroll County,GA,202506,1611.35,0.012,0.028,"Atlanta-Sandy Springs-Alpharetta, GA"
1590,Carroll County,GA,202507,1631.6,0.0126,0.0401,"Atlanta-Sandy Springs-Alpharetta, GA"
1590,Carroll County,GA,202508,1623.14,-0.0052,0.0202,"Atlanta-Sandy Springs-Alpharetta, GA"
1590,Carroll County,GA,202509,1626.51,0.0021,0.0257,"Atlanta-Sandy Springs-Alpharetta, GA"
1590,Carroll County,GA,202510,1602.28,-0.0149,0.0123,"Atlanta-Sandy Springs-Alpharetta, GA"
1590,Carroll County,GA,202511,1598.72,-0.0022,0.0247,"Atlanta-Sandy Springs-Alpharetta, GA"
1590,Carroll County,GA,202512,1583.98,-0.0092,0.0084,"Atlanta-Sandy Springs-Alpharetta, GA"
1590,Carroll County,GA,202601,1590.46,0.0041,0.01,"Atlanta-Sandy Springs-Alpharetta, GA"
1590,Carroll County,GA,202602,1603.68,0.0083,0.0215,"Atlanta-Sandy Springs-Alpharetta, GA"
1590,Carroll County,GA,202603,1607.64,0.0025,0.0308,"Atlanta-Sandy Springs-Alpharetta, GA"
1590,Carroll County,GA,202604,1611.48,0.0024,0.032,"Atlanta-Sandy Springs-Alpharetta, GA"
1590,Carroll County,GA,202605,1623.11,0.0072,0.0194,"Atlanta-Sandy Springs-Alpharetta, GA"
1590,Carroll County,GA,202606,1635.58,0.0077,0.015,"Atlanta-Sandy Springs-Alpharetta, GA"
1590,Carroll County,GA,202607,1649.19,0.0083,0.0108,"Atlanta-Sandy Springs-Alpharetta, GA"
1590,Carroll County,GA,202608,1642.44,-0.0041,0.0119,"Atlanta-Sandy Springs-Alpharetta, GA"
1605,Catoosa County,GA,202305,1423.72,,,"Chattanooga, TN-GA"
1605,Catoosa County,GA,202306,1432.63,0.0063,,"Chattanooga, TN-GA"
1605,Catoosa County,GA,202307,1460.53,0.0195,,"Chattanooga, TN-GA"
1605,Catoosa County,GA,202308,1485.71,0.0172,,"Chattanooga, TN-GA"
1605,Catoosa County,GA,202309,1477.38,-0.0056,,"Chattanooga, TN-GA"
1605,Catoosa County,GA,202310,1470.45,-0.0047,,"Chattanooga, TN-GA"
1605,Catoosa County,GA,202311,1440.56,-0.0203,,"Chattanooga, TN-GA"
1605,Catoosa County,GA,202312,1461.35,0.0144,,"Chattanooga, TN-GA"
1605,Catoosa County,GA,202401,1479.62,0.0125,,"Chattanooga, TN-GA"
1605,Catoosa County,GA,202402,1505.61,0.0176,,"Chattanooga, TN-GA"
1605,Catoosa County,GA,202403,1523.61,0.012,,"Chattanooga, TN-GA"
1605,Catoosa County,GA,202404,1489.42,-0.0224,,"Chattanooga, TN-GA"
1605,Catoosa County,GA,202405,1505.28,0.0107,0.0573,"Chattanooga, TN-GA"
1605,Catoosa County,GA,202406,1511.2,0.0039,0.0548,"Chattanooga, TN-GA"
1605,Catoosa County,GA,202407,1560.07,0.0323,0.0681,"Chattanooga, TN-GA"
1605,Catoosa County,GA,202408,1562.44,0.0015,0.0516,"Chattanooga, TN-GA"
1605,Catoosa County,GA,202409,1591.87,0.0188,0.0775,"Chattanooga, TN-GA"
1605,Catoosa County,GA,202410,1574.3,-0.011,0.0706,"Chattanooga, TN-GA"
1605,Catoosa County,GA,202411,1564.1,-0.0065,0.0858,"Chattanooga, TN-GA"
1605,Catoosa County,GA,202412,1528.52,-0.0227,0.046,"Chattanooga, TN-GA"
1605,Catoosa County,GA,202501,1520.17,-0.0055,0.0274,"Chattanooga, TN-GA"
1605,Catoosa County,GA,202502,1530.31,0.0067,0.0164,"Chattanooga, TN-GA"
1605,Catoosa County,GA,202503,1534.08,0.0025,0.0069,"Chattanooga, TN-GA"
1605,Catoosa County,GA,202504,1537.55,0.0023,0.0323,"Chattanooga, TN-GA"
1605,Catoosa County,GA,202505,1546.43,0.0058,0.0273,"Chattanooga, TN-GA"
1605,Catoosa County,GA,202506,1550.19,0.0024,0.0258,"Chattanooga, TN-GA"
1605,Catoosa County,GA,202507,1565.97,0.0102,0.0038,"Chattanooga, TN-GA"
1605,Catoosa County,GA,202508,1589.07,0.0148,0.017,"Chattanooga, TN-GA"
1605,Catoosa County,GA,202509,1582.8,-0.0039,-0.0057,"Chattanooga, TN-GA"
1605,Catoosa County,GA,202510,1580.83,-0.0012,0.0042,"Chattanooga, TN-GA"
1605,Catoosa County,GA,202511,1548.0,-0.0208,-0.0103,"Chattanooga, TN-GA"
1605,Catoosa County,GA,202512,1572.6,0.0159,0.0288,"Chattanooga, TN-GA"
1605,Catoosa County,GA,202601,1604.65,0.0204,0.0556,"Chattanooga, TN-GA"
1605,Catoosa County,GA,202602,1617.73,0.0081,0.0571,"Chattanooga, TN-GA"
1605,Catoosa County,GA,202603,1621.61,0.0024,0.0571,"Chattanooga, TN-GA"
1605,Catoosa County,GA,202604,1618.61,-0.0019,0.0527,"Chattanooga, TN-GA"
1605,Catoosa County,GA,202605,1621.36,0.0017,0.0484,"Chattanooga, TN-GA"
1605,Catoosa County,GA,202606,1616.06,-0.0033,0.0425,"Chattanooga, TN-GA"
1605,Catoosa County,GA,202607,1606.22,-0.0061,0.0257,"Chattanooga, TN-GA"
1605,Catoosa County,GA,202608,1637.7,0.0196,0.0306,"Chattanooga, TN-GA"
1608,Chatham County,GA,201501,924.62,,,"Savannah, GA"
1608,Chatham County,GA,201502,928.07,0.0037,,"Savannah, GA"
1608,Chatham County,GA,201503,936.72,0.0093,,"Savannah, GA"
1608,Chatham County,GA,201504,949.59,0.0137,,"Savannah, GA"
1608,Chatham County,GA,201505,955.02,0.0057,,"Savannah, GA"
1608,Chatham County,GA,201506,955.04,0.0,,"Savannah, GA"
1608,Chatham County,GA,201507,953.85,-0.0012,,"Savannah, GA"
1608,Chatham County,GA,201508,956.66,0.0029,,"Savannah, GA"
1608,Chatham County,GA,201509,957.97,0.0014,,"Savannah, GA"
1608,Chatham County,GA,201510,959.15,0.0012,,"Savannah, GA"
1608,Chatham County,GA,201511,957.91,-0.0013,,"Savannah, GA"
1608,Chatham County,GA,201512,960.4,0.0026,,"Savannah, GA"
1608,Chatham County,GA,201601,962.89,0.0026,0.0414,"Savannah, GA"
1608,Chatham County,GA,201602,967.63,0.0049,0.0426,"Savannah, GA"
1608,Chatham County,GA,201603,972.53,0.0051,0.0382,"Savannah, GA"
1608,Chatham County,GA,201604,979.27,0.0069,0.0313,"Savannah, GA"
1608,Chatham County,GA,201605,984.95,0.0058,0.0313,"Savannah, GA"
1608,Chatham County,GA,201606,993.36,0.0085,0.0401,"Savannah, GA"
1608,Chatham County,GA,201607,997.62,0.0043,0.0459,"Savannah, GA"
1608,Chatham County,GA,201608,993.21,-0.0044,0.0382,"Savannah, GA"
1608,Chatham County,GA,201609,986.91,-0.0063,0.0302,"Savannah, GA"
1608,Chatham County,GA,201610,979.81,-0.0072,0.0215,"Savannah, GA"
1608,Chatham County,GA,201611,978.8,-0.001,0.0218,"Savannah, GA"
1608,Chatham County,GA,201612,985.72,0.0071,0.0264,"Savannah, GA"
1608,Chatham County,GA,201701,988.9,0.0032,0.027,"Savannah, GA"
1608,Chatham County,GA,201702,997.24,0.0084,0.0306,"Savannah, GA"
1608,Chatham County,GA,201703,1005.15,0.0079,0.0335,"Savannah, GA"
1608,Chatham County,GA,201704,1021.61,0.0164,0.0432,"Savannah, GA"
1608,Chatham County,GA,201705,1033.74,0.0119,0.0495,"Savannah, GA"
1608,Chatham County,GA,201706,1033.14,-0.0006,0.04,"Savannah, GA"
1608,Chatham County,GA,201707,1044.76,0.0112,0.0472,"Savannah, GA"
1608,Chatham County,GA,201708,1049.76,0.0048,0.0569,"Savannah, GA"
1608,Chatham County,GA,201709,1057.62,0.0075,0.0716,"Savannah, GA"
1608,Chatham County,GA,201710,1045.48,-0.0115,0.067,"Savannah, GA"
1608,Chatham County,GA,201711,1041.42,-0.0039,0.064,"Savannah, GA"
1608,Chatham County,GA,201712,1041.06,-0.0003,0.0561,"Savannah, GA"
1608,Chatham County,GA,201801,1043.73,0.0026,0.0554,"Savannah, GA"
1608,Chatham County,GA,201802,1055.59,0.0114,0.0585,"Savannah, GA"
1608,Chatham County,GA,201803,1066.31,0.0102,0.0608,"Savannah, GA"
1608,Chatham County,GA,201804,1080.42,0.0132,0.0576,"Savannah, GA"
1608,Chatham County,GA,201805,1081.45,0.001,0.0461,"Savannah, GA"
1608,Chatham County,GA,201806,1091.22,0.009,0.0562,"Savannah, GA"
1608,Chatham County,GA,201807,1097.27,0.0055,0.0503,"Savannah, GA"
1608,Chatham County,GA,201808,1108.09,0.0099,0.0556,"Savannah, GA"
1608,Chatham County,GA,201809,1100.45,-0.0069,0.0405,"Savannah, GA"
1608,Chatham County,GA,201810,1095.22,-0.0048,0.0476,"Savannah, GA"
1608,Chatham County,GA,201811,1088.37,-0.0063,0.0451,"Savannah, GA"
1608,Chatham County,GA,201812,1092.53,0.0038,0.0494,"Savannah, GA"
1608,Chatham County,GA,201901,1097.42,0.0045,0.0514,"Savannah, GA"
1608,Chatham County,GA,201902,1101.77,0.004,0.0437,"Savannah, GA"
1608,Chatham County,GA,201903,1114.82,0.0118,0.0455,"Savannah, GA"
1608,Chatham County,GA,201904,1124.84,0.009,0.0411,"Savannah, GA"
1608,Chatham County,GA,201905,1137.01,0.0108,0.0514,"Savannah, GA"
1608,Chatham County,GA,201906,1140.0,0.0026,0.0447,"Savannah, GA"
1608,Chatham County,GA,201907,1145.73,0.005,0.0442,"Savannah, GA"
1608,Chatham County,GA,201908,1151.37,0.0049,0.0391,"Savannah, GA"
1608,Chatham County,GA,201909,1148.35,-0.0026,0.0435,"Savannah, GA"
1608,Chatham County,GA,201910,1138.96,-0.0082,0.0399,"Savannah, GA"
1608,Chatham County,GA,201911,1135.74,-0.0028,0.0435,"Savannah, GA"
1608,Chatham County,GA,201912,1140.05,0.0038,0.0435,"Savannah, GA"
1608,Chatham County,GA,202001,1154.04,0.0123,0.0516,"Savannah, GA"
1608,Chatham County,GA,202002,1160.86,0.0059,0.0536,"Savannah, GA"
1608,Chatham County,GA,202003,1181.41,0.0177,0.0597,"Savannah, GA"
1608,Chatham County,GA,202004,1183.76,0.002,0.0524,"Savannah, GA"
1608,Chatham County,GA,202005,1183.22,-0.0005,0.0406,"Savannah, GA"
1608,Chatham County,GA,202006,1170.61,-0.0107,0.0268,"Savannah, GA"
1608,Chatham County,GA,202007,1179.9,0.0079,0.0298,"Savannah, GA"
1608,Chatham County,GA,202008,1188.63,0.0074,0.0324,"Savannah, GA"
1608,Chatham County,GA,202009,1192.95,0.0036,0.0388,"Savannah, GA"
1608,Chatham County,GA,202010,1190.0,-0.0025,0.0448,"Savannah, GA"
1608,Chatham County,GA,202011,1194.79,0.004,0.052,"Savannah, GA"
1608,Chatham County,GA,202012,1195.16,0.0003,0.0483,"Savannah, GA"
1608,Chatham County,GA,202101,1202.08,0.0058,0.0416,"Savannah, GA"
1608,Chatham County,GA,202102,1210.67,0.0071,0.0429,"Savannah, GA"
1608,Chatham County,GA,202103,1231.23,0.017,0.0422,"Savannah, GA"
1608,Chatham County,GA,202104,1257.55,0.0214,0.0623,"Savannah, GA"
1608,Chatham County,GA,202105,1290.8,0.0264,0.0909,"Savannah, GA"
1608,Chatham County,GA,202106,1332.31,0.0322,0.1381,"Savannah, GA"
1608,Chatham County,GA,202109,1437.51,0.079,0.2183,"Savannah, GA"
1608,Chatham County,GA,202110,1454.57,0.0119,0.2237,"Savannah, GA"
1608,Chatham County,GA,202111,1443.87,-0.0074,0.2103,"Savannah, GA"
1608,Chatham County,GA,202112,1457.68,0.0096,0.2249,"Savannah, GA"
1608,Chatham County,GA,202201,1472.11,0.0099,0.2321,"Savannah, GA"
1608,Chatham County,GA,202202,1496.96,0.0169,0.2525,"Savannah, GA"
1608,Chatham County,GA,202203,1514.22,0.0115,0.2597,"Savannah, GA"
1608,Chatham County,GA,202204,1540.57,0.0174,0.2725,"Savannah, GA"
1608,Chatham County,GA,202205,1570.4,0.0194,0.2755,"Savannah, GA"
1608,Chatham County,GA,202206,1599.2,0.0183,0.2717,"Savannah, GA"
1608,Chatham County,GA,202207,1627.98,0.018,0.2612,"Savannah, GA"
1608,Chatham County,GA,202208,1648.64,0.0127,0.2374,"Savannah, GA"
1608,Chatham County,GA,202209,1648.84,0.0001,0.147,"Savannah, GA"
1608,Chatham County,GA,202210,1637.68,-0.0068,0.1259,"Savannah, GA"
1608,Chatham County,GA,202211,1622.13,-0.0095,0.1235,"Savannah, GA"
1608,Chatham County,GA,202212,1632.63,0.0065,0.12,"Savannah, GA"
1608,Chatham County,GA,202301,1637.48,0.003,0.1123,"Savannah, GA"
1608,Chatham County,GA,202302,1647.66,0.0062,0.1007,"Savannah, GA"
1608,Chatham County,GA,202303,1653.29,0.0034,0.0918,"Savannah, GA"
1608,Chatham County,GA,202304,1671.3,0.0109,0.0849,"Savannah, GA"
1608,Chatham County,GA,202305,1688.18,0.0101,0.075,"Savannah, GA"
1608,Chatham County,GA,202306,1698.47,0.0061,0.0621,"Savannah, GA"
1608,Chatham County,GA,202307,1697.86,-0.0004,0.0429,"Savannah, GA"
1608,Chatham County,GA,202308,1698.74,0.0005,0.0304,"Savannah, GA"
1608,Chatham County,GA,202309,1698.15,-0.0003,0.0299,"Savannah, GA"
1608,Chatham County,GA,202310,1688.52,-0.0057,0.031,"Savannah, GA"
1608,Chatham County,GA,202311,1688.58,0.0,0.041,"Savannah, GA"
1608,Chatham County,GA,202312,1692.44,0.0023,0.0366,"Savannah, GA"
1608,Chatham County,GA,202401,1706.22,0.0081,0.042,"Savannah, GA"
1608,Chatham County,GA,202402,1706.81,0.0003,0.0359,"Savannah, GA"
1608,Chatham County,GA,202403,1710.36,0.0021,0.0345,"Savannah, GA"
1608,Chatham County,GA,202404,1720.64,0.006,0.0295,"Savannah, GA"
1608,Chatham County,GA,202405,1734.46,0.008,0.0274,"Savannah, GA"
1608,Chatham County,GA,202406,1743.71,0.0053,0.0266,"Savannah, GA"
1608,Chatham County,GA,202407,1749.45,0.0033,0.0304,"Savannah, GA"
1608,Chatham County,GA,202408,1749.9,0.0003,0.0301,"Savannah, GA"
1608,Chatham County,GA,202409,1748.59,-0.0008,0.0297,"Savannah, GA"
1608,Chatham County,GA,202410,1742.35,-0.0036,0.0319,"Savannah, GA"
1608,Chatham County,GA,202411,1732.72,-0.0055,0.0261,"Savannah, GA"
1608,Chatham County,GA,202412,1729.72,-0.0017,0.022,"Savannah, GA"
1608,Chatham County,GA,202501,1728.79,-0.0005,0.0132,"Savannah, GA"
1608,Chatham County,GA,202502,1742.45,0.0079,0.0209,"Savannah, GA"
1608,Chatham County,GA,202503,1750.35,0.0045,0.0234,"Savannah, GA"
1608,Chatham County,GA,202504,1765.07,0.0084,0.0258,"Savannah, GA"
1608,Chatham County,GA,202505,1769.1,0.0023,0.02,"Savannah, GA"
1608,Chatham County,GA,202506,1774.61,0.0031,0.0177,"Savannah, GA"
1608,Chatham County,GA,202507,1769.11,-0.0031,0.0112,"Savannah, GA"
1608,Chatham County,GA,202508,1764.75,-0.0025,0.0085,"Savannah, GA"
1608,Chatham County,GA,202509,1755.9,-0.005,0.0042,"Savannah, GA"
1608,Chatham County,GA,202510,1756.4,0.0003,0.0081,"Savannah, GA"
1608,Chatham County,GA,202511,1747.93,-0.0048,0.0088,"Savannah, GA"
1608,Chatham County,GA,202512,1737.52,-0.006,0.0045,"Savannah, GA"
1608,Chatham County,GA,202601,1735.65,-0.0011,0.004,"Savannah, GA"
1608,Chatham County,GA,202602,1740.03,0.0025,-0.0014,"Savannah, GA"
1608,Chatham County,GA,202603,1745.6,0.0032,-0.0027,"Savannah, GA"
1608,Chatham County,GA,202604,1740.6,-0.0029,-0.0139,"Savannah, GA"
1608,Chatham County,GA,202605,1741.7,0.0006,-0.0155,"Savannah, GA"
1608,Chatham County,GA,202606,1748.24,0.0038,-0.0149,"Savannah, GA"
1608,Chatham County,GA,202607,1751.89,0.0021,-0.0097,"Savannah, GA"
1608,Chatham County,GA,202608,1751.92,0.0,-0.0073,"Savannah, GA"
1622,Clayton County,GA,201501,758.51,,,"Atlanta-Sandy Springs-Alpharetta, GA"
1622,Clayton County,GA,201502,762.5,0.0053,,"Atlanta-Sandy Springs-Alpharetta, GA"
1622,Clayton County,GA,201503,767.38,0.0064,,"Atlanta-Sandy Springs-Alpharetta, GA"
1622,Clayton County,GA,201504,771.84,0.0058,,"Atlanta-Sandy Springs-Alpharetta, GA"
1622,Clayton County,GA,201505,774.31,0.0032,,"Atlanta-Sandy Springs-Alpharetta, GA"
1622,Clayton County,GA,201506,779.14,0.0062,,"Atlanta-Sandy Springs-Alpharetta, GA"
1622,Clayton County,GA,201507,783.17,0.0052,,"Atlanta-Sandy Springs-Alpharetta, GA"
1622,Clayton County,GA,201508,787.31,0.0053,,"Atlanta-Sandy Springs-Alpharetta, GA"
1622,Clayton County,GA,201509,786.62,-0.0009,,"Atlanta-Sandy Springs-Alpharetta, GA"
1622,Clayton County,GA,201510,783.84,-0.0035,,"Atlanta-Sandy Springs-Alpharetta, GA"
1622,Clayton County,GA,201511,784.55,0.0009,,"Atlanta-Sandy Springs-Alpharetta, GA"
1622,Clayton County,GA,201512,785.79,0.0016,,"Atlanta-Sandy Springs-Alpharetta, GA"
1622,Clayton County,GA,201601,788.83,0.0039,0.04,"Atlanta-Sandy Springs-Alpharetta, GA"
1622,Clayton County,GA,201602,791.11,0.0029,0.0375,"Atlanta-Sandy Springs-Alpharetta, GA"
1622,Clayton County,GA,201603,794.79,0.0047,0.0357,"Atlanta-Sandy Springs-Alpharetta, GA"
1622,Clayton County,GA,201604,801.23,0.0081,0.0381,"Atlanta-Sandy Springs-Alpharetta, GA"
1622,Clayton County,GA,201605,807.59,0.0079,0.043,"Atlanta-Sandy Springs-Alpharetta, GA"
1622,Clayton County,GA,201606,816.48,0.011,0.0479,"Atlanta-Sandy Springs-Alpharetta, GA"
1622,Clayton County,GA,201607,820.93,0.0055,0.0482,"Atlanta-Sandy Springs-Alpharetta, GA"
1622,Clayton County,GA,201608,826.31,0.0066,0.0495,"Atlanta-Sandy Springs-Alpharetta, GA"
1622,Clayton County,GA,201609,827.59,0.0015,0.0521,"Atlanta-Sandy Springs-Alpharetta, GA"
1622,Clayton County,GA,201610,829.26,0.002,0.0579,"Atlanta-Sandy Springs-Alpharetta, GA"
1622,Clayton County,GA,201611,823.16,-0.0074,0.0492,"Atlanta-Sandy Springs-Alpharetta, GA"
1622,Clayton County,GA,201612,825.9,0.0033,0.0511,"Atlanta-Sandy Springs-Alpharetta, GA"
1622,Clayton County,GA,201701,832.12,0.0075,0.0549,"Atlanta-Sandy Springs-Alpharetta, GA"
1622,Clayton County,GA,201702,844.03,0.0143,0.0669,"Atlanta-Sandy Springs-Alpharetta, GA"
1622,Clayton County,GA,201703,849.92,0.007,0.0694,"Atlanta-Sandy Springs-Alpharetta, GA"
1622,Clayton County,GA,201704,851.08,0.0014,0.0622,"Atlanta-Sandy Springs-Alpharetta, GA"
1622,Clayton County,GA,201705,858.58,0.0088,0.0631,"Atlanta-Sandy Springs-Alpharetta, GA"
1622,Clayton County,GA,201706,864.37,0.0068,0.0587,"Atlanta-Sandy Springs-Alpharetta, GA"
1622,Clayton County,GA,201707,874.94,0.0122,0.0658,"Atlanta-Sandy Springs-Alpharetta, GA"
1622,Clayton County,GA,201708,879.64,0.0054,0.0645,"Atlanta-Sandy Springs-Alpharetta, GA"
1622,Clayton County,GA,201709,882.78,0.0036,0.0667,"Atlanta-Sandy Springs-Alpharetta, GA"
1622,Clayton County,GA,201710,881.87,-0.001,0.0634,"Atlanta-Sandy Springs-Alpharetta, GA"
1622,Clayton County,GA,201711,878.75,-0.0035,0.0675,"Atlanta-Sandy Springs-Alpharetta, GA"
1622,Clayton County,GA,201712,875.29,-0.0039,0.0598,"Atlanta-Sandy Springs-Alpharetta, GA"
1622,Clayton County,GA,201801,873.58,-0.002,0.0498,"Atlanta-Sandy Springs-Alpharetta, GA"
1622,Clayton County,GA,201802,880.46,0.0079,0.0432,"Atlanta-Sandy Springs-Alpharetta, GA"
1622,Clayton County,GA,201803,892.75,0.014,0.0504,"Atlanta-Sandy Springs-Alpharetta, GA"
1622,Clayton County,GA,201804,906.92,0.0159,0.0656,"Atlanta-Sandy Springs-Alpharetta, GA"
1622,Clayton County,GA,201805,915.75,0.0097,0.0666,"Atlanta-Sandy Springs-Alpharetta, GA"
1622,Clayton County,GA,201806,920.65,0.0054,0.0651,"Atlanta-Sandy Springs-Alpharetta, GA"
1622,Clayton County,GA,201807,927.36,0.0073,0.0599,"Atlanta-Sandy Springs-Alpharetta, GA"
1622,Clayton County,GA,201808,934.5,0.0077,0.0624,"Atlanta-Sandy Springs-Alpharetta, GA"
1622,Clayton County,GA,201809,941.47,0.0075,0.0665,"Atlanta-Sandy Springs-Alpharetta, GA"
1622,Clayton County,GA,201810,949.94,0.009,0.0772,"Atlanta-Sandy Springs-Alpharetta, GA"
1622,Clayton County,GA,201811,954.85,0.0052,0.0866,"Atlanta-Sandy Springs-Alpharetta, GA"
1622,Clayton County,GA,201812,959.07,0.0044,0.0957,"Atlanta-Sandy Springs-Alpharetta, GA"
1622,Clayton County,GA,201901,955.25,-0.004,0.0935,"Atlanta-Sandy Springs-Alpharetta, GA"
1622,Clayton County,GA,201902,955.13,-0.0001,0.0848,"Atlanta-Sandy Springs-Alpharetta, GA"
1622,Clayton County,GA,201903,964.06,0.0094,0.0799,"Atlanta-Sandy Springs-Alpharetta, GA"
1622,Clayton County,GA,201904,974.71,0.011,0.0747,"Atlanta-Sandy Springs-Alpharetta, GA"
1622,Clayton County,GA,201905,984.77,0.0103,0.0754,"Atlanta-Sandy Springs-Alpharetta, GA"
1622,Clayton County,GA,201906,989.24,0.0045,0.0745,"Atlanta-Sandy Springs-Alpharetta, GA"
1622,Clayton County,GA,201907,1004.04,0.015,0.0827,"Atlanta-Sandy Springs-Alpharetta, GA"
1622,Clayton County,GA,201908,1011.75,0.0077,0.0827,"Atlanta-Sandy Springs-Alpharetta, GA"
1622,Clayton County,GA,201909,1021.62,0.0098,0.0851,"Atlanta-Sandy Springs-Alpharetta, GA"
1622,Clayton County,GA,201910,1018.96,-0.0026,0.0727,"Atlanta-Sandy Springs-Alpharetta, GA"
1622,Clayton County,GA,201911,1022.14,0.0031,0.0705,"Atlanta-Sandy Springs-Alpharetta, GA"
1622,Clayton County,GA,201912,1020.82,-0.0013,0.0644,"Atlanta-Sandy Springs-Alpharetta, GA"
1622,Clayton County,GA,202001,1022.62,0.0018,0.0705,"Atlanta-Sandy Springs-Alpharetta, GA"
1622,Clayton County,GA,202002,1027.09,0.0044,0.0753,"Atlanta-Sandy Springs-Alpharetta, GA"
1622,Clayton County,GA,202003,1041.08,0.0136,0.0799,"Atlanta-Sandy Springs-Alpharetta, GA"
1622,Clayton County,GA,202004,1054.37,0.0128,0.0817,"Atlanta-Sandy Springs-Alpharetta, GA"
1622,Clayton County,GA,202005,1066.57,0.0116,0.0831,"Atlanta-Sandy Springs-Alpharetta, GA"
1622,Clayton County,GA,202006,1075.86,0.0087,0.0876,"Atlanta-Sandy Springs-Alpharetta, GA"
1622,Clayton County,GA,202007,1091.92,0.0149,0.0875,"Atlanta-Sandy Springs-Alpharetta, GA"
1622,Clayton County,GA,202008,1111.92,0.0183,0.099,"Atlanta-Sandy Springs-Alpharetta, GA"
1622,Clayton County,GA,202009,1134.42,0.0202,0.1104,"Atlanta-Sandy Springs-Alpharetta, GA"
1622,Clayton County,GA,202010,1143.19,0.0077,0.1219,"Atlanta-Sandy Springs-Alpharetta, GA"
1622,Clayton County,GA,202011,1145.48,0.002,0.1207,"Atlanta-Sandy Springs-Alpharetta, GA"
1622,Clayton County,GA,202012,1145.7,0.0002,0.1223,"Atlanta-Sandy Springs-Alpharetta, GA"
1622,Clayton County,GA,202101,1167.21,0.0188,0.1414,"Atlanta-Sandy Springs-Alpharetta, GA"
1622,Clayton County,GA,202102,1188.5,0.0182,0.1572,"Atlanta-Sandy Springs-Alpharetta, GA"
1622,Clayton County,GA,202103,1211.44,0.0193,0.1636,"Atlanta-Sandy Springs-Alpharetta, GA"
1622,Clayton County,GA,202104,1225.82,0.0119,0.1626,"Atlanta-Sandy Springs-Alpharetta, GA"
1622,Clayton County,GA,202105,1246.96,0.0172,0.1691,"Atlanta-Sandy Springs-Alpharetta, GA"
1622,Clayton County,GA,202106,1268.25,0.0171,0.1788,"Atlanta-Sandy Springs-Alpharetta, GA"
1622,Clayton County,GA,202107,1295.81,0.0217,0.1867,"Atlanta-Sandy Springs-Alpharetta, GA"
1622,Clayton County,GA,202108,1327.73,0.0246,0.1941,"Atlanta-Sandy Springs-Alpharetta, GA"
1622,Clayton County,GA,202109,1344.85,0.0129,0.1855,"Atlanta-Sandy Springs-Alpharetta, GA"
1622,Clayton County,GA,202110,1364.86,0.0149,0.1939,"Atlanta-Sandy Springs-Alpharetta, GA"
1622,Clayton County,GA,202111,1376.07,0.0082,0.2013,"Atlanta-Sandy Springs-Alpharetta, GA"
1622,Clayton County,GA,202112,1386.33,0.0074,0.21,"Atlanta-Sandy Springs-Alpharetta, GA"
1622,Clayton County,GA,202201,1385.73,-0.0004,0.1872,"Atlanta-Sandy Springs-Alpharetta, GA"
1622,Clayton County,GA,202202,1398.57,0.0093,0.1768,"Atlanta-Sandy Springs-Alpharetta, GA"
1622,Clayton County,GA,202203,1415.01,0.0118,0.168,"Atlanta-Sandy Springs-Alpharetta, GA"
1622,Clayton County,GA,202204,1429.54,0.0103,0.1662,"Atlanta-Sandy Springs-Alpharetta, GA"
1622,Clayton County,GA,202205,1435.11,0.0039,0.1509,"Atlanta-Sandy Springs-Alpharetta, GA"
1622,Clayton County,GA,202206,1451.26,0.0113,0.1443,"Atlanta-Sandy Springs-Alpharetta, GA"
1622,Clayton County,GA,202207,1472.67,0.0148,0.1365,"Atlanta-Sandy Springs-Alpharetta, GA"
1622,Clayton County,GA,202208,1486.43,0.0093,0.1195,"Atlanta-Sandy Springs-Alpharetta, GA"
1622,Clayton County,GA,202209,1491.94,0.0037,0.1094,"Atlanta-Sandy Springs-Alpharetta, GA"
1622,Clayton County,GA,202210,1495.98,0.0027,0.0961,"Atlanta-Sandy Springs-Alpharetta, GA"
1622,Clayton County,GA,202211,1492.86,-0.0021,0.0849,"Atlanta-Sandy Springs-Alpharetta, GA"
1622,Clayton County,GA,202212,1503.59,0.0072,0.0846,"Atlanta-Sandy Springs-Alpharetta, GA"
1622,Clayton County,GA,202301,1505.26,0.0011,0.0863,"Atlanta-Sandy Springs-Alpharetta, GA"
1622,Clayton County,GA,202302,1510.09,0.0032,0.0797,"Atlanta-Sandy Springs-Alpharetta, GA"
1622,Clayton County,GA,202303,1516.89,0.0045,0.072,"Atlanta-Sandy Springs-Alpharetta, GA"
1622,Clayton County,GA,202304,1518.63,0.0011,0.0623,"Atlanta-Sandy Springs-Alpharetta, GA"
1622,Clayton County,GA,202305,1522.84,0.0028,0.0611,"Atlanta-Sandy Springs-Alpharetta, GA"
1622,Clayton County,GA,202306,1514.31,-0.0056,0.0434,"Atlanta-Sandy Springs-Alpharetta, GA"
1622,Clayton County,GA,202307,1521.24,0.0046,0.033,"Atlanta-Sandy Springs-Alpharetta, GA"
1622,Clayton County,GA,202308,1524.76,0.0023,0.0258,"Atlanta-Sandy Springs-Alpharetta, GA"
1622,Clayton County,GA,202309,1534.02,0.0061,0.0282,"Atlanta-Sandy Springs-Alpharetta, GA"
1622,Clayton County,GA,202310,1515.6,-0.012,0.0131,"Atlanta-Sandy Springs-Alpharetta, GA"
1622,Clayton County,GA,202311,1503.11,-0.0082,0.0069,"Atlanta-Sandy Springs-Alpharetta, GA"
1622,Clayton County,GA,202312,1493.67,-0.0063,-0.0066,"Atlanta-Sandy Springs-Alpharetta, GA"
1622,Clayton County,GA,202401,1506.49,0.0086,0.0008,"Atlanta-Sandy Springs-Alpharetta, GA"
1622,Clayton County,GA,202402,1527.25,0.0138,0.0114,"Atlanta-Sandy Springs-Alpharetta, GA"
1622,Clayton County,GA,202403,1540.24,0.0085,0.0154,"Atlanta-Sandy Springs-Alpharetta, GA"
1622,Clayton County,GA,202404,1545.01,0.0031,0.0174,"Atlanta-Sandy Springs-Alpharetta, GA"
1622,Clayton County,GA,202405,1541.64,-0.0022,0.0123,"Atlanta-Sandy Springs-Alpharetta, GA"
1622,Clayton County,GA,202406,1543.77,0.0014,0.0195,"Atlanta-Sandy Springs-Alpharetta, GA"
1622,Clayton County,GA,202407,1552.83,0.0059,0.0208,"Atlanta-Sandy Springs-Alpharetta, GA"
1622,Clayton County,GA,202408,1557.04,0.0027,0.0212,"Atlanta-Sandy Springs-Alpharetta, GA"
1622,Clayton County,GA,202409,1553.48,-0.0023,0.0127,"Atlanta-Sandy Springs-Alpharetta, GA"
1622,Clayton County,GA,202410,1549.48,-0.0026,0.0224,"Atlanta-Sandy Springs-Alpharetta, GA"
1622,Clayton County,GA,202411,1549.52,0.0,0.0309,"Atlanta-Sandy Springs-Alpharetta, GA"
1622,Clayton County,GA,202412,1547.41,-0.0014,0.036,"Atlanta-Sandy Springs-Alpharetta, GA"
1622,Clayton County,GA,202501,1553.29,0.0038,0.0311,"Atlanta-Sandy Springs-Alpharetta, GA"
1622,Clayton County,GA,202502,1564.8,0.0074,0.0246,"Atlanta-Sandy Springs-Alpharetta, GA"
1622,Clayton County,GA,202503,1579.76,0.0096,0.0257,"Atlanta-Sandy Springs-Alpharetta, GA"
1622,Clayton County,GA,202504,1580.74,0.0006,0.0231,"Atlanta-Sandy Springs-Alpharetta, GA"
1622,Clayton County,GA,202505,1580.17,-0.0004,0.025,"Atlanta-Sandy Springs-Alpharetta, GA"
1622,Clayton County,GA,202506,1576.42,-0.0024,0.0211,"Atlanta-Sandy Springs-Alpharetta, GA"
1622,Clayton County,GA,202507,1582.56,0.0039,0.0191,"Atlanta-Sandy Springs-Alpharetta, GA"
1622,Clayton County,GA,202508,1589.51,0.0044,0.0209,"Atlanta-Sandy Springs-Alpharetta, GA"
1622,Clayton County,GA,202509,1604.02,0.0091,0.0325,"Atlanta-Sandy Springs-Alpharetta, GA"
1622,Clayton County,GA,202510,1618.16,0.0088,0.0443,"Atlanta-Sandy Springs-Alpharetta, GA"
1622,Clayton County,GA,202511,1623.57,0.0033,0.0478,"Atlanta-Sandy Springs-Alpharetta, GA"
1622,Clayton County,GA,202512,1617.47,-0.0038,0.0453,"Atlanta-Sandy Springs-Alpharetta, GA"
1622,Clayton County,GA,202601,1603.78,-0.0085,0.0325,"Atlanta-Sandy Springs-Alpharetta, GA"
1622,Clayton County,GA,202602,1589.13,-0.0091,0.0155,"Atlanta-Sandy Springs-Alpharetta, GA"
1622,Clayton County,GA,202603,1586.5,-0.0016,0.0043,"Atlanta-Sandy Springs-Alpharetta, GA"
1622,Clayton County,GA,202604,1592.13,0.0035,0.0072,"Atlanta-Sandy Springs-Alpharetta, GA"
1622,Clayton County,GA,202605,1604.38,0.0077,0.0153,"Atlanta-Sandy Springs-Alpharetta, GA"
1622,Clayton County,GA,202606,1610.77,0.004,0.0218,"Atlanta-Sandy Springs-Alpharetta, GA"
1622,Clayton County,GA,202607,1611.95,0.0007,0.0186,"Atlanta-Sandy Springs-Alpharetta, GA"
1622,Clayton County,GA,202608,1618.8,0.0042,0.0184,"Atlanta-Sandy Springs-Alpharetta, GA"
1671,Douglas County,GA,201501,934.64,,,"Atlanta-Sandy Springs-Alpharetta, GA"
1671,Douglas County,GA,201502,937.98,0.0036,,"Atlanta-Sandy Springs-Alpharetta, GA"
1671,Douglas County,GA,201503,935.59,-0.0025,,"Atlanta-Sandy Springs-Alpharetta, GA"
1671,Douglas County,GA,201504,937.31,0.0018,,"Atlanta-Sandy Springs-Alpharetta, GA"
1671,Douglas County,GA,201505,944.48,0.0077,,"Atlanta-Sandy Springs-Alpharetta, GA"
1671,Douglas County,GA,201506,953.55,0.0096,,"Atlanta-Sandy Springs-Alpharetta, GA"
1671,Douglas County,GA,201507,962.54,0.0094,,"Atlanta-Sandy Springs-Alpharetta, GA"
1671,Douglas County,GA,201508,964.43,0.002,,"Atlanta-Sandy Springs-Alpharetta, GA"
1671,Douglas County,GA,201509,966.95,0.0026,,"Atlanta-Sandy Springs-Alpharetta, GA"
1671,Douglas County,GA,201510,963.91,-0.0031,,"Atlanta-Sandy Springs-Alpharetta, GA"
1671,Douglas County,GA,201511,965.54,0.0017,,"Atlanta-Sandy Springs-Alpharetta, GA"
1671,Douglas County,GA,201512,975.67,0.0105,,"Atlanta-Sandy Springs-Alpharetta, GA"
1671,Douglas County,GA,201601,980.88,0.0053,0.0495,"Atlanta-Sandy Springs-Alpharetta, GA"
1671,Douglas County,GA,201602,981.61,0.0007,0.0465,"Atlanta-Sandy Springs-Alpharetta, GA"
1671,Douglas County,GA,201603,975.46,-0.0063,0.0426,"Atlanta-Sandy Springs-Alpharetta, GA"
1671,Douglas County,GA,201604,985.43,0.0102,0.0513,"Atlanta-Sandy Springs-Alpharetta, GA"
1671,Douglas County,GA,201605,993.23,0.0079,0.0516,"Atlanta-Sandy Springs-Alpharetta, GA"
1671,Douglas County,GA,201606,1007.97,0.0148,0.0571,"Atlanta-Sandy Springs-Alpharetta, GA"
1671,Douglas County,GA,201607,1008.17,0.0002,0.0474,"Atlanta-Sandy Springs-Alpharetta, GA"
1671,Douglas County,GA,201608,1013.56,0.0054,0.0509,"Atlanta-Sandy Springs-Alpharetta, GA"
1671,Douglas County,GA,201609,1009.54,-0.004,0.044,"Atlanta-Sandy Springs-Alpharetta, GA"
1671,Douglas County,GA,201610,1006.42,-0.0031,0.0441,"Atlanta-Sandy Springs-Alpharetta, GA"
1671,Douglas County,GA,201611,1002.24,-0.0042,0.038,"Atlanta-Sandy Springs-Alpharetta, GA"
1671,Douglas County,GA,201612,1007.94,0.0057,0.0331,"Atlanta-Sandy Springs-Alpharetta, GA"
1671,Douglas County,GA,201701,1012.99,0.005,0.0327,"Atlanta-Sandy Springs-Alpharetta, GA"
1671,Douglas County,GA,201702,1024.47,0.0113,0.0437,"Atlanta-Sandy Springs-Alpharetta, GA"
1671,Douglas County,GA,201703,1030.95,0.0063,0.0569,"Atlanta-Sandy Springs-Alpharetta, GA"
1671,Douglas County,GA,201704,1045.23,0.0139,0.0607,"Atlanta-Sandy Springs-Alpharetta, GA"
1671,Douglas County,GA,201705,1046.9,0.0016,0.054,"Atlanta-Sandy Springs-Alpharetta, GA"
1671,Douglas County,GA,201706,1059.63,0.0122,0.0512,"Atlanta-Sandy Springs-Alpharetta, GA"
1671,Douglas County,GA,201707,1073.18,0.0128,0.0645,"Atlanta-Sandy Springs-Alpharetta, GA"
1671,Douglas County,GA,201708,1083.07,0.0092,0.0686,"Atlanta-Sandy Springs-Alpharetta, GA"
1671,Douglas County,GA,201709,1076.68,-0.0059,0.0665,"Atlanta-Sandy Springs-Alpharetta, GA"
1671,Douglas County,GA,201710,1066.9,-0.0091,0.0601,"Atlanta-Sandy Springs-Alpharetta, GA"
1671,Douglas County,GA,201711,1067.86,0.0009,0.0655,"Atlanta-Sandy Springs-Alpharetta, GA"
1671,Douglas County,GA,201712,1072.21,0.0041,0.0638,"Atlanta-Sandy Springs-Alpharetta, GA"
1671,Douglas County,GA,201801,1079.28,0.0066,0.0654,"Atlanta-Sandy Springs-Alpharetta, GA"
1671,Douglas County,GA,201802,1093.69,0.0134,0.0676,"Atlanta-Sandy Springs-Alpharetta, GA"
1671,Douglas County,GA,201803,1107.53,0.0127,0.0743,"Atlanta-Sandy Springs-Alpharetta, GA"
1671,Douglas County,GA,201804,1114.67,0.0064,0.0664,"Atlanta-Sandy Springs-Alpharetta, GA"
1671,Douglas County,GA,201805,1115.18,0.0005,0.0652,"Atlanta-Sandy Springs-Alpharetta, GA"
1671,Douglas County,GA,201806,1117.58,0.0022,0.0547,"Atlanta-Sandy Springs-Alpharetta, GA"
1671,Douglas County,GA,201807,1125.59,0.0072,0.0488,"Atlanta-Sandy Springs-Alpharetta, GA"
1671,Douglas County,GA,201808,1132.04,0.0057,0.0452,"Atlanta-Sandy Springs-Alpharetta, GA"
1671,Douglas County,GA,201809,1137.24,0.0046,0.0562,"Atlanta-Sandy Springs-Alpharetta, GA"
1671,Douglas County,GA,201810,1135.19,-0.0018,0.064,"Atlanta-Sandy Springs-Alpharetta, GA"
1671,Douglas County,GA,201811,1138.96,0.0033,0.0666,"Atlanta-Sandy Springs-Alpharetta, GA"
1671,Douglas County,GA,201812,1146.61,0.0067,0.0694,"Atlanta-Sandy Springs-Alpharetta, GA"
1671,Douglas County,GA,201901,1150.22,0.0032,0.0657,"Atlanta-Sandy Springs-Alpharetta, GA"
1671,Douglas County,GA,201902,1152.82,0.0023,0.0541,"Atlanta-Sandy Springs-Alpharetta, GA"
1671,Douglas County,GA,201903,1151.06,-0.0015,0.0393,"Atlanta-Sandy Springs-Alpharetta, GA"
1671,Douglas County,GA,201904,1161.75,0.0093,0.0422,"Atlanta-Sandy Springs-Alpharetta, GA"
1671,Douglas County,GA,201905,1176.87,0.013,0.0553,"Atlanta-Sandy Springs-Alpharetta, GA"
1671,Douglas County,GA,201906,1194.65,0.0151,0.069,"Atlanta-Sandy Springs-Alpharetta, GA"
1671,Douglas County,GA,201907,1207.55,0.0108,0.0728,"Atlanta-Sandy Springs-Alpharetta, GA"
1671,Douglas County,GA,201908,1209.37,0.0015,0.0683,"Atlanta-Sandy Springs-Alpharetta, GA"
1671,Douglas County,GA,201909,1203.87,-0.0045,0.0586,"Atlanta-Sandy Springs-Alpharetta, GA"
1671,Douglas County,GA,201910,1196.9,-0.0058,0.0544,"Atlanta-Sandy Springs-Alpharetta, GA"
1671,Douglas County,GA,201911,1205.41,0.0071,0.0583,"Atlanta-Sandy Springs-Alpharetta, GA"
1671,Douglas County,GA,201912,1212.55,0.0059,0.0575,"Atlanta-Sandy Springs-Alpharetta, GA"
1671,Douglas County,GA,202001,1212.83,0.0002,0.0544,"Atlanta-Sandy Springs-Alpharetta, GA"
1671,Douglas County,GA,202002,1210.93,-0.0016,0.0504,"Atlanta-Sandy Springs-Alpharetta, GA"
1671,Douglas County,GA,202003,1222.6,0.0096,0.0622,"Atlanta-Sandy Springs-Alpharetta, GA"
1671,Douglas County,GA,202004,1242.96,0.0167,0.0699,"Atlanta-Sandy Springs-Alpharetta, GA"
1671,Douglas County,GA,202005,1251.84,0.0071,0.0637,"Atlanta-Sandy Springs-Alpharetta, GA"
1671,Douglas County,GA,202006,1261.49,0.0077,0.0559,"Atlanta-Sandy Springs-Alpharetta, GA"
1671,Douglas County,GA,202007,1277.37,0.0126,0.0578,"Atlanta-Sandy Springs-Alpharetta, GA"
1671,Douglas County,GA,202008,1298.97,0.0169,0.0741,"Atlanta-Sandy Springs-Alpharetta, GA"
1671,Douglas County,GA,202009,1312.76,0.0106,0.0904,"Atlanta-Sandy Springs-Alpharetta, GA"
1671,Douglas County,GA,202010,1318.1,0.0041,0.1013,"Atlanta-Sandy Springs-Alpharetta, GA"
1671,Douglas County,GA,202011,1320.79,0.002,0.0957,"Atlanta-Sandy Springs-Alpharetta, GA"
1671,Douglas County,GA,202012,1328.06,0.0055,0.0953,"Atlanta-Sandy Springs-Alpharetta, GA"
1671,Douglas County,GA,202101,1347.36,0.0145,0.1109,"Atlanta-Sandy Springs-Alpharetta, GA"
1671,Douglas County,GA,202102,1367.68,0.0151,0.1294,"Atlanta-Sandy Springs-Alpharetta, GA"
1671,Douglas County,GA,202103,1384.49,0.0123,0.1324,"Atlanta-Sandy Springs-Alpharetta, GA"
1671,Douglas County,GA,202104,1407.08,0.0163,0.132,"Atlanta-Sandy Springs-Alpharetta, GA"
1671,Douglas County,GA,202105,1433.79,0.019,0.1453,"Atlanta-Sandy Springs-Alpharetta, GA"
1671,Douglas County,GA,202106,1457.51,0.0165,0.1554,"Atlanta-Sandy Springs-Alpharetta, GA"
1671,Douglas County,GA,202107,1461.69,0.0029,0.1443,"Atlanta-Sandy Springs-Alpharetta, GA"
1671,Douglas County,GA,202108,1484.93,0.0159,0.1432,"Atlanta-Sandy Springs-Alpharetta, GA"
1671,Douglas County,GA,202109,1501.64,0.0113,0.1439,"Atlanta-Sandy Springs-Alpharetta, GA"
1671,Douglas County,GA,202110,1526.21,0.0164,0.1579,"Atlanta-Sandy Springs-Alpharetta, GA"
1671,Douglas County,GA,202111,1535.47,0.0061,0.1625,"Atlanta-Sandy Springs-Alpharetta, GA"
1671,Douglas County,GA,202112,1550.41,0.0097,0.1674,"Atlanta-Sandy Springs-Alpharetta, GA"
1671,Douglas County,GA,202201,1551.98,0.001,0.1519,"Atlanta-Sandy Springs-Alpharetta, GA"
1671,Douglas County,GA,202202,1537.71,-0.0092,0.1243,"Atlanta-Sandy Springs-Alpharetta, GA"
1671,Douglas County,GA,202203,1537.85,0.0001,0.1108,"Atlanta-Sandy Springs-Alpharetta, GA"
1671,Douglas County,GA,202204,1561.26,0.0152,0.1096,"Atlanta-Sandy Springs-Alpharetta, GA"
1671,Douglas County,GA,202205,1593.24,0.0205,0.1112,"Atlanta-Sandy Springs-Alpharetta, GA"
1671,Douglas County,GA,202206,1613.59,0.0128,0.1071,"Atlanta-Sandy Springs-Alpharetta, GA"
1671,Douglas County,GA,202207,1629.78,0.01,0.115,"Atlanta-Sandy Springs-Alpharetta, GA"
1671,Douglas County,GA,202208,1645.67,0.0097,0.1082,"Atlanta-Sandy Springs-Alpharetta, GA"
1671,Douglas County,GA,202209,1665.43,0.012,0.1091,"Atlanta-Sandy Springs-Alpharetta, GA"
1671,Douglas County,GA,202210,1668.73,0.002,0.0934,"Atlanta-Sandy Springs-Alpharetta, GA"
1671,Douglas County,GA,202211,1658.62,-0.0061,0.0802,"Atlanta-Sandy Springs-Alpharetta, GA"
1671,Douglas County,GA,202212,1649.56,-0.0055,0.0639,"Atlanta-Sandy Springs-Alpharetta, GA"
1671,Douglas County,GA,202301,1635.27,-0.0087,0.0537,"Atlanta-Sandy Springs-Alpharetta, GA"
1671,Douglas County,GA,202302,1637.44,0.0013,0.0649,"Atlanta-Sandy Springs-Alpharetta, GA"
1671,Douglas County,GA,202303,1637.18,-0.0002,0.0646,"Atlanta-Sandy Springs-Alpharetta, GA"
1671,Douglas County,GA,202304,1647.67,0.0064,0.0553,"Atlanta-Sandy Springs-Alpharetta, GA"
1671,Douglas County,GA,202305,1646.41,-0.0008,0.0334,"Atlanta-Sandy Springs-Alpharetta, GA"
1671,Douglas County,GA,202306,1655.89,0.0058,0.0262,"Atlanta-Sandy Springs-Alpharetta, GA"
1671,Douglas County,GA,202307,1664.33,0.0051,0.0212,"Atlanta-Sandy Springs-Alpharetta, GA"
1671,Douglas County,GA,202308,1676.3,0.0072,0.0186,"Atlanta-Sandy Springs-Alpharetta, GA"
1671,Douglas County,GA,202309,1667.55,-0.0052,0.0013,"Atlanta-Sandy Springs-Alpharetta, GA"
1671,Douglas County,GA,202310,1663.31,-0.0025,-0.0032,"Atlanta-Sandy Springs-Alpharetta, GA"
1671,Douglas County,GA,202311,1658.44,-0.0029,-0.0001,"Atlanta-Sandy Springs-Alpharetta, GA"
1671,Douglas County,GA,202312,1659.04,0.0004,0.0057,"Atlanta-Sandy Springs-Alpharetta, GA"
1671,Douglas County,GA,202401,1677.15,0.0109,0.0256,"Atlanta-Sandy Springs-Alpharetta, GA"
1671,Douglas County,GA,202402,1697.83,0.0123,0.0369,"Atlanta-Sandy Springs-Alpharetta, GA"
1671,Douglas County,GA,202403,1713.13,0.009,0.0464,"Atlanta-Sandy Springs-Alpharetta, GA"
1671,Douglas County,GA,202404,1709.79,-0.0019,0.0377,"Atlanta-Sandy Springs-Alpharetta, GA"
1671,Douglas County,GA,202405,1693.33,-0.0096,0.0285,"Atlanta-Sandy Springs-Alpharetta, GA"
1671,Douglas County,GA,202406,1697.07,0.0022,0.0249,"Atlanta-Sandy Springs-Alpharetta, GA"
1671,Douglas County,GA,202407,1689.03,-0.0047,0.0148,"Atlanta-Sandy Springs-Alpharetta, GA"
1671,Douglas County,GA,202408,1698.82,0.0058,0.0134,"Atlanta-Sandy Springs-Alpharetta, GA"
1671,Douglas County,GA,202409,1697.13,-0.001,0.0177,"Atlanta-Sandy Springs-Alpharetta, GA"
1671,Douglas County,GA,202410,1703.59,0.0038,0.0242,"Atlanta-Sandy Springs-Alpharetta, GA"
1671,Douglas County,GA,202411,1698.04,-0.0033,0.0239,"Atlanta-Sandy Springs-Alpharetta, GA"
1671,Douglas County,GA,202412,1692.49,-0.0033,0.0202,"Atlanta-Sandy Springs-Alpharetta, GA"
1671,Douglas County,GA,202501,1684.69,-0.0046,0.0045,"Atlanta-Sandy Springs-Alpharetta, GA"
1671,Douglas County,GA,202502,1700.84,0.0096,0.0018,"Atlanta-Sandy Springs-Alpharetta, GA"
1671,Douglas County,GA,202503,1727.37,0.0156,0.0083,"Atlanta-Sandy Springs-Alpharetta, GA"
1671,Douglas County,GA,202504,1745.52,0.0105,0.0209,"Atlanta-Sandy Springs-Alpharetta, GA"
1671,Douglas County,GA,202505,1743.47,-0.0012,0.0296,"Atlanta-Sandy Springs-Alpharetta, GA"
1671,Douglas County,GA,202506,1737.77,-0.0033,0.024,"Atlanta-Sandy Springs-Alpharetta, GA"
1671,Douglas County,GA,202507,1739.82,0.0012,0.0301,"Atlanta-Sandy Springs-Alpharetta, GA"
1671,Douglas County,GA,202508,1744.34,0.0026,0.0268,"Atlanta-Sandy Springs-Alpharetta, GA"
1671,Douglas County,GA,202509,1735.22,-0.0052,0.0224,"Atlanta-Sandy Springs-Alpharetta, GA"
1671,Douglas County,GA,202510,1731.44,-0.0022,0.0163,"Atlanta-Sandy Springs-Alpharetta, GA"
1671,Douglas County,GA,202511,1713.3,-0.0105,0.009,"Atlanta-Sandy Springs-Alpharetta, GA"
1671,Douglas County,GA,202512,1700.62,-0.0074,0.0048,"Atlanta-Sandy Springs-Alpharetta, GA"
1671,Douglas County,GA,202601,1697.94,-0.0016,0.0079,"Atlanta-Sandy Springs-Alpharetta, GA"
1671,Douglas County,GA,202602,1704.87,0.0041,0.0024,"Atlanta-Sandy Springs-Alpharetta, GA"
1671,Douglas County,GA,202603,1719.05,0.0083,-0.0048,"Atlanta-Sandy Springs-Alpharetta, GA"
1671,Douglas County,GA,202604,1726.42,0.0043,-0.0109,"Atlanta-Sandy Springs-Alpharetta, GA"
1671,Douglas County,GA,202605,1737.93,0.0067,-0.0032,"Atlanta-Sandy Springs-Alpharetta, GA"
1671,Douglas County,GA,202606,1745.56,0.0044,0.0045,"Atlanta-Sandy Springs-Alpharetta, GA"
1671,Douglas County,GA,202607,1754.39,0.0051,0.0084,"Atlanta-Sandy Springs-Alpharetta, GA"
1671,Douglas County,GA,202608,1769.87,0.0088,0.0146,"Atlanta-Sandy Springs-Alpharetta, GA"
1697,Fayette County,GA,201501,1248.46,,,"Atlanta-Sandy Springs-Alpharetta, GA"
1697,Fayette County,GA,201502,1246.49,-0.0016,,"Atlanta-Sandy Springs-Alpharetta, GA"
1697,Fayette County,GA,201503,1215.76,-0.0247,,"Atlanta-Sandy Springs-Alpharetta, GA"
1697,Fayette County,GA,201504,1238.46,0.0187,,"Atlanta-Sandy Springs-Alpharetta, GA"
1697,Fayette County,GA,201505,1259.8,0.0172,,"Atlanta-Sandy Springs-Alpharetta, GA"
1697,Fayette County,GA,201506,1295.03,0.028,,"Atlanta-Sandy Springs-Alpharetta, GA"
1697,Fayette County,GA,201507,1310.44,0.0119,,"Atlanta-Sandy Springs-Alpharetta, GA"
1697,Fayette County,GA,201508,1305.84,-0.0035,,"Atlanta-Sandy Springs-Alpharetta, GA"
1697,Fayette County,GA,201509,1301.98,-0.003,,"Atlanta-Sandy Springs-Alpharetta, GA"
1697,Fayette County,GA,201510,1289.32,-0.0097,,"Atlanta-Sandy Springs-Alpharetta, GA"
1697,Fayette County,GA,201511,1309.18,0.0154,,"Atlanta-Sandy Springs-Alpharetta, GA"
1697,Fayette County,GA,201512,1322.33,0.01,,"Atlanta-Sandy Springs-Alpharetta, GA"
1697,Fayette County,GA,201601,1321.08,-0.0009,0.0582,"Atlanta-Sandy Springs-Alpharetta, GA"
1697,Fayette County,GA,201602,1315.97,-0.0039,0.0557,"Atlanta-Sandy Springs-Alpharetta, GA"
1697,Fayette County,GA,201603,1317.31,0.001,0.0835,"Atlanta-Sandy Springs-Alpharetta, GA"
1697,Fayette County,GA,201604,1328.73,0.0087,0.0729,"Atlanta-Sandy Springs-Alpharetta, GA"
1697,Fayette County,GA,201605,1327.83,-0.0007,0.054,"Atlanta-Sandy Springs-Alpharetta, GA"
1697,Fayette County,GA,201606,1332.12,0.0032,0.0286,"Atlanta-Sandy Springs-Alpharetta, GA"
1697,Fayette County,GA,201607,1333.18,0.0008,0.0173,"Atlanta-Sandy Springs-Alpharetta, GA"
1697,Fayette County,GA,201608,1351.18,0.0135,0.0347,"Atlanta-Sandy Springs-Alpharetta, GA"
1697,Fayette County,GA,201609,1362.45,0.0083,0.0464,"Atlanta-Sandy Springs-Alpharetta, GA"
1697,Fayette County,GA,201610,1379.61,0.0126,0.07,"Atlanta-Sandy Springs-Alpharetta, GA"
1697,Fayette County,GA,201611,1381.44,0.0013,0.0552,"Atlanta-Sandy Springs-Alpharetta, GA"
1697,Fayette County,GA,201612,1388.48,0.0051,0.05,"Atlanta-Sandy Springs-Alpharetta, GA"
1697,Fayette County,GA,201701,1368.98,-0.014,0.0363,"Atlanta-Sandy Springs-Alpharetta, GA"
1697,Fayette County,GA,201702,1368.39,-0.0004,0.0398,"Atlanta-Sandy Springs-Alpharetta, GA"
1697,Fayette County,GA,201703,1364.09,-0.0031,0.0355,"Atlanta-Sandy Springs-Alpharetta, GA"
1697,Fayette County,GA,201704,1384.45,0.0149,0.0419,"Atlanta-Sandy Springs-Alpharetta, GA"
1697,Fayette County,GA,201705,1394.82,0.0075,0.0504,"Atlanta-Sandy Springs-Alpharetta, GA"
1697,Fayette County,GA,201706,1407.65,0.0092,0.0567,"Atlanta-Sandy Springs-Alpharetta, GA"
1697,Fayette County,GA,201707,1416.63,0.0064,0.0626,"Atlanta-Sandy Springs-Alpharetta, GA"
1697,Fayette County,GA,201708,1421.85,0.0037,0.0523,"Atlanta-Sandy Springs-Alpharetta, GA"
1697,Fayette County,GA,201709,1428.74,0.0048,0.0487,"Atlanta-Sandy Springs-Alpharetta, GA"
1697,Fayette County,GA,201710,1429.32,0.0004,0.036,"Atlanta-Sandy Springs-Alpharetta, GA"
1697,Fayette County,GA,201711,1442.1,0.0089,0.0439,"Atlanta-Sandy Springs-Alpharetta, GA"
1697,Fayette County,GA,201712,1434.52,-0.0053,0.0332,"Atlanta-Sandy Springs-Alpharetta, GA"
1697,Fayette County,GA,201801,1432.08,-0.0017,0.0461,"Atlanta-Sandy Springs-Alpharetta, GA"
1697,Fayette County,GA,201802,1407.29,-0.0173,0.0284,"Atlanta-Sandy Springs-Alpharetta, GA"
1697,Fayette County,GA,201803,1413.88,0.0047,0.0365,"Atlanta-Sandy Springs-Alpharetta, GA"
1697,Fayette County,GA,201804,1424.97,0.0078,0.0293,"Atlanta-Sandy Springs-Alpharetta, GA"
1697,Fayette County,GA,201805,1460.58,0.025,0.0471,"Atlanta-Sandy Springs-Alpharetta, GA"
1697,Fayette County,GA,201806,1476.28,0.0107,0.0488,"Atlanta-Sandy Springs-Alpharetta, GA"
1697,Fayette County,GA,201807,1472.52,-0.0025,0.0395,"Atlanta-Sandy Springs-Alpharetta, GA"
1697,Fayette County,GA,201808,1468.9,-0.0025,0.0331,"Atlanta-Sandy Springs-Alpharetta, GA"
1697,Fayette County,GA,201809,1467.91,-0.0007,0.0274,"Atlanta-Sandy Springs-Alpharetta, GA"
1697,Fayette County,GA,201810,1479.82,0.0081,0.0353,"Atlanta-Sandy Springs-Alpharetta, GA"
1697,Fayette County,GA,201811,1482.21,0.0016,0.0278,"Atlanta-Sandy Springs-Alpharetta, GA"
1697,Fayette County,GA,201812,1487.25,0.0034,0.0368,"Atlanta-Sandy Springs-Alpharetta, GA"
1697,Fayette County,GA,201901,1490.72,0.0023,0.0409,"Atlanta-Sandy Springs-Alpharetta, GA"
1697,Fayette County,GA,201902,1486.12,-0.0031,0.056,"Atlanta-Sandy Springs-Alpharetta, GA"
1697,Fayette County,GA,201903,1481.81,-0.0029,0.048,"Atlanta-Sandy Springs-Alpharetta, GA"
1697,Fayette County,GA,201904,1480.21,-0.0011,0.0388,"Atlanta-Sandy Springs-Alpharetta, GA"
1697,Fayette County,GA,201905,1496.61,0.0111,0.0247,"Atlanta-Sandy Springs-Alpharetta, GA"
1697,Fayette County,GA,201906,1517.04,0.0137,0.0276,"Atlanta-Sandy Springs-Alpharetta, GA"
1697,Fayette County,GA,201907,1524.27,0.0048,0.0351,"Atlanta-Sandy Springs-Alpharetta, GA"
1697,Fayette County,GA,201908,1527.04,0.0018,0.0396,"Atlanta-Sandy Springs-Alpharetta, GA"
1697,Fayette County,GA,201909,1520.33,-0.0044,0.0357,"Atlanta-Sandy Springs-Alpharetta, GA"
1697,Fayette County,GA,201910,1532.45,0.008,0.0356,"Atlanta-Sandy Springs-Alpharetta, GA"
1697,Fayette County,GA,201911,1523.43,-0.0059,0.0278,"Atlanta-Sandy Springs-Alpharetta, GA"
1697,Fayette County,GA,201912,1522.78,-0.0004,0.0239,"Atlanta-Sandy Springs-Alpharetta, GA"
1697,Fayette County,GA,202001,1521.61,-0.0008,0.0207,"Atlanta-Sandy Springs-Alpharetta, GA"
1697,Fayette County,GA,202002,1527.37,0.0038,0.0278,"Atlanta-Sandy Springs-Alpharetta, GA"
1697,Fayette County,GA,202003,1531.02,0.0024,0.0332,"Atlanta-Sandy Springs-Alpharetta, GA"
1697,Fayette County,GA,202004,1522.5,-0.0056,0.0286,"Atlanta-Sandy Springs-Alpharetta, GA"
1697,Fayette County,GA,202005,1516.77,-0.0038,0.0135,"Atlanta-Sandy Springs-Alpharetta, GA"
1697,Fayette County,GA,202006,1538.42,0.0143,0.0141,"Atlanta-Sandy Springs-Alpharetta, GA"
1697,Fayette County,GA,202007,1558.76,0.0132,0.0226,"Atlanta-Sandy Springs-Alpharetta, GA"
1697,Fayette County,GA,202008,1591.94,0.0213,0.0425,"Atlanta-Sandy Springs-Alpharetta, GA"
1697,Fayette County,GA,202009,1602.01,0.0063,0.0537,"Atlanta-Sandy Springs-Alpharetta, GA"
1697,Fayette County,GA,202010,1638.05,0.0225,0.0689,"Atlanta-Sandy Springs-Alpharetta, GA"
1697,Fayette County,GA,202011,1664.76,0.0163,0.0928,"Atlanta-Sandy Springs-Alpharetta, GA"
1697,Fayette County,GA,202012,1684.51,0.0119,0.1062,"Atlanta-Sandy Springs-Alpharetta, GA"
1697,Fayette County,GA,202101,1690.46,0.0035,0.111,"Atlanta-Sandy Springs-Alpharetta, GA"
1697,Fayette County,GA,202102,1696.31,0.0035,0.1106,"Atlanta-Sandy Springs-Alpharetta, GA"
1697,Fayette County,GA,202103,1703.13,0.004,0.1124,"Atlanta-Sandy Springs-Alpharetta, GA"
1697,Fayette County,GA,202104,1712.73,0.0056,0.1249,"Atlanta-Sandy Springs-Alpharetta, GA"
1697,Fayette County,GA,202105,1751.44,0.0226,0.1547,"Atlanta-Sandy Springs-Alpharetta, GA"
1697,Fayette County,GA,202106,1799.7,0.0276,0.1698,"Atlanta-Sandy Springs-Alpharetta, GA"
1697,Fayette County,GA,202107,1865.63,0.0366,0.1969,"Atlanta-Sandy Springs-Alpharetta, GA"
1697,Fayette County,GA,202108,1909.59,0.0236,0.1995,"Atlanta-Sandy Springs-Alpharetta, GA"
1697,Fayette County,GA,202109,1951.88,0.0221,0.2184,"Atlanta-Sandy Springs-Alpharetta, GA"
1697,Fayette County,GA,202110,1988.09,0.0186,0.2137,"Atlanta-Sandy Springs-Alpharetta, GA"
1697,Fayette County,GA,202111,1998.73,0.0054,0.2006,"Atlanta-Sandy Springs-Alpharetta, GA"
1697,Fayette County,GA,202112,1979.42,-0.0097,0.1751,"Atlanta-Sandy Springs-Alpharetta, GA"
1697,Fayette County,GA,202201,1961.36,-0.0091,0.1603,"Atlanta-Sandy Springs-Alpharetta, GA"
1697,Fayette County,GA,202202,1947.5,-0.0071,0.1481,"Atlanta-Sandy Springs-Alpharetta, GA"
1697,Fayette County,GA,202203,1961.82,0.0074,0.1519,"Atlanta-Sandy Springs-Alpharetta, GA"
1697,Fayette County,GA,202204,1960.4,-0.0007,0.1446,"Atlanta-Sandy Springs-Alpharetta, GA"
1697,Fayette County,GA,202205,1970.38,0.0051,0.125,"Atlanta-Sandy Springs-Alpharetta, GA"
1697,Fayette County,GA,202206,2006.44,0.0183,0.1149,"Atlanta-Sandy Springs-Alpharetta, GA"
1697,Fayette County,GA,202207,2030.91,0.0122,0.0886,"Atlanta-Sandy Springs-Alpharetta, GA"
1697,Fayette County,GA,202208,2053.39,0.0111,0.0753,"Atlanta-Sandy Springs-Alpharetta, GA"
1697,Fayette County,GA,202209,2034.99,-0.009,0.0426,"Atlanta-Sandy Springs-Alpharetta, GA"
1697,Fayette County,GA,202210,2041.06,0.003,0.0266,"Atlanta-Sandy Springs-Alpharetta, GA"
1697,Fayette County,GA,202211,2041.78,0.0004,0.0215,"Atlanta-Sandy Springs-Alpharetta, GA"
1697,Fayette County,GA,202212,2061.85,0.0098,0.0416,"Atlanta-Sandy Springs-Alpharetta, GA"
1697,Fayette County,GA,202301,2069.02,0.0035,0.0549,"Atlanta-Sandy Springs-Alpharetta, GA"
1697,Fayette County,GA,202302,2073.59,0.0022,0.0647,"Atlanta-Sandy Springs-Alpharetta, GA"
1697,Fayette County,GA,202303,2072.13,-0.0007,0.0562,"Atlanta-Sandy Springs-Alpharetta, GA"
1697,Fayette County,GA,202304,2065.83,-0.003,0.0538,"Atlanta-Sandy Springs-Alpharetta, GA"
1697,Fayette County,GA,202305,2064.52,-0.0006,0.0478,"Atlanta-Sandy Springs-Alpharetta, GA"
1697,Fayette County,GA,202306,2076.62,0.0059,0.035,"Atlanta-Sandy Springs-Alpharetta, GA"
1697,Fayette County,GA,202307,2095.79,0.0092,0.0319,"Atlanta-Sandy Springs-Alpharetta, GA"
1697,Fayette County,GA,202308,2110.71,0.0071,0.0279,"Atlanta-Sandy Springs-Alpharetta, GA"
1697,Fayette County,GA,202309,2094.65,-0.0076,0.0293,"Atlanta-Sandy Springs-Alpharetta, GA"
1697,Fayette County,GA,202310,2071.46,-0.0111,0.0149,"Atlanta-Sandy Springs-Alpharetta, GA"
1697,Fayette County,GA,202311,2061.82,-0.0047,0.0098,"Atlanta-Sandy Springs-Alpharetta, GA"
1697,Fayette County,GA,202312,2066.04,0.002,0.002,"Atlanta-Sandy Springs-Alpharetta, GA"
1697,Fayette County,GA,202401,2082.39,0.0079,0.0065,"Atlanta-Sandy Springs-Alpharetta, GA"
1697,Fayette County,GA,202402,2094.99,0.0061,0.0103,"Atlanta-Sandy Springs-Alpharetta, GA"
1697,Fayette County,GA,202403,2111.68,0.008,0.0191,"Atlanta-Sandy Springs-Alpharetta, GA"
1697,Fayette County,GA,202404,2118.89,0.0034,0.0257,"Atlanta-Sandy Springs-Alpharetta, GA"
1697,Fayette County,GA,202405,2150.08,0.0147,0.0414,"Atlanta-Sandy Springs-Alpharetta, GA"
1697,Fayette County,GA,202406,2178.48,0.0132,0.0491,"Atlanta-Sandy Springs-Alpharetta, GA"
1697,Fayette County,GA,202407,2213.31,0.016,0.0561,"Atlanta-Sandy Springs-Alpharetta, GA"
1697,Fayette County,GA,202408,2235.64,0.0101,0.0592,"Atlanta-Sandy Springs-Alpharetta, GA"
1697,Fayette County,GA,202409,2227.52,-0.0036,0.0634,"Atlanta-Sandy Springs-Alpharetta, GA"
1697,Fayette County,GA,202410,2207.3,-0.0091,0.0656,"Atlanta-Sandy Springs-Alpharetta, GA"
1697,Fayette County,GA,202411,2173.26,-0.0154,0.054,"Atlanta-Sandy Springs-Alpharetta, GA"
1697,Fayette County,GA,202412,2172.75,-0.0002,0.0516,"Atlanta-Sandy Springs-Alpharetta, GA"
1697,Fayette County,GA,202501,2176.66,0.0018,0.0453,"Atlanta-Sandy Springs-Alpharetta, GA"
1697,Fayette County,GA,202502,2211.31,0.0159,0.0555,"Atlanta-Sandy Springs-Alpharetta, GA"
1697,Fayette County,GA,202503,2233.48,0.01,0.0577,"Atlanta-Sandy Springs-Alpharetta, GA"
1697,Fayette County,GA,202504,2269.67,0.0162,0.0712,"Atlanta-Sandy Springs-Alpharetta, GA"
1697,Fayette County,GA,202505,2269.21,-0.0002,0.0554,"Atlanta-Sandy Springs-Alpharetta, GA"
1697,Fayette County,GA,202506,2273.57,0.0019,0.0436,"Atlanta-Sandy Springs-Alpharetta, GA"
1697,Fayette County,GA,202507,2262.1,-0.005,0.022,"Atlanta-Sandy Springs-Alpharetta, GA"
1697,Fayette County,GA,202508,2251.8,-0.0046,0.0072,"Atlanta-Sandy Springs-Alpharetta, GA"
1697,Fayette County,GA,202509,2227.45,-0.0108,-0.0,"Atlanta-Sandy Springs-Alpharetta, GA"
1697,Fayette County,GA,202510,2207.95,-0.0088,0.0003,"Atlanta-Sandy Springs-Alpharetta, GA"
1697,Fayette County,GA,202511,2182.98,-0.0113,0.0045,"Atlanta-Sandy Springs-Alpharetta, GA"
1697,Fayette County,GA,202512,2190.66,0.0035,0.0082,"Atlanta-Sandy Springs-Alpharetta, GA"
1697,Fayette County,GA,202601,2197.67,0.0032,0.0097,"Atlanta-Sandy Springs-Alpharetta, GA"
1697,Fayette County,GA,202602,2230.13,0.0148,0.0085,"Atlanta-Sandy Springs-Alpharetta, GA"
1697,Fayette County,GA,202603,2259.55,0.0132,0.0117,"Atlanta-Sandy Springs-Alpharetta, GA"
1697,Fayette County,GA,202604,2271.43,0.0053,0.0008,"Atlanta-Sandy Springs-Alpharetta, GA"
1697,Fayette County,GA,202605,2283.4,0.0053,0.0063,"Atlanta-Sandy Springs-Alpharetta, GA"
1697,Fayette County,GA,202606,2282.74,-0.0003,0.004,"Atlanta-Sandy Springs-Alpharetta, GA"
1697,Fayette County,GA,202607,2303.19,0.009,0.0182,"Atlanta-Sandy Springs-Alpharetta, GA"
1697,Fayette County,GA,202608,2303.56,0.0002,0.023,"Atlanta-Sandy Springs-Alpharetta, GA"
1711,Forsyth County,GA,201501,1310.96,,,"Atlanta-Sandy Springs-Alpharetta, GA"
1711,Forsyth County,GA,201502,1302.38,-0.0065,,"Atlanta-Sandy Springs-Alpharetta, GA"
1711,Forsyth County,GA,201503,1306.07,0.0028,,"Atlanta-Sandy Springs-Alpharetta, GA"
1711,Forsyth County,GA,201504,1321.59,0.0119,,"Atlanta-Sandy Springs-Alpharetta, GA"
1711,Forsyth County,GA,201505,1335.91,0.0108,,"Atlanta-Sandy Springs-Alpharetta, GA"
1711,Forsyth County,GA,201506,1348.87,0.0097,,"Atlanta-Sandy Springs-Alpharetta, GA"
1711,Forsyth County,GA,201507,1351.84,0.0022,,"Atlanta-Sandy Springs-Alpharetta, GA"
1711,Forsyth County,GA,201508,1359.36,0.0056,,"Atlanta-Sandy Springs-Alpharetta, GA"
1711,Forsyth County,GA,201509,1363.88,0.0033,,"Atlanta-Sandy Springs-Alpharetta, GA"
1711,Forsyth County,GA,201510,1364.84,0.0007,,"Atlanta-Sandy Springs-Alpharetta, GA"
1711,Forsyth County,GA,201511,1364.28,-0.0004,,"Atlanta-Sandy Springs-Alpharetta, GA"
1711,Forsyth County,GA,201512,1362.88,-0.001,,"Atlanta-Sandy Springs-Alpharetta, GA"
1711,Forsyth County,GA,201601,1362.15,-0.0005,0.039,"Atlanta-Sandy Springs-Alpharetta, GA"
1711,Forsyth County,GA,201602,1375.58,0.0099,0.0562,"Atlanta-Sandy Springs-Alpharetta, GA"
1711,Forsyth County,GA,201603,1382.83,0.0053,0.0588,"Atlanta-Sandy Springs-Alpharetta, GA"
1711,Forsyth County,GA,201604,1386.87,0.0029,0.0494,"Atlanta-Sandy Springs-Alpharetta, GA"
1711,Forsyth County,GA,201605,1386.2,-0.0005,0.0376,"Atlanta-Sandy Springs-Alpharetta, GA"
1711,Forsyth County,GA,201606,1400.23,0.0101,0.0381,"Atlanta-Sandy Springs-Alpharetta, GA"
1711,Forsyth County,GA,201607,1415.01,0.0106,0.0467,"Atlanta-Sandy Springs-Alpharetta, GA"
1711,Forsyth County,GA,201608,1419.13,0.0029,0.044,"Atlanta-Sandy Springs-Alpharetta, GA"
1711,Forsyth County,GA,201609,1409.2,-0.007,0.0332,"Atlanta-Sandy Springs-Alpharetta, GA"
1711,Forsyth County,GA,201610,1404.44,-0.0034,0.029,"Atlanta-Sandy Springs-Alpharetta, GA"
1711,Forsyth County,GA,201611,1394.78,-0.0069,0.0223,"Atlanta-Sandy Springs-Alpharetta, GA"
1711,Forsyth County,GA,201612,1388.67,-0.0044,0.0189,"Atlanta-Sandy Springs-Alpharetta, GA"
1711,Forsyth County,GA,201701,1391.35,0.0019,0.0214,"Atlanta-Sandy Springs-Alpharetta, GA"
1711,Forsyth County,GA,201702,1405.89,0.0105,0.022,"Atlanta-Sandy Springs-Alpharetta, GA"
1711,Forsyth County,GA,201703,1426.62,0.0147,0.0317,"Atlanta-Sandy Springs-Alpharetta, GA"
1711,Forsyth County,GA,201704,1438.86,0.0086,0.0375,"Atlanta-Sandy Springs-Alpharetta, GA"
1711,Forsyth County,GA,201705,1450.03,0.0078,0.046,"Atlanta-Sandy Springs-Alpharetta, GA"
1711,Forsyth County,GA,201706,1460.8,0.0074,0.0433,"Atlanta-Sandy Springs-Alpharetta, GA"
1711,Forsyth County,GA,201707,1466.21,0.0037,0.0362,"Atlanta-Sandy Springs-Alpharetta, GA"
1711,Forsyth County,GA,201708,1466.3,0.0001,0.0332,"Atlanta-Sandy Springs-Alpharetta, GA"
1711,Forsyth County,GA,201709,1464.1,-0.0015,0.039,"Atlanta-Sandy Springs-Alpharetta, GA"
1711,Forsyth County,GA,201710,1459.98,-0.0028,0.0395,"Atlanta-Sandy Springs-Alpharetta, GA"
1711,Forsyth County,GA,201711,1454.81,-0.0035,0.043,"Atlanta-Sandy Springs-Alpharetta, GA"
1711,Forsyth County,GA,201712,1450.6,-0.0029,0.0446,"Atlanta-Sandy Springs-Alpharetta, GA"
1711,Forsyth County,GA,201801,1461.4,0.0074,0.0503,"Atlanta-Sandy Springs-Alpharetta, GA"
1711,Forsyth County,GA,201802,1473.84,0.0085,0.0483,"Atlanta-Sandy Springs-Alpharetta, GA"
1711,Forsyth County,GA,201803,1485.93,0.0082,0.0416,"Atlanta-Sandy Springs-Alpharetta, GA"
1711,Forsyth County,GA,201804,1490.63,0.0032,0.036,"Atlanta-Sandy Springs-Alpharetta, GA"
1711,Forsyth County,GA,201805,1499.37,0.0059,0.034,"Atlanta-Sandy Springs-Alpharetta, GA"
1711,Forsyth County,GA,201806,1505.88,0.0043,0.0309,"Atlanta-Sandy Springs-Alpharetta, GA"
1711,Forsyth County,GA,201807,1508.24,0.0016,0.0287,"Atlanta-Sandy Springs-Alpharetta, GA"
1711,Forsyth County,GA,201808,1510.39,0.0014,0.0301,"Atlanta-Sandy Springs-Alpharetta, GA"
1711,Forsyth County,GA,201809,1508.68,-0.0011,0.0305,"Atlanta-Sandy Springs-Alpharetta, GA"
1711,Forsyth County,GA,201810,1507.32,-0.0009,0.0324,"Atlanta-Sandy Springs-Alpharetta, GA"
1711,Forsyth County,GA,201811,1502.02,-0.0035,0.0324,"Atlanta-Sandy Springs-Alpharetta, GA"
1711,Forsyth County,GA,201812,1496.12,-0.0039,0.0314,"Atlanta-Sandy Springs-Alpharetta, GA"
1711,Forsyth County,GA,201901,1512.83,0.0112,0.0352,"Atlanta-Sandy Springs-Alpharetta, GA"
1711,Forsyth County,GA,201902,1537.23,0.0161,0.043,"Atlanta-Sandy Springs-Alpharetta, GA"
1711,Forsyth County,GA,201903,1565.26,0.0182,0.0534,"Atlanta-Sandy Springs-Alpharetta, GA"
1711,Forsyth County,GA,201904,1579.4,0.009,0.0596,"Atlanta-Sandy Springs-Alpharetta, GA"
1711,Forsyth County,GA,201905,1577.25,-0.0014,0.0519,"Atlanta-Sandy Springs-Alpharetta, GA"
1711,Forsyth County,GA,201906,1577.07,-0.0001,0.0473,"Atlanta-Sandy Springs-Alpharetta, GA"
1711,Forsyth County,GA,201907,1572.43,-0.0029,0.0426,"Atlanta-Sandy Springs-Alpharetta, GA"
1711,Forsyth County,GA,201908,1564.42,-0.0051,0.0358,"Atlanta-Sandy Springs-Alpharetta, GA"
1711,Forsyth County,GA,201909,1568.05,0.0023,0.0393,"Atlanta-Sandy Springs-Alpharetta, GA"
1711,Forsyth County,GA,201910,1554.72,-0.0085,0.0314,"Atlanta-Sandy Springs-Alpharetta, GA"
1711,Forsyth County,GA,201911,1559.32,0.003,0.0381,"Atlanta-Sandy Springs-Alpharetta, GA"
1711,Forsyth County,GA,201912,1539.41,-0.0128,0.0289,"Atlanta-Sandy Springs-Alpharetta, GA"
1711,Forsyth County,GA,202001,1552.87,0.0087,0.0265,"Atlanta-Sandy Springs-Alpharetta, GA"
1711,Forsyth County,GA,202002,1567.49,0.0094,0.0197,"Atlanta-Sandy Springs-Alpharetta, GA"
1711,Forsyth County,GA,202003,1592.53,0.016,0.0174,"Atlanta-Sandy Springs-Alpharetta, GA"
1711,Forsyth County,GA,202004,1594.7,0.0014,0.0097,"Atlanta-Sandy Springs-Alpharetta, GA"
1711,Forsyth County,GA,202005,1588.92,-0.0036,0.0074,"Atlanta-Sandy Springs-Alpharetta, GA"
1711,Forsyth County,GA,202006,1593.14,0.0027,0.0102,"Atlanta-Sandy Springs-Alpharetta, GA"
1711,Forsyth County,GA,202007,1607.65,0.0091,0.0224,"Atlanta-Sandy Springs-Alpharetta, GA"
1711,Forsyth County,GA,202008,1623.18,0.0097,0.0376,"Atlanta-Sandy Springs-Alpharetta, GA"
1711,Forsyth County,GA,202009,1638.08,0.0092,0.0447,"Atlanta-Sandy Springs-Alpharetta, GA"
1711,Forsyth County,GA,202010,1653.64,0.0095,0.0636,"Atlanta-Sandy Springs-Alpharetta, GA"
1711,Forsyth County,GA,202011,1660.12,0.0039,0.0646,"Atlanta-Sandy Springs-Alpharetta, GA"
1711,Forsyth County,GA,202012,1659.4,-0.0004,0.0779,"Atlanta-Sandy Springs-Alpharetta, GA"
1711,Forsyth County,GA,202101,1666.3,0.0042,0.073,"Atlanta-Sandy Springs-Alpharetta, GA"
1711,Forsyth County,GA,202102,1701.77,0.0213,0.0857,"Atlanta-Sandy Springs-Alpharetta, GA"
1711,Forsyth County,GA,202103,1736.9,0.0206,0.0907,"Atlanta-Sandy Springs-Alpharetta, GA"
1711,Forsyth County,GA,202104,1757.11,0.0116,0.1018,"Atlanta-Sandy Springs-Alpharetta, GA"
1711,Forsyth County,GA,202105,1773.02,0.0091,0.1159,"Atlanta-Sandy Springs-Alpharetta, GA"
1711,Forsyth County,GA,202106,1808.47,0.02,0.1352,"Atlanta-Sandy Springs-Alpharetta, GA"
1711,Forsyth County,GA,202107,1846.63,0.0211,0.1487,"Atlanta-Sandy Springs-Alpharetta, GA"
1711,Forsyth County,GA,202108,1887.9,0.0224,0.1631,"Atlanta-Sandy Springs-Alpharetta, GA"
1711,Forsyth County,GA,202109,1927.04,0.0207,0.1764,"Atlanta-Sandy Springs-Alpharetta, GA"
1711,Forsyth County,GA,202110,1948.98,0.0114,0.1786,"Atlanta-Sandy Springs-Alpharetta, GA"
1711,Forsyth County,GA,202111,1963.44,0.0074,0.1827,"Atlanta-Sandy Springs-Alpharetta, GA"
1711,Forsyth County,GA,202112,1960.82,-0.0013,0.1816,"Atlanta-Sandy Springs-Alpharetta, GA"
1711,Forsyth County,GA,202201,1972.8,0.0061,0.1839,"Atlanta-Sandy Springs-Alpharetta, GA"
1711,Forsyth County,GA,202202,1986.56,0.007,0.1673,"Atlanta-Sandy Springs-Alpharetta, GA"
1711,Forsyth County,GA,202203,2012.96,0.0133,0.1589,"Atlanta-Sandy Springs-Alpharetta, GA"
1711,Forsyth County,GA,202204,2042.6,0.0147,0.1625,"Atlanta-Sandy Springs-Alpharetta, GA"
1711,Forsyth County,GA,202205,2070.63,0.0137,0.1679,"Atlanta-Sandy Springs-Alpharetta, GA"
1711,Forsyth County,GA,202206,2093.71,0.0111,0.1577,"Atlanta-Sandy Springs-Alpharetta, GA"
1711,Forsyth County,GA,202207,2120.32,0.0127,0.1482,"Atlanta-Sandy Springs-Alpharetta, GA"
1711,Forsyth County,GA,202208,2130.41,0.0048,0.1285,"Atlanta-Sandy Springs-Alpharetta, GA"
1711,Forsyth County,GA,202209,2128.11,-0.0011,0.1043,"Atlanta-Sandy Springs-Alpharetta, GA"
1711,Forsyth County,GA,202210,2119.49,-0.004,0.0875,"Atlanta-Sandy Springs-Alpharetta, GA"
1711,Forsyth County,GA,202211,2107.91,-0.0055,0.0736,"Atlanta-Sandy Springs-Alpharetta, GA"
1711,Forsyth County,GA,202212,2111.91,0.0019,0.0771,"Atlanta-Sandy Springs-Alpharetta, GA"
1711,Forsyth County,GA,202301,2107.01,-0.0023,0.068,"Atlanta-Sandy Springs-Alpharetta, GA"
1711,Forsyth County,GA,202302,2114.18,0.0034,0.0642,"Atlanta-Sandy Springs-Alpharetta, GA"
1711,Forsyth County,GA,202303,2140.13,0.0123,0.0632,"Atlanta-Sandy Springs-Alpharetta, GA"
1711,Forsyth County,GA,202304,2150.08,0.0046,0.0526,"Atlanta-Sandy Springs-Alpharetta, GA"
1711,Forsyth County,GA,202305,2162.76,0.0059,0.0445,"Atlanta-Sandy Springs-Alpharetta, GA"
1711,Forsyth County,GA,202306,2151.59,-0.0052,0.0276,"Atlanta-Sandy Springs-Alpharetta, GA"
1711,Forsyth County,GA,202307,2164.22,0.0059,0.0207,"Atlanta-Sandy Springs-Alpharetta, GA"
1711,Forsyth County,GA,202308,2170.88,0.0031,0.019,"Atlanta-Sandy Springs-Alpharetta, GA"
1711,Forsyth County,GA,202309,2173.66,0.0013,0.0214,"Atlanta-Sandy Springs-Alpharetta, GA"
1711,Forsyth County,GA,202310,2158.97,-0.0068,0.0186,"Atlanta-Sandy Springs-Alpharetta, GA"
1711,Forsyth County,GA,202311,2137.98,-0.0097,0.0143,"Atlanta-Sandy Springs-Alpharetta, GA"
1711,Forsyth County,GA,202312,2122.41,-0.0073,0.005,"Atlanta-Sandy Springs-Alpharetta, GA"
1711,Forsyth County,GA,202401,2136.85,0.0068,0.0142,"Atlanta-Sandy Springs-Alpharetta, GA"
1711,Forsyth County,GA,202402,2152.1,0.0071,0.0179,"Atlanta-Sandy Springs-Alpharetta, GA"
1711,Forsyth County,GA,202403,2159.82,0.0036,0.0092,"Atlanta-Sandy Springs-Alpharetta, GA"
1711,Forsyth County,GA,202404,2164.22,0.002,0.0066,"Atlanta-Sandy Springs-Alpharetta, GA"
1711,Forsyth County,GA,202405,2182.1,0.0083,0.0089,"Atlanta-Sandy Springs-Alpharetta, GA"
1711,Forsyth County,GA,202406,2201.44,0.0089,0.0232,"Atlanta-Sandy Springs-Alpharetta, GA"
1711,Forsyth County,GA,202407,2208.21,0.0031,0.0203,"Atlanta-Sandy Springs-Alpharetta, GA"
1711,Forsyth County,GA,202408,2196.05,-0.0055,0.0116,"Atlanta-Sandy Springs-Alpharetta, GA"
1711,Forsyth County,GA,202409,2179.26,-0.0076,0.0026,"Atlanta-Sandy Springs-Alpharetta, GA"
1711,Forsyth County,GA,202410,2162.35,-0.0078,0.0016,"Atlanta-Sandy Springs-Alpharetta, GA"
1711,Forsyth County,GA,202411,2151.4,-0.0051,0.0063,"Atlanta-Sandy Springs-Alpharetta, GA"
1711,Forsyth County,GA,202412,2150.08,-0.0006,0.013,"Atlanta-Sandy Springs-Alpharetta, GA"
1711,Forsyth County,GA,202501,2155.64,0.0026,0.0088,"Atlanta-Sandy Springs-Alpharetta, GA"
1711,Forsyth County,GA,202502,2173.48,0.0083,0.0099,"Atlanta-Sandy Springs-Alpharetta, GA"
1711,Forsyth County,GA,202503,2197.11,0.0109,0.0173,"Atlanta-Sandy Springs-Alpharetta, GA"
1711,Forsyth County,GA,202504,2210.39,0.006,0.0213,"Atlanta-Sandy Springs-Alpharetta, GA"
1711,Forsyth County,GA,202505,2216.31,0.0027,0.0157,"Atlanta-Sandy Springs-Alpharetta, GA"
1711,Forsyth County,GA,202506,2215.54,-0.0003,0.0064,"Atlanta-Sandy Springs-Alpharetta, GA"
1711,Forsyth County,GA,202507,2223.21,0.0035,0.0068,"Atlanta-Sandy Springs-Alpharetta, GA"
1711,Forsyth County,GA,202508,2217.88,-0.0024,0.0099,"Atlanta-Sandy Springs-Alpharetta, GA"
1711,Forsyth County,GA,202509,2205.65,-0.0055,0.0121,"Atlanta-Sandy Springs-Alpharetta, GA"
1711,Forsyth County,GA,202510,2189.11,-0.0075,0.0124,"Atlanta-Sandy Springs-Alpharetta, GA"
1711,Forsyth County,GA,202511,2193.48,0.002,0.0196,"Atlanta-Sandy Springs-Alpharetta, GA"
1711,Forsyth County,GA,202512,2181.24,-0.0056,0.0145,"Atlanta-Sandy Springs-Alpharetta, GA"
1711,Forsyth County,GA,202601,2190.7,0.0043,0.0163,"Atlanta-Sandy Springs-Alpharetta, GA"
1711,Forsyth County,GA,202602,2204.27,0.0062,0.0142,"Atlanta-Sandy Springs-Alpharetta, GA"
1711,Forsyth County,GA,202603,2225.56,0.0097,0.0129,"Atlanta-Sandy Springs-Alpharetta, GA"
1711,Forsyth County,GA,202604,2235.6,0.0045,0.0114,"Atlanta-Sandy Springs-Alpharetta, GA"
1711,Forsyth County,GA,202605,2231.54,-0.0018,0.0069,"Atlanta-Sandy Springs-Alpharetta, GA"
1711,Forsyth County,GA,202606,2243.62,0.0054,0.0127,"Atlanta-Sandy Springs-Alpharetta, GA"
1711,Forsyth County,GA,202607,2246.71,0.0014,0.0106,"Atlanta-Sandy Springs-Alpharetta, GA"
1711,Forsyth County,GA,202608,2257.37,0.0047,0.0178,"Atlanta-Sandy Springs-Alpharetta, GA"
1782,Houston County,GA,201502,830.99,,,"Warner Robins, GA"
1782,Houston County,GA,201503,834.44,0.0041,,"Warner Robins, GA"
1782,Houston County,GA,201504,837.12,0.0032,,"Warner Robins, GA"
1782,Houston County,GA,201505,839.47,0.0028,,"Warner Robins, GA"
1782,Houston County,GA,201506,835.29,-0.005,,"Warner Robins, GA"
1782,Houston County,GA,201507,832.71,-0.0031,,"Warner Robins, GA"
1782,Houston County,GA,201508,828.85,-0.0046,,"Warner Robins, GA"
1782,Houston County,GA,201509,828.91,0.0001,,"Warner Robins, GA"
1782,Houston County,GA,201510,827.99,-0.0011,,"Warner Robins, GA"
1782,Houston County,GA,201511,831.31,0.004,,"Warner Robins, GA"
1782,Houston County,GA,201512,834.1,0.0034,,"Warner Robins, GA"
1782,Houston County,GA,201601,840.47,0.0076,,"Warner Robins, GA"
1782,Houston County,GA,201602,839.16,-0.0016,0.0098,"Warner Robins, GA"
1782,Houston County,GA,201603,844.46,0.0063,0.012,"Warner Robins, GA"
1782,Houston County,GA,201604,844.42,-0.0001,0.0087,"Warner Robins, GA"
1782,Houston County,GA,201605,853.58,0.0108,0.0168,"Warner Robins, GA"
1782,Houston County,GA,201606,855.52,0.0023,0.0242,"Warner Robins, GA"
1782,Houston County,GA,201607,863.33,0.0091,0.0368,"Warner Robins, GA"
1782,Houston County,GA,201608,862.37,-0.0011,0.0404,"Warner Robins, GA"
1782,Houston County,GA,201609,858.74,-0.0042,0.036,"Warner Robins, GA"
1782,Houston County,GA,201610,855.74,-0.0035,0.0335,"Warner Robins, GA"
1782,Houston County,GA,201611,857.36,0.0019,0.0313,"Warner Robins, GA"
1782,Houston County,GA,201612,862.58,0.0061,0.0342,"Warner Robins, GA"
1782,Houston County,GA,201701,860.24,-0.0027,0.0235,"Warner Robins, GA"
1782,Houston County,GA,201702,861.21,0.0011,0.0263,"Warner Robins, GA"
1782,Houston County,GA,201703,863.32,0.0025,0.0223,"Warner Robins, GA"
1782,Houston County,GA,201704,870.2,0.008,0.0305,"Warner Robins, GA"
1782,Houston County,GA,201705,873.64,0.004,0.0235,"Warner Robins, GA"
1782,Houston County,GA,201706,882.54,0.0102,0.0316,"Warner Robins, GA"
1782,Houston County,GA,201707,891.9,0.0106,0.0331,"Warner Robins, GA"
1782,Houston County,GA,201708,888.96,-0.0033,0.0308,"Warner Robins, GA"
1782,Houston County,GA,201709,885.12,-0.0043,0.0307,"Warner Robins, GA"
1782,Houston County,GA,201710,879.42,-0.0064,0.0277,"Warner Robins, GA"
1782,Houston County,GA,201711,882.22,0.0032,0.029,"Warner Robins, GA"
1782,Houston County,GA,201712,881.62,-0.0007,0.0221,"Warner Robins, GA"
1782,Houston County,GA,201801,888.91,0.0083,0.0333,"Warner Robins, GA"
1782,Houston County,GA,201802,899.67,0.0121,0.0447,"Warner Robins, GA"
1782,Houston County,GA,201803,907.58,0.0088,0.0513,"Warner Robins, GA"
1782,Houston County,GA,201804,904.75,-0.0031,0.0397,"Warner Robins, GA"
1782,Houston County,GA,201805,909.1,0.0048,0.0406,"Warner Robins, GA"
1782,Houston County,GA,201806,909.29,0.0002,0.0303,"Warner Robins, GA"
1782,Houston County,GA,201807,916.02,0.0074,0.027,"Warner Robins, GA"
1782,Houston County,GA,201808,918.99,0.0033,0.0338,"Warner Robins, GA"
1782,Houston County,GA,201809,921.6,0.0028,0.0412,"Warner Robins, GA"
1782,Houston County,GA,201810,926.56,0.0054,0.0536,"Warner Robins, GA"
1782,Houston County,GA,201811,913.38,-0.0142,0.0353,"Warner Robins, GA"
1782,Houston County,GA,201812,905.86,-0.0082,0.0275,"Warner Robins, GA"
1782,Houston County,GA,201901,905.22,-0.0007,0.0183,"Warner Robins, GA"
1782,Houston County,GA,201902,919.65,0.0159,0.0222,"Warner Robins, GA"
1782,Houston County,GA,201903,938.84,0.0209,0.0345,"Warner Robins, GA"
1782,Houston County,GA,201904,946.41,0.0081,0.046,"Warner Robins, GA"
1782,Houston County,GA,201905,956.56,0.0107,0.0522,"Warner Robins, GA"
1782,Houston County,GA,201906,961.59,0.0053,0.0575,"Warner Robins, GA"
1782,Houston County,GA,201907,964.12,0.0026,0.0525,"Warner Robins, GA"
1782,Houston County,GA,201908,965.73,0.0017,0.0509,"Warner Robins, GA"
1782,Houston County,GA,201909,974.61,0.0092,0.0575,"Warner Robins, GA"
1782,Houston County,GA,201910,974.94,0.0003,0.0522,"Warner Robins, GA"
1782,Houston County,GA,201911,973.38,-0.0016,0.0657,"Warner Robins, GA"
1782,Houston County,GA,201912,966.41,-0.0072,0.0668,"Warner Robins, GA"
1782,Houston County,GA,202001,968.01,0.0016,0.0694,"Warner Robins, GA"
1782,Houston County,GA,202002,977.33,0.0096,0.0627,"Warner Robins, GA"
1782,Houston County,GA,202003,987.97,0.0109,0.0523,"Warner Robins, GA"
1782,Houston County,GA,202004,993.97,0.0061,0.0503,"Warner Robins, GA"
1782,Houston County,GA,202005,1009.6,0.0157,0.0554,"Warner Robins, GA"
1782,Houston County,GA,202006,1015.01,0.0054,0.0556,"Warner Robins, GA"
1782,Houston County,GA,202007,1033.05,0.0178,0.0715,"Warner Robins, GA"
1782,Houston County,GA,202008,1034.2,0.0011,0.0709,"Warner Robins, GA"
1782,Houston County,GA,202009,1052.99,0.0182,0.0804,"Warner Robins, GA"
1782,Houston County,GA,202010,1056.84,0.0037,0.084,"Warner Robins, GA"
1782,Houston County,GA,202011,1061.86,0.0048,0.0909,"Warner Robins, GA"
1782,Houston County,GA,202012,1053.17,-0.0082,0.0898,"Warner Robins, GA"
1782,Houston County,GA,202101,1055.26,0.002,0.0901,"Warner Robins, GA"
1782,Houston County,GA,202102,1063.7,0.008,0.0884,"Warner Robins, GA"
1782,Houston County,GA,202103,1081.52,0.0167,0.0947,"Warner Robins, GA"
1782,Houston County,GA,202104,1095.95,0.0133,0.1026,"Warner Robins, GA"
1782,Houston County,GA,202105,1117.26,0.0194,0.1066,"Warner Robins, GA"
1782,Houston County,GA,202106,1116.67,-0.0005,0.1002,"Warner Robins, GA"
1782,Houston County,GA,202107,1130.9,0.0127,0.0947,"Warner Robins, GA"
1782,Houston County,GA,202108,1136.45,0.0049,0.0989,"Warner Robins, GA"
1782,Houston County,GA,202109,1165.61,0.0257,0.107,"Warner Robins, GA"
1782,Houston County,GA,202110,1185.31,0.0169,0.1216,"Warner Robins, GA"
1782,Houston County,GA,202111,1187.27,0.0017,0.1181,"Warner Robins, GA"
1782,Houston County,GA,202112,1197.02,0.0082,0.1366,"Warner Robins, GA"
1782,Houston County,GA,202201,1222.63,0.0214,0.1586,"Warner Robins, GA"
1782,Houston County,GA,202202,1242.44,0.0162,0.168,"Warner Robins, GA"
1782,Houston County,GA,202203,1265.25,0.0184,0.1699,"Warner Robins, GA"
1782,Houston County,GA,202204,1271.06,0.0046,0.1598,"Warner Robins, GA"
1782,Houston County,GA,202205,1282.51,0.009,0.1479,"Warner Robins, GA"
1782,Houston County,GA,202206,1289.36,0.0053,0.1546,"Warner Robins, GA"
1782,Houston County,GA,202207,1297.37,0.0062,0.1472,"Warner Robins, GA"
1782,Houston County,GA,202208,1327.86,0.0235,0.1684,"Warner Robins, GA"
1782,Houston County,GA,202209,1321.18,-0.005,0.1335,"Warner Robins, GA"
1782,Houston County,GA,202210,1332.58,0.0086,0.1242,"Warner Robins, GA"
1782,Houston County,GA,202211,1323.54,-0.0068,0.1148,"Warner Robins, GA"
1782,Houston County,GA,202212,1339.38,0.012,0.1189,"Warner Robins, GA"
1782,Houston County,GA,202301,1332.27,-0.0053,0.0897,"Warner Robins, GA"
1782,Houston County,GA,202302,1336.62,0.0033,0.0758,"Warner Robins, GA"
1782,Houston County,GA,202303,1337.81,0.0009,0.0573,"Warner Robins, GA"
1782,Houston County,GA,202304,1353.65,0.0118,0.065,"Warner Robins, GA"
1782,Houston County,GA,202305,1367.04,0.0099,0.0659,"Warner Robins, GA"
1782,Houston County,GA,202306,1386.62,0.0143,0.0754,"Warner Robins, GA"
1782,Houston County,GA,202307,1396.74,0.0073,0.0766,"Warner Robins, GA"
1782,Houston County,GA,202308,1405.52,0.0063,0.0585,"Warner Robins, GA"
1782,Houston County,GA,202309,1408.09,0.0018,0.0658,"Warner Robins, GA"
1782,Houston County,GA,202310,1405.46,-0.0019,0.0547,"Warner Robins, GA"
1782,Houston County,GA,202311,1402.43,-0.0022,0.0596,"Warner Robins, GA"
1782,Houston County,GA,202312,1390.25,-0.0087,0.038,"Warner Robins, GA"
1782,Houston County,GA,202401,1394.9,0.0033,0.047,"Warner Robins, GA"
1782,Houston County,GA,202402,1397.01,0.0015,0.0452,"Warner Robins, GA"
1782,Houston County,GA,202403,1421.01,0.0172,0.0622,"Warner Robins, GA"
1782,Houston County,GA,202404,1424.99,0.0028,0.0527,"Warner Robins, GA"
1782,Houston County,GA,202405,1439.76,0.0104,0.0532,"Warner Robins, GA"
1782,Houston County,GA,202406,1435.31,-0.0031,0.0351,"Warner Robins, GA"
1782,Houston County,GA,202407,1437.05,0.0012,0.0289,"Warner Robins, GA"
1782,Houston County,GA,202408,1442.81,0.004,0.0265,"Warner Robins, GA"
1782,Houston County,GA,202409,1452.02,0.0064,0.0312,"Warner Robins, GA"
1782,Houston County,GA,202410,1454.68,0.0018,0.035,"Warner Robins, GA"
1782,Houston County,GA,202411,1448.88,-0.004,0.0331,"Warner Robins, GA"
1782,Houston County,GA,202412,1448.46,-0.0003,0.0419,"Warner Robins, GA"
1782,Houston County,GA,202501,1465.03,0.0114,0.0503,"Warner Robins, GA"
1782,Houston County,GA,202502,1468.4,0.0023,0.0511,"Warner Robins, GA"
1782,Houston County,GA,202503,1471.25,0.0019,0.0354,"Warner Robins, GA"
1782,Houston County,GA,202504,1463.98,-0.0049,0.0274,"Warner Robins, GA"
1782,Houston County,GA,202505,1471.91,0.0054,0.0223,"Warner Robins, GA"
1782,Houston County,GA,202506,1481.01,0.0062,0.0318,"Warner Robins, GA"
1782,Houston County,GA,202507,1481.61,0.0004,0.031,"Warner Robins, GA"
1782,Houston County,GA,202508,1481.89,0.0002,0.0271,"Warner Robins, GA"
1782,Houston County,GA,202509,1484.98,0.0021,0.0227,"Warner Robins, GA"
1782,Houston County,GA,202510,1498.54,0.0091,0.0302,"Warner Robins, GA"
1782,Houston County,GA,202511,1513.64,0.0101,0.0447,"Warner Robins, GA"
1782,Houston County,GA,202512,1527.51,0.0092,0.0546,"Warner Robins, GA"
1782,Houston County,GA,202601,1527.78,0.0002,0.0428,"Warner Robins, GA"
1782,Houston County,GA,202602,1513.35,-0.0094,0.0306,"Warner Robins, GA"
1782,Houston County,GA,202603,1500.23,-0.0087,0.0197,"Warner Robins, GA"
1782,Houston County,GA,202604,1496.02,-0.0028,0.0219,"Warner Robins, GA"
1782,Houston County,GA,202605,1498.4,0.0016,0.018,"Warner Robins, GA"
1782,Houston County,GA,202606,1506.09,0.0051,0.0169,"Warner Robins, GA"
1782,Houston County,GA,202607,1513.83,0.0051,0.0218,"Warner Robins, GA"
1782,Houston County,GA,202608,1524.66,0.0072,0.0289,"Warner Robins, GA"
1795,Jackson County,GA,202203,1730.81,,,"Jefferson, GA"
1795,Jackson County,GA,202204,1750.34,0.0113,,"Jefferson, GA"
1795,Jackson County,GA,202205,1805.84,0.0317,,"Jefferson, GA"
1795,Jackson County,GA,202206,1840.01,0.0189,,"Jefferson, GA"
1795,Jackson County,GA,202207,1856.02,0.0087,,"Jefferson, GA"
1795,Jackson County,GA,202208,1844.46,-0.0062,,"Jefferson, GA"
1795,Jackson County,GA,202209,1846.48,0.0011,,"Jefferson, GA"
1795,Jackson County,GA,202210,1837.2,-0.005,,"Jefferson, GA"
1795,Jackson County,GA,202211,1877.67,0.022,,"Jefferson, GA"
1795,Jackson County,GA,202212,1917.46,0.0212,,"Jefferson, GA"
1795,Jackson County,GA,202301,1953.3,0.0187,,"Jefferson, GA"
1795,Jackson County,GA,202302,1954.16,0.0004,,"Jefferson, GA"
1795,Jackson County,GA,202303,1935.83,-0.0094,0.1185,"Jefferson, GA"
1795,Jackson County,GA,202304,1914.3,-0.0111,0.0937,"Jefferson, GA"
1795,Jackson County,GA,202305,1915.7,0.0007,0.0608,"Jefferson, GA"
1795,Jackson County,GA,202306,1927.43,0.0061,0.0475,"Jefferson, GA"
1795,Jackson County,GA,202307,1951.97,0.0127,0.0517,"Jefferson, GA"
1795,Jackson County,GA,202308,1938.25,-0.007,0.0509,"Jefferson, GA"
1795,Jackson County,GA,202309,1922.22,-0.0083,0.041,"Jefferson, GA"
1795,Jackson County,GA,202310,1907.99,-0.0074,0.0385,"Jefferson, GA"
1795,Jackson County,GA,202311,1910.83,0.0015,0.0177,"Jefferson, GA"
1795,Jackson County,GA,202312,1924.82,0.0073,0.0038,"Jefferson, GA"
1795,Jackson County,GA,202401,1948.9,0.0125,-0.0023,"Jefferson, GA"
1795,Jackson County,GA,202402,1978.63,0.0153,0.0125,"Jefferson, GA"
1795,Jackson County,GA,202403,2003.57,0.0126,0.035,"Jefferson, GA"
1795,Jackson County,GA,202404,2016.41,0.0064,0.0533,"Jefferson, GA"
1795,Jackson County,GA,202405,2001.2,-0.0075,0.0446,"Jefferson, GA"
1795,Jackson County,GA,202406,1983.31,-0.0089,0.029,"Jefferson, GA"
1795,Jackson County,GA,202407,1977.06,-0.0032,0.0129,"Jefferson, GA"
1795,Jackson County,GA,202408,1981.0,0.002,0.0221,"Jefferson, GA"
1795,Jackson County,GA,202409,1982.95,0.001,0.0316,"Jefferson, GA"
1795,Jackson County,GA,202410,1976.8,-0.0031,0.0361,"Jefferson, GA"
1795,Jackson County,GA,202411,1994.37,0.0089,0.0437,"Jefferson, GA"
1795,Jackson County,GA,202412,2000.11,0.0029,0.0391,"Jefferson, GA"
1795,Jackson County,GA,202501,1999.47,-0.0003,0.026,"Jefferson, GA"
1795,Jackson County,GA,202502,1983.58,-0.008,0.0025,"Jefferson, GA"
1795,Jackson County,GA,202503,2001.11,0.0088,-0.0012,"Jefferson, GA"
1795,Jackson County,GA,202504,2009.17,0.004,-0.0036,"Jefferson, GA"
1795,Jackson County,GA,202505,1992.96,-0.0081,-0.0041,"Jefferson, GA"
1795,Jackson County,GA,202506,1987.8,-0.0026,0.0023,"Jefferson, GA"
1795,Jackson County,GA,202507,1995.02,0.0036,0.0091,"Jefferson, GA"
1795,Jackson County,GA,202508,2020.11,0.0126,0.0197,"Jefferson, GA"
1795,Jackson County,GA,202509,2025.96,0.0029,0.0217,"Jefferson, GA"
1795,Jackson County,GA,202510,2038.68,0.0063,0.0313,"Jefferson, GA"
1795,Jackson County,GA,202511,2042.94,0.0021,0.0244,"Jefferson, GA"
1795,Jackson County,GA,202512,2032.89,-0.0049,0.0164,"Jefferson, GA"
1795,Jackson County,GA,202601,2004.92,-0.0138,0.0027,"Jefferson, GA"
1795,Jackson County,GA,202602,1996.5,-0.0042,0.0065,"Jefferson, GA"
1795,Jackson County,GA,202603,2016.18,0.0099,0.0075,"Jefferson, GA"
1795,Jackson County,GA,202604,2040.72,0.0122,0.0157,"Jefferson, GA"
1795,Jackson County,GA,202605,2039.17,-0.0008,0.0232,"Jefferson, GA"
1795,Jackson County,GA,202606,2029.54,-0.0047,0.021,"Jefferson, GA"
1795,Jackson County,GA,202607,2013.34,-0.008,0.0092,"Jefferson, GA"
1795,Jackson County,GA,202608,2061.61,0.024,0.0205,"Jefferson, GA"
1851,Laurens County,GA,202407,1017.54,,,"Dublin, GA"
1851,Laurens County,GA,202408,1012.56,-0.0049,,"Dublin, GA"
1851,Laurens County,GA,202409,1030.73,0.0179,,"Dublin, GA"
1851,Laurens County,GA,202410,1083.87,0.0516,,"Dublin, GA"
1851,Laurens County,GA,202411,1131.91,0.0443,,"Dublin, GA"
1851,Laurens County,GA,202412,1135.26,0.003,,"Dublin, GA"
1851,Laurens County,GA,202501,1107.8,-0.0242,,"Dublin, GA"
1851,Laurens County,GA,202502,1097.37,-0.0094,,"Dublin, GA"
1851,Laurens County,GA,202503,1127.32,0.0273,,"Dublin, GA"
1851,Laurens County,GA,202504,1118.45,-0.0079,,"Dublin, GA"
1851,Laurens County,GA,202505,1106.82,-0.0104,,"Dublin, GA"
1851,Laurens County,GA,202506,1092.22,-0.0132,,"Dublin, GA"
1851,Laurens County,GA,202507,1100.89,0.0079,0.0819,"Dublin, GA"
1851,Laurens County,GA,202508,1113.23,0.0112,0.0994,"Dublin, GA"
1851,Laurens County,GA,202509,1106.01,-0.0065,0.073,"Dublin, GA"
1851,Laurens County,GA,202510,1106.01,-0.0,0.0204,"Dublin, GA"
1851,Laurens County,GA,202511,1115.43,0.0085,-0.0146,"Dublin, GA"
1851,Laurens County,GA,202512,1133.08,0.0158,-0.0019,"Dublin, GA"
1851,Laurens County,GA,202601,1146.77,0.0121,0.0352,"Dublin, GA"
1851,Laurens County,GA,202602,1150.77,0.0035,0.0487,"Dublin, GA"
1851,Laurens County,GA,202604,1167.49,0.0145,0.0356,"Dublin, GA"
1851,Laurens County,GA,202605,1142.82,-0.0211,0.0218,"Dublin, GA"
1851,Laurens County,GA,202606,1168.35,0.0223,0.0556,"Dublin, GA"
1851,Laurens County,GA,202607,1171.67,0.0028,0.0727,"Dublin, GA"
1851,Laurens County,GA,202608,1192.34,0.0176,0.0831,"Dublin, GA"
1859,Liberty County,GA,201501,918.64,,,"Hinesville, GA"
1859,Liberty County,GA,201502,923.97,0.0058,,"Hinesville, GA"
1859,Liberty County,GA,201503,931.77,0.0084,,"Hinesville, GA"
1859,Liberty County,GA,201504,929.69,-0.0022,,"Hinesville, GA"
1859,Liberty County,GA,201505,933.21,0.0038,,"Hinesville, GA"
1859,Liberty County,GA,201506,933.04,-0.0002,,"Hinesville, GA"
1859,Liberty County,GA,201507,936.65,0.0039,,"Hinesville, GA"
1859,Liberty County,GA,201508,936.48,-0.0002,,"Hinesville, GA"
1859,Liberty County,GA,201509,928.95,-0.008,,"Hinesville, GA"
1859,Liberty County,GA,201510,924.67,-0.0046,,"Hinesville, GA"
1859,Liberty County,GA,201511,925.64,0.0011,,"Hinesville, GA"
1859,Liberty County,GA,201512,926.73,0.0012,,"Hinesville, GA"
1859,Liberty County,GA,201601,928.39,0.0018,0.0106,"Hinesville, GA"
1859,Liberty County,GA,201602,926.95,-0.0015,0.0032,"Hinesville, GA"
1859,Liberty County,GA,201603,933.9,0.0075,0.0023,"Hinesville, GA"
1859,Liberty County,GA,201604,935.03,0.0012,0.0057,"Hinesville, GA"
1859,Liberty County,GA,201605,938.53,0.0037,0.0057,"Hinesville, GA"
1859,Liberty County,GA,201606,933.38,-0.0055,0.0004,"Hinesville, GA"
1859,Liberty County,GA,201607,937.15,0.004,0.0005,"Hinesville, GA"
1859,Liberty County,GA,201608,933.25,-0.0042,-0.0034,"Hinesville, GA"
1859,Liberty County,GA,201609,938.57,0.0057,0.0104,"Hinesville, GA"
1859,Liberty County,GA,201610,941.72,0.0034,0.0184,"Hinesville, GA"
1859,Liberty County,GA,201611,945.07,0.0036,0.021,"Hinesville, GA"
1859,Liberty County,GA,201612,944.57,-0.0005,0.0193,"Hinesville, GA"
1859,Liberty County,GA,201701,945.03,0.0005,0.0179,"Hinesville, GA"
1859,Liberty County,GA,201702,947.16,0.0023,0.0218,"Hinesville, GA"
1859,Liberty County,GA,201703,948.61,0.0015,0.0158,"Hinesville, GA"
1859,Liberty County,GA,201704,943.56,-0.0053,0.0091,"Hinesville, GA"
1859,Liberty County,GA,201705,947.99,0.0047,0.0101,"Hinesville, GA"
1859,Liberty County,GA,201706,948.28,0.0003,0.016,"Hinesville, GA"
1859,Liberty County,GA,201707,954.9,0.007,0.0189,"Hinesville, GA"
1859,Liberty County,GA,201708,955.68,0.0008,0.024,"Hinesville, GA"
1859,Liberty County,GA,201709,962.39,0.007,0.0254,"Hinesville, GA"
1859,Liberty County,GA,201710,963.47,0.0011,0.0231,"Hinesville, GA"
1859,Liberty County,GA,201711,962.94,-0.0006,0.0189,"Hinesville, GA"
1859,Liberty County,GA,201712,964.31,0.0014,0.0209,"Hinesville, GA"
1859,Liberty County,GA,201801,967.45,0.0033,0.0237,"Hinesville, GA"
1859,Liberty County,GA,201802,969.89,0.0025,0.024,"Hinesville, GA"
1859,Liberty County,GA,201803,968.89,-0.001,0.0214,"Hinesville, GA"
1859,Liberty County,GA,201804,971.03,0.0022,0.0291,"Hinesville, GA"
1859,Liberty County,GA,201805,971.08,0.0001,0.0244,"Hinesville, GA"
1859,Liberty County,GA,201806,975.37,0.0044,0.0286,"Hinesville, GA"
1859,Liberty County,GA,201807,972.6,-0.0028,0.0185,"Hinesville, GA"
1859,Liberty County,GA,201808,976.33,0.0038,0.0216,"Hinesville, GA"
1859,Liberty County,GA,201809,977.28,0.001,0.0155,"Hinesville, GA"
1859,Liberty County,GA,201810,978.65,0.0014,0.0158,"Hinesville, GA"
1859,Liberty County,GA,201811,977.57,-0.0011,0.0152,"Hinesville, GA"
1859,Liberty County,GA,201812,980.86,0.0034,0.0172,"Hinesville, GA"
1859,Liberty County,GA,201901,984.3,0.0035,0.0174,"Hinesville, GA"
1859,Liberty County,GA,201902,993.24,0.0091,0.0241,"Hinesville, GA"
1859,Liberty County,GA,201903,993.89,0.0007,0.0258,"Hinesville, GA"
1859,Liberty County,GA,201904,1001.21,0.0074,0.0311,"Hinesville, GA"
1859,Liberty County,GA,201905,1005.47,0.0042,0.0354,"Hinesville, GA"
1859,Liberty County,GA,201906,1007.85,0.0024,0.0333,"Hinesville, GA"
1859,Liberty County,GA,201907,1008.16,0.0003,0.0366,"Hinesville, GA"
1859,Liberty County,GA,201908,1010.8,0.0026,0.0353,"Hinesville, GA"
1859,Liberty County,GA,201909,1014.37,0.0035,0.038,"Hinesville, GA"
1859,Liberty County,GA,201910,1020.32,0.0059,0.0426,"Hinesville, GA"
1859,Liberty County,GA,201911,1016.47,-0.0038,0.0398,"Hinesville, GA"
1859,Liberty County,GA,201912,1013.25,-0.0032,0.033,"Hinesville, GA"
1859,Liberty County,GA,202001,1011.63,-0.0016,0.0278,"Hinesville, GA"
1859,Liberty County,GA,202002,1021.67,0.0099,0.0286,"Hinesville, GA"
1859,Liberty County,GA,202003,1034.51,0.0126,0.0409,"Hinesville, GA"
1859,Liberty County,GA,202004,1038.74,0.0041,0.0375,"Hinesville, GA"
1859,Liberty County,GA,202005,1040.71,0.0019,0.035,"Hinesville, GA"
1859,Liberty County,GA,202006,1035.66,-0.0049,0.0276,"Hinesville, GA"
1859,Liberty County,GA,202007,1055.33,0.019,0.0468,"Hinesville, GA"
1859,Liberty County,GA,202008,1071.22,0.0151,0.0598,"Hinesville, GA"
1859,Liberty County,GA,202009,1085.94,0.0137,0.0706,"Hinesville, GA"
1859,Liberty County,GA,202010,1085.23,-0.0007,0.0636,"Hinesville, GA"
1859,Liberty County,GA,202011,1079.81,-0.005,0.0623,"Hinesville, GA"
1859,Liberty County,GA,202012,1099.8,0.0185,0.0854,"Hinesville, GA"
1859,Liberty County,GA,202101,1111.96,0.0111,0.0992,"Hinesville, GA"
1859,Liberty County,GA,202102,1147.35,0.0318,0.123,"Hinesville, GA"
1859,Liberty County,GA,202103,1145.24,-0.0018,0.107,"Hinesville, GA"
1859,Liberty County,GA,202104,1146.5,0.0011,0.1037,"Hinesville, GA"
1859,Liberty County,GA,202105,1162.25,0.0137,0.1168,"Hinesville, GA"
1859,Liberty County,GA,202106,1199.58,0.0321,0.1583,"Hinesville, GA"
1859,Liberty County,GA,202107,1256.41,0.0474,0.1905,"Hinesville, GA"
1859,Liberty County,GA,202108,1283.05,0.0212,0.1977,"Hinesville, GA"
1859,Liberty County,GA,202109,1323.75,0.0317,0.219,"Hinesville, GA"
1859,Liberty County,GA,202110,1325.15,0.0011,0.2211,"Hinesville, GA"
1859,Liberty County,GA,202111,1357.88,0.0247,0.2575,"Hinesville, GA"
1859,Liberty County,GA,202112,1358.64,0.0006,0.2354,"Hinesville, GA"
1859,Liberty County,GA,202201,1378.93,0.0149,0.2401,"Hinesville, GA"
1859,Liberty County,GA,202202,1400.4,0.0156,0.2206,"Hinesville, GA"
1859,Liberty County,GA,202203,1392.47,-0.0057,0.2159,"Hinesville, GA"
1859,Liberty County,GA,202204,1424.14,0.0227,0.2422,"Hinesville, GA"
1859,Liberty County,GA,202205,1419.77,-0.0031,0.2216,"Hinesville, GA"
1859,Liberty County,GA,202206,1467.53,0.0336,0.2234,"Hinesville, GA"
1859,Liberty County,GA,202207,1445.2,-0.0152,0.1503,"Hinesville, GA"
1859,Liberty County,GA,202208,1466.13,0.0145,0.1427,"Hinesville, GA"
1859,Liberty County,GA,202209,1476.4,0.007,0.1153,"Hinesville, GA"
1859,Liberty County,GA,202210,1503.11,0.0181,0.1343,"Hinesville, GA"
1859,Liberty County,GA,202211,1500.76,-0.0016,0.1052,"Hinesville, GA"
1859,Liberty County,GA,202212,1487.78,-0.0086,0.0951,"Hinesville, GA"
1859,Liberty County,GA,202301,1519.45,0.0213,0.1019,"Hinesville, GA"
1859,Liberty County,GA,202302,1518.11,-0.0009,0.0841,"Hinesville, GA"
1859,Liberty County,GA,202303,1530.49,0.0082,0.0991,"Hinesville, GA"
1859,Liberty County,GA,202304,1531.21,0.0005,0.0752,"Hinesville, GA"
1859,Liberty County,GA,202305,1538.38,0.0047,0.0835,"Hinesville, GA"
1859,Liberty County,GA,202306,1536.53,-0.0012,0.047,"Hinesville, GA"
1859,Liberty County,GA,202307,1506.42,-0.0196,0.0424,"Hinesville, GA"
1859,Liberty County,GA,202308,1492.3,-0.0094,0.0179,"Hinesville, GA"
1859,Liberty County,GA,202309,1497.88,0.0037,0.0145,"Hinesville, GA"
1859,Liberty County,GA,202310,1509.2,0.0076,0.0041,"Hinesville, GA"
1859,Liberty County,GA,202311,1531.0,0.0144,0.0201,"Hinesville, GA"
1859,Liberty County,GA,202312,1547.4,0.0107,0.0401,"Hinesville, GA"
1859,Liberty County,GA,202401,1564.0,0.0107,0.0293,"Hinesville, GA"
1859,Liberty County,GA,202402,1560.84,-0.002,0.0281,"Hinesville, GA"
1859,Liberty County,GA,202403,1566.01,0.0033,0.0232,"Hinesville, GA"
1859,Liberty County,GA,202404,1581.06,0.0096,0.0326,"Hinesville, GA"
1859,Liberty County,GA,202405,1613.27,0.0204,0.0487,"Hinesville, GA"
1859,Liberty County,GA,202406,1639.8,0.0164,0.0672,"Hinesville, GA"
1859,Liberty County,GA,202407,1659.66,0.0121,0.1017,"Hinesville, GA"
1859,Liberty County,GA,202408,1657.44,-0.0013,0.1107,"Hinesville, GA"
1859,Liberty County,GA,202409,1657.37,-0.0,0.1065,"Hinesville, GA"
1859,Liberty County,GA,202410,1658.59,0.0007,0.099,"Hinesville, GA"
1859,Liberty County,GA,202411,1664.88,0.0038,0.0874,"Hinesville, GA"
1859,Liberty County,GA,202412,1659.65,-0.0031,0.0725,"Hinesville, GA"
1859,Liberty County,GA,202501,1658.18,-0.0009,0.0602,"Hinesville, GA"
1859,Liberty County,GA,202502,1645.86,-0.0074,0.0545,"Hinesville, GA"
1859,Liberty County,GA,202503,1640.51,-0.0032,0.0476,"Hinesville, GA"
1859,Liberty County,GA,202504,1636.5,-0.0024,0.0351,"Hinesville, GA"
1859,Liberty County,GA,202505,1642.67,0.0038,0.0182,"Hinesville, GA"
1859,Liberty County,GA,202506,1641.07,-0.001,0.0008,"Hinesville, GA"
1859,Liberty County,GA,202507,1644.33,0.002,-0.0092,"Hinesville, GA"
1859,Liberty County,GA,202508,1660.97,0.0101,0.0021,"Hinesville, GA"
1859,Liberty County,GA,202509,1679.05,0.0109,0.0131,"Hinesville, GA"
1859,Liberty County,GA,202510,1697.28,0.0109,0.0233,"Hinesville, GA"
1859,Liberty County,GA,202511,1700.2,0.0017,0.0212,"Hinesville, GA"
1859,Liberty County,GA,202512,1705.64,0.0032,0.0277,"Hinesville, GA"
1859,Liberty County,GA,202601,1711.21,0.0033,0.032,"Hinesville, GA"
1859,Liberty County,GA,202602,1725.13,0.0081,0.0482,"Hinesville, GA"
1859,Liberty County,GA,202603,1732.62,0.0043,0.0561,"Hinesville, GA"
1859,Liberty County,GA,202604,1732.47,-0.0001,0.0586,"Hinesville, GA"
1859,Liberty County,GA,202605,1727.53,-0.0029,0.0517,"Hinesville, GA"
1859,Liberty County,GA,202606,1726.78,-0.0004,0.0522,"Hinesville, GA"
1859,Liberty County,GA,202607,1728.55,0.001,0.0512,"Hinesville, GA"
1859,Liberty County,GA,202608,1727.51,-0.0006,0.0401,"Hinesville, GA"
1889,Lowndes County,GA,202004,864.97,,,"Valdosta, GA"
1889,Lowndes County,GA,202005,874.7,0.0112,,"Valdosta, GA"
1889,Lowndes County,GA,202006,884.84,0.0116,,"Valdosta, GA"
1889,Lowndes County,GA,202007,881.5,-0.0038,,"Valdosta, GA"
1889,Lowndes County,GA,202008,892.73,0.0127,,"Valdosta, GA"
1889,Lowndes County,GA,202009,899.49,0.0076,,"Valdosta, GA"
1889,Lowndes County,GA,202010,914.43,0.0166,,"Valdosta, GA"
1889,Lowndes County,GA,202011,897.07,-0.019,,"Valdosta, GA"
1889,Lowndes County,GA,202012,910.06,0.0145,,"Valdosta, GA"
1889,Lowndes County,GA,202101,909.65,-0.0005,,"Valdosta, GA"
1889,Lowndes County,GA,202102,926.65,0.0187,,"Valdosta, GA"
1889,Lowndes County,GA,202103,917.75,-0.0096,,"Valdosta, GA"
1889,Lowndes County,GA,202104,919.79,0.0022,0.0634,"Valdosta, GA"
1889,Lowndes County,GA,202105,932.71,0.014,0.0663,"Valdosta, GA"
1889,Lowndes County,GA,202107,953.89,0.0227,0.078,"Valdosta, GA"
1889,Lowndes County,GA,202108,979.84,0.0272,0.1116,"Valdosta, GA"
1889,Lowndes County,GA,202109,1012.77,0.0336,0.1345,"Valdosta, GA"
1889,Lowndes County,GA,202110,1047.46,0.0343,0.1645,"Valdosta, GA"
1889,Lowndes County,GA,202111,1070.45,0.0219,0.1706,"Valdosta, GA"
1889,Lowndes County,GA,202112,1089.55,0.0178,0.2146,"Valdosta, GA"
1889,Lowndes County,GA,202201,1079.99,-0.0088,0.1867,"Valdosta, GA"
1889,Lowndes County,GA,202202,1086.49,0.006,0.1944,"Valdosta, GA"
1889,Lowndes County,GA,202203,1100.1,0.0125,0.1872,"Valdosta, GA"
1889,Lowndes County,GA,202204,1130.14,0.0273,0.2314,"Valdosta, GA"
1889,Lowndes County,GA,202205,1140.83,0.0095,0.2403,"Valdosta, GA"
1889,Lowndes County,GA,202206,1149.74,0.0078,0.2327,"Valdosta, GA"
1889,Lowndes County,GA,202207,1156.21,0.0056,0.2121,"Valdosta, GA"
1889,Lowndes County,GA,202208,1158.85,0.0023,0.1827,"Valdosta, GA"
1889,Lowndes County,GA,202209,1148.97,-0.0085,0.1345,"Valdosta, GA"
1889,Lowndes County,GA,202210,1124.25,-0.0215,0.0733,"Valdosta, GA"
1889,Lowndes County,GA,202211,1121.89,-0.0021,0.0481,"Valdosta, GA"
1889,Lowndes County,GA,202212,1133.88,0.0107,0.0407,"Valdosta, GA"
1889,Lowndes County,GA,202301,1130.29,-0.0032,0.0466,"Valdosta, GA"
1889,Lowndes County,GA,202302,1127.94,-0.0021,0.0382,"Valdosta, GA"
1889,Lowndes County,GA,202303,1137.51,0.0085,0.034,"Valdosta, GA"
1889,Lowndes County,GA,202304,1156.49,0.0167,0.0233,"Valdosta, GA"
1889,Lowndes County,GA,202305,1170.46,0.0121,0.026,"Valdosta, GA"
1889,Lowndes County,GA,202306,1162.71,-0.0066,0.0113,"Valdosta, GA"
1889,Lowndes County,GA,202307,1165.97,0.0028,0.0084,"Valdosta, GA"
1889,Lowndes County,GA,202308,1160.55,-0.0046,0.0015,"Valdosta, GA"
1889,Lowndes County,GA,202309,1175.73,0.0131,0.0233,"Valdosta, GA"
1889,Lowndes County,GA,202310,1188.71,0.011,0.0573,"Valdosta, GA"
1889,Lowndes County,GA,202311,1191.61,0.0024,0.0621,"Valdosta, GA"
1889,Lowndes County,GA,202312,1192.37,0.0006,0.0516,"Valdosta, GA"
1889,Lowndes County,GA,202401,1193.29,0.0008,0.0557,"Valdosta, GA"
1889,Lowndes County,GA,202402,1204.19,0.0091,0.0676,"Valdosta, GA"
1889,Lowndes County,GA,202403,1201.41,-0.0023,0.0562,"Valdosta, GA"
1889,Lowndes County,GA,202404,1209.15,0.0064,0.0455,"Valdosta, GA"
1889,Lowndes County,GA,202405,1219.8,0.0088,0.0422,"Valdosta, GA"
1889,Lowndes County,GA,202406,1228.61,0.0072,0.0567,"Valdosta, GA"
1889,Lowndes County,GA,202407,1228.42,-0.0002,0.0536,"Valdosta, GA"
1889,Lowndes County,GA,202408,1230.37,0.0016,0.0602,"Valdosta, GA"
1889,Lowndes County,GA,202409,1237.0,0.0054,0.0521,"Valdosta, GA"
1889,Lowndes County,GA,202410,1251.22,0.0115,0.0526,"Valdosta, GA"
1889,Lowndes County,GA,202411,1258.12,0.0055,0.0558,"Valdosta, GA"
1889,Lowndes County,GA,202412,1276.91,0.0149,0.0709,"Valdosta, GA"
1889,Lowndes County,GA,202501,1286.63,0.0076,0.0782,"Valdosta, GA"
1889,Lowndes County,GA,202502,1295.42,0.0068,0.0758,"Valdosta, GA"
1889,Lowndes County,GA,202503,1295.29,-0.0001,0.0781,"Valdosta, GA"
1889,Lowndes County,GA,202504,1305.74,0.0081,0.0799,"Valdosta, GA"
1889,Lowndes County,GA,202505,1315.87,0.0078,0.0788,"Valdosta, GA"
1889,Lowndes County,GA,202506,1318.7,0.0021,0.0733,"Valdosta, GA"
1889,Lowndes County,GA,202507,1312.58,-0.0046,0.0685,"Valdosta, GA"
1889,Lowndes County,GA,202508,1310.38,-0.0017,0.065,"Valdosta, GA"
1889,Lowndes County,GA,202509,1316.94,0.005,0.0646,"Valdosta, GA"
1889,Lowndes County,GA,202510,1331.97,0.0114,0.0645,"Valdosta, GA"
1889,Lowndes County,GA,202511,1336.15,0.0031,0.062,"Valdosta, GA"
1889,Lowndes County,GA,202512,1344.51,0.0063,0.0529,"Valdosta, GA"
1889,Lowndes County,GA,202601,1344.89,0.0003,0.0453,"Valdosta, GA"
1889,Lowndes County,GA,202602,1355.22,0.0077,0.0462,"Valdosta, GA"
1889,Lowndes County,GA,202603,1350.88,-0.0032,0.0429,"Valdosta, GA"
1889,Lowndes County,GA,202604,1348.45,-0.0018,0.0327,"Valdosta, GA"
1889,Lowndes County,GA,202605,1339.57,-0.0066,0.018,"Valdosta, GA"
1889,Lowndes County,GA,202606,1344.92,0.004,0.0199,"Valdosta, GA"
1889,Lowndes County,GA,202607,1352.7,0.0058,0.0306,"Valdosta, GA"
1889,Lowndes County,GA,202608,1360.44,0.0057,0.0382,"Valdosta, GA"
1892,Lumpkin County,GA,202601,1567.35,,,
1892,Lumpkin County,GA,202602,1525.81,-0.0265,,
1892,Lumpkin County,GA,202603,1534.18,0.0055,,
1892,Lumpkin County,GA,202604,1603.92,0.0455,,
1892,Lumpkin County,GA,202605,1624.48,0.0128,,
1892,Lumpkin County,GA,202606,1638.14,0.0084,,
1892,Lumpkin County,GA,202607,1608.63,-0.018,,
1892,Lumpkin County,GA,202608,1616.53,0.0049,,
2188,Cherokee County,GA,201501,1122.94,,,"Atlanta-Sandy Springs-Alpharetta, GA"
2188,Cherokee County,GA,201502,1128.87,0.0053,,"Atlanta-Sandy Springs-Alpharetta, GA"
2188,Cherokee County,GA,201503,1132.27,0.003,,"Atlanta-Sandy Springs-Alpharetta, GA"
2188,Cherokee County,GA,201504,1139.56,0.0064,,"Atlanta-Sandy Springs-Alpharetta, GA"
2188,Cherokee County,GA,201505,1146.98,0.0065,,"Atlanta-Sandy Springs-Alpharetta, GA"
2188,Cherokee County,GA,201506,1160.02,0.0114,,"Atlanta-Sandy Springs-Alpharetta, GA"
2188,Cherokee County,GA,201507,1167.19,0.0062,,"Atlanta-Sandy Springs-Alpharetta, GA"
2188,Cherokee County,GA,201508,1178.47,0.0097,,"Atlanta-Sandy Springs-Alpharetta, GA"
2188,Cherokee County,GA,201509,1180.18,0.0015,,"Atlanta-Sandy Springs-Alpharetta, GA"
2188,Cherokee County,GA,201510,1182.11,0.0016,,"Atlanta-Sandy Springs-Alpharetta, GA"
2188,Cherokee County,GA,201511,1176.87,-0.0044,,"Atlanta-Sandy Springs-Alpharetta, GA"
2188,Cherokee County,GA,201512,1176.79,-0.0001,,"Atlanta-Sandy Springs-Alpharetta, GA"
2188,Cherokee County,GA,201601,1183.47,0.0057,0.0539,"Atlanta-Sandy Springs-Alpharetta, GA"
2188,Cherokee County,GA,201602,1191.14,0.0065,0.0552,"Atlanta-Sandy Springs-Alpharetta, GA"
2188,Cherokee County,GA,201603,1195.45,0.0036,0.0558,"Atlanta-Sandy Springs-Alpharetta, GA"
2188,Cherokee County,GA,201604,1196.98,0.0013,0.0504,"Atlanta-Sandy Springs-Alpharetta, GA"
2188,Cherokee County,GA,201605,1199.37,0.002,0.0457,"Atlanta-Sandy Springs-Alpharetta, GA"
2188,Cherokee County,GA,201606,1209.69,0.0086,0.0428,"Atlanta-Sandy Springs-Alpharetta, GA"
2188,Cherokee County,GA,201607,1215.99,0.0052,0.0418,"Atlanta-Sandy Springs-Alpharetta, GA"
2188,Cherokee County,GA,201608,1221.34,0.0044,0.0364,"Atlanta-Sandy Springs-Alpharetta, GA"
2188,Cherokee County,GA,201609,1224.45,0.0025,0.0375,"Atlanta-Sandy Springs-Alpharetta, GA"
2188,Cherokee County,GA,201610,1227.15,0.0022,0.0381,"Atlanta-Sandy Springs-Alpharetta, GA"
2188,Cherokee County,GA,201611,1226.46,-0.0006,0.0421,"Atlanta-Sandy Springs-Alpharetta, GA"
2188,Cherokee County,GA,201612,1218.79,-0.0062,0.0357,"Atlanta-Sandy Springs-Alpharetta, GA"
2188,Cherokee County,GA,201701,1215.64,-0.0026,0.0272,"Atlanta-Sandy Springs-Alpharetta, GA"
2188,Cherokee County,GA,201702,1222.77,0.0059,0.0266,"Atlanta-Sandy Springs-Alpharetta, GA"
2188,Cherokee County,GA,201703,1237.85,0.0123,0.0355,"Atlanta-Sandy Springs-Alpharetta, GA"
2188,Cherokee County,GA,201704,1260.58,0.0184,0.0531,"Atlanta-Sandy Springs-Alpharetta, GA"
2188,Cherokee County,GA,201705,1274.61,0.0111,0.0627,"Atlanta-Sandy Springs-Alpharetta, GA"
2188,Cherokee County,GA,201706,1287.49,0.0101,0.0643,"Atlanta-Sandy Springs-Alpharetta, GA"
2188,Cherokee County,GA,201707,1289.79,0.0018,0.0607,"Atlanta-Sandy Springs-Alpharetta, GA"
2188,Cherokee County,GA,201708,1293.75,0.0031,0.0593,"Atlanta-Sandy Springs-Alpharetta, GA"
2188,Cherokee County,GA,201709,1298.79,0.0039,0.0607,"Atlanta-Sandy Springs-Alpharetta, GA"
2188,Cherokee County,GA,201710,1301.82,0.0023,0.0609,"Atlanta-Sandy Springs-Alpharetta, GA"
2188,Cherokee County,GA,201711,1301.01,-0.0006,0.0608,"Atlanta-Sandy Springs-Alpharetta, GA"
2188,Cherokee County,GA,201712,1295.75,-0.004,0.0631,"Atlanta-Sandy Springs-Alpharetta, GA"
2188,Cherokee County,GA,201801,1301.56,0.0045,0.0707,"Atlanta-Sandy Springs-Alpharetta, GA"
2188,Cherokee County,GA,201802,1308.81,0.0056,0.0704,"Atlanta-Sandy Springs-Alpharetta, GA"
2188,Cherokee County,GA,201803,1323.91,0.0115,0.0695,"Atlanta-Sandy Springs-Alpharetta, GA"
2188,Cherokee County,GA,201804,1338.29,0.0109,0.0616,"Atlanta-Sandy Springs-Alpharetta, GA"
2188,Cherokee County,GA,201805,1349.82,0.0086,0.059,"Atlanta-Sandy Springs-Alpharetta, GA"
2188,Cherokee County,GA,201806,1358.8,0.0066,0.0554,"Atlanta-Sandy Springs-Alpharetta, GA"
2188,Cherokee County,GA,201807,1354.87,-0.0029,0.0505,"Atlanta-Sandy Springs-Alpharetta, GA"
2188,Cherokee County,GA,201808,1356.94,0.0015,0.0488,"Atlanta-Sandy Springs-Alpharetta, GA"
2188,Cherokee County,GA,201809,1349.05,-0.0058,0.0387,"Atlanta-Sandy Springs-Alpharetta, GA"
2188,Cherokee County,GA,201810,1360.91,0.0088,0.0454,"Atlanta-Sandy Springs-Alpharetta, GA"
2188,Cherokee County,GA,201811,1359.24,-0.0012,0.0448,"Atlanta-Sandy Springs-Alpharetta, GA"
2188,Cherokee County,GA,201812,1372.32,0.0096,0.0591,"Atlanta-Sandy Springs-Alpharetta, GA"
2188,Cherokee County,GA,201901,1368.97,-0.0024,0.0518,"Atlanta-Sandy Springs-Alpharetta, GA"
2188,Cherokee County,GA,201902,1378.47,0.0069,0.0532,"Atlanta-Sandy Springs-Alpharetta, GA"
2188,Cherokee County,GA,201903,1384.61,0.0045,0.0459,"Atlanta-Sandy Springs-Alpharetta, GA"
2188,Cherokee County,GA,201904,1398.98,0.0104,0.0454,"Atlanta-Sandy Springs-Alpharetta, GA"
2188,Cherokee County,GA,201905,1419.84,0.0149,0.0519,"Atlanta-Sandy Springs-Alpharetta, GA"
2188,Cherokee County,GA,201906,1432.17,0.0087,0.054,"Atlanta-Sandy Springs-Alpharetta, GA"
2188,Cherokee County,GA,201907,1434.74,0.0018,0.0589,"Atlanta-Sandy Springs-Alpharetta, GA"
2188,Cherokee County,GA,201908,1432.98,-0.0012,0.056,"Atlanta-Sandy Springs-Alpharetta, GA"
2188,Cherokee County,GA,201909,1434.63,0.0012,0.0634,"Atlanta-Sandy Springs-Alpharetta, GA"
2188,Cherokee County,GA,201910,1431.2,-0.0024,0.0516,"Atlanta-Sandy Springs-Alpharetta, GA"
2188,Cherokee County,GA,201911,1431.17,-0.0,0.0529,"Atlanta-Sandy Springs-Alpharetta, GA"
2188,Cherokee County,GA,201912,1417.06,-0.0099,0.0326,"Atlanta-Sandy Springs-Alpharetta, GA"
2188,Cherokee County,GA,202001,1418.53,0.001,0.0362,"Atlanta-Sandy Springs-Alpharetta, GA"
2188,Cherokee County,GA,202002,1421.3,0.0019,0.0311,"Atlanta-Sandy Springs-Alpharetta, GA"
2188,Cherokee County,GA,202003,1435.34,0.0099,0.0366,"Atlanta-Sandy Springs-Alpharetta, GA"
2188,Cherokee County,GA,202004,1441.0,0.0039,0.03,"Atlanta-Sandy Springs-Alpharetta, GA"
2188,Cherokee County,GA,202005,1441.58,0.0004,0.0153,"Atlanta-Sandy Springs-Alpharetta, GA"
2188,Cherokee County,GA,202006,1453.45,0.0082,0.0149,"Atlanta-Sandy Springs-Alpharetta, GA"
2188,Cherokee County,GA,202007,1468.87,0.0106,0.0238,"Atlanta-Sandy Springs-Alpharetta, GA"
2188,Cherokee County,GA,202008,1490.83,0.0149,0.0404,"Atlanta-Sandy Springs-Alpharetta, GA"
2188,Cherokee County,GA,202009,1514.16,0.0156,0.0554,"Atlanta-Sandy Springs-Alpharetta, GA"
2188,Cherokee County,GA,202010,1529.88,0.0104,0.069,"Atlanta-Sandy Springs-Alpharetta, GA"
2188,Cherokee County,GA,202011,1538.09,0.0054,0.0747,"Atlanta-Sandy Springs-Alpharetta, GA"
2188,Cherokee County,GA,202012,1543.53,0.0035,0.0892,"Atlanta-Sandy Springs-Alpharetta, GA"
2188,Cherokee County,GA,202101,1549.94,0.0042,0.0926,"Atlanta-Sandy Springs-Alpharetta, GA"
2188,Cherokee County,GA,202102,1560.78,0.007,0.0981,"Atlanta-Sandy Springs-Alpharetta, GA"
2188,Cherokee County,GA,202103,1578.69,0.0115,0.0999,"Atlanta-Sandy Springs-Alpharetta, GA"
2188,Cherokee County,GA,202104,1613.44,0.022,0.1197,"Atlanta-Sandy Springs-Alpharetta, GA"
2188,Cherokee County,GA,202105,1654.76,0.0256,0.1479,"Atlanta-Sandy Springs-Alpharetta, GA"
2188,Cherokee County,GA,202106,1681.62,0.0162,0.157,"Atlanta-Sandy Springs-Alpharetta, GA"
2188,Cherokee County,GA,202107,1720.55,0.0231,0.1713,"Atlanta-Sandy Springs-Alpharetta, GA"
2188,Cherokee County,GA,202108,1754.41,0.0197,0.1768,"Atlanta-Sandy Springs-Alpharetta, GA"
2188,Cherokee County,GA,202109,1785.06,0.0175,0.1789,"Atlanta-Sandy Springs-Alpharetta, GA"
2188,Cherokee County,GA,202110,1810.29,0.0141,0.1833,"Atlanta-Sandy Springs-Alpharetta, GA"
2188,Cherokee County,GA,202111,1822.98,0.007,0.1852,"Atlanta-Sandy Springs-Alpharetta, GA"
2188,Cherokee County,GA,202112,1826.89,0.0021,0.1836,"Atlanta-Sandy Springs-Alpharetta, GA"
2188,Cherokee County,GA,202201,1822.35,-0.0025,0.1758,"Atlanta-Sandy Springs-Alpharetta, GA"
2188,Cherokee County,GA,202202,1834.5,0.0067,0.1754,"Atlanta-Sandy Springs-Alpharetta, GA"
2188,Cherokee County,GA,202203,1857.2,0.0124,0.1764,"Atlanta-Sandy Springs-Alpharetta, GA"
2188,Cherokee County,GA,202204,1872.05,0.008,0.1603,"Atlanta-Sandy Springs-Alpharetta, GA"
2188,Cherokee County,GA,202205,1882.41,0.0055,0.1376,"Atlanta-Sandy Springs-Alpharetta, GA"
2188,Cherokee County,GA,202206,1905.37,0.0122,0.1331,"Atlanta-Sandy Springs-Alpharetta, GA"
2188,Cherokee County,GA,202207,1935.49,0.0158,0.1249,"Atlanta-Sandy Springs-Alpharetta, GA"
2188,Cherokee County,GA,202208,1950.39,0.0077,0.1117,"Atlanta-Sandy Springs-Alpharetta, GA"
2188,Cherokee County,GA,202209,1944.61,-0.003,0.0894,"Atlanta-Sandy Springs-Alpharetta, GA"
2188,Cherokee County,GA,202210,1922.07,-0.0116,0.0617,"Atlanta-Sandy Springs-Alpharetta, GA"
2188,Cherokee County,GA,202211,1911.52,-0.0055,0.0486,"Atlanta-Sandy Springs-Alpharetta, GA"
2188,Cherokee County,GA,202212,1907.48,-0.0021,0.0441,"Atlanta-Sandy Springs-Alpharetta, GA"
2188,Cherokee County,GA,202301,1901.76,-0.003,0.0436,"Atlanta-Sandy Springs-Alpharetta, GA"
2188,Cherokee County,GA,202302,1897.96,-0.002,0.0346,"Atlanta-Sandy Springs-Alpharetta, GA"
2188,Cherokee County,GA,202303,1914.29,0.0086,0.0307,"Atlanta-Sandy Springs-Alpharetta, GA"
2188,Cherokee County,GA,202304,1926.68,0.0065,0.0292,"Atlanta-Sandy Springs-Alpharetta, GA"
2188,Cherokee County,GA,202305,1941.79,0.0078,0.0315,"Atlanta-Sandy Springs-Alpharetta, GA"
2188,Cherokee County,GA,202306,1937.21,-0.0024,0.0167,"Atlanta-Sandy Springs-Alpharetta, GA"
2188,Cherokee County,GA,202307,1944.02,0.0035,0.0044,"Atlanta-Sandy Springs-Alpharetta, GA"
2188,Cherokee County,GA,202308,1946.26,0.0012,-0.0021,"Atlanta-Sandy Springs-Alpharetta, GA"
2188,Cherokee County,GA,202309,1944.94,-0.0007,0.0002,"Atlanta-Sandy Springs-Alpharetta, GA"
2188,Cherokee County,GA,202310,1948.61,0.0019,0.0138,"Atlanta-Sandy Springs-Alpharetta, GA"
2188,Cherokee County,GA,202311,1945.28,-0.0017,0.0177,"Atlanta-Sandy Springs-Alpharetta, GA"
2188,Cherokee County,GA,202312,1954.14,0.0045,0.0245,"Atlanta-Sandy Springs-Alpharetta, GA"
2188,Cherokee County,GA,202401,1958.94,0.0025,0.0301,"Atlanta-Sandy Springs-Alpharetta, GA"
2188,Cherokee County,GA,202402,1966.67,0.0039,0.0362,"Atlanta-Sandy Springs-Alpharetta, GA"
2188,Cherokee County,GA,202403,1974.63,0.004,0.0315,"Atlanta-Sandy Springs-Alpharetta, GA"
2188,Cherokee County,GA,202404,1980.64,0.003,0.028,"Atlanta-Sandy Springs-Alpharetta, GA"
2188,Cherokee County,GA,202405,1988.27,0.0038,0.0239,"Atlanta-Sandy Springs-Alpharetta, GA"
2188,Cherokee County,GA,202406,2002.8,0.0073,0.0339,"Atlanta-Sandy Springs-Alpharetta, GA"
2188,Cherokee County,GA,202407,2007.15,0.0022,0.0325,"Atlanta-Sandy Springs-Alpharetta, GA"
2188,Cherokee County,GA,202408,2018.43,0.0056,0.0371,"Atlanta-Sandy Springs-Alpharetta, GA"
2188,Cherokee County,GA,202409,2007.05,-0.0056,0.0319,"Atlanta-Sandy Springs-Alpharetta, GA"
2188,Cherokee County,GA,202410,2003.42,-0.0018,0.0281,"Atlanta-Sandy Springs-Alpharetta, GA"
2188,Cherokee County,GA,202411,1986.24,-0.0086,0.0211,"Atlanta-Sandy Springs-Alpharetta, GA"
2188,Cherokee County,GA,202412,1982.01,-0.0021,0.0143,"Atlanta-Sandy Springs-Alpharetta, GA"
2188,Cherokee County,GA,202501,1974.17,-0.004,0.0078,"Atlanta-Sandy Springs-Alpharetta, GA"
2188,Cherokee County,GA,202502,1983.89,0.0049,0.0088,"Atlanta-Sandy Springs-Alpharetta, GA"
2188,Cherokee County,GA,202503,1996.22,0.0062,0.0109,"Atlanta-Sandy Springs-Alpharetta, GA"
2188,Cherokee County,GA,202504,2005.4,0.0046,0.0125,"Atlanta-Sandy Springs-Alpharetta, GA"
2188,Cherokee County,GA,202505,2011.38,0.003,0.0116,"Atlanta-Sandy Springs-Alpharetta, GA"
2188,Cherokee County,GA,202506,2015.83,0.0022,0.0065,"Atlanta-Sandy Springs-Alpharetta, GA"
2188,Cherokee County,GA,202507,2025.59,0.0048,0.0092,"Atlanta-Sandy Springs-Alpharetta, GA"
2188,Cherokee County,GA,202508,2028.45,0.0014,0.005,"Atlanta-Sandy Springs-Alpharetta, GA"
2188,Cherokee County,GA,202509,2022.72,-0.0028,0.0078,"Atlanta-Sandy Springs-Alpharetta, GA"
2188,Cherokee County,GA,202510,2015.51,-0.0036,0.006,"Atlanta-Sandy Springs-Alpharetta, GA"
2188,Cherokee County,GA,202511,1997.93,-0.0087,0.0059,"Atlanta-Sandy Springs-Alpharetta, GA"
2188,Cherokee County,GA,202512,1989.47,-0.0042,0.0038,"Atlanta-Sandy Springs-Alpharetta, GA"
2188,Cherokee County,GA,202601,1999.23,0.0049,0.0127,"Atlanta-Sandy Springs-Alpharetta, GA"
2188,Cherokee County,GA,202602,2008.58,0.0047,0.0124,"Atlanta-Sandy Springs-Alpharetta, GA"
2188,Cherokee County,GA,202603,2015.71,0.0035,0.0098,"Atlanta-Sandy Springs-Alpharetta, GA"
2188,Cherokee County,GA,202604,2020.63,0.0024,0.0076,"Atlanta-Sandy Springs-Alpharetta, GA"
2188,Cherokee County,GA,202605,2032.73,0.006,0.0106,"Atlanta-Sandy Springs-Alpharetta, GA"
2188,Cherokee County,GA,202606,2048.12,0.0076,0.016,"Atlanta-Sandy Springs-Alpharetta, GA"
2188,Cherokee County,GA,202607,2048.67,0.0003,0.0114,"Atlanta-Sandy Springs-Alpharetta, GA"
2188,Cherokee County,GA,202608,2052.53,0.0019,0.0119,"Atlanta-Sandy Springs-Alpharetta, GA"
2213,Columbia County,GA,201501,995.71,,,"Augusta-Richmond County, GA-SC"
2213,Columbia County,GA,201502,1001.93,0.0062,,"Augusta-Richmond County, GA-SC"
2213,Columbia County,GA,201503,1009.82,0.0079,,"Augusta-Richmond County, GA-SC"
2213,Columbia County,GA,201504,1011.9,0.0021,,"Augusta-Richmond County, GA-SC"
2213,Columbia County,GA,201505,1017.29,0.0053,,"Augusta-Richmond County, GA-SC"
2213,Columbia County,GA,201506,1018.88,0.0016,,"Augusta-Richmond County, GA-SC"
2213,Columbia County,GA,201507,1015.75,-0.0031,,"Augusta-Richmond County, GA-SC"
2213,Columbia County,GA,201508,1015.24,-0.0005,,"Augusta-Richmond County, GA-SC"
2213,Columbia County,GA,201509,1017.19,0.0019,,"Augusta-Richmond County, GA-SC"
2213,Columbia County,GA,201510,1017.16,-0.0,,"Augusta-Richmond County, GA-SC"
2213,Columbia County,GA,201511,1014.31,-0.0028,,"Augusta-Richmond County, GA-SC"
2213,Columbia County,GA,201512,1013.08,-0.0012,,"Augusta-Richmond County, GA-SC"
2213,Columbia County,GA,201601,1014.78,0.0017,0.0192,"Augusta-Richmond County, GA-SC"
2213,Columbia County,GA,201602,1022.89,0.008,0.0209,"Augusta-Richmond County, GA-SC"
2213,Columbia County,GA,201603,1028.07,0.0051,0.0181,"Augusta-Richmond County, GA-SC"
2213,Columbia County,GA,201604,1033.3,0.0051,0.0211,"Augusta-Richmond County, GA-SC"
2213,Columbia County,GA,201605,1038.23,0.0048,0.0206,"Augusta-Richmond County, GA-SC"
2213,Columbia County,GA,201606,1046.1,0.0076,0.0267,"Augusta-Richmond County, GA-SC"
2213,Columbia County,GA,201607,1046.87,0.0007,0.0306,"Augusta-Richmond County, GA-SC"
2213,Columbia County,GA,201608,1042.23,-0.0044,0.0266,"Augusta-Richmond County, GA-SC"
2213,Columbia County,GA,201609,1036.86,-0.0052,0.0193,"Augusta-Richmond County, GA-SC"
2213,Columbia County,GA,201610,1034.12,-0.0026,0.0167,"Augusta-Richmond County, GA-SC"
2213,Columbia County,GA,201611,1028.22,-0.0057,0.0137,"Augusta-Richmond County, GA-SC"
2213,Columbia County,GA,201612,1030.06,0.0018,0.0168,"Augusta-Richmond County, GA-SC"
2213,Columbia County,GA,201701,1035.17,0.005,0.0201,"Augusta-Richmond County, GA-SC"
2213,Columbia County,GA,201702,1044.47,0.009,0.0211,"Augusta-Richmond County, GA-SC"
2213,Columbia County,GA,201703,1048.68,0.004,0.02,"Augusta-Richmond County, GA-SC"
2213,Columbia County,GA,201704,1053.56,0.0047,0.0196,"Augusta-Richmond County, GA-SC"
2213,Columbia County,GA,201705,1062.84,0.0088,0.0237,"Augusta-Richmond County, GA-SC"
2213,Columbia County,GA,201706,1067.53,0.0044,0.0205,"Augusta-Richmond County, GA-SC"
2213,Columbia County,GA,201707,1071.07,0.0033,0.0231,"Augusta-Richmond County, GA-SC"
2213,Columbia County,GA,201708,1069.84,-0.0011,0.0265,"Augusta-Richmond County, GA-SC"
2213,Columbia County,GA,201709,1072.13,0.0021,0.034,"Augusta-Richmond County, GA-SC"
2213,Columbia County,GA,201710,1073.3,0.0011,0.0379,"Augusta-Richmond County, GA-SC"
2213,Columbia County,GA,201711,1073.22,-0.0001,0.0438,"Augusta-Richmond County, GA-SC"
2213,Columbia County,GA,201712,1070.06,-0.0029,0.0388,"Augusta-Richmond County, GA-SC"
2213,Columbia County,GA,201801,1072.91,0.0027,0.0365,"Augusta-Richmond County, GA-SC"
2213,Columbia County,GA,201802,1075.13,0.0021,0.0294,"Augusta-Richmond County, GA-SC"
2213,Columbia County,GA,201803,1085.76,0.0099,0.0354,"Augusta-Richmond County, GA-SC"
2213,Columbia County,GA,201804,1092.17,0.0059,0.0366,"Augusta-Richmond County, GA-SC"
2213,Columbia County,GA,201805,1103.31,0.0102,0.0381,"Augusta-Richmond County, GA-SC"
2213,Columbia County,GA,201806,1107.51,0.0038,0.0375,"Augusta-Richmond County, GA-SC"
2213,Columbia County,GA,201807,1106.99,-0.0005,0.0335,"Augusta-Richmond County, GA-SC"
2213,Columbia County,GA,201808,1103.56,-0.0031,0.0315,"Augusta-Richmond County, GA-SC"
2213,Columbia County,GA,201809,1104.59,0.0009,0.0303,"Augusta-Richmond County, GA-SC"
2213,Columbia County,GA,201810,1101.57,-0.0027,0.0263,"Augusta-Richmond County, GA-SC"
2213,Columbia County,GA,201811,1099.74,-0.0017,0.0247,"Augusta-Richmond County, GA-SC"
2213,Columbia County,GA,201812,1097.31,-0.0022,0.0255,"Augusta-Richmond County, GA-SC"
2213,Columbia County,GA,201901,1105.6,0.0076,0.0305,"Augusta-Richmond County, GA-SC"
2213,Columbia County,GA,201902,1116.06,0.0095,0.0381,"Augusta-Richmond County, GA-SC"
2213,Columbia County,GA,201903,1122.5,0.0058,0.0338,"Augusta-Richmond County, GA-SC"
2213,Columbia County,GA,201904,1130.3,0.0069,0.0349,"Augusta-Richmond County, GA-SC"
2213,Columbia County,GA,201905,1140.7,0.0092,0.0339,"Augusta-Richmond County, GA-SC"
2213,Columbia County,GA,201906,1147.09,0.0056,0.0357,"Augusta-Richmond County, GA-SC"
2213,Columbia County,GA,201907,1151.38,0.0037,0.0401,"Augusta-Richmond County, GA-SC"
2213,Columbia County,GA,201908,1147.58,-0.0033,0.0399,"Augusta-Richmond County, GA-SC"
2213,Columbia County,GA,201909,1153.63,0.0053,0.0444,"Augusta-Richmond County, GA-SC"
2213,Columbia County,GA,201910,1150.52,-0.0027,0.0444,"Augusta-Richmond County, GA-SC"
2213,Columbia County,GA,201911,1154.82,0.0037,0.0501,"Augusta-Richmond County, GA-SC"
2213,Columbia County,GA,201912,1153.63,-0.001,0.0513,"Augusta-Richmond County, GA-SC"
2213,Columbia County,GA,202001,1160.93,0.0063,0.05,"Augusta-Richmond County, GA-SC"
2213,Columbia County,GA,202002,1167.23,0.0054,0.0459,"Augusta-Richmond County, GA-SC"
2213,Columbia County,GA,202003,1172.21,0.0043,0.0443,"Augusta-Richmond County, GA-SC"
2213,Columbia County,GA,202004,1182.08,0.0084,0.0458,"Augusta-Richmond County, GA-SC"
2213,Columbia County,GA,202005,1200.31,0.0154,0.0523,"Augusta-Richmond County, GA-SC"
2213,Columbia County,GA,202006,1213.96,0.0114,0.0583,"Augusta-Richmond County, GA-SC"
2213,Columbia County,GA,202007,1232.38,0.0152,0.0703,"Augusta-Richmond County, GA-SC"
2213,Columbia County,GA,202008,1242.29,0.008,0.0825,"Augusta-Richmond County, GA-SC"
2213,Columbia County,GA,202009,1255.95,0.011,0.0887,"Augusta-Richmond County, GA-SC"
2213,Columbia County,GA,202010,1262.42,0.0052,0.0973,"Augusta-Richmond County, GA-SC"
2213,Columbia County,GA,202011,1257.02,-0.0043,0.0885,"Augusta-Richmond County, GA-SC"
2213,Columbia County,GA,202012,1253.45,-0.0028,0.0865,"Augusta-Richmond County, GA-SC"
2213,Columbia County,GA,202101,1251.66,-0.0014,0.0782,"Augusta-Richmond County, GA-SC"
2213,Columbia County,GA,202102,1257.03,0.0043,0.0769,"Augusta-Richmond County, GA-SC"
2213,Columbia County,GA,202103,1277.12,0.016,0.0895,"Augusta-Richmond County, GA-SC"
2213,Columbia County,GA,202104,1297.86,0.0162,0.0979,"Augusta-Richmond County, GA-SC"
2213,Columbia County,GA,202105,1319.46,0.0166,0.0993,"Augusta-Richmond County, GA-SC"
2213,Columbia County,GA,202106,1334.9,0.0117,0.0996,"Augusta-Richmond County, GA-SC"
2213,Columbia County,GA,202107,1346.93,0.009,0.093,"Augusta-Richmond County, GA-SC"
2213,Columbia County,GA,202108,1369.09,0.0165,0.1021,"Augusta-Richmond County, GA-SC"
2213,Columbia County,GA,202109,1387.23,0.0133,0.1045,"Augusta-Richmond County, GA-SC"
2213,Columbia County,GA,202110,1403.09,0.0114,0.1114,"Augusta-Richmond County, GA-SC"
2213,Columbia County,GA,202111,1420.28,0.0123,0.1299,"Augusta-Richmond County, GA-SC"
2213,Columbia County,GA,202112,1424.83,0.0032,0.1367,"Augusta-Richmond County, GA-SC"
2213,Columbia County,GA,202201,1426.56,0.0012,0.1397,"Augusta-Richmond County, GA-SC"
2213,Columbia County,GA,202202,1430.02,0.0024,0.1376,"Augusta-Richmond County, GA-SC"
2213,Columbia County,GA,202203,1458.5,0.0199,0.142,"Augusta-Richmond County, GA-SC"
2213,Columbia County,GA,202204,1476.72,0.0125,0.1378,"Augusta-Richmond County, GA-SC"
2213,Columbia County,GA,202205,1494.06,0.0117,0.1323,"Augusta-Richmond County, GA-SC"
2213,Columbia County,GA,202206,1494.2,0.0001,0.1193,"Augusta-Richmond County, GA-SC"
2213,Columbia County,GA,202207,1507.52,0.0089,0.1192,"Augusta-Richmond County, GA-SC"
2213,Columbia County,GA,202208,1503.41,-0.0027,0.0981,"Augusta-Richmond County, GA-SC"
2213,Columbia County,GA,202209,1502.34,-0.0007,0.083,"Augusta-Richmond County, GA-SC"
2213,Columbia County,GA,202210,1493.24,-0.0061,0.0643,"Augusta-Richmond County, GA-SC"
2213,Columbia County,GA,202211,1494.13,0.0006,0.052,"Augusta-Richmond County, GA-SC"
2213,Columbia County,GA,202212,1489.64,-0.003,0.0455,"Augusta-Richmond County, GA-SC"
2213,Columbia County,GA,202301,1495.25,0.0038,0.0482,"Augusta-Richmond County, GA-SC"
2213,Columbia County,GA,202302,1497.58,0.0016,0.0472,"Augusta-Richmond County, GA-SC"
2213,Columbia County,GA,202303,1512.1,0.0097,0.0368,"Augusta-Richmond County, GA-SC"
2213,Columbia County,GA,202304,1529.26,0.0114,0.0356,"Augusta-Richmond County, GA-SC"
2213,Columbia County,GA,202305,1552.31,0.0151,0.039,"Augusta-Richmond County, GA-SC"
2213,Columbia County,GA,202306,1559.21,0.0044,0.0435,"Augusta-Richmond County, GA-SC"
2213,Columbia County,GA,202307,1564.53,0.0034,0.0378,"Augusta-Richmond County, GA-SC"
2213,Columbia County,GA,202308,1563.35,-0.0008,0.0399,"Augusta-Richmond County, GA-SC"
2213,Columbia County,GA,202309,1564.73,0.0009,0.0415,"Augusta-Richmond County, GA-SC"
2213,Columbia County,GA,202310,1561.07,-0.0023,0.0454,"Augusta-Richmond County, GA-SC"
2213,Columbia County,GA,202311,1553.59,-0.0048,0.0398,"Augusta-Richmond County, GA-SC"
2213,Columbia County,GA,202312,1560.85,0.0047,0.0478,"Augusta-Richmond County, GA-SC"
2213,Columbia County,GA,202401,1561.7,0.0005,0.0444,"Augusta-Richmond County, GA-SC"
2213,Columbia County,GA,202402,1569.11,0.0047,0.0478,"Augusta-Richmond County, GA-SC"
2213,Columbia County,GA,202403,1568.06,-0.0007,0.037,"Augusta-Richmond County, GA-SC"
2213,Columbia County,GA,202404,1588.87,0.0133,0.039,"Augusta-Richmond County, GA-SC"
2213,Columbia County,GA,202405,1598.08,0.0058,0.0295,"Augusta-Richmond County, GA-SC"
2213,Columbia County,GA,202406,1612.03,0.0087,0.0339,"Augusta-Richmond County, GA-SC"
2213,Columbia County,GA,202407,1610.75,-0.0008,0.0295,"Augusta-Richmond County, GA-SC"
2213,Columbia County,GA,202408,1621.06,0.0064,0.0369,"Augusta-Richmond County, GA-SC"
2213,Columbia County,GA,202409,1623.84,0.0017,0.0378,"Augusta-Richmond County, GA-SC"
2213,Columbia County,GA,202410,1628.3,0.0027,0.0431,"Augusta-Richmond County, GA-SC"
2213,Columbia County,GA,202411,1632.67,0.0027,0.0509,"Augusta-Richmond County, GA-SC"
2213,Columbia County,GA,202412,1629.76,-0.0018,0.0441,"Augusta-Richmond County, GA-SC"
2213,Columbia County,GA,202501,1637.36,0.0047,0.0484,"Augusta-Richmond County, GA-SC"
2213,Columbia County,GA,202502,1647.04,0.0059,0.0497,"Augusta-Richmond County, GA-SC"
2213,Columbia County,GA,202503,1668.39,0.013,0.064,"Augusta-Richmond County, GA-SC"
2213,Columbia County,GA,202504,1678.52,0.0061,0.0564,"Augusta-Richmond County, GA-SC"
2213,Columbia County,GA,202505,1683.92,0.0032,0.0537,"Augusta-Richmond County, GA-SC"
2213,Columbia County,GA,202506,1687.53,0.0021,0.0468,"Augusta-Richmond County, GA-SC"
2213,Columbia County,GA,202507,1691.12,0.0021,0.0499,"Augusta-Richmond County, GA-SC"
2213,Columbia County,GA,202508,1696.27,0.003,0.0464,"Augusta-Richmond County, GA-SC"
2213,Columbia County,GA,202509,1705.35,0.0054,0.0502,"Augusta-Richmond County, GA-SC"
2213,Columbia County,GA,202510,1700.06,-0.0031,0.0441,"Augusta-Richmond County, GA-SC"
2213,Columbia County,GA,202511,1689.0,-0.0065,0.0345,"Augusta-Richmond County, GA-SC"
2213,Columbia County,GA,202512,1670.89,-0.0107,0.0252,"Augusta-Richmond County, GA-SC"
2213,Columbia County,GA,202601,1672.85,0.0012,0.0217,"Augusta-Richmond County, GA-SC"
2213,Columbia County,GA,202602,1674.89,0.0012,0.0169,"Augusta-Richmond County, GA-SC"
2213,Columbia County,GA,202603,1685.93,0.0066,0.0105,"Augusta-Richmond County, GA-SC"
2213,Columbia County,GA,202604,1690.58,0.0028,0.0072,"Augusta-Richmond County, GA-SC"
2213,Columbia County,GA,202605,1699.13,0.0051,0.009,"Augusta-Richmond County, GA-SC"
2213,Columbia County,GA,202606,1705.02,0.0035,0.0104,"Augusta-Richmond County, GA-SC"
2213,Columbia County,GA,202607,1713.9,0.0052,0.0135,"Augusta-Richmond County, GA-SC"
2213,Columbia County,GA,202608,1735.52,0.0126,0.0231,"Augusta-Richmond County, GA-SC"
2314,Gwinnett County,GA,201501,1034.91,,,"Atlanta-Sandy Springs-Alpharetta, GA"
2314,Gwinnett County,GA,201502,1038.24,0.0032,,"Atlanta-Sandy Springs-Alpharetta, GA"
2314,Gwinnett County,GA,201503,1042.11,0.0037,,"Atlanta-Sandy Springs-Alpharetta, GA"
2314,Gwinnett County,GA,201504,1050.98,0.0085,,"Atlanta-Sandy Springs-Alpharetta, GA"
2314,Gwinnett County,GA,201505,1059.78,0.0084,,"Atlanta-Sandy Springs-Alpharetta, GA"
2314,Gwinnett County,GA,201506,1068.75,0.0085,,"Atlanta-Sandy Springs-Alpharetta, GA"
2314,Gwinnett County,GA,201507,1075.66,0.0065,,"Atlanta-Sandy Springs-Alpharetta, GA"
2314,Gwinnett County,GA,201508,1077.91,0.0021,,"Atlanta-Sandy Springs-Alpharetta, GA"
2314,Gwinnett County,GA,201509,1079.91,0.0018,,"Atlanta-Sandy Springs-Alpharetta, GA"
2314,Gwinnett County,GA,201510,1082.37,0.0023,,"Atlanta-Sandy Springs-Alpharetta, GA"
2314,Gwinnett County,GA,201511,1085.54,0.0029,,"Atlanta-Sandy Springs-Alpharetta, GA"
2314,Gwinnett County,GA,201512,1085.79,0.0002,,"Atlanta-Sandy Springs-Alpharetta, GA"
2314,Gwinnett County,GA,201601,1084.7,-0.001,0.0481,"Atlanta-Sandy Springs-Alpharetta, GA"
2314,Gwinnett County,GA,201602,1090.9,0.0057,0.0507,"Atlanta-Sandy Springs-Alpharetta, GA"
2314,Gwinnett County,GA,201603,1099.71,0.0081,0.0553,"Atlanta-Sandy Springs-Alpharetta, GA"
2314,Gwinnett County,GA,201604,1110.28,0.0096,0.0564,"Atlanta-Sandy Springs-Alpharetta, GA"
2314,Gwinnett County,GA,201605,1117.04,0.0061,0.054,"Atlanta-Sandy Springs-Alpharetta, GA"
2314,Gwinnett County,GA,201606,1124.2,0.0064,0.0519,"Atlanta-Sandy Springs-Alpharetta, GA"
2314,Gwinnett County,GA,201607,1129.11,0.0044,0.0497,"Atlanta-Sandy Springs-Alpharetta, GA"
2314,Gwinnett County,GA,201608,1130.9,0.0016,0.0492,"Atlanta-Sandy Springs-Alpharetta, GA"
2314,Gwinnett County,GA,201609,1133.09,0.0019,0.0493,"Atlanta-Sandy Springs-Alpharetta, GA"
2314,Gwinnett County,GA,201610,1131.91,-0.001,0.0458,"Atlanta-Sandy Springs-Alpharetta, GA"
2314,Gwinnett County,GA,201611,1131.05,-0.0008,0.0419,"Atlanta-Sandy Springs-Alpharetta, GA"
2314,Gwinnett County,GA,201612,1130.73,-0.0003,0.0414,"Atlanta-Sandy Springs-Alpharetta, GA"
2314,Gwinnett County,GA,201701,1134.96,0.0037,0.0463,"Atlanta-Sandy Springs-Alpharetta, GA"
2314,Gwinnett County,GA,201702,1143.77,0.0078,0.0485,"Atlanta-Sandy Springs-Alpharetta, GA"
2314,Gwinnett County,GA,201703,1154.18,0.0091,0.0495,"Atlanta-Sandy Springs-Alpharetta, GA"
2314,Gwinnett County,GA,201704,1166.32,0.0105,0.0505,"Atlanta-Sandy Springs-Alpharetta, GA"
2314,Gwinnett County,GA,201705,1176.85,0.009,0.0535,"Atlanta-Sandy Springs-Alpharetta, GA"
2314,Gwinnett County,GA,201706,1187.3,0.0089,0.0561,"Atlanta-Sandy Springs-Alpharetta, GA"
2314,Gwinnett County,GA,201707,1193.58,0.0053,0.0571,"Atlanta-Sandy Springs-Alpharetta, GA"
2314,Gwinnett County,GA,201708,1196.15,0.0022,0.0577,"Atlanta-Sandy Springs-Alpharetta, GA"
2314,Gwinnett County,GA,201709,1195.72,-0.0004,0.0553,"Atlanta-Sandy Springs-Alpharetta, GA"
2314,Gwinnett County,GA,201710,1193.29,-0.002,0.0542,"Atlanta-Sandy Springs-Alpharetta, GA"
2314,Gwinnett County,GA,201711,1196.61,0.0028,0.058,"Atlanta-Sandy Springs-Alpharetta, GA"
2314,Gwinnett County,GA,201712,1198.39,0.0015,0.0598,"Atlanta-Sandy Springs-Alpharetta, GA"
2314,Gwinnett County,GA,201801,1208.47,0.0084,0.0648,"Atlanta-Sandy Springs-Alpharetta, GA"
2314,Gwinnett County,GA,201802,1213.66,0.0043,0.0611,"Atlanta-Sandy Springs-Alpharetta, GA"
2314,Gwinnett County,GA,201803,1225.4,0.0097,0.0617,"Atlanta-Sandy Springs-Alpharetta, GA"
2314,Gwinnett County,GA,201804,1230.06,0.0038,0.0546,"Atlanta-Sandy Springs-Alpharetta, GA"
2314,Gwinnett County,GA,201805,1239.78,0.0079,0.0535,"Atlanta-Sandy Springs-Alpharetta, GA"
2314,Gwinnett County,GA,201806,1244.37,0.0037,0.0481,"Atlanta-Sandy Springs-Alpharetta, GA"
2314,Gwinnett County,GA,201807,1252.25,0.0063,0.0492,"Atlanta-Sandy Springs-Alpharetta, GA"
2314,Gwinnett County,GA,201808,1252.72,0.0004,0.0473,"Atlanta-Sandy Springs-Alpharetta, GA"
2314,Gwinnett County,GA,201809,1257.03,0.0034,0.0513,"Atlanta-Sandy Springs-Alpharetta, GA"
2314,Gwinnett County,GA,201810,1258.14,0.0009,0.0543,"Atlanta-Sandy Springs-Alpharetta, GA"
2314,Gwinnett County,GA,201811,1264.02,0.0047,0.0563,"Atlanta-Sandy Springs-Alpharetta, GA"
2314,Gwinnett County,GA,201812,1265.74,0.0014,0.0562,"Atlanta-Sandy Springs-Alpharetta, GA"
2314,Gwinnett County,GA,201901,1272.27,0.0052,0.0528,"Atlanta-Sandy Springs-Alpharetta, GA"
2314,Gwinnett County,GA,201902,1279.23,0.0055,0.054,"Atlanta-Sandy Springs-Alpharetta, GA"
2314,Gwinnett County,GA,201903,1291.51,0.0096,0.054,"Atlanta-Sandy Springs-Alpharetta, GA"
2314,Gwinnett County,GA,201904,1299.14,0.0059,0.0562,"Atlanta-Sandy Springs-Alpharetta, GA"
2314,Gwinnett County,GA,201905,1305.81,0.0051,0.0533,"Atlanta-Sandy Springs-Alpharetta, GA"
2314,Gwinnett County,GA,201906,1308.9,0.0024,0.0519,"Atlanta-Sandy Springs-Alpharetta, GA"
2314,Gwinnett County,GA,201907,1311.38,0.0019,0.0472,"Atlanta-Sandy Springs-Alpharetta, GA"
2314,Gwinnett County,GA,201908,1314.63,0.0025,0.0494,"Atlanta-Sandy Springs-Alpharetta, GA"
2314,Gwinnett County,GA,201909,1313.64,-0.0007,0.045,"Atlanta-Sandy Springs-Alpharetta, GA"
2314,Gwinnett County,GA,201910,1314.0,0.0003,0.0444,"Atlanta-Sandy Springs-Alpharetta, GA"
2314,Gwinnett County,GA,201911,1311.89,-0.0016,0.0379,"Atlanta-Sandy Springs-Alpharetta, GA"
2314,Gwinnett County,GA,201912,1315.24,0.0026,0.0391,"Atlanta-Sandy Springs-Alpharetta, GA"
2314,Gwinnett County,GA,202001,1323.18,0.006,0.04,"Atlanta-Sandy Springs-Alpharetta, GA"
2314,Gwinnett County,GA,202002,1329.95,0.0051,0.0397,"Atlanta-Sandy Springs-Alpharetta, GA"
2314,Gwinnett County,GA,202003,1340.76,0.0081,0.0381,"Atlanta-Sandy Springs-Alpharetta, GA"
2314,Gwinnett County,GA,202004,1341.89,0.0008,0.0329,"Atlanta-Sandy Springs-Alpharetta, GA"
2314,Gwinnett County,GA,202005,1341.94,0.0,0.0277,"Atlanta-Sandy Springs-Alpharetta, GA"
2314,Gwinnett County,GA,202006,1345.74,0.0028,0.0281,"Atlanta-Sandy Springs-Alpharetta, GA"
2314,Gwinnett County,GA,202007,1361.57,0.0118,0.0383,"Atlanta-Sandy Springs-Alpharetta, GA"
2314,Gwinnett County,GA,202008,1384.07,0.0165,0.0528,"Atlanta-Sandy Springs-Alpharetta, GA"
2314,Gwinnett County,GA,202009,1399.03,0.0108,0.065,"Atlanta-Sandy Springs-Alpharetta, GA"
2314,Gwinnett County,GA,202010,1409.1,0.0072,0.0724,"Atlanta-Sandy Springs-Alpharetta, GA"
2314,Gwinnett County,GA,202011,1411.51,0.0017,0.0759,"Atlanta-Sandy Springs-Alpharetta, GA"
2314,Gwinnett County,GA,202012,1419.26,0.0055,0.0791,"Atlanta-Sandy Springs-Alpharetta, GA"
2314,Gwinnett County,GA,202101,1435.44,0.0114,0.0848,"Atlanta-Sandy Springs-Alpharetta, GA"
2314,Gwinnett County,GA,202102,1460.48,0.0174,0.0981,"Atlanta-Sandy Springs-Alpharetta, GA"
2314,Gwinnett County,GA,202103,1481.5,0.0144,0.105,"Atlanta-Sandy Springs-Alpharetta, GA"
2314,Gwinnett County,GA,202104,1502.7,0.0143,0.1198,"Atlanta-Sandy Springs-Alpharetta, GA"
2314,Gwinnett County,GA,202105,1529.73,0.018,0.1399,"Atlanta-Sandy Springs-Alpharetta, GA"
2314,Gwinnett County,GA,202106,1563.4,0.022,0.1617,"Atlanta-Sandy Springs-Alpharetta, GA"
2314,Gwinnett County,GA,202107,1603.55,0.0257,0.1777,"Atlanta-Sandy Springs-Alpharetta, GA"
2314,Gwinnett County,GA,202108,1646.76,0.027,0.1898,"Atlanta-Sandy Springs-Alpharetta, GA"
2314,Gwinnett County,GA,202109,1692.35,0.0277,0.2097,"Atlanta-Sandy Springs-Alpharetta, GA"
2314,Gwinnett County,GA,202110,1714.35,0.013,0.2166,"Atlanta-Sandy Springs-Alpharetta, GA"
2314,Gwinnett County,GA,202111,1718.19,0.0022,0.2173,"Atlanta-Sandy Springs-Alpharetta, GA"
2314,Gwinnett County,GA,202112,1705.58,-0.0073,0.2017,"Atlanta-Sandy Springs-Alpharetta, GA"
2314,Gwinnett County,GA,202201,1702.2,-0.002,0.1858,"Atlanta-Sandy Springs-Alpharetta, GA"
2314,Gwinnett County,GA,202202,1702.3,0.0001,0.1656,"Atlanta-Sandy Springs-Alpharetta, GA"
2314,Gwinnett County,GA,202203,1718.06,0.0093,0.1597,"Atlanta-Sandy Springs-Alpharetta, GA"
2314,Gwinnett County,GA,202204,1730.14,0.007,0.1514,"Atlanta-Sandy Springs-Alpharetta, GA"
2314,Gwinnett County,GA,202205,1750.38,0.0117,0.1442,"Atlanta-Sandy Springs-Alpharetta, GA"
2314,Gwinnett County,GA,202206,1758.62,0.0047,0.1249,"Atlanta-Sandy Springs-Alpharetta, GA"
2314,Gwinnett County,GA,202207,1776.97,0.0104,0.1081,"Atlanta-Sandy Springs-Alpharetta, GA"
2314,Gwinnett County,GA,202208,1785.86,0.005,0.0845,"Atlanta-Sandy Springs-Alpharetta, GA"
2314,Gwinnett County,GA,202209,1792.08,0.0035,0.0589,"Atlanta-Sandy Springs-Alpharetta, GA"
2314,Gwinnett County,GA,202210,1789.43,-0.0015,0.0438,"Atlanta-Sandy Springs-Alpharetta, GA"
2314,Gwinnett County,GA,202211,1780.06,-0.0052,0.036,"Atlanta-Sandy Springs-Alpharetta, GA"
2314,Gwinnett County,GA,202212,1777.05,-0.0017,0.0419,"Atlanta-Sandy Springs-Alpharetta, GA"
2314,Gwinnett County,GA,202301,1772.41,-0.0026,0.0412,"Atlanta-Sandy Springs-Alpharetta, GA"
2314,Gwinnett County,GA,202302,1782.73,0.0058,0.0472,"Atlanta-Sandy Springs-Alpharetta, GA"
2314,Gwinnett County,GA,202303,1798.39,0.0088,0.0468,"Atlanta-Sandy Springs-Alpharetta, GA"
2314,Gwinnett County,GA,202304,1809.69,0.0063,0.046,"Atlanta-Sandy Springs-Alpharetta, GA"
2314,Gwinnett County,GA,202305,1821.38,0.0065,0.0406,"Atlanta-Sandy Springs-Alpharetta, GA"
2314,Gwinnett County,GA,202306,1819.36,-0.0011,0.0345,"Atlanta-Sandy Springs-Alpharetta, GA"
2314,Gwinnett County,GA,202307,1816.47,-0.0016,0.0222,"Atlanta-Sandy Springs-Alpharetta, GA"
2314,Gwinnett County,GA,202308,1807.95,-0.0047,0.0124,"Atlanta-Sandy Springs-Alpharetta, GA"
2314,Gwinnett County,GA,202309,1804.7,-0.0018,0.007,"Atlanta-Sandy Springs-Alpharetta, GA"
2314,Gwinnett County,GA,202310,1802.32,-0.0013,0.0072,"Atlanta-Sandy Springs-Alpharetta, GA"
2314,Gwinnett County,GA,202311,1794.37,-0.0044,0.008,"Atlanta-Sandy Springs-Alpharetta, GA"
2314,Gwinnett County,GA,202312,1786.25,-0.0045,0.0052,"Atlanta-Sandy Springs-Alpharetta, GA"
2314,Gwinnett County,GA,202401,1787.28,0.0006,0.0084,"Atlanta-Sandy Springs-Alpharetta, GA"
2314,Gwinnett County,GA,202402,1794.51,0.004,0.0066,"Atlanta-Sandy Springs-Alpharetta, GA"
2314,Gwinnett County,GA,202403,1805.6,0.0062,0.004,"Atlanta-Sandy Springs-Alpharetta, GA"
2314,Gwinnett County,GA,202404,1812.85,0.004,0.0017,"Atlanta-Sandy Springs-Alpharetta, GA"
2314,Gwinnett County,GA,202405,1819.95,0.0039,-0.0008,"Atlanta-Sandy Springs-Alpharetta, GA"
2314,Gwinnett County,GA,202406,1824.79,0.0027,0.003,"Atlanta-Sandy Springs-Alpharetta, GA"
2314,Gwinnett County,GA,202407,1827.11,0.0013,0.0059,"Atlanta-Sandy Springs-Alpharetta, GA"
2314,Gwinnett County,GA,202408,1823.08,-0.0022,0.0084,"Atlanta-Sandy Springs-Alpharetta, GA"
2314,Gwinnett County,GA,202409,1817.96,-0.0028,0.0073,"Atlanta-Sandy Springs-Alpharetta, GA"
2314,Gwinnett County,GA,202410,1808.09,-0.0054,0.0032,"Atlanta-Sandy Springs-Alpharetta, GA"
2314,Gwinnett County,GA,202411,1801.19,-0.0038,0.0038,"Atlanta-Sandy Springs-Alpharetta, GA"
2314,Gwinnett County,GA,202412,1794.79,-0.0036,0.0048,"Atlanta-Sandy Springs-Alpharetta, GA"
2314,Gwinnett County,GA,202501,1801.67,0.0038,0.0081,"Atlanta-Sandy Springs-Alpharetta, GA"
2314,Gwinnett County,GA,202502,1811.25,0.0053,0.0093,"Atlanta-Sandy Springs-Alpharetta, GA"
2314,Gwinnett County,GA,202503,1826.19,0.0083,0.0114,"Atlanta-Sandy Springs-Alpharetta, GA"
2314,Gwinnett County,GA,202504,1827.31,0.0006,0.008,"Atlanta-Sandy Springs-Alpharetta, GA"
2314,Gwinnett County,GA,202505,1830.39,0.0017,0.0057,"Atlanta-Sandy Springs-Alpharetta, GA"
2314,Gwinnett County,GA,202506,1824.48,-0.0032,-0.0002,"Atlanta-Sandy Springs-Alpharetta, GA"
2314,Gwinnett County,GA,202507,1827.3,0.0015,0.0001,"Atlanta-Sandy Springs-Alpharetta, GA"
2314,Gwinnett County,GA,202508,1823.94,-0.0018,0.0005,"Atlanta-Sandy Springs-Alpharetta, GA"
2314,Gwinnett County,GA,202509,1818.98,-0.0027,0.0006,"Atlanta-Sandy Springs-Alpharetta, GA"
2314,Gwinnett County,GA,202510,1809.29,-0.0053,0.0007,"Atlanta-Sandy Springs-Alpharetta, GA"
2314,Gwinnett County,GA,202511,1802.62,-0.0037,0.0008,"Atlanta-Sandy Springs-Alpharetta, GA"
2314,Gwinnett County,GA,202512,1799.23,-0.0019,0.0025,"Atlanta-Sandy Springs-Alpharetta, GA"
2314,Gwinnett County,GA,202601,1795.19,-0.0022,-0.0036,"Atlanta-Sandy Springs-Alpharetta, GA"
2314,Gwinnett County,GA,202602,1795.2,0.0,-0.0089,"Atlanta-Sandy Springs-Alpharetta, GA"
2314,Gwinnett County,GA,202603,1799.95,0.0026,-0.0144,"Atlanta-Sandy Springs-Alpharetta, GA"
2314,Gwinnett County,GA,202604,1811.18,0.0062,-0.0088,"Atlanta-Sandy Springs-Alpharetta, GA"
2314,Gwinnett County,GA,202605,1819.08,0.0044,-0.0062,"Atlanta-Sandy Springs-Alpharetta, GA"
2314,Gwinnett County,GA,202606,1823.46,0.0024,-0.0006,"Atlanta-Sandy Springs-Alpharetta, GA"
2314,Gwinnett County,GA,202607,1828.57,0.0028,0.0007,"Atlanta-Sandy Springs-Alpharetta, GA"
2314,Gwinnett County,GA,202608,1830.43,0.001,0.0036,"Atlanta-Sandy Springs-Alpharetta, GA"
2326,Haralson County,GA,202608,1283.75,,,"Atlanta-Sandy Springs-Alpharetta, GA"
2448,Muscogee County,GA,201501,755.19,,,"Columbus, GA-AL"
2448,Muscogee County,GA,201502,749.96,-0.0069,,"Columbus, GA-AL"
2448,Muscogee County,GA,201503,753.25,0.0044,,"Columbus, GA-AL"
2448,Muscogee County,GA,201504,755.37,0.0028,,"Columbus, GA-AL"
2448,Muscogee County,GA,201505,759.51,0.0055,,"Columbus, GA-AL"
2448,Muscogee County,GA,201506,760.26,0.001,,"Columbus, GA-AL"
2448,Muscogee County,GA,201507,762.92,0.0035,,"Columbus, GA-AL"
2448,Muscogee County,GA,201508,762.76,-0.0002,,"Columbus, GA-AL"
2448,Muscogee County,GA,201509,763.57,0.0011,,"Columbus, GA-AL"
2448,Muscogee County,GA,201510,762.07,-0.002,,"Columbus, GA-AL"
2448,Muscogee County,GA,201511,758.85,-0.0042,,"Columbus, GA-AL"
2448,Muscogee County,GA,201512,756.99,-0.0025,,"Columbus, GA-AL"
2448,Muscogee County,GA,201601,753.82,-0.0042,-0.0018,"Columbus, GA-AL"
2448,Muscogee County,GA,201602,756.2,0.0032,0.0083,"Columbus, GA-AL"
2448,Muscogee County,GA,201603,759.93,0.0049,0.0089,"Columbus, GA-AL"
2448,Muscogee County,GA,201604,761.42,0.002,0.008,"Columbus, GA-AL"
2448,Muscogee County,GA,201605,762.35,0.0012,0.0037,"Columbus, GA-AL"
2448,Muscogee County,GA,201606,759.7,-0.0035,-0.0007,"Columbus, GA-AL"
2448,Muscogee County,GA,201607,761.71,0.0026,-0.0016,"Columbus, GA-AL"
2448,Muscogee County,GA,201608,762.83,0.0015,0.0001,"Columbus, GA-AL"
2448,Muscogee County,GA,201609,764.15,0.0017,0.0008,"Columbus, GA-AL"
2448,Muscogee County,GA,201610,764.7,0.0007,0.0035,"Columbus, GA-AL"
2448,Muscogee County,GA,201611,760.98,-0.0049,0.0028,"Columbus, GA-AL"
2448,Muscogee County,GA,201612,757.03,-0.0052,0.0001,"Columbus, GA-AL"
2448,Muscogee County,GA,201701,759.26,0.0029,0.0072,"Columbus, GA-AL"
2448,Muscogee County,GA,201702,766.11,0.009,0.0131,"Columbus, GA-AL"
2448,Muscogee County,GA,201703,770.86,0.0062,0.0144,"Columbus, GA-AL"
2448,Muscogee County,GA,201704,774.23,0.0044,0.0168,"Columbus, GA-AL"
2448,Muscogee County,GA,201705,776.1,0.0024,0.018,"Columbus, GA-AL"
2448,Muscogee County,GA,201706,777.59,0.0019,0.0235,"Columbus, GA-AL"
2448,Muscogee County,GA,201707,781.35,0.0048,0.0258,"Columbus, GA-AL"
2448,Muscogee County,GA,201708,779.36,-0.0026,0.0217,"Columbus, GA-AL"
2448,Muscogee County,GA,201709,782.06,0.0035,0.0234,"Columbus, GA-AL"
2448,Muscogee County,GA,201710,779.39,-0.0034,0.0192,"Columbus, GA-AL"
2448,Muscogee County,GA,201711,783.79,0.0056,0.03,"Columbus, GA-AL"
2448,Muscogee County,GA,201712,782.96,-0.0011,0.0342,"Columbus, GA-AL"
2448,Muscogee County,GA,201801,785.67,0.0035,0.0348,"Columbus, GA-AL"
2448,Muscogee County,GA,201802,785.13,-0.0007,0.0248,"Columbus, GA-AL"
2448,Muscogee County,GA,201803,790.38,0.0067,0.0253,"Columbus, GA-AL"
2448,Muscogee County,GA,201804,792.85,0.0031,0.0241,"Columbus, GA-AL"
2448,Muscogee County,GA,201805,793.25,0.0005,0.0221,"Columbus, GA-AL"
2448,Muscogee County,GA,201806,791.69,-0.002,0.0181,"Columbus, GA-AL"
2448,Muscogee County,GA,201807,788.12,-0.0045,0.0087,"Columbus, GA-AL"
2448,Muscogee County,GA,201808,788.14,0.0,0.0113,"Columbus, GA-AL"
2448,Muscogee County,GA,201809,793.13,0.0063,0.0142,"Columbus, GA-AL"
2448,Muscogee County,GA,201810,797.11,0.005,0.0227,"Columbus, GA-AL"
2448,Muscogee County,GA,201811,803.07,0.0075,0.0246,"Columbus, GA-AL"
2448,Muscogee County,GA,201812,802.22,-0.0011,0.0246,"Columbus, GA-AL"
2448,Muscogee County,GA,201901,800.98,-0.0015,0.0195,"Columbus, GA-AL"
2448,Muscogee County,GA,201902,803.24,0.0028,0.0231,"Columbus, GA-AL"
2448,Muscogee County,GA,201903,803.64,0.0005,0.0168,"Columbus, GA-AL"
2448,Muscogee County,GA,201904,814.63,0.0137,0.0275,"Columbus, GA-AL"
2448,Muscogee County,GA,201905,822.27,0.0094,0.0366,"Columbus, GA-AL"
2448,Muscogee County,GA,201906,834.77,0.0152,0.0544,"Columbus, GA-AL"
2448,Muscogee County,GA,201907,836.97,0.0026,0.062,"Columbus, GA-AL"
2448,Muscogee County,GA,201908,842.66,0.0068,0.0692,"Columbus, GA-AL"
2448,Muscogee County,GA,201909,850.91,0.0098,0.0728,"Columbus, GA-AL"
2448,Muscogee County,GA,201910,856.86,0.007,0.075,"Columbus, GA-AL"
2448,Muscogee County,GA,201911,857.03,0.0002,0.0672,"Columbus, GA-AL"
2448,Muscogee County,GA,201912,853.87,-0.0037,0.0644,"Columbus, GA-AL"
2448,Muscogee County,GA,202001,853.38,-0.0006,0.0654,"Columbus, GA-AL"
2448,Muscogee County,GA,202002,857.27,0.0046,0.0673,"Columbus, GA-AL"
2448,Muscogee County,GA,202003,867.83,0.0123,0.0799,"Columbus, GA-AL"
2448,Muscogee County,GA,202004,884.89,0.0197,0.0862,"Columbus, GA-AL"
2448,Muscogee County,GA,202005,898.89,0.0158,0.0932,"Columbus, GA-AL"
2448,Muscogee County,GA,202006,910.44,0.0129,0.0906,"Columbus, GA-AL"
2448,Muscogee County,GA,202007,917.47,0.0077,0.0962,"Columbus, GA-AL"
2448,Muscogee County,GA,202008,928.09,0.0116,0.1014,"Columbus, GA-AL"
2448,Muscogee County,GA,202009,930.07,0.0021,0.093,"Columbus, GA-AL"
2448,Muscogee County,GA,202010,930.12,0.0001,0.0855,"Columbus, GA-AL"
2448,Muscogee County,GA,202011,930.83,0.0008,0.0861,"Columbus, GA-AL"
2448,Muscogee County,GA,202012,930.85,0.0,0.0902,"Columbus, GA-AL"
2448,Muscogee County,GA,202101,939.41,0.0092,0.1008,"Columbus, GA-AL"
2448,Muscogee County,GA,202102,947.02,0.0081,0.1047,"Columbus, GA-AL"
2448,Muscogee County,GA,202103,951.47,0.0047,0.0964,"Columbus, GA-AL"
2448,Muscogee County,GA,202104,962.55,0.0116,0.0878,"Columbus, GA-AL"
2448,Muscogee County,GA,202105,976.95,0.015,0.0868,"Columbus, GA-AL"
2448,Muscogee County,GA,202106,1003.08,0.0268,0.1018,"Columbus, GA-AL"
2448,Muscogee County,GA,202107,1019.1,0.016,0.1108,"Columbus, GA-AL"
2448,Muscogee County,GA,202108,1046.3,0.0267,0.1274,"Columbus, GA-AL"
2448,Muscogee County,GA,202109,1064.29,0.0172,0.1443,"Columbus, GA-AL"
2448,Muscogee County,GA,202110,1080.08,0.0148,0.1612,"Columbus, GA-AL"
2448,Muscogee County,GA,202111,1076.99,-0.0029,0.157,"Columbus, GA-AL"
2448,Muscogee County,GA,202112,1083.81,0.0063,0.1643,"Columbus, GA-AL"
2448,Muscogee County,GA,202201,1089.76,0.0055,0.16,"Columbus, GA-AL"
2448,Muscogee County,GA,202202,1089.88,0.0001,0.1509,"Columbus, GA-AL"
2448,Muscogee County,GA,202203,1089.4,-0.0004,0.145,"Columbus, GA-AL"
2448,Muscogee County,GA,202204,1093.3,0.0036,0.1358,"Columbus, GA-AL"
2448,Muscogee County,GA,202205,1107.34,0.0128,0.1335,"Columbus, GA-AL"
2448,Muscogee County,GA,202206,1119.74,0.0112,0.1163,"Columbus, GA-AL"
2448,Muscogee County,GA,202207,1129.42,0.0086,0.1083,"Columbus, GA-AL"
2448,Muscogee County,GA,202208,1132.91,0.0031,0.0828,"Columbus, GA-AL"
2448,Muscogee County,GA,202209,1142.58,0.0085,0.0736,"Columbus, GA-AL"
2448,Muscogee County,GA,202210,1141.91,-0.0006,0.0572,"Columbus, GA-AL"
2448,Muscogee County,GA,202211,1129.42,-0.0109,0.0487,"Columbus, GA-AL"
2448,Muscogee County,GA,202212,1114.8,-0.0129,0.0286,"Columbus, GA-AL"
2448,Muscogee County,GA,202301,1117.77,0.0027,0.0257,"Columbus, GA-AL"
2448,Muscogee County,GA,202302,1133.32,0.0139,0.0399,"Columbus, GA-AL"
2448,Muscogee County,GA,202303,1133.28,-0.0,0.0403,"Columbus, GA-AL"
2448,Muscogee County,GA,202304,1125.98,-0.0064,0.0299,"Columbus, GA-AL"
2448,Muscogee County,GA,202305,1124.47,-0.0013,0.0155,"Columbus, GA-AL"
2448,Muscogee County,GA,202306,1129.76,0.0047,0.0089,"Columbus, GA-AL"
2448,Muscogee County,GA,202307,1148.95,0.017,0.0173,"Columbus, GA-AL"
2448,Muscogee County,GA,202308,1157.96,0.0078,0.0221,"Columbus, GA-AL"
2448,Muscogee County,GA,202309,1167.19,0.008,0.0215,"Columbus, GA-AL"
2448,Muscogee County,GA,202310,1157.66,-0.0082,0.0138,"Columbus, GA-AL"
2448,Muscogee County,GA,202311,1153.65,-0.0035,0.0215,"Columbus, GA-AL"
2448,Muscogee County,GA,202312,1155.64,0.0017,0.0366,"Columbus, GA-AL"
2448,Muscogee County,GA,202401,1163.32,0.0066,0.0407,"Columbus, GA-AL"
2448,Muscogee County,GA,202402,1176.95,0.0117,0.0385,"Columbus, GA-AL"
2448,Muscogee County,GA,202403,1187.22,0.0087,0.0476,"Columbus, GA-AL"
2448,Muscogee County,GA,202404,1195.46,0.0069,0.0617,"Columbus, GA-AL"
2448,Muscogee County,GA,202405,1203.39,0.0066,0.0702,"Columbus, GA-AL"
2448,Muscogee County,GA,202406,1204.2,0.0007,0.0659,"Columbus, GA-AL"
2448,Muscogee County,GA,202407,1204.22,0.0,0.0481,"Columbus, GA-AL"
2448,Muscogee County,GA,202408,1209.75,0.0046,0.0447,"Columbus, GA-AL"
2448,Muscogee County,GA,202409,1222.57,0.0106,0.0474,"Columbus, GA-AL"
2448,Muscogee County,GA,202410,1221.26,-0.0011,0.0549,"Columbus, GA-AL"
2448,Muscogee County,GA,202411,1215.54,-0.0047,0.0536,"Columbus, GA-AL"
2448,Muscogee County,GA,202412,1209.23,-0.0052,0.0464,"Columbus, GA-AL"
2448,Muscogee County,GA,202501,1219.44,0.0084,0.0482,"Columbus, GA-AL"
2448,Muscogee County,GA,202502,1224.66,0.0043,0.0405,"Columbus, GA-AL"
2448,Muscogee County,GA,202503,1238.05,0.0109,0.0428,"Columbus, GA-AL"
2448,Muscogee County,GA,202504,1248.31,0.0083,0.0442,"Columbus, GA-AL"
2448,Muscogee County,GA,202505,1255.85,0.006,0.0436,"Columbus, GA-AL"
2448,Muscogee County,GA,202506,1254.46,-0.0011,0.0417,"Columbus, GA-AL"
2448,Muscogee County,GA,202507,1253.15,-0.001,0.0406,"Columbus, GA-AL"
2448,Muscogee County,GA,202508,1256.25,0.0025,0.0384,"Columbus, GA-AL"
2448,Muscogee County,GA,202509,1263.41,0.0057,0.0334,"Columbus, GA-AL"
2448,Muscogee County,GA,202510,1274.89,0.0091,0.0439,"Columbus, GA-AL"
2448,Muscogee County,GA,202511,1277.2,0.0018,0.0507,"Columbus, GA-AL"
2448,Muscogee County,GA,202512,1281.05,0.003,0.0594,"Columbus, GA-AL"
2448,Muscogee County,GA,202601,1273.88,-0.0056,0.0446,"Columbus, GA-AL"
2448,Muscogee County,GA,202602,1270.99,-0.0023,0.0378,"Columbus, GA-AL"
2448,Muscogee County,GA,202603,1271.95,0.0007,0.0274,"Columbus, GA-AL"
2448,Muscogee County,GA,202604,1276.75,0.0038,0.0228,"Columbus, GA-AL"
2448,Muscogee County,GA,202605,1286.27,0.0075,0.0242,"Columbus, GA-AL"
2448,Muscogee County,GA,202606,1289.6,0.0026,0.028,"Columbus, GA-AL"
2448,Muscogee County,GA,202607,1305.02,0.012,0.0414,"Columbus, GA-AL"
2448,Muscogee County,GA,202608,1314.37,0.0072,0.0463,"Columbus, GA-AL"
2470,Paulding County,GA,201906,1403.81,,,"Atlanta-Sandy Springs-Alpharetta, GA"
2470,Paulding County,GA,201907,1422.01,0.013,,"Atlanta-Sandy Springs-Alpharetta, GA"
2470,Paulding County,GA,201908,1424.54,0.0018,,"Atlanta-Sandy Springs-Alpharetta, GA"
2470,Paulding County,GA,201909,1417.07,-0.0052,,"Atlanta-Sandy Springs-Alpharetta, GA"
2470,Paulding County,GA,201910,1411.66,-0.0038,,"Atlanta-Sandy Springs-Alpharetta, GA"
2470,Paulding County,GA,201911,1412.26,0.0004,,"Atlanta-Sandy Springs-Alpharetta, GA"
2470,Paulding County,GA,201912,1418.82,0.0046,,"Atlanta-Sandy Springs-Alpharetta, GA"
2470,Paulding County,GA,202001,1418.93,0.0001,,"Atlanta-Sandy Springs-Alpharetta, GA"
2470,Paulding County,GA,202002,1411.69,-0.0051,,"Atlanta-Sandy Springs-Alpharetta, GA"
2470,Paulding County,GA,202003,1411.39,-0.0002,,"Atlanta-Sandy Springs-Alpharetta, GA"
2470,Paulding County,GA,202004,1419.88,0.006,,"Atlanta-Sandy Springs-Alpharetta, GA"
2470,Paulding County,GA,202005,1440.65,0.0146,,"Atlanta-Sandy Springs-Alpharetta, GA"
2470,Paulding County,GA,202006,1467.67,0.0187,0.0455,"Atlanta-Sandy Springs-Alpharetta, GA"
2470,Paulding County,GA,202007,1496.18,0.0194,0.0522,"Atlanta-Sandy Springs-Alpharetta, GA"
2470,Paulding County,GA,202008,1517.54,0.0143,0.0653,"Atlanta-Sandy Springs-Alpharetta, GA"
2470,Paulding County,GA,202009,1530.11,0.0083,0.0798,"Atlanta-Sandy Springs-Alpharetta, GA"
2470,Paulding County,GA,202010,1549.76,0.0128,0.0978,"Atlanta-Sandy Springs-Alpharetta, GA"
2470,Paulding County,GA,202011,1569.46,0.0127,0.1113,"Atlanta-Sandy Springs-Alpharetta, GA"
2470,Paulding County,GA,202012,1576.18,0.0043,0.1109,"Atlanta-Sandy Springs-Alpharetta, GA"
2470,Paulding County,GA,202101,1586.81,0.0067,0.1183,"Atlanta-Sandy Springs-Alpharetta, GA"
2470,Paulding County,GA,202102,1599.37,0.0079,0.1329,"Atlanta-Sandy Springs-Alpharetta, GA"
2470,Paulding County,GA,202103,1622.64,0.0146,0.1497,"Atlanta-Sandy Springs-Alpharetta, GA"
2470,Paulding County,GA,202104,1640.54,0.011,0.1554,"Atlanta-Sandy Springs-Alpharetta, GA"
2470,Paulding County,GA,202105,1663.14,0.0138,0.1544,"Atlanta-Sandy Springs-Alpharetta, GA"
2470,Paulding County,GA,202106,1685.72,0.0136,0.1486,"Atlanta-Sandy Springs-Alpharetta, GA"
2470,Paulding County,GA,202107,1701.55,0.0094,0.1373,"Atlanta-Sandy Springs-Alpharetta, GA"
2470,Paulding County,GA,202108,1738.97,0.022,0.1459,"Atlanta-Sandy Springs-Alpharetta, GA"
2470,Paulding County,GA,202109,1762.13,0.0133,0.1516,"Atlanta-Sandy Springs-Alpharetta, GA"
2470,Paulding County,GA,202110,1791.27,0.0165,0.1558,"Atlanta-Sandy Springs-Alpharetta, GA"
2470,Paulding County,GA,202111,1792.85,0.0009,0.1423,"Atlanta-Sandy Springs-Alpharetta, GA"
2470,Paulding County,GA,202112,1795.22,0.0013,0.139,"Atlanta-Sandy Springs-Alpharetta, GA"
2470,Paulding County,GA,202201,1790.4,-0.0027,0.1283,"Atlanta-Sandy Springs-Alpharetta, GA"
2470,Paulding County,GA,202202,1787.79,-0.0015,0.1178,"Atlanta-Sandy Springs-Alpharetta, GA"
2470,Paulding County,GA,202203,1790.93,0.0018,0.1037,"Atlanta-Sandy Springs-Alpharetta, GA"
2470,Paulding County,GA,202204,1808.18,0.0096,0.1022,"Atlanta-Sandy Springs-Alpharetta, GA"
2470,Paulding County,GA,202205,1830.29,0.0122,0.1005,"Atlanta-Sandy Springs-Alpharetta, GA"
2470,Paulding County,GA,202206,1868.42,0.0208,0.1084,"Atlanta-Sandy Springs-Alpharetta, GA"
2470,Paulding County,GA,202207,1887.04,0.01,0.109,"Atlanta-Sandy Springs-Alpharetta, GA"
2470,Paulding County,GA,202208,1912.45,0.0135,0.0998,"Atlanta-Sandy Springs-Alpharetta, GA"
2470,Paulding County,GA,202209,1910.41,-0.0011,0.0841,"Atlanta-Sandy Springs-Alpharetta, GA"
2470,Paulding County,GA,202210,1915.22,0.0025,0.0692,"Atlanta-Sandy Springs-Alpharetta, GA"
2470,Paulding County,GA,202211,1909.41,-0.003,0.065,"Atlanta-Sandy Springs-Alpharetta, GA"
2470,Paulding County,GA,202212,1913.26,0.002,0.0658,"Atlanta-Sandy Springs-Alpharetta, GA"
2470,Paulding County,GA,202301,1908.57,-0.0024,0.066,"Atlanta-Sandy Springs-Alpharetta, GA"
2470,Paulding County,GA,202302,1906.92,-0.0009,0.0666,"Atlanta-Sandy Springs-Alpharetta, GA"
2470,Paulding County,GA,202303,1918.65,0.0062,0.0713,"Atlanta-Sandy Springs-Alpharetta, GA"
2470,Paulding County,GA,202304,1931.08,0.0065,0.068,"Atlanta-Sandy Springs-Alpharetta, GA"
2470,Paulding County,GA,202305,1934.25,0.0016,0.0568,"Atlanta-Sandy Springs-Alpharetta, GA"
2470,Paulding County,GA,202306,1922.42,-0.0061,0.0289,"Atlanta-Sandy Springs-Alpharetta, GA"
2470,Paulding County,GA,202307,1924.61,0.0011,0.0199,"Atlanta-Sandy Springs-Alpharetta, GA"
2470,Paulding County,GA,202308,1928.36,0.0019,0.0083,"Atlanta-Sandy Springs-Alpharetta, GA"
2470,Paulding County,GA,202309,1938.48,0.0052,0.0147,"Atlanta-Sandy Springs-Alpharetta, GA"
2470,Paulding County,GA,202310,1929.76,-0.0045,0.0076,"Atlanta-Sandy Springs-Alpharetta, GA"
2470,Paulding County,GA,202311,1921.01,-0.0045,0.0061,"Atlanta-Sandy Springs-Alpharetta, GA"
2470,Paulding County,GA,202312,1922.74,0.0009,0.005,"Atlanta-Sandy Springs-Alpharetta, GA"
2470,Paulding County,GA,202401,1932.39,0.005,0.0125,"Atlanta-Sandy Springs-Alpharetta, GA"
2470,Paulding County,GA,202402,1956.33,0.0124,0.0259,"Atlanta-Sandy Springs-Alpharetta, GA"
2470,Paulding County,GA,202403,1955.98,-0.0002,0.0195,"Atlanta-Sandy Springs-Alpharetta, GA"
2470,Paulding County,GA,202404,1968.84,0.0066,0.0196,"Atlanta-Sandy Springs-Alpharetta, GA"
2470,Paulding County,GA,202405,1960.17,-0.0044,0.0134,"Atlanta-Sandy Springs-Alpharetta, GA"
2470,Paulding County,GA,202406,1964.23,0.0021,0.0217,"Atlanta-Sandy Springs-Alpharetta, GA"
2470,Paulding County,GA,202407,1967.21,0.0015,0.0221,"Atlanta-Sandy Springs-Alpharetta, GA"
2470,Paulding County,GA,202408,1974.89,0.0039,0.0241,"Atlanta-Sandy Springs-Alpharetta, GA"
2470,Paulding County,GA,202409,1986.08,0.0057,0.0246,"Atlanta-Sandy Springs-Alpharetta, GA"
2470,Paulding County,GA,202410,1986.72,0.0003,0.0295,"Atlanta-Sandy Springs-Alpharetta, GA"
2470,Paulding County,GA,202411,1980.12,-0.0033,0.0308,"Atlanta-Sandy Springs-Alpharetta, GA"
2470,Paulding County,GA,202412,1976.74,-0.0017,0.0281,"Atlanta-Sandy Springs-Alpharetta, GA"
2470,Paulding County,GA,202501,1977.67,0.0005,0.0234,"Atlanta-Sandy Springs-Alpharetta, GA"
2470,Paulding County,GA,202502,1996.24,0.0094,0.0204,"Atlanta-Sandy Springs-Alpharetta, GA"
2470,Paulding County,GA,202503,2008.28,0.006,0.0267,"Atlanta-Sandy Springs-Alpharetta, GA"
2470,Paulding County,GA,202504,2017.72,0.0047,0.0248,"Atlanta-Sandy Springs-Alpharetta, GA"
2470,Paulding County,GA,202505,2017.47,-0.0001,0.0292,"Atlanta-Sandy Springs-Alpharetta, GA"
2470,Paulding County,GA,202506,2012.4,-0.0025,0.0245,"Atlanta-Sandy Springs-Alpharetta, GA"
2470,Paulding County,GA,202507,2019.53,0.0035,0.0266,"Atlanta-Sandy Springs-Alpharetta, GA"
2470,Paulding County,GA,202508,2032.48,0.0064,0.0292,"Atlanta-Sandy Springs-Alpharetta, GA"
2470,Paulding County,GA,202509,2055.73,0.0114,0.0351,"Atlanta-Sandy Springs-Alpharetta, GA"
2470,Paulding County,GA,202510,2055.88,0.0001,0.0348,"Atlanta-Sandy Springs-Alpharetta, GA"
2470,Paulding County,GA,202511,2029.98,-0.0126,0.0252,"Atlanta-Sandy Springs-Alpharetta, GA"
2470,Paulding County,GA,202512,2016.33,-0.0067,0.02,"Atlanta-Sandy Springs-Alpharetta, GA"
2470,Paulding County,GA,202601,1997.09,-0.0095,0.0098,"Atlanta-Sandy Springs-Alpharetta, GA"
2470,Paulding County,GA,202602,2004.68,0.0038,0.0042,"Atlanta-Sandy Springs-Alpharetta, GA"
2470,Paulding County,GA,202603,1995.95,-0.0044,-0.0061,"Atlanta-Sandy Springs-Alpharetta, GA"
2470,Paulding County,GA,202604,2011.08,0.0076,-0.0033,"Atlanta-Sandy Springs-Alpharetta, GA"
2470,Paulding County,GA,202605,2031.99,0.0104,0.0072,"Atlanta-Sandy Springs-Alpharetta, GA"
2470,Paulding County,GA,202606,2048.54,0.0081,0.018,"Atlanta-Sandy Springs-Alpharetta, GA"
2470,Paulding County,GA,202607,2064.95,0.008,0.0225,"Atlanta-Sandy Springs-Alpharetta, GA"
2470,Paulding County,GA,202608,2074.87,0.0048,0.0209,"Atlanta-Sandy Springs-Alpharetta, GA"
2509,Richmond County,GA,201501,746.5,,,"Augusta-Richmond County, GA-SC"
2509,Richmond County,GA,201502,749.59,0.0041,,"Augusta-Richmond County, GA-SC"
2509,Richmond County,GA,201503,749.05,-0.0007,,"Augusta-Richmond County, GA-SC"
2509,Richmond County,GA,201504,751.55,0.0033,,"Augusta-Richmond County, GA-SC"
2509,Richmond County,GA,201505,758.94,0.0098,,"Augusta-Richmond County, GA-SC"
2509,Richmond County,GA,201506,764.32,0.0071,,"Augusta-Richmond County, GA-SC"
2509,Richmond County,GA,201507,767.66,0.0044,,"Augusta-Richmond County, GA-SC"
2509,Richmond County,GA,201508,769.0,0.0017,,"Augusta-Richmond County, GA-SC"
2509,Richmond County,GA,201509,770.03,0.0013,,"Augusta-Richmond County, GA-SC"
2509,Richmond County,GA,201510,768.83,-0.0016,,"Augusta-Richmond County, GA-SC"
2509,Richmond County,GA,201511,766.02,-0.0037,,"Augusta-Richmond County, GA-SC"
2509,Richmond County,GA,201512,764.79,-0.0016,,"Augusta-Richmond County, GA-SC"
2509,Richmond County,GA,201601,767.63,0.0037,0.0283,"Augusta-Richmond County, GA-SC"
2509,Richmond County,GA,201602,776.19,0.0111,0.0355,"Augusta-Richmond County, GA-SC"
2509,Richmond County,GA,201603,776.55,0.0005,0.0367,"Augusta-Richmond County, GA-SC"
2509,Richmond County,GA,201604,780.87,0.0056,0.039,"Augusta-Richmond County, GA-SC"
2509,Richmond County,GA,201605,780.05,-0.0011,0.0278,"Augusta-Richmond County, GA-SC"
2509,Richmond County,GA,201606,790.55,0.0135,0.0343,"Augusta-Richmond County, GA-SC"
2509,Richmond County,GA,201607,793.62,0.0039,0.0338,"Augusta-Richmond County, GA-SC"
2509,Richmond County,GA,201608,796.18,0.0032,0.0353,"Augusta-Richmond County, GA-SC"
2509,Richmond County,GA,201609,794.74,-0.0018,0.0321,"Augusta-Richmond County, GA-SC"
2509,Richmond County,GA,201610,797.62,0.0036,0.0374,"Augusta-Richmond County, GA-SC"
2509,Richmond County,GA,201611,796.34,-0.0016,0.0396,"Augusta-Richmond County, GA-SC"
2509,Richmond County,GA,201612,792.03,-0.0054,0.0356,"Augusta-Richmond County, GA-SC"
2509,Richmond County,GA,201701,789.21,-0.0036,0.0281,"Augusta-Richmond County, GA-SC"
2509,Richmond County,GA,201702,794.89,0.0072,0.0241,"Augusta-Richmond County, GA-SC"
2509,Richmond County,GA,201703,805.31,0.0131,0.037,"Augusta-Richmond County, GA-SC"
2509,Richmond County,GA,201704,808.72,0.0042,0.0357,"Augusta-Richmond County, GA-SC"
2509,Richmond County,GA,201705,811.89,0.0039,0.0408,"Augusta-Richmond County, GA-SC"
2509,Richmond County,GA,201706,810.36,-0.0019,0.0251,"Augusta-Richmond County, GA-SC"
2509,Richmond County,GA,201707,814.47,0.0051,0.0263,"Augusta-Richmond County, GA-SC"
2509,Richmond County,GA,201708,812.47,-0.0025,0.0205,"Augusta-Richmond County, GA-SC"
2509,Richmond County,GA,201709,814.67,0.0027,0.0251,"Augusta-Richmond County, GA-SC"
2509,Richmond County,GA,201710,814.61,-0.0001,0.0213,"Augusta-Richmond County, GA-SC"
2509,Richmond County,GA,201711,823.22,0.0106,0.0337,"Augusta-Richmond County, GA-SC"
2509,Richmond County,GA,201712,827.25,0.0049,0.0445,"Augusta-Richmond County, GA-SC"
2509,Richmond County,GA,201801,833.86,0.008,0.0566,"Augusta-Richmond County, GA-SC"
2509,Richmond County,GA,201802,829.76,-0.0049,0.0439,"Augusta-Richmond County, GA-SC"
2509,Richmond County,GA,201803,836.21,0.0078,0.0384,"Augusta-Richmond County, GA-SC"
2509,Richmond County,GA,201804,839.58,0.004,0.0382,"Augusta-Richmond County, GA-SC"
2509,Richmond County,GA,201805,852.03,0.0148,0.0494,"Augusta-Richmond County, GA-SC"
2509,Richmond County,GA,201806,852.17,0.0002,0.0516,"Augusta-Richmond County, GA-SC"
2509,Richmond County,GA,201807,852.14,-0.0,0.0463,"Augusta-Richmond County, GA-SC"
2509,Richmond County,GA,201808,846.65,-0.0064,0.0421,"Augusta-Richmond County, GA-SC"
2509,Richmond County,GA,201809,847.1,0.0005,0.0398,"Augusta-Richmond County, GA-SC"
2509,Richmond County,GA,201810,851.0,0.0046,0.0447,"Augusta-Richmond County, GA-SC"
2509,Richmond County,GA,201811,854.46,0.0041,0.0379,"Augusta-Richmond County, GA-SC"
2509,Richmond County,GA,201812,856.57,0.0025,0.0354,"Augusta-Richmond County, GA-SC"
2509,Richmond County,GA,201901,856.05,-0.0006,0.0266,"Augusta-Richmond County, GA-SC"
2509,Richmond County,GA,201902,864.39,0.0097,0.0417,"Augusta-Richmond County, GA-SC"
2509,Richmond County,GA,201903,872.0,0.0088,0.0428,"Augusta-Richmond County, GA-SC"
2509,Richmond County,GA,201904,876.45,0.0051,0.0439,"Augusta-Richmond County, GA-SC"
2509,Richmond County,GA,201905,881.4,0.0057,0.0345,"Augusta-Richmond County, GA-SC"
2509,Richmond County,GA,201906,887.71,0.0072,0.0417,"Augusta-Richmond County, GA-SC"
2509,Richmond County,GA,201907,889.9,0.0025,0.0443,"Augusta-Richmond County, GA-SC"
2509,Richmond County,GA,201908,891.73,0.0021,0.0533,"Augusta-Richmond County, GA-SC"
2509,Richmond County,GA,201909,890.91,-0.0009,0.0517,"Augusta-Richmond County, GA-SC"
2509,Richmond County,GA,201910,894.44,0.004,0.051,"Augusta-Richmond County, GA-SC"
2509,Richmond County,GA,201911,894.93,0.0005,0.0474,"Augusta-Richmond County, GA-SC"
2509,Richmond County,GA,201912,897.85,0.0033,0.0482,"Augusta-Richmond County, GA-SC"
2509,Richmond County,GA,202001,901.55,0.0041,0.0532,"Augusta-Richmond County, GA-SC"
2509,Richmond County,GA,202002,900.45,-0.0012,0.0417,"Augusta-Richmond County, GA-SC"
2509,Richmond County,GA,202003,910.7,0.0114,0.0444,"Augusta-Richmond County, GA-SC"
2509,Richmond County,GA,202004,921.08,0.0114,0.0509,"Augusta-Richmond County, GA-SC"
2509,Richmond County,GA,202005,933.75,0.0137,0.0594,"Augusta-Richmond County, GA-SC"
2509,Richmond County,GA,202006,941.88,0.0087,0.061,"Augusta-Richmond County, GA-SC"
2509,Richmond County,GA,202007,956.02,0.015,0.0743,"Augusta-Richmond County, GA-SC"
2509,Richmond County,GA,202008,966.39,0.0109,0.0837,"Augusta-Richmond County, GA-SC"
2509,Richmond County,GA,202009,974.66,0.0086,0.094,"Augusta-Richmond County, GA-SC"
2509,Richmond County,GA,202010,974.92,0.0003,0.09,"Augusta-Richmond County, GA-SC"
2509,Richmond County,GA,202011,976.08,0.0012,0.0907,"Augusta-Richmond County, GA-SC"
2509,Richmond County,GA,202012,982.84,0.0069,0.0947,"Augusta-Richmond County, GA-SC"
2509,Richmond County,GA,202101,991.08,0.0084,0.0993,"Augusta-Richmond County, GA-SC"
2509,Richmond County,GA,202102,995.59,0.0045,0.1057,"Augusta-Richmond County, GA-SC"
2509,Richmond County,GA,202103,1004.78,0.0092,0.1033,"Augusta-Richmond County, GA-SC"
2509,Richmond County,GA,202104,1021.88,0.017,0.1094,"Augusta-Richmond County, GA-SC"
2509,Richmond County,GA,202105,1052.62,0.0301,0.1273,"Augusta-Richmond County, GA-SC"
2509,Richmond County,GA,202106,1076.1,0.0223,0.1425,"Augusta-Richmond County, GA-SC"
2509,Richmond County,GA,202107,1098.55,0.0209,0.1491,"Augusta-Richmond County, GA-SC"
2509,Richmond County,GA,202108,1112.78,0.013,0.1515,"Augusta-Richmond County, GA-SC"
2509,Richmond County,GA,202109,1116.41,0.0033,0.1454,"Augusta-Richmond County, GA-SC"
2509,Richmond County,GA,202110,1118.55,0.0019,0.1473,"Augusta-Richmond County, GA-SC"
2509,Richmond County,GA,202111,1114.63,-0.0035,0.1419,"Augusta-Richmond County, GA-SC"
2509,Richmond County,GA,202112,1113.75,-0.0008,0.1332,"Augusta-Richmond County, GA-SC"
2509,Richmond County,GA,202201,1112.23,-0.0014,0.1222,"Augusta-Richmond County, GA-SC"
2509,Richmond County,GA,202202,1125.75,0.0122,0.1307,"Augusta-Richmond County, GA-SC"
2509,Richmond County,GA,202203,1140.19,0.0128,0.1348,"Augusta-Richmond County, GA-SC"
2509,Richmond County,GA,202204,1154.6,0.0126,0.1299,"Augusta-Richmond County, GA-SC"
2509,Richmond County,GA,202205,1168.03,0.0116,0.1096,"Augusta-Richmond County, GA-SC"
2509,Richmond County,GA,202206,1180.55,0.0107,0.0971,"Augusta-Richmond County, GA-SC"
2509,Richmond County,GA,202207,1191.92,0.0096,0.085,"Augusta-Richmond County, GA-SC"
2509,Richmond County,GA,202208,1190.96,-0.0008,0.0703,"Augusta-Richmond County, GA-SC"
2509,Richmond County,GA,202209,1183.68,-0.0061,0.0603,"Augusta-Richmond County, GA-SC"
2509,Richmond County,GA,202210,1173.71,-0.0084,0.0493,"Augusta-Richmond County, GA-SC"
2509,Richmond County,GA,202211,1176.67,0.0025,0.0557,"Augusta-Richmond County, GA-SC"
2509,Richmond County,GA,202212,1183.82,0.0061,0.0629,"Augusta-Richmond County, GA-SC"
2509,Richmond County,GA,202301,1191.84,0.0068,0.0716,"Augusta-Richmond County, GA-SC"
2509,Richmond County,GA,202302,1196.57,0.004,0.0629,"Augusta-Richmond County, GA-SC"
2509,Richmond County,GA,202303,1211.06,0.0121,0.0622,"Augusta-Richmond County, GA-SC"
2509,Richmond County,GA,202304,1222.27,0.0093,0.0586,"Augusta-Richmond County, GA-SC"
2509,Richmond County,GA,202305,1230.51,0.0067,0.0535,"Augusta-Richmond County, GA-SC"
2509,Richmond County,GA,202306,1231.79,0.001,0.0434,"Augusta-Richmond County, GA-SC"
2509,Richmond County,GA,202307,1245.88,0.0114,0.0453,"Augusta-Richmond County, GA-SC"
2509,Richmond County,GA,202308,1249.57,0.003,0.0492,"Augusta-Richmond County, GA-SC"
2509,Richmond County,GA,202309,1254.48,0.0039,0.0598,"Augusta-Richmond County, GA-SC"
2509,Richmond County,GA,202310,1242.07,-0.0099,0.0582,"Augusta-Richmond County, GA-SC"
2509,Richmond County,GA,202311,1244.16,0.0017,0.0574,"Augusta-Richmond County, GA-SC"
2509,Richmond County,GA,202312,1241.07,-0.0025,0.0484,"Augusta-Richmond County, GA-SC"
2509,Richmond County,GA,202401,1234.51,-0.0053,0.0358,"Augusta-Richmond County, GA-SC"
2509,Richmond County,GA,202402,1234.41,-0.0001,0.0316,"Augusta-Richmond County, GA-SC"
2509,Richmond County,GA,202403,1235.86,0.0012,0.0205,"Augusta-Richmond County, GA-SC"
2509,Richmond County,GA,202404,1251.48,0.0126,0.0239,"Augusta-Richmond County, GA-SC"
2509,Richmond County,GA,202405,1255.3,0.0031,0.0202,"Augusta-Richmond County, GA-SC"
2509,Richmond County,GA,202406,1262.22,0.0055,0.0247,"Augusta-Richmond County, GA-SC"
2509,Richmond County,GA,202407,1264.02,0.0014,0.0146,"Augusta-Richmond County, GA-SC"
2509,Richmond County,GA,202408,1263.52,-0.0004,0.0112,"Augusta-Richmond County, GA-SC"
2509,Richmond County,GA,202409,1266.72,0.0025,0.0098,"Augusta-Richmond County, GA-SC"
2509,Richmond County,GA,202410,1275.26,0.0067,0.0267,"Augusta-Richmond County, GA-SC"
2509,Richmond County,GA,202411,1280.59,0.0042,0.0293,"Augusta-Richmond County, GA-SC"
2509,Richmond County,GA,202412,1290.9,0.008,0.0401,"Augusta-Richmond County, GA-SC"
2509,Richmond County,GA,202501,1299.34,0.0065,0.0525,"Augusta-Richmond County, GA-SC"
2509,Richmond County,GA,202502,1313.55,0.0109,0.0641,"Augusta-Richmond County, GA-SC"
2509,Richmond County,GA,202503,1316.54,0.0023,0.0653,"Augusta-Richmond County, GA-SC"
2509,Richmond County,GA,202504,1325.88,0.0071,0.0594,"Augusta-Richmond County, GA-SC"
2509,Richmond County,GA,202505,1326.57,0.0005,0.0568,"Augusta-Richmond County, GA-SC"
2509,Richmond County,GA,202506,1331.56,0.0038,0.0549,"Augusta-Richmond County, GA-SC"
2509,Richmond County,GA,202507,1327.68,-0.0029,0.0504,"Augusta-Richmond County, GA-SC"
2509,Richmond County,GA,202508,1332.15,0.0034,0.0543,"Augusta-Richmond County, GA-SC"
2509,Richmond County,GA,202509,1324.33,-0.0059,0.0455,"Augusta-Richmond County, GA-SC"
2509,Richmond County,GA,202510,1317.26,-0.0053,0.0329,"Augusta-Richmond County, GA-SC"
2509,Richmond County,GA,202511,1314.33,-0.0022,0.0263,"Augusta-Richmond County, GA-SC"
2509,Richmond County,GA,202512,1309.81,-0.0034,0.0147,"Augusta-Richmond County, GA-SC"
2509,Richmond County,GA,202601,1310.72,0.0007,0.0088,"Augusta-Richmond County, GA-SC"
2509,Richmond County,GA,202602,1309.44,-0.001,-0.0031,"Augusta-Richmond County, GA-SC"
2509,Richmond County,GA,202603,1321.66,0.0093,0.0039,"Augusta-Richmond County, GA-SC"
2509,Richmond County,GA,202604,1330.61,0.0068,0.0036,"Augusta-Richmond County, GA-SC"
2509,Richmond County,GA,202605,1339.67,0.0068,0.0099,"Augusta-Richmond County, GA-SC"
2509,Richmond County,GA,202606,1349.51,0.0073,0.0135,"Augusta-Richmond County, GA-SC"
2509,Richmond County,GA,202607,1362.68,0.0098,0.0264,"Augusta-Richmond County, GA-SC"
2509,Richmond County,GA,202608,1374.68,0.0088,0.0319,"Augusta-Richmond County, GA-SC"
2514,Rockdale County,GA,201501,809.24,,,"Atlanta-Sandy Springs-Alpharetta, GA"
2514,Rockdale County,GA,201502,824.43,0.0188,,"Atlanta-Sandy Springs-Alpharetta, GA"
2514,Rockdale County,GA,201503,837.83,0.0162,,"Atlanta-Sandy Springs-Alpharetta, GA"
2514,Rockdale County,GA,201504,843.93,0.0073,,"Atlanta-Sandy Springs-Alpharetta, GA"
2514,Rockdale County,GA,201505,850.89,0.0082,,"Atlanta-Sandy Springs-Alpharetta, GA"
2514,Rockdale County,GA,201506,857.96,0.0083,,"Atlanta-Sandy Springs-Alpharetta, GA"
2514,Rockdale County,GA,201507,866.25,0.0097,,"Atlanta-Sandy Springs-Alpharetta, GA"
2514,Rockdale County,GA,201508,863.31,-0.0034,,"Atlanta-Sandy Springs-Alpharetta, GA"
2514,Rockdale County,GA,201509,869.58,0.0073,,"Atlanta-Sandy Springs-Alpharetta, GA"
2514,Rockdale County,GA,201510,866.47,-0.0036,,"Atlanta-Sandy Springs-Alpharetta, GA"
2514,Rockdale County,GA,201511,861.56,-0.0057,,"Atlanta-Sandy Springs-Alpharetta, GA"
2514,Rockdale County,GA,201512,862.82,0.0015,,"Atlanta-Sandy Springs-Alpharetta, GA"
2514,Rockdale County,GA,201601,871.08,0.0096,0.0764,"Atlanta-Sandy Springs-Alpharetta, GA"
2514,Rockdale County,GA,201602,879.73,0.0099,0.0671,"Atlanta-Sandy Springs-Alpharetta, GA"
2514,Rockdale County,GA,201603,892.38,0.0144,0.0651,"Atlanta-Sandy Springs-Alpharetta, GA"
2514,Rockdale County,GA,201604,893.97,0.0018,0.0593,"Atlanta-Sandy Springs-Alpharetta, GA"
2514,Rockdale County,GA,201605,901.89,0.0089,0.0599,"Atlanta-Sandy Springs-Alpharetta, GA"
2514,Rockdale County,GA,201606,903.27,0.0015,0.0528,"Atlanta-Sandy Springs-Alpharetta, GA"
2514,Rockdale County,GA,201607,919.97,0.0185,0.062,"Atlanta-Sandy Springs-Alpharetta, GA"
2514,Rockdale County,GA,201608,918.94,-0.0011,0.0644,"Atlanta-Sandy Springs-Alpharetta, GA"
2514,Rockdale County,GA,201609,923.52,0.005,0.062,"Atlanta-Sandy Springs-Alpharetta, GA"
2514,Rockdale County,GA,201610,917.21,-0.0068,0.0586,"Atlanta-Sandy Springs-Alpharetta, GA"
2514,Rockdale County,GA,201611,920.81,0.0039,0.0688,"Atlanta-Sandy Springs-Alpharetta, GA"
2514,Rockdale County,GA,201612,924.73,0.0042,0.0717,"Atlanta-Sandy Springs-Alpharetta, GA"
2514,Rockdale County,GA,201701,930.33,0.0061,0.068,"Atlanta-Sandy Springs-Alpharetta, GA"
2514,Rockdale County,GA,201702,930.61,0.0003,0.0578,"Atlanta-Sandy Springs-Alpharetta, GA"
2514,Rockdale County,GA,201703,934.21,0.0039,0.0469,"Atlanta-Sandy Springs-Alpharetta, GA"
2514,Rockdale County,GA,201704,939.29,0.0054,0.0507,"Atlanta-Sandy Springs-Alpharetta, GA"
2514,Rockdale County,GA,201705,959.43,0.0214,0.0638,"Atlanta-Sandy Springs-Alpharetta, GA"
2514,Rockdale County,GA,201706,963.06,0.0038,0.0662,"Atlanta-Sandy Springs-Alpharetta, GA"
2514,Rockdale County,GA,201707,967.9,0.005,0.0521,"Atlanta-Sandy Springs-Alpharetta, GA"
2514,Rockdale County,GA,201708,969.97,0.0021,0.0555,"Atlanta-Sandy Springs-Alpharetta, GA"
2514,Rockdale County,GA,201709,975.05,0.0052,0.0558,"Atlanta-Sandy Springs-Alpharetta, GA"
2514,Rockdale County,GA,201710,971.09,-0.0041,0.0587,"Atlanta-Sandy Springs-Alpharetta, GA"
2514,Rockdale County,GA,201711,973.34,0.0023,0.057,"Atlanta-Sandy Springs-Alpharetta, GA"
2514,Rockdale County,GA,201712,974.51,0.0012,0.0538,"Atlanta-Sandy Springs-Alpharetta, GA"
2514,Rockdale County,GA,201801,991.05,0.017,0.0653,"Atlanta-Sandy Springs-Alpharetta, GA"
2514,Rockdale County,GA,201802,1001.12,0.0102,0.0758,"Atlanta-Sandy Springs-Alpharetta, GA"
2514,Rockdale County,GA,201803,1014.75,0.0136,0.0862,"Atlanta-Sandy Springs-Alpharetta, GA"
2514,Rockdale County,GA,201804,1012.57,-0.0022,0.078,"Atlanta-Sandy Springs-Alpharetta, GA"
2514,Rockdale County,GA,201805,1018.67,0.006,0.0617,"Atlanta-Sandy Springs-Alpharetta, GA"
2514,Rockdale County,GA,201806,1025.15,0.0064,0.0645,"Atlanta-Sandy Springs-Alpharetta, GA"
2514,Rockdale County,GA,201807,1022.18,-0.0029,0.0561,"Atlanta-Sandy Springs-Alpharetta, GA"
2514,Rockdale County,GA,201808,1016.66,-0.0054,0.0481,"Atlanta-Sandy Springs-Alpharetta, GA"
2514,Rockdale County,GA,201809,1016.81,0.0001,0.0428,"Atlanta-Sandy Springs-Alpharetta, GA"
2514,Rockdale County,GA,201810,1032.12,0.0151,0.0628,"Atlanta-Sandy Springs-Alpharetta, GA"
2514,Rockdale County,GA,201811,1045.24,0.0127,0.0739,"Atlanta-Sandy Springs-Alpharetta, GA"
2514,Rockdale County,GA,201812,1053.92,0.0083,0.0815,"Atlanta-Sandy Springs-Alpharetta, GA"
2514,Rockdale County,GA,201901,1062.43,0.0081,0.072,"Atlanta-Sandy Springs-Alpharetta, GA"
2514,Rockdale County,GA,201902,1071.26,0.0083,0.0701,"Atlanta-Sandy Springs-Alpharetta, GA"
2514,Rockdale County,GA,201903,1077.26,0.0056,0.0616,"Atlanta-Sandy Springs-Alpharetta, GA"
2514,Rockdale County,GA,201904,1080.85,0.0033,0.0674,"Atlanta-Sandy Springs-Alpharetta, GA"
2514,Rockdale County,GA,201905,1086.58,0.0053,0.0667,"Atlanta-Sandy Springs-Alpharetta, GA"
2514,Rockdale County,GA,201906,1100.15,0.0125,0.0732,"Atlanta-Sandy Springs-Alpharetta, GA"
2514,Rockdale County,GA,201907,1111.01,0.0099,0.0869,"Atlanta-Sandy Springs-Alpharetta, GA"
2514,Rockdale County,GA,201908,1122.93,0.0107,0.1045,"Atlanta-Sandy Springs-Alpharetta, GA"
2514,Rockdale County,GA,201909,1112.07,-0.0097,0.0937,"Atlanta-Sandy Springs-Alpharetta, GA"
2514,Rockdale County,GA,201910,1109.28,-0.0025,0.0748,"Atlanta-Sandy Springs-Alpharetta, GA"
2514,Rockdale County,GA,201911,1100.25,-0.0081,0.0526,"Atlanta-Sandy Springs-Alpharetta, GA"
2514,Rockdale County,GA,201912,1116.43,0.0147,0.0593,"Atlanta-Sandy Springs-Alpharetta, GA"
2514,Rockdale County,GA,202001,1116.71,0.0002,0.0511,"Atlanta-Sandy Springs-Alpharetta, GA"
2514,Rockdale County,GA,202002,1133.87,0.0154,0.0584,"Atlanta-Sandy Springs-Alpharetta, GA"
2514,Rockdale County,GA,202003,1127.71,-0.0054,0.0468,"Atlanta-Sandy Springs-Alpharetta, GA"
2514,Rockdale County,GA,202004,1150.2,0.0199,0.0642,"Atlanta-Sandy Springs-Alpharetta, GA"
2514,Rockdale County,GA,202005,1156.61,0.0056,0.0644,"Atlanta-Sandy Springs-Alpharetta, GA"
2514,Rockdale County,GA,202006,1189.34,0.0283,0.0811,"Atlanta-Sandy Springs-Alpharetta, GA"
2514,Rockdale County,GA,202007,1199.57,0.0086,0.0797,"Atlanta-Sandy Springs-Alpharetta, GA"
2514,Rockdale County,GA,202008,1226.6,0.0225,0.0923,"Atlanta-Sandy Springs-Alpharetta, GA"
2514,Rockdale County,GA,202009,1242.16,0.0127,0.117,"Atlanta-Sandy Springs-Alpharetta, GA"
2514,Rockdale County,GA,202010,1244.32,0.0017,0.1217,"Atlanta-Sandy Springs-Alpharetta, GA"
2514,Rockdale County,GA,202011,1246.17,0.0015,0.1326,"Atlanta-Sandy Springs-Alpharetta, GA"
2514,Rockdale County,GA,202012,1239.57,-0.0053,0.1103,"Atlanta-Sandy Springs-Alpharetta, GA"
2514,Rockdale County,GA,202101,1263.55,0.0194,0.1315,"Atlanta-Sandy Springs-Alpharetta, GA"
2514,Rockdale County,GA,202102,1275.05,0.0091,0.1245,"Atlanta-Sandy Springs-Alpharetta, GA"
2514,Rockdale County,GA,202103,1306.3,0.0245,0.1584,"Atlanta-Sandy Springs-Alpharetta, GA"
2514,Rockdale County,GA,202104,1339.01,0.025,0.1642,"Atlanta-Sandy Springs-Alpharetta, GA"
2514,Rockdale County,GA,202105,1369.15,0.0225,0.1838,"Atlanta-Sandy Springs-Alpharetta, GA"
2514,Rockdale County,GA,202106,1396.06,0.0197,0.1738,"Atlanta-Sandy Springs-Alpharetta, GA"
2514,Rockdale County,GA,202107,1421.99,0.0186,0.1854,"Atlanta-Sandy Springs-Alpharetta, GA"
2514,Rockdale County,GA,202108,1457.58,0.025,0.1883,"Atlanta-Sandy Springs-Alpharetta, GA"
2514,Rockdale County,GA,202109,1499.07,0.0285,0.2068,"Atlanta-Sandy Springs-Alpharetta, GA"
2514,Rockdale County,GA,202110,1500.62,0.001,0.206,"Atlanta-Sandy Springs-Alpharetta, GA"
2514,Rockdale County,GA,202111,1492.51,-0.0054,0.1977,"Atlanta-Sandy Springs-Alpharetta, GA"
2514,Rockdale County,GA,202112,1469.95,-0.0151,0.1859,"Atlanta-Sandy Springs-Alpharetta, GA"
2514,Rockdale County,GA,202201,1482.99,0.0089,0.1737,"Atlanta-Sandy Springs-Alpharetta, GA"
2514,Rockdale County,GA,202202,1492.17,0.0062,0.1703,"Atlanta-Sandy Springs-Alpharetta, GA"
2514,Rockdale County,GA,202203,1512.6,0.0137,0.1579,"Atlanta-Sandy Springs-Alpharetta, GA"
2514,Rockdale County,GA,202204,1527.54,0.0099,0.1408,"Atlanta-Sandy Springs-Alpharetta, GA"
2514,Rockdale County,GA,202205,1537.53,0.0065,0.123,"Atlanta-Sandy Springs-Alpharetta, GA"
2514,Rockdale County,GA,202206,1544.58,0.0046,0.1064,"Atlanta-Sandy Springs-Alpharetta, GA"
2514,Rockdale County,GA,202207,1567.41,0.0148,0.1023,"Atlanta-Sandy Springs-Alpharetta, GA"
2514,Rockdale County,GA,202208,1586.93,0.0125,0.0887,"Atlanta-Sandy Springs-Alpharetta, GA"
2514,Rockdale County,GA,202209,1594.4,0.0047,0.0636,"Atlanta-Sandy Springs-Alpharetta, GA"
2514,Rockdale County,GA,202210,1584.63,-0.0061,0.056,"Atlanta-Sandy Springs-Alpharetta, GA"
2514,Rockdale County,GA,202211,1584.51,-0.0001,0.0616,"Atlanta-Sandy Springs-Alpharetta, GA"
2514,Rockdale County,GA,202212,1590.4,0.0037,0.0819,"Atlanta-Sandy Springs-Alpharetta, GA"
2514,Rockdale County,GA,202301,1603.61,0.0083,0.0813,"Atlanta-Sandy Springs-Alpharetta, GA"
2514,Rockdale County,GA,202302,1601.35,-0.0014,0.0732,"Atlanta-Sandy Springs-Alpharetta, GA"
2514,Rockdale County,GA,202303,1613.38,0.0075,0.0666,"Atlanta-Sandy Springs-Alpharetta, GA"
2514,Rockdale County,GA,202304,1609.11,-0.0026,0.0534,"Atlanta-Sandy Springs-Alpharetta, GA"
2514,Rockdale County,GA,202305,1626.17,0.0106,0.0577,"Atlanta-Sandy Springs-Alpharetta, GA"
2514,Rockdale County,GA,202306,1622.51,-0.0023,0.0505,"Atlanta-Sandy Springs-Alpharetta, GA"
2514,Rockdale County,GA,202307,1620.86,-0.001,0.0341,"Atlanta-Sandy Springs-Alpharetta, GA"
2514,Rockdale County,GA,202308,1615.76,-0.0031,0.0182,"Atlanta-Sandy Springs-Alpharetta, GA"
2514,Rockdale County,GA,202309,1625.57,0.0061,0.0196,"Atlanta-Sandy Springs-Alpharetta, GA"
2514,Rockdale County,GA,202310,1627.65,0.0013,0.0271,"Atlanta-Sandy Springs-Alpharetta, GA"
2514,Rockdale County,GA,202311,1622.57,-0.0031,0.024,"Atlanta-Sandy Springs-Alpharetta, GA"
2514,Rockdale County,GA,202312,1612.67,-0.0061,0.014,"Atlanta-Sandy Springs-Alpharetta, GA"
2514,Rockdale County,GA,202401,1628.41,0.0098,0.0155,"Atlanta-Sandy Springs-Alpharetta, GA"
2514,Rockdale County,GA,202402,1631.96,0.0022,0.0191,"Atlanta-Sandy Springs-Alpharetta, GA"
2514,Rockdale County,GA,202403,1636.56,0.0028,0.0144,"Atlanta-Sandy Springs-Alpharetta, GA"
2514,Rockdale County,GA,202404,1640.05,0.0021,0.0192,"Atlanta-Sandy Springs-Alpharetta, GA"
2514,Rockdale County,GA,202405,1642.65,0.0016,0.0101,"Atlanta-Sandy Springs-Alpharetta, GA"
2514,Rockdale County,GA,202406,1654.83,0.0074,0.0199,"Atlanta-Sandy Springs-Alpharetta, GA"
2514,Rockdale County,GA,202407,1657.15,0.0014,0.0224,"Atlanta-Sandy Springs-Alpharetta, GA"
2514,Rockdale County,GA,202408,1674.58,0.0105,0.0364,"Atlanta-Sandy Springs-Alpharetta, GA"
2514,Rockdale County,GA,202409,1663.16,-0.0068,0.0231,"Atlanta-Sandy Springs-Alpharetta, GA"
2514,Rockdale County,GA,202410,1636.89,-0.0158,0.0057,"Atlanta-Sandy Springs-Alpharetta, GA"
2514,Rockdale County,GA,202411,1623.53,-0.0082,0.0006,"Atlanta-Sandy Springs-Alpharetta, GA"
2514,Rockdale County,GA,202412,1620.91,-0.0016,0.0051,"Atlanta-Sandy Springs-Alpharetta, GA"
2514,Rockdale County,GA,202501,1649.52,0.0176,0.013,"Atlanta-Sandy Springs-Alpharetta, GA"
2514,Rockdale County,GA,202502,1658.32,0.0053,0.0162,"Atlanta-Sandy Springs-Alpharetta, GA"
2514,Rockdale County,GA,202503,1661.52,0.0019,0.0153,"Atlanta-Sandy Springs-Alpharetta, GA"
2514,Rockdale County,GA,202504,1669.43,0.0048,0.0179,"Atlanta-Sandy Springs-Alpharetta, GA"
2514,Rockdale County,GA,202505,1691.07,0.013,0.0295,"Atlanta-Sandy Springs-Alpharetta, GA"
2514,Rockdale County,GA,202506,1716.72,0.0152,0.0374,"Atlanta-Sandy Springs-Alpharetta, GA"
2514,Rockdale County,GA,202507,1712.67,-0.0024,0.0335,"Atlanta-Sandy Springs-Alpharetta, GA"
2514,Rockdale County,GA,202508,1677.07,-0.0208,0.0015,"Atlanta-Sandy Springs-Alpharetta, GA"
2514,Rockdale County,GA,202509,1657.03,-0.0119,-0.0037,"Atlanta-Sandy Springs-Alpharetta, GA"
2514,Rockdale County,GA,202510,1647.82,-0.0056,0.0067,"Atlanta-Sandy Springs-Alpharetta, GA"
2514,Rockdale County,GA,202511,1665.25,0.0106,0.0257,"Atlanta-Sandy Springs-Alpharetta, GA"
2514,Rockdale County,GA,202512,1663.68,-0.0009,0.0264,"Atlanta-Sandy Springs-Alpharetta, GA"
2514,Rockdale County,GA,202601,1659.69,-0.0024,0.0062,"Atlanta-Sandy Springs-Alpharetta, GA"
2514,Rockdale County,GA,202602,1651.9,-0.0047,-0.0039,"Atlanta-Sandy Springs-Alpharetta, GA"
2514,Rockdale County,GA,202603,1663.51,0.007,0.0012,"Atlanta-Sandy Springs-Alpharetta, GA"
2514,Rockdale County,GA,202604,1675.39,0.0071,0.0036,"Atlanta-Sandy Springs-Alpharetta, GA"
2514,Rockdale County,GA,202605,1695.64,0.0121,0.0027,"Atlanta-Sandy Springs-Alpharetta, GA"
2514,Rockdale County,GA,202606,1699.07,0.002,-0.0103,"Atlanta-Sandy Springs-Alpharetta, GA"
2514,Rockdale County,GA,202607,1700.44,0.0008,-0.0071,"Atlanta-Sandy Springs-Alpharetta, GA"
2514,Rockdale County,GA,202608,1678.89,-0.0127,0.0011,"Atlanta-Sandy Springs-Alpharetta, GA"
2554,Spalding County,GA,202109,1052.51,,,"Atlanta-Sandy Springs-Alpharetta, GA"
2554,Spalding County,GA,202110,1084.86,0.0307,,"Atlanta-Sandy Springs-Alpharetta, GA"
2554,Spalding County,GA,202111,1105.86,0.0194,,"Atlanta-Sandy Springs-Alpharetta, GA"
2554,Spalding County,GA,202112,1121.33,0.014,,"Atlanta-Sandy Springs-Alpharetta, GA"
2554,Spalding County,GA,202201,1113.32,-0.0071,,"Atlanta-Sandy Springs-Alpharetta, GA"
2554,Spalding County,GA,202203,1107.43,-0.0053,,"Atlanta-Sandy Springs-Alpharetta, GA"
2554,Spalding County,GA,202204,1113.08,0.0051,,"Atlanta-Sandy Springs-Alpharetta, GA"
2554,Spalding County,GA,202205,1133.9,0.0187,,"Atlanta-Sandy Springs-Alpharetta, GA"
2554,Spalding County,GA,202206,1138.02,0.0036,,"Atlanta-Sandy Springs-Alpharetta, GA"
2554,Spalding County,GA,202207,1148.98,0.0096,,"Atlanta-Sandy Springs-Alpharetta, GA"
2554,Spalding County,GA,202208,1144.58,-0.0038,,"Atlanta-Sandy Springs-Alpharetta, GA"
2554,Spalding County,GA,202209,1160.13,0.0136,,"Atlanta-Sandy Springs-Alpharetta, GA"
2554,Spalding County,GA,202210,1162.84,0.0023,0.1048,"Atlanta-Sandy Springs-Alpharetta, GA"
2554,Spalding County,GA,202211,1172.94,0.0087,0.0812,"Atlanta-Sandy Springs-Alpharetta, GA"
2554,Spalding County,GA,202212,1160.1,-0.0109,0.0491,"Atlanta-Sandy Springs-Alpharetta, GA"
2554,Spalding County,GA,202301,1164.7,0.004,0.0387,"Atlanta-Sandy Springs-Alpharetta, GA"
2554,Spalding County,GA,202302,1169.5,0.0041,0.0505,"Atlanta-Sandy Springs-Alpharetta, GA"
2554,Spalding County,GA,202303,1192.68,0.0198,0.077,"Atlanta-Sandy Springs-Alpharetta, GA"
2554,Spalding County,GA,202304,1201.01,0.007,0.079,"Atlanta-Sandy Springs-Alpharetta, GA"
2554,Spalding County,GA,202305,1192.43,-0.0071,0.0516,"Atlanta-Sandy Springs-Alpharetta, GA"
2554,Spalding County,GA,202306,1206.07,0.0114,0.0598,"Atlanta-Sandy Springs-Alpharetta, GA"
2554,Spalding County,GA,202307,1211.05,0.0041,0.054,"Atlanta-Sandy Springs-Alpharetta, GA"
2554,Spalding County,GA,202308,1238.27,0.0225,0.0819,"Atlanta-Sandy Springs-Alpharetta, GA"
2554,Spalding County,GA,202309,1243.11,0.0039,0.0715,"Atlanta-Sandy Springs-Alpharetta, GA"
2554,Spalding County,GA,202310,1249.91,0.0055,0.0749,"Atlanta-Sandy Springs-Alpharetta, GA"
2554,Spalding County,GA,202311,1227.29,-0.0181,0.0463,"Atlanta-Sandy Springs-Alpharetta, GA"
2554,Spalding County,GA,202312,1211.24,-0.0131,0.0441,"Atlanta-Sandy Springs-Alpharetta, GA"
2554,Spalding County,GA,202401,1209.0,-0.0019,0.038,"Atlanta-Sandy Springs-Alpharetta, GA"
2554,Spalding County,GA,202402,1223.83,0.0123,0.0465,"Atlanta-Sandy Springs-Alpharetta, GA"
2554,Spalding County,GA,202403,1237.63,0.0113,0.0377,"Atlanta-Sandy Springs-Alpharetta, GA"
2554,Spalding County,GA,202404,1249.23,0.0094,0.0401,"Atlanta-Sandy Springs-Alpharetta, GA"
2554,Spalding County,GA,202405,1236.68,-0.01,0.0371,"Atlanta-Sandy Springs-Alpharetta, GA"
2554,Spalding County,GA,202406,1241.67,0.004,0.0295,"Atlanta-Sandy Springs-Alpharetta, GA"
2554,Spalding County,GA,202407,1246.99,0.0043,0.0297,"Atlanta-Sandy Springs-Alpharetta, GA"
2554,Spalding County,GA,202408,1273.32,0.0211,0.0283,"Atlanta-Sandy Springs-Alpharetta, GA"
2554,Spalding County,GA,202409,1271.8,-0.0012,0.0231,"Atlanta-Sandy Springs-Alpharetta, GA"
2554,Spalding County,GA,202410,1258.72,-0.0103,0.007,"Atlanta-Sandy Springs-Alpharetta, GA"
2554,Spalding County,GA,202411,1246.05,-0.0101,0.0153,"Atlanta-Sandy Springs-Alpharetta, GA"
2554,Spalding County,GA,202412,1248.51,0.002,0.0308,"Atlanta-Sandy Springs-Alpharetta, GA"
2554,Spalding County,GA,202501,1259.19,0.0086,0.0415,"Atlanta-Sandy Springs-Alpharetta, GA"
2554,Spalding County,GA,202502,1268.93,0.0077,0.0368,"Atlanta-Sandy Springs-Alpharetta, GA"
2554,Spalding County,GA,202503,1267.75,-0.0009,0.0243,"Atlanta-Sandy Springs-Alpharetta, GA"
2554,Spalding County,GA,202504,1276.94,0.0072,0.0222,"Atlanta-Sandy Springs-Alpharetta, GA"
2554,Spalding County,GA,202505,1294.06,0.0134,0.0464,"Atlanta-Sandy Springs-Alpharetta, GA"
2554,Spalding County,GA,202506,1310.17,0.0125,0.0552,"Atlanta-Sandy Springs-Alpharetta, GA"
2554,Spalding County,GA,202507,1299.48,-0.0082,0.0421,"Atlanta-Sandy Springs-Alpharetta, GA"
2554,Spalding County,GA,202508,1298.93,-0.0004,0.0201,"Atlanta-Sandy Springs-Alpharetta, GA"
2554,Spalding County,GA,202509,1289.85,-0.007,0.0142,"Atlanta-Sandy Springs-Alpharetta, GA"
2554,Spalding County,GA,202510,1284.89,-0.0038,0.0208,"Atlanta-Sandy Springs-Alpharetta, GA"
2554,Spalding County,GA,202511,1275.16,-0.0076,0.0234,"Atlanta-Sandy Springs-Alpharetta, GA"
2554,Spalding County,GA,202512,1273.66,-0.0012,0.0201,"Atlanta-Sandy Springs-Alpharetta, GA"
2554,Spalding County,GA,202601,1272.54,-0.0009,0.0106,"Atlanta-Sandy Springs-Alpharetta, GA"
2554,Spalding County,GA,202602,1279.28,0.0053,0.0082,"Atlanta-Sandy Springs-Alpharetta, GA"
2554,Spalding County,GA,202603,1290.58,0.0088,0.018,"Atlanta-Sandy Springs-Alpharetta, GA"
2554,Spalding County,GA,202604,1306.9,0.0126,0.0235,"Atlanta-Sandy Springs-Alpharetta, GA"
2554,Spalding County,GA,202605,1304.38,-0.0019,0.008,"Atlanta-Sandy Springs-Alpharetta, GA"
2554,Spalding County,GA,202606,1311.09,0.0051,0.0007,"Atlanta-Sandy Springs-Alpharetta, GA"
2554,Spalding County,GA,202607,1317.79,0.0051,0.0141,"Atlanta-Sandy Springs-Alpharetta, GA"
2554,Spalding County,GA,202608,1311.74,-0.0046,0.0099,"Atlanta-Sandy Springs-Alpharetta, GA"
2571,Tattnall County,GA,202606,1042.13,,,
2571,Tattnall County,GA,202607,1064.04,0.021,,
2571,Tattnall County,GA,202608,1250.0,0.1748,,
2686,Dougherty County,GA,201701,578.05,,,"Albany, GA"
2686,Dougherty County,GA,201702,577.14,-0.0016,,"Albany, GA"
2686,Dougherty County,GA,201703,578.09,0.0017,,"Albany, GA"
2686,Dougherty County,GA,201704,581.04,0.0051,,"Albany, GA"
2686,Dougherty County,GA,201705,580.03,-0.0017,,"Albany, GA"
2686,Dougherty County,GA,201706,580.14,0.0002,,"Albany, GA"
2686,Dougherty County,GA,201707,577.96,-0.0037,,"Albany, GA"
2686,Dougherty County,GA,201708,577.72,-0.0004,,"Albany, GA"
2686,Dougherty County,GA,201709,571.44,-0.0109,,"Albany, GA"
2686,Dougherty County,GA,201710,575.07,0.0063,,"Albany, GA"
2686,Dougherty County,GA,201711,576.13,0.0019,,"Albany, GA"
2686,Dougherty County,GA,201712,588.57,0.0216,,"Albany, GA"
2686,Dougherty County,GA,201801,592.11,0.006,0.0243,"Albany, GA"
2686,Dougherty County,GA,201802,594.56,0.0041,0.0302,"Albany, GA"
2686,Dougherty County,GA,201803,590.29,-0.0072,0.0211,"Albany, GA"
2686,Dougherty County,GA,201804,584.73,-0.0094,0.0064,"Albany, GA"
2686,Dougherty County,GA,201805,584.12,-0.001,0.007,"Albany, GA"
2686,Dougherty County,GA,201806,583.93,-0.0003,0.0065,"Albany, GA"
2686,Dougherty County,GA,201807,588.25,0.0074,0.0178,"Albany, GA"
2686,Dougherty County,GA,201808,591.3,0.0052,0.0235,"Albany, GA"
2686,Dougherty County,GA,201809,600.64,0.0158,0.0511,"Albany, GA"
2686,Dougherty County,GA,201810,606.13,0.0091,0.054,"Albany, GA"
2686,Dougherty County,GA,201811,608.71,0.0043,0.0565,"Albany, GA"
2686,Dougherty County,GA,201812,605.44,-0.0054,0.0286,"Albany, GA"
2686,Dougherty County,GA,201901,609.83,0.0073,0.0299,"Albany, GA"
2686,Dougherty County,GA,201902,615.07,0.0086,0.0345,"Albany, GA"
2686,Dougherty County,GA,201903,618.39,0.0054,0.0476,"Albany, GA"
2686,Dougherty County,GA,201904,613.63,-0.0077,0.0494,"Albany, GA"
2686,Dougherty County,GA,201905,614.77,0.0019,0.0525,"Albany, GA"
2686,Dougherty County,GA,201906,612.64,-0.0035,0.0492,"Albany, GA"
2686,Dougherty County,GA,201907,620.08,0.0122,0.0541,"Albany, GA"
2686,Dougherty County,GA,201908,620.46,0.0006,0.0493,"Albany, GA"
2686,Dougherty County,GA,201909,628.31,0.0126,0.0461,"Albany, GA"
2686,Dougherty County,GA,201910,629.29,0.0016,0.0382,"Albany, GA"
2686,Dougherty County,GA,201911,639.82,0.0167,0.0511,"Albany, GA"
2686,Dougherty County,GA,201912,642.43,0.0041,0.0611,"Albany, GA"
2686,Dougherty County,GA,202001,646.6,0.0065,0.0603,"Albany, GA"
2686,Dougherty County,GA,202002,647.07,0.0007,0.052,"Albany, GA"
2686,Dougherty County,GA,202003,654.97,0.0122,0.0592,"Albany, GA"
2686,Dougherty County,GA,202004,660.23,0.008,0.0759,"Albany, GA"
2686,Dougherty County,GA,202005,665.25,0.0076,0.0821,"Albany, GA"
2686,Dougherty County,GA,202006,665.63,0.0006,0.0865,"Albany, GA"
2686,Dougherty County,GA,202007,661.79,-0.0058,0.0673,"Albany, GA"
2686,Dougherty County,GA,202008,671.38,0.0145,0.0821,"Albany, GA"
2686,Dougherty County,GA,202009,683.07,0.0174,0.0872,"Albany, GA"
2686,Dougherty County,GA,202010,696.07,0.019,0.1061,"Albany, GA"
2686,Dougherty County,GA,202011,687.51,-0.0123,0.0745,"Albany, GA"
2686,Dougherty County,GA,202012,680.08,-0.0108,0.0586,"Albany, GA"
2686,Dougherty County,GA,202101,681.57,0.0022,0.0541,"Albany, GA"
2686,Dougherty County,GA,202102,681.63,0.0001,0.0534,"Albany, GA"
2686,Dougherty County,GA,202103,700.13,0.0271,0.069,"Albany, GA"
2686,Dougherty County,GA,202104,720.16,0.0286,0.0908,"Albany, GA"
2686,Dougherty County,GA,202105,748.8,0.0398,0.1256,"Albany, GA"
2686,Dougherty County,GA,202106,762.19,0.0179,0.1451,"Albany, GA"
2686,Dougherty County,GA,202107,765.2,0.004,0.1563,"Albany, GA"
2686,Dougherty County,GA,202108,776.42,0.0147,0.1565,"Albany, GA"
2686,Dougherty County,GA,202109,771.14,-0.0068,0.1289,"Albany, GA"
2686,Dougherty County,GA,202110,786.89,0.0204,0.1305,"Albany, GA"
2686,Dougherty County,GA,202111,785.53,-0.0017,0.1426,"Albany, GA"
2686,Dougherty County,GA,202112,804.89,0.0247,0.1835,"Albany, GA"
2686,Dougherty County,GA,202201,804.46,-0.0005,0.1803,"Albany, GA"
2686,Dougherty County,GA,202202,816.72,0.0152,0.1982,"Albany, GA"
2686,Dougherty County,GA,202203,812.02,-0.0058,0.1598,"Albany, GA"
2686,Dougherty County,GA,202204,821.08,0.0112,0.1401,"Albany, GA"
2686,Dougherty County,GA,202205,831.87,0.0131,0.1109,"Albany, GA"
2686,Dougherty County,GA,202206,845.83,0.0168,0.1097,"Albany, GA"
2686,Dougherty County,GA,202207,852.74,0.0082,0.1144,"Albany, GA"
2686,Dougherty County,GA,202208,857.17,0.0052,0.104,"Albany, GA"
2686,Dougherty County,GA,202209,863.88,0.0078,0.1203,"Albany, GA"
2686,Dougherty County,GA,202210,864.7,0.001,0.0989,"Albany, GA"
2686,Dougherty County,GA,202211,860.7,-0.0046,0.0957,"Albany, GA"
2686,Dougherty County,GA,202212,848.6,-0.0141,0.0543,"Albany, GA"
2686,Dougherty County,GA,202301,848.25,-0.0004,0.0544,"Albany, GA"
2686,Dougherty County,GA,202302,849.36,0.0013,0.04,"Albany, GA"
2686,Dougherty County,GA,202303,868.81,0.0229,0.0699,"Albany, GA"
2686,Dougherty County,GA,202304,879.01,0.0117,0.0705,"Albany, GA"
2686,Dougherty County,GA,202305,883.48,0.0051,0.062,"Albany, GA"
2686,Dougherty County,GA,202306,885.99,0.0028,0.0475,"Albany, GA"
2686,Dougherty County,GA,202307,882.61,-0.0038,0.035,"Albany, GA"
2686,Dougherty County,GA,202308,890.54,0.009,0.0389,"Albany, GA"
2686,Dougherty County,GA,202309,894.3,0.0042,0.0352,"Albany, GA"
2686,Dougherty County,GA,202310,906.5,0.0136,0.0483,"Albany, GA"
2686,Dougherty County,GA,202311,917.58,0.0122,0.0661,"Albany, GA"
2686,Dougherty County,GA,202312,918.42,0.0009,0.0823,"Albany, GA"
2686,Dougherty County,GA,202401,925.26,0.0074,0.0908,"Albany, GA"
2686,Dougherty County,GA,202402,912.32,-0.014,0.0741,"Albany, GA"
2686,Dougherty County,GA,202403,923.65,0.0124,0.0631,"Albany, GA"
2686,Dougherty County,GA,202404,919.26,-0.0048,0.0458,"Albany, GA"
2686,Dougherty County,GA,202405,936.25,0.0185,0.0597,"Albany, GA"
2686,Dougherty County,GA,202406,933.76,-0.0027,0.0539,"Albany, GA"
2686,Dougherty County,GA,202407,941.56,0.0084,0.0668,"Albany, GA"
2686,Dougherty County,GA,202408,952.07,0.0112,0.0691,"Albany, GA"
2686,Dougherty County,GA,202409,951.05,-0.0011,0.0635,"Albany, GA"
2686,Dougherty County,GA,202410,948.04,-0.0032,0.0458,"Albany, GA"
2686,Dougherty County,GA,202411,931.62,-0.0173,0.0153,"Albany, GA"
2686,Dougherty County,GA,202412,937.5,0.0063,0.0208,"Albany, GA"
2686,Dougherty County,GA,202501,937.22,-0.0003,0.0129,"Albany, GA"
2686,Dougherty County,GA,202502,938.59,0.0015,0.0288,"Albany, GA"
2686,Dougherty County,GA,202503,934.8,-0.004,0.0121,"Albany, GA"
2686,Dougherty County,GA,202504,952.89,0.0194,0.0366,"Albany, GA"
2686,Dougherty County,GA,202505,966.41,0.0142,0.0322,"Albany, GA"
2686,Dougherty County,GA,202506,980.22,0.0143,0.0498,"Albany, GA"
2686,Dougherty County,GA,202507,983.69,0.0035,0.0447,"Albany, GA"
2686,Dougherty County,GA,202508,981.56,-0.0022,0.031,"Albany, GA"
2686,Dougherty County,GA,202509,971.23,-0.0105,0.0212,"Albany, GA"
2686,Dougherty County,GA,202510,957.4,-0.0142,0.0099,"Albany, GA"
2686,Dougherty County,GA,202511,970.11,0.0133,0.0413,"Albany, GA"
2686,Dougherty County,GA,202512,991.32,0.0219,0.0574,"Albany, GA"
2686,Dougherty County,GA,202601,1005.7,0.0145,0.0731,"Albany, GA"
2686,Dougherty County,GA,202602,1017.32,0.0116,0.0839,"Albany, GA"
2686,Dougherty County,GA,202603,1019.42,0.0021,0.0905,"Albany, GA"
2686,Dougherty County,GA,202604,1017.33,-0.002,0.0676,"Albany, GA"
2686,Dougherty County,GA,202605,998.6,-0.0184,0.0333,"Albany, GA"
2686,Dougherty County,GA,202606,988.18,-0.0104,0.0081,"Albany, GA"
2686,Dougherty County,GA,202607,991.78,0.0036,0.0082,"Albany, GA"
2686,Dougherty County,GA,202608,1003.67,0.012,0.0225,"Albany, GA"
2689,Effingham County,GA,202202,1685.33,,,"Savannah, GA"
2689,Effingham County,GA,202203,1705.73,0.0121,,"Savannah, GA"
2689,Effingham County,GA,202204,1744.43,0.0227,,"Savannah, GA"
2689,Effingham County,GA,202205,1727.33,-0.0098,,"Savannah, GA"
2689,Effingham County,GA,202206,1739.69,0.0072,,"Savannah, GA"
2689,Effingham County,GA,202207,1729.95,-0.0056,,"Savannah, GA"
2689,Effingham County,GA,202208,1749.97,0.0116,,"Savannah, GA"
2689,Effingham County,GA,202209,1747.9,-0.0012,,"Savannah, GA"
2689,Effingham County,GA,202210,1773.86,0.0149,,"Savannah, GA"
2689,Effingham County,GA,202211,1780.8,0.0039,,"Savannah, GA"
2689,Effingham County,GA,202212,1793.59,0.0072,,"Savannah, GA"
2689,Effingham County,GA,202301,1807.88,0.008,,"Savannah, GA"
2689,Effingham County,GA,202302,1857.71,0.0276,0.1023,"Savannah, GA"
2689,Effingham County,GA,202303,1883.31,0.0138,0.1041,"Savannah, GA"
2689,Effingham County,GA,202304,1900.76,0.0093,0.0896,"Savannah, GA"
2689,Effingham County,GA,202305,1910.98,0.0054,0.1063,"Savannah, GA"
2689,Effingham County,GA,202306,1932.99,0.0115,0.1111,"Savannah, GA"
2689,Effingham County,GA,202307,1940.34,0.0038,0.1216,"Savannah, GA"
2689,Effingham County,GA,202308,1941.76,0.0007,0.1096,"Savannah, GA"
2689,Effingham County,GA,202309,1939.07,-0.0014,0.1094,"Savannah, GA"
2689,Effingham County,GA,202311,1967.3,0.0146,0.109,"Savannah, GA"
2689,Effingham County,GA,202312,1988.94,0.011,0.1169,"Savannah, GA"
2689,Effingham County,GA,202401,1968.57,-0.0102,0.0976,"Savannah, GA"
2689,Effingham County,GA,202402,1962.93,-0.0029,0.0858,"Savannah, GA"
2689,Effingham County,GA,202403,1970.9,0.0041,0.0609,"Savannah, GA"
2689,Effingham County,GA,202404,1998.21,0.0139,0.061,"Savannah, GA"
2689,Effingham County,GA,202405,2016.85,0.0093,0.0611,"Savannah, GA"
2689,Effingham County,GA,202406,2033.32,0.0082,0.064,"Savannah, GA"
2689,Effingham County,GA,202407,2043.93,0.0052,0.0574,"Savannah, GA"
2689,Effingham County,GA,202408,2052.84,0.0044,0.058,"Savannah, GA"
2689,Effingham County,GA,202409,2057.01,0.002,0.0594,"Savannah, GA"
2689,Effingham County,GA,202410,2057.07,0.0,0.0609,"Savannah, GA"
2689,Effingham County,GA,202411,2088.2,0.0151,0.0615,"Savannah, GA"
2689,Effingham County,GA,202412,2091.46,0.0016,0.0515,"Savannah, GA"
2689,Effingham County,GA,202501,2093.41,0.0009,0.0634,"Savannah, GA"
2689,Effingham County,GA,202502,2072.73,-0.0099,0.0559,"Savannah, GA"
2689,Effingham County,GA,202503,2079.8,0.0034,0.0553,"Savannah, GA"
2689,Effingham County,GA,202504,2077.83,-0.0009,0.0398,"Savannah, GA"
2689,Effingham County,GA,202505,2084.2,0.0031,0.0334,"Savannah, GA"
2689,Effingham County,GA,202506,2092.4,0.0039,0.0291,"Savannah, GA"
2689,Effingham County,GA,202507,2101.73,0.0045,0.0283,"Savannah, GA"
2689,Effingham County,GA,202508,2077.94,-0.0113,0.0122,"Savannah, GA"
2689,Effingham County,GA,202509,2051.46,-0.0127,-0.0027,"Savannah, GA"
2689,Effingham County,GA,202510,2046.35,-0.0025,-0.0052,"Savannah, GA"
2689,Effingham County,GA,202511,2080.8,0.0168,-0.0035,"Savannah, GA"
2689,Effingham County,GA,202512,2122.38,0.02,0.0148,"Savannah, GA"
2689,Effingham County,GA,202601,2139.03,0.0078,0.0218,"Savannah, GA"
2689,Effingham County,GA,202602,2122.72,-0.0076,0.0241,"Savannah, GA"
2689,Effingham County,GA,202603,2100.53,-0.0105,0.01,"Savannah, GA"
2689,Effingham County,GA,202604,2094.86,-0.0027,0.0082,"Savannah, GA"
2689,Effingham County,GA,202605,2090.91,-0.0019,0.0032,"Savannah, GA"
2689,Effingham County,GA,202606,2108.47,0.0084,0.0077,"Savannah, GA"
2689,Effingham County,GA,202607,2116.61,0.0039,0.0071,"Savannah, GA"
2689,Effingham County,GA,202608,2130.14,0.0064,0.0251,"Savannah, GA"
2713,Habersham County,GA,202607,1502.28,,,"Cornelia, GA"
2713,Habersham County,GA,202608,1503.75,0.001,,"Cornelia, GA"
2872,Whitfield County,GA,202401,1366.21,,,"Dalton, GA"
2872,Whitfield County,GA,202402,1361.71,-0.0033,,"Dalton, GA"
2872,Whitfield County,GA,202404,1401.91,0.0295,,"Dalton, GA"
2872,Whitfield County,GA,202405,1400.86,-0.0008,,"Dalton, GA"
2872,Whitfield County,GA,202406,1398.18,-0.0019,,"Dalton, GA"
2872,Whitfield County,GA,202407,1399.69,0.0011,,"Dalton, GA"
2872,Whitfield County,GA,202408,1412.0,0.0088,,"Dalton, GA"
2872,Whitfield County,GA,202409,1422.04,0.0071,,"Dalton, GA"
2872,Whitfield County,GA,202410,1433.22,0.0079,,"Dalton, GA"
2872,Whitfield County,GA,202411,1418.09,-0.0106,,"Dalton, GA"
2872,Whitfield County,GA,202412,1454.97,0.026,,"Dalton, GA"
2872,Whitfield County,GA,202501,1451.36,-0.0025,,"Dalton, GA"
2872,Whitfield County,GA,202502,1451.85,0.0003,0.0627,"Dalton, GA"
2872,Whitfield County,GA,202503,1426.42,-0.0175,0.0475,"Dalton, GA"
2872,Whitfield County,GA,202504,1434.41,0.0056,0.0232,"Dalton, GA"
2872,Whitfield County,GA,202505,1452.74,0.0128,0.037,"Dalton, GA"
2872,Whitfield County,GA,202506,1431.82,-0.0144,0.0241,"Dalton, GA"
2872,Whitfield County,GA,202507,1431.04,-0.0005,0.0224,"Dalton, GA"
2872,Whitfield County,GA,202508,1419.14,-0.0083,0.0051,"Dalton, GA"
2872,Whitfield County,GA,202509,1442.54,0.0165,0.0144,"Dalton, GA"
2872,Whitfield County,GA,202510,1441.63,-0.0006,0.0059,"Dalton, GA"
2872,Whitfield County,GA,202511,1459.54,0.0124,0.0292,"Dalton, GA"
2872,Whitfield County,GA,202512,1454.03,-0.0038,-0.0006,"Dalton, GA"
2872,Whitfield County,GA,202601,1463.81,0.0067,0.0086,"Dalton, GA"
2872,Whitfield County,GA,202602,1459.74,-0.0028,0.0054,"Dalton, GA"
2872,Whitfield County,GA,202603,1471.05,0.0078,0.0313,"Dalton, GA"
2872,Whitfield County,GA,202604,1472.83,0.0012,0.0268,"Dalton, GA"
2872,Whitfield County,GA,202605,1469.28,-0.0024,0.0114,"Dalton, GA"
2872,Whitfield County,GA,202606,1468.52,-0.0005,0.0256,"Dalton, GA"
2872,Whitfield County,GA,202607,1466.86,-0.0011,0.025,"Dalton, GA"
2872,Whitfield County,GA,202608,1488.0,0.0144,0.0485,"Dalton, GA"
2963,Meriwether County,GA,202608,1200.0,,,"Atlanta-Sandy Springs-Alpharetta, GA"
