RegionID,RegionName,State,month_date_yyyymm,zori,zori_mm,zori_yy,Metro
429,Cecil County,MD,202008,1316.29,,,"Philadelphia-Camden-Wilmington, PA-NJ-DE-MD"
429,Cecil County,MD,202009,1329.83,0.0103,,"Philadelphia-Camden-Wilmington, PA-NJ-DE-MD"
429,Cecil County,MD,202010,1329.74,-0.0001,,"Philadelphia-Camden-Wilmington, PA-NJ-DE-MD"
429,Cecil County,MD,202011,1328.08,-0.0012,,"Philadelphia-Camden-Wilmington, PA-NJ-DE-MD"
429,Cecil County,MD,202012,1319.06,-0.0068,,"Philadelphia-Camden-Wilmington, PA-NJ-DE-MD"
429,Cecil County,MD,202101,1333.95,0.0113,,"Philadelphia-Camden-Wilmington, PA-NJ-DE-MD"
429,Cecil County,MD,202102,1361.28,0.0205,,"Philadelphia-Camden-Wilmington, PA-NJ-DE-MD"
429,Cecil County,MD,202103,1380.65,0.0142,,"Philadelphia-Camden-Wilmington, PA-NJ-DE-MD"
429,Cecil County,MD,202104,1395.75,0.0109,,"Philadelphia-Camden-Wilmington, PA-NJ-DE-MD"
429,Cecil County,MD,202105,1401.58,0.0042,,"Philadelphia-Camden-Wilmington, PA-NJ-DE-MD"
429,Cecil County,MD,202106,1418.12,0.0118,,"Philadelphia-Camden-Wilmington, PA-NJ-DE-MD"
429,Cecil County,MD,202107,1429.6,0.0081,,"Philadelphia-Camden-Wilmington, PA-NJ-DE-MD"
429,Cecil County,MD,202108,1443.85,0.01,0.0969,"Philadelphia-Camden-Wilmington, PA-NJ-DE-MD"
429,Cecil County,MD,202109,1453.3,0.0065,0.0928,"Philadelphia-Camden-Wilmington, PA-NJ-DE-MD"
429,Cecil County,MD,202110,1466.41,0.009,0.1028,"Philadelphia-Camden-Wilmington, PA-NJ-DE-MD"
429,Cecil County,MD,202111,1480.72,0.0098,0.1149,"Philadelphia-Camden-Wilmington, PA-NJ-DE-MD"
429,Cecil County,MD,202112,1495.88,0.0102,0.1341,"Philadelphia-Camden-Wilmington, PA-NJ-DE-MD"
429,Cecil County,MD,202201,1515.16,0.0129,0.1358,"Philadelphia-Camden-Wilmington, PA-NJ-DE-MD"
429,Cecil County,MD,202202,1532.36,0.0113,0.1257,"Philadelphia-Camden-Wilmington, PA-NJ-DE-MD"
429,Cecil County,MD,202203,1565.65,0.0217,0.134,"Philadelphia-Camden-Wilmington, PA-NJ-DE-MD"
429,Cecil County,MD,202204,1584.0,0.0117,0.1349,"Philadelphia-Camden-Wilmington, PA-NJ-DE-MD"
429,Cecil County,MD,202205,1584.77,0.0005,0.1307,"Philadelphia-Camden-Wilmington, PA-NJ-DE-MD"
429,Cecil County,MD,202206,1591.71,0.0044,0.1224,"Philadelphia-Camden-Wilmington, PA-NJ-DE-MD"
429,Cecil County,MD,202207,1609.24,0.011,0.1257,"Philadelphia-Camden-Wilmington, PA-NJ-DE-MD"
429,Cecil County,MD,202208,1652.26,0.0267,0.1443,"Philadelphia-Camden-Wilmington, PA-NJ-DE-MD"
429,Cecil County,MD,202209,1664.55,0.0074,0.1454,"Philadelphia-Camden-Wilmington, PA-NJ-DE-MD"
429,Cecil County,MD,202210,1653.48,-0.0067,0.1276,"Philadelphia-Camden-Wilmington, PA-NJ-DE-MD"
429,Cecil County,MD,202211,1631.51,-0.0133,0.1018,"Philadelphia-Camden-Wilmington, PA-NJ-DE-MD"
429,Cecil County,MD,202212,1635.53,0.0025,0.0934,"Philadelphia-Camden-Wilmington, PA-NJ-DE-MD"
429,Cecil County,MD,202301,1648.39,0.0079,0.0879,"Philadelphia-Camden-Wilmington, PA-NJ-DE-MD"
429,Cecil County,MD,202302,1660.47,0.0073,0.0836,"Philadelphia-Camden-Wilmington, PA-NJ-DE-MD"
429,Cecil County,MD,202303,1668.78,0.005,0.0659,"Philadelphia-Camden-Wilmington, PA-NJ-DE-MD"
429,Cecil County,MD,202304,1682.06,0.008,0.0619,"Philadelphia-Camden-Wilmington, PA-NJ-DE-MD"
429,Cecil County,MD,202305,1686.46,0.0026,0.0642,"Philadelphia-Camden-Wilmington, PA-NJ-DE-MD"
429,Cecil County,MD,202306,1687.68,0.0007,0.0603,"Philadelphia-Camden-Wilmington, PA-NJ-DE-MD"
429,Cecil County,MD,202307,1680.65,-0.0042,0.0444,"Philadelphia-Camden-Wilmington, PA-NJ-DE-MD"
429,Cecil County,MD,202308,1718.8,0.0227,0.0403,"Philadelphia-Camden-Wilmington, PA-NJ-DE-MD"
429,Cecil County,MD,202309,1746.07,0.0159,0.049,"Philadelphia-Camden-Wilmington, PA-NJ-DE-MD"
429,Cecil County,MD,202310,1781.9,0.0205,0.0777,"Philadelphia-Camden-Wilmington, PA-NJ-DE-MD"
429,Cecil County,MD,202311,1762.03,-0.0112,0.08,"Philadelphia-Camden-Wilmington, PA-NJ-DE-MD"
429,Cecil County,MD,202312,1754.92,-0.004,0.073,"Philadelphia-Camden-Wilmington, PA-NJ-DE-MD"
429,Cecil County,MD,202401,1731.01,-0.0136,0.0501,"Philadelphia-Camden-Wilmington, PA-NJ-DE-MD"
429,Cecil County,MD,202402,1730.3,-0.0004,0.0421,"Philadelphia-Camden-Wilmington, PA-NJ-DE-MD"
429,Cecil County,MD,202403,1717.82,-0.0072,0.0294,"Philadelphia-Camden-Wilmington, PA-NJ-DE-MD"
429,Cecil County,MD,202404,1741.88,0.014,0.0356,"Philadelphia-Camden-Wilmington, PA-NJ-DE-MD"
429,Cecil County,MD,202405,1751.45,0.0055,0.0385,"Philadelphia-Camden-Wilmington, PA-NJ-DE-MD"
429,Cecil County,MD,202406,1764.21,0.0073,0.0453,"Philadelphia-Camden-Wilmington, PA-NJ-DE-MD"
429,Cecil County,MD,202407,1771.22,0.004,0.0539,"Philadelphia-Camden-Wilmington, PA-NJ-DE-MD"
429,Cecil County,MD,202408,1772.37,0.0006,0.0312,"Philadelphia-Camden-Wilmington, PA-NJ-DE-MD"
429,Cecil County,MD,202409,1774.69,0.0013,0.0164,"Philadelphia-Camden-Wilmington, PA-NJ-DE-MD"
429,Cecil County,MD,202410,1781.23,0.0037,-0.0004,"Philadelphia-Camden-Wilmington, PA-NJ-DE-MD"
429,Cecil County,MD,202411,1802.58,0.012,0.023,"Philadelphia-Camden-Wilmington, PA-NJ-DE-MD"
429,Cecil County,MD,202412,1818.99,0.0091,0.0365,"Philadelphia-Camden-Wilmington, PA-NJ-DE-MD"
429,Cecil County,MD,202501,1816.88,-0.0012,0.0496,"Philadelphia-Camden-Wilmington, PA-NJ-DE-MD"
429,Cecil County,MD,202502,1821.79,0.0027,0.0529,"Philadelphia-Camden-Wilmington, PA-NJ-DE-MD"
429,Cecil County,MD,202503,1827.46,0.0031,0.0638,"Philadelphia-Camden-Wilmington, PA-NJ-DE-MD"
429,Cecil County,MD,202504,1834.57,0.0039,0.0532,"Philadelphia-Camden-Wilmington, PA-NJ-DE-MD"
429,Cecil County,MD,202505,1827.34,-0.0039,0.0433,"Philadelphia-Camden-Wilmington, PA-NJ-DE-MD"
429,Cecil County,MD,202506,1823.86,-0.0019,0.0338,"Philadelphia-Camden-Wilmington, PA-NJ-DE-MD"
429,Cecil County,MD,202507,1835.27,0.0063,0.0362,"Philadelphia-Camden-Wilmington, PA-NJ-DE-MD"
429,Cecil County,MD,202508,1841.49,0.0034,0.039,"Philadelphia-Camden-Wilmington, PA-NJ-DE-MD"
429,Cecil County,MD,202509,1869.94,0.0154,0.0537,"Philadelphia-Camden-Wilmington, PA-NJ-DE-MD"
429,Cecil County,MD,202510,1875.35,0.0029,0.0528,"Philadelphia-Camden-Wilmington, PA-NJ-DE-MD"
429,Cecil County,MD,202511,1872.84,-0.0013,0.039,"Philadelphia-Camden-Wilmington, PA-NJ-DE-MD"
429,Cecil County,MD,202512,1857.27,-0.0083,0.021,"Philadelphia-Camden-Wilmington, PA-NJ-DE-MD"
429,Cecil County,MD,202601,1852.19,-0.0027,0.0194,"Philadelphia-Camden-Wilmington, PA-NJ-DE-MD"
429,Cecil County,MD,202602,1852.72,0.0003,0.017,"Philadelphia-Camden-Wilmington, PA-NJ-DE-MD"
429,Cecil County,MD,202603,1856.16,0.0019,0.0157,"Philadelphia-Camden-Wilmington, PA-NJ-DE-MD"
429,Cecil County,MD,202604,1857.48,0.0007,0.0125,"Philadelphia-Camden-Wilmington, PA-NJ-DE-MD"
429,Cecil County,MD,202605,1868.05,0.0057,0.0223,"Philadelphia-Camden-Wilmington, PA-NJ-DE-MD"
429,Cecil County,MD,202606,1863.47,-0.0025,0.0217,"Philadelphia-Camden-Wilmington, PA-NJ-DE-MD"
429,Cecil County,MD,202607,1859.33,-0.0022,0.0131,"Philadelphia-Camden-Wilmington, PA-NJ-DE-MD"
429,Cecil County,MD,202608,1864.42,0.0027,0.0125,"Philadelphia-Camden-Wilmington, PA-NJ-DE-MD"
1101,Howard County,MD,201501,1685.28,,,"Baltimore-Columbia-Towson, MD"
1101,Howard County,MD,201502,1683.39,-0.0011,,"Baltimore-Columbia-Towson, MD"
1101,Howard County,MD,201503,1691.83,0.005,,"Baltimore-Columbia-Towson, MD"
1101,Howard County,MD,201504,1697.8,0.0035,,"Baltimore-Columbia-Towson, MD"
1101,Howard County,MD,201505,1711.97,0.0083,,"Baltimore-Columbia-Towson, MD"
1101,Howard County,MD,201506,1716.08,0.0024,,"Baltimore-Columbia-Towson, MD"
1101,Howard County,MD,201507,1716.64,0.0003,,"Baltimore-Columbia-Towson, MD"
1101,Howard County,MD,201508,1709.52,-0.0041,,"Baltimore-Columbia-Towson, MD"
1101,Howard County,MD,201509,1700.69,-0.0052,,"Baltimore-Columbia-Towson, MD"
1101,Howard County,MD,201510,1695.91,-0.0028,,"Baltimore-Columbia-Towson, MD"
1101,Howard County,MD,201511,1693.08,-0.0017,,"Baltimore-Columbia-Towson, MD"
1101,Howard County,MD,201512,1695.22,0.0013,,"Baltimore-Columbia-Towson, MD"
1101,Howard County,MD,201601,1696.27,0.0006,0.0065,"Baltimore-Columbia-Towson, MD"
1101,Howard County,MD,201602,1697.4,0.0007,0.0083,"Baltimore-Columbia-Towson, MD"
1101,Howard County,MD,201603,1703.1,0.0034,0.0067,"Baltimore-Columbia-Towson, MD"
1101,Howard County,MD,201604,1707.85,0.0028,0.0059,"Baltimore-Columbia-Towson, MD"
1101,Howard County,MD,201605,1721.23,0.0078,0.0054,"Baltimore-Columbia-Towson, MD"
1101,Howard County,MD,201606,1722.24,0.0006,0.0036,"Baltimore-Columbia-Towson, MD"
1101,Howard County,MD,201607,1724.47,0.0013,0.0046,"Baltimore-Columbia-Towson, MD"
1101,Howard County,MD,201608,1720.55,-0.0023,0.0065,"Baltimore-Columbia-Towson, MD"
1101,Howard County,MD,201609,1717.92,-0.0015,0.0101,"Baltimore-Columbia-Towson, MD"
1101,Howard County,MD,201610,1709.59,-0.0049,0.0081,"Baltimore-Columbia-Towson, MD"
1101,Howard County,MD,201611,1697.11,-0.0073,0.0024,"Baltimore-Columbia-Towson, MD"
1101,Howard County,MD,201612,1685.79,-0.0067,-0.0056,"Baltimore-Columbia-Towson, MD"
1101,Howard County,MD,201701,1688.87,0.0018,-0.0044,"Baltimore-Columbia-Towson, MD"
1101,Howard County,MD,201702,1700.05,0.0066,0.0016,"Baltimore-Columbia-Towson, MD"
1101,Howard County,MD,201703,1714.83,0.0087,0.0069,"Baltimore-Columbia-Towson, MD"
1101,Howard County,MD,201704,1729.71,0.0087,0.0128,"Baltimore-Columbia-Towson, MD"
1101,Howard County,MD,201705,1743.43,0.0079,0.0129,"Baltimore-Columbia-Towson, MD"
1101,Howard County,MD,201706,1756.91,0.0077,0.0201,"Baltimore-Columbia-Towson, MD"
1101,Howard County,MD,201707,1757.36,0.0003,0.0191,"Baltimore-Columbia-Towson, MD"
1101,Howard County,MD,201708,1760.46,0.0018,0.0232,"Baltimore-Columbia-Towson, MD"
1101,Howard County,MD,201709,1741.6,-0.0107,0.0138,"Baltimore-Columbia-Towson, MD"
1101,Howard County,MD,201710,1736.67,-0.0028,0.0158,"Baltimore-Columbia-Towson, MD"
1101,Howard County,MD,201711,1714.22,-0.0129,0.0101,"Baltimore-Columbia-Towson, MD"
1101,Howard County,MD,201712,1726.06,0.0069,0.0239,"Baltimore-Columbia-Towson, MD"
1101,Howard County,MD,201801,1719.82,-0.0036,0.0183,"Baltimore-Columbia-Towson, MD"
1101,Howard County,MD,201802,1730.87,0.0064,0.0181,"Baltimore-Columbia-Towson, MD"
1101,Howard County,MD,201803,1731.53,0.0004,0.0097,"Baltimore-Columbia-Towson, MD"
1101,Howard County,MD,201804,1740.97,0.0055,0.0065,"Baltimore-Columbia-Towson, MD"
1101,Howard County,MD,201805,1749.43,0.0049,0.0034,"Baltimore-Columbia-Towson, MD"
1101,Howard County,MD,201806,1759.21,0.0056,0.0013,"Baltimore-Columbia-Towson, MD"
1101,Howard County,MD,201807,1770.15,0.0062,0.0073,"Baltimore-Columbia-Towson, MD"
1101,Howard County,MD,201808,1773.64,0.002,0.0075,"Baltimore-Columbia-Towson, MD"
1101,Howard County,MD,201809,1772.93,-0.0004,0.018,"Baltimore-Columbia-Towson, MD"
1101,Howard County,MD,201810,1770.94,-0.0011,0.0197,"Baltimore-Columbia-Towson, MD"
1101,Howard County,MD,201811,1773.52,0.0015,0.0346,"Baltimore-Columbia-Towson, MD"
1101,Howard County,MD,201812,1770.75,-0.0016,0.0259,"Baltimore-Columbia-Towson, MD"
1101,Howard County,MD,201901,1771.48,0.0004,0.03,"Baltimore-Columbia-Towson, MD"
1101,Howard County,MD,201902,1773.94,0.0014,0.0249,"Baltimore-Columbia-Towson, MD"
1101,Howard County,MD,201903,1786.86,0.0073,0.032,"Baltimore-Columbia-Towson, MD"
1101,Howard County,MD,201904,1794.74,0.0044,0.0309,"Baltimore-Columbia-Towson, MD"
1101,Howard County,MD,201905,1798.72,0.0022,0.0282,"Baltimore-Columbia-Towson, MD"
1101,Howard County,MD,201906,1799.68,0.0005,0.023,"Baltimore-Columbia-Towson, MD"
1101,Howard County,MD,201907,1805.22,0.0031,0.0198,"Baltimore-Columbia-Towson, MD"
1101,Howard County,MD,201908,1813.43,0.0045,0.0224,"Baltimore-Columbia-Towson, MD"
1101,Howard County,MD,201909,1820.4,0.0038,0.0268,"Baltimore-Columbia-Towson, MD"
1101,Howard County,MD,201910,1821.2,0.0004,0.0284,"Baltimore-Columbia-Towson, MD"
1101,Howard County,MD,201911,1819.56,-0.0009,0.026,"Baltimore-Columbia-Towson, MD"
1101,Howard County,MD,201912,1813.34,-0.0034,0.0241,"Baltimore-Columbia-Towson, MD"
1101,Howard County,MD,202001,1816.12,0.0015,0.0252,"Baltimore-Columbia-Towson, MD"
1101,Howard County,MD,202002,1821.48,0.003,0.0268,"Baltimore-Columbia-Towson, MD"
1101,Howard County,MD,202003,1826.49,0.0027,0.0222,"Baltimore-Columbia-Towson, MD"
1101,Howard County,MD,202004,1824.68,-0.001,0.0167,"Baltimore-Columbia-Towson, MD"
1101,Howard County,MD,202005,1819.44,-0.0029,0.0115,"Baltimore-Columbia-Towson, MD"
1101,Howard County,MD,202006,1814.93,-0.0025,0.0085,"Baltimore-Columbia-Towson, MD"
1101,Howard County,MD,202007,1819.23,0.0024,0.0078,"Baltimore-Columbia-Towson, MD"
1101,Howard County,MD,202008,1826.44,0.004,0.0072,"Baltimore-Columbia-Towson, MD"
1101,Howard County,MD,202009,1834.46,0.0044,0.0077,"Baltimore-Columbia-Towson, MD"
1101,Howard County,MD,202010,1837.01,0.0014,0.0087,"Baltimore-Columbia-Towson, MD"
1101,Howard County,MD,202011,1845.46,0.0046,0.0142,"Baltimore-Columbia-Towson, MD"
1101,Howard County,MD,202012,1856.83,0.0062,0.024,"Baltimore-Columbia-Towson, MD"
1101,Howard County,MD,202101,1864.96,0.0044,0.0269,"Baltimore-Columbia-Towson, MD"
1101,Howard County,MD,202102,1873.63,0.0047,0.0286,"Baltimore-Columbia-Towson, MD"
1101,Howard County,MD,202103,1883.7,0.0054,0.0313,"Baltimore-Columbia-Towson, MD"
1101,Howard County,MD,202104,1898.44,0.0078,0.0404,"Baltimore-Columbia-Towson, MD"
1101,Howard County,MD,202105,1918.54,0.0106,0.0545,"Baltimore-Columbia-Towson, MD"
1101,Howard County,MD,202106,1940.12,0.0112,0.069,"Baltimore-Columbia-Towson, MD"
1101,Howard County,MD,202107,1968.1,0.0144,0.0818,"Baltimore-Columbia-Towson, MD"
1101,Howard County,MD,202108,1991.98,0.0121,0.0906,"Baltimore-Columbia-Towson, MD"
1101,Howard County,MD,202109,2014.0,0.0111,0.0979,"Baltimore-Columbia-Towson, MD"
1101,Howard County,MD,202110,2033.92,0.0099,0.1072,"Baltimore-Columbia-Towson, MD"
1101,Howard County,MD,202111,2044.33,0.0051,0.1078,"Baltimore-Columbia-Towson, MD"
1101,Howard County,MD,202112,2057.55,0.0065,0.1081,"Baltimore-Columbia-Towson, MD"
1101,Howard County,MD,202201,2054.09,-0.0017,0.1014,"Baltimore-Columbia-Towson, MD"
1101,Howard County,MD,202202,2060.28,0.003,0.0996,"Baltimore-Columbia-Towson, MD"
1101,Howard County,MD,202203,2069.59,0.0045,0.0987,"Baltimore-Columbia-Towson, MD"
1101,Howard County,MD,202204,2094.54,0.0121,0.1033,"Baltimore-Columbia-Towson, MD"
1101,Howard County,MD,202205,2123.6,0.0139,0.1069,"Baltimore-Columbia-Towson, MD"
1101,Howard County,MD,202206,2156.38,0.0154,0.1115,"Baltimore-Columbia-Towson, MD"
1101,Howard County,MD,202207,2174.68,0.0085,0.105,"Baltimore-Columbia-Towson, MD"
1101,Howard County,MD,202208,2179.85,0.0024,0.0943,"Baltimore-Columbia-Towson, MD"
1101,Howard County,MD,202209,2165.59,-0.0065,0.0753,"Baltimore-Columbia-Towson, MD"
1101,Howard County,MD,202210,2148.41,-0.0079,0.0563,"Baltimore-Columbia-Towson, MD"
1101,Howard County,MD,202211,2118.79,-0.0138,0.0364,"Baltimore-Columbia-Towson, MD"
1101,Howard County,MD,202212,2106.46,-0.0058,0.0238,"Baltimore-Columbia-Towson, MD"
1101,Howard County,MD,202301,2110.18,0.0018,0.0273,"Baltimore-Columbia-Towson, MD"
1101,Howard County,MD,202302,2138.3,0.0133,0.0379,"Baltimore-Columbia-Towson, MD"
1101,Howard County,MD,202303,2169.59,0.0146,0.0483,"Baltimore-Columbia-Towson, MD"
1101,Howard County,MD,202304,2198.71,0.0134,0.0497,"Baltimore-Columbia-Towson, MD"
1101,Howard County,MD,202305,2222.94,0.011,0.0468,"Baltimore-Columbia-Towson, MD"
1101,Howard County,MD,202306,2239.17,0.0073,0.0384,"Baltimore-Columbia-Towson, MD"
1101,Howard County,MD,202307,2251.33,0.0054,0.0352,"Baltimore-Columbia-Towson, MD"
1101,Howard County,MD,202308,2252.2,0.0004,0.0332,"Baltimore-Columbia-Towson, MD"
1101,Howard County,MD,202309,2246.65,-0.0025,0.0374,"Baltimore-Columbia-Towson, MD"
1101,Howard County,MD,202310,2233.66,-0.0058,0.0397,"Baltimore-Columbia-Towson, MD"
1101,Howard County,MD,202311,2219.79,-0.0062,0.0477,"Baltimore-Columbia-Towson, MD"
1101,Howard County,MD,202312,2206.24,-0.0061,0.0474,"Baltimore-Columbia-Towson, MD"
1101,Howard County,MD,202401,2204.19,-0.0009,0.0445,"Baltimore-Columbia-Towson, MD"
1101,Howard County,MD,202402,2209.59,0.0025,0.0333,"Baltimore-Columbia-Towson, MD"
1101,Howard County,MD,202403,2224.09,0.0066,0.0251,"Baltimore-Columbia-Towson, MD"
1101,Howard County,MD,202404,2240.77,0.0075,0.0191,"Baltimore-Columbia-Towson, MD"
1101,Howard County,MD,202405,2267.89,0.0121,0.0202,"Baltimore-Columbia-Towson, MD"
1101,Howard County,MD,202406,2293.66,0.0114,0.0243,"Baltimore-Columbia-Towson, MD"
1101,Howard County,MD,202407,2317.29,0.0103,0.0293,"Baltimore-Columbia-Towson, MD"
1101,Howard County,MD,202408,2315.18,-0.0009,0.028,"Baltimore-Columbia-Towson, MD"
1101,Howard County,MD,202409,2311.76,-0.0015,0.029,"Baltimore-Columbia-Towson, MD"
1101,Howard County,MD,202410,2294.93,-0.0073,0.0274,"Baltimore-Columbia-Towson, MD"
1101,Howard County,MD,202411,2284.24,-0.0047,0.029,"Baltimore-Columbia-Towson, MD"
1101,Howard County,MD,202412,2264.36,-0.0087,0.0263,"Baltimore-Columbia-Towson, MD"
1101,Howard County,MD,202501,2264.53,0.0001,0.0274,"Baltimore-Columbia-Towson, MD"
1101,Howard County,MD,202502,2282.43,0.0079,0.033,"Baltimore-Columbia-Towson, MD"
1101,Howard County,MD,202503,2308.67,0.0115,0.038,"Baltimore-Columbia-Towson, MD"
1101,Howard County,MD,202504,2322.88,0.0062,0.0366,"Baltimore-Columbia-Towson, MD"
1101,Howard County,MD,202505,2329.42,0.0028,0.0271,"Baltimore-Columbia-Towson, MD"
1101,Howard County,MD,202506,2320.76,-0.0037,0.0118,"Baltimore-Columbia-Towson, MD"
1101,Howard County,MD,202507,2320.16,-0.0003,0.0012,"Baltimore-Columbia-Towson, MD"
1101,Howard County,MD,202508,2314.57,-0.0024,-0.0003,"Baltimore-Columbia-Towson, MD"
1101,Howard County,MD,202509,2306.03,-0.0037,-0.0025,"Baltimore-Columbia-Towson, MD"
1101,Howard County,MD,202510,2287.95,-0.0078,-0.003,"Baltimore-Columbia-Towson, MD"
1101,Howard County,MD,202511,2275.43,-0.0055,-0.0039,"Baltimore-Columbia-Towson, MD"
1101,Howard County,MD,202512,2268.36,-0.0031,0.0018,"Baltimore-Columbia-Towson, MD"
1101,Howard County,MD,202601,2280.99,0.0056,0.0073,"Baltimore-Columbia-Towson, MD"
1101,Howard County,MD,202602,2308.39,0.012,0.0114,"Baltimore-Columbia-Towson, MD"
1101,Howard County,MD,202603,2338.02,0.0128,0.0127,"Baltimore-Columbia-Towson, MD"
1101,Howard County,MD,202604,2361.71,0.0101,0.0167,"Baltimore-Columbia-Towson, MD"
1101,Howard County,MD,202605,2363.96,0.001,0.0148,"Baltimore-Columbia-Towson, MD"
1101,Howard County,MD,202606,2375.92,0.0051,0.0238,"Baltimore-Columbia-Towson, MD"
1101,Howard County,MD,202607,2382.78,0.0029,0.027,"Baltimore-Columbia-Towson, MD"
1101,Howard County,MD,202608,2386.87,0.0017,0.0312,"Baltimore-Columbia-Towson, MD"
1418,Talbot County,MD,202502,2151.96,,,"Easton, MD"
1418,Talbot County,MD,202503,2167.03,0.007,,"Easton, MD"
1418,Talbot County,MD,202504,2204.14,0.0171,,"Easton, MD"
1418,Talbot County,MD,202505,2207.47,0.0015,,"Easton, MD"
1418,Talbot County,MD,202506,2194.72,-0.0058,,"Easton, MD"
1418,Talbot County,MD,202507,2172.83,-0.01,,"Easton, MD"
1418,Talbot County,MD,202508,2170.51,-0.0011,,"Easton, MD"
1418,Talbot County,MD,202509,2163.99,-0.003,,"Easton, MD"
1418,Talbot County,MD,202510,2160.75,-0.0015,,"Easton, MD"
1418,Talbot County,MD,202511,2096.68,-0.0297,,"Easton, MD"
1418,Talbot County,MD,202512,2107.13,0.005,,"Easton, MD"
1418,Talbot County,MD,202601,2147.01,0.0189,,"Easton, MD"
1418,Talbot County,MD,202602,2166.13,0.0089,0.0066,"Easton, MD"
1418,Talbot County,MD,202603,2117.65,-0.0224,-0.0228,"Easton, MD"
1418,Talbot County,MD,202604,2105.32,-0.0058,-0.0448,"Easton, MD"
1418,Talbot County,MD,202605,2151.62,0.022,-0.0253,"Easton, MD"
1418,Talbot County,MD,202606,2217.38,0.0306,0.0103,"Easton, MD"
1418,Talbot County,MD,202607,2236.85,0.0088,0.0295,"Easton, MD"
1418,Talbot County,MD,202608,2194.61,-0.0189,0.0111,"Easton, MD"
1581,Calvert County,MD,202305,1875.02,,,"Washington-Arlington-Alexandria, DC-VA-MD-WV"
1581,Calvert County,MD,202306,1873.37,-0.0009,,"Washington-Arlington-Alexandria, DC-VA-MD-WV"
1581,Calvert County,MD,202307,1954.83,0.0435,,"Washington-Arlington-Alexandria, DC-VA-MD-WV"
1581,Calvert County,MD,202308,2052.74,0.0501,,"Washington-Arlington-Alexandria, DC-VA-MD-WV"
1581,Calvert County,MD,202309,2102.32,0.0242,,"Washington-Arlington-Alexandria, DC-VA-MD-WV"
1581,Calvert County,MD,202310,2103.49,0.0006,,"Washington-Arlington-Alexandria, DC-VA-MD-WV"
1581,Calvert County,MD,202311,2068.31,-0.0167,,"Washington-Arlington-Alexandria, DC-VA-MD-WV"
1581,Calvert County,MD,202312,2052.74,-0.0075,,"Washington-Arlington-Alexandria, DC-VA-MD-WV"
1581,Calvert County,MD,202401,2038.06,-0.0071,,"Washington-Arlington-Alexandria, DC-VA-MD-WV"
1581,Calvert County,MD,202402,1973.47,-0.0317,,"Washington-Arlington-Alexandria, DC-VA-MD-WV"
1581,Calvert County,MD,202403,1955.06,-0.0093,,"Washington-Arlington-Alexandria, DC-VA-MD-WV"
1581,Calvert County,MD,202404,1997.19,0.0215,,"Washington-Arlington-Alexandria, DC-VA-MD-WV"
1581,Calvert County,MD,202405,2067.42,0.0352,0.1026,"Washington-Arlington-Alexandria, DC-VA-MD-WV"
1581,Calvert County,MD,202406,2148.19,0.0391,0.1467,"Washington-Arlington-Alexandria, DC-VA-MD-WV"
1581,Calvert County,MD,202407,2159.4,0.0052,0.1047,"Washington-Arlington-Alexandria, DC-VA-MD-WV"
1581,Calvert County,MD,202408,2173.1,0.0063,0.0586,"Washington-Arlington-Alexandria, DC-VA-MD-WV"
1581,Calvert County,MD,202409,2138.54,-0.0159,0.0172,"Washington-Arlington-Alexandria, DC-VA-MD-WV"
1581,Calvert County,MD,202410,2126.09,-0.0058,0.0107,"Washington-Arlington-Alexandria, DC-VA-MD-WV"
1581,Calvert County,MD,202411,2143.1,0.008,0.0362,"Washington-Arlington-Alexandria, DC-VA-MD-WV"
1581,Calvert County,MD,202412,2122.51,-0.0096,0.034,"Washington-Arlington-Alexandria, DC-VA-MD-WV"
1581,Calvert County,MD,202501,2142.46,0.0094,0.0512,"Washington-Arlington-Alexandria, DC-VA-MD-WV"
1581,Calvert County,MD,202502,2118.34,-0.0113,0.0734,"Washington-Arlington-Alexandria, DC-VA-MD-WV"
1581,Calvert County,MD,202503,2159.18,0.0193,0.1044,"Washington-Arlington-Alexandria, DC-VA-MD-WV"
1581,Calvert County,MD,202504,2116.84,-0.0196,0.0599,"Washington-Arlington-Alexandria, DC-VA-MD-WV"
1581,Calvert County,MD,202505,2142.97,0.0123,0.0365,"Washington-Arlington-Alexandria, DC-VA-MD-WV"
1581,Calvert County,MD,202506,2137.16,-0.0027,-0.0051,"Washington-Arlington-Alexandria, DC-VA-MD-WV"
1581,Calvert County,MD,202507,2191.37,0.0254,0.0148,"Washington-Arlington-Alexandria, DC-VA-MD-WV"
1581,Calvert County,MD,202508,2211.13,0.009,0.0175,"Washington-Arlington-Alexandria, DC-VA-MD-WV"
1581,Calvert County,MD,202509,2244.98,0.0153,0.0498,"Washington-Arlington-Alexandria, DC-VA-MD-WV"
1581,Calvert County,MD,202510,2242.7,-0.001,0.0548,"Washington-Arlington-Alexandria, DC-VA-MD-WV"
1581,Calvert County,MD,202511,2229.27,-0.006,0.0402,"Washington-Arlington-Alexandria, DC-VA-MD-WV"
1581,Calvert County,MD,202512,2205.46,-0.0107,0.0391,"Washington-Arlington-Alexandria, DC-VA-MD-WV"
1581,Calvert County,MD,202601,2202.28,-0.0014,0.0279,"Washington-Arlington-Alexandria, DC-VA-MD-WV"
1581,Calvert County,MD,202602,2189.8,-0.0057,0.0337,"Washington-Arlington-Alexandria, DC-VA-MD-WV"
1581,Calvert County,MD,202603,2185.98,-0.0017,0.0124,"Washington-Arlington-Alexandria, DC-VA-MD-WV"
1581,Calvert County,MD,202604,2217.86,0.0146,0.0477,"Washington-Arlington-Alexandria, DC-VA-MD-WV"
1581,Calvert County,MD,202605,2277.86,0.0271,0.0629,"Washington-Arlington-Alexandria, DC-VA-MD-WV"
1581,Calvert County,MD,202606,2300.42,0.0099,0.0764,"Washington-Arlington-Alexandria, DC-VA-MD-WV"
1581,Calvert County,MD,202607,2312.42,0.0052,0.0552,"Washington-Arlington-Alexandria, DC-VA-MD-WV"
1581,Calvert County,MD,202608,2303.37,-0.0039,0.0417,"Washington-Arlington-Alexandria, DC-VA-MD-WV"
1595,Carroll County,MD,201502,1165.56,,,"Baltimore-Columbia-Towson, MD"
1595,Carroll County,MD,201503,1172.08,0.0056,,"Baltimore-Columbia-Towson, MD"
1595,Carroll County,MD,201504,1172.96,0.0007,,"Baltimore-Columbia-Towson, MD"
1595,Carroll County,MD,201505,1189.28,0.0139,,"Baltimore-Columbia-Towson, MD"
1595,Carroll County,MD,201506,1199.34,0.0085,,"Baltimore-Columbia-Towson, MD"
1595,Carroll County,MD,201507,1195.76,-0.003,,"Baltimore-Columbia-Towson, MD"
1595,Carroll County,MD,201508,1202.34,0.0055,,"Baltimore-Columbia-Towson, MD"
1595,Carroll County,MD,201509,1209.98,0.0064,,"Baltimore-Columbia-Towson, MD"
1595,Carroll County,MD,201510,1199.67,-0.0085,,"Baltimore-Columbia-Towson, MD"
1595,Carroll County,MD,201511,1188.25,-0.0095,,"Baltimore-Columbia-Towson, MD"
1595,Carroll County,MD,201512,1184.43,-0.0032,,"Baltimore-Columbia-Towson, MD"
1595,Carroll County,MD,201602,1208.63,0.0204,,"Baltimore-Columbia-Towson, MD"
1595,Carroll County,MD,201603,1208.58,-0.0,0.0369,"Baltimore-Columbia-Towson, MD"
1595,Carroll County,MD,201604,1200.43,-0.0067,0.0242,"Baltimore-Columbia-Towson, MD"
1595,Carroll County,MD,201605,1203.06,0.0022,0.0257,"Baltimore-Columbia-Towson, MD"
1595,Carroll County,MD,201606,1205.94,0.0024,0.014,"Baltimore-Columbia-Towson, MD"
1595,Carroll County,MD,201607,1218.71,0.0106,0.0161,"Baltimore-Columbia-Towson, MD"
1595,Carroll County,MD,201608,1220.74,0.0017,0.0209,"Baltimore-Columbia-Towson, MD"
1595,Carroll County,MD,201609,1229.47,0.0072,0.0226,"Baltimore-Columbia-Towson, MD"
1595,Carroll County,MD,201610,1208.42,-0.0171,-0.0013,"Baltimore-Columbia-Towson, MD"
1595,Carroll County,MD,201611,1195.03,-0.0111,-0.0039,"Baltimore-Columbia-Towson, MD"
1595,Carroll County,MD,201612,1209.12,0.0118,0.0176,"Baltimore-Columbia-Towson, MD"
1595,Carroll County,MD,201701,1232.28,0.0191,0.0404,"Baltimore-Columbia-Towson, MD"
1595,Carroll County,MD,201702,1249.04,0.0136,0.0334,"Baltimore-Columbia-Towson, MD"
1595,Carroll County,MD,201703,1228.34,-0.0166,0.0163,"Baltimore-Columbia-Towson, MD"
1595,Carroll County,MD,201704,1217.48,-0.0088,0.0142,"Baltimore-Columbia-Towson, MD"
1595,Carroll County,MD,201705,1215.21,-0.0019,0.0101,"Baltimore-Columbia-Towson, MD"
1595,Carroll County,MD,201706,1219.5,0.0035,0.0113,"Baltimore-Columbia-Towson, MD"
1595,Carroll County,MD,201707,1220.69,0.001,0.0016,"Baltimore-Columbia-Towson, MD"
1595,Carroll County,MD,201708,1246.27,0.021,0.0209,"Baltimore-Columbia-Towson, MD"
1595,Carroll County,MD,201709,1246.23,-0.0,0.0136,"Baltimore-Columbia-Towson, MD"
1595,Carroll County,MD,201710,1245.36,-0.0007,0.0306,"Baltimore-Columbia-Towson, MD"
1595,Carroll County,MD,201711,1221.49,-0.0192,0.0221,"Baltimore-Columbia-Towson, MD"
1595,Carroll County,MD,201712,1222.86,0.0011,0.0114,"Baltimore-Columbia-Towson, MD"
1595,Carroll County,MD,201801,1226.79,0.0032,-0.0044,"Baltimore-Columbia-Towson, MD"
1595,Carroll County,MD,201802,1223.75,-0.0025,-0.0202,"Baltimore-Columbia-Towson, MD"
1595,Carroll County,MD,201803,1220.76,-0.0024,-0.0062,"Baltimore-Columbia-Towson, MD"
1595,Carroll County,MD,201804,1233.37,0.0103,0.0131,"Baltimore-Columbia-Towson, MD"
1595,Carroll County,MD,201805,1248.01,0.0119,0.027,"Baltimore-Columbia-Towson, MD"
1595,Carroll County,MD,201806,1250.77,0.0022,0.0256,"Baltimore-Columbia-Towson, MD"
1595,Carroll County,MD,201807,1243.35,-0.0059,0.0186,"Baltimore-Columbia-Towson, MD"
1595,Carroll County,MD,201808,1240.44,-0.0023,-0.0047,"Baltimore-Columbia-Towson, MD"
1595,Carroll County,MD,201809,1249.09,0.007,0.0023,"Baltimore-Columbia-Towson, MD"
1595,Carroll County,MD,201810,1246.56,-0.002,0.001,"Baltimore-Columbia-Towson, MD"
1595,Carroll County,MD,201811,1256.38,0.0079,0.0286,"Baltimore-Columbia-Towson, MD"
1595,Carroll County,MD,201812,1288.85,0.0258,0.054,"Baltimore-Columbia-Towson, MD"
1595,Carroll County,MD,201901,1305.01,0.0125,0.0638,"Baltimore-Columbia-Towson, MD"
1595,Carroll County,MD,201902,1315.55,0.0081,0.075,"Baltimore-Columbia-Towson, MD"
1595,Carroll County,MD,201903,1268.62,-0.0357,0.0392,"Baltimore-Columbia-Towson, MD"
1595,Carroll County,MD,201904,1268.48,-0.0001,0.0285,"Baltimore-Columbia-Towson, MD"
1595,Carroll County,MD,201905,1264.99,-0.0028,0.0136,"Baltimore-Columbia-Towson, MD"
1595,Carroll County,MD,201906,1294.25,0.0231,0.0348,"Baltimore-Columbia-Towson, MD"
1595,Carroll County,MD,201907,1294.02,-0.0002,0.0408,"Baltimore-Columbia-Towson, MD"
1595,Carroll County,MD,201908,1297.58,0.0027,0.0461,"Baltimore-Columbia-Towson, MD"
1595,Carroll County,MD,201909,1288.78,-0.0068,0.0318,"Baltimore-Columbia-Towson, MD"
1595,Carroll County,MD,201910,1297.64,0.0069,0.041,"Baltimore-Columbia-Towson, MD"
1595,Carroll County,MD,201911,1292.57,-0.0039,0.0288,"Baltimore-Columbia-Towson, MD"
1595,Carroll County,MD,201912,1289.87,-0.0021,0.0008,"Baltimore-Columbia-Towson, MD"
1595,Carroll County,MD,202001,1289.74,-0.0001,-0.0117,"Baltimore-Columbia-Towson, MD"
1595,Carroll County,MD,202002,1286.01,-0.0029,-0.0225,"Baltimore-Columbia-Towson, MD"
1595,Carroll County,MD,202003,1293.85,0.0061,0.0199,"Baltimore-Columbia-Towson, MD"
1595,Carroll County,MD,202004,1302.64,0.0068,0.0269,"Baltimore-Columbia-Towson, MD"
1595,Carroll County,MD,202005,1303.4,0.0006,0.0304,"Baltimore-Columbia-Towson, MD"
1595,Carroll County,MD,202006,1305.48,0.0016,0.0087,"Baltimore-Columbia-Towson, MD"
1595,Carroll County,MD,202007,1295.7,-0.0075,0.0013,"Baltimore-Columbia-Towson, MD"
1595,Carroll County,MD,202008,1306.99,0.0087,0.0073,"Baltimore-Columbia-Towson, MD"
1595,Carroll County,MD,202009,1310.07,0.0024,0.0165,"Baltimore-Columbia-Towson, MD"
1595,Carroll County,MD,202010,1323.75,0.0104,0.0201,"Baltimore-Columbia-Towson, MD"
1595,Carroll County,MD,202011,1325.05,0.001,0.0251,"Baltimore-Columbia-Towson, MD"
1595,Carroll County,MD,202012,1344.87,0.015,0.0426,"Baltimore-Columbia-Towson, MD"
1595,Carroll County,MD,202101,1356.1,0.0084,0.0515,"Baltimore-Columbia-Towson, MD"
1595,Carroll County,MD,202102,1389.84,0.0249,0.0807,"Baltimore-Columbia-Towson, MD"
1595,Carroll County,MD,202103,1392.23,0.0017,0.076,"Baltimore-Columbia-Towson, MD"
1595,Carroll County,MD,202104,1384.88,-0.0053,0.0631,"Baltimore-Columbia-Towson, MD"
1595,Carroll County,MD,202105,1382.91,-0.0014,0.061,"Baltimore-Columbia-Towson, MD"
1595,Carroll County,MD,202106,1387.24,0.0031,0.0626,"Baltimore-Columbia-Towson, MD"
1595,Carroll County,MD,202107,1409.45,0.016,0.0878,"Baltimore-Columbia-Towson, MD"
1595,Carroll County,MD,202108,1423.63,0.0101,0.0892,"Baltimore-Columbia-Towson, MD"
1595,Carroll County,MD,202109,1440.41,0.0118,0.0995,"Baltimore-Columbia-Towson, MD"
1595,Carroll County,MD,202110,1460.21,0.0137,0.1031,"Baltimore-Columbia-Towson, MD"
1595,Carroll County,MD,202111,1472.83,0.0086,0.1115,"Baltimore-Columbia-Towson, MD"
1595,Carroll County,MD,202112,1498.59,0.0175,0.1143,"Baltimore-Columbia-Towson, MD"
1595,Carroll County,MD,202201,1503.22,0.0031,0.1085,"Baltimore-Columbia-Towson, MD"
1595,Carroll County,MD,202202,1488.86,-0.0096,0.0712,"Baltimore-Columbia-Towson, MD"
1595,Carroll County,MD,202203,1491.58,0.0018,0.0714,"Baltimore-Columbia-Towson, MD"
1595,Carroll County,MD,202204,1513.6,0.0148,0.0929,"Baltimore-Columbia-Towson, MD"
1595,Carroll County,MD,202205,1529.31,0.0104,0.1059,"Baltimore-Columbia-Towson, MD"
1595,Carroll County,MD,202206,1533.19,0.0025,0.1052,"Baltimore-Columbia-Towson, MD"
1595,Carroll County,MD,202207,1522.39,-0.007,0.0801,"Baltimore-Columbia-Towson, MD"
1595,Carroll County,MD,202208,1540.53,0.0119,0.0821,"Baltimore-Columbia-Towson, MD"
1595,Carroll County,MD,202209,1558.66,0.0118,0.0821,"Baltimore-Columbia-Towson, MD"
1595,Carroll County,MD,202210,1578.79,0.0129,0.0812,"Baltimore-Columbia-Towson, MD"
1595,Carroll County,MD,202211,1589.62,0.0069,0.0793,"Baltimore-Columbia-Towson, MD"
1595,Carroll County,MD,202212,1593.12,0.0022,0.0631,"Baltimore-Columbia-Towson, MD"
1595,Carroll County,MD,202301,1602.39,0.0058,0.066,"Baltimore-Columbia-Towson, MD"
1595,Carroll County,MD,202302,1618.4,0.01,0.087,"Baltimore-Columbia-Towson, MD"
1595,Carroll County,MD,202303,1616.17,-0.0014,0.0835,"Baltimore-Columbia-Towson, MD"
1595,Carroll County,MD,202304,1616.88,0.0004,0.0682,"Baltimore-Columbia-Towson, MD"
1595,Carroll County,MD,202305,1609.26,-0.0047,0.0523,"Baltimore-Columbia-Towson, MD"
1595,Carroll County,MD,202306,1604.51,-0.0029,0.0465,"Baltimore-Columbia-Towson, MD"
1595,Carroll County,MD,202307,1603.79,-0.0005,0.0535,"Baltimore-Columbia-Towson, MD"
1595,Carroll County,MD,202308,1613.21,0.0059,0.0472,"Baltimore-Columbia-Towson, MD"
1595,Carroll County,MD,202309,1637.98,0.0154,0.0509,"Baltimore-Columbia-Towson, MD"
1595,Carroll County,MD,202310,1652.92,0.0091,0.047,"Baltimore-Columbia-Towson, MD"
1595,Carroll County,MD,202311,1643.05,-0.006,0.0336,"Baltimore-Columbia-Towson, MD"
1595,Carroll County,MD,202312,1653.71,0.0065,0.038,"Baltimore-Columbia-Towson, MD"
1595,Carroll County,MD,202401,1652.59,-0.0007,0.0313,"Baltimore-Columbia-Towson, MD"
1595,Carroll County,MD,202402,1686.87,0.0207,0.0423,"Baltimore-Columbia-Towson, MD"
1595,Carroll County,MD,202403,1699.75,0.0076,0.0517,"Baltimore-Columbia-Towson, MD"
1595,Carroll County,MD,202404,1716.32,0.0097,0.0615,"Baltimore-Columbia-Towson, MD"
1595,Carroll County,MD,202405,1730.48,0.0082,0.0753,"Baltimore-Columbia-Towson, MD"
1595,Carroll County,MD,202406,1720.05,-0.006,0.072,"Baltimore-Columbia-Towson, MD"
1595,Carroll County,MD,202407,1722.38,0.0014,0.0739,"Baltimore-Columbia-Towson, MD"
1595,Carroll County,MD,202408,1722.07,-0.0002,0.0675,"Baltimore-Columbia-Towson, MD"
1595,Carroll County,MD,202409,1737.94,0.0092,0.061,"Baltimore-Columbia-Towson, MD"
1595,Carroll County,MD,202410,1743.32,0.0031,0.0547,"Baltimore-Columbia-Towson, MD"
1595,Carroll County,MD,202411,1742.93,-0.0002,0.0608,"Baltimore-Columbia-Towson, MD"
1595,Carroll County,MD,202412,1747.22,0.0025,0.0565,"Baltimore-Columbia-Towson, MD"
1595,Carroll County,MD,202501,1754.64,0.0042,0.0618,"Baltimore-Columbia-Towson, MD"
1595,Carroll County,MD,202502,1755.83,0.0007,0.0409,"Baltimore-Columbia-Towson, MD"
1595,Carroll County,MD,202503,1750.53,-0.003,0.0299,"Baltimore-Columbia-Towson, MD"
1595,Carroll County,MD,202504,1761.48,0.0063,0.0263,"Baltimore-Columbia-Towson, MD"
1595,Carroll County,MD,202505,1782.81,0.0121,0.0302,"Baltimore-Columbia-Towson, MD"
1595,Carroll County,MD,202506,1802.44,0.011,0.0479,"Baltimore-Columbia-Towson, MD"
1595,Carroll County,MD,202507,1789.58,-0.0071,0.039,"Baltimore-Columbia-Towson, MD"
1595,Carroll County,MD,202508,1770.94,-0.0104,0.0284,"Baltimore-Columbia-Towson, MD"
1595,Carroll County,MD,202509,1770.15,-0.0004,0.0185,"Baltimore-Columbia-Towson, MD"
1595,Carroll County,MD,202510,1769.83,-0.0002,0.0152,"Baltimore-Columbia-Towson, MD"
1595,Carroll County,MD,202511,1785.68,0.009,0.0245,"Baltimore-Columbia-Towson, MD"
1595,Carroll County,MD,202512,1793.58,0.0044,0.0265,"Baltimore-Columbia-Towson, MD"
1595,Carroll County,MD,202601,1788.26,-0.003,0.0192,"Baltimore-Columbia-Towson, MD"
1595,Carroll County,MD,202602,1769.53,-0.0105,0.0078,"Baltimore-Columbia-Towson, MD"
1595,Carroll County,MD,202603,1772.9,0.0019,0.0128,"Baltimore-Columbia-Towson, MD"
1595,Carroll County,MD,202604,1803.83,0.0175,0.024,"Baltimore-Columbia-Towson, MD"
1595,Carroll County,MD,202605,1832.76,0.016,0.028,"Baltimore-Columbia-Towson, MD"
1595,Carroll County,MD,202606,1833.47,0.0004,0.0172,"Baltimore-Columbia-Towson, MD"
1595,Carroll County,MD,202607,1827.07,-0.0035,0.0209,"Baltimore-Columbia-Towson, MD"
1595,Carroll County,MD,202608,1827.8,0.0004,0.0321,"Baltimore-Columbia-Towson, MD"
1607,Charles County,MD,201501,1501.72,,,"Washington-Arlington-Alexandria, DC-VA-MD-WV"
1607,Charles County,MD,201502,1525.93,0.0161,,"Washington-Arlington-Alexandria, DC-VA-MD-WV"
1607,Charles County,MD,201503,1521.13,-0.0031,,"Washington-Arlington-Alexandria, DC-VA-MD-WV"
1607,Charles County,MD,201504,1527.72,0.0043,,"Washington-Arlington-Alexandria, DC-VA-MD-WV"
1607,Charles County,MD,201505,1512.46,-0.01,,"Washington-Arlington-Alexandria, DC-VA-MD-WV"
1607,Charles County,MD,201506,1527.91,0.0102,,"Washington-Arlington-Alexandria, DC-VA-MD-WV"
1607,Charles County,MD,201507,1537.24,0.0061,,"Washington-Arlington-Alexandria, DC-VA-MD-WV"
1607,Charles County,MD,201508,1525.57,-0.0076,,"Washington-Arlington-Alexandria, DC-VA-MD-WV"
1607,Charles County,MD,201509,1522.14,-0.0022,,"Washington-Arlington-Alexandria, DC-VA-MD-WV"
1607,Charles County,MD,201510,1519.05,-0.002,,"Washington-Arlington-Alexandria, DC-VA-MD-WV"
1607,Charles County,MD,201511,1548.65,0.0195,,"Washington-Arlington-Alexandria, DC-VA-MD-WV"
1607,Charles County,MD,201512,1562.96,0.0092,,"Washington-Arlington-Alexandria, DC-VA-MD-WV"
1607,Charles County,MD,201601,1566.19,0.0021,0.0429,"Washington-Arlington-Alexandria, DC-VA-MD-WV"
1607,Charles County,MD,201602,1539.68,-0.0169,0.009,"Washington-Arlington-Alexandria, DC-VA-MD-WV"
1607,Charles County,MD,201603,1525.64,-0.0091,0.003,"Washington-Arlington-Alexandria, DC-VA-MD-WV"
1607,Charles County,MD,201604,1532.26,0.0043,0.003,"Washington-Arlington-Alexandria, DC-VA-MD-WV"
1607,Charles County,MD,201605,1539.59,0.0048,0.0179,"Washington-Arlington-Alexandria, DC-VA-MD-WV"
1607,Charles County,MD,201606,1562.28,0.0147,0.0225,"Washington-Arlington-Alexandria, DC-VA-MD-WV"
1607,Charles County,MD,201607,1583.94,0.0139,0.0304,"Washington-Arlington-Alexandria, DC-VA-MD-WV"
1607,Charles County,MD,201608,1595.75,0.0075,0.046,"Washington-Arlington-Alexandria, DC-VA-MD-WV"
1607,Charles County,MD,201609,1586.22,-0.006,0.0421,"Washington-Arlington-Alexandria, DC-VA-MD-WV"
1607,Charles County,MD,201610,1564.19,-0.0139,0.0297,"Washington-Arlington-Alexandria, DC-VA-MD-WV"
1607,Charles County,MD,201611,1591.24,0.0173,0.0275,"Washington-Arlington-Alexandria, DC-VA-MD-WV"
1607,Charles County,MD,201612,1596.83,0.0035,0.0217,"Washington-Arlington-Alexandria, DC-VA-MD-WV"
1607,Charles County,MD,201701,1593.6,-0.002,0.0175,"Washington-Arlington-Alexandria, DC-VA-MD-WV"
1607,Charles County,MD,201702,1569.01,-0.0154,0.0191,"Washington-Arlington-Alexandria, DC-VA-MD-WV"
1607,Charles County,MD,201703,1553.93,-0.0096,0.0185,"Washington-Arlington-Alexandria, DC-VA-MD-WV"
1607,Charles County,MD,201704,1564.8,0.007,0.0212,"Washington-Arlington-Alexandria, DC-VA-MD-WV"
1607,Charles County,MD,201705,1565.39,0.0004,0.0168,"Washington-Arlington-Alexandria, DC-VA-MD-WV"
1607,Charles County,MD,201706,1584.31,0.0121,0.0141,"Washington-Arlington-Alexandria, DC-VA-MD-WV"
1607,Charles County,MD,201707,1582.47,-0.0012,-0.0009,"Washington-Arlington-Alexandria, DC-VA-MD-WV"
1607,Charles County,MD,201708,1574.93,-0.0048,-0.013,"Washington-Arlington-Alexandria, DC-VA-MD-WV"
1607,Charles County,MD,201709,1579.99,0.0032,-0.0039,"Washington-Arlington-Alexandria, DC-VA-MD-WV"
1607,Charles County,MD,201710,1578.88,-0.0007,0.0094,"Washington-Arlington-Alexandria, DC-VA-MD-WV"
1607,Charles County,MD,201711,1597.76,0.012,0.0041,"Washington-Arlington-Alexandria, DC-VA-MD-WV"
1607,Charles County,MD,201712,1587.09,-0.0067,-0.0061,"Washington-Arlington-Alexandria, DC-VA-MD-WV"
1607,Charles County,MD,201801,1605.19,0.0114,0.0073,"Washington-Arlington-Alexandria, DC-VA-MD-WV"
1607,Charles County,MD,201802,1600.39,-0.003,0.02,"Washington-Arlington-Alexandria, DC-VA-MD-WV"
1607,Charles County,MD,201803,1615.42,0.0094,0.0396,"Washington-Arlington-Alexandria, DC-VA-MD-WV"
1607,Charles County,MD,201804,1617.17,0.0011,0.0335,"Washington-Arlington-Alexandria, DC-VA-MD-WV"
1607,Charles County,MD,201805,1632.08,0.0092,0.0426,"Washington-Arlington-Alexandria, DC-VA-MD-WV"
1607,Charles County,MD,201806,1638.07,0.0037,0.0339,"Washington-Arlington-Alexandria, DC-VA-MD-WV"
1607,Charles County,MD,201807,1649.01,0.0067,0.0421,"Washington-Arlington-Alexandria, DC-VA-MD-WV"
1607,Charles County,MD,201808,1636.82,-0.0074,0.0393,"Washington-Arlington-Alexandria, DC-VA-MD-WV"
1607,Charles County,MD,201809,1631.34,-0.0033,0.0325,"Washington-Arlington-Alexandria, DC-VA-MD-WV"
1607,Charles County,MD,201810,1635.01,0.0022,0.0356,"Washington-Arlington-Alexandria, DC-VA-MD-WV"
1607,Charles County,MD,201811,1645.66,0.0065,0.03,"Washington-Arlington-Alexandria, DC-VA-MD-WV"
1607,Charles County,MD,201812,1641.24,-0.0027,0.0341,"Washington-Arlington-Alexandria, DC-VA-MD-WV"
1607,Charles County,MD,201901,1636.05,-0.0032,0.0192,"Washington-Arlington-Alexandria, DC-VA-MD-WV"
1607,Charles County,MD,201902,1643.95,0.0048,0.0272,"Washington-Arlington-Alexandria, DC-VA-MD-WV"
1607,Charles County,MD,201903,1642.05,-0.0012,0.0165,"Washington-Arlington-Alexandria, DC-VA-MD-WV"
1607,Charles County,MD,201904,1644.07,0.0012,0.0166,"Washington-Arlington-Alexandria, DC-VA-MD-WV"
1607,Charles County,MD,201905,1643.79,-0.0002,0.0072,"Washington-Arlington-Alexandria, DC-VA-MD-WV"
1607,Charles County,MD,201906,1668.64,0.0151,0.0187,"Washington-Arlington-Alexandria, DC-VA-MD-WV"
1607,Charles County,MD,201907,1665.5,-0.0019,0.01,"Washington-Arlington-Alexandria, DC-VA-MD-WV"
1607,Charles County,MD,201908,1684.92,0.0117,0.0294,"Washington-Arlington-Alexandria, DC-VA-MD-WV"
1607,Charles County,MD,201909,1675.49,-0.0056,0.0271,"Washington-Arlington-Alexandria, DC-VA-MD-WV"
1607,Charles County,MD,201910,1682.78,0.0044,0.0292,"Washington-Arlington-Alexandria, DC-VA-MD-WV"
1607,Charles County,MD,201911,1689.89,0.0042,0.0269,"Washington-Arlington-Alexandria, DC-VA-MD-WV"
1607,Charles County,MD,201912,1705.21,0.0091,0.039,"Washington-Arlington-Alexandria, DC-VA-MD-WV"
1607,Charles County,MD,202001,1705.21,0.0,0.0423,"Washington-Arlington-Alexandria, DC-VA-MD-WV"
1607,Charles County,MD,202002,1691.13,-0.0083,0.0287,"Washington-Arlington-Alexandria, DC-VA-MD-WV"
1607,Charles County,MD,202003,1692.71,0.0009,0.0309,"Washington-Arlington-Alexandria, DC-VA-MD-WV"
1607,Charles County,MD,202004,1695.33,0.0016,0.0312,"Washington-Arlington-Alexandria, DC-VA-MD-WV"
1607,Charles County,MD,202005,1684.95,-0.0061,0.025,"Washington-Arlington-Alexandria, DC-VA-MD-WV"
1607,Charles County,MD,202006,1703.31,0.0109,0.0208,"Washington-Arlington-Alexandria, DC-VA-MD-WV"
1607,Charles County,MD,202007,1738.2,0.0205,0.0436,"Washington-Arlington-Alexandria, DC-VA-MD-WV"
1607,Charles County,MD,202008,1782.51,0.0255,0.0579,"Washington-Arlington-Alexandria, DC-VA-MD-WV"
1607,Charles County,MD,202009,1792.2,0.0054,0.0697,"Washington-Arlington-Alexandria, DC-VA-MD-WV"
1607,Charles County,MD,202010,1798.63,0.0036,0.0688,"Washington-Arlington-Alexandria, DC-VA-MD-WV"
1607,Charles County,MD,202011,1816.15,0.0097,0.0747,"Washington-Arlington-Alexandria, DC-VA-MD-WV"
1607,Charles County,MD,202012,1838.2,0.0121,0.078,"Washington-Arlington-Alexandria, DC-VA-MD-WV"
1607,Charles County,MD,202101,1841.7,0.0019,0.08,"Washington-Arlington-Alexandria, DC-VA-MD-WV"
1607,Charles County,MD,202102,1849.91,0.0045,0.0939,"Washington-Arlington-Alexandria, DC-VA-MD-WV"
1607,Charles County,MD,202103,1873.4,0.0127,0.1067,"Washington-Arlington-Alexandria, DC-VA-MD-WV"
1607,Charles County,MD,202104,1909.8,0.0194,0.1265,"Washington-Arlington-Alexandria, DC-VA-MD-WV"
1607,Charles County,MD,202105,1936.96,0.0142,0.1496,"Washington-Arlington-Alexandria, DC-VA-MD-WV"
1607,Charles County,MD,202106,1976.65,0.0205,0.1605,"Washington-Arlington-Alexandria, DC-VA-MD-WV"
1607,Charles County,MD,202107,2002.62,0.0131,0.1521,"Washington-Arlington-Alexandria, DC-VA-MD-WV"
1607,Charles County,MD,202108,2024.31,0.0108,0.1357,"Washington-Arlington-Alexandria, DC-VA-MD-WV"
1607,Charles County,MD,202109,2011.64,-0.0063,0.1224,"Washington-Arlington-Alexandria, DC-VA-MD-WV"
1607,Charles County,MD,202110,2035.8,0.012,0.1319,"Washington-Arlington-Alexandria, DC-VA-MD-WV"
1607,Charles County,MD,202111,2035.83,0.0,0.121,"Washington-Arlington-Alexandria, DC-VA-MD-WV"
1607,Charles County,MD,202112,2045.09,0.0045,0.1125,"Washington-Arlington-Alexandria, DC-VA-MD-WV"
1607,Charles County,MD,202201,2034.78,-0.005,0.1048,"Washington-Arlington-Alexandria, DC-VA-MD-WV"
1607,Charles County,MD,202202,2046.53,0.0058,0.1063,"Washington-Arlington-Alexandria, DC-VA-MD-WV"
1607,Charles County,MD,202203,2050.1,0.0017,0.0943,"Washington-Arlington-Alexandria, DC-VA-MD-WV"
1607,Charles County,MD,202204,2071.62,0.0105,0.0847,"Washington-Arlington-Alexandria, DC-VA-MD-WV"
1607,Charles County,MD,202205,2076.84,0.0025,0.0722,"Washington-Arlington-Alexandria, DC-VA-MD-WV"
1607,Charles County,MD,202206,2103.58,0.0129,0.0642,"Washington-Arlington-Alexandria, DC-VA-MD-WV"
1607,Charles County,MD,202207,2094.22,-0.0044,0.0457,"Washington-Arlington-Alexandria, DC-VA-MD-WV"
1607,Charles County,MD,202208,2096.83,0.0012,0.0358,"Washington-Arlington-Alexandria, DC-VA-MD-WV"
1607,Charles County,MD,202209,2098.05,0.0006,0.043,"Washington-Arlington-Alexandria, DC-VA-MD-WV"
1607,Charles County,MD,202210,2109.07,0.0053,0.036,"Washington-Arlington-Alexandria, DC-VA-MD-WV"
1607,Charles County,MD,202211,2115.81,0.0032,0.0393,"Washington-Arlington-Alexandria, DC-VA-MD-WV"
1607,Charles County,MD,202212,2117.54,0.0008,0.0354,"Washington-Arlington-Alexandria, DC-VA-MD-WV"
1607,Charles County,MD,202301,2105.51,-0.0057,0.0348,"Washington-Arlington-Alexandria, DC-VA-MD-WV"
1607,Charles County,MD,202302,2099.89,-0.0027,0.0261,"Washington-Arlington-Alexandria, DC-VA-MD-WV"
1607,Charles County,MD,202303,2107.95,0.0038,0.0282,"Washington-Arlington-Alexandria, DC-VA-MD-WV"
1607,Charles County,MD,202304,2114.11,0.0029,0.0205,"Washington-Arlington-Alexandria, DC-VA-MD-WV"
1607,Charles County,MD,202305,2146.58,0.0154,0.0336,"Washington-Arlington-Alexandria, DC-VA-MD-WV"
1607,Charles County,MD,202306,2140.86,-0.0027,0.0177,"Washington-Arlington-Alexandria, DC-VA-MD-WV"
1607,Charles County,MD,202307,2159.84,0.0089,0.0313,"Washington-Arlington-Alexandria, DC-VA-MD-WV"
1607,Charles County,MD,202308,2166.45,0.0031,0.0332,"Washington-Arlington-Alexandria, DC-VA-MD-WV"
1607,Charles County,MD,202309,2198.94,0.015,0.0481,"Washington-Arlington-Alexandria, DC-VA-MD-WV"
1607,Charles County,MD,202310,2182.23,-0.0076,0.0347,"Washington-Arlington-Alexandria, DC-VA-MD-WV"
1607,Charles County,MD,202311,2168.27,-0.0064,0.0248,"Washington-Arlington-Alexandria, DC-VA-MD-WV"
1607,Charles County,MD,202312,2137.64,-0.0141,0.0095,"Washington-Arlington-Alexandria, DC-VA-MD-WV"
1607,Charles County,MD,202401,2186.19,0.0227,0.0383,"Washington-Arlington-Alexandria, DC-VA-MD-WV"
1607,Charles County,MD,202402,2200.17,0.0064,0.0478,"Washington-Arlington-Alexandria, DC-VA-MD-WV"
1607,Charles County,MD,202403,2243.92,0.0199,0.0645,"Washington-Arlington-Alexandria, DC-VA-MD-WV"
1607,Charles County,MD,202404,2242.56,-0.0006,0.0608,"Washington-Arlington-Alexandria, DC-VA-MD-WV"
1607,Charles County,MD,202405,2307.51,0.029,0.075,"Washington-Arlington-Alexandria, DC-VA-MD-WV"
1607,Charles County,MD,202406,2328.84,0.0092,0.0878,"Washington-Arlington-Alexandria, DC-VA-MD-WV"
1607,Charles County,MD,202407,2372.11,0.0186,0.0983,"Washington-Arlington-Alexandria, DC-VA-MD-WV"
1607,Charles County,MD,202408,2337.09,-0.0148,0.0788,"Washington-Arlington-Alexandria, DC-VA-MD-WV"
1607,Charles County,MD,202409,2318.71,-0.0079,0.0545,"Washington-Arlington-Alexandria, DC-VA-MD-WV"
1607,Charles County,MD,202410,2306.05,-0.0055,0.0567,"Washington-Arlington-Alexandria, DC-VA-MD-WV"
1607,Charles County,MD,202411,2286.66,-0.0084,0.0546,"Washington-Arlington-Alexandria, DC-VA-MD-WV"
1607,Charles County,MD,202412,2300.33,0.006,0.0761,"Washington-Arlington-Alexandria, DC-VA-MD-WV"
1607,Charles County,MD,202501,2297.22,-0.0014,0.0508,"Washington-Arlington-Alexandria, DC-VA-MD-WV"
1607,Charles County,MD,202502,2321.86,0.0107,0.0553,"Washington-Arlington-Alexandria, DC-VA-MD-WV"
1607,Charles County,MD,202503,2303.22,-0.008,0.0264,"Washington-Arlington-Alexandria, DC-VA-MD-WV"
1607,Charles County,MD,202504,2285.16,-0.0078,0.019,"Washington-Arlington-Alexandria, DC-VA-MD-WV"
1607,Charles County,MD,202505,2298.3,0.0058,-0.004,"Washington-Arlington-Alexandria, DC-VA-MD-WV"
1607,Charles County,MD,202506,2318.17,0.0086,-0.0046,"Washington-Arlington-Alexandria, DC-VA-MD-WV"
1607,Charles County,MD,202507,2336.84,0.008,-0.0149,"Washington-Arlington-Alexandria, DC-VA-MD-WV"
1607,Charles County,MD,202508,2322.75,-0.006,-0.0061,"Washington-Arlington-Alexandria, DC-VA-MD-WV"
1607,Charles County,MD,202509,2321.26,-0.0006,0.0011,"Washington-Arlington-Alexandria, DC-VA-MD-WV"
1607,Charles County,MD,202510,2356.53,0.0152,0.0219,"Washington-Arlington-Alexandria, DC-VA-MD-WV"
1607,Charles County,MD,202511,2358.42,0.0008,0.0314,"Washington-Arlington-Alexandria, DC-VA-MD-WV"
1607,Charles County,MD,202512,2336.78,-0.0092,0.0158,"Washington-Arlington-Alexandria, DC-VA-MD-WV"
1607,Charles County,MD,202601,2302.23,-0.0148,0.0022,"Washington-Arlington-Alexandria, DC-VA-MD-WV"
1607,Charles County,MD,202602,2350.8,0.0211,0.0125,"Washington-Arlington-Alexandria, DC-VA-MD-WV"
1607,Charles County,MD,202603,2402.26,0.0219,0.043,"Washington-Arlington-Alexandria, DC-VA-MD-WV"
1607,Charles County,MD,202604,2423.83,0.009,0.0607,"Washington-Arlington-Alexandria, DC-VA-MD-WV"
1607,Charles County,MD,202605,2397.88,-0.0107,0.0433,"Washington-Arlington-Alexandria, DC-VA-MD-WV"
1607,Charles County,MD,202606,2397.14,-0.0003,0.0341,"Washington-Arlington-Alexandria, DC-VA-MD-WV"
1607,Charles County,MD,202607,2409.78,0.0053,0.0312,"Washington-Arlington-Alexandria, DC-VA-MD-WV"
1607,Charles County,MD,202608,2403.59,-0.0026,0.0348,"Washington-Arlington-Alexandria, DC-VA-MD-WV"
1761,Harford County,MD,201501,1239.05,,,"Baltimore-Columbia-Towson, MD"
1761,Harford County,MD,201502,1239.91,0.0007,,"Baltimore-Columbia-Towson, MD"
1761,Harford County,MD,201503,1243.41,0.0028,,"Baltimore-Columbia-Towson, MD"
1761,Harford County,MD,201504,1252.19,0.0071,,"Baltimore-Columbia-Towson, MD"
1761,Harford County,MD,201505,1258.39,0.005,,"Baltimore-Columbia-Towson, MD"
1761,Harford County,MD,201506,1259.75,0.0011,,"Baltimore-Columbia-Towson, MD"
1761,Harford County,MD,201507,1264.99,0.0042,,"Baltimore-Columbia-Towson, MD"
1761,Harford County,MD,201508,1258.83,-0.0049,,"Baltimore-Columbia-Towson, MD"
1761,Harford County,MD,201509,1256.33,-0.002,,"Baltimore-Columbia-Towson, MD"
1761,Harford County,MD,201510,1253.27,-0.0024,,"Baltimore-Columbia-Towson, MD"
1761,Harford County,MD,201511,1254.4,0.0009,,"Baltimore-Columbia-Towson, MD"
1761,Harford County,MD,201512,1255.04,0.0005,,"Baltimore-Columbia-Towson, MD"
1761,Harford County,MD,201601,1254.26,-0.0006,0.0123,"Baltimore-Columbia-Towson, MD"
1761,Harford County,MD,201602,1255.07,0.0006,0.0122,"Baltimore-Columbia-Towson, MD"
1761,Harford County,MD,201603,1261.52,0.0051,0.0146,"Baltimore-Columbia-Towson, MD"
1761,Harford County,MD,201604,1264.63,0.0025,0.0099,"Baltimore-Columbia-Towson, MD"
1761,Harford County,MD,201605,1267.52,0.0023,0.0073,"Baltimore-Columbia-Towson, MD"
1761,Harford County,MD,201606,1264.64,-0.0023,0.0039,"Baltimore-Columbia-Towson, MD"
1761,Harford County,MD,201607,1265.23,0.0005,0.0002,"Baltimore-Columbia-Towson, MD"
1761,Harford County,MD,201608,1261.83,-0.0027,0.0024,"Baltimore-Columbia-Towson, MD"
1761,Harford County,MD,201609,1262.63,0.0006,0.005,"Baltimore-Columbia-Towson, MD"
1761,Harford County,MD,201610,1266.77,0.0033,0.0108,"Baltimore-Columbia-Towson, MD"
1761,Harford County,MD,201611,1264.57,-0.0017,0.0081,"Baltimore-Columbia-Towson, MD"
1761,Harford County,MD,201612,1249.62,-0.0118,-0.0043,"Baltimore-Columbia-Towson, MD"
1761,Harford County,MD,201701,1248.68,-0.0008,-0.0044,"Baltimore-Columbia-Towson, MD"
1761,Harford County,MD,201702,1257.06,0.0067,0.0016,"Baltimore-Columbia-Towson, MD"
1761,Harford County,MD,201703,1280.91,0.019,0.0154,"Baltimore-Columbia-Towson, MD"
1761,Harford County,MD,201704,1280.68,-0.0002,0.0127,"Baltimore-Columbia-Towson, MD"
1761,Harford County,MD,201705,1283.54,0.0022,0.0126,"Baltimore-Columbia-Towson, MD"
1761,Harford County,MD,201706,1287.17,0.0028,0.0178,"Baltimore-Columbia-Towson, MD"
1761,Harford County,MD,201707,1292.4,0.0041,0.0215,"Baltimore-Columbia-Towson, MD"
1761,Harford County,MD,201708,1288.12,-0.0033,0.0208,"Baltimore-Columbia-Towson, MD"
1761,Harford County,MD,201709,1278.43,-0.0075,0.0125,"Baltimore-Columbia-Towson, MD"
1761,Harford County,MD,201710,1286.14,0.006,0.0153,"Baltimore-Columbia-Towson, MD"
1761,Harford County,MD,201711,1290.82,0.0036,0.0208,"Baltimore-Columbia-Towson, MD"
1761,Harford County,MD,201712,1294.37,0.0027,0.0358,"Baltimore-Columbia-Towson, MD"
1761,Harford County,MD,201801,1298.19,0.003,0.0396,"Baltimore-Columbia-Towson, MD"
1761,Harford County,MD,201802,1307.73,0.0074,0.0403,"Baltimore-Columbia-Towson, MD"
1761,Harford County,MD,201803,1313.88,0.0047,0.0257,"Baltimore-Columbia-Towson, MD"
1761,Harford County,MD,201804,1306.57,-0.0056,0.0202,"Baltimore-Columbia-Towson, MD"
1761,Harford County,MD,201805,1306.66,0.0001,0.018,"Baltimore-Columbia-Towson, MD"
1761,Harford County,MD,201806,1309.67,0.0023,0.0175,"Baltimore-Columbia-Towson, MD"
1761,Harford County,MD,201807,1318.0,0.0064,0.0198,"Baltimore-Columbia-Towson, MD"
1761,Harford County,MD,201808,1317.81,-0.0001,0.0231,"Baltimore-Columbia-Towson, MD"
1761,Harford County,MD,201809,1326.24,0.0064,0.0374,"Baltimore-Columbia-Towson, MD"
1761,Harford County,MD,201810,1317.36,-0.0067,0.0243,"Baltimore-Columbia-Towson, MD"
1761,Harford County,MD,201811,1318.76,0.0011,0.0216,"Baltimore-Columbia-Towson, MD"
1761,Harford County,MD,201812,1313.26,-0.0042,0.0146,"Baltimore-Columbia-Towson, MD"
1761,Harford County,MD,201901,1324.11,0.0083,0.02,"Baltimore-Columbia-Towson, MD"
1761,Harford County,MD,201902,1332.56,0.0064,0.019,"Baltimore-Columbia-Towson, MD"
1761,Harford County,MD,201903,1342.88,0.0077,0.0221,"Baltimore-Columbia-Towson, MD"
1761,Harford County,MD,201904,1359.35,0.0123,0.0404,"Baltimore-Columbia-Towson, MD"
1761,Harford County,MD,201905,1363.3,0.0029,0.0433,"Baltimore-Columbia-Towson, MD"
1761,Harford County,MD,201906,1362.65,-0.0005,0.0405,"Baltimore-Columbia-Towson, MD"
1761,Harford County,MD,201907,1353.81,-0.0065,0.0272,"Baltimore-Columbia-Towson, MD"
1761,Harford County,MD,201908,1361.19,0.0055,0.0329,"Baltimore-Columbia-Towson, MD"
1761,Harford County,MD,201909,1371.06,0.0073,0.0338,"Baltimore-Columbia-Towson, MD"
1761,Harford County,MD,201910,1371.78,0.0005,0.0413,"Baltimore-Columbia-Towson, MD"
1761,Harford County,MD,201911,1369.27,-0.0018,0.0383,"Baltimore-Columbia-Towson, MD"
1761,Harford County,MD,201912,1364.62,-0.0034,0.0391,"Baltimore-Columbia-Towson, MD"
1761,Harford County,MD,202001,1369.74,0.0037,0.0345,"Baltimore-Columbia-Towson, MD"
1761,Harford County,MD,202002,1378.93,0.0067,0.0348,"Baltimore-Columbia-Towson, MD"
1761,Harford County,MD,202003,1389.48,0.0076,0.0347,"Baltimore-Columbia-Towson, MD"
1761,Harford County,MD,202004,1395.08,0.004,0.0263,"Baltimore-Columbia-Towson, MD"
1761,Harford County,MD,202005,1396.93,0.0013,0.0247,"Baltimore-Columbia-Towson, MD"
1761,Harford County,MD,202006,1397.47,0.0004,0.0256,"Baltimore-Columbia-Towson, MD"
1761,Harford County,MD,202007,1403.8,0.0045,0.0369,"Baltimore-Columbia-Towson, MD"
1761,Harford County,MD,202008,1407.68,0.0028,0.0341,"Baltimore-Columbia-Towson, MD"
1761,Harford County,MD,202009,1414.15,0.0046,0.0314,"Baltimore-Columbia-Towson, MD"
1761,Harford County,MD,202010,1415.98,0.0013,0.0322,"Baltimore-Columbia-Towson, MD"
1761,Harford County,MD,202011,1424.33,0.0059,0.0402,"Baltimore-Columbia-Towson, MD"
1761,Harford County,MD,202012,1429.78,0.0038,0.0478,"Baltimore-Columbia-Towson, MD"
1761,Harford County,MD,202101,1438.01,0.0058,0.0498,"Baltimore-Columbia-Towson, MD"
1761,Harford County,MD,202102,1449.02,0.0077,0.0508,"Baltimore-Columbia-Towson, MD"
1761,Harford County,MD,202103,1463.12,0.0097,0.053,"Baltimore-Columbia-Towson, MD"
1761,Harford County,MD,202104,1488.01,0.017,0.0666,"Baltimore-Columbia-Towson, MD"
1761,Harford County,MD,202105,1498.02,0.0067,0.0724,"Baltimore-Columbia-Towson, MD"
1761,Harford County,MD,202106,1522.25,0.0162,0.0893,"Baltimore-Columbia-Towson, MD"
1761,Harford County,MD,202107,1531.94,0.0064,0.0913,"Baltimore-Columbia-Towson, MD"
1761,Harford County,MD,202108,1563.38,0.0205,0.1106,"Baltimore-Columbia-Towson, MD"
1761,Harford County,MD,202109,1576.67,0.0085,0.1149,"Baltimore-Columbia-Towson, MD"
1761,Harford County,MD,202110,1594.11,0.0111,0.1258,"Baltimore-Columbia-Towson, MD"
1761,Harford County,MD,202111,1591.92,-0.0014,0.1177,"Baltimore-Columbia-Towson, MD"
1761,Harford County,MD,202112,1583.96,-0.005,0.1078,"Baltimore-Columbia-Towson, MD"
1761,Harford County,MD,202201,1579.59,-0.0028,0.0985,"Baltimore-Columbia-Towson, MD"
1761,Harford County,MD,202202,1585.6,0.0038,0.0943,"Baltimore-Columbia-Towson, MD"
1761,Harford County,MD,202203,1608.47,0.0144,0.0993,"Baltimore-Columbia-Towson, MD"
1761,Harford County,MD,202204,1635.18,0.0166,0.0989,"Baltimore-Columbia-Towson, MD"
1761,Harford County,MD,202205,1665.48,0.0185,0.1118,"Baltimore-Columbia-Towson, MD"
1761,Harford County,MD,202206,1687.48,0.0132,0.1085,"Baltimore-Columbia-Towson, MD"
1761,Harford County,MD,202207,1686.15,-0.0008,0.1007,"Baltimore-Columbia-Towson, MD"
1761,Harford County,MD,202208,1678.18,-0.0047,0.0734,"Baltimore-Columbia-Towson, MD"
1761,Harford County,MD,202209,1671.21,-0.0042,0.06,"Baltimore-Columbia-Towson, MD"
1761,Harford County,MD,202210,1667.18,-0.0024,0.0458,"Baltimore-Columbia-Towson, MD"
1761,Harford County,MD,202211,1672.69,0.0033,0.0507,"Baltimore-Columbia-Towson, MD"
1761,Harford County,MD,202212,1682.43,0.0058,0.0622,"Baltimore-Columbia-Towson, MD"
1761,Harford County,MD,202301,1704.05,0.0129,0.0788,"Baltimore-Columbia-Towson, MD"
1761,Harford County,MD,202302,1714.24,0.006,0.0811,"Baltimore-Columbia-Towson, MD"
1761,Harford County,MD,202303,1724.16,0.0058,0.0719,"Baltimore-Columbia-Towson, MD"
1761,Harford County,MD,202304,1729.23,0.0029,0.0575,"Baltimore-Columbia-Towson, MD"
1761,Harford County,MD,202305,1734.77,0.0032,0.0416,"Baltimore-Columbia-Towson, MD"
1761,Harford County,MD,202306,1729.63,-0.003,0.025,"Baltimore-Columbia-Towson, MD"
1761,Harford County,MD,202307,1731.39,0.001,0.0268,"Baltimore-Columbia-Towson, MD"
1761,Harford County,MD,202308,1738.1,0.0039,0.0357,"Baltimore-Columbia-Towson, MD"
1761,Harford County,MD,202309,1762.94,0.0143,0.0549,"Baltimore-Columbia-Towson, MD"
1761,Harford County,MD,202310,1770.65,0.0044,0.0621,"Baltimore-Columbia-Towson, MD"
1761,Harford County,MD,202311,1777.79,0.004,0.0628,"Baltimore-Columbia-Towson, MD"
1761,Harford County,MD,202312,1757.43,-0.0115,0.0446,"Baltimore-Columbia-Towson, MD"
1761,Harford County,MD,202401,1765.13,0.0044,0.0358,"Baltimore-Columbia-Towson, MD"
1761,Harford County,MD,202402,1761.31,-0.0022,0.0275,"Baltimore-Columbia-Towson, MD"
1761,Harford County,MD,202403,1770.27,0.0051,0.0267,"Baltimore-Columbia-Towson, MD"
1761,Harford County,MD,202404,1771.02,0.0004,0.0242,"Baltimore-Columbia-Towson, MD"
1761,Harford County,MD,202405,1787.48,0.0093,0.0304,"Baltimore-Columbia-Towson, MD"
1761,Harford County,MD,202406,1820.08,0.0182,0.0523,"Baltimore-Columbia-Towson, MD"
1761,Harford County,MD,202407,1843.86,0.0131,0.065,"Baltimore-Columbia-Towson, MD"
1761,Harford County,MD,202408,1846.7,0.0015,0.0625,"Baltimore-Columbia-Towson, MD"
1761,Harford County,MD,202409,1826.81,-0.0108,0.0362,"Baltimore-Columbia-Towson, MD"
1761,Harford County,MD,202410,1816.56,-0.0056,0.0259,"Baltimore-Columbia-Towson, MD"
1761,Harford County,MD,202411,1800.85,-0.0086,0.013,"Baltimore-Columbia-Towson, MD"
1761,Harford County,MD,202412,1809.85,0.005,0.0298,"Baltimore-Columbia-Towson, MD"
1761,Harford County,MD,202501,1823.81,0.0077,0.0332,"Baltimore-Columbia-Towson, MD"
1761,Harford County,MD,202502,1848.01,0.0133,0.0492,"Baltimore-Columbia-Towson, MD"
1761,Harford County,MD,202503,1852.97,0.0027,0.0467,"Baltimore-Columbia-Towson, MD"
1761,Harford County,MD,202504,1851.56,-0.0008,0.0455,"Baltimore-Columbia-Towson, MD"
1761,Harford County,MD,202505,1853.67,0.0011,0.037,"Baltimore-Columbia-Towson, MD"
1761,Harford County,MD,202506,1857.85,0.0023,0.0208,"Baltimore-Columbia-Towson, MD"
1761,Harford County,MD,202507,1862.52,0.0025,0.0101,"Baltimore-Columbia-Towson, MD"
1761,Harford County,MD,202508,1862.61,0.0,0.0086,"Baltimore-Columbia-Towson, MD"
1761,Harford County,MD,202509,1855.37,-0.0039,0.0156,"Baltimore-Columbia-Towson, MD"
1761,Harford County,MD,202510,1842.43,-0.007,0.0142,"Baltimore-Columbia-Towson, MD"
1761,Harford County,MD,202511,1842.59,0.0001,0.0232,"Baltimore-Columbia-Towson, MD"
1761,Harford County,MD,202512,1860.35,0.0096,0.0279,"Baltimore-Columbia-Towson, MD"
1761,Harford County,MD,202601,1884.5,0.013,0.0333,"Baltimore-Columbia-Towson, MD"
1761,Harford County,MD,202602,1898.85,0.0076,0.0275,"Baltimore-Columbia-Towson, MD"
1761,Harford County,MD,202603,1905.75,0.0036,0.0285,"Baltimore-Columbia-Towson, MD"
1761,Harford County,MD,202604,1914.23,0.0045,0.0338,"Baltimore-Columbia-Towson, MD"
1761,Harford County,MD,202605,1919.25,0.0026,0.0354,"Baltimore-Columbia-Towson, MD"
1761,Harford County,MD,202606,1923.68,0.0023,0.0354,"Baltimore-Columbia-Towson, MD"
1761,Harford County,MD,202607,1922.17,-0.0008,0.032,"Baltimore-Columbia-Towson, MD"
1761,Harford County,MD,202608,1913.9,-0.0043,0.0275,"Baltimore-Columbia-Towson, MD"
2118,Allegany County,MD,202301,802.64,,,"Cumberland, MD-WV"
2118,Allegany County,MD,202302,835.49,0.0409,,"Cumberland, MD-WV"
2118,Allegany County,MD,202303,858.79,0.0279,,"Cumberland, MD-WV"
2118,Allegany County,MD,202304,854.35,-0.0052,,"Cumberland, MD-WV"
2118,Allegany County,MD,202305,868.39,0.0164,,"Cumberland, MD-WV"
2118,Allegany County,MD,202306,859.94,-0.0097,,"Cumberland, MD-WV"
2118,Allegany County,MD,202307,850.88,-0.0105,,"Cumberland, MD-WV"
2118,Allegany County,MD,202308,834.69,-0.019,,"Cumberland, MD-WV"
2118,Allegany County,MD,202309,837.96,0.0039,,"Cumberland, MD-WV"
2118,Allegany County,MD,202310,851.6,0.0163,,"Cumberland, MD-WV"
2118,Allegany County,MD,202311,865.9,0.0168,,"Cumberland, MD-WV"
2118,Allegany County,MD,202312,870.8,0.0056,,"Cumberland, MD-WV"
2118,Allegany County,MD,202401,889.88,0.0219,0.1087,"Cumberland, MD-WV"
2118,Allegany County,MD,202402,893.01,0.0035,0.0689,"Cumberland, MD-WV"
2118,Allegany County,MD,202403,897.71,0.0053,0.0453,"Cumberland, MD-WV"
2118,Allegany County,MD,202404,892.55,-0.0057,0.0447,"Cumberland, MD-WV"
2118,Allegany County,MD,202405,907.03,0.0162,0.0445,"Cumberland, MD-WV"
2118,Allegany County,MD,202406,914.82,0.0086,0.0638,"Cumberland, MD-WV"
2118,Allegany County,MD,202407,924.48,0.0106,0.0865,"Cumberland, MD-WV"
2118,Allegany County,MD,202408,912.56,-0.0129,0.0933,"Cumberland, MD-WV"
2118,Allegany County,MD,202409,907.25,-0.0058,0.0827,"Cumberland, MD-WV"
2118,Allegany County,MD,202410,895.11,-0.0134,0.0511,"Cumberland, MD-WV"
2118,Allegany County,MD,202411,920.74,0.0286,0.0633,"Cumberland, MD-WV"
2118,Allegany County,MD,202412,940.91,0.0219,0.0805,"Cumberland, MD-WV"
2118,Allegany County,MD,202501,954.04,0.014,0.0721,"Cumberland, MD-WV"
2118,Allegany County,MD,202502,935.59,-0.0193,0.0477,"Cumberland, MD-WV"
2118,Allegany County,MD,202503,934.85,-0.0008,0.0414,"Cumberland, MD-WV"
2118,Allegany County,MD,202504,936.66,0.0019,0.0494,"Cumberland, MD-WV"
2118,Allegany County,MD,202505,967.5,0.0329,0.0667,"Cumberland, MD-WV"
2118,Allegany County,MD,202506,978.95,0.0118,0.0701,"Cumberland, MD-WV"
2118,Allegany County,MD,202507,992.71,0.0141,0.0738,"Cumberland, MD-WV"
2118,Allegany County,MD,202508,969.41,-0.0235,0.0623,"Cumberland, MD-WV"
2118,Allegany County,MD,202509,975.51,0.0063,0.0752,"Cumberland, MD-WV"
2118,Allegany County,MD,202510,986.68,0.0114,0.1023,"Cumberland, MD-WV"
2118,Allegany County,MD,202511,982.9,-0.0038,0.0675,"Cumberland, MD-WV"
2118,Allegany County,MD,202512,988.37,0.0056,0.0504,"Cumberland, MD-WV"
2118,Allegany County,MD,202601,977.29,-0.0112,0.0244,"Cumberland, MD-WV"
2118,Allegany County,MD,202602,970.86,-0.0066,0.0377,"Cumberland, MD-WV"
2118,Allegany County,MD,202603,979.76,0.0092,0.048,"Cumberland, MD-WV"
2118,Allegany County,MD,202604,984.33,0.0047,0.0509,"Cumberland, MD-WV"
2118,Allegany County,MD,202605,998.66,0.0146,0.0322,"Cumberland, MD-WV"
2118,Allegany County,MD,202606,991.85,-0.0068,0.0132,"Cumberland, MD-WV"
2118,Allegany County,MD,202607,1009.24,0.0175,0.0167,"Cumberland, MD-WV"
2118,Allegany County,MD,202608,1017.67,0.0083,0.0498,"Cumberland, MD-WV"
2598,Wicomico County,MD,201501,912.76,,,"Salisbury, MD-DE"
2598,Wicomico County,MD,201502,926.3,0.0148,,"Salisbury, MD-DE"
2598,Wicomico County,MD,201503,931.76,0.0059,,"Salisbury, MD-DE"
2598,Wicomico County,MD,201504,929.28,-0.0027,,"Salisbury, MD-DE"
2598,Wicomico County,MD,201505,936.09,0.0073,,"Salisbury, MD-DE"
2598,Wicomico County,MD,201506,934.86,-0.0013,,"Salisbury, MD-DE"
2598,Wicomico County,MD,201507,932.0,-0.0031,,"Salisbury, MD-DE"
2598,Wicomico County,MD,201508,923.59,-0.009,,"Salisbury, MD-DE"
2598,Wicomico County,MD,201509,913.2,-0.0113,,"Salisbury, MD-DE"
2598,Wicomico County,MD,201510,915.3,0.0023,,"Salisbury, MD-DE"
2598,Wicomico County,MD,201511,915.98,0.0007,,"Salisbury, MD-DE"
2598,Wicomico County,MD,201512,922.23,0.0068,,"Salisbury, MD-DE"
2598,Wicomico County,MD,201601,926.16,0.0043,0.0147,"Salisbury, MD-DE"
2598,Wicomico County,MD,201602,930.45,0.0046,0.0045,"Salisbury, MD-DE"
2598,Wicomico County,MD,201603,942.29,0.0127,0.0113,"Salisbury, MD-DE"
2598,Wicomico County,MD,201604,951.73,0.01,0.0242,"Salisbury, MD-DE"
2598,Wicomico County,MD,201605,948.71,-0.0032,0.0135,"Salisbury, MD-DE"
2598,Wicomico County,MD,201606,947.21,-0.0016,0.0132,"Salisbury, MD-DE"
2598,Wicomico County,MD,201607,946.25,-0.001,0.0153,"Salisbury, MD-DE"
2598,Wicomico County,MD,201608,950.79,0.0048,0.0294,"Salisbury, MD-DE"
2598,Wicomico County,MD,201609,948.52,-0.0024,0.0387,"Salisbury, MD-DE"
2598,Wicomico County,MD,201610,938.31,-0.0108,0.0251,"Salisbury, MD-DE"
2598,Wicomico County,MD,201611,939.26,0.001,0.0254,"Salisbury, MD-DE"
2598,Wicomico County,MD,201612,941.96,0.0029,0.0214,"Salisbury, MD-DE"
2598,Wicomico County,MD,201701,950.63,0.0092,0.0264,"Salisbury, MD-DE"
2598,Wicomico County,MD,201702,953.43,0.0029,0.0247,"Salisbury, MD-DE"
2598,Wicomico County,MD,201703,960.22,0.0071,0.019,"Salisbury, MD-DE"
2598,Wicomico County,MD,201704,970.55,0.0108,0.0198,"Salisbury, MD-DE"
2598,Wicomico County,MD,201705,975.33,0.0049,0.0281,"Salisbury, MD-DE"
2598,Wicomico County,MD,201706,969.16,-0.0063,0.0232,"Salisbury, MD-DE"
2598,Wicomico County,MD,201707,958.06,-0.0114,0.0125,"Salisbury, MD-DE"
2598,Wicomico County,MD,201708,961.79,0.0039,0.0116,"Salisbury, MD-DE"
2598,Wicomico County,MD,201709,959.37,-0.0025,0.0114,"Salisbury, MD-DE"
2598,Wicomico County,MD,201710,969.13,0.0102,0.0328,"Salisbury, MD-DE"
2598,Wicomico County,MD,201711,970.01,0.0009,0.0327,"Salisbury, MD-DE"
2598,Wicomico County,MD,201712,974.86,0.005,0.0349,"Salisbury, MD-DE"
2598,Wicomico County,MD,201801,975.61,0.0008,0.0263,"Salisbury, MD-DE"
2598,Wicomico County,MD,201802,977.11,0.0015,0.0248,"Salisbury, MD-DE"
2598,Wicomico County,MD,201803,989.5,0.0127,0.0305,"Salisbury, MD-DE"
2598,Wicomico County,MD,201804,990.03,0.0005,0.0201,"Salisbury, MD-DE"
2598,Wicomico County,MD,201805,995.58,0.0056,0.0208,"Salisbury, MD-DE"
2598,Wicomico County,MD,201806,992.6,-0.003,0.0242,"Salisbury, MD-DE"
2598,Wicomico County,MD,201807,987.6,-0.005,0.0308,"Salisbury, MD-DE"
2598,Wicomico County,MD,201808,989.56,0.002,0.0289,"Salisbury, MD-DE"
2598,Wicomico County,MD,201809,987.1,-0.0025,0.0289,"Salisbury, MD-DE"
2598,Wicomico County,MD,201810,1004.14,0.0173,0.0361,"Salisbury, MD-DE"
2598,Wicomico County,MD,201811,1003.15,-0.001,0.0342,"Salisbury, MD-DE"
2598,Wicomico County,MD,201812,1009.37,0.0062,0.0354,"Salisbury, MD-DE"
2598,Wicomico County,MD,201901,1007.45,-0.0019,0.0326,"Salisbury, MD-DE"
2598,Wicomico County,MD,201902,1008.98,0.0015,0.0326,"Salisbury, MD-DE"
2598,Wicomico County,MD,201903,1013.6,0.0046,0.0244,"Salisbury, MD-DE"
2598,Wicomico County,MD,201904,1020.28,0.0066,0.0306,"Salisbury, MD-DE"
2598,Wicomico County,MD,201905,1025.21,0.0048,0.0298,"Salisbury, MD-DE"
2598,Wicomico County,MD,201906,1024.79,-0.0004,0.0324,"Salisbury, MD-DE"
2598,Wicomico County,MD,201907,1035.88,0.0108,0.0489,"Salisbury, MD-DE"
2598,Wicomico County,MD,201908,1038.83,0.0028,0.0498,"Salisbury, MD-DE"
2598,Wicomico County,MD,201909,1045.44,0.0064,0.0591,"Salisbury, MD-DE"
2598,Wicomico County,MD,201910,1051.29,0.0056,0.047,"Salisbury, MD-DE"
2598,Wicomico County,MD,201911,1077.62,0.025,0.0742,"Salisbury, MD-DE"
2598,Wicomico County,MD,201912,1102.75,0.0233,0.0925,"Salisbury, MD-DE"
2598,Wicomico County,MD,202001,1095.91,-0.0062,0.0878,"Salisbury, MD-DE"
2598,Wicomico County,MD,202002,1089.12,-0.0062,0.0794,"Salisbury, MD-DE"
2598,Wicomico County,MD,202003,1082.41,-0.0062,0.0679,"Salisbury, MD-DE"
2598,Wicomico County,MD,202004,1090.0,0.007,0.0683,"Salisbury, MD-DE"
2598,Wicomico County,MD,202005,1086.21,-0.0035,0.0595,"Salisbury, MD-DE"
2598,Wicomico County,MD,202006,1095.16,0.0082,0.0687,"Salisbury, MD-DE"
2598,Wicomico County,MD,202007,1098.34,0.0029,0.0603,"Salisbury, MD-DE"
2598,Wicomico County,MD,202008,1127.33,0.0264,0.0852,"Salisbury, MD-DE"
2598,Wicomico County,MD,202009,1125.74,-0.0014,0.0768,"Salisbury, MD-DE"
2598,Wicomico County,MD,202010,1132.52,0.006,0.0773,"Salisbury, MD-DE"
2598,Wicomico County,MD,202011,1113.76,-0.0166,0.0335,"Salisbury, MD-DE"
2598,Wicomico County,MD,202012,1124.9,0.01,0.0201,"Salisbury, MD-DE"
2598,Wicomico County,MD,202101,1124.82,-0.0001,0.0264,"Salisbury, MD-DE"
2598,Wicomico County,MD,202102,1125.37,0.0005,0.0333,"Salisbury, MD-DE"
2598,Wicomico County,MD,202103,1140.21,0.0132,0.0534,"Salisbury, MD-DE"
2598,Wicomico County,MD,202104,1158.1,0.0157,0.0625,"Salisbury, MD-DE"
2598,Wicomico County,MD,202105,1178.8,0.0179,0.0852,"Salisbury, MD-DE"
2598,Wicomico County,MD,202106,1203.79,0.0212,0.0992,"Salisbury, MD-DE"
2598,Wicomico County,MD,202107,1218.44,0.0122,0.1093,"Salisbury, MD-DE"
2598,Wicomico County,MD,202108,1248.53,0.0247,0.1075,"Salisbury, MD-DE"
2598,Wicomico County,MD,202109,1236.12,-0.0099,0.0981,"Salisbury, MD-DE"
2598,Wicomico County,MD,202110,1240.59,0.0036,0.0954,"Salisbury, MD-DE"
2598,Wicomico County,MD,202111,1238.27,-0.0019,0.1118,"Salisbury, MD-DE"
2598,Wicomico County,MD,202112,1242.11,0.0031,0.1042,"Salisbury, MD-DE"
2598,Wicomico County,MD,202201,1269.79,0.0223,0.1289,"Salisbury, MD-DE"
2598,Wicomico County,MD,202202,1298.61,0.0227,0.1539,"Salisbury, MD-DE"
2598,Wicomico County,MD,202203,1319.59,0.0162,0.1573,"Salisbury, MD-DE"
2598,Wicomico County,MD,202204,1325.55,0.0045,0.1446,"Salisbury, MD-DE"
2598,Wicomico County,MD,202205,1333.97,0.0063,0.1316,"Salisbury, MD-DE"
2598,Wicomico County,MD,202206,1356.29,0.0167,0.1267,"Salisbury, MD-DE"
2598,Wicomico County,MD,202207,1353.75,-0.0019,0.1111,"Salisbury, MD-DE"
2598,Wicomico County,MD,202208,1350.69,-0.0023,0.0818,"Salisbury, MD-DE"
2598,Wicomico County,MD,202209,1349.95,-0.0005,0.0921,"Salisbury, MD-DE"
2598,Wicomico County,MD,202210,1359.92,0.0074,0.0962,"Salisbury, MD-DE"
2598,Wicomico County,MD,202211,1377.66,0.013,0.1126,"Salisbury, MD-DE"
2598,Wicomico County,MD,202212,1378.7,0.0008,0.11,"Salisbury, MD-DE"
2598,Wicomico County,MD,202301,1393.28,0.0106,0.0973,"Salisbury, MD-DE"
2598,Wicomico County,MD,202302,1389.35,-0.0028,0.0699,"Salisbury, MD-DE"
2598,Wicomico County,MD,202303,1396.1,0.0049,0.058,"Salisbury, MD-DE"
2598,Wicomico County,MD,202304,1413.19,0.0122,0.0661,"Salisbury, MD-DE"
2598,Wicomico County,MD,202305,1405.78,-0.0052,0.0538,"Salisbury, MD-DE"
2598,Wicomico County,MD,202306,1392.75,-0.0093,0.0269,"Salisbury, MD-DE"
2598,Wicomico County,MD,202307,1392.3,-0.0003,0.0285,"Salisbury, MD-DE"
2598,Wicomico County,MD,202308,1417.02,0.0178,0.0491,"Salisbury, MD-DE"
2598,Wicomico County,MD,202309,1440.52,0.0166,0.0671,"Salisbury, MD-DE"
2598,Wicomico County,MD,202310,1446.04,0.0038,0.0633,"Salisbury, MD-DE"
2598,Wicomico County,MD,202311,1421.14,-0.0172,0.0316,"Salisbury, MD-DE"
2598,Wicomico County,MD,202312,1432.92,0.0083,0.0393,"Salisbury, MD-DE"
2598,Wicomico County,MD,202401,1424.15,-0.0061,0.0222,"Salisbury, MD-DE"
2598,Wicomico County,MD,202402,1450.95,0.0188,0.0443,"Salisbury, MD-DE"
2598,Wicomico County,MD,202403,1445.56,-0.0037,0.0354,"Salisbury, MD-DE"
2598,Wicomico County,MD,202404,1467.74,0.0153,0.0386,"Salisbury, MD-DE"
2598,Wicomico County,MD,202405,1475.72,0.0054,0.0497,"Salisbury, MD-DE"
2598,Wicomico County,MD,202406,1491.37,0.0106,0.0708,"Salisbury, MD-DE"
2598,Wicomico County,MD,202407,1493.46,0.0014,0.0727,"Salisbury, MD-DE"
2598,Wicomico County,MD,202408,1507.24,0.0092,0.0637,"Salisbury, MD-DE"
2598,Wicomico County,MD,202409,1512.42,0.0034,0.0499,"Salisbury, MD-DE"
2598,Wicomico County,MD,202410,1517.27,0.0032,0.0493,"Salisbury, MD-DE"
2598,Wicomico County,MD,202411,1520.55,0.0022,0.0699,"Salisbury, MD-DE"
2598,Wicomico County,MD,202412,1525.89,0.0035,0.0649,"Salisbury, MD-DE"
2598,Wicomico County,MD,202501,1528.0,0.0014,0.0729,"Salisbury, MD-DE"
2598,Wicomico County,MD,202502,1530.1,0.0014,0.0546,"Salisbury, MD-DE"
2598,Wicomico County,MD,202503,1531.06,0.0006,0.0591,"Salisbury, MD-DE"
2598,Wicomico County,MD,202504,1537.12,0.004,0.0473,"Salisbury, MD-DE"
2598,Wicomico County,MD,202505,1542.85,0.0037,0.0455,"Salisbury, MD-DE"
2598,Wicomico County,MD,202506,1545.05,0.0014,0.036,"Salisbury, MD-DE"
2598,Wicomico County,MD,202507,1556.93,0.0077,0.0425,"Salisbury, MD-DE"
2598,Wicomico County,MD,202508,1569.26,0.0079,0.0411,"Salisbury, MD-DE"
2598,Wicomico County,MD,202509,1591.49,0.0142,0.0523,"Salisbury, MD-DE"
2598,Wicomico County,MD,202510,1597.5,0.0038,0.0529,"Salisbury, MD-DE"
2598,Wicomico County,MD,202511,1584.18,-0.0083,0.0418,"Salisbury, MD-DE"
2598,Wicomico County,MD,202512,1583.13,-0.0007,0.0375,"Salisbury, MD-DE"
2598,Wicomico County,MD,202601,1577.83,-0.0033,0.0326,"Salisbury, MD-DE"
2598,Wicomico County,MD,202602,1599.47,0.0137,0.0453,"Salisbury, MD-DE"
2598,Wicomico County,MD,202603,1604.02,0.0028,0.0477,"Salisbury, MD-DE"
2598,Wicomico County,MD,202604,1603.2,-0.0005,0.043,"Salisbury, MD-DE"
2598,Wicomico County,MD,202605,1610.58,0.0046,0.0439,"Salisbury, MD-DE"
2598,Wicomico County,MD,202606,1612.06,0.0009,0.0434,"Salisbury, MD-DE"
2598,Wicomico County,MD,202607,1620.02,0.0049,0.0405,"Salisbury, MD-DE"
2598,Wicomico County,MD,202608,1613.04,-0.0043,0.0279,"Salisbury, MD-DE"
2626,Baltimore County,MD,201501,1176.38,,,"Baltimore-Columbia-Towson, MD"
2626,Baltimore County,MD,201502,1184.59,0.007,,"Baltimore-Columbia-Towson, MD"
2626,Baltimore County,MD,201503,1185.35,0.0006,,"Baltimore-Columbia-Towson, MD"
2626,Baltimore County,MD,201504,1195.14,0.0083,,"Baltimore-Columbia-Towson, MD"
2626,Baltimore County,MD,201505,1195.55,0.0003,,"Baltimore-Columbia-Towson, MD"
2626,Baltimore County,MD,201506,1205.05,0.0079,,"Baltimore-Columbia-Towson, MD"
2626,Baltimore County,MD,201507,1208.91,0.0032,,"Baltimore-Columbia-Towson, MD"
2626,Baltimore County,MD,201508,1202.02,-0.0057,,"Baltimore-Columbia-Towson, MD"
2626,Baltimore County,MD,201509,1203.12,0.0009,,"Baltimore-Columbia-Towson, MD"
2626,Baltimore County,MD,201510,1200.86,-0.0019,,"Baltimore-Columbia-Towson, MD"
2626,Baltimore County,MD,201511,1205.53,0.0039,,"Baltimore-Columbia-Towson, MD"
2626,Baltimore County,MD,201512,1201.31,-0.0035,,"Baltimore-Columbia-Towson, MD"
2626,Baltimore County,MD,201601,1204.08,0.0023,0.0235,"Baltimore-Columbia-Towson, MD"
2626,Baltimore County,MD,201602,1208.25,0.0035,0.02,"Baltimore-Columbia-Towson, MD"
2626,Baltimore County,MD,201603,1213.55,0.0044,0.0238,"Baltimore-Columbia-Towson, MD"
2626,Baltimore County,MD,201604,1215.89,0.0019,0.0174,"Baltimore-Columbia-Towson, MD"
2626,Baltimore County,MD,201605,1219.75,0.0032,0.0202,"Baltimore-Columbia-Towson, MD"
2626,Baltimore County,MD,201606,1220.25,0.0004,0.0126,"Baltimore-Columbia-Towson, MD"
2626,Baltimore County,MD,201607,1221.92,0.0014,0.0108,"Baltimore-Columbia-Towson, MD"
2626,Baltimore County,MD,201608,1215.83,-0.005,0.0115,"Baltimore-Columbia-Towson, MD"
2626,Baltimore County,MD,201609,1211.91,-0.0032,0.0073,"Baltimore-Columbia-Towson, MD"
2626,Baltimore County,MD,201610,1209.52,-0.002,0.0072,"Baltimore-Columbia-Towson, MD"
2626,Baltimore County,MD,201611,1211.05,0.0013,0.0046,"Baltimore-Columbia-Towson, MD"
2626,Baltimore County,MD,201612,1214.94,0.0032,0.0114,"Baltimore-Columbia-Towson, MD"
2626,Baltimore County,MD,201701,1219.33,0.0036,0.0127,"Baltimore-Columbia-Towson, MD"
2626,Baltimore County,MD,201702,1228.38,0.0074,0.0167,"Baltimore-Columbia-Towson, MD"
2626,Baltimore County,MD,201703,1233.92,0.0045,0.0168,"Baltimore-Columbia-Towson, MD"
2626,Baltimore County,MD,201704,1241.2,0.0059,0.0208,"Baltimore-Columbia-Towson, MD"
2626,Baltimore County,MD,201705,1240.2,-0.0008,0.0168,"Baltimore-Columbia-Towson, MD"
2626,Baltimore County,MD,201706,1242.35,0.0017,0.0181,"Baltimore-Columbia-Towson, MD"
2626,Baltimore County,MD,201707,1244.92,0.0021,0.0188,"Baltimore-Columbia-Towson, MD"
2626,Baltimore County,MD,201708,1245.91,0.0008,0.0247,"Baltimore-Columbia-Towson, MD"
2626,Baltimore County,MD,201709,1253.67,0.0062,0.0345,"Baltimore-Columbia-Towson, MD"
2626,Baltimore County,MD,201710,1254.94,0.001,0.0375,"Baltimore-Columbia-Towson, MD"
2626,Baltimore County,MD,201711,1253.54,-0.0011,0.0351,"Baltimore-Columbia-Towson, MD"
2626,Baltimore County,MD,201712,1243.48,-0.008,0.0235,"Baltimore-Columbia-Towson, MD"
2626,Baltimore County,MD,201801,1239.0,-0.0036,0.0161,"Baltimore-Columbia-Towson, MD"
2626,Baltimore County,MD,201802,1244.88,0.0048,0.0134,"Baltimore-Columbia-Towson, MD"
2626,Baltimore County,MD,201803,1243.92,-0.0008,0.0081,"Baltimore-Columbia-Towson, MD"
2626,Baltimore County,MD,201804,1247.95,0.0032,0.0054,"Baltimore-Columbia-Towson, MD"
2626,Baltimore County,MD,201805,1253.23,0.0042,0.0105,"Baltimore-Columbia-Towson, MD"
2626,Baltimore County,MD,201806,1261.57,0.0066,0.0155,"Baltimore-Columbia-Towson, MD"
2626,Baltimore County,MD,201807,1262.64,0.0009,0.0142,"Baltimore-Columbia-Towson, MD"
2626,Baltimore County,MD,201808,1265.19,0.002,0.0155,"Baltimore-Columbia-Towson, MD"
2626,Baltimore County,MD,201809,1274.23,0.0071,0.0164,"Baltimore-Columbia-Towson, MD"
2626,Baltimore County,MD,201810,1276.52,0.0018,0.0172,"Baltimore-Columbia-Towson, MD"
2626,Baltimore County,MD,201811,1275.34,-0.0009,0.0174,"Baltimore-Columbia-Towson, MD"
2626,Baltimore County,MD,201812,1272.74,-0.002,0.0235,"Baltimore-Columbia-Towson, MD"
2626,Baltimore County,MD,201901,1273.99,0.001,0.0282,"Baltimore-Columbia-Towson, MD"
2626,Baltimore County,MD,201902,1283.52,0.0075,0.031,"Baltimore-Columbia-Towson, MD"
2626,Baltimore County,MD,201903,1289.85,0.0049,0.0369,"Baltimore-Columbia-Towson, MD"
2626,Baltimore County,MD,201904,1300.5,0.0083,0.0421,"Baltimore-Columbia-Towson, MD"
2626,Baltimore County,MD,201905,1299.19,-0.001,0.0367,"Baltimore-Columbia-Towson, MD"
2626,Baltimore County,MD,201906,1302.68,0.0027,0.0326,"Baltimore-Columbia-Towson, MD"
2626,Baltimore County,MD,201907,1299.37,-0.0025,0.0291,"Baltimore-Columbia-Towson, MD"
2626,Baltimore County,MD,201908,1301.33,0.0015,0.0286,"Baltimore-Columbia-Towson, MD"
2626,Baltimore County,MD,201909,1305.0,0.0028,0.0242,"Baltimore-Columbia-Towson, MD"
2626,Baltimore County,MD,201910,1311.98,0.0053,0.0278,"Baltimore-Columbia-Towson, MD"
2626,Baltimore County,MD,201911,1314.67,0.0021,0.0308,"Baltimore-Columbia-Towson, MD"
2626,Baltimore County,MD,201912,1310.97,-0.0028,0.03,"Baltimore-Columbia-Towson, MD"
2626,Baltimore County,MD,202001,1307.86,-0.0024,0.0266,"Baltimore-Columbia-Towson, MD"
2626,Baltimore County,MD,202002,1314.51,0.0051,0.0241,"Baltimore-Columbia-Towson, MD"
2626,Baltimore County,MD,202003,1320.62,0.0046,0.0239,"Baltimore-Columbia-Towson, MD"
2626,Baltimore County,MD,202004,1314.47,-0.0047,0.0107,"Baltimore-Columbia-Towson, MD"
2626,Baltimore County,MD,202005,1306.43,-0.0061,0.0056,"Baltimore-Columbia-Towson, MD"
2626,Baltimore County,MD,202006,1311.39,0.0038,0.0067,"Baltimore-Columbia-Towson, MD"
2626,Baltimore County,MD,202007,1325.6,0.0108,0.0202,"Baltimore-Columbia-Towson, MD"
2626,Baltimore County,MD,202008,1339.34,0.0104,0.0292,"Baltimore-Columbia-Towson, MD"
2626,Baltimore County,MD,202009,1349.34,0.0075,0.034,"Baltimore-Columbia-Towson, MD"
2626,Baltimore County,MD,202010,1356.03,0.005,0.0336,"Baltimore-Columbia-Towson, MD"
2626,Baltimore County,MD,202011,1365.07,0.0067,0.0383,"Baltimore-Columbia-Towson, MD"
2626,Baltimore County,MD,202012,1361.97,-0.0023,0.0389,"Baltimore-Columbia-Towson, MD"
2626,Baltimore County,MD,202101,1374.09,0.0089,0.0506,"Baltimore-Columbia-Towson, MD"
2626,Baltimore County,MD,202102,1381.83,0.0056,0.0512,"Baltimore-Columbia-Towson, MD"
2626,Baltimore County,MD,202103,1402.51,0.015,0.062,"Baltimore-Columbia-Towson, MD"
2626,Baltimore County,MD,202104,1423.31,0.0148,0.0828,"Baltimore-Columbia-Towson, MD"
2626,Baltimore County,MD,202105,1445.39,0.0155,0.1064,"Baltimore-Columbia-Towson, MD"
2626,Baltimore County,MD,202106,1463.68,0.0127,0.1161,"Baltimore-Columbia-Towson, MD"
2626,Baltimore County,MD,202107,1482.81,0.0131,0.1186,"Baltimore-Columbia-Towson, MD"
2626,Baltimore County,MD,202108,1507.61,0.0167,0.1256,"Baltimore-Columbia-Towson, MD"
2626,Baltimore County,MD,202109,1534.22,0.0176,0.137,"Baltimore-Columbia-Towson, MD"
2626,Baltimore County,MD,202110,1532.65,-0.001,0.1302,"Baltimore-Columbia-Towson, MD"
2626,Baltimore County,MD,202111,1530.51,-0.0014,0.1212,"Baltimore-Columbia-Towson, MD"
2626,Baltimore County,MD,202112,1524.01,-0.0042,0.119,"Baltimore-Columbia-Towson, MD"
2626,Baltimore County,MD,202201,1535.31,0.0074,0.1173,"Baltimore-Columbia-Towson, MD"
2626,Baltimore County,MD,202202,1542.13,0.0044,0.116,"Baltimore-Columbia-Towson, MD"
2626,Baltimore County,MD,202203,1555.48,0.0087,0.1091,"Baltimore-Columbia-Towson, MD"
2626,Baltimore County,MD,202204,1574.97,0.0125,0.1066,"Baltimore-Columbia-Towson, MD"
2626,Baltimore County,MD,202205,1589.08,0.009,0.0994,"Baltimore-Columbia-Towson, MD"
2626,Baltimore County,MD,202206,1598.49,0.0059,0.0921,"Baltimore-Columbia-Towson, MD"
2626,Baltimore County,MD,202207,1601.56,0.0019,0.0801,"Baltimore-Columbia-Towson, MD"
2626,Baltimore County,MD,202208,1597.27,-0.0027,0.0595,"Baltimore-Columbia-Towson, MD"
2626,Baltimore County,MD,202209,1588.74,-0.0053,0.0355,"Baltimore-Columbia-Towson, MD"
2626,Baltimore County,MD,202210,1580.39,-0.0053,0.0311,"Baltimore-Columbia-Towson, MD"
2626,Baltimore County,MD,202211,1572.59,-0.0049,0.0275,"Baltimore-Columbia-Towson, MD"
2626,Baltimore County,MD,202212,1568.87,-0.0024,0.0294,"Baltimore-Columbia-Towson, MD"
2626,Baltimore County,MD,202301,1567.93,-0.0006,0.0212,"Baltimore-Columbia-Towson, MD"
2626,Baltimore County,MD,202302,1574.81,0.0044,0.0212,"Baltimore-Columbia-Towson, MD"
2626,Baltimore County,MD,202303,1590.53,0.01,0.0225,"Baltimore-Columbia-Towson, MD"
2626,Baltimore County,MD,202304,1597.42,0.0043,0.0143,"Baltimore-Columbia-Towson, MD"
2626,Baltimore County,MD,202305,1602.23,0.003,0.0083,"Baltimore-Columbia-Towson, MD"
2626,Baltimore County,MD,202306,1603.09,0.0005,0.0029,"Baltimore-Columbia-Towson, MD"
2626,Baltimore County,MD,202307,1608.26,0.0032,0.0042,"Baltimore-Columbia-Towson, MD"
2626,Baltimore County,MD,202308,1609.28,0.0006,0.0075,"Baltimore-Columbia-Towson, MD"
2626,Baltimore County,MD,202309,1603.85,-0.0034,0.0095,"Baltimore-Columbia-Towson, MD"
2626,Baltimore County,MD,202310,1597.88,-0.0037,0.0111,"Baltimore-Columbia-Towson, MD"
2626,Baltimore County,MD,202311,1595.0,-0.0018,0.0143,"Baltimore-Columbia-Towson, MD"
2626,Baltimore County,MD,202312,1590.7,-0.0027,0.0139,"Baltimore-Columbia-Towson, MD"
2626,Baltimore County,MD,202401,1590.07,-0.0004,0.0141,"Baltimore-Columbia-Towson, MD"
2626,Baltimore County,MD,202402,1594.66,0.0029,0.0126,"Baltimore-Columbia-Towson, MD"
2626,Baltimore County,MD,202403,1604.15,0.006,0.0086,"Baltimore-Columbia-Towson, MD"
2626,Baltimore County,MD,202404,1616.42,0.0076,0.0119,"Baltimore-Columbia-Towson, MD"
2626,Baltimore County,MD,202405,1630.08,0.0085,0.0174,"Baltimore-Columbia-Towson, MD"
2626,Baltimore County,MD,202406,1641.72,0.0071,0.0241,"Baltimore-Columbia-Towson, MD"
2626,Baltimore County,MD,202407,1649.45,0.0047,0.0256,"Baltimore-Columbia-Towson, MD"
2626,Baltimore County,MD,202408,1652.48,0.0018,0.0268,"Baltimore-Columbia-Towson, MD"
2626,Baltimore County,MD,202409,1653.27,0.0005,0.0308,"Baltimore-Columbia-Towson, MD"
2626,Baltimore County,MD,202410,1648.88,-0.0027,0.0319,"Baltimore-Columbia-Towson, MD"
2626,Baltimore County,MD,202411,1652.36,0.0021,0.036,"Baltimore-Columbia-Towson, MD"
2626,Baltimore County,MD,202412,1654.86,0.0015,0.0403,"Baltimore-Columbia-Towson, MD"
2626,Baltimore County,MD,202501,1666.19,0.0069,0.0479,"Baltimore-Columbia-Towson, MD"
2626,Baltimore County,MD,202502,1673.02,0.0041,0.0491,"Baltimore-Columbia-Towson, MD"
2626,Baltimore County,MD,202503,1683.4,0.0062,0.0494,"Baltimore-Columbia-Towson, MD"
2626,Baltimore County,MD,202504,1682.41,-0.0006,0.0408,"Baltimore-Columbia-Towson, MD"
2626,Baltimore County,MD,202505,1683.92,0.0009,0.033,"Baltimore-Columbia-Towson, MD"
2626,Baltimore County,MD,202506,1687.29,0.002,0.0278,"Baltimore-Columbia-Towson, MD"
2626,Baltimore County,MD,202507,1695.6,0.0049,0.028,"Baltimore-Columbia-Towson, MD"
2626,Baltimore County,MD,202508,1704.57,0.0053,0.0315,"Baltimore-Columbia-Towson, MD"
2626,Baltimore County,MD,202509,1709.11,0.0027,0.0338,"Baltimore-Columbia-Towson, MD"
2626,Baltimore County,MD,202510,1711.07,0.0011,0.0377,"Baltimore-Columbia-Towson, MD"
2626,Baltimore County,MD,202511,1709.16,-0.0011,0.0344,"Baltimore-Columbia-Towson, MD"
2626,Baltimore County,MD,202512,1722.62,0.0079,0.0409,"Baltimore-Columbia-Towson, MD"
2626,Baltimore County,MD,202601,1734.52,0.0069,0.041,"Baltimore-Columbia-Towson, MD"
2626,Baltimore County,MD,202602,1737.24,0.0016,0.0384,"Baltimore-Columbia-Towson, MD"
2626,Baltimore County,MD,202603,1729.78,-0.0043,0.0276,"Baltimore-Columbia-Towson, MD"
2626,Baltimore County,MD,202604,1722.91,-0.004,0.0241,"Baltimore-Columbia-Towson, MD"
2626,Baltimore County,MD,202605,1724.53,0.0009,0.0241,"Baltimore-Columbia-Towson, MD"
2626,Baltimore County,MD,202606,1721.26,-0.0019,0.0201,"Baltimore-Columbia-Towson, MD"
2626,Baltimore County,MD,202607,1729.52,0.0048,0.02,"Baltimore-Columbia-Towson, MD"
2626,Baltimore County,MD,202608,1730.14,0.0004,0.015,"Baltimore-Columbia-Towson, MD"
2699,Frederick County,MD,201501,1383.57,,,"Washington-Arlington-Alexandria, DC-VA-MD-WV"
2699,Frederick County,MD,201502,1387.03,0.0025,,"Washington-Arlington-Alexandria, DC-VA-MD-WV"
2699,Frederick County,MD,201503,1400.2,0.0095,,"Washington-Arlington-Alexandria, DC-VA-MD-WV"
2699,Frederick County,MD,201504,1405.73,0.0039,,"Washington-Arlington-Alexandria, DC-VA-MD-WV"
2699,Frederick County,MD,201505,1414.5,0.0062,,"Washington-Arlington-Alexandria, DC-VA-MD-WV"
2699,Frederick County,MD,201506,1422.65,0.0058,,"Washington-Arlington-Alexandria, DC-VA-MD-WV"
2699,Frederick County,MD,201507,1429.32,0.0047,,"Washington-Arlington-Alexandria, DC-VA-MD-WV"
2699,Frederick County,MD,201508,1421.65,-0.0054,,"Washington-Arlington-Alexandria, DC-VA-MD-WV"
2699,Frederick County,MD,201509,1421.22,-0.0003,,"Washington-Arlington-Alexandria, DC-VA-MD-WV"
2699,Frederick County,MD,201510,1416.44,-0.0034,,"Washington-Arlington-Alexandria, DC-VA-MD-WV"
2699,Frederick County,MD,201511,1418.38,0.0014,,"Washington-Arlington-Alexandria, DC-VA-MD-WV"
2699,Frederick County,MD,201512,1417.87,-0.0004,,"Washington-Arlington-Alexandria, DC-VA-MD-WV"
2699,Frederick County,MD,201601,1418.51,0.0004,0.0252,"Washington-Arlington-Alexandria, DC-VA-MD-WV"
2699,Frederick County,MD,201602,1432.38,0.0098,0.0327,"Washington-Arlington-Alexandria, DC-VA-MD-WV"
2699,Frederick County,MD,201603,1438.66,0.0044,0.0275,"Washington-Arlington-Alexandria, DC-VA-MD-WV"
2699,Frederick County,MD,201604,1447.14,0.0059,0.0295,"Washington-Arlington-Alexandria, DC-VA-MD-WV"
2699,Frederick County,MD,201605,1434.81,-0.0085,0.0144,"Washington-Arlington-Alexandria, DC-VA-MD-WV"
2699,Frederick County,MD,201606,1427.06,-0.0054,0.0031,"Washington-Arlington-Alexandria, DC-VA-MD-WV"
2699,Frederick County,MD,201607,1429.79,0.0019,0.0003,"Washington-Arlington-Alexandria, DC-VA-MD-WV"
2699,Frederick County,MD,201608,1442.07,0.0086,0.0144,"Washington-Arlington-Alexandria, DC-VA-MD-WV"
2699,Frederick County,MD,201609,1446.65,0.0032,0.0179,"Washington-Arlington-Alexandria, DC-VA-MD-WV"
2699,Frederick County,MD,201610,1440.66,-0.0041,0.0171,"Washington-Arlington-Alexandria, DC-VA-MD-WV"
2699,Frederick County,MD,201611,1429.46,-0.0078,0.0078,"Washington-Arlington-Alexandria, DC-VA-MD-WV"
2699,Frederick County,MD,201612,1426.54,-0.002,0.0061,"Washington-Arlington-Alexandria, DC-VA-MD-WV"
2699,Frederick County,MD,201701,1431.26,0.0033,0.009,"Washington-Arlington-Alexandria, DC-VA-MD-WV"
2699,Frederick County,MD,201702,1436.05,0.0033,0.0026,"Washington-Arlington-Alexandria, DC-VA-MD-WV"
2699,Frederick County,MD,201703,1443.81,0.0054,0.0036,"Washington-Arlington-Alexandria, DC-VA-MD-WV"
2699,Frederick County,MD,201704,1454.98,0.0077,0.0054,"Washington-Arlington-Alexandria, DC-VA-MD-WV"
2699,Frederick County,MD,201705,1464.06,0.0062,0.0204,"Washington-Arlington-Alexandria, DC-VA-MD-WV"
2699,Frederick County,MD,201706,1469.91,0.004,0.03,"Washington-Arlington-Alexandria, DC-VA-MD-WV"
2699,Frederick County,MD,201707,1468.16,-0.0012,0.0268,"Washington-Arlington-Alexandria, DC-VA-MD-WV"
2699,Frederick County,MD,201708,1467.37,-0.0005,0.0175,"Washington-Arlington-Alexandria, DC-VA-MD-WV"
2699,Frederick County,MD,201709,1465.49,-0.0013,0.013,"Washington-Arlington-Alexandria, DC-VA-MD-WV"
2699,Frederick County,MD,201710,1457.87,-0.0052,0.0119,"Washington-Arlington-Alexandria, DC-VA-MD-WV"
2699,Frederick County,MD,201711,1452.76,-0.0035,0.0163,"Washington-Arlington-Alexandria, DC-VA-MD-WV"
2699,Frederick County,MD,201712,1455.24,0.0017,0.0201,"Washington-Arlington-Alexandria, DC-VA-MD-WV"
2699,Frederick County,MD,201801,1459.38,0.0028,0.0196,"Washington-Arlington-Alexandria, DC-VA-MD-WV"
2699,Frederick County,MD,201802,1471.31,0.0082,0.0246,"Washington-Arlington-Alexandria, DC-VA-MD-WV"
2699,Frederick County,MD,201803,1480.48,0.0062,0.0254,"Washington-Arlington-Alexandria, DC-VA-MD-WV"
2699,Frederick County,MD,201804,1492.46,0.0081,0.0258,"Washington-Arlington-Alexandria, DC-VA-MD-WV"
2699,Frederick County,MD,201805,1500.53,0.0054,0.0249,"Washington-Arlington-Alexandria, DC-VA-MD-WV"
2699,Frederick County,MD,201806,1505.86,0.0036,0.0245,"Washington-Arlington-Alexandria, DC-VA-MD-WV"
2699,Frederick County,MD,201807,1510.04,0.0028,0.0285,"Washington-Arlington-Alexandria, DC-VA-MD-WV"
2699,Frederick County,MD,201808,1504.53,-0.0036,0.0253,"Washington-Arlington-Alexandria, DC-VA-MD-WV"
2699,Frederick County,MD,201809,1497.39,-0.0047,0.0218,"Washington-Arlington-Alexandria, DC-VA-MD-WV"
2699,Frederick County,MD,201810,1490.18,-0.0048,0.0222,"Washington-Arlington-Alexandria, DC-VA-MD-WV"
2699,Frederick County,MD,201811,1490.24,0.0,0.0258,"Washington-Arlington-Alexandria, DC-VA-MD-WV"
2699,Frederick County,MD,201812,1493.76,0.0024,0.0265,"Washington-Arlington-Alexandria, DC-VA-MD-WV"
2699,Frederick County,MD,201901,1491.12,-0.0018,0.0218,"Washington-Arlington-Alexandria, DC-VA-MD-WV"
2699,Frederick County,MD,201902,1501.64,0.0071,0.0206,"Washington-Arlington-Alexandria, DC-VA-MD-WV"
2699,Frederick County,MD,201903,1500.64,-0.0007,0.0136,"Washington-Arlington-Alexandria, DC-VA-MD-WV"
2699,Frederick County,MD,201904,1525.82,0.0168,0.0224,"Washington-Arlington-Alexandria, DC-VA-MD-WV"
2699,Frederick County,MD,201905,1531.37,0.0036,0.0206,"Washington-Arlington-Alexandria, DC-VA-MD-WV"
2699,Frederick County,MD,201906,1550.84,0.0127,0.0299,"Washington-Arlington-Alexandria, DC-VA-MD-WV"
2699,Frederick County,MD,201907,1545.52,-0.0034,0.0235,"Washington-Arlington-Alexandria, DC-VA-MD-WV"
2699,Frederick County,MD,201908,1548.71,0.0021,0.0294,"Washington-Arlington-Alexandria, DC-VA-MD-WV"
2699,Frederick County,MD,201909,1540.15,-0.0055,0.0286,"Washington-Arlington-Alexandria, DC-VA-MD-WV"
2699,Frederick County,MD,201910,1545.19,0.0033,0.0369,"Washington-Arlington-Alexandria, DC-VA-MD-WV"
2699,Frederick County,MD,201911,1543.73,-0.0009,0.0359,"Washington-Arlington-Alexandria, DC-VA-MD-WV"
2699,Frederick County,MD,201912,1546.93,0.0021,0.0356,"Washington-Arlington-Alexandria, DC-VA-MD-WV"
2699,Frederick County,MD,202001,1547.49,0.0004,0.0378,"Washington-Arlington-Alexandria, DC-VA-MD-WV"
2699,Frederick County,MD,202002,1544.25,-0.0021,0.0284,"Washington-Arlington-Alexandria, DC-VA-MD-WV"
2699,Frederick County,MD,202003,1554.59,0.0067,0.036,"Washington-Arlington-Alexandria, DC-VA-MD-WV"
2699,Frederick County,MD,202004,1561.85,0.0047,0.0236,"Washington-Arlington-Alexandria, DC-VA-MD-WV"
2699,Frederick County,MD,202005,1571.58,0.0062,0.0263,"Washington-Arlington-Alexandria, DC-VA-MD-WV"
2699,Frederick County,MD,202006,1579.04,0.0048,0.0182,"Washington-Arlington-Alexandria, DC-VA-MD-WV"
2699,Frederick County,MD,202007,1587.07,0.0051,0.0269,"Washington-Arlington-Alexandria, DC-VA-MD-WV"
2699,Frederick County,MD,202008,1604.37,0.0109,0.0359,"Washington-Arlington-Alexandria, DC-VA-MD-WV"
2699,Frederick County,MD,202009,1608.88,0.0028,0.0446,"Washington-Arlington-Alexandria, DC-VA-MD-WV"
2699,Frederick County,MD,202010,1619.88,0.0068,0.0483,"Washington-Arlington-Alexandria, DC-VA-MD-WV"
2699,Frederick County,MD,202011,1628.8,0.0055,0.0551,"Washington-Arlington-Alexandria, DC-VA-MD-WV"
2699,Frederick County,MD,202012,1631.37,0.0016,0.0546,"Washington-Arlington-Alexandria, DC-VA-MD-WV"
2699,Frederick County,MD,202101,1635.49,0.0025,0.0569,"Washington-Arlington-Alexandria, DC-VA-MD-WV"
2699,Frederick County,MD,202102,1658.64,0.0142,0.0741,"Washington-Arlington-Alexandria, DC-VA-MD-WV"
2699,Frederick County,MD,202103,1685.4,0.0161,0.0841,"Washington-Arlington-Alexandria, DC-VA-MD-WV"
2699,Frederick County,MD,202104,1711.4,0.0154,0.0958,"Washington-Arlington-Alexandria, DC-VA-MD-WV"
2699,Frederick County,MD,202105,1715.39,0.0023,0.0915,"Washington-Arlington-Alexandria, DC-VA-MD-WV"
2699,Frederick County,MD,202106,1725.14,0.0057,0.0925,"Washington-Arlington-Alexandria, DC-VA-MD-WV"
2699,Frederick County,MD,202107,1739.29,0.0082,0.0959,"Washington-Arlington-Alexandria, DC-VA-MD-WV"
2699,Frederick County,MD,202108,1767.0,0.0159,0.1014,"Washington-Arlington-Alexandria, DC-VA-MD-WV"
2699,Frederick County,MD,202109,1801.35,0.0194,0.1196,"Washington-Arlington-Alexandria, DC-VA-MD-WV"
2699,Frederick County,MD,202110,1818.74,0.0097,0.1228,"Washington-Arlington-Alexandria, DC-VA-MD-WV"
2699,Frederick County,MD,202111,1818.91,0.0001,0.1167,"Washington-Arlington-Alexandria, DC-VA-MD-WV"
2699,Frederick County,MD,202112,1809.27,-0.0053,0.1091,"Washington-Arlington-Alexandria, DC-VA-MD-WV"
2699,Frederick County,MD,202201,1816.42,0.0039,0.1106,"Washington-Arlington-Alexandria, DC-VA-MD-WV"
2699,Frederick County,MD,202202,1839.77,0.0129,0.1092,"Washington-Arlington-Alexandria, DC-VA-MD-WV"
2699,Frederick County,MD,202203,1873.75,0.0185,0.1118,"Washington-Arlington-Alexandria, DC-VA-MD-WV"
2699,Frederick County,MD,202204,1902.82,0.0155,0.1119,"Washington-Arlington-Alexandria, DC-VA-MD-WV"
2699,Frederick County,MD,202205,1936.42,0.0177,0.1288,"Washington-Arlington-Alexandria, DC-VA-MD-WV"
2699,Frederick County,MD,202206,1961.13,0.0128,0.1368,"Washington-Arlington-Alexandria, DC-VA-MD-WV"
2699,Frederick County,MD,202207,1993.65,0.0166,0.1462,"Washington-Arlington-Alexandria, DC-VA-MD-WV"
2699,Frederick County,MD,202208,1995.35,0.0009,0.1292,"Washington-Arlington-Alexandria, DC-VA-MD-WV"
2699,Frederick County,MD,202209,1988.81,-0.0033,0.1041,"Washington-Arlington-Alexandria, DC-VA-MD-WV"
2699,Frederick County,MD,202210,1969.72,-0.0096,0.083,"Washington-Arlington-Alexandria, DC-VA-MD-WV"
2699,Frederick County,MD,202211,1961.09,-0.0044,0.0782,"Washington-Arlington-Alexandria, DC-VA-MD-WV"
2699,Frederick County,MD,202212,1964.59,0.0018,0.0858,"Washington-Arlington-Alexandria, DC-VA-MD-WV"
2699,Frederick County,MD,202301,1968.28,0.0019,0.0836,"Washington-Arlington-Alexandria, DC-VA-MD-WV"
2699,Frederick County,MD,202302,1976.19,0.004,0.0742,"Washington-Arlington-Alexandria, DC-VA-MD-WV"
2699,Frederick County,MD,202303,2002.25,0.0132,0.0686,"Washington-Arlington-Alexandria, DC-VA-MD-WV"
2699,Frederick County,MD,202304,2019.01,0.0084,0.0611,"Washington-Arlington-Alexandria, DC-VA-MD-WV"
2699,Frederick County,MD,202305,2041.13,0.011,0.0541,"Washington-Arlington-Alexandria, DC-VA-MD-WV"
2699,Frederick County,MD,202306,2049.46,0.0041,0.045,"Washington-Arlington-Alexandria, DC-VA-MD-WV"
2699,Frederick County,MD,202307,2067.51,0.0088,0.037,"Washington-Arlington-Alexandria, DC-VA-MD-WV"
2699,Frederick County,MD,202308,2078.02,0.0051,0.0414,"Washington-Arlington-Alexandria, DC-VA-MD-WV"
2699,Frederick County,MD,202309,2077.18,-0.0004,0.0444,"Washington-Arlington-Alexandria, DC-VA-MD-WV"
2699,Frederick County,MD,202310,2074.88,-0.0011,0.0534,"Washington-Arlington-Alexandria, DC-VA-MD-WV"
2699,Frederick County,MD,202311,2072.28,-0.0013,0.0567,"Washington-Arlington-Alexandria, DC-VA-MD-WV"
2699,Frederick County,MD,202312,2062.14,-0.0049,0.0497,"Washington-Arlington-Alexandria, DC-VA-MD-WV"
2699,Frederick County,MD,202401,2051.1,-0.0054,0.0421,"Washington-Arlington-Alexandria, DC-VA-MD-WV"
2699,Frederick County,MD,202402,2045.44,-0.0028,0.035,"Washington-Arlington-Alexandria, DC-VA-MD-WV"
2699,Frederick County,MD,202403,2061.33,0.0078,0.0295,"Washington-Arlington-Alexandria, DC-VA-MD-WV"
2699,Frederick County,MD,202404,2077.21,0.0077,0.0288,"Washington-Arlington-Alexandria, DC-VA-MD-WV"
2699,Frederick County,MD,202405,2092.0,0.0071,0.0249,"Washington-Arlington-Alexandria, DC-VA-MD-WV"
2699,Frederick County,MD,202406,2102.28,0.0049,0.0258,"Washington-Arlington-Alexandria, DC-VA-MD-WV"
2699,Frederick County,MD,202407,2109.24,0.0033,0.0202,"Washington-Arlington-Alexandria, DC-VA-MD-WV"
2699,Frederick County,MD,202408,2117.13,0.0037,0.0188,"Washington-Arlington-Alexandria, DC-VA-MD-WV"
2699,Frederick County,MD,202409,2123.22,0.0029,0.0222,"Washington-Arlington-Alexandria, DC-VA-MD-WV"
2699,Frederick County,MD,202410,2128.61,0.0025,0.0259,"Washington-Arlington-Alexandria, DC-VA-MD-WV"
2699,Frederick County,MD,202411,2129.12,0.0002,0.0274,"Washington-Arlington-Alexandria, DC-VA-MD-WV"
2699,Frederick County,MD,202412,2122.69,-0.003,0.0294,"Washington-Arlington-Alexandria, DC-VA-MD-WV"
2699,Frederick County,MD,202501,2118.14,-0.0021,0.0327,"Washington-Arlington-Alexandria, DC-VA-MD-WV"
2699,Frederick County,MD,202502,2133.43,0.0072,0.043,"Washington-Arlington-Alexandria, DC-VA-MD-WV"
2699,Frederick County,MD,202503,2144.68,0.0053,0.0404,"Washington-Arlington-Alexandria, DC-VA-MD-WV"
2699,Frederick County,MD,202504,2158.23,0.0063,0.039,"Washington-Arlington-Alexandria, DC-VA-MD-WV"
2699,Frederick County,MD,202505,2150.96,-0.0034,0.0282,"Washington-Arlington-Alexandria, DC-VA-MD-WV"
2699,Frederick County,MD,202506,2156.37,0.0025,0.0257,"Washington-Arlington-Alexandria, DC-VA-MD-WV"
2699,Frederick County,MD,202507,2157.54,0.0005,0.0229,"Washington-Arlington-Alexandria, DC-VA-MD-WV"
2699,Frederick County,MD,202508,2162.93,0.0025,0.0216,"Washington-Arlington-Alexandria, DC-VA-MD-WV"
2699,Frederick County,MD,202509,2155.54,-0.0034,0.0152,"Washington-Arlington-Alexandria, DC-VA-MD-WV"
2699,Frederick County,MD,202510,2151.98,-0.0017,0.011,"Washington-Arlington-Alexandria, DC-VA-MD-WV"
2699,Frederick County,MD,202511,2156.8,0.0022,0.013,"Washington-Arlington-Alexandria, DC-VA-MD-WV"
2699,Frederick County,MD,202512,2163.51,0.0031,0.0192,"Washington-Arlington-Alexandria, DC-VA-MD-WV"
2699,Frederick County,MD,202601,2167.96,0.0021,0.0235,"Washington-Arlington-Alexandria, DC-VA-MD-WV"
2699,Frederick County,MD,202602,2163.67,-0.002,0.0142,"Washington-Arlington-Alexandria, DC-VA-MD-WV"
2699,Frederick County,MD,202603,2174.87,0.0052,0.0141,"Washington-Arlington-Alexandria, DC-VA-MD-WV"
2699,Frederick County,MD,202604,2183.79,0.0041,0.0118,"Washington-Arlington-Alexandria, DC-VA-MD-WV"
2699,Frederick County,MD,202605,2195.53,0.0054,0.0207,"Washington-Arlington-Alexandria, DC-VA-MD-WV"
2699,Frederick County,MD,202606,2199.82,0.002,0.0201,"Washington-Arlington-Alexandria, DC-VA-MD-WV"
2699,Frederick County,MD,202607,2207.61,0.0035,0.0232,"Washington-Arlington-Alexandria, DC-VA-MD-WV"
2699,Frederick County,MD,202608,2209.61,0.0009,0.0216,"Washington-Arlington-Alexandria, DC-VA-MD-WV"
2880,Worcester County,MD,202405,1765.46,,,"Salisbury, MD-DE"
2880,Worcester County,MD,202406,1832.47,0.038,,"Salisbury, MD-DE"
2880,Worcester County,MD,202407,1826.81,-0.0031,,"Salisbury, MD-DE"
2880,Worcester County,MD,202408,1796.85,-0.0164,,"Salisbury, MD-DE"
2880,Worcester County,MD,202409,1784.53,-0.0069,,"Salisbury, MD-DE"
2880,Worcester County,MD,202410,1765.23,-0.0108,,"Salisbury, MD-DE"
2880,Worcester County,MD,202411,1698.38,-0.0379,,"Salisbury, MD-DE"
2880,Worcester County,MD,202412,1707.23,0.0052,,"Salisbury, MD-DE"
2880,Worcester County,MD,202501,1704.24,-0.0018,,"Salisbury, MD-DE"
2880,Worcester County,MD,202502,1790.5,0.0506,,"Salisbury, MD-DE"
2880,Worcester County,MD,202503,1811.15,0.0115,,"Salisbury, MD-DE"
2880,Worcester County,MD,202504,1877.72,0.0368,,"Salisbury, MD-DE"
2880,Worcester County,MD,202505,1872.6,-0.0027,0.0607,"Salisbury, MD-DE"
2880,Worcester County,MD,202506,1886.49,0.0074,0.0295,"Salisbury, MD-DE"
2880,Worcester County,MD,202507,1904.15,0.0094,0.0423,"Salisbury, MD-DE"
2880,Worcester County,MD,202508,1913.2,0.0048,0.0647,"Salisbury, MD-DE"
2880,Worcester County,MD,202509,1862.48,-0.0265,0.0437,"Salisbury, MD-DE"
2880,Worcester County,MD,202510,1795.57,-0.0359,0.0172,"Salisbury, MD-DE"
2880,Worcester County,MD,202511,1764.07,-0.0175,0.0387,"Salisbury, MD-DE"
2880,Worcester County,MD,202512,1798.95,0.0198,0.0537,"Salisbury, MD-DE"
2880,Worcester County,MD,202601,1818.01,0.0106,0.0668,"Salisbury, MD-DE"
2880,Worcester County,MD,202602,1843.52,0.014,0.0296,"Salisbury, MD-DE"
2880,Worcester County,MD,202603,1834.48,-0.0049,0.0129,"Salisbury, MD-DE"
2880,Worcester County,MD,202604,1994.42,0.0872,0.0622,"Salisbury, MD-DE"
2880,Worcester County,MD,202605,2048.64,0.0272,0.094,"Salisbury, MD-DE"
2880,Worcester County,MD,202606,2093.13,0.0217,0.1095,"Salisbury, MD-DE"
2880,Worcester County,MD,202607,1997.46,-0.0457,0.049,"Salisbury, MD-DE"
2880,Worcester County,MD,202608,2002.29,0.0024,0.0466,"Salisbury, MD-DE"
2922,Dorchester County,MD,202608,1743.75,,,"Cambridge, MD"
2975,Montgomery County,MD,201501,1657.09,,,"Washington-Arlington-Alexandria, DC-VA-MD-WV"
2975,Montgomery County,MD,201502,1662.47,0.0032,,"Washington-Arlington-Alexandria, DC-VA-MD-WV"
2975,Montgomery County,MD,201503,1678.51,0.0096,,"Washington-Arlington-Alexandria, DC-VA-MD-WV"
2975,Montgomery County,MD,201504,1685.53,0.0042,,"Washington-Arlington-Alexandria, DC-VA-MD-WV"
2975,Montgomery County,MD,201505,1695.22,0.0057,,"Washington-Arlington-Alexandria, DC-VA-MD-WV"
2975,Montgomery County,MD,201506,1697.13,0.0011,,"Washington-Arlington-Alexandria, DC-VA-MD-WV"
2975,Montgomery County,MD,201507,1702.39,0.0031,,"Washington-Arlington-Alexandria, DC-VA-MD-WV"
2975,Montgomery County,MD,201508,1701.39,-0.0006,,"Washington-Arlington-Alexandria, DC-VA-MD-WV"
2975,Montgomery County,MD,201509,1702.6,0.0007,,"Washington-Arlington-Alexandria, DC-VA-MD-WV"
2975,Montgomery County,MD,201510,1696.75,-0.0034,,"Washington-Arlington-Alexandria, DC-VA-MD-WV"
2975,Montgomery County,MD,201511,1697.2,0.0003,,"Washington-Arlington-Alexandria, DC-VA-MD-WV"
2975,Montgomery County,MD,201512,1693.77,-0.002,,"Washington-Arlington-Alexandria, DC-VA-MD-WV"
2975,Montgomery County,MD,201601,1700.51,0.004,0.0262,"Washington-Arlington-Alexandria, DC-VA-MD-WV"
2975,Montgomery County,MD,201602,1701.96,0.0008,0.0238,"Washington-Arlington-Alexandria, DC-VA-MD-WV"
2975,Montgomery County,MD,201603,1710.67,0.0051,0.0192,"Washington-Arlington-Alexandria, DC-VA-MD-WV"
2975,Montgomery County,MD,201604,1716.66,0.0035,0.0185,"Washington-Arlington-Alexandria, DC-VA-MD-WV"
2975,Montgomery County,MD,201605,1724.7,0.0047,0.0174,"Washington-Arlington-Alexandria, DC-VA-MD-WV"
2975,Montgomery County,MD,201606,1729.96,0.003,0.0193,"Washington-Arlington-Alexandria, DC-VA-MD-WV"
2975,Montgomery County,MD,201607,1728.47,-0.0009,0.0153,"Washington-Arlington-Alexandria, DC-VA-MD-WV"
2975,Montgomery County,MD,201608,1725.79,-0.0016,0.0143,"Washington-Arlington-Alexandria, DC-VA-MD-WV"
2975,Montgomery County,MD,201609,1718.15,-0.0044,0.0091,"Washington-Arlington-Alexandria, DC-VA-MD-WV"
2975,Montgomery County,MD,201610,1713.57,-0.0027,0.0099,"Washington-Arlington-Alexandria, DC-VA-MD-WV"
2975,Montgomery County,MD,201611,1697.52,-0.0094,0.0002,"Washington-Arlington-Alexandria, DC-VA-MD-WV"
2975,Montgomery County,MD,201612,1699.63,0.0012,0.0035,"Washington-Arlington-Alexandria, DC-VA-MD-WV"
2975,Montgomery County,MD,201701,1709.13,0.0056,0.0051,"Washington-Arlington-Alexandria, DC-VA-MD-WV"
2975,Montgomery County,MD,201702,1732.34,0.0136,0.0179,"Washington-Arlington-Alexandria, DC-VA-MD-WV"
2975,Montgomery County,MD,201703,1741.9,0.0055,0.0183,"Washington-Arlington-Alexandria, DC-VA-MD-WV"
2975,Montgomery County,MD,201704,1746.07,0.0024,0.0171,"Washington-Arlington-Alexandria, DC-VA-MD-WV"
2975,Montgomery County,MD,201705,1746.81,0.0004,0.0128,"Washington-Arlington-Alexandria, DC-VA-MD-WV"
2975,Montgomery County,MD,201706,1747.2,0.0002,0.01,"Washington-Arlington-Alexandria, DC-VA-MD-WV"
2975,Montgomery County,MD,201707,1751.11,0.0022,0.0131,"Washington-Arlington-Alexandria, DC-VA-MD-WV"
2975,Montgomery County,MD,201708,1760.38,0.0053,0.02,"Washington-Arlington-Alexandria, DC-VA-MD-WV"
2975,Montgomery County,MD,201709,1761.97,0.0009,0.0255,"Washington-Arlington-Alexandria, DC-VA-MD-WV"
2975,Montgomery County,MD,201710,1754.85,-0.004,0.0241,"Washington-Arlington-Alexandria, DC-VA-MD-WV"
2975,Montgomery County,MD,201711,1743.01,-0.0067,0.0268,"Washington-Arlington-Alexandria, DC-VA-MD-WV"
2975,Montgomery County,MD,201712,1736.92,-0.0035,0.0219,"Washington-Arlington-Alexandria, DC-VA-MD-WV"
2975,Montgomery County,MD,201801,1744.95,0.0046,0.021,"Washington-Arlington-Alexandria, DC-VA-MD-WV"
2975,Montgomery County,MD,201802,1751.27,0.0036,0.0109,"Washington-Arlington-Alexandria, DC-VA-MD-WV"
2975,Montgomery County,MD,201803,1764.76,0.0077,0.0131,"Washington-Arlington-Alexandria, DC-VA-MD-WV"
2975,Montgomery County,MD,201804,1772.93,0.0046,0.0154,"Washington-Arlington-Alexandria, DC-VA-MD-WV"
2975,Montgomery County,MD,201805,1782.66,0.0055,0.0205,"Washington-Arlington-Alexandria, DC-VA-MD-WV"
2975,Montgomery County,MD,201806,1791.82,0.0051,0.0255,"Washington-Arlington-Alexandria, DC-VA-MD-WV"
2975,Montgomery County,MD,201807,1798.4,0.0037,0.027,"Washington-Arlington-Alexandria, DC-VA-MD-WV"
2975,Montgomery County,MD,201808,1803.7,0.0029,0.0246,"Washington-Arlington-Alexandria, DC-VA-MD-WV"
2975,Montgomery County,MD,201809,1798.69,-0.0028,0.0208,"Washington-Arlington-Alexandria, DC-VA-MD-WV"
2975,Montgomery County,MD,201810,1793.03,-0.0031,0.0218,"Washington-Arlington-Alexandria, DC-VA-MD-WV"
2975,Montgomery County,MD,201811,1791.58,-0.0008,0.0279,"Washington-Arlington-Alexandria, DC-VA-MD-WV"
2975,Montgomery County,MD,201812,1795.13,0.002,0.0335,"Washington-Arlington-Alexandria, DC-VA-MD-WV"
2975,Montgomery County,MD,201901,1798.22,0.0017,0.0305,"Washington-Arlington-Alexandria, DC-VA-MD-WV"
2975,Montgomery County,MD,201902,1805.78,0.0042,0.0311,"Washington-Arlington-Alexandria, DC-VA-MD-WV"
2975,Montgomery County,MD,201903,1813.23,0.0041,0.0275,"Washington-Arlington-Alexandria, DC-VA-MD-WV"
2975,Montgomery County,MD,201904,1826.02,0.0071,0.0299,"Washington-Arlington-Alexandria, DC-VA-MD-WV"
2975,Montgomery County,MD,201905,1836.25,0.0056,0.0301,"Washington-Arlington-Alexandria, DC-VA-MD-WV"
2975,Montgomery County,MD,201906,1842.29,0.0033,0.0282,"Washington-Arlington-Alexandria, DC-VA-MD-WV"
2975,Montgomery County,MD,201907,1848.26,0.0032,0.0277,"Washington-Arlington-Alexandria, DC-VA-MD-WV"
2975,Montgomery County,MD,201908,1852.48,0.0023,0.027,"Washington-Arlington-Alexandria, DC-VA-MD-WV"
2975,Montgomery County,MD,201909,1856.24,0.002,0.032,"Washington-Arlington-Alexandria, DC-VA-MD-WV"
2975,Montgomery County,MD,201910,1853.96,-0.0012,0.034,"Washington-Arlington-Alexandria, DC-VA-MD-WV"
2975,Montgomery County,MD,201911,1843.42,-0.0057,0.0289,"Washington-Arlington-Alexandria, DC-VA-MD-WV"
2975,Montgomery County,MD,201912,1840.31,-0.0017,0.0252,"Washington-Arlington-Alexandria, DC-VA-MD-WV"
2975,Montgomery County,MD,202001,1840.01,-0.0002,0.0232,"Washington-Arlington-Alexandria, DC-VA-MD-WV"
2975,Montgomery County,MD,202002,1840.94,0.0005,0.0195,"Washington-Arlington-Alexandria, DC-VA-MD-WV"
2975,Montgomery County,MD,202003,1846.84,0.0032,0.0185,"Washington-Arlington-Alexandria, DC-VA-MD-WV"
2975,Montgomery County,MD,202004,1845.97,-0.0005,0.0109,"Washington-Arlington-Alexandria, DC-VA-MD-WV"
2975,Montgomery County,MD,202005,1845.79,-0.0001,0.0052,"Washington-Arlington-Alexandria, DC-VA-MD-WV"
2975,Montgomery County,MD,202006,1841.47,-0.0023,-0.0004,"Washington-Arlington-Alexandria, DC-VA-MD-WV"
2975,Montgomery County,MD,202007,1844.58,0.0017,-0.002,"Washington-Arlington-Alexandria, DC-VA-MD-WV"
2975,Montgomery County,MD,202008,1846.77,0.0012,-0.0031,"Washington-Arlington-Alexandria, DC-VA-MD-WV"
2975,Montgomery County,MD,202009,1840.09,-0.0036,-0.0087,"Washington-Arlington-Alexandria, DC-VA-MD-WV"
2975,Montgomery County,MD,202010,1830.45,-0.0052,-0.0127,"Washington-Arlington-Alexandria, DC-VA-MD-WV"
2975,Montgomery County,MD,202011,1811.31,-0.0105,-0.0174,"Washington-Arlington-Alexandria, DC-VA-MD-WV"
2975,Montgomery County,MD,202012,1802.51,-0.0049,-0.0205,"Washington-Arlington-Alexandria, DC-VA-MD-WV"
2975,Montgomery County,MD,202101,1796.58,-0.0033,-0.0236,"Washington-Arlington-Alexandria, DC-VA-MD-WV"
2975,Montgomery County,MD,202102,1804.2,0.0042,-0.02,"Washington-Arlington-Alexandria, DC-VA-MD-WV"
2975,Montgomery County,MD,202103,1812.47,0.0046,-0.0186,"Washington-Arlington-Alexandria, DC-VA-MD-WV"
2975,Montgomery County,MD,202104,1827.93,0.0085,-0.0098,"Washington-Arlington-Alexandria, DC-VA-MD-WV"
2975,Montgomery County,MD,202105,1853.98,0.0143,0.0044,"Washington-Arlington-Alexandria, DC-VA-MD-WV"
2975,Montgomery County,MD,202106,1888.59,0.0187,0.0256,"Washington-Arlington-Alexandria, DC-VA-MD-WV"
2975,Montgomery County,MD,202107,1927.02,0.0203,0.0447,"Washington-Arlington-Alexandria, DC-VA-MD-WV"
2975,Montgomery County,MD,202108,1958.88,0.0165,0.0607,"Washington-Arlington-Alexandria, DC-VA-MD-WV"
2975,Montgomery County,MD,202109,1977.78,0.0097,0.0748,"Washington-Arlington-Alexandria, DC-VA-MD-WV"
2975,Montgomery County,MD,202110,1983.67,0.003,0.0837,"Washington-Arlington-Alexandria, DC-VA-MD-WV"
2975,Montgomery County,MD,202111,1984.17,0.0003,0.0954,"Washington-Arlington-Alexandria, DC-VA-MD-WV"
2975,Montgomery County,MD,202112,1990.03,0.003,0.104,"Washington-Arlington-Alexandria, DC-VA-MD-WV"
2975,Montgomery County,MD,202201,1996.47,0.0032,0.1113,"Washington-Arlington-Alexandria, DC-VA-MD-WV"
2975,Montgomery County,MD,202202,2013.15,0.0084,0.1158,"Washington-Arlington-Alexandria, DC-VA-MD-WV"
2975,Montgomery County,MD,202203,2029.67,0.0082,0.1198,"Washington-Arlington-Alexandria, DC-VA-MD-WV"
2975,Montgomery County,MD,202204,2057.69,0.0138,0.1257,"Washington-Arlington-Alexandria, DC-VA-MD-WV"
2975,Montgomery County,MD,202205,2074.56,0.0082,0.119,"Washington-Arlington-Alexandria, DC-VA-MD-WV"
2975,Montgomery County,MD,202206,2097.18,0.0109,0.1104,"Washington-Arlington-Alexandria, DC-VA-MD-WV"
2975,Montgomery County,MD,202207,2112.52,0.0073,0.0963,"Washington-Arlington-Alexandria, DC-VA-MD-WV"
2975,Montgomery County,MD,202208,2124.64,0.0057,0.0846,"Washington-Arlington-Alexandria, DC-VA-MD-WV"
2975,Montgomery County,MD,202209,2123.64,-0.0005,0.0737,"Washington-Arlington-Alexandria, DC-VA-MD-WV"
2975,Montgomery County,MD,202210,2109.01,-0.0069,0.0632,"Washington-Arlington-Alexandria, DC-VA-MD-WV"
2975,Montgomery County,MD,202211,2092.18,-0.008,0.0544,"Washington-Arlington-Alexandria, DC-VA-MD-WV"
2975,Montgomery County,MD,202212,2070.96,-0.0101,0.0407,"Washington-Arlington-Alexandria, DC-VA-MD-WV"
2975,Montgomery County,MD,202301,2072.72,0.0009,0.0382,"Washington-Arlington-Alexandria, DC-VA-MD-WV"
2975,Montgomery County,MD,202302,2085.69,0.0063,0.036,"Washington-Arlington-Alexandria, DC-VA-MD-WV"
2975,Montgomery County,MD,202303,2114.39,0.0138,0.0417,"Washington-Arlington-Alexandria, DC-VA-MD-WV"
2975,Montgomery County,MD,202304,2131.94,0.0083,0.0361,"Washington-Arlington-Alexandria, DC-VA-MD-WV"
2975,Montgomery County,MD,202305,2154.38,0.0105,0.0385,"Washington-Arlington-Alexandria, DC-VA-MD-WV"
2975,Montgomery County,MD,202306,2169.35,0.0069,0.0344,"Washington-Arlington-Alexandria, DC-VA-MD-WV"
2975,Montgomery County,MD,202307,2182.43,0.006,0.0331,"Washington-Arlington-Alexandria, DC-VA-MD-WV"
2975,Montgomery County,MD,202308,2188.22,0.0026,0.0299,"Washington-Arlington-Alexandria, DC-VA-MD-WV"
2975,Montgomery County,MD,202309,2189.8,0.0007,0.0312,"Washington-Arlington-Alexandria, DC-VA-MD-WV"
2975,Montgomery County,MD,202310,2186.6,-0.0015,0.0368,"Washington-Arlington-Alexandria, DC-VA-MD-WV"
2975,Montgomery County,MD,202311,2180.92,-0.0026,0.0424,"Washington-Arlington-Alexandria, DC-VA-MD-WV"
2975,Montgomery County,MD,202312,2175.82,-0.0023,0.0506,"Washington-Arlington-Alexandria, DC-VA-MD-WV"
2975,Montgomery County,MD,202401,2182.89,0.0033,0.0532,"Washington-Arlington-Alexandria, DC-VA-MD-WV"
2975,Montgomery County,MD,202402,2191.84,0.0041,0.0509,"Washington-Arlington-Alexandria, DC-VA-MD-WV"
2975,Montgomery County,MD,202403,2204.28,0.0057,0.0425,"Washington-Arlington-Alexandria, DC-VA-MD-WV"
2975,Montgomery County,MD,202404,2213.89,0.0044,0.0384,"Washington-Arlington-Alexandria, DC-VA-MD-WV"
2975,Montgomery County,MD,202405,2233.32,0.0088,0.0366,"Washington-Arlington-Alexandria, DC-VA-MD-WV"
2975,Montgomery County,MD,202406,2248.56,0.0068,0.0365,"Washington-Arlington-Alexandria, DC-VA-MD-WV"
2975,Montgomery County,MD,202407,2261.11,0.0056,0.036,"Washington-Arlington-Alexandria, DC-VA-MD-WV"
2975,Montgomery County,MD,202408,2269.81,0.0039,0.0373,"Washington-Arlington-Alexandria, DC-VA-MD-WV"
2975,Montgomery County,MD,202409,2272.25,0.0011,0.0377,"Washington-Arlington-Alexandria, DC-VA-MD-WV"
2975,Montgomery County,MD,202410,2261.75,-0.0046,0.0344,"Washington-Arlington-Alexandria, DC-VA-MD-WV"
2975,Montgomery County,MD,202411,2241.34,-0.009,0.0277,"Washington-Arlington-Alexandria, DC-VA-MD-WV"
2975,Montgomery County,MD,202412,2229.15,-0.0054,0.0245,"Washington-Arlington-Alexandria, DC-VA-MD-WV"
2975,Montgomery County,MD,202501,2231.69,0.0011,0.0224,"Washington-Arlington-Alexandria, DC-VA-MD-WV"
2975,Montgomery County,MD,202502,2239.7,0.0036,0.0218,"Washington-Arlington-Alexandria, DC-VA-MD-WV"
2975,Montgomery County,MD,202503,2255.59,0.0071,0.0233,"Washington-Arlington-Alexandria, DC-VA-MD-WV"
2975,Montgomery County,MD,202504,2266.32,0.0048,0.0237,"Washington-Arlington-Alexandria, DC-VA-MD-WV"
2975,Montgomery County,MD,202505,2279.6,0.0059,0.0207,"Washington-Arlington-Alexandria, DC-VA-MD-WV"
2975,Montgomery County,MD,202506,2286.61,0.0031,0.0169,"Washington-Arlington-Alexandria, DC-VA-MD-WV"
2975,Montgomery County,MD,202507,2293.16,0.0029,0.0142,"Washington-Arlington-Alexandria, DC-VA-MD-WV"
2975,Montgomery County,MD,202508,2290.61,-0.0011,0.0092,"Washington-Arlington-Alexandria, DC-VA-MD-WV"
2975,Montgomery County,MD,202509,2281.35,-0.004,0.004,"Washington-Arlington-Alexandria, DC-VA-MD-WV"
2975,Montgomery County,MD,202510,2275.67,-0.0025,0.0062,"Washington-Arlington-Alexandria, DC-VA-MD-WV"
2975,Montgomery County,MD,202511,2261.06,-0.0064,0.0088,"Washington-Arlington-Alexandria, DC-VA-MD-WV"
2975,Montgomery County,MD,202512,2251.81,-0.0041,0.0102,"Washington-Arlington-Alexandria, DC-VA-MD-WV"
2975,Montgomery County,MD,202601,2241.29,-0.0047,0.0043,"Washington-Arlington-Alexandria, DC-VA-MD-WV"
2975,Montgomery County,MD,202602,2245.93,0.0021,0.0028,"Washington-Arlington-Alexandria, DC-VA-MD-WV"
2975,Montgomery County,MD,202603,2256.34,0.0046,0.0003,"Washington-Arlington-Alexandria, DC-VA-MD-WV"
2975,Montgomery County,MD,202604,2264.58,0.0037,-0.0008,"Washington-Arlington-Alexandria, DC-VA-MD-WV"
2975,Montgomery County,MD,202605,2273.99,0.0042,-0.0025,"Washington-Arlington-Alexandria, DC-VA-MD-WV"
2975,Montgomery County,MD,202606,2279.28,0.0023,-0.0032,"Washington-Arlington-Alexandria, DC-VA-MD-WV"
2975,Montgomery County,MD,202607,2286.98,0.0034,-0.0027,"Washington-Arlington-Alexandria, DC-VA-MD-WV"
2975,Montgomery County,MD,202608,2294.68,0.0034,0.0018,"Washington-Arlington-Alexandria, DC-VA-MD-WV"
3059,Washington County,MD,201501,822.14,,,"Hagerstown-Martinsburg, MD-WV"
3059,Washington County,MD,201502,811.07,-0.0135,,"Hagerstown-Martinsburg, MD-WV"
3059,Washington County,MD,201503,809.83,-0.0015,,"Hagerstown-Martinsburg, MD-WV"
3059,Washington County,MD,201504,819.26,0.0116,,"Hagerstown-Martinsburg, MD-WV"
3059,Washington County,MD,201505,833.68,0.0176,,"Hagerstown-Martinsburg, MD-WV"
3059,Washington County,MD,201506,841.45,0.0093,,"Hagerstown-Martinsburg, MD-WV"
3059,Washington County,MD,201507,842.01,0.0007,,"Hagerstown-Martinsburg, MD-WV"
3059,Washington County,MD,201508,841.84,-0.0002,,"Hagerstown-Martinsburg, MD-WV"
3059,Washington County,MD,201509,841.78,-0.0001,,"Hagerstown-Martinsburg, MD-WV"
3059,Washington County,MD,201510,837.87,-0.0046,,"Hagerstown-Martinsburg, MD-WV"
3059,Washington County,MD,201511,837.03,-0.001,,"Hagerstown-Martinsburg, MD-WV"
3059,Washington County,MD,201512,831.79,-0.0063,,"Hagerstown-Martinsburg, MD-WV"
3059,Washington County,MD,201601,841.03,0.0111,0.023,"Hagerstown-Martinsburg, MD-WV"
3059,Washington County,MD,201602,846.85,0.0069,0.0441,"Hagerstown-Martinsburg, MD-WV"
3059,Washington County,MD,201603,848.69,0.0022,0.048,"Hagerstown-Martinsburg, MD-WV"
3059,Washington County,MD,201604,850.66,0.0023,0.0383,"Hagerstown-Martinsburg, MD-WV"
3059,Washington County,MD,201605,849.41,-0.0015,0.0189,"Hagerstown-Martinsburg, MD-WV"
3059,Washington County,MD,201606,852.1,0.0032,0.0127,"Hagerstown-Martinsburg, MD-WV"
3059,Washington County,MD,201607,846.63,-0.0064,0.0055,"Hagerstown-Martinsburg, MD-WV"
3059,Washington County,MD,201608,840.46,-0.0073,-0.0016,"Hagerstown-Martinsburg, MD-WV"
3059,Washington County,MD,201609,841.55,0.0013,-0.0003,"Hagerstown-Martinsburg, MD-WV"
3059,Washington County,MD,201610,841.97,0.0005,0.0049,"Hagerstown-Martinsburg, MD-WV"
3059,Washington County,MD,201611,852.41,0.0124,0.0184,"Hagerstown-Martinsburg, MD-WV"
3059,Washington County,MD,201612,851.68,-0.0009,0.0239,"Hagerstown-Martinsburg, MD-WV"
3059,Washington County,MD,201701,851.52,-0.0002,0.0125,"Hagerstown-Martinsburg, MD-WV"
3059,Washington County,MD,201702,853.8,0.0027,0.0082,"Hagerstown-Martinsburg, MD-WV"
3059,Washington County,MD,201703,858.07,0.005,0.0111,"Hagerstown-Martinsburg, MD-WV"
3059,Washington County,MD,201704,867.61,0.0111,0.0199,"Hagerstown-Martinsburg, MD-WV"
3059,Washington County,MD,201705,866.19,-0.0016,0.0198,"Hagerstown-Martinsburg, MD-WV"
3059,Washington County,MD,201706,864.47,-0.002,0.0145,"Hagerstown-Martinsburg, MD-WV"
3059,Washington County,MD,201707,861.13,-0.0039,0.0171,"Hagerstown-Martinsburg, MD-WV"
3059,Washington County,MD,201708,864.35,0.0037,0.0284,"Hagerstown-Martinsburg, MD-WV"
3059,Washington County,MD,201709,867.31,0.0034,0.0306,"Hagerstown-Martinsburg, MD-WV"
3059,Washington County,MD,201710,865.92,-0.0016,0.0284,"Hagerstown-Martinsburg, MD-WV"
3059,Washington County,MD,201711,864.16,-0.002,0.0138,"Hagerstown-Martinsburg, MD-WV"
3059,Washington County,MD,201712,866.17,0.0023,0.017,"Hagerstown-Martinsburg, MD-WV"
3059,Washington County,MD,201801,867.68,0.0017,0.019,"Hagerstown-Martinsburg, MD-WV"
3059,Washington County,MD,201802,872.52,0.0056,0.0219,"Hagerstown-Martinsburg, MD-WV"
3059,Washington County,MD,201803,873.86,0.0015,0.0184,"Hagerstown-Martinsburg, MD-WV"
3059,Washington County,MD,201804,881.37,0.0086,0.0159,"Hagerstown-Martinsburg, MD-WV"
3059,Washington County,MD,201805,884.36,0.0034,0.021,"Hagerstown-Martinsburg, MD-WV"
3059,Washington County,MD,201806,887.39,0.0034,0.0265,"Hagerstown-Martinsburg, MD-WV"
3059,Washington County,MD,201807,887.16,-0.0003,0.0302,"Hagerstown-Martinsburg, MD-WV"
3059,Washington County,MD,201808,882.71,-0.005,0.0212,"Hagerstown-Martinsburg, MD-WV"
3059,Washington County,MD,201809,883.75,0.0012,0.019,"Hagerstown-Martinsburg, MD-WV"
3059,Washington County,MD,201810,884.64,0.001,0.0216,"Hagerstown-Martinsburg, MD-WV"
3059,Washington County,MD,201811,886.7,0.0023,0.0261,"Hagerstown-Martinsburg, MD-WV"
3059,Washington County,MD,201812,887.61,0.001,0.0248,"Hagerstown-Martinsburg, MD-WV"
3059,Washington County,MD,201901,890.29,0.003,0.0261,"Hagerstown-Martinsburg, MD-WV"
3059,Washington County,MD,201902,894.67,0.0049,0.0254,"Hagerstown-Martinsburg, MD-WV"
3059,Washington County,MD,201903,911.75,0.0191,0.0434,"Hagerstown-Martinsburg, MD-WV"
3059,Washington County,MD,201904,916.16,0.0048,0.0395,"Hagerstown-Martinsburg, MD-WV"
3059,Washington County,MD,201905,922.06,0.0064,0.0426,"Hagerstown-Martinsburg, MD-WV"
3059,Washington County,MD,201906,914.52,-0.0082,0.0306,"Hagerstown-Martinsburg, MD-WV"
3059,Washington County,MD,201907,920.52,0.0066,0.0376,"Hagerstown-Martinsburg, MD-WV"
3059,Washington County,MD,201908,917.19,-0.0036,0.0391,"Hagerstown-Martinsburg, MD-WV"
3059,Washington County,MD,201909,912.59,-0.005,0.0326,"Hagerstown-Martinsburg, MD-WV"
3059,Washington County,MD,201910,909.01,-0.0039,0.0275,"Hagerstown-Martinsburg, MD-WV"
3059,Washington County,MD,201911,915.45,0.0071,0.0324,"Hagerstown-Martinsburg, MD-WV"
3059,Washington County,MD,201912,917.94,0.0027,0.0342,"Hagerstown-Martinsburg, MD-WV"
3059,Washington County,MD,202001,912.22,-0.0062,0.0246,"Hagerstown-Martinsburg, MD-WV"
3059,Washington County,MD,202002,914.36,0.0023,0.022,"Hagerstown-Martinsburg, MD-WV"
3059,Washington County,MD,202003,926.65,0.0134,0.0163,"Hagerstown-Martinsburg, MD-WV"
3059,Washington County,MD,202004,945.31,0.0201,0.0318,"Hagerstown-Martinsburg, MD-WV"
3059,Washington County,MD,202005,955.51,0.0108,0.0363,"Hagerstown-Martinsburg, MD-WV"
3059,Washington County,MD,202006,961.87,0.0067,0.0518,"Hagerstown-Martinsburg, MD-WV"
3059,Washington County,MD,202007,976.23,0.0149,0.0605,"Hagerstown-Martinsburg, MD-WV"
3059,Washington County,MD,202008,978.19,0.002,0.0665,"Hagerstown-Martinsburg, MD-WV"
3059,Washington County,MD,202009,983.0,0.0049,0.0772,"Hagerstown-Martinsburg, MD-WV"
3059,Washington County,MD,202010,974.22,-0.0089,0.0717,"Hagerstown-Martinsburg, MD-WV"
3059,Washington County,MD,202011,986.68,0.0128,0.0778,"Hagerstown-Martinsburg, MD-WV"
3059,Washington County,MD,202012,988.85,0.0022,0.0773,"Hagerstown-Martinsburg, MD-WV"
3059,Washington County,MD,202101,992.67,0.0039,0.0882,"Hagerstown-Martinsburg, MD-WV"
3059,Washington County,MD,202102,996.06,0.0034,0.0894,"Hagerstown-Martinsburg, MD-WV"
3059,Washington County,MD,202103,1009.73,0.0137,0.0897,"Hagerstown-Martinsburg, MD-WV"
3059,Washington County,MD,202104,1039.72,0.0297,0.0999,"Hagerstown-Martinsburg, MD-WV"
3059,Washington County,MD,202105,1060.64,0.0201,0.11,"Hagerstown-Martinsburg, MD-WV"
3059,Washington County,MD,202106,1072.99,0.0116,0.1155,"Hagerstown-Martinsburg, MD-WV"
3059,Washington County,MD,202107,1086.29,0.0124,0.1127,"Hagerstown-Martinsburg, MD-WV"
3059,Washington County,MD,202108,1105.87,0.018,0.1305,"Hagerstown-Martinsburg, MD-WV"
3059,Washington County,MD,202109,1121.82,0.0144,0.1412,"Hagerstown-Martinsburg, MD-WV"
3059,Washington County,MD,202110,1130.79,0.008,0.1607,"Hagerstown-Martinsburg, MD-WV"
3059,Washington County,MD,202111,1139.94,0.0081,0.1553,"Hagerstown-Martinsburg, MD-WV"
3059,Washington County,MD,202112,1150.31,0.0091,0.1633,"Hagerstown-Martinsburg, MD-WV"
3059,Washington County,MD,202201,1149.7,-0.0005,0.1582,"Hagerstown-Martinsburg, MD-WV"
3059,Washington County,MD,202202,1155.16,0.0047,0.1597,"Hagerstown-Martinsburg, MD-WV"
3059,Washington County,MD,202203,1159.62,0.0039,0.1484,"Hagerstown-Martinsburg, MD-WV"
3059,Washington County,MD,202204,1192.04,0.028,0.1465,"Hagerstown-Martinsburg, MD-WV"
3059,Washington County,MD,202205,1193.43,0.0012,0.1252,"Hagerstown-Martinsburg, MD-WV"
3059,Washington County,MD,202206,1207.11,0.0115,0.125,"Hagerstown-Martinsburg, MD-WV"
3059,Washington County,MD,202207,1196.96,-0.0084,0.1019,"Hagerstown-Martinsburg, MD-WV"
3059,Washington County,MD,202208,1223.01,0.0218,0.1059,"Hagerstown-Martinsburg, MD-WV"
3059,Washington County,MD,202209,1236.48,0.011,0.1022,"Hagerstown-Martinsburg, MD-WV"
3059,Washington County,MD,202210,1259.94,0.019,0.1142,"Hagerstown-Martinsburg, MD-WV"
3059,Washington County,MD,202211,1269.42,0.0075,0.1136,"Hagerstown-Martinsburg, MD-WV"
3059,Washington County,MD,202212,1295.8,0.0208,0.1265,"Hagerstown-Martinsburg, MD-WV"
3059,Washington County,MD,202301,1286.96,-0.0068,0.1194,"Hagerstown-Martinsburg, MD-WV"
3059,Washington County,MD,202302,1286.62,-0.0003,0.1138,"Hagerstown-Martinsburg, MD-WV"
3059,Washington County,MD,202303,1287.27,0.0005,0.1101,"Hagerstown-Martinsburg, MD-WV"
3059,Washington County,MD,202304,1306.72,0.0151,0.0962,"Hagerstown-Martinsburg, MD-WV"
3059,Washington County,MD,202305,1316.75,0.0077,0.1033,"Hagerstown-Martinsburg, MD-WV"
3059,Washington County,MD,202306,1323.56,0.0052,0.0965,"Hagerstown-Martinsburg, MD-WV"
3059,Washington County,MD,202307,1311.33,-0.0092,0.0956,"Hagerstown-Martinsburg, MD-WV"
3059,Washington County,MD,202308,1311.06,-0.0002,0.072,"Hagerstown-Martinsburg, MD-WV"
3059,Washington County,MD,202309,1308.65,-0.0018,0.0584,"Hagerstown-Martinsburg, MD-WV"
3059,Washington County,MD,202310,1319.71,0.0084,0.0474,"Hagerstown-Martinsburg, MD-WV"
3059,Washington County,MD,202311,1320.22,0.0004,0.04,"Hagerstown-Martinsburg, MD-WV"
3059,Washington County,MD,202312,1305.03,-0.0115,0.0071,"Hagerstown-Martinsburg, MD-WV"
3059,Washington County,MD,202401,1311.52,0.005,0.0191,"Hagerstown-Martinsburg, MD-WV"
3059,Washington County,MD,202402,1320.72,0.007,0.0265,"Hagerstown-Martinsburg, MD-WV"
3059,Washington County,MD,202403,1346.43,0.0195,0.046,"Hagerstown-Martinsburg, MD-WV"
3059,Washington County,MD,202404,1352.44,0.0045,0.035,"Hagerstown-Martinsburg, MD-WV"
3059,Washington County,MD,202405,1369.11,0.0123,0.0398,"Hagerstown-Martinsburg, MD-WV"
3059,Washington County,MD,202406,1373.89,0.0035,0.038,"Hagerstown-Martinsburg, MD-WV"
3059,Washington County,MD,202407,1385.35,0.0083,0.0564,"Hagerstown-Martinsburg, MD-WV"
3059,Washington County,MD,202408,1382.0,-0.0024,0.0541,"Hagerstown-Martinsburg, MD-WV"
3059,Washington County,MD,202409,1388.23,0.0045,0.0608,"Hagerstown-Martinsburg, MD-WV"
3059,Washington County,MD,202410,1381.66,-0.0047,0.0469,"Hagerstown-Martinsburg, MD-WV"
3059,Washington County,MD,202411,1377.28,-0.0032,0.0432,"Hagerstown-Martinsburg, MD-WV"
3059,Washington County,MD,202412,1367.77,-0.0069,0.0481,"Hagerstown-Martinsburg, MD-WV"
3059,Washington County,MD,202501,1377.45,0.0071,0.0503,"Hagerstown-Martinsburg, MD-WV"
3059,Washington County,MD,202502,1384.06,0.0048,0.048,"Hagerstown-Martinsburg, MD-WV"
3059,Washington County,MD,202503,1397.17,0.0095,0.0377,"Hagerstown-Martinsburg, MD-WV"
3059,Washington County,MD,202504,1412.29,0.0108,0.0443,"Hagerstown-Martinsburg, MD-WV"
3059,Washington County,MD,202505,1424.39,0.0086,0.0404,"Hagerstown-Martinsburg, MD-WV"
3059,Washington County,MD,202506,1426.37,0.0014,0.0382,"Hagerstown-Martinsburg, MD-WV"
3059,Washington County,MD,202507,1418.69,-0.0054,0.0241,"Hagerstown-Martinsburg, MD-WV"
3059,Washington County,MD,202508,1422.23,0.0025,0.0291,"Hagerstown-Martinsburg, MD-WV"
3059,Washington County,MD,202509,1421.62,-0.0004,0.0241,"Hagerstown-Martinsburg, MD-WV"
3059,Washington County,MD,202510,1418.85,-0.0019,0.0269,"Hagerstown-Martinsburg, MD-WV"
3059,Washington County,MD,202511,1409.48,-0.0066,0.0234,"Hagerstown-Martinsburg, MD-WV"
3059,Washington County,MD,202512,1422.33,0.0091,0.0399,"Hagerstown-Martinsburg, MD-WV"
3059,Washington County,MD,202601,1437.89,0.0109,0.0439,"Hagerstown-Martinsburg, MD-WV"
3059,Washington County,MD,202602,1442.32,0.0031,0.0421,"Hagerstown-Martinsburg, MD-WV"
3059,Washington County,MD,202603,1443.59,0.0009,0.0332,"Hagerstown-Martinsburg, MD-WV"
3059,Washington County,MD,202604,1456.53,0.009,0.0313,"Hagerstown-Martinsburg, MD-WV"
3059,Washington County,MD,202605,1474.35,0.0122,0.0351,"Hagerstown-Martinsburg, MD-WV"
3059,Washington County,MD,202606,1472.1,-0.0015,0.0321,"Hagerstown-Martinsburg, MD-WV"
3059,Washington County,MD,202607,1463.59,-0.0058,0.0317,"Hagerstown-Martinsburg, MD-WV"
3059,Washington County,MD,202608,1450.5,-0.0089,0.0199,"Hagerstown-Martinsburg, MD-WV"
3118,Queen Annes County,MD,202505,2060.07,,,"Baltimore-Columbia-Towson, MD"
3118,Queen Annes County,MD,202506,2040.53,-0.0095,,"Baltimore-Columbia-Towson, MD"
3118,Queen Annes County,MD,202507,2085.14,0.0219,,"Baltimore-Columbia-Towson, MD"
3118,Queen Annes County,MD,202508,2158.28,0.0351,,"Baltimore-Columbia-Towson, MD"
3118,Queen Annes County,MD,202509,2136.06,-0.0103,,"Baltimore-Columbia-Towson, MD"
3118,Queen Annes County,MD,202510,2152.81,0.0078,,"Baltimore-Columbia-Towson, MD"
3118,Queen Annes County,MD,202511,2073.58,-0.0368,,"Baltimore-Columbia-Towson, MD"
3118,Queen Annes County,MD,202512,2125.5,0.025,,"Baltimore-Columbia-Towson, MD"
3118,Queen Annes County,MD,202601,2073.72,-0.0244,,"Baltimore-Columbia-Towson, MD"
3118,Queen Annes County,MD,202602,2137.54,0.0308,,"Baltimore-Columbia-Towson, MD"
3118,Queen Annes County,MD,202603,2152.93,0.0072,,"Baltimore-Columbia-Towson, MD"
3118,Queen Annes County,MD,202604,2180.76,0.0129,,"Baltimore-Columbia-Towson, MD"
3118,Queen Annes County,MD,202605,2194.85,0.0065,0.0654,"Baltimore-Columbia-Towson, MD"
3118,Queen Annes County,MD,202606,2210.22,0.007,0.0832,"Baltimore-Columbia-Towson, MD"
3118,Queen Annes County,MD,202607,2254.59,0.0201,0.0813,"Baltimore-Columbia-Towson, MD"
3118,Queen Annes County,MD,202608,2228.33,-0.0116,0.0325,"Baltimore-Columbia-Towson, MD"
3132,Saint Marys County,MD,201501,1166.72,,,"California-Lexington Park, MD"
3132,Saint Marys County,MD,201502,1178.54,0.0101,,"California-Lexington Park, MD"
3132,Saint Marys County,MD,201503,1185.46,0.0059,,"California-Lexington Park, MD"
3132,Saint Marys County,MD,201504,1174.82,-0.009,,"California-Lexington Park, MD"
3132,Saint Marys County,MD,201505,1181.53,0.0057,,"California-Lexington Park, MD"
3132,Saint Marys County,MD,201506,1184.64,0.0026,,"California-Lexington Park, MD"
3132,Saint Marys County,MD,201507,1202.38,0.015,,"California-Lexington Park, MD"
3132,Saint Marys County,MD,201508,1199.11,-0.0027,,"California-Lexington Park, MD"
3132,Saint Marys County,MD,201509,1199.17,0.0001,,"California-Lexington Park, MD"
3132,Saint Marys County,MD,201510,1198.48,-0.0006,,"California-Lexington Park, MD"
3132,Saint Marys County,MD,201511,1194.08,-0.0037,,"California-Lexington Park, MD"
3132,Saint Marys County,MD,201512,1183.62,-0.0088,,"California-Lexington Park, MD"
3132,Saint Marys County,MD,201601,1177.69,-0.005,0.0094,"California-Lexington Park, MD"
3132,Saint Marys County,MD,201602,1179.25,0.0013,0.0006,"California-Lexington Park, MD"
3132,Saint Marys County,MD,201603,1194.32,0.0128,0.0075,"California-Lexington Park, MD"
3132,Saint Marys County,MD,201604,1199.39,0.0042,0.0209,"California-Lexington Park, MD"
3132,Saint Marys County,MD,201605,1206.8,0.0062,0.0214,"California-Lexington Park, MD"
3132,Saint Marys County,MD,201606,1208.47,0.0014,0.0201,"California-Lexington Park, MD"
3132,Saint Marys County,MD,201607,1218.55,0.0083,0.0134,"California-Lexington Park, MD"
3132,Saint Marys County,MD,201608,1224.49,0.0049,0.0212,"California-Lexington Park, MD"
3132,Saint Marys County,MD,201609,1232.7,0.0067,0.028,"California-Lexington Park, MD"
3132,Saint Marys County,MD,201610,1227.72,-0.004,0.0244,"California-Lexington Park, MD"
3132,Saint Marys County,MD,201611,1223.1,-0.0038,0.0243,"California-Lexington Park, MD"
3132,Saint Marys County,MD,201612,1216.4,-0.0055,0.0277,"California-Lexington Park, MD"
3132,Saint Marys County,MD,201701,1218.17,0.0015,0.0344,"California-Lexington Park, MD"
3132,Saint Marys County,MD,201702,1222.69,0.0037,0.0368,"California-Lexington Park, MD"
3132,Saint Marys County,MD,201703,1226.7,0.0033,0.0271,"California-Lexington Park, MD"
3132,Saint Marys County,MD,201704,1238.66,0.0097,0.0327,"California-Lexington Park, MD"
3132,Saint Marys County,MD,201705,1247.99,0.0075,0.0341,"California-Lexington Park, MD"
3132,Saint Marys County,MD,201706,1248.38,0.0003,0.033,"California-Lexington Park, MD"
3132,Saint Marys County,MD,201707,1247.27,-0.0009,0.0236,"California-Lexington Park, MD"
3132,Saint Marys County,MD,201708,1243.23,-0.0032,0.0153,"California-Lexington Park, MD"
3132,Saint Marys County,MD,201709,1242.46,-0.0006,0.0079,"California-Lexington Park, MD"
3132,Saint Marys County,MD,201710,1241.9,-0.0005,0.0116,"California-Lexington Park, MD"
3132,Saint Marys County,MD,201711,1247.15,0.0042,0.0197,"California-Lexington Park, MD"
3132,Saint Marys County,MD,201712,1249.0,0.0015,0.0268,"California-Lexington Park, MD"
3132,Saint Marys County,MD,201801,1270.22,0.017,0.0427,"California-Lexington Park, MD"
3132,Saint Marys County,MD,201802,1278.17,0.0063,0.0454,"California-Lexington Park, MD"
3132,Saint Marys County,MD,201803,1277.83,-0.0003,0.0417,"California-Lexington Park, MD"
3132,Saint Marys County,MD,201804,1261.08,-0.0131,0.0181,"California-Lexington Park, MD"
3132,Saint Marys County,MD,201805,1261.86,0.0006,0.0111,"California-Lexington Park, MD"
3132,Saint Marys County,MD,201806,1270.22,0.0066,0.0175,"California-Lexington Park, MD"
3132,Saint Marys County,MD,201807,1272.45,0.0018,0.0202,"California-Lexington Park, MD"
3132,Saint Marys County,MD,201808,1278.37,0.0046,0.0283,"California-Lexington Park, MD"
3132,Saint Marys County,MD,201809,1288.35,0.0078,0.0369,"California-Lexington Park, MD"
3132,Saint Marys County,MD,201810,1300.91,0.0097,0.0475,"California-Lexington Park, MD"
3132,Saint Marys County,MD,201811,1296.23,-0.0036,0.0394,"California-Lexington Park, MD"
3132,Saint Marys County,MD,201812,1306.22,0.0077,0.0458,"California-Lexington Park, MD"
3132,Saint Marys County,MD,201901,1299.37,-0.0052,0.023,"California-Lexington Park, MD"
3132,Saint Marys County,MD,201902,1304.53,0.004,0.0206,"California-Lexington Park, MD"
3132,Saint Marys County,MD,201903,1293.28,-0.0086,0.0121,"California-Lexington Park, MD"
3132,Saint Marys County,MD,201904,1294.92,0.0013,0.0268,"California-Lexington Park, MD"
3132,Saint Marys County,MD,201905,1303.87,0.0069,0.0333,"California-Lexington Park, MD"
3132,Saint Marys County,MD,201906,1312.64,0.0067,0.0334,"California-Lexington Park, MD"
3132,Saint Marys County,MD,201907,1322.56,0.0076,0.0394,"California-Lexington Park, MD"
3132,Saint Marys County,MD,201908,1325.67,0.0024,0.037,"California-Lexington Park, MD"
3132,Saint Marys County,MD,201909,1319.04,-0.005,0.0238,"California-Lexington Park, MD"
3132,Saint Marys County,MD,201910,1328.1,0.0069,0.0209,"California-Lexington Park, MD"
3132,Saint Marys County,MD,201911,1319.47,-0.0065,0.0179,"California-Lexington Park, MD"
3132,Saint Marys County,MD,201912,1341.15,0.0164,0.0267,"California-Lexington Park, MD"
3132,Saint Marys County,MD,202001,1364.53,0.0174,0.0501,"California-Lexington Park, MD"
3132,Saint Marys County,MD,202002,1401.32,0.027,0.0742,"California-Lexington Park, MD"
3132,Saint Marys County,MD,202003,1412.2,0.0078,0.0919,"California-Lexington Park, MD"
3132,Saint Marys County,MD,202004,1399.72,-0.0088,0.0809,"California-Lexington Park, MD"
3132,Saint Marys County,MD,202005,1385.24,-0.0103,0.0624,"California-Lexington Park, MD"
3132,Saint Marys County,MD,202006,1387.05,0.0013,0.0567,"California-Lexington Park, MD"
3132,Saint Marys County,MD,202007,1388.23,0.0009,0.0497,"California-Lexington Park, MD"
3132,Saint Marys County,MD,202008,1393.85,0.004,0.0514,"California-Lexington Park, MD"
3132,Saint Marys County,MD,202009,1382.48,-0.0082,0.0481,"California-Lexington Park, MD"
3132,Saint Marys County,MD,202010,1380.39,-0.0015,0.0394,"California-Lexington Park, MD"
3132,Saint Marys County,MD,202011,1391.29,0.0079,0.0544,"California-Lexington Park, MD"
3132,Saint Marys County,MD,202012,1419.95,0.0206,0.0588,"California-Lexington Park, MD"
3132,Saint Marys County,MD,202101,1450.56,0.0216,0.063,"California-Lexington Park, MD"
3132,Saint Marys County,MD,202102,1462.88,0.0085,0.0439,"California-Lexington Park, MD"
3132,Saint Marys County,MD,202103,1478.38,0.0106,0.0469,"California-Lexington Park, MD"
3132,Saint Marys County,MD,202104,1498.29,0.0135,0.0704,"California-Lexington Park, MD"
3132,Saint Marys County,MD,202105,1521.36,0.0154,0.0983,"California-Lexington Park, MD"
3132,Saint Marys County,MD,202106,1554.14,0.0216,0.1205,"California-Lexington Park, MD"
3132,Saint Marys County,MD,202107,1570.24,0.0104,0.1311,"California-Lexington Park, MD"
3132,Saint Marys County,MD,202108,1605.98,0.0228,0.1522,"California-Lexington Park, MD"
3132,Saint Marys County,MD,202109,1599.16,-0.0042,0.1567,"California-Lexington Park, MD"
3132,Saint Marys County,MD,202110,1626.41,0.017,0.1782,"California-Lexington Park, MD"
3132,Saint Marys County,MD,202111,1606.49,-0.0122,0.1547,"California-Lexington Park, MD"
3132,Saint Marys County,MD,202112,1622.76,0.0101,0.1428,"California-Lexington Park, MD"
3132,Saint Marys County,MD,202201,1596.98,-0.0159,0.1009,"California-Lexington Park, MD"
3132,Saint Marys County,MD,202202,1606.59,0.006,0.0982,"California-Lexington Park, MD"
3132,Saint Marys County,MD,202203,1594.05,-0.0078,0.0782,"California-Lexington Park, MD"
3132,Saint Marys County,MD,202204,1611.49,0.0109,0.0755,"California-Lexington Park, MD"
3132,Saint Marys County,MD,202205,1617.5,0.0037,0.0632,"California-Lexington Park, MD"
3132,Saint Marys County,MD,202206,1640.31,0.0141,0.0554,"California-Lexington Park, MD"
3132,Saint Marys County,MD,202207,1665.82,0.0156,0.0609,"California-Lexington Park, MD"
3132,Saint Marys County,MD,202208,1674.0,0.0049,0.0424,"California-Lexington Park, MD"
3132,Saint Marys County,MD,202209,1675.72,0.001,0.0479,"California-Lexington Park, MD"
3132,Saint Marys County,MD,202210,1647.0,-0.0171,0.0127,"California-Lexington Park, MD"
3132,Saint Marys County,MD,202211,1619.37,-0.0168,0.008,"California-Lexington Park, MD"
3132,Saint Marys County,MD,202212,1608.82,-0.0065,-0.0086,"California-Lexington Park, MD"
3132,Saint Marys County,MD,202301,1618.72,0.0062,0.0136,"California-Lexington Park, MD"
3132,Saint Marys County,MD,202302,1651.01,0.0199,0.0277,"California-Lexington Park, MD"
3132,Saint Marys County,MD,202303,1668.21,0.0104,0.0465,"California-Lexington Park, MD"
3132,Saint Marys County,MD,202304,1681.02,0.0077,0.0431,"California-Lexington Park, MD"
3132,Saint Marys County,MD,202305,1694.52,0.008,0.0476,"California-Lexington Park, MD"
3132,Saint Marys County,MD,202306,1723.73,0.0172,0.0509,"California-Lexington Park, MD"
3132,Saint Marys County,MD,202307,1739.82,0.0093,0.0444,"California-Lexington Park, MD"
3132,Saint Marys County,MD,202308,1757.67,0.0103,0.05,"California-Lexington Park, MD"
3132,Saint Marys County,MD,202309,1737.24,-0.0116,0.0367,"California-Lexington Park, MD"
3132,Saint Marys County,MD,202310,1732.24,-0.0029,0.0518,"California-Lexington Park, MD"
3132,Saint Marys County,MD,202311,1713.95,-0.0106,0.0584,"California-Lexington Park, MD"
3132,Saint Marys County,MD,202312,1716.76,0.0016,0.0671,"California-Lexington Park, MD"
3132,Saint Marys County,MD,202401,1739.16,0.0131,0.0744,"California-Lexington Park, MD"
3132,Saint Marys County,MD,202402,1771.02,0.0183,0.0727,"California-Lexington Park, MD"
3132,Saint Marys County,MD,202403,1803.19,0.0182,0.0809,"California-Lexington Park, MD"
3132,Saint Marys County,MD,202404,1822.17,0.0105,0.084,"California-Lexington Park, MD"
3132,Saint Marys County,MD,202405,1847.31,0.0138,0.0902,"California-Lexington Park, MD"
3132,Saint Marys County,MD,202406,1864.09,0.0091,0.0814,"California-Lexington Park, MD"
3132,Saint Marys County,MD,202407,1867.2,0.0017,0.0732,"California-Lexington Park, MD"
3132,Saint Marys County,MD,202408,1848.56,-0.01,0.0517,"California-Lexington Park, MD"
3132,Saint Marys County,MD,202409,1824.65,-0.0129,0.0503,"California-Lexington Park, MD"
3132,Saint Marys County,MD,202410,1808.52,-0.0088,0.044,"California-Lexington Park, MD"
3132,Saint Marys County,MD,202411,1814.66,0.0034,0.0588,"California-Lexington Park, MD"
3132,Saint Marys County,MD,202412,1833.79,0.0105,0.0682,"California-Lexington Park, MD"
3132,Saint Marys County,MD,202501,1845.4,0.0063,0.0611,"California-Lexington Park, MD"
3132,Saint Marys County,MD,202502,1864.9,0.0106,0.053,"California-Lexington Park, MD"
3132,Saint Marys County,MD,202503,1886.97,0.0118,0.0465,"California-Lexington Park, MD"
3132,Saint Marys County,MD,202504,1930.75,0.0232,0.0596,"California-Lexington Park, MD"
3132,Saint Marys County,MD,202505,1936.81,0.0031,0.0484,"California-Lexington Park, MD"
3132,Saint Marys County,MD,202506,1970.68,0.0175,0.0572,"California-Lexington Park, MD"
3132,Saint Marys County,MD,202507,1961.24,-0.0048,0.0504,"California-Lexington Park, MD"
3132,Saint Marys County,MD,202508,1977.7,0.0084,0.0699,"California-Lexington Park, MD"
3132,Saint Marys County,MD,202509,1961.16,-0.0084,0.0748,"California-Lexington Park, MD"
3132,Saint Marys County,MD,202510,1927.52,-0.0172,0.0658,"California-Lexington Park, MD"
3132,Saint Marys County,MD,202511,1929.12,0.0008,0.0631,"California-Lexington Park, MD"
3132,Saint Marys County,MD,202512,1897.5,-0.0164,0.0347,"California-Lexington Park, MD"
3132,Saint Marys County,MD,202601,1899.98,0.0013,0.0296,"California-Lexington Park, MD"
3132,Saint Marys County,MD,202602,1894.9,-0.0027,0.0161,"California-Lexington Park, MD"
3132,Saint Marys County,MD,202603,1935.47,0.0214,0.0257,"California-Lexington Park, MD"
3132,Saint Marys County,MD,202604,1953.21,0.0092,0.0116,"California-Lexington Park, MD"
3132,Saint Marys County,MD,202605,1953.81,0.0003,0.0088,"California-Lexington Park, MD"
3132,Saint Marys County,MD,202606,1947.68,-0.0031,-0.0117,"California-Lexington Park, MD"
3132,Saint Marys County,MD,202607,1966.98,0.0099,0.0029,"California-Lexington Park, MD"
3132,Saint Marys County,MD,202608,1981.18,0.0072,0.0018,"California-Lexington Park, MD"
3152,Anne Arundel County,MD,201501,1530.9,,,"Baltimore-Columbia-Towson, MD"
3152,Anne Arundel County,MD,201502,1536.0,0.0033,,"Baltimore-Columbia-Towson, MD"
3152,Anne Arundel County,MD,201503,1540.59,0.003,,"Baltimore-Columbia-Towson, MD"
3152,Anne Arundel County,MD,201504,1550.77,0.0066,,"Baltimore-Columbia-Towson, MD"
3152,Anne Arundel County,MD,201505,1560.43,0.0062,,"Baltimore-Columbia-Towson, MD"
3152,Anne Arundel County,MD,201506,1566.48,0.0039,,"Baltimore-Columbia-Towson, MD"
3152,Anne Arundel County,MD,201507,1575.86,0.006,,"Baltimore-Columbia-Towson, MD"
3152,Anne Arundel County,MD,201508,1577.26,0.0009,,"Baltimore-Columbia-Towson, MD"
3152,Anne Arundel County,MD,201509,1586.6,0.0059,,"Baltimore-Columbia-Towson, MD"
3152,Anne Arundel County,MD,201510,1581.08,-0.0035,,"Baltimore-Columbia-Towson, MD"
3152,Anne Arundel County,MD,201511,1580.65,-0.0003,,"Baltimore-Columbia-Towson, MD"
3152,Anne Arundel County,MD,201512,1565.94,-0.0093,,"Baltimore-Columbia-Towson, MD"
3152,Anne Arundel County,MD,201601,1569.28,0.0021,0.0251,"Baltimore-Columbia-Towson, MD"
3152,Anne Arundel County,MD,201602,1574.96,0.0036,0.0254,"Baltimore-Columbia-Towson, MD"
3152,Anne Arundel County,MD,201603,1586.48,0.0073,0.0298,"Baltimore-Columbia-Towson, MD"
3152,Anne Arundel County,MD,201604,1589.53,0.0019,0.025,"Baltimore-Columbia-Towson, MD"
3152,Anne Arundel County,MD,201605,1590.32,0.0005,0.0192,"Baltimore-Columbia-Towson, MD"
3152,Anne Arundel County,MD,201606,1591.52,0.0008,0.016,"Baltimore-Columbia-Towson, MD"
3152,Anne Arundel County,MD,201607,1585.88,-0.0035,0.0064,"Baltimore-Columbia-Towson, MD"
3152,Anne Arundel County,MD,201608,1582.35,-0.0022,0.0032,"Baltimore-Columbia-Towson, MD"
3152,Anne Arundel County,MD,201609,1587.08,0.003,0.0003,"Baltimore-Columbia-Towson, MD"
3152,Anne Arundel County,MD,201610,1593.54,0.0041,0.0079,"Baltimore-Columbia-Towson, MD"
3152,Anne Arundel County,MD,201611,1598.06,0.0028,0.011,"Baltimore-Columbia-Towson, MD"
3152,Anne Arundel County,MD,201612,1597.63,-0.0003,0.0202,"Baltimore-Columbia-Towson, MD"
3152,Anne Arundel County,MD,201701,1600.95,0.0021,0.0202,"Baltimore-Columbia-Towson, MD"
3152,Anne Arundel County,MD,201702,1601.5,0.0003,0.0169,"Baltimore-Columbia-Towson, MD"
3152,Anne Arundel County,MD,201703,1603.88,0.0015,0.011,"Baltimore-Columbia-Towson, MD"
3152,Anne Arundel County,MD,201704,1605.49,0.001,0.01,"Baltimore-Columbia-Towson, MD"
3152,Anne Arundel County,MD,201705,1625.64,0.0125,0.0222,"Baltimore-Columbia-Towson, MD"
3152,Anne Arundel County,MD,201706,1631.95,0.0039,0.0254,"Baltimore-Columbia-Towson, MD"
3152,Anne Arundel County,MD,201707,1638.79,0.0042,0.0334,"Baltimore-Columbia-Towson, MD"
3152,Anne Arundel County,MD,201708,1620.12,-0.0114,0.0239,"Baltimore-Columbia-Towson, MD"
3152,Anne Arundel County,MD,201709,1619.16,-0.0006,0.0202,"Baltimore-Columbia-Towson, MD"
3152,Anne Arundel County,MD,201710,1621.7,0.0016,0.0177,"Baltimore-Columbia-Towson, MD"
3152,Anne Arundel County,MD,201711,1627.39,0.0035,0.0184,"Baltimore-Columbia-Towson, MD"
3152,Anne Arundel County,MD,201712,1631.84,0.0027,0.0214,"Baltimore-Columbia-Towson, MD"
3152,Anne Arundel County,MD,201801,1629.53,-0.0014,0.0179,"Baltimore-Columbia-Towson, MD"
3152,Anne Arundel County,MD,201802,1647.01,0.0107,0.0284,"Baltimore-Columbia-Towson, MD"
3152,Anne Arundel County,MD,201803,1652.69,0.0035,0.0304,"Baltimore-Columbia-Towson, MD"
3152,Anne Arundel County,MD,201804,1661.02,0.005,0.0346,"Baltimore-Columbia-Towson, MD"
3152,Anne Arundel County,MD,201805,1657.52,-0.0021,0.0196,"Baltimore-Columbia-Towson, MD"
3152,Anne Arundel County,MD,201806,1656.72,-0.0005,0.0152,"Baltimore-Columbia-Towson, MD"
3152,Anne Arundel County,MD,201807,1659.75,0.0018,0.0128,"Baltimore-Columbia-Towson, MD"
3152,Anne Arundel County,MD,201808,1661.58,0.0011,0.0256,"Baltimore-Columbia-Towson, MD"
3152,Anne Arundel County,MD,201809,1657.06,-0.0027,0.0234,"Baltimore-Columbia-Towson, MD"
3152,Anne Arundel County,MD,201810,1659.55,0.0015,0.0233,"Baltimore-Columbia-Towson, MD"
3152,Anne Arundel County,MD,201811,1659.48,-0.0,0.0197,"Baltimore-Columbia-Towson, MD"
3152,Anne Arundel County,MD,201812,1667.53,0.0049,0.0219,"Baltimore-Columbia-Towson, MD"
3152,Anne Arundel County,MD,201901,1668.77,0.0007,0.0241,"Baltimore-Columbia-Towson, MD"
3152,Anne Arundel County,MD,201902,1675.91,0.0043,0.0176,"Baltimore-Columbia-Towson, MD"
3152,Anne Arundel County,MD,201903,1685.15,0.0055,0.0196,"Baltimore-Columbia-Towson, MD"
3152,Anne Arundel County,MD,201904,1692.85,0.0046,0.0192,"Baltimore-Columbia-Towson, MD"
3152,Anne Arundel County,MD,201905,1699.63,0.004,0.0254,"Baltimore-Columbia-Towson, MD"
3152,Anne Arundel County,MD,201906,1708.59,0.0053,0.0313,"Baltimore-Columbia-Towson, MD"
3152,Anne Arundel County,MD,201907,1712.89,0.0025,0.032,"Baltimore-Columbia-Towson, MD"
3152,Anne Arundel County,MD,201908,1711.26,-0.0009,0.0299,"Baltimore-Columbia-Towson, MD"
3152,Anne Arundel County,MD,201909,1711.32,0.0,0.0327,"Baltimore-Columbia-Towson, MD"
3152,Anne Arundel County,MD,201910,1709.74,-0.0009,0.0302,"Baltimore-Columbia-Towson, MD"
3152,Anne Arundel County,MD,201911,1710.68,0.0006,0.0309,"Baltimore-Columbia-Towson, MD"
3152,Anne Arundel County,MD,201912,1707.91,-0.0016,0.0242,"Baltimore-Columbia-Towson, MD"
3152,Anne Arundel County,MD,202001,1710.64,0.0016,0.0251,"Baltimore-Columbia-Towson, MD"
3152,Anne Arundel County,MD,202002,1719.84,0.0054,0.0262,"Baltimore-Columbia-Towson, MD"
3152,Anne Arundel County,MD,202003,1726.87,0.0041,0.0248,"Baltimore-Columbia-Towson, MD"
3152,Anne Arundel County,MD,202004,1731.82,0.0029,0.023,"Baltimore-Columbia-Towson, MD"
3152,Anne Arundel County,MD,202005,1732.72,0.0005,0.0195,"Baltimore-Columbia-Towson, MD"
3152,Anne Arundel County,MD,202006,1738.97,0.0036,0.0178,"Baltimore-Columbia-Towson, MD"
3152,Anne Arundel County,MD,202007,1746.26,0.0042,0.0195,"Baltimore-Columbia-Towson, MD"
3152,Anne Arundel County,MD,202008,1754.64,0.0048,0.0253,"Baltimore-Columbia-Towson, MD"
3152,Anne Arundel County,MD,202009,1760.15,0.0031,0.0285,"Baltimore-Columbia-Towson, MD"
3152,Anne Arundel County,MD,202010,1764.62,0.0025,0.0321,"Baltimore-Columbia-Towson, MD"
3152,Anne Arundel County,MD,202011,1771.97,0.0042,0.0358,"Baltimore-Columbia-Towson, MD"
3152,Anne Arundel County,MD,202012,1780.7,0.0049,0.0426,"Baltimore-Columbia-Towson, MD"
3152,Anne Arundel County,MD,202101,1794.08,0.0075,0.0488,"Baltimore-Columbia-Towson, MD"
3152,Anne Arundel County,MD,202102,1800.05,0.0033,0.0466,"Baltimore-Columbia-Towson, MD"
3152,Anne Arundel County,MD,202103,1808.12,0.0045,0.0471,"Baltimore-Columbia-Towson, MD"
3152,Anne Arundel County,MD,202104,1825.95,0.0099,0.0544,"Baltimore-Columbia-Towson, MD"
3152,Anne Arundel County,MD,202105,1861.31,0.0194,0.0742,"Baltimore-Columbia-Towson, MD"
3152,Anne Arundel County,MD,202106,1894.99,0.0181,0.0897,"Baltimore-Columbia-Towson, MD"
3152,Anne Arundel County,MD,202107,1930.54,0.0188,0.1055,"Baltimore-Columbia-Towson, MD"
3152,Anne Arundel County,MD,202108,1951.75,0.011,0.1123,"Baltimore-Columbia-Towson, MD"
3152,Anne Arundel County,MD,202109,1966.28,0.0074,0.1171,"Baltimore-Columbia-Towson, MD"
3152,Anne Arundel County,MD,202110,1952.58,-0.007,0.1065,"Baltimore-Columbia-Towson, MD"
3152,Anne Arundel County,MD,202111,1952.46,-0.0001,0.1019,"Baltimore-Columbia-Towson, MD"
3152,Anne Arundel County,MD,202112,1960.21,0.004,0.1008,"Baltimore-Columbia-Towson, MD"
3152,Anne Arundel County,MD,202201,1984.53,0.0124,0.1062,"Baltimore-Columbia-Towson, MD"
3152,Anne Arundel County,MD,202202,1994.08,0.0048,0.1078,"Baltimore-Columbia-Towson, MD"
3152,Anne Arundel County,MD,202203,2007.95,0.007,0.1105,"Baltimore-Columbia-Towson, MD"
3152,Anne Arundel County,MD,202204,2029.35,0.0107,0.1114,"Baltimore-Columbia-Towson, MD"
3152,Anne Arundel County,MD,202205,2061.36,0.0158,0.1075,"Baltimore-Columbia-Towson, MD"
3152,Anne Arundel County,MD,202206,2083.84,0.0109,0.0997,"Baltimore-Columbia-Towson, MD"
3152,Anne Arundel County,MD,202207,2101.05,0.0083,0.0883,"Baltimore-Columbia-Towson, MD"
3152,Anne Arundel County,MD,202208,2102.38,0.0006,0.0772,"Baltimore-Columbia-Towson, MD"
3152,Anne Arundel County,MD,202209,2093.27,-0.0043,0.0646,"Baltimore-Columbia-Towson, MD"
3152,Anne Arundel County,MD,202210,2070.86,-0.0107,0.0606,"Baltimore-Columbia-Towson, MD"
3152,Anne Arundel County,MD,202211,2045.16,-0.0124,0.0475,"Baltimore-Columbia-Towson, MD"
3152,Anne Arundel County,MD,202212,2041.71,-0.0017,0.0416,"Baltimore-Columbia-Towson, MD"
3152,Anne Arundel County,MD,202301,2053.4,0.0057,0.0347,"Baltimore-Columbia-Towson, MD"
3152,Anne Arundel County,MD,202302,2083.38,0.0146,0.0448,"Baltimore-Columbia-Towson, MD"
3152,Anne Arundel County,MD,202303,2116.0,0.0157,0.0538,"Baltimore-Columbia-Towson, MD"
3152,Anne Arundel County,MD,202304,2141.4,0.012,0.0552,"Baltimore-Columbia-Towson, MD"
3152,Anne Arundel County,MD,202305,2159.61,0.0085,0.0477,"Baltimore-Columbia-Towson, MD"
3152,Anne Arundel County,MD,202306,2168.12,0.0039,0.0404,"Baltimore-Columbia-Towson, MD"
3152,Anne Arundel County,MD,202307,2173.68,0.0026,0.0346,"Baltimore-Columbia-Towson, MD"
3152,Anne Arundel County,MD,202308,2169.59,-0.0019,0.032,"Baltimore-Columbia-Towson, MD"
3152,Anne Arundel County,MD,202309,2158.2,-0.0053,0.031,"Baltimore-Columbia-Towson, MD"
3152,Anne Arundel County,MD,202310,2151.47,-0.0031,0.0389,"Baltimore-Columbia-Towson, MD"
3152,Anne Arundel County,MD,202311,2150.49,-0.0005,0.0515,"Baltimore-Columbia-Towson, MD"
3152,Anne Arundel County,MD,202312,2156.61,0.0028,0.0563,"Baltimore-Columbia-Towson, MD"
3152,Anne Arundel County,MD,202401,2161.33,0.0022,0.0526,"Baltimore-Columbia-Towson, MD"
3152,Anne Arundel County,MD,202402,2169.93,0.004,0.0415,"Baltimore-Columbia-Towson, MD"
3152,Anne Arundel County,MD,202403,2183.11,0.0061,0.0317,"Baltimore-Columbia-Towson, MD"
3152,Anne Arundel County,MD,202404,2198.86,0.0072,0.0268,"Baltimore-Columbia-Towson, MD"
3152,Anne Arundel County,MD,202405,2216.97,0.0082,0.0266,"Baltimore-Columbia-Towson, MD"
3152,Anne Arundel County,MD,202406,2236.34,0.0087,0.0315,"Baltimore-Columbia-Towson, MD"
3152,Anne Arundel County,MD,202407,2251.1,0.0066,0.0356,"Baltimore-Columbia-Towson, MD"
3152,Anne Arundel County,MD,202408,2253.32,0.001,0.0386,"Baltimore-Columbia-Towson, MD"
3152,Anne Arundel County,MD,202409,2242.6,-0.0048,0.0391,"Baltimore-Columbia-Towson, MD"
3152,Anne Arundel County,MD,202410,2231.81,-0.0048,0.0373,"Baltimore-Columbia-Towson, MD"
3152,Anne Arundel County,MD,202411,2216.48,-0.0069,0.0307,"Baltimore-Columbia-Towson, MD"
3152,Anne Arundel County,MD,202412,2212.27,-0.0019,0.0258,"Baltimore-Columbia-Towson, MD"
3152,Anne Arundel County,MD,202501,2223.72,0.0052,0.0289,"Baltimore-Columbia-Towson, MD"
3152,Anne Arundel County,MD,202502,2232.81,0.0041,0.029,"Baltimore-Columbia-Towson, MD"
3152,Anne Arundel County,MD,202503,2249.0,0.0073,0.0302,"Baltimore-Columbia-Towson, MD"
3152,Anne Arundel County,MD,202504,2255.39,0.0028,0.0257,"Baltimore-Columbia-Towson, MD"
3152,Anne Arundel County,MD,202505,2271.98,0.0074,0.0248,"Baltimore-Columbia-Towson, MD"
3152,Anne Arundel County,MD,202506,2276.27,0.0019,0.0179,"Baltimore-Columbia-Towson, MD"
3152,Anne Arundel County,MD,202507,2285.93,0.0042,0.0155,"Baltimore-Columbia-Towson, MD"
3152,Anne Arundel County,MD,202508,2288.12,0.001,0.0154,"Baltimore-Columbia-Towson, MD"
3152,Anne Arundel County,MD,202509,2289.43,0.0006,0.0209,"Baltimore-Columbia-Towson, MD"
3152,Anne Arundel County,MD,202510,2275.56,-0.0061,0.0196,"Baltimore-Columbia-Towson, MD"
3152,Anne Arundel County,MD,202511,2271.05,-0.002,0.0246,"Baltimore-Columbia-Towson, MD"
3152,Anne Arundel County,MD,202512,2268.4,-0.0012,0.0254,"Baltimore-Columbia-Towson, MD"
3152,Anne Arundel County,MD,202601,2272.61,0.0019,0.022,"Baltimore-Columbia-Towson, MD"
3152,Anne Arundel County,MD,202602,2286.28,0.006,0.0239,"Baltimore-Columbia-Towson, MD"
3152,Anne Arundel County,MD,202603,2295.18,0.0039,0.0205,"Baltimore-Columbia-Towson, MD"
3152,Anne Arundel County,MD,202604,2308.68,0.0059,0.0236,"Baltimore-Columbia-Towson, MD"
3152,Anne Arundel County,MD,202605,2312.5,0.0017,0.0178,"Baltimore-Columbia-Towson, MD"
3152,Anne Arundel County,MD,202606,2318.08,0.0024,0.0184,"Baltimore-Columbia-Towson, MD"
3152,Anne Arundel County,MD,202607,2324.26,0.0027,0.0168,"Baltimore-Columbia-Towson, MD"
3152,Anne Arundel County,MD,202608,2336.82,0.0054,0.0213,"Baltimore-Columbia-Towson, MD"
3236,Baltimore City,MD,201501,1208.49,,,"Baltimore-Columbia-Towson, MD"
3236,Baltimore City,MD,201502,1215.59,0.0059,,"Baltimore-Columbia-Towson, MD"
3236,Baltimore City,MD,201503,1221.55,0.0049,,"Baltimore-Columbia-Towson, MD"
3236,Baltimore City,MD,201504,1222.72,0.001,,"Baltimore-Columbia-Towson, MD"
3236,Baltimore City,MD,201505,1226.42,0.003,,"Baltimore-Columbia-Towson, MD"
3236,Baltimore City,MD,201506,1231.24,0.0039,,"Baltimore-Columbia-Towson, MD"
3236,Baltimore City,MD,201507,1234.17,0.0024,,"Baltimore-Columbia-Towson, MD"
3236,Baltimore City,MD,201508,1236.26,0.0017,,"Baltimore-Columbia-Towson, MD"
3236,Baltimore City,MD,201509,1231.77,-0.0036,,"Baltimore-Columbia-Towson, MD"
3236,Baltimore City,MD,201510,1234.73,0.0024,,"Baltimore-Columbia-Towson, MD"
3236,Baltimore City,MD,201511,1229.36,-0.0043,,"Baltimore-Columbia-Towson, MD"
3236,Baltimore City,MD,201512,1233.75,0.0036,,"Baltimore-Columbia-Towson, MD"
3236,Baltimore City,MD,201601,1235.71,0.0016,0.0225,"Baltimore-Columbia-Towson, MD"
3236,Baltimore City,MD,201602,1243.74,0.0065,0.0232,"Baltimore-Columbia-Towson, MD"
3236,Baltimore City,MD,201603,1249.62,0.0047,0.023,"Baltimore-Columbia-Towson, MD"
3236,Baltimore City,MD,201604,1254.46,0.0039,0.026,"Baltimore-Columbia-Towson, MD"
3236,Baltimore City,MD,201605,1255.94,0.0012,0.0241,"Baltimore-Columbia-Towson, MD"
3236,Baltimore City,MD,201606,1258.55,0.0021,0.0222,"Baltimore-Columbia-Towson, MD"
3236,Baltimore City,MD,201607,1252.61,-0.0047,0.0149,"Baltimore-Columbia-Towson, MD"
3236,Baltimore City,MD,201608,1248.8,-0.003,0.0101,"Baltimore-Columbia-Towson, MD"
3236,Baltimore City,MD,201609,1240.5,-0.0066,0.0071,"Baltimore-Columbia-Towson, MD"
3236,Baltimore City,MD,201610,1240.9,0.0003,0.005,"Baltimore-Columbia-Towson, MD"
3236,Baltimore City,MD,201611,1237.35,-0.0029,0.0065,"Baltimore-Columbia-Towson, MD"
3236,Baltimore City,MD,201612,1229.82,-0.0061,-0.0032,"Baltimore-Columbia-Towson, MD"
3236,Baltimore City,MD,201701,1234.14,0.0035,-0.0013,"Baltimore-Columbia-Towson, MD"
3236,Baltimore City,MD,201702,1241.99,0.0064,-0.0014,"Baltimore-Columbia-Towson, MD"
3236,Baltimore City,MD,201703,1258.64,0.0134,0.0072,"Baltimore-Columbia-Towson, MD"
3236,Baltimore City,MD,201704,1262.53,0.0031,0.0064,"Baltimore-Columbia-Towson, MD"
3236,Baltimore City,MD,201705,1274.18,0.0092,0.0145,"Baltimore-Columbia-Towson, MD"
3236,Baltimore City,MD,201706,1281.86,0.006,0.0185,"Baltimore-Columbia-Towson, MD"
3236,Baltimore City,MD,201707,1285.82,0.0031,0.0265,"Baltimore-Columbia-Towson, MD"
3236,Baltimore City,MD,201708,1275.04,-0.0084,0.021,"Baltimore-Columbia-Towson, MD"
3236,Baltimore City,MD,201709,1266.14,-0.007,0.0207,"Baltimore-Columbia-Towson, MD"
3236,Baltimore City,MD,201710,1260.1,-0.0048,0.0155,"Baltimore-Columbia-Towson, MD"
3236,Baltimore City,MD,201711,1252.34,-0.0062,0.0121,"Baltimore-Columbia-Towson, MD"
3236,Baltimore City,MD,201712,1255.7,0.0027,0.021,"Baltimore-Columbia-Towson, MD"
3236,Baltimore City,MD,201801,1255.19,-0.0004,0.0171,"Baltimore-Columbia-Towson, MD"
3236,Baltimore City,MD,201802,1270.45,0.0122,0.0229,"Baltimore-Columbia-Towson, MD"
3236,Baltimore City,MD,201803,1276.2,0.0045,0.014,"Baltimore-Columbia-Towson, MD"
3236,Baltimore City,MD,201804,1291.13,0.0117,0.0227,"Baltimore-Columbia-Towson, MD"
3236,Baltimore City,MD,201805,1296.11,0.0039,0.0172,"Baltimore-Columbia-Towson, MD"
3236,Baltimore City,MD,201806,1297.06,0.0007,0.0119,"Baltimore-Columbia-Towson, MD"
3236,Baltimore City,MD,201807,1297.34,0.0002,0.009,"Baltimore-Columbia-Towson, MD"
3236,Baltimore City,MD,201808,1292.44,-0.0038,0.0136,"Baltimore-Columbia-Towson, MD"
3236,Baltimore City,MD,201809,1286.18,-0.0048,0.0158,"Baltimore-Columbia-Towson, MD"
3236,Baltimore City,MD,201810,1282.45,-0.0029,0.0177,"Baltimore-Columbia-Towson, MD"
3236,Baltimore City,MD,201811,1281.01,-0.0011,0.0229,"Baltimore-Columbia-Towson, MD"
3236,Baltimore City,MD,201812,1288.29,0.0057,0.0259,"Baltimore-Columbia-Towson, MD"
3236,Baltimore City,MD,201901,1285.37,-0.0023,0.0241,"Baltimore-Columbia-Towson, MD"
3236,Baltimore City,MD,201902,1291.43,0.0047,0.0165,"Baltimore-Columbia-Towson, MD"
3236,Baltimore City,MD,201903,1299.75,0.0064,0.0185,"Baltimore-Columbia-Towson, MD"
3236,Baltimore City,MD,201904,1312.87,0.0101,0.0168,"Baltimore-Columbia-Towson, MD"
3236,Baltimore City,MD,201905,1322.01,0.007,0.02,"Baltimore-Columbia-Towson, MD"
3236,Baltimore City,MD,201906,1325.37,0.0025,0.0218,"Baltimore-Columbia-Towson, MD"
3236,Baltimore City,MD,201907,1329.73,0.0033,0.025,"Baltimore-Columbia-Towson, MD"
3236,Baltimore City,MD,201908,1328.51,-0.0009,0.0279,"Baltimore-Columbia-Towson, MD"
3236,Baltimore City,MD,201909,1323.8,-0.0035,0.0292,"Baltimore-Columbia-Towson, MD"
3236,Baltimore City,MD,201910,1311.34,-0.0094,0.0225,"Baltimore-Columbia-Towson, MD"
3236,Baltimore City,MD,201911,1310.74,-0.0005,0.0232,"Baltimore-Columbia-Towson, MD"
3236,Baltimore City,MD,201912,1311.97,0.0009,0.0184,"Baltimore-Columbia-Towson, MD"
3236,Baltimore City,MD,202001,1320.96,0.0069,0.0277,"Baltimore-Columbia-Towson, MD"
3236,Baltimore City,MD,202002,1320.56,-0.0003,0.0226,"Baltimore-Columbia-Towson, MD"
3236,Baltimore City,MD,202003,1327.44,0.0052,0.0213,"Baltimore-Columbia-Towson, MD"
3236,Baltimore City,MD,202004,1333.46,0.0045,0.0157,"Baltimore-Columbia-Towson, MD"
3236,Baltimore City,MD,202005,1342.02,0.0064,0.0151,"Baltimore-Columbia-Towson, MD"
3236,Baltimore City,MD,202006,1346.73,0.0035,0.0161,"Baltimore-Columbia-Towson, MD"
3236,Baltimore City,MD,202007,1348.88,0.0016,0.0144,"Baltimore-Columbia-Towson, MD"
3236,Baltimore City,MD,202008,1344.91,-0.0029,0.0123,"Baltimore-Columbia-Towson, MD"
3236,Baltimore City,MD,202009,1341.15,-0.0028,0.0131,"Baltimore-Columbia-Towson, MD"
3236,Baltimore City,MD,202010,1341.53,0.0003,0.023,"Baltimore-Columbia-Towson, MD"
3236,Baltimore City,MD,202011,1345.59,0.003,0.0266,"Baltimore-Columbia-Towson, MD"
3236,Baltimore City,MD,202012,1352.72,0.0053,0.0311,"Baltimore-Columbia-Towson, MD"
3236,Baltimore City,MD,202101,1356.25,0.0026,0.0267,"Baltimore-Columbia-Towson, MD"
3236,Baltimore City,MD,202102,1365.49,0.0068,0.034,"Baltimore-Columbia-Towson, MD"
3236,Baltimore City,MD,202103,1367.61,0.0016,0.0303,"Baltimore-Columbia-Towson, MD"
3236,Baltimore City,MD,202104,1386.78,0.014,0.04,"Baltimore-Columbia-Towson, MD"
3236,Baltimore City,MD,202105,1409.3,0.0162,0.0501,"Baltimore-Columbia-Towson, MD"
3236,Baltimore City,MD,202106,1440.73,0.0223,0.0698,"Baltimore-Columbia-Towson, MD"
3236,Baltimore City,MD,202107,1461.73,0.0146,0.0837,"Baltimore-Columbia-Towson, MD"
3236,Baltimore City,MD,202108,1475.97,0.0097,0.0974,"Baltimore-Columbia-Towson, MD"
3236,Baltimore City,MD,202109,1487.37,0.0077,0.109,"Baltimore-Columbia-Towson, MD"
3236,Baltimore City,MD,202110,1475.4,-0.0081,0.0998,"Baltimore-Columbia-Towson, MD"
3236,Baltimore City,MD,202111,1484.16,0.0059,0.103,"Baltimore-Columbia-Towson, MD"
3236,Baltimore City,MD,202112,1491.05,0.0046,0.1023,"Baltimore-Columbia-Towson, MD"
3236,Baltimore City,MD,202201,1516.16,0.0168,0.1179,"Baltimore-Columbia-Towson, MD"
3236,Baltimore City,MD,202202,1524.81,0.0057,0.1167,"Baltimore-Columbia-Towson, MD"
3236,Baltimore City,MD,202203,1529.03,0.0028,0.118,"Baltimore-Columbia-Towson, MD"
3236,Baltimore City,MD,202204,1542.3,0.0087,0.1121,"Baltimore-Columbia-Towson, MD"
3236,Baltimore City,MD,202205,1549.62,0.0047,0.0996,"Baltimore-Columbia-Towson, MD"
3236,Baltimore City,MD,202206,1567.02,0.0112,0.0877,"Baltimore-Columbia-Towson, MD"
3236,Baltimore City,MD,202207,1574.83,0.005,0.0774,"Baltimore-Columbia-Towson, MD"
3236,Baltimore City,MD,202208,1580.37,0.0035,0.0707,"Baltimore-Columbia-Towson, MD"
3236,Baltimore City,MD,202209,1577.25,-0.002,0.0604,"Baltimore-Columbia-Towson, MD"
3236,Baltimore City,MD,202210,1569.77,-0.0047,0.064,"Baltimore-Columbia-Towson, MD"
3236,Baltimore City,MD,202211,1569.64,-0.0001,0.0576,"Baltimore-Columbia-Towson, MD"
3236,Baltimore City,MD,202212,1570.89,0.0008,0.0535,"Baltimore-Columbia-Towson, MD"
3236,Baltimore City,MD,202301,1584.61,0.0087,0.0451,"Baltimore-Columbia-Towson, MD"
3236,Baltimore City,MD,202302,1593.36,0.0055,0.045,"Baltimore-Columbia-Towson, MD"
3236,Baltimore City,MD,202303,1599.32,0.0037,0.046,"Baltimore-Columbia-Towson, MD"
3236,Baltimore City,MD,202304,1598.93,-0.0002,0.0367,"Baltimore-Columbia-Towson, MD"
3236,Baltimore City,MD,202305,1606.25,0.0046,0.0365,"Baltimore-Columbia-Towson, MD"
3236,Baltimore City,MD,202306,1618.12,0.0074,0.0326,"Baltimore-Columbia-Towson, MD"
3236,Baltimore City,MD,202307,1627.38,0.0057,0.0334,"Baltimore-Columbia-Towson, MD"
3236,Baltimore City,MD,202308,1627.55,0.0001,0.0299,"Baltimore-Columbia-Towson, MD"
3236,Baltimore City,MD,202309,1626.49,-0.0007,0.0312,"Baltimore-Columbia-Towson, MD"
3236,Baltimore City,MD,202310,1617.42,-0.0056,0.0303,"Baltimore-Columbia-Towson, MD"
3236,Baltimore City,MD,202311,1617.08,-0.0002,0.0302,"Baltimore-Columbia-Towson, MD"
3236,Baltimore City,MD,202312,1616.7,-0.0002,0.0292,"Baltimore-Columbia-Towson, MD"
3236,Baltimore City,MD,202401,1624.86,0.005,0.0254,"Baltimore-Columbia-Towson, MD"
3236,Baltimore City,MD,202402,1632.06,0.0044,0.0243,"Baltimore-Columbia-Towson, MD"
3236,Baltimore City,MD,202403,1644.73,0.0078,0.0284,"Baltimore-Columbia-Towson, MD"
3236,Baltimore City,MD,202404,1658.11,0.0081,0.037,"Baltimore-Columbia-Towson, MD"
3236,Baltimore City,MD,202405,1669.58,0.0069,0.0394,"Baltimore-Columbia-Towson, MD"
3236,Baltimore City,MD,202406,1675.69,0.0037,0.0356,"Baltimore-Columbia-Towson, MD"
3236,Baltimore City,MD,202407,1673.52,-0.0013,0.0284,"Baltimore-Columbia-Towson, MD"
3236,Baltimore City,MD,202408,1679.28,0.0034,0.0318,"Baltimore-Columbia-Towson, MD"
3236,Baltimore City,MD,202409,1680.85,0.0009,0.0334,"Baltimore-Columbia-Towson, MD"
3236,Baltimore City,MD,202410,1692.3,0.0068,0.0463,"Baltimore-Columbia-Towson, MD"
3236,Baltimore City,MD,202411,1695.41,0.0018,0.0484,"Baltimore-Columbia-Towson, MD"
3236,Baltimore City,MD,202412,1702.69,0.0043,0.0532,"Baltimore-Columbia-Towson, MD"
3236,Baltimore City,MD,202501,1705.53,0.0017,0.0496,"Baltimore-Columbia-Towson, MD"
3236,Baltimore City,MD,202502,1707.64,0.0012,0.0463,"Baltimore-Columbia-Towson, MD"
3236,Baltimore City,MD,202503,1713.93,0.0037,0.0421,"Baltimore-Columbia-Towson, MD"
3236,Baltimore City,MD,202504,1721.15,0.0042,0.038,"Baltimore-Columbia-Towson, MD"
3236,Baltimore City,MD,202505,1728.53,0.0043,0.0353,"Baltimore-Columbia-Towson, MD"
3236,Baltimore City,MD,202506,1730.63,0.0012,0.0328,"Baltimore-Columbia-Towson, MD"
3236,Baltimore City,MD,202507,1734.39,0.0022,0.0364,"Baltimore-Columbia-Towson, MD"
3236,Baltimore City,MD,202508,1737.77,0.002,0.0348,"Baltimore-Columbia-Towson, MD"
3236,Baltimore City,MD,202509,1747.85,0.0058,0.0399,"Baltimore-Columbia-Towson, MD"
3236,Baltimore City,MD,202510,1748.95,0.0006,0.0335,"Baltimore-Columbia-Towson, MD"
3236,Baltimore City,MD,202511,1751.63,0.0015,0.0332,"Baltimore-Columbia-Towson, MD"
3236,Baltimore City,MD,202512,1746.81,-0.0028,0.0259,"Baltimore-Columbia-Towson, MD"
3236,Baltimore City,MD,202601,1751.8,0.0029,0.0271,"Baltimore-Columbia-Towson, MD"
3236,Baltimore City,MD,202602,1749.64,-0.0012,0.0246,"Baltimore-Columbia-Towson, MD"
3236,Baltimore City,MD,202603,1748.19,-0.0008,0.02,"Baltimore-Columbia-Towson, MD"
3236,Baltimore City,MD,202604,1748.4,0.0001,0.0158,"Baltimore-Columbia-Towson, MD"
3236,Baltimore City,MD,202605,1759.3,0.0062,0.0178,"Baltimore-Columbia-Towson, MD"
3236,Baltimore City,MD,202606,1771.82,0.0071,0.0238,"Baltimore-Columbia-Towson, MD"
3236,Baltimore City,MD,202607,1791.23,0.011,0.0328,"Baltimore-Columbia-Towson, MD"
3236,Baltimore City,MD,202608,1800.66,0.0053,0.0362,"Baltimore-Columbia-Towson, MD"
3246,Prince Georges County,MD,201501,1347.83,,,"Washington-Arlington-Alexandria, DC-VA-MD-WV"
3246,Prince Georges County,MD,201502,1352.19,0.0032,,"Washington-Arlington-Alexandria, DC-VA-MD-WV"
3246,Prince Georges County,MD,201503,1353.74,0.0011,,"Washington-Arlington-Alexandria, DC-VA-MD-WV"
3246,Prince Georges County,MD,201504,1356.81,0.0023,,"Washington-Arlington-Alexandria, DC-VA-MD-WV"
3246,Prince Georges County,MD,201505,1358.49,0.0012,,"Washington-Arlington-Alexandria, DC-VA-MD-WV"
3246,Prince Georges County,MD,201506,1362.87,0.0032,,"Washington-Arlington-Alexandria, DC-VA-MD-WV"
3246,Prince Georges County,MD,201507,1363.35,0.0004,,"Washington-Arlington-Alexandria, DC-VA-MD-WV"
3246,Prince Georges County,MD,201508,1362.81,-0.0004,,"Washington-Arlington-Alexandria, DC-VA-MD-WV"
3246,Prince Georges County,MD,201509,1368.02,0.0038,,"Washington-Arlington-Alexandria, DC-VA-MD-WV"
3246,Prince Georges County,MD,201510,1374.36,0.0046,,"Washington-Arlington-Alexandria, DC-VA-MD-WV"
3246,Prince Georges County,MD,201511,1380.9,0.0048,,"Washington-Arlington-Alexandria, DC-VA-MD-WV"
3246,Prince Georges County,MD,201512,1380.8,-0.0001,,"Washington-Arlington-Alexandria, DC-VA-MD-WV"
3246,Prince Georges County,MD,201601,1383.66,0.0021,0.0266,"Washington-Arlington-Alexandria, DC-VA-MD-WV"
3246,Prince Georges County,MD,201602,1379.0,-0.0034,0.0198,"Washington-Arlington-Alexandria, DC-VA-MD-WV"
3246,Prince Georges County,MD,201603,1382.29,0.0024,0.0211,"Washington-Arlington-Alexandria, DC-VA-MD-WV"
3246,Prince Georges County,MD,201604,1378.62,-0.0027,0.0161,"Washington-Arlington-Alexandria, DC-VA-MD-WV"
3246,Prince Georges County,MD,201605,1393.72,0.011,0.0259,"Washington-Arlington-Alexandria, DC-VA-MD-WV"
3246,Prince Georges County,MD,201606,1394.53,0.0006,0.0232,"Washington-Arlington-Alexandria, DC-VA-MD-WV"
3246,Prince Georges County,MD,201607,1402.79,0.0059,0.0289,"Washington-Arlington-Alexandria, DC-VA-MD-WV"
3246,Prince Georges County,MD,201608,1399.13,-0.0026,0.0266,"Washington-Arlington-Alexandria, DC-VA-MD-WV"
3246,Prince Georges County,MD,201609,1398.95,-0.0001,0.0226,"Washington-Arlington-Alexandria, DC-VA-MD-WV"
3246,Prince Georges County,MD,201610,1394.64,-0.0031,0.0148,"Washington-Arlington-Alexandria, DC-VA-MD-WV"
3246,Prince Georges County,MD,201611,1393.99,-0.0005,0.0095,"Washington-Arlington-Alexandria, DC-VA-MD-WV"
3246,Prince Georges County,MD,201612,1389.99,-0.0029,0.0067,"Washington-Arlington-Alexandria, DC-VA-MD-WV"
3246,Prince Georges County,MD,201701,1395.32,0.0038,0.0084,"Washington-Arlington-Alexandria, DC-VA-MD-WV"
3246,Prince Georges County,MD,201702,1403.82,0.0061,0.018,"Washington-Arlington-Alexandria, DC-VA-MD-WV"
3246,Prince Georges County,MD,201703,1417.32,0.0096,0.0253,"Washington-Arlington-Alexandria, DC-VA-MD-WV"
3246,Prince Georges County,MD,201704,1422.58,0.0037,0.0319,"Washington-Arlington-Alexandria, DC-VA-MD-WV"
3246,Prince Georges County,MD,201705,1425.74,0.0022,0.023,"Washington-Arlington-Alexandria, DC-VA-MD-WV"
3246,Prince Georges County,MD,201706,1431.95,0.0044,0.0268,"Washington-Arlington-Alexandria, DC-VA-MD-WV"
3246,Prince Georges County,MD,201707,1440.64,0.0061,0.027,"Washington-Arlington-Alexandria, DC-VA-MD-WV"
3246,Prince Georges County,MD,201708,1433.6,-0.0049,0.0246,"Washington-Arlington-Alexandria, DC-VA-MD-WV"
3246,Prince Georges County,MD,201709,1431.39,-0.0015,0.0232,"Washington-Arlington-Alexandria, DC-VA-MD-WV"
3246,Prince Georges County,MD,201710,1424.02,-0.0051,0.0211,"Washington-Arlington-Alexandria, DC-VA-MD-WV"
3246,Prince Georges County,MD,201711,1433.32,0.0065,0.0282,"Washington-Arlington-Alexandria, DC-VA-MD-WV"
3246,Prince Georges County,MD,201712,1430.85,-0.0017,0.0294,"Washington-Arlington-Alexandria, DC-VA-MD-WV"
3246,Prince Georges County,MD,201801,1436.06,0.0036,0.0292,"Washington-Arlington-Alexandria, DC-VA-MD-WV"
3246,Prince Georges County,MD,201802,1442.93,0.0048,0.0279,"Washington-Arlington-Alexandria, DC-VA-MD-WV"
3246,Prince Georges County,MD,201803,1461.29,0.0127,0.031,"Washington-Arlington-Alexandria, DC-VA-MD-WV"
3246,Prince Georges County,MD,201804,1473.58,0.0084,0.0358,"Washington-Arlington-Alexandria, DC-VA-MD-WV"
3246,Prince Georges County,MD,201805,1482.94,0.0064,0.0401,"Washington-Arlington-Alexandria, DC-VA-MD-WV"
3246,Prince Georges County,MD,201806,1489.14,0.0042,0.0399,"Washington-Arlington-Alexandria, DC-VA-MD-WV"
3246,Prince Georges County,MD,201807,1495.07,0.004,0.0378,"Washington-Arlington-Alexandria, DC-VA-MD-WV"
3246,Prince Georges County,MD,201808,1491.01,-0.0027,0.04,"Washington-Arlington-Alexandria, DC-VA-MD-WV"
3246,Prince Georges County,MD,201809,1484.99,-0.004,0.0374,"Washington-Arlington-Alexandria, DC-VA-MD-WV"
3246,Prince Georges County,MD,201810,1483.01,-0.0013,0.0414,"Washington-Arlington-Alexandria, DC-VA-MD-WV"
3246,Prince Georges County,MD,201811,1489.14,0.0041,0.0389,"Washington-Arlington-Alexandria, DC-VA-MD-WV"
3246,Prince Georges County,MD,201812,1494.07,0.0033,0.0442,"Washington-Arlington-Alexandria, DC-VA-MD-WV"
3246,Prince Georges County,MD,201901,1496.83,0.0018,0.0423,"Washington-Arlington-Alexandria, DC-VA-MD-WV"
3246,Prince Georges County,MD,201902,1503.17,0.0042,0.0417,"Washington-Arlington-Alexandria, DC-VA-MD-WV"
3246,Prince Georges County,MD,201903,1506.86,0.0025,0.0312,"Washington-Arlington-Alexandria, DC-VA-MD-WV"
3246,Prince Georges County,MD,201904,1517.92,0.0073,0.0301,"Washington-Arlington-Alexandria, DC-VA-MD-WV"
3246,Prince Georges County,MD,201905,1524.15,0.0041,0.0278,"Washington-Arlington-Alexandria, DC-VA-MD-WV"
3246,Prince Georges County,MD,201906,1537.0,0.0084,0.0321,"Washington-Arlington-Alexandria, DC-VA-MD-WV"
3246,Prince Georges County,MD,201907,1532.56,-0.0029,0.0251,"Washington-Arlington-Alexandria, DC-VA-MD-WV"
3246,Prince Georges County,MD,201908,1526.78,-0.0038,0.024,"Washington-Arlington-Alexandria, DC-VA-MD-WV"
3246,Prince Georges County,MD,201909,1528.76,0.0013,0.0295,"Washington-Arlington-Alexandria, DC-VA-MD-WV"
3246,Prince Georges County,MD,201910,1525.09,-0.0024,0.0284,"Washington-Arlington-Alexandria, DC-VA-MD-WV"
3246,Prince Georges County,MD,201911,1530.94,0.0038,0.0281,"Washington-Arlington-Alexandria, DC-VA-MD-WV"
3246,Prince Georges County,MD,201912,1528.69,-0.0015,0.0232,"Washington-Arlington-Alexandria, DC-VA-MD-WV"
3246,Prince Georges County,MD,202001,1544.21,0.0102,0.0317,"Washington-Arlington-Alexandria, DC-VA-MD-WV"
3246,Prince Georges County,MD,202002,1544.17,-0.0,0.0273,"Washington-Arlington-Alexandria, DC-VA-MD-WV"
3246,Prince Georges County,MD,202003,1559.87,0.0102,0.0352,"Washington-Arlington-Alexandria, DC-VA-MD-WV"
3246,Prince Georges County,MD,202004,1563.27,0.0022,0.0299,"Washington-Arlington-Alexandria, DC-VA-MD-WV"
3246,Prince Georges County,MD,202005,1577.47,0.0091,0.035,"Washington-Arlington-Alexandria, DC-VA-MD-WV"
3246,Prince Georges County,MD,202006,1575.79,-0.0011,0.0252,"Washington-Arlington-Alexandria, DC-VA-MD-WV"
3246,Prince Georges County,MD,202007,1584.27,0.0054,0.0337,"Washington-Arlington-Alexandria, DC-VA-MD-WV"
3246,Prince Georges County,MD,202008,1592.22,0.005,0.0429,"Washington-Arlington-Alexandria, DC-VA-MD-WV"
3246,Prince Georges County,MD,202009,1597.31,0.0032,0.0448,"Washington-Arlington-Alexandria, DC-VA-MD-WV"
3246,Prince Georges County,MD,202010,1601.61,0.0027,0.0502,"Washington-Arlington-Alexandria, DC-VA-MD-WV"
3246,Prince Georges County,MD,202011,1599.44,-0.0014,0.0447,"Washington-Arlington-Alexandria, DC-VA-MD-WV"
3246,Prince Georges County,MD,202012,1596.21,-0.002,0.0442,"Washington-Arlington-Alexandria, DC-VA-MD-WV"
3246,Prince Georges County,MD,202101,1598.65,0.0015,0.0353,"Washington-Arlington-Alexandria, DC-VA-MD-WV"
3246,Prince Georges County,MD,202102,1600.21,0.001,0.0363,"Washington-Arlington-Alexandria, DC-VA-MD-WV"
3246,Prince Georges County,MD,202103,1608.05,0.0049,0.0309,"Washington-Arlington-Alexandria, DC-VA-MD-WV"
3246,Prince Georges County,MD,202104,1618.57,0.0065,0.0354,"Washington-Arlington-Alexandria, DC-VA-MD-WV"
3246,Prince Georges County,MD,202105,1638.03,0.012,0.0384,"Washington-Arlington-Alexandria, DC-VA-MD-WV"
3246,Prince Georges County,MD,202106,1656.97,0.0116,0.0515,"Washington-Arlington-Alexandria, DC-VA-MD-WV"
3246,Prince Georges County,MD,202107,1677.93,0.0126,0.0591,"Washington-Arlington-Alexandria, DC-VA-MD-WV"
3246,Prince Georges County,MD,202108,1693.87,0.0095,0.0638,"Washington-Arlington-Alexandria, DC-VA-MD-WV"
3246,Prince Georges County,MD,202109,1712.49,0.011,0.0721,"Washington-Arlington-Alexandria, DC-VA-MD-WV"
3246,Prince Georges County,MD,202110,1718.54,0.0035,0.073,"Washington-Arlington-Alexandria, DC-VA-MD-WV"
3246,Prince Georges County,MD,202111,1717.25,-0.0007,0.0737,"Washington-Arlington-Alexandria, DC-VA-MD-WV"
3246,Prince Georges County,MD,202112,1705.81,-0.0067,0.0687,"Washington-Arlington-Alexandria, DC-VA-MD-WV"
3246,Prince Georges County,MD,202201,1707.06,0.0007,0.0678,"Washington-Arlington-Alexandria, DC-VA-MD-WV"
3246,Prince Georges County,MD,202202,1720.95,0.0081,0.0755,"Washington-Arlington-Alexandria, DC-VA-MD-WV"
3246,Prince Georges County,MD,202203,1740.82,0.0115,0.0826,"Washington-Arlington-Alexandria, DC-VA-MD-WV"
3246,Prince Georges County,MD,202204,1759.05,0.0105,0.0868,"Washington-Arlington-Alexandria, DC-VA-MD-WV"
3246,Prince Georges County,MD,202205,1775.32,0.0092,0.0838,"Washington-Arlington-Alexandria, DC-VA-MD-WV"
3246,Prince Georges County,MD,202206,1791.82,0.0093,0.0814,"Washington-Arlington-Alexandria, DC-VA-MD-WV"
3246,Prince Georges County,MD,202207,1804.21,0.0069,0.0753,"Washington-Arlington-Alexandria, DC-VA-MD-WV"
3246,Prince Georges County,MD,202208,1817.83,0.0076,0.0732,"Washington-Arlington-Alexandria, DC-VA-MD-WV"
3246,Prince Georges County,MD,202209,1823.1,0.0029,0.0646,"Washington-Arlington-Alexandria, DC-VA-MD-WV"
3246,Prince Georges County,MD,202210,1814.44,-0.0047,0.0558,"Washington-Arlington-Alexandria, DC-VA-MD-WV"
3246,Prince Georges County,MD,202211,1796.06,-0.0101,0.0459,"Washington-Arlington-Alexandria, DC-VA-MD-WV"
3246,Prince Georges County,MD,202212,1787.68,-0.0047,0.048,"Washington-Arlington-Alexandria, DC-VA-MD-WV"
3246,Prince Georges County,MD,202301,1786.21,-0.0008,0.0464,"Washington-Arlington-Alexandria, DC-VA-MD-WV"
3246,Prince Georges County,MD,202302,1794.55,0.0047,0.0428,"Washington-Arlington-Alexandria, DC-VA-MD-WV"
3246,Prince Georges County,MD,202303,1826.59,0.0179,0.0493,"Washington-Arlington-Alexandria, DC-VA-MD-WV"
3246,Prince Georges County,MD,202304,1838.23,0.0064,0.045,"Washington-Arlington-Alexandria, DC-VA-MD-WV"
3246,Prince Georges County,MD,202305,1845.94,0.0042,0.0398,"Washington-Arlington-Alexandria, DC-VA-MD-WV"
3246,Prince Georges County,MD,202306,1832.13,-0.0075,0.0225,"Washington-Arlington-Alexandria, DC-VA-MD-WV"
3246,Prince Georges County,MD,202307,1840.11,0.0044,0.0199,"Washington-Arlington-Alexandria, DC-VA-MD-WV"
3246,Prince Georges County,MD,202308,1849.86,0.0053,0.0176,"Washington-Arlington-Alexandria, DC-VA-MD-WV"
3246,Prince Georges County,MD,202309,1853.36,0.0019,0.0166,"Washington-Arlington-Alexandria, DC-VA-MD-WV"
3246,Prince Georges County,MD,202310,1850.71,-0.0014,0.02,"Washington-Arlington-Alexandria, DC-VA-MD-WV"
3246,Prince Georges County,MD,202311,1843.27,-0.004,0.0263,"Washington-Arlington-Alexandria, DC-VA-MD-WV"
3246,Prince Georges County,MD,202312,1835.41,-0.0043,0.0267,"Washington-Arlington-Alexandria, DC-VA-MD-WV"
3246,Prince Georges County,MD,202401,1841.59,0.0034,0.031,"Washington-Arlington-Alexandria, DC-VA-MD-WV"
3246,Prince Georges County,MD,202402,1852.94,0.0062,0.0325,"Washington-Arlington-Alexandria, DC-VA-MD-WV"
3246,Prince Georges County,MD,202403,1868.49,0.0084,0.0229,"Washington-Arlington-Alexandria, DC-VA-MD-WV"
3246,Prince Georges County,MD,202404,1871.63,0.0017,0.0182,"Washington-Arlington-Alexandria, DC-VA-MD-WV"
3246,Prince Georges County,MD,202405,1884.54,0.0069,0.0209,"Washington-Arlington-Alexandria, DC-VA-MD-WV"
3246,Prince Georges County,MD,202406,1894.83,0.0055,0.0342,"Washington-Arlington-Alexandria, DC-VA-MD-WV"
3246,Prince Georges County,MD,202407,1908.95,0.0075,0.0374,"Washington-Arlington-Alexandria, DC-VA-MD-WV"
3246,Prince Georges County,MD,202408,1910.91,0.001,0.033,"Washington-Arlington-Alexandria, DC-VA-MD-WV"
3246,Prince Georges County,MD,202409,1907.75,-0.0017,0.0293,"Washington-Arlington-Alexandria, DC-VA-MD-WV"
3246,Prince Georges County,MD,202410,1904.12,-0.0019,0.0289,"Washington-Arlington-Alexandria, DC-VA-MD-WV"
3246,Prince Georges County,MD,202411,1900.54,-0.0019,0.0311,"Washington-Arlington-Alexandria, DC-VA-MD-WV"
3246,Prince Georges County,MD,202412,1894.46,-0.0032,0.0322,"Washington-Arlington-Alexandria, DC-VA-MD-WV"
3246,Prince Georges County,MD,202501,1893.5,-0.0005,0.0282,"Washington-Arlington-Alexandria, DC-VA-MD-WV"
3246,Prince Georges County,MD,202502,1896.46,0.0016,0.0235,"Washington-Arlington-Alexandria, DC-VA-MD-WV"
3246,Prince Georges County,MD,202503,1906.46,0.0053,0.0203,"Washington-Arlington-Alexandria, DC-VA-MD-WV"
3246,Prince Georges County,MD,202504,1907.61,0.0006,0.0192,"Washington-Arlington-Alexandria, DC-VA-MD-WV"
3246,Prince Georges County,MD,202505,1904.86,-0.0014,0.0108,"Washington-Arlington-Alexandria, DC-VA-MD-WV"
3246,Prince Georges County,MD,202506,1906.62,0.0009,0.0062,"Washington-Arlington-Alexandria, DC-VA-MD-WV"
3246,Prince Georges County,MD,202507,1912.87,0.0033,0.0021,"Washington-Arlington-Alexandria, DC-VA-MD-WV"
3246,Prince Georges County,MD,202508,1917.14,0.0022,0.0033,"Washington-Arlington-Alexandria, DC-VA-MD-WV"
3246,Prince Georges County,MD,202509,1914.55,-0.0014,0.0036,"Washington-Arlington-Alexandria, DC-VA-MD-WV"
3246,Prince Georges County,MD,202510,1918.71,0.0022,0.0077,"Washington-Arlington-Alexandria, DC-VA-MD-WV"
3246,Prince Georges County,MD,202511,1916.31,-0.0013,0.0083,"Washington-Arlington-Alexandria, DC-VA-MD-WV"
3246,Prince Georges County,MD,202512,1917.22,0.0005,0.012,"Washington-Arlington-Alexandria, DC-VA-MD-WV"
3246,Prince Georges County,MD,202601,1913.26,-0.0021,0.0104,"Washington-Arlington-Alexandria, DC-VA-MD-WV"
3246,Prince Georges County,MD,202602,1926.02,0.0067,0.0156,"Washington-Arlington-Alexandria, DC-VA-MD-WV"
3246,Prince Georges County,MD,202603,1937.34,0.0059,0.0162,"Washington-Arlington-Alexandria, DC-VA-MD-WV"
3246,Prince Georges County,MD,202604,1949.42,0.0062,0.0219,"Washington-Arlington-Alexandria, DC-VA-MD-WV"
3246,Prince Georges County,MD,202605,1946.89,-0.0013,0.0221,"Washington-Arlington-Alexandria, DC-VA-MD-WV"
3246,Prince Georges County,MD,202606,1938.8,-0.0042,0.0169,"Washington-Arlington-Alexandria, DC-VA-MD-WV"
3246,Prince Georges County,MD,202607,1933.52,-0.0027,0.0108,"Washington-Arlington-Alexandria, DC-VA-MD-WV"
3246,Prince Georges County,MD,202608,1939.18,0.0029,0.0115,"Washington-Arlington-Alexandria, DC-VA-MD-WV"
