RegionID,RegionName,State,month_date_yyyymm,zori,zori_mm,zori_yy,Metro
504,Essex County,NJ,201501,1256.71,,,"New York-Newark-Jersey City, NY-NJ-PA"
504,Essex County,NJ,201502,1266.32,0.0077,,"New York-Newark-Jersey City, NY-NJ-PA"
504,Essex County,NJ,201503,1279.12,0.0101,,"New York-Newark-Jersey City, NY-NJ-PA"
504,Essex County,NJ,201504,1274.16,-0.0039,,"New York-Newark-Jersey City, NY-NJ-PA"
504,Essex County,NJ,201505,1271.88,-0.0018,,"New York-Newark-Jersey City, NY-NJ-PA"
504,Essex County,NJ,201506,1274.05,0.0017,,"New York-Newark-Jersey City, NY-NJ-PA"
504,Essex County,NJ,201507,1282.8,0.0069,,"New York-Newark-Jersey City, NY-NJ-PA"
504,Essex County,NJ,201508,1291.19,0.0065,,"New York-Newark-Jersey City, NY-NJ-PA"
504,Essex County,NJ,201509,1300.41,0.0071,,"New York-Newark-Jersey City, NY-NJ-PA"
504,Essex County,NJ,201510,1306.45,0.0046,,"New York-Newark-Jersey City, NY-NJ-PA"
504,Essex County,NJ,201511,1308.05,0.0012,,"New York-Newark-Jersey City, NY-NJ-PA"
504,Essex County,NJ,201512,1302.48,-0.0043,,"New York-Newark-Jersey City, NY-NJ-PA"
504,Essex County,NJ,201601,1308.56,0.0047,0.0413,"New York-Newark-Jersey City, NY-NJ-PA"
504,Essex County,NJ,201602,1313.6,0.0039,0.0373,"New York-Newark-Jersey City, NY-NJ-PA"
504,Essex County,NJ,201603,1325.07,0.0087,0.0359,"New York-Newark-Jersey City, NY-NJ-PA"
504,Essex County,NJ,201604,1333.17,0.0061,0.0463,"New York-Newark-Jersey City, NY-NJ-PA"
504,Essex County,NJ,201605,1336.66,0.0026,0.0509,"New York-Newark-Jersey City, NY-NJ-PA"
504,Essex County,NJ,201606,1340.34,0.0028,0.052,"New York-Newark-Jersey City, NY-NJ-PA"
504,Essex County,NJ,201607,1354.25,0.0104,0.0557,"New York-Newark-Jersey City, NY-NJ-PA"
504,Essex County,NJ,201608,1352.05,-0.0016,0.0471,"New York-Newark-Jersey City, NY-NJ-PA"
504,Essex County,NJ,201609,1355.99,0.0029,0.0427,"New York-Newark-Jersey City, NY-NJ-PA"
504,Essex County,NJ,201610,1348.42,-0.0056,0.0321,"New York-Newark-Jersey City, NY-NJ-PA"
504,Essex County,NJ,201611,1364.08,0.0116,0.0428,"New York-Newark-Jersey City, NY-NJ-PA"
504,Essex County,NJ,201612,1372.96,0.0065,0.0541,"New York-Newark-Jersey City, NY-NJ-PA"
504,Essex County,NJ,201701,1381.2,0.006,0.0555,"New York-Newark-Jersey City, NY-NJ-PA"
504,Essex County,NJ,201702,1387.94,0.0049,0.0566,"New York-Newark-Jersey City, NY-NJ-PA"
504,Essex County,NJ,201703,1400.38,0.009,0.0568,"New York-Newark-Jersey City, NY-NJ-PA"
504,Essex County,NJ,201704,1407.73,0.0052,0.0559,"New York-Newark-Jersey City, NY-NJ-PA"
504,Essex County,NJ,201705,1419.64,0.0085,0.0621,"New York-Newark-Jersey City, NY-NJ-PA"
504,Essex County,NJ,201706,1421.26,0.0011,0.0604,"New York-Newark-Jersey City, NY-NJ-PA"
504,Essex County,NJ,201707,1427.78,0.0046,0.0543,"New York-Newark-Jersey City, NY-NJ-PA"
504,Essex County,NJ,201708,1432.88,0.0036,0.0598,"New York-Newark-Jersey City, NY-NJ-PA"
504,Essex County,NJ,201709,1433.31,0.0003,0.057,"New York-Newark-Jersey City, NY-NJ-PA"
504,Essex County,NJ,201710,1431.98,-0.0009,0.062,"New York-Newark-Jersey City, NY-NJ-PA"
504,Essex County,NJ,201711,1436.55,0.0032,0.0531,"New York-Newark-Jersey City, NY-NJ-PA"
504,Essex County,NJ,201712,1441.52,0.0035,0.0499,"New York-Newark-Jersey City, NY-NJ-PA"
504,Essex County,NJ,201801,1446.55,0.0035,0.0473,"New York-Newark-Jersey City, NY-NJ-PA"
504,Essex County,NJ,201802,1453.08,0.0045,0.0469,"New York-Newark-Jersey City, NY-NJ-PA"
504,Essex County,NJ,201803,1470.8,0.0122,0.0503,"New York-Newark-Jersey City, NY-NJ-PA"
504,Essex County,NJ,201804,1483.04,0.0083,0.0535,"New York-Newark-Jersey City, NY-NJ-PA"
504,Essex County,NJ,201805,1487.28,0.0029,0.0476,"New York-Newark-Jersey City, NY-NJ-PA"
504,Essex County,NJ,201806,1482.58,-0.0032,0.0431,"New York-Newark-Jersey City, NY-NJ-PA"
504,Essex County,NJ,201807,1493.2,0.0072,0.0458,"New York-Newark-Jersey City, NY-NJ-PA"
504,Essex County,NJ,201808,1500.42,0.0048,0.0471,"New York-Newark-Jersey City, NY-NJ-PA"
504,Essex County,NJ,201809,1514.29,0.0092,0.0565,"New York-Newark-Jersey City, NY-NJ-PA"
504,Essex County,NJ,201810,1515.45,0.0008,0.0583,"New York-Newark-Jersey City, NY-NJ-PA"
504,Essex County,NJ,201811,1517.86,0.0016,0.0566,"New York-Newark-Jersey City, NY-NJ-PA"
504,Essex County,NJ,201812,1519.38,0.001,0.054,"New York-Newark-Jersey City, NY-NJ-PA"
504,Essex County,NJ,201901,1522.79,0.0022,0.0527,"New York-Newark-Jersey City, NY-NJ-PA"
504,Essex County,NJ,201902,1534.66,0.0078,0.0561,"New York-Newark-Jersey City, NY-NJ-PA"
504,Essex County,NJ,201903,1540.13,0.0036,0.0471,"New York-Newark-Jersey City, NY-NJ-PA"
504,Essex County,NJ,201904,1549.36,0.006,0.0447,"New York-Newark-Jersey City, NY-NJ-PA"
504,Essex County,NJ,201905,1555.9,0.0042,0.0461,"New York-Newark-Jersey City, NY-NJ-PA"
504,Essex County,NJ,201906,1574.02,0.0116,0.0617,"New York-Newark-Jersey City, NY-NJ-PA"
504,Essex County,NJ,201907,1578.87,0.0031,0.0574,"New York-Newark-Jersey City, NY-NJ-PA"
504,Essex County,NJ,201908,1589.46,0.0067,0.0593,"New York-Newark-Jersey City, NY-NJ-PA"
504,Essex County,NJ,201909,1582.61,-0.0043,0.0451,"New York-Newark-Jersey City, NY-NJ-PA"
504,Essex County,NJ,201910,1592.29,0.0061,0.0507,"New York-Newark-Jersey City, NY-NJ-PA"
504,Essex County,NJ,201911,1589.66,-0.0016,0.0473,"New York-Newark-Jersey City, NY-NJ-PA"
504,Essex County,NJ,201912,1589.08,-0.0004,0.0459,"New York-Newark-Jersey City, NY-NJ-PA"
504,Essex County,NJ,202001,1596.24,0.0045,0.0482,"New York-Newark-Jersey City, NY-NJ-PA"
504,Essex County,NJ,202002,1600.08,0.0024,0.0426,"New York-Newark-Jersey City, NY-NJ-PA"
504,Essex County,NJ,202003,1612.17,0.0076,0.0468,"New York-Newark-Jersey City, NY-NJ-PA"
504,Essex County,NJ,202004,1612.14,-0.0,0.0405,"New York-Newark-Jersey City, NY-NJ-PA"
504,Essex County,NJ,202005,1623.67,0.0072,0.0436,"New York-Newark-Jersey City, NY-NJ-PA"
504,Essex County,NJ,202006,1626.63,0.0018,0.0334,"New York-Newark-Jersey City, NY-NJ-PA"
504,Essex County,NJ,202007,1641.49,0.0091,0.0397,"New York-Newark-Jersey City, NY-NJ-PA"
504,Essex County,NJ,202008,1643.4,0.0012,0.0339,"New York-Newark-Jersey City, NY-NJ-PA"
504,Essex County,NJ,202009,1655.96,0.0076,0.0463,"New York-Newark-Jersey City, NY-NJ-PA"
504,Essex County,NJ,202010,1656.14,0.0001,0.0401,"New York-Newark-Jersey City, NY-NJ-PA"
504,Essex County,NJ,202011,1657.44,0.0008,0.0426,"New York-Newark-Jersey City, NY-NJ-PA"
504,Essex County,NJ,202012,1659.01,0.0009,0.044,"New York-Newark-Jersey City, NY-NJ-PA"
504,Essex County,NJ,202101,1666.57,0.0046,0.0441,"New York-Newark-Jersey City, NY-NJ-PA"
504,Essex County,NJ,202102,1680.97,0.0086,0.0505,"New York-Newark-Jersey City, NY-NJ-PA"
504,Essex County,NJ,202103,1693.15,0.0072,0.0502,"New York-Newark-Jersey City, NY-NJ-PA"
504,Essex County,NJ,202104,1703.45,0.0061,0.0566,"New York-Newark-Jersey City, NY-NJ-PA"
504,Essex County,NJ,202105,1712.62,0.0054,0.0548,"New York-Newark-Jersey City, NY-NJ-PA"
504,Essex County,NJ,202106,1723.91,0.0066,0.0598,"New York-Newark-Jersey City, NY-NJ-PA"
504,Essex County,NJ,202107,1738.01,0.0082,0.0588,"New York-Newark-Jersey City, NY-NJ-PA"
504,Essex County,NJ,202108,1752.72,0.0085,0.0665,"New York-Newark-Jersey City, NY-NJ-PA"
504,Essex County,NJ,202109,1768.72,0.0091,0.0681,"New York-Newark-Jersey City, NY-NJ-PA"
504,Essex County,NJ,202110,1790.1,0.0121,0.0809,"New York-Newark-Jersey City, NY-NJ-PA"
504,Essex County,NJ,202111,1796.53,0.0036,0.0839,"New York-Newark-Jersey City, NY-NJ-PA"
504,Essex County,NJ,202112,1808.41,0.0066,0.0901,"New York-Newark-Jersey City, NY-NJ-PA"
504,Essex County,NJ,202201,1814.05,0.0031,0.0885,"New York-Newark-Jersey City, NY-NJ-PA"
504,Essex County,NJ,202202,1823.33,0.0051,0.0847,"New York-Newark-Jersey City, NY-NJ-PA"
504,Essex County,NJ,202203,1845.4,0.0121,0.0899,"New York-Newark-Jersey City, NY-NJ-PA"
504,Essex County,NJ,202204,1864.41,0.0103,0.0945,"New York-Newark-Jersey City, NY-NJ-PA"
504,Essex County,NJ,202205,1898.35,0.0182,0.1084,"New York-Newark-Jersey City, NY-NJ-PA"
504,Essex County,NJ,202206,1926.53,0.0148,0.1175,"New York-Newark-Jersey City, NY-NJ-PA"
504,Essex County,NJ,202207,1955.25,0.0149,0.125,"New York-Newark-Jersey City, NY-NJ-PA"
504,Essex County,NJ,202208,1970.48,0.0078,0.1242,"New York-Newark-Jersey City, NY-NJ-PA"
504,Essex County,NJ,202209,1978.05,0.0038,0.1184,"New York-Newark-Jersey City, NY-NJ-PA"
504,Essex County,NJ,202210,1978.43,0.0002,0.1052,"New York-Newark-Jersey City, NY-NJ-PA"
504,Essex County,NJ,202211,1981.51,0.0016,0.103,"New York-Newark-Jersey City, NY-NJ-PA"
504,Essex County,NJ,202212,1988.13,0.0033,0.0994,"New York-Newark-Jersey City, NY-NJ-PA"
504,Essex County,NJ,202301,1993.7,0.0028,0.099,"New York-Newark-Jersey City, NY-NJ-PA"
504,Essex County,NJ,202302,1998.24,0.0023,0.0959,"New York-Newark-Jersey City, NY-NJ-PA"
504,Essex County,NJ,202303,2002.46,0.0021,0.0851,"New York-Newark-Jersey City, NY-NJ-PA"
504,Essex County,NJ,202304,2011.83,0.0047,0.0791,"New York-Newark-Jersey City, NY-NJ-PA"
504,Essex County,NJ,202305,2032.79,0.0104,0.0708,"New York-Newark-Jersey City, NY-NJ-PA"
504,Essex County,NJ,202306,2040.59,0.0038,0.0592,"New York-Newark-Jersey City, NY-NJ-PA"
504,Essex County,NJ,202307,2056.12,0.0076,0.0516,"New York-Newark-Jersey City, NY-NJ-PA"
504,Essex County,NJ,202308,2070.49,0.007,0.0508,"New York-Newark-Jersey City, NY-NJ-PA"
504,Essex County,NJ,202309,2083.04,0.0061,0.0531,"New York-Newark-Jersey City, NY-NJ-PA"
504,Essex County,NJ,202310,2097.52,0.007,0.0602,"New York-Newark-Jersey City, NY-NJ-PA"
504,Essex County,NJ,202311,2107.48,0.0047,0.0636,"New York-Newark-Jersey City, NY-NJ-PA"
504,Essex County,NJ,202312,2121.26,0.0065,0.067,"New York-Newark-Jersey City, NY-NJ-PA"
504,Essex County,NJ,202401,2123.03,0.0008,0.0649,"New York-Newark-Jersey City, NY-NJ-PA"
504,Essex County,NJ,202402,2122.75,-0.0001,0.0623,"New York-Newark-Jersey City, NY-NJ-PA"
504,Essex County,NJ,202403,2138.16,0.0073,0.0678,"New York-Newark-Jersey City, NY-NJ-PA"
504,Essex County,NJ,202404,2146.68,0.004,0.067,"New York-Newark-Jersey City, NY-NJ-PA"
504,Essex County,NJ,202405,2158.45,0.0055,0.0618,"New York-Newark-Jersey City, NY-NJ-PA"
504,Essex County,NJ,202406,2165.09,0.0031,0.061,"New York-Newark-Jersey City, NY-NJ-PA"
504,Essex County,NJ,202407,2176.7,0.0054,0.0586,"New York-Newark-Jersey City, NY-NJ-PA"
504,Essex County,NJ,202408,2185.44,0.004,0.0555,"New York-Newark-Jersey City, NY-NJ-PA"
504,Essex County,NJ,202409,2188.99,0.0016,0.0509,"New York-Newark-Jersey City, NY-NJ-PA"
504,Essex County,NJ,202410,2184.78,-0.0019,0.0416,"New York-Newark-Jersey City, NY-NJ-PA"
504,Essex County,NJ,202411,2197.03,0.0056,0.0425,"New York-Newark-Jersey City, NY-NJ-PA"
504,Essex County,NJ,202412,2203.78,0.0031,0.0389,"New York-Newark-Jersey City, NY-NJ-PA"
504,Essex County,NJ,202501,2223.88,0.0091,0.0475,"New York-Newark-Jersey City, NY-NJ-PA"
504,Essex County,NJ,202502,2221.48,-0.0011,0.0465,"New York-Newark-Jersey City, NY-NJ-PA"
504,Essex County,NJ,202503,2238.13,0.0075,0.0468,"New York-Newark-Jersey City, NY-NJ-PA"
504,Essex County,NJ,202504,2248.85,0.0048,0.0476,"New York-Newark-Jersey City, NY-NJ-PA"
504,Essex County,NJ,202505,2264.01,0.0067,0.0489,"New York-Newark-Jersey City, NY-NJ-PA"
504,Essex County,NJ,202506,2258.93,-0.0022,0.0433,"New York-Newark-Jersey City, NY-NJ-PA"
504,Essex County,NJ,202507,2262.56,0.0016,0.0394,"New York-Newark-Jersey City, NY-NJ-PA"
504,Essex County,NJ,202508,2269.22,0.0029,0.0383,"New York-Newark-Jersey City, NY-NJ-PA"
504,Essex County,NJ,202509,2280.83,0.0051,0.042,"New York-Newark-Jersey City, NY-NJ-PA"
504,Essex County,NJ,202510,2287.59,0.003,0.0471,"New York-Newark-Jersey City, NY-NJ-PA"
504,Essex County,NJ,202511,2282.01,-0.0024,0.0387,"New York-Newark-Jersey City, NY-NJ-PA"
504,Essex County,NJ,202512,2277.2,-0.0021,0.0333,"New York-Newark-Jersey City, NY-NJ-PA"
504,Essex County,NJ,202601,2265.15,-0.0053,0.0186,"New York-Newark-Jersey City, NY-NJ-PA"
504,Essex County,NJ,202602,2273.63,0.0037,0.0235,"New York-Newark-Jersey City, NY-NJ-PA"
504,Essex County,NJ,202603,2279.65,0.0026,0.0186,"New York-Newark-Jersey City, NY-NJ-PA"
504,Essex County,NJ,202604,2292.84,0.0058,0.0196,"New York-Newark-Jersey City, NY-NJ-PA"
504,Essex County,NJ,202605,2291.19,-0.0007,0.012,"New York-Newark-Jersey City, NY-NJ-PA"
504,Essex County,NJ,202606,2289.88,-0.0006,0.0137,"New York-Newark-Jersey City, NY-NJ-PA"
504,Essex County,NJ,202607,2285.44,-0.0019,0.0101,"New York-Newark-Jersey City, NY-NJ-PA"
504,Essex County,NJ,202608,2285.84,0.0002,0.0073,"New York-Newark-Jersey City, NY-NJ-PA"
659,Ocean County,NJ,201501,1342.33,,,"New York-Newark-Jersey City, NY-NJ-PA"
659,Ocean County,NJ,201502,1348.64,0.0047,,"New York-Newark-Jersey City, NY-NJ-PA"
659,Ocean County,NJ,201503,1369.99,0.0158,,"New York-Newark-Jersey City, NY-NJ-PA"
659,Ocean County,NJ,201504,1376.66,0.0049,,"New York-Newark-Jersey City, NY-NJ-PA"
659,Ocean County,NJ,201505,1392.62,0.0116,,"New York-Newark-Jersey City, NY-NJ-PA"
659,Ocean County,NJ,201506,1393.73,0.0008,,"New York-Newark-Jersey City, NY-NJ-PA"
659,Ocean County,NJ,201507,1394.86,0.0008,,"New York-Newark-Jersey City, NY-NJ-PA"
659,Ocean County,NJ,201508,1382.9,-0.0086,,"New York-Newark-Jersey City, NY-NJ-PA"
659,Ocean County,NJ,201509,1385.04,0.0015,,"New York-Newark-Jersey City, NY-NJ-PA"
659,Ocean County,NJ,201510,1386.11,0.0008,,"New York-Newark-Jersey City, NY-NJ-PA"
659,Ocean County,NJ,201511,1384.77,-0.001,,"New York-Newark-Jersey City, NY-NJ-PA"
659,Ocean County,NJ,201512,1387.4,0.0019,,"New York-Newark-Jersey City, NY-NJ-PA"
659,Ocean County,NJ,201601,1388.8,0.001,0.0346,"New York-Newark-Jersey City, NY-NJ-PA"
659,Ocean County,NJ,201602,1397.99,0.0066,0.0366,"New York-Newark-Jersey City, NY-NJ-PA"
659,Ocean County,NJ,201603,1409.57,0.0083,0.0289,"New York-Newark-Jersey City, NY-NJ-PA"
659,Ocean County,NJ,201604,1417.63,0.0057,0.0298,"New York-Newark-Jersey City, NY-NJ-PA"
659,Ocean County,NJ,201605,1423.66,0.0043,0.0223,"New York-Newark-Jersey City, NY-NJ-PA"
659,Ocean County,NJ,201606,1429.97,0.0044,0.026,"New York-Newark-Jersey City, NY-NJ-PA"
659,Ocean County,NJ,201607,1452.43,0.0157,0.0413,"New York-Newark-Jersey City, NY-NJ-PA"
659,Ocean County,NJ,201608,1447.34,-0.0035,0.0466,"New York-Newark-Jersey City, NY-NJ-PA"
659,Ocean County,NJ,201609,1428.07,-0.0133,0.0311,"New York-Newark-Jersey City, NY-NJ-PA"
659,Ocean County,NJ,201610,1414.33,-0.0096,0.0204,"New York-Newark-Jersey City, NY-NJ-PA"
659,Ocean County,NJ,201611,1419.54,0.0037,0.0251,"New York-Newark-Jersey City, NY-NJ-PA"
659,Ocean County,NJ,201612,1423.13,0.0025,0.0258,"New York-Newark-Jersey City, NY-NJ-PA"
659,Ocean County,NJ,201701,1428.0,0.0034,0.0282,"New York-Newark-Jersey City, NY-NJ-PA"
659,Ocean County,NJ,201702,1445.14,0.012,0.0337,"New York-Newark-Jersey City, NY-NJ-PA"
659,Ocean County,NJ,201703,1473.42,0.0196,0.0453,"New York-Newark-Jersey City, NY-NJ-PA"
659,Ocean County,NJ,201704,1480.12,0.0045,0.0441,"New York-Newark-Jersey City, NY-NJ-PA"
659,Ocean County,NJ,201705,1480.29,0.0001,0.0398,"New York-Newark-Jersey City, NY-NJ-PA"
659,Ocean County,NJ,201706,1481.0,0.0005,0.0357,"New York-Newark-Jersey City, NY-NJ-PA"
659,Ocean County,NJ,201707,1489.69,0.0059,0.0257,"New York-Newark-Jersey City, NY-NJ-PA"
659,Ocean County,NJ,201708,1505.57,0.0107,0.0402,"New York-Newark-Jersey City, NY-NJ-PA"
659,Ocean County,NJ,201709,1489.72,-0.0105,0.0432,"New York-Newark-Jersey City, NY-NJ-PA"
659,Ocean County,NJ,201710,1481.55,-0.0055,0.0475,"New York-Newark-Jersey City, NY-NJ-PA"
659,Ocean County,NJ,201711,1479.08,-0.0017,0.0419,"New York-Newark-Jersey City, NY-NJ-PA"
659,Ocean County,NJ,201712,1485.13,0.0041,0.0436,"New York-Newark-Jersey City, NY-NJ-PA"
659,Ocean County,NJ,201801,1500.16,0.0101,0.0505,"New York-Newark-Jersey City, NY-NJ-PA"
659,Ocean County,NJ,201802,1505.93,0.0038,0.0421,"New York-Newark-Jersey City, NY-NJ-PA"
659,Ocean County,NJ,201803,1524.93,0.0126,0.035,"New York-Newark-Jersey City, NY-NJ-PA"
659,Ocean County,NJ,201804,1524.03,-0.0006,0.0297,"New York-Newark-Jersey City, NY-NJ-PA"
659,Ocean County,NJ,201805,1535.43,0.0075,0.0373,"New York-Newark-Jersey City, NY-NJ-PA"
659,Ocean County,NJ,201806,1550.47,0.0098,0.0469,"New York-Newark-Jersey City, NY-NJ-PA"
659,Ocean County,NJ,201807,1555.85,0.0035,0.0444,"New York-Newark-Jersey City, NY-NJ-PA"
659,Ocean County,NJ,201808,1546.57,-0.006,0.0272,"New York-Newark-Jersey City, NY-NJ-PA"
659,Ocean County,NJ,201809,1519.6,-0.0174,0.0201,"New York-Newark-Jersey City, NY-NJ-PA"
659,Ocean County,NJ,201810,1514.21,-0.0035,0.022,"New York-Newark-Jersey City, NY-NJ-PA"
659,Ocean County,NJ,201811,1517.83,0.0024,0.0262,"New York-Newark-Jersey City, NY-NJ-PA"
659,Ocean County,NJ,201812,1528.77,0.0072,0.0294,"New York-Newark-Jersey City, NY-NJ-PA"
659,Ocean County,NJ,201901,1537.94,0.006,0.0252,"New York-Newark-Jersey City, NY-NJ-PA"
659,Ocean County,NJ,201902,1549.52,0.0075,0.0289,"New York-Newark-Jersey City, NY-NJ-PA"
659,Ocean County,NJ,201903,1577.22,0.0179,0.0343,"New York-Newark-Jersey City, NY-NJ-PA"
659,Ocean County,NJ,201904,1603.3,0.0165,0.052,"New York-Newark-Jersey City, NY-NJ-PA"
659,Ocean County,NJ,201905,1615.52,0.0076,0.0522,"New York-Newark-Jersey City, NY-NJ-PA"
659,Ocean County,NJ,201906,1616.25,0.0005,0.0424,"New York-Newark-Jersey City, NY-NJ-PA"
659,Ocean County,NJ,201907,1607.84,-0.0052,0.0334,"New York-Newark-Jersey City, NY-NJ-PA"
659,Ocean County,NJ,201908,1593.54,-0.0089,0.0304,"New York-Newark-Jersey City, NY-NJ-PA"
659,Ocean County,NJ,201909,1586.21,-0.0046,0.0438,"New York-Newark-Jersey City, NY-NJ-PA"
659,Ocean County,NJ,201910,1586.85,0.0004,0.048,"New York-Newark-Jersey City, NY-NJ-PA"
659,Ocean County,NJ,201911,1597.19,0.0065,0.0523,"New York-Newark-Jersey City, NY-NJ-PA"
659,Ocean County,NJ,201912,1603.31,0.0038,0.0488,"New York-Newark-Jersey City, NY-NJ-PA"
659,Ocean County,NJ,202001,1615.0,0.0073,0.0501,"New York-Newark-Jersey City, NY-NJ-PA"
659,Ocean County,NJ,202002,1624.49,0.0059,0.0484,"New York-Newark-Jersey City, NY-NJ-PA"
659,Ocean County,NJ,202003,1646.42,0.0135,0.0439,"New York-Newark-Jersey City, NY-NJ-PA"
659,Ocean County,NJ,202004,1653.02,0.004,0.031,"New York-Newark-Jersey City, NY-NJ-PA"
659,Ocean County,NJ,202005,1673.8,0.0126,0.0361,"New York-Newark-Jersey City, NY-NJ-PA"
659,Ocean County,NJ,202006,1688.91,0.009,0.045,"New York-Newark-Jersey City, NY-NJ-PA"
659,Ocean County,NJ,202007,1690.21,0.0008,0.0512,"New York-Newark-Jersey City, NY-NJ-PA"
659,Ocean County,NJ,202008,1690.92,0.0004,0.0611,"New York-Newark-Jersey City, NY-NJ-PA"
659,Ocean County,NJ,202009,1692.2,0.0008,0.0668,"New York-Newark-Jersey City, NY-NJ-PA"
659,Ocean County,NJ,202010,1713.73,0.0127,0.08,"New York-Newark-Jersey City, NY-NJ-PA"
659,Ocean County,NJ,202011,1732.02,0.0107,0.0844,"New York-Newark-Jersey City, NY-NJ-PA"
659,Ocean County,NJ,202012,1727.99,-0.0023,0.0778,"New York-Newark-Jersey City, NY-NJ-PA"
659,Ocean County,NJ,202101,1745.75,0.0103,0.081,"New York-Newark-Jersey City, NY-NJ-PA"
659,Ocean County,NJ,202102,1785.35,0.0227,0.099,"New York-Newark-Jersey City, NY-NJ-PA"
659,Ocean County,NJ,202103,1852.1,0.0374,0.1249,"New York-Newark-Jersey City, NY-NJ-PA"
659,Ocean County,NJ,202104,1888.45,0.0196,0.1424,"New York-Newark-Jersey City, NY-NJ-PA"
659,Ocean County,NJ,202105,1913.48,0.0133,0.1432,"New York-Newark-Jersey City, NY-NJ-PA"
659,Ocean County,NJ,202106,1913.55,0.0,0.133,"New York-Newark-Jersey City, NY-NJ-PA"
659,Ocean County,NJ,202107,1943.79,0.0158,0.15,"New York-Newark-Jersey City, NY-NJ-PA"
659,Ocean County,NJ,202108,1938.07,-0.0029,0.1462,"New York-Newark-Jersey City, NY-NJ-PA"
659,Ocean County,NJ,202109,1964.92,0.0139,0.1612,"New York-Newark-Jersey City, NY-NJ-PA"
659,Ocean County,NJ,202110,1945.73,-0.0098,0.1354,"New York-Newark-Jersey City, NY-NJ-PA"
659,Ocean County,NJ,202111,1957.93,0.0063,0.1304,"New York-Newark-Jersey City, NY-NJ-PA"
659,Ocean County,NJ,202112,1980.9,0.0117,0.1464,"New York-Newark-Jersey City, NY-NJ-PA"
659,Ocean County,NJ,202201,2056.79,0.0383,0.1782,"New York-Newark-Jersey City, NY-NJ-PA"
659,Ocean County,NJ,202202,2105.65,0.0238,0.1794,"New York-Newark-Jersey City, NY-NJ-PA"
659,Ocean County,NJ,202203,2137.06,0.0149,0.1539,"New York-Newark-Jersey City, NY-NJ-PA"
659,Ocean County,NJ,202204,2147.96,0.0051,0.1374,"New York-Newark-Jersey City, NY-NJ-PA"
659,Ocean County,NJ,202205,2199.78,0.0241,0.1496,"New York-Newark-Jersey City, NY-NJ-PA"
659,Ocean County,NJ,202206,2215.6,0.0072,0.1578,"New York-Newark-Jersey City, NY-NJ-PA"
659,Ocean County,NJ,202207,2224.36,0.004,0.1443,"New York-Newark-Jersey City, NY-NJ-PA"
659,Ocean County,NJ,202208,2221.9,-0.0011,0.1464,"New York-Newark-Jersey City, NY-NJ-PA"
659,Ocean County,NJ,202209,2226.26,0.002,0.133,"New York-Newark-Jersey City, NY-NJ-PA"
659,Ocean County,NJ,202210,2221.78,-0.002,0.1419,"New York-Newark-Jersey City, NY-NJ-PA"
659,Ocean County,NJ,202211,2202.06,-0.0089,0.1247,"New York-Newark-Jersey City, NY-NJ-PA"
659,Ocean County,NJ,202212,2196.1,-0.0027,0.1086,"New York-Newark-Jersey City, NY-NJ-PA"
659,Ocean County,NJ,202301,2227.64,0.0144,0.0831,"New York-Newark-Jersey City, NY-NJ-PA"
659,Ocean County,NJ,202302,2269.08,0.0186,0.0776,"New York-Newark-Jersey City, NY-NJ-PA"
659,Ocean County,NJ,202303,2312.9,0.0193,0.0823,"New York-Newark-Jersey City, NY-NJ-PA"
659,Ocean County,NJ,202304,2331.0,0.0078,0.0852,"New York-Newark-Jersey City, NY-NJ-PA"
659,Ocean County,NJ,202305,2333.37,0.001,0.0607,"New York-Newark-Jersey City, NY-NJ-PA"
659,Ocean County,NJ,202306,2338.56,0.0022,0.0555,"New York-Newark-Jersey City, NY-NJ-PA"
659,Ocean County,NJ,202307,2325.44,-0.0056,0.0454,"New York-Newark-Jersey City, NY-NJ-PA"
659,Ocean County,NJ,202308,2320.84,-0.002,0.0445,"New York-Newark-Jersey City, NY-NJ-PA"
659,Ocean County,NJ,202309,2313.2,-0.0033,0.0391,"New York-Newark-Jersey City, NY-NJ-PA"
659,Ocean County,NJ,202310,2313.91,0.0003,0.0415,"New York-Newark-Jersey City, NY-NJ-PA"
659,Ocean County,NJ,202311,2315.48,0.0007,0.0515,"New York-Newark-Jersey City, NY-NJ-PA"
659,Ocean County,NJ,202312,2331.22,0.0068,0.0615,"New York-Newark-Jersey City, NY-NJ-PA"
659,Ocean County,NJ,202401,2373.78,0.0183,0.0656,"New York-Newark-Jersey City, NY-NJ-PA"
659,Ocean County,NJ,202402,2409.06,0.0149,0.0617,"New York-Newark-Jersey City, NY-NJ-PA"
659,Ocean County,NJ,202403,2441.38,0.0134,0.0555,"New York-Newark-Jersey City, NY-NJ-PA"
659,Ocean County,NJ,202404,2443.38,0.0008,0.0482,"New York-Newark-Jersey City, NY-NJ-PA"
659,Ocean County,NJ,202405,2456.21,0.0053,0.0526,"New York-Newark-Jersey City, NY-NJ-PA"
659,Ocean County,NJ,202406,2432.13,-0.0098,0.04,"New York-Newark-Jersey City, NY-NJ-PA"
659,Ocean County,NJ,202407,2442.66,0.0043,0.0504,"New York-Newark-Jersey City, NY-NJ-PA"
659,Ocean County,NJ,202408,2424.5,-0.0074,0.0447,"New York-Newark-Jersey City, NY-NJ-PA"
659,Ocean County,NJ,202409,2448.34,0.0098,0.0584,"New York-Newark-Jersey City, NY-NJ-PA"
659,Ocean County,NJ,202410,2444.42,-0.0016,0.0564,"New York-Newark-Jersey City, NY-NJ-PA"
659,Ocean County,NJ,202411,2472.98,0.0117,0.068,"New York-Newark-Jersey City, NY-NJ-PA"
659,Ocean County,NJ,202412,2477.29,0.0017,0.0627,"New York-Newark-Jersey City, NY-NJ-PA"
659,Ocean County,NJ,202501,2503.32,0.0105,0.0546,"New York-Newark-Jersey City, NY-NJ-PA"
659,Ocean County,NJ,202502,2494.24,-0.0036,0.0354,"New York-Newark-Jersey City, NY-NJ-PA"
659,Ocean County,NJ,202503,2532.28,0.0153,0.0372,"New York-Newark-Jersey City, NY-NJ-PA"
659,Ocean County,NJ,202504,2545.91,0.0054,0.042,"New York-Newark-Jersey City, NY-NJ-PA"
659,Ocean County,NJ,202505,2569.85,0.0094,0.0463,"New York-Newark-Jersey City, NY-NJ-PA"
659,Ocean County,NJ,202506,2569.83,-0.0,0.0566,"New York-Newark-Jersey City, NY-NJ-PA"
659,Ocean County,NJ,202507,2553.04,-0.0065,0.0452,"New York-Newark-Jersey City, NY-NJ-PA"
659,Ocean County,NJ,202508,2572.27,0.0075,0.061,"New York-Newark-Jersey City, NY-NJ-PA"
659,Ocean County,NJ,202509,2552.85,-0.0076,0.0427,"New York-Newark-Jersey City, NY-NJ-PA"
659,Ocean County,NJ,202510,2574.69,0.0086,0.0533,"New York-Newark-Jersey City, NY-NJ-PA"
659,Ocean County,NJ,202511,2548.16,-0.0103,0.0304,"New York-Newark-Jersey City, NY-NJ-PA"
659,Ocean County,NJ,202512,2541.19,-0.0027,0.0258,"New York-Newark-Jersey City, NY-NJ-PA"
659,Ocean County,NJ,202601,2535.75,-0.0021,0.013,"New York-Newark-Jersey City, NY-NJ-PA"
659,Ocean County,NJ,202602,2567.76,0.0126,0.0295,"New York-Newark-Jersey City, NY-NJ-PA"
659,Ocean County,NJ,202603,2596.16,0.0111,0.0252,"New York-Newark-Jersey City, NY-NJ-PA"
659,Ocean County,NJ,202604,2620.35,0.0093,0.0292,"New York-Newark-Jersey City, NY-NJ-PA"
659,Ocean County,NJ,202605,2628.73,0.0032,0.0229,"New York-Newark-Jersey City, NY-NJ-PA"
659,Ocean County,NJ,202606,2638.49,0.0037,0.0267,"New York-Newark-Jersey City, NY-NJ-PA"
659,Ocean County,NJ,202607,2649.88,0.0043,0.0379,"New York-Newark-Jersey City, NY-NJ-PA"
659,Ocean County,NJ,202608,2647.84,-0.0008,0.0294,"New York-Newark-Jersey City, NY-NJ-PA"
702,Salem County,NJ,202607,1731.2,,,"Philadelphia-Camden-Wilmington, PA-NJ-DE-MD"
702,Salem County,NJ,202608,1712.5,-0.0108,,"Philadelphia-Camden-Wilmington, PA-NJ-DE-MD"
771,Union County,NJ,201501,1482.38,,,"New York-Newark-Jersey City, NY-NJ-PA"
771,Union County,NJ,201502,1481.16,-0.0008,,"New York-Newark-Jersey City, NY-NJ-PA"
771,Union County,NJ,201503,1482.06,0.0006,,"New York-Newark-Jersey City, NY-NJ-PA"
771,Union County,NJ,201504,1481.33,-0.0005,,"New York-Newark-Jersey City, NY-NJ-PA"
771,Union County,NJ,201505,1488.55,0.0049,,"New York-Newark-Jersey City, NY-NJ-PA"
771,Union County,NJ,201506,1487.61,-0.0006,,"New York-Newark-Jersey City, NY-NJ-PA"
771,Union County,NJ,201507,1493.58,0.004,,"New York-Newark-Jersey City, NY-NJ-PA"
771,Union County,NJ,201508,1510.49,0.0113,,"New York-Newark-Jersey City, NY-NJ-PA"
771,Union County,NJ,201509,1524.6,0.0093,,"New York-Newark-Jersey City, NY-NJ-PA"
771,Union County,NJ,201510,1530.23,0.0037,,"New York-Newark-Jersey City, NY-NJ-PA"
771,Union County,NJ,201511,1514.6,-0.0102,,"New York-Newark-Jersey City, NY-NJ-PA"
771,Union County,NJ,201512,1500.28,-0.0095,,"New York-Newark-Jersey City, NY-NJ-PA"
771,Union County,NJ,201601,1517.91,0.0118,0.024,"New York-Newark-Jersey City, NY-NJ-PA"
771,Union County,NJ,201602,1496.68,-0.014,0.0105,"New York-Newark-Jersey City, NY-NJ-PA"
771,Union County,NJ,201603,1515.05,0.0123,0.0223,"New York-Newark-Jersey City, NY-NJ-PA"
771,Union County,NJ,201604,1516.37,0.0009,0.0237,"New York-Newark-Jersey City, NY-NJ-PA"
771,Union County,NJ,201605,1555.51,0.0258,0.045,"New York-Newark-Jersey City, NY-NJ-PA"
771,Union County,NJ,201606,1571.53,0.0103,0.0564,"New York-Newark-Jersey City, NY-NJ-PA"
771,Union County,NJ,201607,1582.03,0.0067,0.0592,"New York-Newark-Jersey City, NY-NJ-PA"
771,Union County,NJ,201608,1575.08,-0.0044,0.0428,"New York-Newark-Jersey City, NY-NJ-PA"
771,Union County,NJ,201609,1568.48,-0.0042,0.0288,"New York-Newark-Jersey City, NY-NJ-PA"
771,Union County,NJ,201610,1557.75,-0.0068,0.018,"New York-Newark-Jersey City, NY-NJ-PA"
771,Union County,NJ,201611,1557.78,0.0,0.0285,"New York-Newark-Jersey City, NY-NJ-PA"
771,Union County,NJ,201612,1569.55,0.0076,0.0462,"New York-Newark-Jersey City, NY-NJ-PA"
771,Union County,NJ,201701,1583.42,0.0088,0.0432,"New York-Newark-Jersey City, NY-NJ-PA"
771,Union County,NJ,201702,1596.51,0.0083,0.0667,"New York-Newark-Jersey City, NY-NJ-PA"
771,Union County,NJ,201703,1576.53,-0.0125,0.0406,"New York-Newark-Jersey City, NY-NJ-PA"
771,Union County,NJ,201704,1576.35,-0.0001,0.0396,"New York-Newark-Jersey City, NY-NJ-PA"
771,Union County,NJ,201705,1588.52,0.0077,0.0212,"New York-Newark-Jersey City, NY-NJ-PA"
771,Union County,NJ,201706,1625.4,0.0232,0.0343,"New York-Newark-Jersey City, NY-NJ-PA"
771,Union County,NJ,201707,1645.68,0.0125,0.0402,"New York-Newark-Jersey City, NY-NJ-PA"
771,Union County,NJ,201708,1642.38,-0.002,0.0427,"New York-Newark-Jersey City, NY-NJ-PA"
771,Union County,NJ,201709,1646.83,0.0027,0.05,"New York-Newark-Jersey City, NY-NJ-PA"
771,Union County,NJ,201710,1653.56,0.0041,0.0615,"New York-Newark-Jersey City, NY-NJ-PA"
771,Union County,NJ,201711,1654.48,0.0006,0.0621,"New York-Newark-Jersey City, NY-NJ-PA"
771,Union County,NJ,201712,1631.91,-0.0136,0.0397,"New York-Newark-Jersey City, NY-NJ-PA"
771,Union County,NJ,201801,1626.84,-0.0031,0.0274,"New York-Newark-Jersey City, NY-NJ-PA"
771,Union County,NJ,201802,1641.24,0.0089,0.028,"New York-Newark-Jersey City, NY-NJ-PA"
771,Union County,NJ,201803,1681.94,0.0248,0.0669,"New York-Newark-Jersey City, NY-NJ-PA"
771,Union County,NJ,201804,1698.55,0.0099,0.0775,"New York-Newark-Jersey City, NY-NJ-PA"
771,Union County,NJ,201805,1705.97,0.0044,0.0739,"New York-Newark-Jersey City, NY-NJ-PA"
771,Union County,NJ,201806,1707.92,0.0011,0.0508,"New York-Newark-Jersey City, NY-NJ-PA"
771,Union County,NJ,201807,1711.94,0.0024,0.0403,"New York-Newark-Jersey City, NY-NJ-PA"
771,Union County,NJ,201808,1713.15,0.0007,0.0431,"New York-Newark-Jersey City, NY-NJ-PA"
771,Union County,NJ,201809,1711.33,-0.0011,0.0392,"New York-Newark-Jersey City, NY-NJ-PA"
771,Union County,NJ,201810,1706.71,-0.0027,0.0321,"New York-Newark-Jersey City, NY-NJ-PA"
771,Union County,NJ,201811,1711.56,0.0028,0.0345,"New York-Newark-Jersey City, NY-NJ-PA"
771,Union County,NJ,201812,1712.46,0.0005,0.0494,"New York-Newark-Jersey City, NY-NJ-PA"
771,Union County,NJ,201901,1714.79,0.0014,0.0541,"New York-Newark-Jersey City, NY-NJ-PA"
771,Union County,NJ,201902,1733.19,0.0107,0.056,"New York-Newark-Jersey City, NY-NJ-PA"
771,Union County,NJ,201903,1725.29,-0.0046,0.0258,"New York-Newark-Jersey City, NY-NJ-PA"
771,Union County,NJ,201904,1735.64,0.006,0.0218,"New York-Newark-Jersey City, NY-NJ-PA"
771,Union County,NJ,201905,1757.46,0.0126,0.0302,"New York-Newark-Jersey City, NY-NJ-PA"
771,Union County,NJ,201906,1786.15,0.0163,0.0458,"New York-Newark-Jersey City, NY-NJ-PA"
771,Union County,NJ,201907,1792.8,0.0037,0.0472,"New York-Newark-Jersey City, NY-NJ-PA"
771,Union County,NJ,201908,1779.36,-0.0075,0.0386,"New York-Newark-Jersey City, NY-NJ-PA"
771,Union County,NJ,201909,1778.88,-0.0003,0.0395,"New York-Newark-Jersey City, NY-NJ-PA"
771,Union County,NJ,201910,1786.76,0.0044,0.0469,"New York-Newark-Jersey City, NY-NJ-PA"
771,Union County,NJ,201911,1788.33,0.0009,0.0448,"New York-Newark-Jersey City, NY-NJ-PA"
771,Union County,NJ,201912,1801.99,0.0076,0.0523,"New York-Newark-Jersey City, NY-NJ-PA"
771,Union County,NJ,202001,1797.49,-0.0025,0.0482,"New York-Newark-Jersey City, NY-NJ-PA"
771,Union County,NJ,202002,1800.46,0.0017,0.0388,"New York-Newark-Jersey City, NY-NJ-PA"
771,Union County,NJ,202003,1799.93,-0.0003,0.0433,"New York-Newark-Jersey City, NY-NJ-PA"
771,Union County,NJ,202004,1809.6,0.0054,0.0426,"New York-Newark-Jersey City, NY-NJ-PA"
771,Union County,NJ,202005,1820.41,0.006,0.0358,"New York-Newark-Jersey City, NY-NJ-PA"
771,Union County,NJ,202006,1827.02,0.0036,0.0229,"New York-Newark-Jersey City, NY-NJ-PA"
771,Union County,NJ,202007,1838.19,0.0061,0.0253,"New York-Newark-Jersey City, NY-NJ-PA"
771,Union County,NJ,202008,1844.62,0.0035,0.0367,"New York-Newark-Jersey City, NY-NJ-PA"
771,Union County,NJ,202009,1846.03,0.0008,0.0377,"New York-Newark-Jersey City, NY-NJ-PA"
771,Union County,NJ,202010,1840.12,-0.0032,0.0299,"New York-Newark-Jersey City, NY-NJ-PA"
771,Union County,NJ,202011,1853.4,0.0072,0.0364,"New York-Newark-Jersey City, NY-NJ-PA"
771,Union County,NJ,202012,1871.87,0.01,0.0388,"New York-Newark-Jersey City, NY-NJ-PA"
771,Union County,NJ,202101,1888.24,0.0087,0.0505,"New York-Newark-Jersey City, NY-NJ-PA"
771,Union County,NJ,202102,1898.49,0.0054,0.0544,"New York-Newark-Jersey City, NY-NJ-PA"
771,Union County,NJ,202103,1916.36,0.0094,0.0647,"New York-Newark-Jersey City, NY-NJ-PA"
771,Union County,NJ,202104,1933.95,0.0092,0.0687,"New York-Newark-Jersey City, NY-NJ-PA"
771,Union County,NJ,202105,1939.5,0.0029,0.0654,"New York-Newark-Jersey City, NY-NJ-PA"
771,Union County,NJ,202106,1934.14,-0.0028,0.0586,"New York-Newark-Jersey City, NY-NJ-PA"
771,Union County,NJ,202107,1949.15,0.0078,0.0604,"New York-Newark-Jersey City, NY-NJ-PA"
771,Union County,NJ,202108,1966.6,0.009,0.0661,"New York-Newark-Jersey City, NY-NJ-PA"
771,Union County,NJ,202109,1985.1,0.0094,0.0753,"New York-Newark-Jersey City, NY-NJ-PA"
771,Union County,NJ,202110,1996.23,0.0056,0.0848,"New York-Newark-Jersey City, NY-NJ-PA"
771,Union County,NJ,202111,2006.22,0.005,0.0824,"New York-Newark-Jersey City, NY-NJ-PA"
771,Union County,NJ,202112,2017.59,0.0057,0.0779,"New York-Newark-Jersey City, NY-NJ-PA"
771,Union County,NJ,202201,2036.65,0.0094,0.0786,"New York-Newark-Jersey City, NY-NJ-PA"
771,Union County,NJ,202202,2055.62,0.0093,0.0828,"New York-Newark-Jersey City, NY-NJ-PA"
771,Union County,NJ,202203,2067.64,0.0058,0.0789,"New York-Newark-Jersey City, NY-NJ-PA"
771,Union County,NJ,202204,2076.09,0.0041,0.0735,"New York-Newark-Jersey City, NY-NJ-PA"
771,Union County,NJ,202205,2098.17,0.0106,0.0818,"New York-Newark-Jersey City, NY-NJ-PA"
771,Union County,NJ,202206,2125.73,0.0131,0.0991,"New York-Newark-Jersey City, NY-NJ-PA"
771,Union County,NJ,202207,2160.46,0.0163,0.1084,"New York-Newark-Jersey City, NY-NJ-PA"
771,Union County,NJ,202208,2169.45,0.0042,0.1031,"New York-Newark-Jersey City, NY-NJ-PA"
771,Union County,NJ,202209,2185.3,0.0073,0.1009,"New York-Newark-Jersey City, NY-NJ-PA"
771,Union County,NJ,202210,2187.04,0.0008,0.0956,"New York-Newark-Jersey City, NY-NJ-PA"
771,Union County,NJ,202211,2205.67,0.0085,0.0994,"New York-Newark-Jersey City, NY-NJ-PA"
771,Union County,NJ,202212,2205.35,-0.0001,0.0931,"New York-Newark-Jersey City, NY-NJ-PA"
771,Union County,NJ,202301,2227.38,0.01,0.0936,"New York-Newark-Jersey City, NY-NJ-PA"
771,Union County,NJ,202302,2222.0,-0.0024,0.0809,"New York-Newark-Jersey City, NY-NJ-PA"
771,Union County,NJ,202303,2242.9,0.0094,0.0848,"New York-Newark-Jersey City, NY-NJ-PA"
771,Union County,NJ,202304,2234.09,-0.0039,0.0761,"New York-Newark-Jersey City, NY-NJ-PA"
771,Union County,NJ,202305,2253.66,0.0088,0.0741,"New York-Newark-Jersey City, NY-NJ-PA"
771,Union County,NJ,202306,2258.72,0.0022,0.0626,"New York-Newark-Jersey City, NY-NJ-PA"
771,Union County,NJ,202307,2271.29,0.0056,0.0513,"New York-Newark-Jersey City, NY-NJ-PA"
771,Union County,NJ,202308,2278.1,0.003,0.0501,"New York-Newark-Jersey City, NY-NJ-PA"
771,Union County,NJ,202309,2293.1,0.0066,0.0493,"New York-Newark-Jersey City, NY-NJ-PA"
771,Union County,NJ,202310,2311.61,0.0081,0.057,"New York-Newark-Jersey City, NY-NJ-PA"
771,Union County,NJ,202311,2325.06,0.0058,0.0541,"New York-Newark-Jersey City, NY-NJ-PA"
771,Union County,NJ,202312,2343.61,0.008,0.0627,"New York-Newark-Jersey City, NY-NJ-PA"
771,Union County,NJ,202401,2340.83,-0.0012,0.0509,"New York-Newark-Jersey City, NY-NJ-PA"
771,Union County,NJ,202402,2352.25,0.0049,0.0586,"New York-Newark-Jersey City, NY-NJ-PA"
771,Union County,NJ,202403,2342.58,-0.0041,0.0444,"New York-Newark-Jersey City, NY-NJ-PA"
771,Union County,NJ,202404,2351.64,0.0039,0.0526,"New York-Newark-Jersey City, NY-NJ-PA"
771,Union County,NJ,202405,2359.56,0.0034,0.047,"New York-Newark-Jersey City, NY-NJ-PA"
771,Union County,NJ,202406,2378.69,0.0081,0.0531,"New York-Newark-Jersey City, NY-NJ-PA"
771,Union County,NJ,202407,2392.77,0.0059,0.0535,"New York-Newark-Jersey City, NY-NJ-PA"
771,Union County,NJ,202408,2406.89,0.0059,0.0565,"New York-Newark-Jersey City, NY-NJ-PA"
771,Union County,NJ,202409,2414.28,0.0031,0.0528,"New York-Newark-Jersey City, NY-NJ-PA"
771,Union County,NJ,202410,2425.35,0.0046,0.0492,"New York-Newark-Jersey City, NY-NJ-PA"
771,Union County,NJ,202411,2426.7,0.0006,0.0437,"New York-Newark-Jersey City, NY-NJ-PA"
771,Union County,NJ,202412,2421.83,-0.002,0.0334,"New York-Newark-Jersey City, NY-NJ-PA"
771,Union County,NJ,202501,2432.99,0.0046,0.0394,"New York-Newark-Jersey City, NY-NJ-PA"
771,Union County,NJ,202502,2437.81,0.002,0.0364,"New York-Newark-Jersey City, NY-NJ-PA"
771,Union County,NJ,202503,2454.44,0.0068,0.0477,"New York-Newark-Jersey City, NY-NJ-PA"
771,Union County,NJ,202504,2455.92,0.0006,0.0443,"New York-Newark-Jersey City, NY-NJ-PA"
771,Union County,NJ,202505,2459.89,0.0016,0.0425,"New York-Newark-Jersey City, NY-NJ-PA"
771,Union County,NJ,202506,2461.4,0.0006,0.0348,"New York-Newark-Jersey City, NY-NJ-PA"
771,Union County,NJ,202507,2461.0,-0.0002,0.0285,"New York-Newark-Jersey City, NY-NJ-PA"
771,Union County,NJ,202508,2456.5,-0.0018,0.0206,"New York-Newark-Jersey City, NY-NJ-PA"
771,Union County,NJ,202509,2457.25,0.0003,0.0178,"New York-Newark-Jersey City, NY-NJ-PA"
771,Union County,NJ,202510,2479.37,0.009,0.0223,"New York-Newark-Jersey City, NY-NJ-PA"
771,Union County,NJ,202511,2498.4,0.0077,0.0295,"New York-Newark-Jersey City, NY-NJ-PA"
771,Union County,NJ,202512,2520.02,0.0087,0.0405,"New York-Newark-Jersey City, NY-NJ-PA"
771,Union County,NJ,202601,2516.34,-0.0015,0.0343,"New York-Newark-Jersey City, NY-NJ-PA"
771,Union County,NJ,202602,2505.33,-0.0044,0.0277,"New York-Newark-Jersey City, NY-NJ-PA"
771,Union County,NJ,202603,2498.3,-0.0028,0.0179,"New York-Newark-Jersey City, NY-NJ-PA"
771,Union County,NJ,202604,2493.1,-0.0021,0.0151,"New York-Newark-Jersey City, NY-NJ-PA"
771,Union County,NJ,202605,2516.28,0.0093,0.0229,"New York-Newark-Jersey City, NY-NJ-PA"
771,Union County,NJ,202606,2516.95,0.0003,0.0226,"New York-Newark-Jersey City, NY-NJ-PA"
771,Union County,NJ,202607,2526.35,0.0037,0.0266,"New York-Newark-Jersey City, NY-NJ-PA"
771,Union County,NJ,202608,2522.03,-0.0017,0.0267,"New York-Newark-Jersey City, NY-NJ-PA"
874,Bergen County,NJ,201501,1766.71,,,"New York-Newark-Jersey City, NY-NJ-PA"
874,Bergen County,NJ,201502,1770.31,0.002,,"New York-Newark-Jersey City, NY-NJ-PA"
874,Bergen County,NJ,201503,1792.82,0.0127,,"New York-Newark-Jersey City, NY-NJ-PA"
874,Bergen County,NJ,201504,1808.29,0.0086,,"New York-Newark-Jersey City, NY-NJ-PA"
874,Bergen County,NJ,201505,1820.65,0.0068,,"New York-Newark-Jersey City, NY-NJ-PA"
874,Bergen County,NJ,201506,1828.58,0.0044,,"New York-Newark-Jersey City, NY-NJ-PA"
874,Bergen County,NJ,201507,1835.29,0.0037,,"New York-Newark-Jersey City, NY-NJ-PA"
874,Bergen County,NJ,201508,1839.41,0.0022,,"New York-Newark-Jersey City, NY-NJ-PA"
874,Bergen County,NJ,201509,1837.77,-0.0009,,"New York-Newark-Jersey City, NY-NJ-PA"
874,Bergen County,NJ,201510,1838.92,0.0006,,"New York-Newark-Jersey City, NY-NJ-PA"
874,Bergen County,NJ,201511,1825.72,-0.0072,,"New York-Newark-Jersey City, NY-NJ-PA"
874,Bergen County,NJ,201512,1824.15,-0.0009,,"New York-Newark-Jersey City, NY-NJ-PA"
874,Bergen County,NJ,201601,1826.94,0.0015,0.0341,"New York-Newark-Jersey City, NY-NJ-PA"
874,Bergen County,NJ,201602,1841.36,0.0079,0.0401,"New York-Newark-Jersey City, NY-NJ-PA"
874,Bergen County,NJ,201603,1847.75,0.0035,0.0306,"New York-Newark-Jersey City, NY-NJ-PA"
874,Bergen County,NJ,201604,1843.1,-0.0025,0.0193,"New York-Newark-Jersey City, NY-NJ-PA"
874,Bergen County,NJ,201605,1850.21,0.0039,0.0162,"New York-Newark-Jersey City, NY-NJ-PA"
874,Bergen County,NJ,201606,1865.51,0.0083,0.0202,"New York-Newark-Jersey City, NY-NJ-PA"
874,Bergen County,NJ,201607,1884.14,0.01,0.0266,"New York-Newark-Jersey City, NY-NJ-PA"
874,Bergen County,NJ,201608,1886.81,0.0014,0.0258,"New York-Newark-Jersey City, NY-NJ-PA"
874,Bergen County,NJ,201609,1873.41,-0.0071,0.0194,"New York-Newark-Jersey City, NY-NJ-PA"
874,Bergen County,NJ,201610,1869.21,-0.0022,0.0165,"New York-Newark-Jersey City, NY-NJ-PA"
874,Bergen County,NJ,201611,1874.4,0.0028,0.0267,"New York-Newark-Jersey City, NY-NJ-PA"
874,Bergen County,NJ,201612,1891.8,0.0093,0.0371,"New York-Newark-Jersey City, NY-NJ-PA"
874,Bergen County,NJ,201701,1902.76,0.0058,0.0415,"New York-Newark-Jersey City, NY-NJ-PA"
874,Bergen County,NJ,201702,1904.5,0.0009,0.0343,"New York-Newark-Jersey City, NY-NJ-PA"
874,Bergen County,NJ,201703,1911.46,0.0037,0.0345,"New York-Newark-Jersey City, NY-NJ-PA"
874,Bergen County,NJ,201704,1922.22,0.0056,0.0429,"New York-Newark-Jersey City, NY-NJ-PA"
874,Bergen County,NJ,201705,1936.18,0.0073,0.0465,"New York-Newark-Jersey City, NY-NJ-PA"
874,Bergen County,NJ,201706,1944.87,0.0045,0.0425,"New York-Newark-Jersey City, NY-NJ-PA"
874,Bergen County,NJ,201707,1942.44,-0.0013,0.0309,"New York-Newark-Jersey City, NY-NJ-PA"
874,Bergen County,NJ,201708,1936.3,-0.0032,0.0262,"New York-Newark-Jersey City, NY-NJ-PA"
874,Bergen County,NJ,201709,1928.87,-0.0038,0.0296,"New York-Newark-Jersey City, NY-NJ-PA"
874,Bergen County,NJ,201710,1931.52,0.0014,0.0333,"New York-Newark-Jersey City, NY-NJ-PA"
874,Bergen County,NJ,201711,1937.8,0.0033,0.0338,"New York-Newark-Jersey City, NY-NJ-PA"
874,Bergen County,NJ,201712,1959.64,0.0113,0.0359,"New York-Newark-Jersey City, NY-NJ-PA"
874,Bergen County,NJ,201801,1970.91,0.0057,0.0358,"New York-Newark-Jersey City, NY-NJ-PA"
874,Bergen County,NJ,201802,1978.71,0.004,0.039,"New York-Newark-Jersey City, NY-NJ-PA"
874,Bergen County,NJ,201803,1966.27,-0.0063,0.0287,"New York-Newark-Jersey City, NY-NJ-PA"
874,Bergen County,NJ,201804,1980.39,0.0072,0.0303,"New York-Newark-Jersey City, NY-NJ-PA"
874,Bergen County,NJ,201805,1989.37,0.0045,0.0275,"New York-Newark-Jersey City, NY-NJ-PA"
874,Bergen County,NJ,201806,2001.13,0.0059,0.0289,"New York-Newark-Jersey City, NY-NJ-PA"
874,Bergen County,NJ,201807,1994.5,-0.0033,0.0268,"New York-Newark-Jersey City, NY-NJ-PA"
874,Bergen County,NJ,201808,1994.13,-0.0002,0.0299,"New York-Newark-Jersey City, NY-NJ-PA"
874,Bergen County,NJ,201809,1994.51,0.0002,0.034,"New York-Newark-Jersey City, NY-NJ-PA"
874,Bergen County,NJ,201810,1995.26,0.0004,0.033,"New York-Newark-Jersey City, NY-NJ-PA"
874,Bergen County,NJ,201811,2004.33,0.0045,0.0343,"New York-Newark-Jersey City, NY-NJ-PA"
874,Bergen County,NJ,201812,2022.08,0.0089,0.0319,"New York-Newark-Jersey City, NY-NJ-PA"
874,Bergen County,NJ,201901,2034.92,0.0063,0.0325,"New York-Newark-Jersey City, NY-NJ-PA"
874,Bergen County,NJ,201902,2037.03,0.001,0.0295,"New York-Newark-Jersey City, NY-NJ-PA"
874,Bergen County,NJ,201903,2037.93,0.0004,0.0364,"New York-Newark-Jersey City, NY-NJ-PA"
874,Bergen County,NJ,201904,2043.2,0.0026,0.0317,"New York-Newark-Jersey City, NY-NJ-PA"
874,Bergen County,NJ,201905,2056.1,0.0063,0.0335,"New York-Newark-Jersey City, NY-NJ-PA"
874,Bergen County,NJ,201906,2061.67,0.0027,0.0303,"New York-Newark-Jersey City, NY-NJ-PA"
874,Bergen County,NJ,201907,2064.04,0.0012,0.0349,"New York-Newark-Jersey City, NY-NJ-PA"
874,Bergen County,NJ,201908,2070.96,0.0034,0.0385,"New York-Newark-Jersey City, NY-NJ-PA"
874,Bergen County,NJ,201909,2072.99,0.001,0.0393,"New York-Newark-Jersey City, NY-NJ-PA"
874,Bergen County,NJ,201910,2079.64,0.0032,0.0423,"New York-Newark-Jersey City, NY-NJ-PA"
874,Bergen County,NJ,201911,2076.51,-0.0015,0.036,"New York-Newark-Jersey City, NY-NJ-PA"
874,Bergen County,NJ,201912,2075.27,-0.0006,0.0263,"New York-Newark-Jersey City, NY-NJ-PA"
874,Bergen County,NJ,202001,2079.06,0.0018,0.0217,"New York-Newark-Jersey City, NY-NJ-PA"
874,Bergen County,NJ,202002,2066.74,-0.0059,0.0146,"New York-Newark-Jersey City, NY-NJ-PA"
874,Bergen County,NJ,202003,2076.38,0.0047,0.0189,"New York-Newark-Jersey City, NY-NJ-PA"
874,Bergen County,NJ,202004,2071.17,-0.0025,0.0137,"New York-Newark-Jersey City, NY-NJ-PA"
874,Bergen County,NJ,202005,2081.5,0.005,0.0124,"New York-Newark-Jersey City, NY-NJ-PA"
874,Bergen County,NJ,202006,2072.56,-0.0043,0.0053,"New York-Newark-Jersey City, NY-NJ-PA"
874,Bergen County,NJ,202007,2088.98,0.0079,0.0121,"New York-Newark-Jersey City, NY-NJ-PA"
874,Bergen County,NJ,202008,2108.47,0.0093,0.0181,"New York-Newark-Jersey City, NY-NJ-PA"
874,Bergen County,NJ,202009,2117.36,0.0042,0.0214,"New York-Newark-Jersey City, NY-NJ-PA"
874,Bergen County,NJ,202010,2117.1,-0.0001,0.018,"New York-Newark-Jersey City, NY-NJ-PA"
874,Bergen County,NJ,202011,2118.9,0.0009,0.0204,"New York-Newark-Jersey City, NY-NJ-PA"
874,Bergen County,NJ,202012,2133.23,0.0068,0.0279,"New York-Newark-Jersey City, NY-NJ-PA"
874,Bergen County,NJ,202101,2139.65,0.003,0.0291,"New York-Newark-Jersey City, NY-NJ-PA"
874,Bergen County,NJ,202102,2135.2,-0.0021,0.0331,"New York-Newark-Jersey City, NY-NJ-PA"
874,Bergen County,NJ,202103,2140.99,0.0027,0.0311,"New York-Newark-Jersey City, NY-NJ-PA"
874,Bergen County,NJ,202104,2151.61,0.005,0.0388,"New York-Newark-Jersey City, NY-NJ-PA"
874,Bergen County,NJ,202105,2178.8,0.0126,0.0467,"New York-Newark-Jersey City, NY-NJ-PA"
874,Bergen County,NJ,202106,2197.73,0.0087,0.0604,"New York-Newark-Jersey City, NY-NJ-PA"
874,Bergen County,NJ,202107,2211.65,0.0063,0.0587,"New York-Newark-Jersey City, NY-NJ-PA"
874,Bergen County,NJ,202108,2241.77,0.0136,0.0632,"New York-Newark-Jersey City, NY-NJ-PA"
874,Bergen County,NJ,202109,2257.09,0.0068,0.066,"New York-Newark-Jersey City, NY-NJ-PA"
874,Bergen County,NJ,202110,2282.44,0.0112,0.0781,"New York-Newark-Jersey City, NY-NJ-PA"
874,Bergen County,NJ,202111,2276.92,-0.0024,0.0746,"New York-Newark-Jersey City, NY-NJ-PA"
874,Bergen County,NJ,202112,2290.07,0.0058,0.0735,"New York-Newark-Jersey City, NY-NJ-PA"
874,Bergen County,NJ,202201,2300.0,0.0043,0.0749,"New York-Newark-Jersey City, NY-NJ-PA"
874,Bergen County,NJ,202202,2340.37,0.0175,0.0961,"New York-Newark-Jersey City, NY-NJ-PA"
874,Bergen County,NJ,202203,2368.5,0.012,0.1063,"New York-Newark-Jersey City, NY-NJ-PA"
874,Bergen County,NJ,202204,2387.16,0.0079,0.1095,"New York-Newark-Jersey City, NY-NJ-PA"
874,Bergen County,NJ,202205,2404.52,0.0073,0.1036,"New York-Newark-Jersey City, NY-NJ-PA"
874,Bergen County,NJ,202206,2430.45,0.0108,0.1059,"New York-Newark-Jersey City, NY-NJ-PA"
874,Bergen County,NJ,202207,2478.8,0.0199,0.1208,"New York-Newark-Jersey City, NY-NJ-PA"
874,Bergen County,NJ,202208,2496.3,0.0071,0.1135,"New York-Newark-Jersey City, NY-NJ-PA"
874,Bergen County,NJ,202209,2512.41,0.0065,0.1131,"New York-Newark-Jersey City, NY-NJ-PA"
874,Bergen County,NJ,202210,2492.78,-0.0078,0.0922,"New York-Newark-Jersey City, NY-NJ-PA"
874,Bergen County,NJ,202211,2483.95,-0.0035,0.0909,"New York-Newark-Jersey City, NY-NJ-PA"
874,Bergen County,NJ,202212,2474.42,-0.0038,0.0805,"New York-Newark-Jersey City, NY-NJ-PA"
874,Bergen County,NJ,202301,2491.14,0.0068,0.0831,"New York-Newark-Jersey City, NY-NJ-PA"
874,Bergen County,NJ,202302,2506.61,0.0062,0.071,"New York-Newark-Jersey City, NY-NJ-PA"
874,Bergen County,NJ,202303,2529.35,0.0091,0.0679,"New York-Newark-Jersey City, NY-NJ-PA"
874,Bergen County,NJ,202304,2548.03,0.0074,0.0674,"New York-Newark-Jersey City, NY-NJ-PA"
874,Bergen County,NJ,202305,2570.98,0.009,0.0692,"New York-Newark-Jersey City, NY-NJ-PA"
874,Bergen County,NJ,202306,2585.28,0.0056,0.0637,"New York-Newark-Jersey City, NY-NJ-PA"
874,Bergen County,NJ,202307,2600.6,0.0059,0.0491,"New York-Newark-Jersey City, NY-NJ-PA"
874,Bergen County,NJ,202308,2613.23,0.0049,0.0468,"New York-Newark-Jersey City, NY-NJ-PA"
874,Bergen County,NJ,202309,2628.3,0.0058,0.0461,"New York-Newark-Jersey City, NY-NJ-PA"
874,Bergen County,NJ,202310,2633.53,0.002,0.0565,"New York-Newark-Jersey City, NY-NJ-PA"
874,Bergen County,NJ,202311,2641.36,0.003,0.0634,"New York-Newark-Jersey City, NY-NJ-PA"
874,Bergen County,NJ,202312,2640.92,-0.0002,0.0673,"New York-Newark-Jersey City, NY-NJ-PA"
874,Bergen County,NJ,202401,2650.52,0.0036,0.064,"New York-Newark-Jersey City, NY-NJ-PA"
874,Bergen County,NJ,202402,2651.17,0.0002,0.0577,"New York-Newark-Jersey City, NY-NJ-PA"
874,Bergen County,NJ,202403,2668.13,0.0064,0.0549,"New York-Newark-Jersey City, NY-NJ-PA"
874,Bergen County,NJ,202404,2683.48,0.0058,0.0532,"New York-Newark-Jersey City, NY-NJ-PA"
874,Bergen County,NJ,202405,2701.97,0.0069,0.0509,"New York-Newark-Jersey City, NY-NJ-PA"
874,Bergen County,NJ,202406,2718.49,0.0061,0.0515,"New York-Newark-Jersey City, NY-NJ-PA"
874,Bergen County,NJ,202407,2729.94,0.0042,0.0497,"New York-Newark-Jersey City, NY-NJ-PA"
874,Bergen County,NJ,202408,2741.39,0.0042,0.049,"New York-Newark-Jersey City, NY-NJ-PA"
874,Bergen County,NJ,202409,2745.61,0.0015,0.0446,"New York-Newark-Jersey City, NY-NJ-PA"
874,Bergen County,NJ,202410,2738.1,-0.0027,0.0397,"New York-Newark-Jersey City, NY-NJ-PA"
874,Bergen County,NJ,202411,2726.98,-0.0041,0.0324,"New York-Newark-Jersey City, NY-NJ-PA"
874,Bergen County,NJ,202412,2731.38,0.0016,0.0343,"New York-Newark-Jersey City, NY-NJ-PA"
874,Bergen County,NJ,202501,2739.1,0.0028,0.0334,"New York-Newark-Jersey City, NY-NJ-PA"
874,Bergen County,NJ,202502,2743.25,0.0015,0.0347,"New York-Newark-Jersey City, NY-NJ-PA"
874,Bergen County,NJ,202503,2752.3,0.0033,0.0315,"New York-Newark-Jersey City, NY-NJ-PA"
874,Bergen County,NJ,202504,2762.32,0.0036,0.0294,"New York-Newark-Jersey City, NY-NJ-PA"
874,Bergen County,NJ,202505,2782.42,0.0073,0.0298,"New York-Newark-Jersey City, NY-NJ-PA"
874,Bergen County,NJ,202506,2788.04,0.002,0.0256,"New York-Newark-Jersey City, NY-NJ-PA"
874,Bergen County,NJ,202507,2803.32,0.0055,0.0269,"New York-Newark-Jersey City, NY-NJ-PA"
874,Bergen County,NJ,202508,2815.36,0.0043,0.027,"New York-Newark-Jersey City, NY-NJ-PA"
874,Bergen County,NJ,202509,2822.91,0.0027,0.0282,"New York-Newark-Jersey City, NY-NJ-PA"
874,Bergen County,NJ,202510,2817.69,-0.0018,0.0291,"New York-Newark-Jersey City, NY-NJ-PA"
874,Bergen County,NJ,202511,2828.47,0.0038,0.0372,"New York-Newark-Jersey City, NY-NJ-PA"
874,Bergen County,NJ,202512,2833.54,0.0018,0.0374,"New York-Newark-Jersey City, NY-NJ-PA"
874,Bergen County,NJ,202601,2847.71,0.005,0.0396,"New York-Newark-Jersey City, NY-NJ-PA"
874,Bergen County,NJ,202602,2849.56,0.0007,0.0388,"New York-Newark-Jersey City, NY-NJ-PA"
874,Bergen County,NJ,202603,2843.77,-0.002,0.0332,"New York-Newark-Jersey City, NY-NJ-PA"
874,Bergen County,NJ,202604,2858.27,0.0051,0.0347,"New York-Newark-Jersey City, NY-NJ-PA"
874,Bergen County,NJ,202605,2869.14,0.0038,0.0312,"New York-Newark-Jersey City, NY-NJ-PA"
874,Bergen County,NJ,202606,2884.73,0.0054,0.0347,"New York-Newark-Jersey City, NY-NJ-PA"
874,Bergen County,NJ,202607,2888.73,0.0014,0.0305,"New York-Newark-Jersey City, NY-NJ-PA"
874,Bergen County,NJ,202608,2899.04,0.0036,0.0297,"New York-Newark-Jersey City, NY-NJ-PA"
911,Camden County,NJ,201501,1118.14,,,"Philadelphia-Camden-Wilmington, PA-NJ-DE-MD"
911,Camden County,NJ,201502,1130.45,0.011,,"Philadelphia-Camden-Wilmington, PA-NJ-DE-MD"
911,Camden County,NJ,201503,1132.64,0.0019,,"Philadelphia-Camden-Wilmington, PA-NJ-DE-MD"
911,Camden County,NJ,201504,1130.25,-0.0021,,"Philadelphia-Camden-Wilmington, PA-NJ-DE-MD"
911,Camden County,NJ,201505,1128.08,-0.0019,,"Philadelphia-Camden-Wilmington, PA-NJ-DE-MD"
911,Camden County,NJ,201506,1140.66,0.0111,,"Philadelphia-Camden-Wilmington, PA-NJ-DE-MD"
911,Camden County,NJ,201507,1146.4,0.005,,"Philadelphia-Camden-Wilmington, PA-NJ-DE-MD"
911,Camden County,NJ,201508,1157.86,0.01,,"Philadelphia-Camden-Wilmington, PA-NJ-DE-MD"
911,Camden County,NJ,201509,1154.09,-0.0033,,"Philadelphia-Camden-Wilmington, PA-NJ-DE-MD"
911,Camden County,NJ,201510,1154.93,0.0007,,"Philadelphia-Camden-Wilmington, PA-NJ-DE-MD"
911,Camden County,NJ,201511,1147.18,-0.0067,,"Philadelphia-Camden-Wilmington, PA-NJ-DE-MD"
911,Camden County,NJ,201512,1145.38,-0.0016,,"Philadelphia-Camden-Wilmington, PA-NJ-DE-MD"
911,Camden County,NJ,201601,1151.33,0.0052,0.0297,"Philadelphia-Camden-Wilmington, PA-NJ-DE-MD"
911,Camden County,NJ,201602,1159.13,0.0068,0.0254,"Philadelphia-Camden-Wilmington, PA-NJ-DE-MD"
911,Camden County,NJ,201603,1158.64,-0.0004,0.023,"Philadelphia-Camden-Wilmington, PA-NJ-DE-MD"
911,Camden County,NJ,201604,1167.06,0.0073,0.0326,"Philadelphia-Camden-Wilmington, PA-NJ-DE-MD"
911,Camden County,NJ,201605,1170.11,0.0026,0.0373,"Philadelphia-Camden-Wilmington, PA-NJ-DE-MD"
911,Camden County,NJ,201606,1180.97,0.0093,0.0353,"Philadelphia-Camden-Wilmington, PA-NJ-DE-MD"
911,Camden County,NJ,201607,1176.78,-0.0036,0.0265,"Philadelphia-Camden-Wilmington, PA-NJ-DE-MD"
911,Camden County,NJ,201608,1177.21,0.0004,0.0167,"Philadelphia-Camden-Wilmington, PA-NJ-DE-MD"
911,Camden County,NJ,201609,1180.69,0.003,0.0231,"Philadelphia-Camden-Wilmington, PA-NJ-DE-MD"
911,Camden County,NJ,201610,1180.05,-0.0005,0.0217,"Philadelphia-Camden-Wilmington, PA-NJ-DE-MD"
911,Camden County,NJ,201611,1187.11,0.006,0.0348,"Philadelphia-Camden-Wilmington, PA-NJ-DE-MD"
911,Camden County,NJ,201612,1189.74,0.0022,0.0387,"Philadelphia-Camden-Wilmington, PA-NJ-DE-MD"
911,Camden County,NJ,201701,1192.93,0.0027,0.0361,"Philadelphia-Camden-Wilmington, PA-NJ-DE-MD"
911,Camden County,NJ,201702,1186.35,-0.0055,0.0235,"Philadelphia-Camden-Wilmington, PA-NJ-DE-MD"
911,Camden County,NJ,201703,1188.17,0.0015,0.0255,"Philadelphia-Camden-Wilmington, PA-NJ-DE-MD"
911,Camden County,NJ,201704,1190.44,0.0019,0.02,"Philadelphia-Camden-Wilmington, PA-NJ-DE-MD"
911,Camden County,NJ,201705,1200.47,0.0084,0.0259,"Philadelphia-Camden-Wilmington, PA-NJ-DE-MD"
911,Camden County,NJ,201706,1199.41,-0.0009,0.0156,"Philadelphia-Camden-Wilmington, PA-NJ-DE-MD"
911,Camden County,NJ,201707,1203.44,0.0034,0.0227,"Philadelphia-Camden-Wilmington, PA-NJ-DE-MD"
911,Camden County,NJ,201708,1213.62,0.0085,0.0309,"Philadelphia-Camden-Wilmington, PA-NJ-DE-MD"
911,Camden County,NJ,201709,1220.85,0.006,0.034,"Philadelphia-Camden-Wilmington, PA-NJ-DE-MD"
911,Camden County,NJ,201710,1220.37,-0.0004,0.0342,"Philadelphia-Camden-Wilmington, PA-NJ-DE-MD"
911,Camden County,NJ,201711,1216.43,-0.0032,0.0247,"Philadelphia-Camden-Wilmington, PA-NJ-DE-MD"
911,Camden County,NJ,201712,1215.48,-0.0008,0.0216,"Philadelphia-Camden-Wilmington, PA-NJ-DE-MD"
911,Camden County,NJ,201801,1216.56,0.0009,0.0198,"Philadelphia-Camden-Wilmington, PA-NJ-DE-MD"
911,Camden County,NJ,201802,1217.68,0.0009,0.0264,"Philadelphia-Camden-Wilmington, PA-NJ-DE-MD"
911,Camden County,NJ,201803,1224.42,0.0055,0.0305,"Philadelphia-Camden-Wilmington, PA-NJ-DE-MD"
911,Camden County,NJ,201804,1231.65,0.0059,0.0346,"Philadelphia-Camden-Wilmington, PA-NJ-DE-MD"
911,Camden County,NJ,201805,1239.54,0.0064,0.0325,"Philadelphia-Camden-Wilmington, PA-NJ-DE-MD"
911,Camden County,NJ,201806,1244.97,0.0044,0.038,"Philadelphia-Camden-Wilmington, PA-NJ-DE-MD"
911,Camden County,NJ,201807,1252.85,0.0063,0.0411,"Philadelphia-Camden-Wilmington, PA-NJ-DE-MD"
911,Camden County,NJ,201808,1252.83,-0.0,0.0323,"Philadelphia-Camden-Wilmington, PA-NJ-DE-MD"
911,Camden County,NJ,201809,1255.69,0.0023,0.0285,"Philadelphia-Camden-Wilmington, PA-NJ-DE-MD"
911,Camden County,NJ,201810,1258.27,0.0021,0.0311,"Philadelphia-Camden-Wilmington, PA-NJ-DE-MD"
911,Camden County,NJ,201811,1258.92,0.0005,0.0349,"Philadelphia-Camden-Wilmington, PA-NJ-DE-MD"
911,Camden County,NJ,201812,1252.11,-0.0054,0.0301,"Philadelphia-Camden-Wilmington, PA-NJ-DE-MD"
911,Camden County,NJ,201901,1247.68,-0.0035,0.0256,"Philadelphia-Camden-Wilmington, PA-NJ-DE-MD"
911,Camden County,NJ,201902,1250.22,0.002,0.0267,"Philadelphia-Camden-Wilmington, PA-NJ-DE-MD"
911,Camden County,NJ,201903,1266.34,0.0129,0.0342,"Philadelphia-Camden-Wilmington, PA-NJ-DE-MD"
911,Camden County,NJ,201904,1278.48,0.0096,0.038,"Philadelphia-Camden-Wilmington, PA-NJ-DE-MD"
911,Camden County,NJ,201905,1284.63,0.0048,0.0364,"Philadelphia-Camden-Wilmington, PA-NJ-DE-MD"
911,Camden County,NJ,201906,1291.41,0.0053,0.0373,"Philadelphia-Camden-Wilmington, PA-NJ-DE-MD"
911,Camden County,NJ,201907,1296.7,0.0041,0.035,"Philadelphia-Camden-Wilmington, PA-NJ-DE-MD"
911,Camden County,NJ,201908,1294.93,-0.0014,0.0336,"Philadelphia-Camden-Wilmington, PA-NJ-DE-MD"
911,Camden County,NJ,201909,1297.48,0.002,0.0333,"Philadelphia-Camden-Wilmington, PA-NJ-DE-MD"
911,Camden County,NJ,201910,1296.97,-0.0004,0.0308,"Philadelphia-Camden-Wilmington, PA-NJ-DE-MD"
911,Camden County,NJ,201911,1302.43,0.0042,0.0346,"Philadelphia-Camden-Wilmington, PA-NJ-DE-MD"
911,Camden County,NJ,201912,1311.13,0.0067,0.0471,"Philadelphia-Camden-Wilmington, PA-NJ-DE-MD"
911,Camden County,NJ,202001,1316.3,0.0039,0.055,"Philadelphia-Camden-Wilmington, PA-NJ-DE-MD"
911,Camden County,NJ,202002,1332.3,0.0122,0.0657,"Philadelphia-Camden-Wilmington, PA-NJ-DE-MD"
911,Camden County,NJ,202003,1331.4,-0.0007,0.0514,"Philadelphia-Camden-Wilmington, PA-NJ-DE-MD"
911,Camden County,NJ,202004,1334.55,0.0024,0.0439,"Philadelphia-Camden-Wilmington, PA-NJ-DE-MD"
911,Camden County,NJ,202005,1325.45,-0.0068,0.0318,"Philadelphia-Camden-Wilmington, PA-NJ-DE-MD"
911,Camden County,NJ,202006,1330.72,0.004,0.0304,"Philadelphia-Camden-Wilmington, PA-NJ-DE-MD"
911,Camden County,NJ,202007,1340.59,0.0074,0.0338,"Philadelphia-Camden-Wilmington, PA-NJ-DE-MD"
911,Camden County,NJ,202008,1354.71,0.0105,0.0462,"Philadelphia-Camden-Wilmington, PA-NJ-DE-MD"
911,Camden County,NJ,202009,1367.56,0.0095,0.054,"Philadelphia-Camden-Wilmington, PA-NJ-DE-MD"
911,Camden County,NJ,202010,1380.12,0.0092,0.0641,"Philadelphia-Camden-Wilmington, PA-NJ-DE-MD"
911,Camden County,NJ,202011,1391.66,0.0084,0.0685,"Philadelphia-Camden-Wilmington, PA-NJ-DE-MD"
911,Camden County,NJ,202012,1391.44,-0.0002,0.0613,"Philadelphia-Camden-Wilmington, PA-NJ-DE-MD"
911,Camden County,NJ,202101,1398.04,0.0047,0.0621,"Philadelphia-Camden-Wilmington, PA-NJ-DE-MD"
911,Camden County,NJ,202102,1411.12,0.0094,0.0592,"Philadelphia-Camden-Wilmington, PA-NJ-DE-MD"
911,Camden County,NJ,202103,1425.21,0.01,0.0705,"Philadelphia-Camden-Wilmington, PA-NJ-DE-MD"
911,Camden County,NJ,202104,1447.55,0.0157,0.0847,"Philadelphia-Camden-Wilmington, PA-NJ-DE-MD"
911,Camden County,NJ,202105,1479.16,0.0218,0.116,"Philadelphia-Camden-Wilmington, PA-NJ-DE-MD"
911,Camden County,NJ,202106,1510.66,0.0213,0.1352,"Philadelphia-Camden-Wilmington, PA-NJ-DE-MD"
911,Camden County,NJ,202107,1553.54,0.0284,0.1588,"Philadelphia-Camden-Wilmington, PA-NJ-DE-MD"
911,Camden County,NJ,202108,1587.4,0.0218,0.1718,"Philadelphia-Camden-Wilmington, PA-NJ-DE-MD"
911,Camden County,NJ,202109,1609.87,0.0142,0.1772,"Philadelphia-Camden-Wilmington, PA-NJ-DE-MD"
911,Camden County,NJ,202110,1620.98,0.0069,0.1745,"Philadelphia-Camden-Wilmington, PA-NJ-DE-MD"
911,Camden County,NJ,202111,1620.54,-0.0003,0.1645,"Philadelphia-Camden-Wilmington, PA-NJ-DE-MD"
911,Camden County,NJ,202112,1649.84,0.0181,0.1857,"Philadelphia-Camden-Wilmington, PA-NJ-DE-MD"
911,Camden County,NJ,202201,1642.76,-0.0043,0.175,"Philadelphia-Camden-Wilmington, PA-NJ-DE-MD"
911,Camden County,NJ,202202,1653.77,0.0067,0.172,"Philadelphia-Camden-Wilmington, PA-NJ-DE-MD"
911,Camden County,NJ,202203,1648.25,-0.0033,0.1565,"Philadelphia-Camden-Wilmington, PA-NJ-DE-MD"
911,Camden County,NJ,202204,1675.13,0.0163,0.1572,"Philadelphia-Camden-Wilmington, PA-NJ-DE-MD"
911,Camden County,NJ,202205,1694.48,0.0116,0.1456,"Philadelphia-Camden-Wilmington, PA-NJ-DE-MD"
911,Camden County,NJ,202206,1722.28,0.0164,0.1401,"Philadelphia-Camden-Wilmington, PA-NJ-DE-MD"
911,Camden County,NJ,202207,1745.37,0.0134,0.1235,"Philadelphia-Camden-Wilmington, PA-NJ-DE-MD"
911,Camden County,NJ,202208,1764.74,0.0111,0.1117,"Philadelphia-Camden-Wilmington, PA-NJ-DE-MD"
911,Camden County,NJ,202209,1766.84,0.0012,0.0975,"Philadelphia-Camden-Wilmington, PA-NJ-DE-MD"
911,Camden County,NJ,202210,1760.72,-0.0035,0.0862,"Philadelphia-Camden-Wilmington, PA-NJ-DE-MD"
911,Camden County,NJ,202211,1770.38,0.0055,0.0925,"Philadelphia-Camden-Wilmington, PA-NJ-DE-MD"
911,Camden County,NJ,202212,1774.5,0.0023,0.0756,"Philadelphia-Camden-Wilmington, PA-NJ-DE-MD"
911,Camden County,NJ,202301,1773.12,-0.0008,0.0794,"Philadelphia-Camden-Wilmington, PA-NJ-DE-MD"
911,Camden County,NJ,202302,1752.97,-0.0114,0.06,"Philadelphia-Camden-Wilmington, PA-NJ-DE-MD"
911,Camden County,NJ,202303,1757.31,0.0025,0.0662,"Philadelphia-Camden-Wilmington, PA-NJ-DE-MD"
911,Camden County,NJ,202304,1763.91,0.0038,0.053,"Philadelphia-Camden-Wilmington, PA-NJ-DE-MD"
911,Camden County,NJ,202305,1776.65,0.0072,0.0485,"Philadelphia-Camden-Wilmington, PA-NJ-DE-MD"
911,Camden County,NJ,202306,1781.59,0.0028,0.0344,"Philadelphia-Camden-Wilmington, PA-NJ-DE-MD"
911,Camden County,NJ,202307,1793.06,0.0064,0.0273,"Philadelphia-Camden-Wilmington, PA-NJ-DE-MD"
911,Camden County,NJ,202308,1801.54,0.0047,0.0208,"Philadelphia-Camden-Wilmington, PA-NJ-DE-MD"
911,Camden County,NJ,202309,1811.47,0.0055,0.0253,"Philadelphia-Camden-Wilmington, PA-NJ-DE-MD"
911,Camden County,NJ,202310,1823.67,0.0067,0.0357,"Philadelphia-Camden-Wilmington, PA-NJ-DE-MD"
911,Camden County,NJ,202311,1830.25,0.0036,0.0338,"Philadelphia-Camden-Wilmington, PA-NJ-DE-MD"
911,Camden County,NJ,202312,1823.41,-0.0037,0.0276,"Philadelphia-Camden-Wilmington, PA-NJ-DE-MD"
911,Camden County,NJ,202401,1806.9,-0.0091,0.0191,"Philadelphia-Camden-Wilmington, PA-NJ-DE-MD"
911,Camden County,NJ,202402,1808.29,0.0008,0.0316,"Philadelphia-Camden-Wilmington, PA-NJ-DE-MD"
911,Camden County,NJ,202403,1821.25,0.0072,0.0364,"Philadelphia-Camden-Wilmington, PA-NJ-DE-MD"
911,Camden County,NJ,202404,1846.26,0.0137,0.0467,"Philadelphia-Camden-Wilmington, PA-NJ-DE-MD"
911,Camden County,NJ,202405,1863.59,0.0094,0.0489,"Philadelphia-Camden-Wilmington, PA-NJ-DE-MD"
911,Camden County,NJ,202406,1877.57,0.0075,0.0539,"Philadelphia-Camden-Wilmington, PA-NJ-DE-MD"
911,Camden County,NJ,202407,1882.34,0.0025,0.0498,"Philadelphia-Camden-Wilmington, PA-NJ-DE-MD"
911,Camden County,NJ,202408,1884.46,0.0011,0.046,"Philadelphia-Camden-Wilmington, PA-NJ-DE-MD"
911,Camden County,NJ,202409,1897.3,0.0068,0.0474,"Philadelphia-Camden-Wilmington, PA-NJ-DE-MD"
911,Camden County,NJ,202410,1893.21,-0.0022,0.0381,"Philadelphia-Camden-Wilmington, PA-NJ-DE-MD"
911,Camden County,NJ,202411,1893.89,0.0004,0.0348,"Philadelphia-Camden-Wilmington, PA-NJ-DE-MD"
911,Camden County,NJ,202412,1889.79,-0.0022,0.0364,"Philadelphia-Camden-Wilmington, PA-NJ-DE-MD"
911,Camden County,NJ,202501,1910.08,0.0107,0.0571,"Philadelphia-Camden-Wilmington, PA-NJ-DE-MD"
911,Camden County,NJ,202502,1917.43,0.0039,0.0604,"Philadelphia-Camden-Wilmington, PA-NJ-DE-MD"
911,Camden County,NJ,202503,1918.95,0.0008,0.0536,"Philadelphia-Camden-Wilmington, PA-NJ-DE-MD"
911,Camden County,NJ,202504,1911.19,-0.004,0.0352,"Philadelphia-Camden-Wilmington, PA-NJ-DE-MD"
911,Camden County,NJ,202505,1913.33,0.0011,0.0267,"Philadelphia-Camden-Wilmington, PA-NJ-DE-MD"
911,Camden County,NJ,202506,1920.56,0.0038,0.0229,"Philadelphia-Camden-Wilmington, PA-NJ-DE-MD"
911,Camden County,NJ,202507,1933.28,0.0066,0.0271,"Philadelphia-Camden-Wilmington, PA-NJ-DE-MD"
911,Camden County,NJ,202508,1941.05,0.004,0.03,"Philadelphia-Camden-Wilmington, PA-NJ-DE-MD"
911,Camden County,NJ,202509,1944.29,0.0017,0.0248,"Philadelphia-Camden-Wilmington, PA-NJ-DE-MD"
911,Camden County,NJ,202510,1942.41,-0.001,0.026,"Philadelphia-Camden-Wilmington, PA-NJ-DE-MD"
911,Camden County,NJ,202511,1952.81,0.0054,0.0311,"Philadelphia-Camden-Wilmington, PA-NJ-DE-MD"
911,Camden County,NJ,202512,1956.95,0.0021,0.0355,"Philadelphia-Camden-Wilmington, PA-NJ-DE-MD"
911,Camden County,NJ,202601,1956.5,-0.0002,0.0243,"Philadelphia-Camden-Wilmington, PA-NJ-DE-MD"
911,Camden County,NJ,202602,1961.79,0.0027,0.0231,"Philadelphia-Camden-Wilmington, PA-NJ-DE-MD"
911,Camden County,NJ,202603,1961.5,-0.0001,0.0222,"Philadelphia-Camden-Wilmington, PA-NJ-DE-MD"
911,Camden County,NJ,202604,1972.78,0.0058,0.0322,"Philadelphia-Camden-Wilmington, PA-NJ-DE-MD"
911,Camden County,NJ,202605,1965.83,-0.0035,0.0274,"Philadelphia-Camden-Wilmington, PA-NJ-DE-MD"
911,Camden County,NJ,202606,1982.08,0.0083,0.032,"Philadelphia-Camden-Wilmington, PA-NJ-DE-MD"
911,Camden County,NJ,202607,1992.09,0.005,0.0304,"Philadelphia-Camden-Wilmington, PA-NJ-DE-MD"
911,Camden County,NJ,202608,2009.03,0.0085,0.035,"Philadelphia-Camden-Wilmington, PA-NJ-DE-MD"
1106,Hudson County,NJ,201501,1895.39,,,"New York-Newark-Jersey City, NY-NJ-PA"
1106,Hudson County,NJ,201502,1907.57,0.0064,,"New York-Newark-Jersey City, NY-NJ-PA"
1106,Hudson County,NJ,201503,1925.29,0.0093,,"New York-Newark-Jersey City, NY-NJ-PA"
1106,Hudson County,NJ,201504,1933.93,0.0045,,"New York-Newark-Jersey City, NY-NJ-PA"
1106,Hudson County,NJ,201505,1944.05,0.0052,,"New York-Newark-Jersey City, NY-NJ-PA"
1106,Hudson County,NJ,201506,1949.07,0.0026,,"New York-Newark-Jersey City, NY-NJ-PA"
1106,Hudson County,NJ,201507,1968.26,0.0098,,"New York-Newark-Jersey City, NY-NJ-PA"
1106,Hudson County,NJ,201508,1973.65,0.0027,,"New York-Newark-Jersey City, NY-NJ-PA"
1106,Hudson County,NJ,201509,1988.14,0.0073,,"New York-Newark-Jersey City, NY-NJ-PA"
1106,Hudson County,NJ,201510,1986.95,-0.0006,,"New York-Newark-Jersey City, NY-NJ-PA"
1106,Hudson County,NJ,201511,1991.13,0.0021,,"New York-Newark-Jersey City, NY-NJ-PA"
1106,Hudson County,NJ,201512,1984.63,-0.0033,,"New York-Newark-Jersey City, NY-NJ-PA"
1106,Hudson County,NJ,201601,1984.09,-0.0003,0.0468,"New York-Newark-Jersey City, NY-NJ-PA"
1106,Hudson County,NJ,201602,1993.5,0.0047,0.045,"New York-Newark-Jersey City, NY-NJ-PA"
1106,Hudson County,NJ,201603,1995.19,0.0008,0.0363,"New York-Newark-Jersey City, NY-NJ-PA"
1106,Hudson County,NJ,201604,2013.59,0.0092,0.0412,"New York-Newark-Jersey City, NY-NJ-PA"
1106,Hudson County,NJ,201605,2021.27,0.0038,0.0397,"New York-Newark-Jersey City, NY-NJ-PA"
1106,Hudson County,NJ,201606,2038.93,0.0087,0.0461,"New York-Newark-Jersey City, NY-NJ-PA"
1106,Hudson County,NJ,201607,2042.07,0.0015,0.0375,"New York-Newark-Jersey City, NY-NJ-PA"
1106,Hudson County,NJ,201608,2048.88,0.0033,0.0381,"New York-Newark-Jersey City, NY-NJ-PA"
1106,Hudson County,NJ,201609,2059.23,0.0051,0.0358,"New York-Newark-Jersey City, NY-NJ-PA"
1106,Hudson County,NJ,201610,2063.6,0.0021,0.0386,"New York-Newark-Jersey City, NY-NJ-PA"
1106,Hudson County,NJ,201611,2066.48,0.0014,0.0378,"New York-Newark-Jersey City, NY-NJ-PA"
1106,Hudson County,NJ,201612,2063.28,-0.0015,0.0396,"New York-Newark-Jersey City, NY-NJ-PA"
1106,Hudson County,NJ,201701,2067.47,0.002,0.042,"New York-Newark-Jersey City, NY-NJ-PA"
1106,Hudson County,NJ,201702,2071.7,0.002,0.0392,"New York-Newark-Jersey City, NY-NJ-PA"
1106,Hudson County,NJ,201703,2078.92,0.0035,0.042,"New York-Newark-Jersey City, NY-NJ-PA"
1106,Hudson County,NJ,201704,2085.97,0.0034,0.0359,"New York-Newark-Jersey City, NY-NJ-PA"
1106,Hudson County,NJ,201705,2096.77,0.0052,0.0374,"New York-Newark-Jersey City, NY-NJ-PA"
1106,Hudson County,NJ,201706,2106.15,0.0045,0.033,"New York-Newark-Jersey City, NY-NJ-PA"
1106,Hudson County,NJ,201707,2115.4,0.0044,0.0359,"New York-Newark-Jersey City, NY-NJ-PA"
1106,Hudson County,NJ,201708,2117.32,0.0009,0.0334,"New York-Newark-Jersey City, NY-NJ-PA"
1106,Hudson County,NJ,201709,2123.54,0.0029,0.0312,"New York-Newark-Jersey City, NY-NJ-PA"
1106,Hudson County,NJ,201710,2126.37,0.0013,0.0304,"New York-Newark-Jersey City, NY-NJ-PA"
1106,Hudson County,NJ,201711,2132.22,0.0028,0.0318,"New York-Newark-Jersey City, NY-NJ-PA"
1106,Hudson County,NJ,201712,2131.62,-0.0003,0.0331,"New York-Newark-Jersey City, NY-NJ-PA"
1106,Hudson County,NJ,201801,2128.69,-0.0014,0.0296,"New York-Newark-Jersey City, NY-NJ-PA"
1106,Hudson County,NJ,201802,2129.88,0.0006,0.0281,"New York-Newark-Jersey City, NY-NJ-PA"
1106,Hudson County,NJ,201803,2132.33,0.0012,0.0257,"New York-Newark-Jersey City, NY-NJ-PA"
1106,Hudson County,NJ,201804,2145.84,0.0063,0.0287,"New York-Newark-Jersey City, NY-NJ-PA"
1106,Hudson County,NJ,201805,2157.51,0.0054,0.029,"New York-Newark-Jersey City, NY-NJ-PA"
1106,Hudson County,NJ,201806,2170.45,0.006,0.0305,"New York-Newark-Jersey City, NY-NJ-PA"
1106,Hudson County,NJ,201807,2179.34,0.0041,0.0302,"New York-Newark-Jersey City, NY-NJ-PA"
1106,Hudson County,NJ,201808,2184.83,0.0025,0.0319,"New York-Newark-Jersey City, NY-NJ-PA"
1106,Hudson County,NJ,201809,2189.44,0.0021,0.031,"New York-Newark-Jersey City, NY-NJ-PA"
1106,Hudson County,NJ,201810,2189.33,-0.0001,0.0296,"New York-Newark-Jersey City, NY-NJ-PA"
1106,Hudson County,NJ,201811,2193.03,0.0017,0.0285,"New York-Newark-Jersey City, NY-NJ-PA"
1106,Hudson County,NJ,201812,2188.22,-0.0022,0.0266,"New York-Newark-Jersey City, NY-NJ-PA"
1106,Hudson County,NJ,201901,2189.28,0.0005,0.0285,"New York-Newark-Jersey City, NY-NJ-PA"
1106,Hudson County,NJ,201902,2188.44,-0.0004,0.0275,"New York-Newark-Jersey City, NY-NJ-PA"
1106,Hudson County,NJ,201903,2197.14,0.004,0.0304,"New York-Newark-Jersey City, NY-NJ-PA"
1106,Hudson County,NJ,201904,2208.83,0.0053,0.0294,"New York-Newark-Jersey City, NY-NJ-PA"
1106,Hudson County,NJ,201905,2221.8,0.0059,0.0298,"New York-Newark-Jersey City, NY-NJ-PA"
1106,Hudson County,NJ,201906,2237.48,0.0071,0.0309,"New York-Newark-Jersey City, NY-NJ-PA"
1106,Hudson County,NJ,201907,2246.49,0.004,0.0308,"New York-Newark-Jersey City, NY-NJ-PA"
1106,Hudson County,NJ,201908,2253.67,0.0032,0.0315,"New York-Newark-Jersey City, NY-NJ-PA"
1106,Hudson County,NJ,201909,2255.69,0.0009,0.0303,"New York-Newark-Jersey City, NY-NJ-PA"
1106,Hudson County,NJ,201910,2255.16,-0.0002,0.0301,"New York-Newark-Jersey City, NY-NJ-PA"
1106,Hudson County,NJ,201911,2254.56,-0.0003,0.0281,"New York-Newark-Jersey City, NY-NJ-PA"
1106,Hudson County,NJ,201912,2254.36,-0.0001,0.0302,"New York-Newark-Jersey City, NY-NJ-PA"
1106,Hudson County,NJ,202001,2258.64,0.0019,0.0317,"New York-Newark-Jersey City, NY-NJ-PA"
1106,Hudson County,NJ,202002,2267.96,0.0041,0.0363,"New York-Newark-Jersey City, NY-NJ-PA"
1106,Hudson County,NJ,202003,2275.14,0.0032,0.0355,"New York-Newark-Jersey City, NY-NJ-PA"
1106,Hudson County,NJ,202004,2264.27,-0.0048,0.0251,"New York-Newark-Jersey City, NY-NJ-PA"
1106,Hudson County,NJ,202005,2248.66,-0.0069,0.0121,"New York-Newark-Jersey City, NY-NJ-PA"
1106,Hudson County,NJ,202006,2235.32,-0.0059,-0.001,"New York-Newark-Jersey City, NY-NJ-PA"
1106,Hudson County,NJ,202009,2201.31,-0.0152,-0.0201,"New York-Newark-Jersey City, NY-NJ-PA"
1106,Hudson County,NJ,202010,2176.82,-0.0111,-0.0341,"New York-Newark-Jersey City, NY-NJ-PA"
1106,Hudson County,NJ,202011,2151.48,-0.0116,-0.0462,"New York-Newark-Jersey City, NY-NJ-PA"
1106,Hudson County,NJ,202012,2137.18,-0.0066,-0.0523,"New York-Newark-Jersey City, NY-NJ-PA"
1106,Hudson County,NJ,202101,2136.79,-0.0002,-0.0522,"New York-Newark-Jersey City, NY-NJ-PA"
1106,Hudson County,NJ,202102,2143.4,0.0031,-0.0492,"New York-Newark-Jersey City, NY-NJ-PA"
1106,Hudson County,NJ,202103,2147.48,0.0019,-0.0492,"New York-Newark-Jersey City, NY-NJ-PA"
1106,Hudson County,NJ,202104,2159.52,0.0056,-0.0478,"New York-Newark-Jersey City, NY-NJ-PA"
1106,Hudson County,NJ,202105,2179.68,0.0093,-0.042,"New York-Newark-Jersey City, NY-NJ-PA"
1106,Hudson County,NJ,202106,2211.97,0.0148,-0.0231,"New York-Newark-Jersey City, NY-NJ-PA"
1106,Hudson County,NJ,202107,2242.19,0.0137,-0.0029,"New York-Newark-Jersey City, NY-NJ-PA"
1106,Hudson County,NJ,202108,2281.16,0.0174,0.0205,"New York-Newark-Jersey City, NY-NJ-PA"
1106,Hudson County,NJ,202109,2310.1,0.0127,0.0494,"New York-Newark-Jersey City, NY-NJ-PA"
1106,Hudson County,NJ,202110,2344.07,0.0147,0.0768,"New York-Newark-Jersey City, NY-NJ-PA"
1106,Hudson County,NJ,202111,2364.84,0.0089,0.0992,"New York-Newark-Jersey City, NY-NJ-PA"
1106,Hudson County,NJ,202112,2384.05,0.0081,0.1155,"New York-Newark-Jersey City, NY-NJ-PA"
1106,Hudson County,NJ,202201,2392.62,0.0036,0.1197,"New York-Newark-Jersey City, NY-NJ-PA"
1106,Hudson County,NJ,202202,2408.87,0.0068,0.1239,"New York-Newark-Jersey City, NY-NJ-PA"
1106,Hudson County,NJ,202203,2436.87,0.0116,0.1348,"New York-Newark-Jersey City, NY-NJ-PA"
1106,Hudson County,NJ,202204,2479.18,0.0174,0.148,"New York-Newark-Jersey City, NY-NJ-PA"
1106,Hudson County,NJ,202205,2527.71,0.0196,0.1597,"New York-Newark-Jersey City, NY-NJ-PA"
1106,Hudson County,NJ,202206,2581.14,0.0211,0.1669,"New York-Newark-Jersey City, NY-NJ-PA"
1106,Hudson County,NJ,202207,2629.25,0.0186,0.1726,"New York-Newark-Jersey City, NY-NJ-PA"
1106,Hudson County,NJ,202208,2663.41,0.013,0.1676,"New York-Newark-Jersey City, NY-NJ-PA"
1106,Hudson County,NJ,202209,2669.0,0.0021,0.1554,"New York-Newark-Jersey City, NY-NJ-PA"
1106,Hudson County,NJ,202210,2668.7,-0.0001,0.1385,"New York-Newark-Jersey City, NY-NJ-PA"
1106,Hudson County,NJ,202211,2658.43,-0.0038,0.1241,"New York-Newark-Jersey City, NY-NJ-PA"
1106,Hudson County,NJ,202212,2652.06,-0.0024,0.1124,"New York-Newark-Jersey City, NY-NJ-PA"
1106,Hudson County,NJ,202301,2645.27,-0.0026,0.1056,"New York-Newark-Jersey City, NY-NJ-PA"
1106,Hudson County,NJ,202302,2653.19,0.003,0.1014,"New York-Newark-Jersey City, NY-NJ-PA"
1106,Hudson County,NJ,202303,2678.57,0.0096,0.0992,"New York-Newark-Jersey City, NY-NJ-PA"
1106,Hudson County,NJ,202304,2714.77,0.0135,0.095,"New York-Newark-Jersey City, NY-NJ-PA"
1106,Hudson County,NJ,202305,2749.23,0.0127,0.0876,"New York-Newark-Jersey City, NY-NJ-PA"
1106,Hudson County,NJ,202306,2772.88,0.0086,0.0743,"New York-Newark-Jersey City, NY-NJ-PA"
1106,Hudson County,NJ,202307,2786.03,0.0047,0.0596,"New York-Newark-Jersey City, NY-NJ-PA"
1106,Hudson County,NJ,202308,2797.96,0.0043,0.0505,"New York-Newark-Jersey City, NY-NJ-PA"
1106,Hudson County,NJ,202309,2804.07,0.0022,0.0506,"New York-Newark-Jersey City, NY-NJ-PA"
1106,Hudson County,NJ,202310,2797.99,-0.0022,0.0484,"New York-Newark-Jersey City, NY-NJ-PA"
1106,Hudson County,NJ,202311,2789.01,-0.0032,0.0491,"New York-Newark-Jersey City, NY-NJ-PA"
1106,Hudson County,NJ,202312,2772.44,-0.0059,0.0454,"New York-Newark-Jersey City, NY-NJ-PA"
1106,Hudson County,NJ,202401,2773.01,0.0002,0.0483,"New York-Newark-Jersey City, NY-NJ-PA"
1106,Hudson County,NJ,202402,2774.34,0.0005,0.0457,"New York-Newark-Jersey City, NY-NJ-PA"
1106,Hudson County,NJ,202403,2795.93,0.0078,0.0438,"New York-Newark-Jersey City, NY-NJ-PA"
1106,Hudson County,NJ,202404,2818.25,0.008,0.0381,"New York-Newark-Jersey City, NY-NJ-PA"
1106,Hudson County,NJ,202405,2844.32,0.0092,0.0346,"New York-Newark-Jersey City, NY-NJ-PA"
1106,Hudson County,NJ,202406,2863.13,0.0066,0.0325,"New York-Newark-Jersey City, NY-NJ-PA"
1106,Hudson County,NJ,202407,2868.35,0.0018,0.0295,"New York-Newark-Jersey City, NY-NJ-PA"
1106,Hudson County,NJ,202408,2874.16,0.002,0.0272,"New York-Newark-Jersey City, NY-NJ-PA"
1106,Hudson County,NJ,202409,2876.75,0.0009,0.0259,"New York-Newark-Jersey City, NY-NJ-PA"
1106,Hudson County,NJ,202410,2880.65,0.0014,0.0295,"New York-Newark-Jersey City, NY-NJ-PA"
1106,Hudson County,NJ,202411,2878.17,-0.0009,0.032,"New York-Newark-Jersey City, NY-NJ-PA"
1106,Hudson County,NJ,202412,2868.31,-0.0034,0.0346,"New York-Newark-Jersey City, NY-NJ-PA"
1106,Hudson County,NJ,202501,2870.39,0.0007,0.0351,"New York-Newark-Jersey City, NY-NJ-PA"
1106,Hudson County,NJ,202502,2880.69,0.0036,0.0383,"New York-Newark-Jersey City, NY-NJ-PA"
1106,Hudson County,NJ,202503,2902.88,0.0077,0.0383,"New York-Newark-Jersey City, NY-NJ-PA"
1106,Hudson County,NJ,202504,2921.83,0.0065,0.0368,"New York-Newark-Jersey City, NY-NJ-PA"
1106,Hudson County,NJ,202505,2939.17,0.0059,0.0333,"New York-Newark-Jersey City, NY-NJ-PA"
1106,Hudson County,NJ,202506,2950.04,0.0037,0.0304,"New York-Newark-Jersey City, NY-NJ-PA"
1106,Hudson County,NJ,202507,2961.29,0.0038,0.0324,"New York-Newark-Jersey City, NY-NJ-PA"
1106,Hudson County,NJ,202508,2969.68,0.0028,0.0332,"New York-Newark-Jersey City, NY-NJ-PA"
1106,Hudson County,NJ,202509,2973.91,0.0014,0.0338,"New York-Newark-Jersey City, NY-NJ-PA"
1106,Hudson County,NJ,202510,2964.92,-0.003,0.0293,"New York-Newark-Jersey City, NY-NJ-PA"
1106,Hudson County,NJ,202511,2960.06,-0.0016,0.0285,"New York-Newark-Jersey City, NY-NJ-PA"
1106,Hudson County,NJ,202512,2953.35,-0.0023,0.0296,"New York-Newark-Jersey City, NY-NJ-PA"
1106,Hudson County,NJ,202601,2960.33,0.0024,0.0313,"New York-Newark-Jersey City, NY-NJ-PA"
1106,Hudson County,NJ,202602,2963.53,0.0011,0.0288,"New York-Newark-Jersey City, NY-NJ-PA"
1106,Hudson County,NJ,202603,2980.55,0.0057,0.0268,"New York-Newark-Jersey City, NY-NJ-PA"
1106,Hudson County,NJ,202604,2991.6,0.0037,0.0239,"New York-Newark-Jersey City, NY-NJ-PA"
1106,Hudson County,NJ,202605,3014.73,0.0077,0.0257,"New York-Newark-Jersey City, NY-NJ-PA"
1106,Hudson County,NJ,202606,3029.74,0.005,0.027,"New York-Newark-Jersey City, NY-NJ-PA"
1106,Hudson County,NJ,202607,3049.43,0.0065,0.0298,"New York-Newark-Jersey City, NY-NJ-PA"
1106,Hudson County,NJ,202608,3055.97,0.0021,0.0291,"New York-Newark-Jersey City, NY-NJ-PA"
1201,Mercer County,NJ,201501,1477.24,,,"Trenton-Princeton, NJ"
1201,Mercer County,NJ,201502,1472.98,-0.0029,,"Trenton-Princeton, NJ"
1201,Mercer County,NJ,201503,1488.17,0.0103,,"Trenton-Princeton, NJ"
1201,Mercer County,NJ,201504,1509.4,0.0143,,"Trenton-Princeton, NJ"
1201,Mercer County,NJ,201505,1520.89,0.0076,,"Trenton-Princeton, NJ"
1201,Mercer County,NJ,201506,1516.92,-0.0026,,"Trenton-Princeton, NJ"
1201,Mercer County,NJ,201507,1518.66,0.0011,,"Trenton-Princeton, NJ"
1201,Mercer County,NJ,201508,1508.06,-0.007,,"Trenton-Princeton, NJ"
1201,Mercer County,NJ,201509,1503.5,-0.003,,"Trenton-Princeton, NJ"
1201,Mercer County,NJ,201510,1499.53,-0.0026,,"Trenton-Princeton, NJ"
1201,Mercer County,NJ,201511,1509.36,0.0066,,"Trenton-Princeton, NJ"
1201,Mercer County,NJ,201512,1520.31,0.0073,,"Trenton-Princeton, NJ"
1201,Mercer County,NJ,201601,1516.27,-0.0027,0.0264,"Trenton-Princeton, NJ"
1201,Mercer County,NJ,201602,1516.34,0.0,0.0294,"Trenton-Princeton, NJ"
1201,Mercer County,NJ,201603,1521.45,0.0034,0.0224,"Trenton-Princeton, NJ"
1201,Mercer County,NJ,201604,1539.81,0.0121,0.0201,"Trenton-Princeton, NJ"
1201,Mercer County,NJ,201605,1553.86,0.0091,0.0217,"Trenton-Princeton, NJ"
1201,Mercer County,NJ,201606,1560.76,0.0044,0.0289,"Trenton-Princeton, NJ"
1201,Mercer County,NJ,201607,1561.55,0.0005,0.0282,"Trenton-Princeton, NJ"
1201,Mercer County,NJ,201608,1554.74,-0.0044,0.031,"Trenton-Princeton, NJ"
1201,Mercer County,NJ,201609,1553.15,-0.001,0.033,"Trenton-Princeton, NJ"
1201,Mercer County,NJ,201610,1549.67,-0.0022,0.0334,"Trenton-Princeton, NJ"
1201,Mercer County,NJ,201611,1560.92,0.0073,0.0342,"Trenton-Princeton, NJ"
1201,Mercer County,NJ,201612,1559.87,-0.0007,0.026,"Trenton-Princeton, NJ"
1201,Mercer County,NJ,201701,1563.4,0.0023,0.0311,"Trenton-Princeton, NJ"
1201,Mercer County,NJ,201702,1555.95,-0.0048,0.0261,"Trenton-Princeton, NJ"
1201,Mercer County,NJ,201703,1562.9,0.0045,0.0272,"Trenton-Princeton, NJ"
1201,Mercer County,NJ,201704,1563.28,0.0002,0.0152,"Trenton-Princeton, NJ"
1201,Mercer County,NJ,201705,1577.86,0.0093,0.0154,"Trenton-Princeton, NJ"
1201,Mercer County,NJ,201706,1588.68,0.0069,0.0179,"Trenton-Princeton, NJ"
1201,Mercer County,NJ,201707,1596.54,0.005,0.0224,"Trenton-Princeton, NJ"
1201,Mercer County,NJ,201708,1589.34,-0.0045,0.0223,"Trenton-Princeton, NJ"
1201,Mercer County,NJ,201709,1580.47,-0.0056,0.0176,"Trenton-Princeton, NJ"
1201,Mercer County,NJ,201710,1586.44,0.0038,0.0237,"Trenton-Princeton, NJ"
1201,Mercer County,NJ,201711,1599.5,0.0082,0.0247,"Trenton-Princeton, NJ"
1201,Mercer County,NJ,201712,1611.65,0.0076,0.0332,"Trenton-Princeton, NJ"
1201,Mercer County,NJ,201801,1611.94,0.0002,0.031,"Trenton-Princeton, NJ"
1201,Mercer County,NJ,201802,1610.55,-0.0009,0.0351,"Trenton-Princeton, NJ"
1201,Mercer County,NJ,201803,1610.28,-0.0002,0.0303,"Trenton-Princeton, NJ"
1201,Mercer County,NJ,201804,1615.42,0.0032,0.0334,"Trenton-Princeton, NJ"
1201,Mercer County,NJ,201805,1629.22,0.0085,0.0325,"Trenton-Princeton, NJ"
1201,Mercer County,NJ,201806,1637.52,0.0051,0.0307,"Trenton-Princeton, NJ"
1201,Mercer County,NJ,201807,1642.08,0.0028,0.0285,"Trenton-Princeton, NJ"
1201,Mercer County,NJ,201808,1633.5,-0.0052,0.0278,"Trenton-Princeton, NJ"
1201,Mercer County,NJ,201809,1629.23,-0.0026,0.0308,"Trenton-Princeton, NJ"
1201,Mercer County,NJ,201810,1632.42,0.002,0.029,"Trenton-Princeton, NJ"
1201,Mercer County,NJ,201811,1626.93,-0.0034,0.0171,"Trenton-Princeton, NJ"
1201,Mercer County,NJ,201812,1633.59,0.0041,0.0136,"Trenton-Princeton, NJ"
1201,Mercer County,NJ,201901,1632.7,-0.0005,0.0129,"Trenton-Princeton, NJ"
1201,Mercer County,NJ,201902,1638.72,0.0037,0.0175,"Trenton-Princeton, NJ"
1201,Mercer County,NJ,201903,1643.99,0.0032,0.0209,"Trenton-Princeton, NJ"
1201,Mercer County,NJ,201904,1654.21,0.0062,0.024,"Trenton-Princeton, NJ"
1201,Mercer County,NJ,201905,1672.45,0.011,0.0265,"Trenton-Princeton, NJ"
1201,Mercer County,NJ,201906,1671.9,-0.0003,0.021,"Trenton-Princeton, NJ"
1201,Mercer County,NJ,201907,1668.06,-0.0023,0.0158,"Trenton-Princeton, NJ"
1201,Mercer County,NJ,201908,1663.67,-0.0026,0.0185,"Trenton-Princeton, NJ"
1201,Mercer County,NJ,201909,1681.13,0.0105,0.0319,"Trenton-Princeton, NJ"
1201,Mercer County,NJ,201910,1696.81,0.0093,0.0394,"Trenton-Princeton, NJ"
1201,Mercer County,NJ,201911,1710.04,0.0078,0.0511,"Trenton-Princeton, NJ"
1201,Mercer County,NJ,201912,1695.95,-0.0082,0.0382,"Trenton-Princeton, NJ"
1201,Mercer County,NJ,202001,1700.5,0.0027,0.0415,"Trenton-Princeton, NJ"
1201,Mercer County,NJ,202002,1698.15,-0.0014,0.0363,"Trenton-Princeton, NJ"
1201,Mercer County,NJ,202003,1707.66,0.0056,0.0387,"Trenton-Princeton, NJ"
1201,Mercer County,NJ,202004,1707.73,0.0,0.0324,"Trenton-Princeton, NJ"
1201,Mercer County,NJ,202005,1712.4,0.0027,0.0239,"Trenton-Princeton, NJ"
1201,Mercer County,NJ,202006,1731.86,0.0114,0.0359,"Trenton-Princeton, NJ"
1201,Mercer County,NJ,202007,1734.54,0.0016,0.0399,"Trenton-Princeton, NJ"
1201,Mercer County,NJ,202008,1746.18,0.0067,0.0496,"Trenton-Princeton, NJ"
1201,Mercer County,NJ,202009,1751.7,0.0032,0.042,"Trenton-Princeton, NJ"
1201,Mercer County,NJ,202010,1761.87,0.0058,0.0383,"Trenton-Princeton, NJ"
1201,Mercer County,NJ,202011,1766.27,0.0025,0.0329,"Trenton-Princeton, NJ"
1201,Mercer County,NJ,202012,1775.54,0.0052,0.0469,"Trenton-Princeton, NJ"
1201,Mercer County,NJ,202101,1790.84,0.0086,0.0531,"Trenton-Princeton, NJ"
1201,Mercer County,NJ,202102,1812.21,0.0119,0.0672,"Trenton-Princeton, NJ"
1201,Mercer County,NJ,202103,1822.93,0.0059,0.0675,"Trenton-Princeton, NJ"
1201,Mercer County,NJ,202104,1832.69,0.0054,0.0732,"Trenton-Princeton, NJ"
1201,Mercer County,NJ,202105,1841.08,0.0046,0.0752,"Trenton-Princeton, NJ"
1201,Mercer County,NJ,202106,1853.34,0.0067,0.0701,"Trenton-Princeton, NJ"
1201,Mercer County,NJ,202107,1875.41,0.0119,0.0812,"Trenton-Princeton, NJ"
1201,Mercer County,NJ,202108,1899.13,0.0126,0.0876,"Trenton-Princeton, NJ"
1201,Mercer County,NJ,202109,1920.88,0.0115,0.0966,"Trenton-Princeton, NJ"
1201,Mercer County,NJ,202110,1925.91,0.0026,0.0931,"Trenton-Princeton, NJ"
1201,Mercer County,NJ,202111,1953.45,0.0143,0.106,"Trenton-Princeton, NJ"
1201,Mercer County,NJ,202112,1966.07,0.0065,0.1073,"Trenton-Princeton, NJ"
1201,Mercer County,NJ,202201,2000.66,0.0176,0.1172,"Trenton-Princeton, NJ"
1201,Mercer County,NJ,202202,2021.67,0.0105,0.1156,"Trenton-Princeton, NJ"
1201,Mercer County,NJ,202203,2059.08,0.0185,0.1295,"Trenton-Princeton, NJ"
1201,Mercer County,NJ,202204,2072.21,0.0064,0.1307,"Trenton-Princeton, NJ"
1201,Mercer County,NJ,202205,2081.47,0.0045,0.1306,"Trenton-Princeton, NJ"
1201,Mercer County,NJ,202206,2098.91,0.0084,0.1325,"Trenton-Princeton, NJ"
1201,Mercer County,NJ,202207,2123.53,0.0117,0.1323,"Trenton-Princeton, NJ"
1201,Mercer County,NJ,202208,2140.31,0.0079,0.127,"Trenton-Princeton, NJ"
1201,Mercer County,NJ,202209,2145.69,0.0025,0.117,"Trenton-Princeton, NJ"
1201,Mercer County,NJ,202210,2135.32,-0.0048,0.1087,"Trenton-Princeton, NJ"
1201,Mercer County,NJ,202211,2144.75,0.0044,0.0979,"Trenton-Princeton, NJ"
1201,Mercer County,NJ,202212,2157.72,0.006,0.0975,"Trenton-Princeton, NJ"
1201,Mercer County,NJ,202301,2178.28,0.0095,0.0888,"Trenton-Princeton, NJ"
1201,Mercer County,NJ,202302,2185.35,0.0032,0.081,"Trenton-Princeton, NJ"
1201,Mercer County,NJ,202303,2189.33,0.0018,0.0633,"Trenton-Princeton, NJ"
1201,Mercer County,NJ,202304,2219.54,0.0138,0.0711,"Trenton-Princeton, NJ"
1201,Mercer County,NJ,202305,2252.51,0.0149,0.0822,"Trenton-Princeton, NJ"
1201,Mercer County,NJ,202306,2284.04,0.014,0.0882,"Trenton-Princeton, NJ"
1201,Mercer County,NJ,202307,2300.21,0.0071,0.0832,"Trenton-Princeton, NJ"
1201,Mercer County,NJ,202308,2287.15,-0.0057,0.0686,"Trenton-Princeton, NJ"
1201,Mercer County,NJ,202309,2276.8,-0.0045,0.0611,"Trenton-Princeton, NJ"
1201,Mercer County,NJ,202310,2285.17,0.0037,0.0702,"Trenton-Princeton, NJ"
1201,Mercer County,NJ,202311,2305.33,0.0088,0.0749,"Trenton-Princeton, NJ"
1201,Mercer County,NJ,202312,2309.82,0.0019,0.0705,"Trenton-Princeton, NJ"
1201,Mercer County,NJ,202401,2306.3,-0.0015,0.0588,"Trenton-Princeton, NJ"
1201,Mercer County,NJ,202402,2305.29,-0.0004,0.0549,"Trenton-Princeton, NJ"
1201,Mercer County,NJ,202403,2322.61,0.0075,0.0609,"Trenton-Princeton, NJ"
1201,Mercer County,NJ,202404,2327.11,0.0019,0.0485,"Trenton-Princeton, NJ"
1201,Mercer County,NJ,202405,2352.8,0.011,0.0445,"Trenton-Princeton, NJ"
1201,Mercer County,NJ,202406,2372.09,0.0082,0.0385,"Trenton-Princeton, NJ"
1201,Mercer County,NJ,202407,2385.4,0.0056,0.037,"Trenton-Princeton, NJ"
1201,Mercer County,NJ,202408,2376.78,-0.0036,0.0392,"Trenton-Princeton, NJ"
1201,Mercer County,NJ,202409,2374.21,-0.0011,0.0428,"Trenton-Princeton, NJ"
1201,Mercer County,NJ,202410,2379.81,0.0024,0.0414,"Trenton-Princeton, NJ"
1201,Mercer County,NJ,202411,2379.63,-0.0001,0.0322,"Trenton-Princeton, NJ"
1201,Mercer County,NJ,202412,2401.39,0.0091,0.0396,"Trenton-Princeton, NJ"
1201,Mercer County,NJ,202501,2408.22,0.0028,0.0442,"Trenton-Princeton, NJ"
1201,Mercer County,NJ,202502,2436.73,0.0118,0.057,"Trenton-Princeton, NJ"
1201,Mercer County,NJ,202503,2430.88,-0.0024,0.0466,"Trenton-Princeton, NJ"
1201,Mercer County,NJ,202504,2437.95,0.0029,0.0476,"Trenton-Princeton, NJ"
1201,Mercer County,NJ,202505,2439.12,0.0005,0.0367,"Trenton-Princeton, NJ"
1201,Mercer County,NJ,202506,2441.52,0.001,0.0293,"Trenton-Princeton, NJ"
1201,Mercer County,NJ,202507,2449.63,0.0033,0.0269,"Trenton-Princeton, NJ"
1201,Mercer County,NJ,202508,2441.0,-0.0035,0.027,"Trenton-Princeton, NJ"
1201,Mercer County,NJ,202509,2435.52,-0.0022,0.0258,"Trenton-Princeton, NJ"
1201,Mercer County,NJ,202510,2422.54,-0.0053,0.018,"Trenton-Princeton, NJ"
1201,Mercer County,NJ,202511,2436.99,0.006,0.0241,"Trenton-Princeton, NJ"
1201,Mercer County,NJ,202512,2458.2,0.0087,0.0237,"Trenton-Princeton, NJ"
1201,Mercer County,NJ,202601,2467.42,0.0038,0.0246,"Trenton-Princeton, NJ"
1201,Mercer County,NJ,202602,2453.69,-0.0056,0.007,"Trenton-Princeton, NJ"
1201,Mercer County,NJ,202603,2443.21,-0.0043,0.0051,"Trenton-Princeton, NJ"
1201,Mercer County,NJ,202604,2449.36,0.0025,0.0047,"Trenton-Princeton, NJ"
1201,Mercer County,NJ,202605,2472.81,0.0096,0.0138,"Trenton-Princeton, NJ"
1201,Mercer County,NJ,202606,2493.27,0.0083,0.0212,"Trenton-Princeton, NJ"
1201,Mercer County,NJ,202607,2507.58,0.0057,0.0237,"Trenton-Princeton, NJ"
1201,Mercer County,NJ,202608,2513.16,0.0022,0.0296,"Trenton-Princeton, NJ"
1241,Morris County,NJ,201501,1831.24,,,"New York-Newark-Jersey City, NY-NJ-PA"
1241,Morris County,NJ,201502,1840.35,0.005,,"New York-Newark-Jersey City, NY-NJ-PA"
1241,Morris County,NJ,201503,1858.66,0.01,,"New York-Newark-Jersey City, NY-NJ-PA"
1241,Morris County,NJ,201504,1860.34,0.0009,,"New York-Newark-Jersey City, NY-NJ-PA"
1241,Morris County,NJ,201505,1867.34,0.0038,,"New York-Newark-Jersey City, NY-NJ-PA"
1241,Morris County,NJ,201506,1866.74,-0.0003,,"New York-Newark-Jersey City, NY-NJ-PA"
1241,Morris County,NJ,201507,1883.24,0.0088,,"New York-Newark-Jersey City, NY-NJ-PA"
1241,Morris County,NJ,201508,1886.49,0.0017,,"New York-Newark-Jersey City, NY-NJ-PA"
1241,Morris County,NJ,201509,1896.29,0.0052,,"New York-Newark-Jersey City, NY-NJ-PA"
1241,Morris County,NJ,201510,1887.22,-0.0048,,"New York-Newark-Jersey City, NY-NJ-PA"
1241,Morris County,NJ,201511,1901.41,0.0075,,"New York-Newark-Jersey City, NY-NJ-PA"
1241,Morris County,NJ,201512,1905.85,0.0023,,"New York-Newark-Jersey City, NY-NJ-PA"
1241,Morris County,NJ,201601,1909.41,0.0019,0.0427,"New York-Newark-Jersey City, NY-NJ-PA"
1241,Morris County,NJ,201602,1909.93,0.0003,0.0378,"New York-Newark-Jersey City, NY-NJ-PA"
1241,Morris County,NJ,201603,1901.92,-0.0042,0.0233,"New York-Newark-Jersey City, NY-NJ-PA"
1241,Morris County,NJ,201604,1913.79,0.0062,0.0287,"New York-Newark-Jersey City, NY-NJ-PA"
1241,Morris County,NJ,201605,1919.74,0.0031,0.0281,"New York-Newark-Jersey City, NY-NJ-PA"
1241,Morris County,NJ,201606,1926.67,0.0036,0.0321,"New York-Newark-Jersey City, NY-NJ-PA"
1241,Morris County,NJ,201607,1930.55,0.002,0.0251,"New York-Newark-Jersey City, NY-NJ-PA"
1241,Morris County,NJ,201608,1916.76,-0.0071,0.016,"New York-Newark-Jersey City, NY-NJ-PA"
1241,Morris County,NJ,201609,1927.42,0.0056,0.0164,"New York-Newark-Jersey City, NY-NJ-PA"
1241,Morris County,NJ,201610,1916.62,-0.0056,0.0156,"New York-Newark-Jersey City, NY-NJ-PA"
1241,Morris County,NJ,201611,1917.29,0.0003,0.0083,"New York-Newark-Jersey City, NY-NJ-PA"
1241,Morris County,NJ,201612,1923.59,0.0033,0.0093,"New York-Newark-Jersey City, NY-NJ-PA"
1241,Morris County,NJ,201701,1941.47,0.0093,0.0168,"New York-Newark-Jersey City, NY-NJ-PA"
1241,Morris County,NJ,201702,1962.24,0.0107,0.0274,"New York-Newark-Jersey City, NY-NJ-PA"
1241,Morris County,NJ,201703,1964.09,0.0009,0.0327,"New York-Newark-Jersey City, NY-NJ-PA"
1241,Morris County,NJ,201704,1973.03,0.0046,0.031,"New York-Newark-Jersey City, NY-NJ-PA"
1241,Morris County,NJ,201705,1976.82,0.0019,0.0297,"New York-Newark-Jersey City, NY-NJ-PA"
1241,Morris County,NJ,201706,1981.74,0.0025,0.0286,"New York-Newark-Jersey City, NY-NJ-PA"
1241,Morris County,NJ,201707,1982.55,0.0004,0.0269,"New York-Newark-Jersey City, NY-NJ-PA"
1241,Morris County,NJ,201708,1992.59,0.0051,0.0396,"New York-Newark-Jersey City, NY-NJ-PA"
1241,Morris County,NJ,201709,1983.94,-0.0043,0.0293,"New York-Newark-Jersey City, NY-NJ-PA"
1241,Morris County,NJ,201710,1982.7,-0.0006,0.0345,"New York-Newark-Jersey City, NY-NJ-PA"
1241,Morris County,NJ,201711,1978.46,-0.0021,0.0319,"New York-Newark-Jersey City, NY-NJ-PA"
1241,Morris County,NJ,201712,2004.23,0.013,0.0419,"New York-Newark-Jersey City, NY-NJ-PA"
1241,Morris County,NJ,201801,2003.77,-0.0002,0.0321,"New York-Newark-Jersey City, NY-NJ-PA"
1241,Morris County,NJ,201802,2016.61,0.0064,0.0277,"New York-Newark-Jersey City, NY-NJ-PA"
1241,Morris County,NJ,201803,2010.6,-0.003,0.0237,"New York-Newark-Jersey City, NY-NJ-PA"
1241,Morris County,NJ,201804,2028.2,0.0088,0.028,"New York-Newark-Jersey City, NY-NJ-PA"
1241,Morris County,NJ,201805,2030.71,0.0012,0.0273,"New York-Newark-Jersey City, NY-NJ-PA"
1241,Morris County,NJ,201806,2037.49,0.0033,0.0281,"New York-Newark-Jersey City, NY-NJ-PA"
1241,Morris County,NJ,201807,2045.07,0.0037,0.0315,"New York-Newark-Jersey City, NY-NJ-PA"
1241,Morris County,NJ,201808,2050.67,0.0027,0.0291,"New York-Newark-Jersey City, NY-NJ-PA"
1241,Morris County,NJ,201809,2044.67,-0.0029,0.0306,"New York-Newark-Jersey City, NY-NJ-PA"
1241,Morris County,NJ,201810,2035.18,-0.0046,0.0265,"New York-Newark-Jersey City, NY-NJ-PA"
1241,Morris County,NJ,201811,2030.9,-0.0021,0.0265,"New York-Newark-Jersey City, NY-NJ-PA"
1241,Morris County,NJ,201812,2040.39,0.0047,0.018,"New York-Newark-Jersey City, NY-NJ-PA"
1241,Morris County,NJ,201901,2056.59,0.0079,0.0264,"New York-Newark-Jersey City, NY-NJ-PA"
1241,Morris County,NJ,201902,2062.91,0.0031,0.023,"New York-Newark-Jersey City, NY-NJ-PA"
1241,Morris County,NJ,201903,2072.59,0.0047,0.0308,"New York-Newark-Jersey City, NY-NJ-PA"
1241,Morris County,NJ,201904,2082.4,0.0047,0.0267,"New York-Newark-Jersey City, NY-NJ-PA"
1241,Morris County,NJ,201905,2090.13,0.0037,0.0293,"New York-Newark-Jersey City, NY-NJ-PA"
1241,Morris County,NJ,201906,2098.38,0.0039,0.0299,"New York-Newark-Jersey City, NY-NJ-PA"
1241,Morris County,NJ,201907,2089.4,-0.0043,0.0217,"New York-Newark-Jersey City, NY-NJ-PA"
1241,Morris County,NJ,201908,2094.84,0.0026,0.0215,"New York-Newark-Jersey City, NY-NJ-PA"
1241,Morris County,NJ,201909,2096.46,0.0008,0.0253,"New York-Newark-Jersey City, NY-NJ-PA"
1241,Morris County,NJ,201910,2095.05,-0.0007,0.0294,"New York-Newark-Jersey City, NY-NJ-PA"
1241,Morris County,NJ,201911,2091.54,-0.0017,0.0299,"New York-Newark-Jersey City, NY-NJ-PA"
1241,Morris County,NJ,201912,2096.97,0.0026,0.0277,"New York-Newark-Jersey City, NY-NJ-PA"
1241,Morris County,NJ,202001,2094.04,-0.0014,0.0182,"New York-Newark-Jersey City, NY-NJ-PA"
1241,Morris County,NJ,202002,2105.18,0.0053,0.0205,"New York-Newark-Jersey City, NY-NJ-PA"
1241,Morris County,NJ,202003,2099.09,-0.0029,0.0128,"New York-Newark-Jersey City, NY-NJ-PA"
1241,Morris County,NJ,202004,2116.88,0.0085,0.0166,"New York-Newark-Jersey City, NY-NJ-PA"
1241,Morris County,NJ,202005,2114.53,-0.0011,0.0117,"New York-Newark-Jersey City, NY-NJ-PA"
1241,Morris County,NJ,202006,2105.8,-0.0041,0.0035,"New York-Newark-Jersey City, NY-NJ-PA"
1241,Morris County,NJ,202007,2087.33,-0.0088,-0.001,"New York-Newark-Jersey City, NY-NJ-PA"
1241,Morris County,NJ,202008,2075.42,-0.0057,-0.0093,"New York-Newark-Jersey City, NY-NJ-PA"
1241,Morris County,NJ,202009,2082.68,0.0035,-0.0066,"New York-Newark-Jersey City, NY-NJ-PA"
1241,Morris County,NJ,202010,2112.78,0.0144,0.0085,"New York-Newark-Jersey City, NY-NJ-PA"
1241,Morris County,NJ,202011,2130.43,0.0084,0.0186,"New York-Newark-Jersey City, NY-NJ-PA"
1241,Morris County,NJ,202012,2130.51,0.0,0.016,"New York-Newark-Jersey City, NY-NJ-PA"
1241,Morris County,NJ,202101,2128.89,-0.0008,0.0166,"New York-Newark-Jersey City, NY-NJ-PA"
1241,Morris County,NJ,202102,2128.24,-0.0003,0.011,"New York-Newark-Jersey City, NY-NJ-PA"
1241,Morris County,NJ,202103,2153.76,0.012,0.026,"New York-Newark-Jersey City, NY-NJ-PA"
1241,Morris County,NJ,202104,2169.33,0.0072,0.0248,"New York-Newark-Jersey City, NY-NJ-PA"
1241,Morris County,NJ,202105,2209.95,0.0187,0.0451,"New York-Newark-Jersey City, NY-NJ-PA"
1241,Morris County,NJ,202106,2227.01,0.0077,0.0576,"New York-Newark-Jersey City, NY-NJ-PA"
1241,Morris County,NJ,202107,2254.18,0.0122,0.0799,"New York-Newark-Jersey City, NY-NJ-PA"
1241,Morris County,NJ,202108,2285.69,0.014,0.1013,"New York-Newark-Jersey City, NY-NJ-PA"
1241,Morris County,NJ,202109,2333.0,0.0207,0.1202,"New York-Newark-Jersey City, NY-NJ-PA"
1241,Morris County,NJ,202110,2365.24,0.0138,0.1195,"New York-Newark-Jersey City, NY-NJ-PA"
1241,Morris County,NJ,202111,2369.72,0.0019,0.1123,"New York-Newark-Jersey City, NY-NJ-PA"
1241,Morris County,NJ,202112,2369.24,-0.0002,0.1121,"New York-Newark-Jersey City, NY-NJ-PA"
1241,Morris County,NJ,202201,2359.61,-0.0041,0.1084,"New York-Newark-Jersey City, NY-NJ-PA"
1241,Morris County,NJ,202202,2356.9,-0.0011,0.1074,"New York-Newark-Jersey City, NY-NJ-PA"
1241,Morris County,NJ,202203,2372.68,0.0067,0.1016,"New York-Newark-Jersey City, NY-NJ-PA"
1241,Morris County,NJ,202204,2411.22,0.0162,0.1115,"New York-Newark-Jersey City, NY-NJ-PA"
1241,Morris County,NJ,202205,2452.93,0.0173,0.1099,"New York-Newark-Jersey City, NY-NJ-PA"
1241,Morris County,NJ,202206,2496.62,0.0178,0.1211,"New York-Newark-Jersey City, NY-NJ-PA"
1241,Morris County,NJ,202207,2524.44,0.0111,0.1199,"New York-Newark-Jersey City, NY-NJ-PA"
1241,Morris County,NJ,202208,2546.73,0.0088,0.1142,"New York-Newark-Jersey City, NY-NJ-PA"
1241,Morris County,NJ,202209,2546.76,0.0,0.0916,"New York-Newark-Jersey City, NY-NJ-PA"
1241,Morris County,NJ,202210,2549.56,0.0011,0.0779,"New York-Newark-Jersey City, NY-NJ-PA"
1241,Morris County,NJ,202211,2548.54,-0.0004,0.0755,"New York-Newark-Jersey City, NY-NJ-PA"
1241,Morris County,NJ,202212,2539.18,-0.0037,0.0717,"New York-Newark-Jersey City, NY-NJ-PA"
1241,Morris County,NJ,202301,2555.79,0.0065,0.0831,"New York-Newark-Jersey City, NY-NJ-PA"
1241,Morris County,NJ,202302,2557.69,0.0007,0.0852,"New York-Newark-Jersey City, NY-NJ-PA"
1241,Morris County,NJ,202303,2590.31,0.0128,0.0917,"New York-Newark-Jersey City, NY-NJ-PA"
1241,Morris County,NJ,202304,2584.16,-0.0024,0.0717,"New York-Newark-Jersey City, NY-NJ-PA"
1241,Morris County,NJ,202305,2620.78,0.0142,0.0684,"New York-Newark-Jersey City, NY-NJ-PA"
1241,Morris County,NJ,202306,2622.91,0.0008,0.0506,"New York-Newark-Jersey City, NY-NJ-PA"
1241,Morris County,NJ,202307,2644.48,0.0082,0.0476,"New York-Newark-Jersey City, NY-NJ-PA"
1241,Morris County,NJ,202308,2652.55,0.0031,0.0416,"New York-Newark-Jersey City, NY-NJ-PA"
1241,Morris County,NJ,202309,2663.76,0.0042,0.0459,"New York-Newark-Jersey City, NY-NJ-PA"
1241,Morris County,NJ,202310,2671.37,0.0029,0.0478,"New York-Newark-Jersey City, NY-NJ-PA"
1241,Morris County,NJ,202311,2666.96,-0.0016,0.0465,"New York-Newark-Jersey City, NY-NJ-PA"
1241,Morris County,NJ,202312,2669.71,0.001,0.0514,"New York-Newark-Jersey City, NY-NJ-PA"
1241,Morris County,NJ,202401,2668.93,-0.0003,0.0443,"New York-Newark-Jersey City, NY-NJ-PA"
1241,Morris County,NJ,202402,2674.33,0.002,0.0456,"New York-Newark-Jersey City, NY-NJ-PA"
1241,Morris County,NJ,202403,2685.22,0.0041,0.0366,"New York-Newark-Jersey City, NY-NJ-PA"
1241,Morris County,NJ,202404,2695.65,0.0039,0.0431,"New York-Newark-Jersey City, NY-NJ-PA"
1241,Morris County,NJ,202405,2703.75,0.003,0.0317,"New York-Newark-Jersey City, NY-NJ-PA"
1241,Morris County,NJ,202406,2752.31,0.018,0.0493,"New York-Newark-Jersey City, NY-NJ-PA"
1241,Morris County,NJ,202407,2763.04,0.0039,0.0448,"New York-Newark-Jersey City, NY-NJ-PA"
1241,Morris County,NJ,202408,2752.78,-0.0037,0.0378,"New York-Newark-Jersey City, NY-NJ-PA"
1241,Morris County,NJ,202409,2719.79,-0.012,0.021,"New York-Newark-Jersey City, NY-NJ-PA"
1241,Morris County,NJ,202410,2724.0,0.0015,0.0197,"New York-Newark-Jersey City, NY-NJ-PA"
1241,Morris County,NJ,202411,2747.85,0.0088,0.0303,"New York-Newark-Jersey City, NY-NJ-PA"
1241,Morris County,NJ,202412,2736.14,-0.0043,0.0249,"New York-Newark-Jersey City, NY-NJ-PA"
1241,Morris County,NJ,202501,2745.89,0.0036,0.0288,"New York-Newark-Jersey City, NY-NJ-PA"
1241,Morris County,NJ,202502,2751.7,0.0021,0.0289,"New York-Newark-Jersey City, NY-NJ-PA"
1241,Morris County,NJ,202503,2785.27,0.0122,0.0373,"New York-Newark-Jersey City, NY-NJ-PA"
1241,Morris County,NJ,202504,2803.87,0.0067,0.0401,"New York-Newark-Jersey City, NY-NJ-PA"
1241,Morris County,NJ,202505,2816.91,0.0047,0.0419,"New York-Newark-Jersey City, NY-NJ-PA"
1241,Morris County,NJ,202506,2831.31,0.0051,0.0287,"New York-Newark-Jersey City, NY-NJ-PA"
1241,Morris County,NJ,202507,2829.58,-0.0006,0.0241,"New York-Newark-Jersey City, NY-NJ-PA"
1241,Morris County,NJ,202508,2834.83,0.0019,0.0298,"New York-Newark-Jersey City, NY-NJ-PA"
1241,Morris County,NJ,202509,2825.76,-0.0032,0.039,"New York-Newark-Jersey City, NY-NJ-PA"
1241,Morris County,NJ,202510,2818.41,-0.0026,0.0347,"New York-Newark-Jersey City, NY-NJ-PA"
1241,Morris County,NJ,202511,2810.85,-0.0027,0.0229,"New York-Newark-Jersey City, NY-NJ-PA"
1241,Morris County,NJ,202512,2808.81,-0.0007,0.0266,"New York-Newark-Jersey City, NY-NJ-PA"
1241,Morris County,NJ,202601,2811.05,0.0008,0.0237,"New York-Newark-Jersey City, NY-NJ-PA"
1241,Morris County,NJ,202602,2820.72,0.0034,0.0251,"New York-Newark-Jersey City, NY-NJ-PA"
1241,Morris County,NJ,202603,2819.53,-0.0004,0.0123,"New York-Newark-Jersey City, NY-NJ-PA"
1241,Morris County,NJ,202604,2831.41,0.0042,0.0098,"New York-Newark-Jersey City, NY-NJ-PA"
1241,Morris County,NJ,202605,2845.5,0.005,0.0101,"New York-Newark-Jersey City, NY-NJ-PA"
1241,Morris County,NJ,202606,2870.67,0.0088,0.0139,"New York-Newark-Jersey City, NY-NJ-PA"
1241,Morris County,NJ,202607,2868.37,-0.0008,0.0137,"New York-Newark-Jersey City, NY-NJ-PA"
1241,Morris County,NJ,202608,2865.6,-0.001,0.0109,"New York-Newark-Jersey City, NY-NJ-PA"
1413,Sussex County,NJ,202201,1705.5,,,"New York-Newark-Jersey City, NY-NJ-PA"
1413,Sussex County,NJ,202202,1697.52,-0.0047,,"New York-Newark-Jersey City, NY-NJ-PA"
1413,Sussex County,NJ,202203,1659.27,-0.0225,,"New York-Newark-Jersey City, NY-NJ-PA"
1413,Sussex County,NJ,202204,1684.36,0.0151,,"New York-Newark-Jersey City, NY-NJ-PA"
1413,Sussex County,NJ,202205,1752.46,0.0404,,"New York-Newark-Jersey City, NY-NJ-PA"
1413,Sussex County,NJ,202206,1797.81,0.0259,,"New York-Newark-Jersey City, NY-NJ-PA"
1413,Sussex County,NJ,202207,1778.86,-0.0105,,"New York-Newark-Jersey City, NY-NJ-PA"
1413,Sussex County,NJ,202208,1762.49,-0.0092,,"New York-Newark-Jersey City, NY-NJ-PA"
1413,Sussex County,NJ,202209,1766.46,0.0022,,"New York-Newark-Jersey City, NY-NJ-PA"
1413,Sussex County,NJ,202210,1806.23,0.0225,,"New York-Newark-Jersey City, NY-NJ-PA"
1413,Sussex County,NJ,202211,1815.04,0.0049,,"New York-Newark-Jersey City, NY-NJ-PA"
1413,Sussex County,NJ,202212,1810.52,-0.0025,,"New York-Newark-Jersey City, NY-NJ-PA"
1413,Sussex County,NJ,202301,1793.0,-0.0097,0.0513,"New York-Newark-Jersey City, NY-NJ-PA"
1413,Sussex County,NJ,202302,1805.5,0.007,0.0636,"New York-Newark-Jersey City, NY-NJ-PA"
1413,Sussex County,NJ,202303,1815.02,0.0053,0.0939,"New York-Newark-Jersey City, NY-NJ-PA"
1413,Sussex County,NJ,202304,1820.86,0.0032,0.081,"New York-Newark-Jersey City, NY-NJ-PA"
1413,Sussex County,NJ,202305,1880.45,0.0327,0.073,"New York-Newark-Jersey City, NY-NJ-PA"
1413,Sussex County,NJ,202306,1906.03,0.0136,0.0602,"New York-Newark-Jersey City, NY-NJ-PA"
1413,Sussex County,NJ,202307,1943.2,0.0195,0.0924,"New York-Newark-Jersey City, NY-NJ-PA"
1413,Sussex County,NJ,202308,1899.44,-0.0225,0.0777,"New York-Newark-Jersey City, NY-NJ-PA"
1413,Sussex County,NJ,202309,1943.05,0.023,0.1,"New York-Newark-Jersey City, NY-NJ-PA"
1413,Sussex County,NJ,202310,1945.73,0.0014,0.0772,"New York-Newark-Jersey City, NY-NJ-PA"
1413,Sussex County,NJ,202311,1965.03,0.0099,0.0826,"New York-Newark-Jersey City, NY-NJ-PA"
1413,Sussex County,NJ,202312,1945.41,-0.01,0.0745,"New York-Newark-Jersey City, NY-NJ-PA"
1413,Sussex County,NJ,202401,1987.27,0.0215,0.1084,"New York-Newark-Jersey City, NY-NJ-PA"
1413,Sussex County,NJ,202402,1989.51,0.0011,0.1019,"New York-Newark-Jersey City, NY-NJ-PA"
1413,Sussex County,NJ,202403,2051.04,0.0309,0.13,"New York-Newark-Jersey City, NY-NJ-PA"
1413,Sussex County,NJ,202404,2035.39,-0.0076,0.1178,"New York-Newark-Jersey City, NY-NJ-PA"
1413,Sussex County,NJ,202405,2057.73,0.011,0.0943,"New York-Newark-Jersey City, NY-NJ-PA"
1413,Sussex County,NJ,202406,2033.38,-0.0118,0.0668,"New York-Newark-Jersey City, NY-NJ-PA"
1413,Sussex County,NJ,202407,2042.81,0.0046,0.0513,"New York-Newark-Jersey City, NY-NJ-PA"
1413,Sussex County,NJ,202408,2054.19,0.0056,0.0815,"New York-Newark-Jersey City, NY-NJ-PA"
1413,Sussex County,NJ,202409,2086.48,0.0157,0.0738,"New York-Newark-Jersey City, NY-NJ-PA"
1413,Sussex County,NJ,202410,2101.24,0.0071,0.0799,"New York-Newark-Jersey City, NY-NJ-PA"
1413,Sussex County,NJ,202411,2109.0,0.0037,0.0733,"New York-Newark-Jersey City, NY-NJ-PA"
1413,Sussex County,NJ,202412,2071.02,-0.018,0.0646,"New York-Newark-Jersey City, NY-NJ-PA"
1413,Sussex County,NJ,202501,2092.25,0.0102,0.0528,"New York-Newark-Jersey City, NY-NJ-PA"
1413,Sussex County,NJ,202502,2072.56,-0.0094,0.0417,"New York-Newark-Jersey City, NY-NJ-PA"
1413,Sussex County,NJ,202503,2080.8,0.004,0.0145,"New York-Newark-Jersey City, NY-NJ-PA"
1413,Sussex County,NJ,202504,2055.9,-0.012,0.0101,"New York-Newark-Jersey City, NY-NJ-PA"
1413,Sussex County,NJ,202505,2106.88,0.0248,0.0239,"New York-Newark-Jersey City, NY-NJ-PA"
1413,Sussex County,NJ,202506,2128.66,0.0103,0.0469,"New York-Newark-Jersey City, NY-NJ-PA"
1413,Sussex County,NJ,202507,2156.36,0.013,0.0556,"New York-Newark-Jersey City, NY-NJ-PA"
1413,Sussex County,NJ,202508,2144.39,-0.0056,0.0439,"New York-Newark-Jersey City, NY-NJ-PA"
1413,Sussex County,NJ,202509,2151.64,0.0034,0.0312,"New York-Newark-Jersey City, NY-NJ-PA"
1413,Sussex County,NJ,202510,2149.65,-0.0009,0.023,"New York-Newark-Jersey City, NY-NJ-PA"
1413,Sussex County,NJ,202511,2140.03,-0.0045,0.0147,"New York-Newark-Jersey City, NY-NJ-PA"
1413,Sussex County,NJ,202512,2118.32,-0.0101,0.0228,"New York-Newark-Jersey City, NY-NJ-PA"
1413,Sussex County,NJ,202601,2105.7,-0.006,0.0064,"New York-Newark-Jersey City, NY-NJ-PA"
1413,Sussex County,NJ,202602,2100.14,-0.0026,0.0133,"New York-Newark-Jersey City, NY-NJ-PA"
1413,Sussex County,NJ,202603,2121.58,0.0102,0.0196,"New York-Newark-Jersey City, NY-NJ-PA"
1413,Sussex County,NJ,202604,2141.02,0.0092,0.0414,"New York-Newark-Jersey City, NY-NJ-PA"
1413,Sussex County,NJ,202605,2175.86,0.0163,0.0327,"New York-Newark-Jersey City, NY-NJ-PA"
1413,Sussex County,NJ,202606,2199.83,0.011,0.0334,"New York-Newark-Jersey City, NY-NJ-PA"
1413,Sussex County,NJ,202607,2202.63,0.0013,0.0215,"New York-Newark-Jersey City, NY-NJ-PA"
1413,Sussex County,NJ,202608,2221.43,0.0085,0.0359,"New York-Newark-Jersey City, NY-NJ-PA"
1478,Warren County,NJ,201508,1117.42,,,"Allentown-Bethlehem-Easton, PA-NJ"
1478,Warren County,NJ,201509,1120.3,0.0026,,"Allentown-Bethlehem-Easton, PA-NJ"
1478,Warren County,NJ,201510,1129.15,0.0079,,"Allentown-Bethlehem-Easton, PA-NJ"
1478,Warren County,NJ,201511,1128.11,-0.0009,,"Allentown-Bethlehem-Easton, PA-NJ"
1478,Warren County,NJ,201512,1130.97,0.0025,,"Allentown-Bethlehem-Easton, PA-NJ"
1478,Warren County,NJ,201601,1111.37,-0.0173,,"Allentown-Bethlehem-Easton, PA-NJ"
1478,Warren County,NJ,201602,1099.41,-0.0108,,"Allentown-Bethlehem-Easton, PA-NJ"
1478,Warren County,NJ,201603,1071.85,-0.0251,,"Allentown-Bethlehem-Easton, PA-NJ"
1478,Warren County,NJ,201604,1082.11,0.0096,,"Allentown-Bethlehem-Easton, PA-NJ"
1478,Warren County,NJ,201605,1102.03,0.0184,,"Allentown-Bethlehem-Easton, PA-NJ"
1478,Warren County,NJ,201606,1143.81,0.0379,,"Allentown-Bethlehem-Easton, PA-NJ"
1478,Warren County,NJ,201607,1163.4,0.0171,,"Allentown-Bethlehem-Easton, PA-NJ"
1478,Warren County,NJ,201608,1159.69,-0.0032,0.0378,"Allentown-Bethlehem-Easton, PA-NJ"
1478,Warren County,NJ,201609,1151.64,-0.0069,0.028,"Allentown-Bethlehem-Easton, PA-NJ"
1478,Warren County,NJ,201610,1144.83,-0.0059,0.0139,"Allentown-Bethlehem-Easton, PA-NJ"
1478,Warren County,NJ,201611,1153.45,0.0075,0.0225,"Allentown-Bethlehem-Easton, PA-NJ"
1478,Warren County,NJ,201612,1124.18,-0.0254,-0.006,"Allentown-Bethlehem-Easton, PA-NJ"
1478,Warren County,NJ,201701,1130.35,0.0055,0.0171,"Allentown-Bethlehem-Easton, PA-NJ"
1478,Warren County,NJ,201702,1138.38,0.0071,0.0354,"Allentown-Bethlehem-Easton, PA-NJ"
1478,Warren County,NJ,201703,1176.67,0.0336,0.0978,"Allentown-Bethlehem-Easton, PA-NJ"
1478,Warren County,NJ,201704,1187.85,0.0095,0.0977,"Allentown-Bethlehem-Easton, PA-NJ"
1478,Warren County,NJ,201705,1200.15,0.0104,0.089,"Allentown-Bethlehem-Easton, PA-NJ"
1478,Warren County,NJ,201706,1212.4,0.0102,0.06,"Allentown-Bethlehem-Easton, PA-NJ"
1478,Warren County,NJ,201707,1212.2,-0.0002,0.0419,"Allentown-Bethlehem-Easton, PA-NJ"
1478,Warren County,NJ,201708,1197.53,-0.0121,0.0326,"Allentown-Bethlehem-Easton, PA-NJ"
1478,Warren County,NJ,201709,1201.93,0.0037,0.0437,"Allentown-Bethlehem-Easton, PA-NJ"
1478,Warren County,NJ,201710,1205.57,0.003,0.0531,"Allentown-Bethlehem-Easton, PA-NJ"
1478,Warren County,NJ,201711,1222.47,0.014,0.0598,"Allentown-Bethlehem-Easton, PA-NJ"
1478,Warren County,NJ,201712,1210.23,-0.01,0.0766,"Allentown-Bethlehem-Easton, PA-NJ"
1478,Warren County,NJ,201801,1191.17,-0.0158,0.0538,"Allentown-Bethlehem-Easton, PA-NJ"
1478,Warren County,NJ,201802,1214.5,0.0196,0.0669,"Allentown-Bethlehem-Easton, PA-NJ"
1478,Warren County,NJ,201803,1231.64,0.0141,0.0467,"Allentown-Bethlehem-Easton, PA-NJ"
1478,Warren County,NJ,201804,1263.24,0.0257,0.0635,"Allentown-Bethlehem-Easton, PA-NJ"
1478,Warren County,NJ,201805,1235.48,-0.022,0.0294,"Allentown-Bethlehem-Easton, PA-NJ"
1478,Warren County,NJ,201806,1248.96,0.0109,0.0302,"Allentown-Bethlehem-Easton, PA-NJ"
1478,Warren County,NJ,201807,1255.81,0.0055,0.036,"Allentown-Bethlehem-Easton, PA-NJ"
1478,Warren County,NJ,201808,1264.45,0.0069,0.0559,"Allentown-Bethlehem-Easton, PA-NJ"
1478,Warren County,NJ,201809,1259.24,-0.0041,0.0477,"Allentown-Bethlehem-Easton, PA-NJ"
1478,Warren County,NJ,201810,1262.48,0.0026,0.0472,"Allentown-Bethlehem-Easton, PA-NJ"
1478,Warren County,NJ,201811,1272.82,0.0082,0.0412,"Allentown-Bethlehem-Easton, PA-NJ"
1478,Warren County,NJ,201812,1277.78,0.0039,0.0558,"Allentown-Bethlehem-Easton, PA-NJ"
1478,Warren County,NJ,201901,1245.43,-0.0253,0.0455,"Allentown-Bethlehem-Easton, PA-NJ"
1478,Warren County,NJ,201902,1233.91,-0.0092,0.016,"Allentown-Bethlehem-Easton, PA-NJ"
1478,Warren County,NJ,201903,1242.52,0.007,0.0088,"Allentown-Bethlehem-Easton, PA-NJ"
1478,Warren County,NJ,201904,1284.6,0.0339,0.0169,"Allentown-Bethlehem-Easton, PA-NJ"
1478,Warren County,NJ,201905,1300.64,0.0125,0.0527,"Allentown-Bethlehem-Easton, PA-NJ"
1478,Warren County,NJ,201906,1300.91,0.0002,0.0416,"Allentown-Bethlehem-Easton, PA-NJ"
1478,Warren County,NJ,201907,1297.99,-0.0022,0.0336,"Allentown-Bethlehem-Easton, PA-NJ"
1478,Warren County,NJ,201908,1299.47,0.0011,0.0277,"Allentown-Bethlehem-Easton, PA-NJ"
1478,Warren County,NJ,201909,1282.8,-0.0128,0.0187,"Allentown-Bethlehem-Easton, PA-NJ"
1478,Warren County,NJ,201910,1298.92,0.0126,0.0289,"Allentown-Bethlehem-Easton, PA-NJ"
1478,Warren County,NJ,201911,1312.45,0.0104,0.0311,"Allentown-Bethlehem-Easton, PA-NJ"
1478,Warren County,NJ,201912,1332.43,0.0152,0.0428,"Allentown-Bethlehem-Easton, PA-NJ"
1478,Warren County,NJ,202001,1347.35,0.0112,0.0818,"Allentown-Bethlehem-Easton, PA-NJ"
1478,Warren County,NJ,202002,1345.03,-0.0017,0.0901,"Allentown-Bethlehem-Easton, PA-NJ"
1478,Warren County,NJ,202003,1350.9,0.0044,0.0872,"Allentown-Bethlehem-Easton, PA-NJ"
1478,Warren County,NJ,202004,1320.85,-0.0222,0.0282,"Allentown-Bethlehem-Easton, PA-NJ"
1478,Warren County,NJ,202005,1335.65,0.0112,0.0269,"Allentown-Bethlehem-Easton, PA-NJ"
1478,Warren County,NJ,202006,1355.81,0.0151,0.0422,"Allentown-Bethlehem-Easton, PA-NJ"
1478,Warren County,NJ,202007,1374.15,0.0135,0.0587,"Allentown-Bethlehem-Easton, PA-NJ"
1478,Warren County,NJ,202008,1370.21,-0.0029,0.0544,"Allentown-Bethlehem-Easton, PA-NJ"
1478,Warren County,NJ,202009,1379.14,0.0065,0.0751,"Allentown-Bethlehem-Easton, PA-NJ"
1478,Warren County,NJ,202011,1432.18,0.0385,0.1026,"Allentown-Bethlehem-Easton, PA-NJ"
1478,Warren County,NJ,202012,1452.0,0.0138,0.1063,"Allentown-Bethlehem-Easton, PA-NJ"
1478,Warren County,NJ,202101,1442.31,-0.0067,0.0825,"Allentown-Bethlehem-Easton, PA-NJ"
1478,Warren County,NJ,202102,1454.28,0.0083,0.0794,"Allentown-Bethlehem-Easton, PA-NJ"
1478,Warren County,NJ,202103,1451.04,-0.0022,0.0788,"Allentown-Bethlehem-Easton, PA-NJ"
1478,Warren County,NJ,202104,1459.03,0.0055,0.08,"Allentown-Bethlehem-Easton, PA-NJ"
1478,Warren County,NJ,202105,1473.93,0.0102,0.1159,"Allentown-Bethlehem-Easton, PA-NJ"
1478,Warren County,NJ,202106,1479.8,0.004,0.1079,"Allentown-Bethlehem-Easton, PA-NJ"
1478,Warren County,NJ,202107,1515.01,0.0238,0.1174,"Allentown-Bethlehem-Easton, PA-NJ"
1478,Warren County,NJ,202108,1527.47,0.0082,0.1116,"Allentown-Bethlehem-Easton, PA-NJ"
1478,Warren County,NJ,202109,1542.57,0.0099,0.1258,"Allentown-Bethlehem-Easton, PA-NJ"
1478,Warren County,NJ,202110,1563.62,0.0136,0.1338,"Allentown-Bethlehem-Easton, PA-NJ"
1478,Warren County,NJ,202111,1590.5,0.0172,0.1105,"Allentown-Bethlehem-Easton, PA-NJ"
1478,Warren County,NJ,202112,1627.76,0.0234,0.121,"Allentown-Bethlehem-Easton, PA-NJ"
1478,Warren County,NJ,202201,1618.62,-0.0056,0.1222,"Allentown-Bethlehem-Easton, PA-NJ"
1478,Warren County,NJ,202202,1644.97,0.0163,0.1311,"Allentown-Bethlehem-Easton, PA-NJ"
1478,Warren County,NJ,202203,1651.13,0.0037,0.1379,"Allentown-Bethlehem-Easton, PA-NJ"
1478,Warren County,NJ,202204,1676.96,0.0156,0.1494,"Allentown-Bethlehem-Easton, PA-NJ"
1478,Warren County,NJ,202205,1664.02,-0.0077,0.129,"Allentown-Bethlehem-Easton, PA-NJ"
1478,Warren County,NJ,202206,1683.38,0.0116,0.1376,"Allentown-Bethlehem-Easton, PA-NJ"
1478,Warren County,NJ,202207,1709.85,0.0157,0.1286,"Allentown-Bethlehem-Easton, PA-NJ"
1478,Warren County,NJ,202208,1738.94,0.017,0.1384,"Allentown-Bethlehem-Easton, PA-NJ"
1478,Warren County,NJ,202209,1765.63,0.0154,0.1446,"Allentown-Bethlehem-Easton, PA-NJ"
1478,Warren County,NJ,202210,1731.14,-0.0195,0.1071,"Allentown-Bethlehem-Easton, PA-NJ"
1478,Warren County,NJ,202211,1754.07,0.0132,0.1028,"Allentown-Bethlehem-Easton, PA-NJ"
1478,Warren County,NJ,202212,1749.35,-0.0027,0.0747,"Allentown-Bethlehem-Easton, PA-NJ"
1478,Warren County,NJ,202301,1815.19,0.0376,0.1214,"Allentown-Bethlehem-Easton, PA-NJ"
1478,Warren County,NJ,202302,1808.19,-0.0039,0.0992,"Allentown-Bethlehem-Easton, PA-NJ"
1478,Warren County,NJ,202303,1846.13,0.021,0.1181,"Allentown-Bethlehem-Easton, PA-NJ"
1478,Warren County,NJ,202304,1814.44,-0.0172,0.082,"Allentown-Bethlehem-Easton, PA-NJ"
1478,Warren County,NJ,202305,1830.4,0.0088,0.1,"Allentown-Bethlehem-Easton, PA-NJ"
1478,Warren County,NJ,202306,1820.51,-0.0054,0.0815,"Allentown-Bethlehem-Easton, PA-NJ"
1478,Warren County,NJ,202307,1859.5,0.0214,0.0875,"Allentown-Bethlehem-Easton, PA-NJ"
1478,Warren County,NJ,202308,1870.81,0.0061,0.0758,"Allentown-Bethlehem-Easton, PA-NJ"
1478,Warren County,NJ,202309,1868.26,-0.0014,0.0581,"Allentown-Bethlehem-Easton, PA-NJ"
1478,Warren County,NJ,202310,1858.89,-0.005,0.0738,"Allentown-Bethlehem-Easton, PA-NJ"
1478,Warren County,NJ,202311,1838.67,-0.0109,0.0482,"Allentown-Bethlehem-Easton, PA-NJ"
1478,Warren County,NJ,202312,1866.68,0.0152,0.0671,"Allentown-Bethlehem-Easton, PA-NJ"
1478,Warren County,NJ,202401,1873.66,0.0037,0.0322,"Allentown-Bethlehem-Easton, PA-NJ"
1478,Warren County,NJ,202402,1904.95,0.0167,0.0535,"Allentown-Bethlehem-Easton, PA-NJ"
1478,Warren County,NJ,202403,1891.88,-0.0069,0.0248,"Allentown-Bethlehem-Easton, PA-NJ"
1478,Warren County,NJ,202404,1895.94,0.0021,0.0449,"Allentown-Bethlehem-Easton, PA-NJ"
1478,Warren County,NJ,202405,1897.96,0.0011,0.0369,"Allentown-Bethlehem-Easton, PA-NJ"
1478,Warren County,NJ,202406,1901.23,0.0017,0.0443,"Allentown-Bethlehem-Easton, PA-NJ"
1478,Warren County,NJ,202407,1909.08,0.0041,0.0267,"Allentown-Bethlehem-Easton, PA-NJ"
1478,Warren County,NJ,202408,1929.72,0.0108,0.0315,"Allentown-Bethlehem-Easton, PA-NJ"
1478,Warren County,NJ,202409,1944.9,0.0079,0.041,"Allentown-Bethlehem-Easton, PA-NJ"
1478,Warren County,NJ,202410,1952.46,0.0039,0.0503,"Allentown-Bethlehem-Easton, PA-NJ"
1478,Warren County,NJ,202411,1957.76,0.0027,0.0648,"Allentown-Bethlehem-Easton, PA-NJ"
1478,Warren County,NJ,202412,1988.04,0.0155,0.065,"Allentown-Bethlehem-Easton, PA-NJ"
1478,Warren County,NJ,202501,2008.58,0.0103,0.072,"Allentown-Bethlehem-Easton, PA-NJ"
1478,Warren County,NJ,202502,1997.4,-0.0056,0.0485,"Allentown-Bethlehem-Easton, PA-NJ"
1478,Warren County,NJ,202503,2012.99,0.0078,0.064,"Allentown-Bethlehem-Easton, PA-NJ"
1478,Warren County,NJ,202504,2012.85,-0.0001,0.0617,"Allentown-Bethlehem-Easton, PA-NJ"
1478,Warren County,NJ,202505,2035.46,0.0112,0.0724,"Allentown-Bethlehem-Easton, PA-NJ"
1478,Warren County,NJ,202506,2012.1,-0.0115,0.0583,"Allentown-Bethlehem-Easton, PA-NJ"
1478,Warren County,NJ,202507,2026.27,0.007,0.0614,"Allentown-Bethlehem-Easton, PA-NJ"
1478,Warren County,NJ,202508,2029.51,0.0016,0.0517,"Allentown-Bethlehem-Easton, PA-NJ"
1478,Warren County,NJ,202509,2025.92,-0.0018,0.0417,"Allentown-Bethlehem-Easton, PA-NJ"
1478,Warren County,NJ,202510,2019.07,-0.0034,0.0341,"Allentown-Bethlehem-Easton, PA-NJ"
1478,Warren County,NJ,202511,2061.46,0.021,0.053,"Allentown-Bethlehem-Easton, PA-NJ"
1478,Warren County,NJ,202512,2071.41,0.0048,0.0419,"Allentown-Bethlehem-Easton, PA-NJ"
1478,Warren County,NJ,202601,2091.19,0.0095,0.0411,"Allentown-Bethlehem-Easton, PA-NJ"
1478,Warren County,NJ,202602,2072.04,-0.0092,0.0374,"Allentown-Bethlehem-Easton, PA-NJ"
1478,Warren County,NJ,202603,2101.81,0.0144,0.0441,"Allentown-Bethlehem-Easton, PA-NJ"
1478,Warren County,NJ,202604,2109.48,0.0036,0.048,"Allentown-Bethlehem-Easton, PA-NJ"
1478,Warren County,NJ,202605,2123.22,0.0065,0.0431,"Allentown-Bethlehem-Easton, PA-NJ"
1478,Warren County,NJ,202606,2108.35,-0.007,0.0478,"Allentown-Bethlehem-Easton, PA-NJ"
1478,Warren County,NJ,202607,2096.11,-0.0058,0.0345,"Allentown-Bethlehem-Easton, PA-NJ"
1478,Warren County,NJ,202608,2075.48,-0.0098,0.0226,"Allentown-Bethlehem-Easton, PA-NJ"
1964,Passaic County,NJ,201501,1276.97,,,"New York-Newark-Jersey City, NY-NJ-PA"
1964,Passaic County,NJ,201502,1287.17,0.008,,"New York-Newark-Jersey City, NY-NJ-PA"
1964,Passaic County,NJ,201503,1282.76,-0.0034,,"New York-Newark-Jersey City, NY-NJ-PA"
1964,Passaic County,NJ,201504,1287.56,0.0037,,"New York-Newark-Jersey City, NY-NJ-PA"
1964,Passaic County,NJ,201505,1288.26,0.0005,,"New York-Newark-Jersey City, NY-NJ-PA"
1964,Passaic County,NJ,201506,1292.59,0.0034,,"New York-Newark-Jersey City, NY-NJ-PA"
1964,Passaic County,NJ,201507,1290.13,-0.0019,,"New York-Newark-Jersey City, NY-NJ-PA"
1964,Passaic County,NJ,201508,1291.99,0.0014,,"New York-Newark-Jersey City, NY-NJ-PA"
1964,Passaic County,NJ,201509,1309.78,0.0138,,"New York-Newark-Jersey City, NY-NJ-PA"
1964,Passaic County,NJ,201510,1331.96,0.0169,,"New York-Newark-Jersey City, NY-NJ-PA"
1964,Passaic County,NJ,201511,1330.16,-0.0014,,"New York-Newark-Jersey City, NY-NJ-PA"
1964,Passaic County,NJ,201512,1328.13,-0.0015,,"New York-Newark-Jersey City, NY-NJ-PA"
1964,Passaic County,NJ,201601,1318.24,-0.0074,0.0323,"New York-Newark-Jersey City, NY-NJ-PA"
1964,Passaic County,NJ,201602,1338.68,0.0155,0.04,"New York-Newark-Jersey City, NY-NJ-PA"
1964,Passaic County,NJ,201603,1334.86,-0.0029,0.0406,"New York-Newark-Jersey City, NY-NJ-PA"
1964,Passaic County,NJ,201604,1341.19,0.0047,0.0416,"New York-Newark-Jersey City, NY-NJ-PA"
1964,Passaic County,NJ,201605,1343.02,0.0014,0.0425,"New York-Newark-Jersey City, NY-NJ-PA"
1964,Passaic County,NJ,201606,1338.81,-0.0031,0.0358,"New York-Newark-Jersey City, NY-NJ-PA"
1964,Passaic County,NJ,201607,1340.36,0.0012,0.0389,"New York-Newark-Jersey City, NY-NJ-PA"
1964,Passaic County,NJ,201608,1327.88,-0.0093,0.0278,"New York-Newark-Jersey City, NY-NJ-PA"
1964,Passaic County,NJ,201609,1335.6,0.0058,0.0197,"New York-Newark-Jersey City, NY-NJ-PA"
1964,Passaic County,NJ,201610,1349.32,0.0103,0.013,"New York-Newark-Jersey City, NY-NJ-PA"
1964,Passaic County,NJ,201611,1367.89,0.0138,0.0284,"New York-Newark-Jersey City, NY-NJ-PA"
1964,Passaic County,NJ,201612,1365.14,-0.002,0.0279,"New York-Newark-Jersey City, NY-NJ-PA"
1964,Passaic County,NJ,201701,1357.1,-0.0059,0.0295,"New York-Newark-Jersey City, NY-NJ-PA"
1964,Passaic County,NJ,201702,1363.03,0.0044,0.0182,"New York-Newark-Jersey City, NY-NJ-PA"
1964,Passaic County,NJ,201703,1381.74,0.0137,0.0351,"New York-Newark-Jersey City, NY-NJ-PA"
1964,Passaic County,NJ,201704,1400.46,0.0135,0.0442,"New York-Newark-Jersey City, NY-NJ-PA"
1964,Passaic County,NJ,201705,1409.64,0.0066,0.0496,"New York-Newark-Jersey City, NY-NJ-PA"
1964,Passaic County,NJ,201706,1407.45,-0.0016,0.0513,"New York-Newark-Jersey City, NY-NJ-PA"
1964,Passaic County,NJ,201707,1397.65,-0.007,0.0427,"New York-Newark-Jersey City, NY-NJ-PA"
1964,Passaic County,NJ,201708,1393.53,-0.0029,0.0494,"New York-Newark-Jersey City, NY-NJ-PA"
1964,Passaic County,NJ,201709,1400.89,0.0053,0.0489,"New York-Newark-Jersey City, NY-NJ-PA"
1964,Passaic County,NJ,201710,1399.85,-0.0007,0.0375,"New York-Newark-Jersey City, NY-NJ-PA"
1964,Passaic County,NJ,201711,1404.0,0.003,0.0264,"New York-Newark-Jersey City, NY-NJ-PA"
1964,Passaic County,NJ,201712,1415.03,0.0079,0.0366,"New York-Newark-Jersey City, NY-NJ-PA"
1964,Passaic County,NJ,201801,1424.19,0.0065,0.0494,"New York-Newark-Jersey City, NY-NJ-PA"
1964,Passaic County,NJ,201802,1399.69,-0.0172,0.0269,"New York-Newark-Jersey City, NY-NJ-PA"
1964,Passaic County,NJ,201803,1396.65,-0.0022,0.0108,"New York-Newark-Jersey City, NY-NJ-PA"
1964,Passaic County,NJ,201804,1412.32,0.0112,0.0085,"New York-Newark-Jersey City, NY-NJ-PA"
1964,Passaic County,NJ,201805,1451.58,0.0278,0.0298,"New York-Newark-Jersey City, NY-NJ-PA"
1964,Passaic County,NJ,201806,1465.24,0.0094,0.0411,"New York-Newark-Jersey City, NY-NJ-PA"
1964,Passaic County,NJ,201807,1462.6,-0.0018,0.0465,"New York-Newark-Jersey City, NY-NJ-PA"
1964,Passaic County,NJ,201808,1465.64,0.0021,0.0517,"New York-Newark-Jersey City, NY-NJ-PA"
1964,Passaic County,NJ,201809,1472.4,0.0046,0.051,"New York-Newark-Jersey City, NY-NJ-PA"
1964,Passaic County,NJ,201810,1482.88,0.0071,0.0593,"New York-Newark-Jersey City, NY-NJ-PA"
1964,Passaic County,NJ,201811,1490.34,0.005,0.0615,"New York-Newark-Jersey City, NY-NJ-PA"
1964,Passaic County,NJ,201812,1495.72,0.0036,0.057,"New York-Newark-Jersey City, NY-NJ-PA"
1964,Passaic County,NJ,201901,1493.94,-0.0012,0.049,"New York-Newark-Jersey City, NY-NJ-PA"
1964,Passaic County,NJ,201902,1488.41,-0.0037,0.0634,"New York-Newark-Jersey City, NY-NJ-PA"
1964,Passaic County,NJ,201903,1499.4,0.0074,0.0736,"New York-Newark-Jersey City, NY-NJ-PA"
1964,Passaic County,NJ,201904,1521.66,0.0148,0.0774,"New York-Newark-Jersey City, NY-NJ-PA"
1964,Passaic County,NJ,201905,1528.33,0.0044,0.0529,"New York-Newark-Jersey City, NY-NJ-PA"
1964,Passaic County,NJ,201906,1515.48,-0.0084,0.0343,"New York-Newark-Jersey City, NY-NJ-PA"
1964,Passaic County,NJ,201907,1515.4,-0.0001,0.0361,"New York-Newark-Jersey City, NY-NJ-PA"
1964,Passaic County,NJ,201908,1526.87,0.0076,0.0418,"New York-Newark-Jersey City, NY-NJ-PA"
1964,Passaic County,NJ,201909,1529.81,0.0019,0.039,"New York-Newark-Jersey City, NY-NJ-PA"
1964,Passaic County,NJ,201910,1540.11,0.0067,0.0386,"New York-Newark-Jersey City, NY-NJ-PA"
1964,Passaic County,NJ,201911,1531.47,-0.0056,0.0276,"New York-Newark-Jersey City, NY-NJ-PA"
1964,Passaic County,NJ,201912,1527.3,-0.0027,0.0211,"New York-Newark-Jersey City, NY-NJ-PA"
1964,Passaic County,NJ,202001,1525.98,-0.0009,0.0215,"New York-Newark-Jersey City, NY-NJ-PA"
1964,Passaic County,NJ,202002,1531.67,0.0037,0.0291,"New York-Newark-Jersey City, NY-NJ-PA"
1964,Passaic County,NJ,202003,1563.83,0.021,0.043,"New York-Newark-Jersey City, NY-NJ-PA"
1964,Passaic County,NJ,202004,1576.71,0.0082,0.0362,"New York-Newark-Jersey City, NY-NJ-PA"
1964,Passaic County,NJ,202005,1596.82,0.0128,0.0448,"New York-Newark-Jersey City, NY-NJ-PA"
1964,Passaic County,NJ,202006,1599.84,0.0019,0.0557,"New York-Newark-Jersey City, NY-NJ-PA"
1964,Passaic County,NJ,202007,1591.23,-0.0054,0.05,"New York-Newark-Jersey City, NY-NJ-PA"
1964,Passaic County,NJ,202008,1595.06,0.0024,0.0447,"New York-Newark-Jersey City, NY-NJ-PA"
1964,Passaic County,NJ,202009,1603.21,0.0051,0.048,"New York-Newark-Jersey City, NY-NJ-PA"
1964,Passaic County,NJ,202010,1599.85,-0.0021,0.0388,"New York-Newark-Jersey City, NY-NJ-PA"
1964,Passaic County,NJ,202011,1606.84,0.0044,0.0492,"New York-Newark-Jersey City, NY-NJ-PA"
1964,Passaic County,NJ,202012,1593.37,-0.0084,0.0433,"New York-Newark-Jersey City, NY-NJ-PA"
1964,Passaic County,NJ,202101,1622.48,0.0183,0.0632,"New York-Newark-Jersey City, NY-NJ-PA"
1964,Passaic County,NJ,202102,1643.31,0.0128,0.0729,"New York-Newark-Jersey City, NY-NJ-PA"
1964,Passaic County,NJ,202103,1671.25,0.017,0.0687,"New York-Newark-Jersey City, NY-NJ-PA"
1964,Passaic County,NJ,202104,1666.51,-0.0028,0.057,"New York-Newark-Jersey City, NY-NJ-PA"
1964,Passaic County,NJ,202105,1664.5,-0.0012,0.0424,"New York-Newark-Jersey City, NY-NJ-PA"
1964,Passaic County,NJ,202106,1667.67,0.0019,0.0424,"New York-Newark-Jersey City, NY-NJ-PA"
1964,Passaic County,NJ,202107,1688.75,0.0126,0.0613,"New York-Newark-Jersey City, NY-NJ-PA"
1964,Passaic County,NJ,202108,1710.08,0.0126,0.0721,"New York-Newark-Jersey City, NY-NJ-PA"
1964,Passaic County,NJ,202109,1720.03,0.0058,0.0729,"New York-Newark-Jersey City, NY-NJ-PA"
1964,Passaic County,NJ,202110,1740.3,0.0118,0.0878,"New York-Newark-Jersey City, NY-NJ-PA"
1964,Passaic County,NJ,202111,1739.06,-0.0007,0.0823,"New York-Newark-Jersey City, NY-NJ-PA"
1964,Passaic County,NJ,202112,1775.52,0.021,0.1143,"New York-Newark-Jersey City, NY-NJ-PA"
1964,Passaic County,NJ,202201,1749.9,-0.0144,0.0785,"New York-Newark-Jersey City, NY-NJ-PA"
1964,Passaic County,NJ,202202,1767.39,0.01,0.0755,"New York-Newark-Jersey City, NY-NJ-PA"
1964,Passaic County,NJ,202203,1768.62,0.0007,0.0583,"New York-Newark-Jersey City, NY-NJ-PA"
1964,Passaic County,NJ,202204,1843.62,0.0424,0.1063,"New York-Newark-Jersey City, NY-NJ-PA"
1964,Passaic County,NJ,202205,1874.21,0.0166,0.126,"New York-Newark-Jersey City, NY-NJ-PA"
1964,Passaic County,NJ,202206,1901.23,0.0144,0.14,"New York-Newark-Jersey City, NY-NJ-PA"
1964,Passaic County,NJ,202207,1898.53,-0.0014,0.1242,"New York-Newark-Jersey City, NY-NJ-PA"
1964,Passaic County,NJ,202208,1920.64,0.0116,0.1231,"New York-Newark-Jersey City, NY-NJ-PA"
1964,Passaic County,NJ,202209,1946.26,0.0133,0.1315,"New York-Newark-Jersey City, NY-NJ-PA"
1964,Passaic County,NJ,202210,1945.36,-0.0005,0.1178,"New York-Newark-Jersey City, NY-NJ-PA"
1964,Passaic County,NJ,202211,1931.63,-0.0071,0.1107,"New York-Newark-Jersey City, NY-NJ-PA"
1964,Passaic County,NJ,202212,1911.53,-0.0104,0.0766,"New York-Newark-Jersey City, NY-NJ-PA"
1964,Passaic County,NJ,202301,1915.05,0.0018,0.0944,"New York-Newark-Jersey City, NY-NJ-PA"
1964,Passaic County,NJ,202302,1910.97,-0.0021,0.0812,"New York-Newark-Jersey City, NY-NJ-PA"
1964,Passaic County,NJ,202303,1913.91,0.0015,0.0822,"New York-Newark-Jersey City, NY-NJ-PA"
1964,Passaic County,NJ,202304,1926.88,0.0068,0.0452,"New York-Newark-Jersey City, NY-NJ-PA"
1964,Passaic County,NJ,202305,1969.16,0.0219,0.0507,"New York-Newark-Jersey City, NY-NJ-PA"
1964,Passaic County,NJ,202306,2001.46,0.0164,0.0527,"New York-Newark-Jersey City, NY-NJ-PA"
1964,Passaic County,NJ,202307,2018.73,0.0086,0.0633,"New York-Newark-Jersey City, NY-NJ-PA"
1964,Passaic County,NJ,202308,2023.9,0.0026,0.0538,"New York-Newark-Jersey City, NY-NJ-PA"
1964,Passaic County,NJ,202309,2042.71,0.0093,0.0496,"New York-Newark-Jersey City, NY-NJ-PA"
1964,Passaic County,NJ,202310,2047.63,0.0024,0.0526,"New York-Newark-Jersey City, NY-NJ-PA"
1964,Passaic County,NJ,202311,2054.28,0.0032,0.0635,"New York-Newark-Jersey City, NY-NJ-PA"
1964,Passaic County,NJ,202312,2057.24,0.0014,0.0762,"New York-Newark-Jersey City, NY-NJ-PA"
1964,Passaic County,NJ,202401,2068.26,0.0054,0.08,"New York-Newark-Jersey City, NY-NJ-PA"
1964,Passaic County,NJ,202402,2077.49,0.0045,0.0871,"New York-Newark-Jersey City, NY-NJ-PA"
1964,Passaic County,NJ,202403,2076.23,-0.0006,0.0848,"New York-Newark-Jersey City, NY-NJ-PA"
1964,Passaic County,NJ,202404,2094.83,0.009,0.0872,"New York-Newark-Jersey City, NY-NJ-PA"
1964,Passaic County,NJ,202405,2107.12,0.0059,0.0701,"New York-Newark-Jersey City, NY-NJ-PA"
1964,Passaic County,NJ,202406,2124.88,0.0084,0.0617,"New York-Newark-Jersey City, NY-NJ-PA"
1964,Passaic County,NJ,202407,2153.71,0.0136,0.0669,"New York-Newark-Jersey City, NY-NJ-PA"
1964,Passaic County,NJ,202408,2157.68,0.0018,0.0661,"New York-Newark-Jersey City, NY-NJ-PA"
1964,Passaic County,NJ,202409,2168.3,0.0049,0.0615,"New York-Newark-Jersey City, NY-NJ-PA"
1964,Passaic County,NJ,202410,2134.08,-0.0158,0.0422,"New York-Newark-Jersey City, NY-NJ-PA"
1964,Passaic County,NJ,202411,2127.87,-0.0029,0.0358,"New York-Newark-Jersey City, NY-NJ-PA"
1964,Passaic County,NJ,202412,2114.92,-0.0061,0.028,"New York-Newark-Jersey City, NY-NJ-PA"
1964,Passaic County,NJ,202501,2125.35,0.0049,0.0276,"New York-Newark-Jersey City, NY-NJ-PA"
1964,Passaic County,NJ,202502,2125.35,0.0,0.023,"New York-Newark-Jersey City, NY-NJ-PA"
1964,Passaic County,NJ,202503,2121.09,-0.002,0.0216,"New York-Newark-Jersey City, NY-NJ-PA"
1964,Passaic County,NJ,202504,2143.9,0.0108,0.0234,"New York-Newark-Jersey City, NY-NJ-PA"
1964,Passaic County,NJ,202505,2170.25,0.0123,0.03,"New York-Newark-Jersey City, NY-NJ-PA"
1964,Passaic County,NJ,202506,2188.06,0.0082,0.0297,"New York-Newark-Jersey City, NY-NJ-PA"
1964,Passaic County,NJ,202507,2192.54,0.002,0.018,"New York-Newark-Jersey City, NY-NJ-PA"
1964,Passaic County,NJ,202508,2193.65,0.0005,0.0167,"New York-Newark-Jersey City, NY-NJ-PA"
1964,Passaic County,NJ,202509,2203.13,0.0043,0.0161,"New York-Newark-Jersey City, NY-NJ-PA"
1964,Passaic County,NJ,202510,2191.51,-0.0053,0.0269,"New York-Newark-Jersey City, NY-NJ-PA"
1964,Passaic County,NJ,202511,2184.53,-0.0032,0.0266,"New York-Newark-Jersey City, NY-NJ-PA"
1964,Passaic County,NJ,202512,2184.87,0.0002,0.0331,"New York-Newark-Jersey City, NY-NJ-PA"
1964,Passaic County,NJ,202601,2183.69,-0.0005,0.0275,"New York-Newark-Jersey City, NY-NJ-PA"
1964,Passaic County,NJ,202602,2201.47,0.0081,0.0358,"New York-Newark-Jersey City, NY-NJ-PA"
1964,Passaic County,NJ,202603,2202.58,0.0005,0.0384,"New York-Newark-Jersey City, NY-NJ-PA"
1964,Passaic County,NJ,202604,2208.91,0.0029,0.0303,"New York-Newark-Jersey City, NY-NJ-PA"
1964,Passaic County,NJ,202605,2203.93,-0.0023,0.0155,"New York-Newark-Jersey City, NY-NJ-PA"
1964,Passaic County,NJ,202606,2211.98,0.0037,0.0109,"New York-Newark-Jersey City, NY-NJ-PA"
1964,Passaic County,NJ,202607,2237.89,0.0117,0.0207,"New York-Newark-Jersey City, NY-NJ-PA"
1964,Passaic County,NJ,202608,2230.12,-0.0035,0.0166,"New York-Newark-Jersey City, NY-NJ-PA"
2133,Atlantic County,NJ,201501,978.42,,,"Atlantic City-Hammonton, NJ"
2133,Atlantic County,NJ,201502,1001.29,0.0234,,"Atlantic City-Hammonton, NJ"
2133,Atlantic County,NJ,201503,1014.09,0.0128,,"Atlantic City-Hammonton, NJ"
2133,Atlantic County,NJ,201504,1016.69,0.0026,,"Atlantic City-Hammonton, NJ"
2133,Atlantic County,NJ,201505,1035.92,0.0189,,"Atlantic City-Hammonton, NJ"
2133,Atlantic County,NJ,201506,1022.94,-0.0125,,"Atlantic City-Hammonton, NJ"
2133,Atlantic County,NJ,201507,1022.24,-0.0007,,"Atlantic City-Hammonton, NJ"
2133,Atlantic County,NJ,201508,998.57,-0.0232,,"Atlantic City-Hammonton, NJ"
2133,Atlantic County,NJ,201509,1005.27,0.0067,,"Atlantic City-Hammonton, NJ"
2133,Atlantic County,NJ,201510,1003.69,-0.0016,,"Atlantic City-Hammonton, NJ"
2133,Atlantic County,NJ,201511,1009.28,0.0056,,"Atlantic City-Hammonton, NJ"
2133,Atlantic County,NJ,201512,1007.95,-0.0013,,"Atlantic City-Hammonton, NJ"
2133,Atlantic County,NJ,201601,1018.65,0.0106,0.0411,"Atlantic City-Hammonton, NJ"
2133,Atlantic County,NJ,201602,1046.68,0.0275,0.0453,"Atlantic City-Hammonton, NJ"
2133,Atlantic County,NJ,201603,1060.7,0.0134,0.046,"Atlantic City-Hammonton, NJ"
2133,Atlantic County,NJ,201604,1065.46,0.0045,0.048,"Atlantic City-Hammonton, NJ"
2133,Atlantic County,NJ,201605,1045.32,-0.0189,0.0091,"Atlantic City-Hammonton, NJ"
2133,Atlantic County,NJ,201606,1043.37,-0.0019,0.02,"Atlantic City-Hammonton, NJ"
2133,Atlantic County,NJ,201607,1033.78,-0.0092,0.0113,"Atlantic City-Hammonton, NJ"
2133,Atlantic County,NJ,201608,1021.25,-0.0121,0.0227,"Atlantic City-Hammonton, NJ"
2133,Atlantic County,NJ,201609,1008.09,-0.0129,0.0028,"Atlantic City-Hammonton, NJ"
2133,Atlantic County,NJ,201610,1002.26,-0.0058,-0.0014,"Atlantic City-Hammonton, NJ"
2133,Atlantic County,NJ,201611,1000.32,-0.0019,-0.0089,"Atlantic City-Hammonton, NJ"
2133,Atlantic County,NJ,201612,1010.56,0.0102,0.0026,"Atlantic City-Hammonton, NJ"
2133,Atlantic County,NJ,201701,1027.64,0.0169,0.0088,"Atlantic City-Hammonton, NJ"
2133,Atlantic County,NJ,201702,1043.3,0.0152,-0.0032,"Atlantic City-Hammonton, NJ"
2133,Atlantic County,NJ,201703,1053.12,0.0094,-0.0071,"Atlantic City-Hammonton, NJ"
2133,Atlantic County,NJ,201704,1055.07,0.0019,-0.0097,"Atlantic City-Hammonton, NJ"
2133,Atlantic County,NJ,201705,1055.7,0.0006,0.0099,"Atlantic City-Hammonton, NJ"
2133,Atlantic County,NJ,201706,1057.68,0.0019,0.0137,"Atlantic City-Hammonton, NJ"
2133,Atlantic County,NJ,201707,1051.46,-0.0059,0.0171,"Atlantic City-Hammonton, NJ"
2133,Atlantic County,NJ,201708,1049.43,-0.0019,0.0276,"Atlantic City-Hammonton, NJ"
2133,Atlantic County,NJ,201709,1039.38,-0.0096,0.031,"Atlantic City-Hammonton, NJ"
2133,Atlantic County,NJ,201710,1049.27,0.0095,0.0469,"Atlantic City-Hammonton, NJ"
2133,Atlantic County,NJ,201711,1056.91,0.0073,0.0566,"Atlantic City-Hammonton, NJ"
2133,Atlantic County,NJ,201712,1068.87,0.0113,0.0577,"Atlantic City-Hammonton, NJ"
2133,Atlantic County,NJ,201801,1077.28,0.0079,0.0483,"Atlantic City-Hammonton, NJ"
2133,Atlantic County,NJ,201802,1093.17,0.0148,0.0478,"Atlantic City-Hammonton, NJ"
2133,Atlantic County,NJ,201803,1099.53,0.0058,0.0441,"Atlantic City-Hammonton, NJ"
2133,Atlantic County,NJ,201804,1106.32,0.0062,0.0486,"Atlantic City-Hammonton, NJ"
2133,Atlantic County,NJ,201805,1095.34,-0.0099,0.0375,"Atlantic City-Hammonton, NJ"
2133,Atlantic County,NJ,201806,1099.5,0.0038,0.0395,"Atlantic City-Hammonton, NJ"
2133,Atlantic County,NJ,201807,1094.85,-0.0042,0.0413,"Atlantic City-Hammonton, NJ"
2133,Atlantic County,NJ,201808,1095.83,0.0009,0.0442,"Atlantic City-Hammonton, NJ"
2133,Atlantic County,NJ,201809,1090.78,-0.0046,0.0495,"Atlantic City-Hammonton, NJ"
2133,Atlantic County,NJ,201810,1088.01,-0.0025,0.0369,"Atlantic City-Hammonton, NJ"
2133,Atlantic County,NJ,201811,1091.35,0.0031,0.0326,"Atlantic City-Hammonton, NJ"
2133,Atlantic County,NJ,201812,1100.19,0.0081,0.0293,"Atlantic City-Hammonton, NJ"
2133,Atlantic County,NJ,201901,1114.99,0.0135,0.035,"Atlantic City-Hammonton, NJ"
2133,Atlantic County,NJ,201902,1130.03,0.0135,0.0337,"Atlantic City-Hammonton, NJ"
2133,Atlantic County,NJ,201903,1139.21,0.0081,0.0361,"Atlantic City-Hammonton, NJ"
2133,Atlantic County,NJ,201904,1137.01,-0.0019,0.0277,"Atlantic City-Hammonton, NJ"
2133,Atlantic County,NJ,201905,1129.59,-0.0065,0.0313,"Atlantic City-Hammonton, NJ"
2133,Atlantic County,NJ,201906,1127.44,-0.0019,0.0254,"Atlantic City-Hammonton, NJ"
2133,Atlantic County,NJ,201907,1127.47,0.0,0.0298,"Atlantic City-Hammonton, NJ"
2133,Atlantic County,NJ,201908,1132.23,0.0042,0.0332,"Atlantic City-Hammonton, NJ"
2133,Atlantic County,NJ,201909,1115.31,-0.015,0.0225,"Atlantic City-Hammonton, NJ"
2133,Atlantic County,NJ,201910,1116.55,0.0011,0.0262,"Atlantic City-Hammonton, NJ"
2133,Atlantic County,NJ,201911,1119.14,0.0023,0.0255,"Atlantic City-Hammonton, NJ"
2133,Atlantic County,NJ,201912,1143.04,0.0213,0.0389,"Atlantic City-Hammonton, NJ"
2133,Atlantic County,NJ,202001,1150.85,0.0068,0.0322,"Atlantic City-Hammonton, NJ"
2133,Atlantic County,NJ,202002,1167.22,0.0142,0.0329,"Atlantic City-Hammonton, NJ"
2133,Atlantic County,NJ,202003,1175.17,0.0068,0.0316,"Atlantic City-Hammonton, NJ"
2133,Atlantic County,NJ,202004,1179.84,0.004,0.0377,"Atlantic City-Hammonton, NJ"
2133,Atlantic County,NJ,202005,1162.64,-0.0146,0.0293,"Atlantic City-Hammonton, NJ"
2133,Atlantic County,NJ,202006,1162.19,-0.0004,0.0308,"Atlantic City-Hammonton, NJ"
2133,Atlantic County,NJ,202007,1181.88,0.0169,0.0483,"Atlantic City-Hammonton, NJ"
2133,Atlantic County,NJ,202008,1208.34,0.0224,0.0672,"Atlantic City-Hammonton, NJ"
2133,Atlantic County,NJ,202009,1229.6,0.0176,0.1025,"Atlantic City-Hammonton, NJ"
2133,Atlantic County,NJ,202010,1230.84,0.001,0.1024,"Atlantic City-Hammonton, NJ"
2133,Atlantic County,NJ,202011,1224.27,-0.0053,0.0939,"Atlantic City-Hammonton, NJ"
2133,Atlantic County,NJ,202012,1222.5,-0.0015,0.0695,"Atlantic City-Hammonton, NJ"
2133,Atlantic County,NJ,202101,1231.29,0.0072,0.0699,"Atlantic City-Hammonton, NJ"
2133,Atlantic County,NJ,202102,1264.01,0.0266,0.0829,"Atlantic City-Hammonton, NJ"
2133,Atlantic County,NJ,202103,1287.61,0.0187,0.0957,"Atlantic City-Hammonton, NJ"
2133,Atlantic County,NJ,202104,1334.0,0.036,0.1307,"Atlantic City-Hammonton, NJ"
2133,Atlantic County,NJ,202105,1361.79,0.0208,0.1713,"Atlantic City-Hammonton, NJ"
2133,Atlantic County,NJ,202106,1390.87,0.0213,0.1968,"Atlantic City-Hammonton, NJ"
2133,Atlantic County,NJ,202107,1403.52,0.0091,0.1875,"Atlantic City-Hammonton, NJ"
2133,Atlantic County,NJ,202108,1427.58,0.0171,0.1814,"Atlantic City-Hammonton, NJ"
2133,Atlantic County,NJ,202109,1438.13,0.0074,0.1696,"Atlantic City-Hammonton, NJ"
2133,Atlantic County,NJ,202110,1450.13,0.0083,0.1782,"Atlantic City-Hammonton, NJ"
2133,Atlantic County,NJ,202111,1449.92,-0.0001,0.1843,"Atlantic City-Hammonton, NJ"
2133,Atlantic County,NJ,202112,1487.03,0.0256,0.2164,"Atlantic City-Hammonton, NJ"
2133,Atlantic County,NJ,202201,1522.95,0.0242,0.2369,"Atlantic City-Hammonton, NJ"
2133,Atlantic County,NJ,202202,1564.99,0.0276,0.2381,"Atlantic City-Hammonton, NJ"
2133,Atlantic County,NJ,202203,1571.37,0.0041,0.2204,"Atlantic City-Hammonton, NJ"
2133,Atlantic County,NJ,202204,1597.09,0.0164,0.1972,"Atlantic City-Hammonton, NJ"
2133,Atlantic County,NJ,202205,1598.37,0.0008,0.1737,"Atlantic City-Hammonton, NJ"
2133,Atlantic County,NJ,202206,1655.27,0.0356,0.1901,"Atlantic City-Hammonton, NJ"
2133,Atlantic County,NJ,202207,1661.69,0.0039,0.1839,"Atlantic City-Hammonton, NJ"
2133,Atlantic County,NJ,202208,1681.42,0.0119,0.1778,"Atlantic City-Hammonton, NJ"
2133,Atlantic County,NJ,202209,1651.8,-0.0176,0.1486,"Atlantic City-Hammonton, NJ"
2133,Atlantic County,NJ,202210,1648.13,-0.0022,0.1365,"Atlantic City-Hammonton, NJ"
2133,Atlantic County,NJ,202211,1652.22,0.0025,0.1395,"Atlantic City-Hammonton, NJ"
2133,Atlantic County,NJ,202212,1658.17,0.0036,0.1151,"Atlantic City-Hammonton, NJ"
2133,Atlantic County,NJ,202301,1670.9,0.0077,0.0971,"Atlantic City-Hammonton, NJ"
2133,Atlantic County,NJ,202302,1668.69,-0.0013,0.0663,"Atlantic City-Hammonton, NJ"
2133,Atlantic County,NJ,202303,1683.83,0.0091,0.0716,"Atlantic City-Hammonton, NJ"
2133,Atlantic County,NJ,202304,1698.34,0.0086,0.0634,"Atlantic City-Hammonton, NJ"
2133,Atlantic County,NJ,202305,1729.14,0.0181,0.0818,"Atlantic City-Hammonton, NJ"
2133,Atlantic County,NJ,202306,1754.62,0.0147,0.06,"Atlantic City-Hammonton, NJ"
2133,Atlantic County,NJ,202307,1750.0,-0.0026,0.0531,"Atlantic City-Hammonton, NJ"
2133,Atlantic County,NJ,202308,1765.28,0.0087,0.0499,"Atlantic City-Hammonton, NJ"
2133,Atlantic County,NJ,202309,1738.22,-0.0153,0.0523,"Atlantic City-Hammonton, NJ"
2133,Atlantic County,NJ,202310,1753.25,0.0086,0.0638,"Atlantic City-Hammonton, NJ"
2133,Atlantic County,NJ,202311,1773.16,0.0114,0.0732,"Atlantic City-Hammonton, NJ"
2133,Atlantic County,NJ,202312,1809.8,0.0207,0.0914,"Atlantic City-Hammonton, NJ"
2133,Atlantic County,NJ,202401,1823.15,0.0074,0.0911,"Atlantic City-Hammonton, NJ"
2133,Atlantic County,NJ,202402,1799.58,-0.0129,0.0784,"Atlantic City-Hammonton, NJ"
2133,Atlantic County,NJ,202403,1817.66,0.01,0.0795,"Atlantic City-Hammonton, NJ"
2133,Atlantic County,NJ,202404,1838.73,0.0116,0.0827,"Atlantic City-Hammonton, NJ"
2133,Atlantic County,NJ,202405,1858.66,0.0108,0.0749,"Atlantic City-Hammonton, NJ"
2133,Atlantic County,NJ,202406,1848.7,-0.0054,0.0536,"Atlantic City-Hammonton, NJ"
2133,Atlantic County,NJ,202407,1832.74,-0.0086,0.0473,"Atlantic City-Hammonton, NJ"
2133,Atlantic County,NJ,202408,1825.41,-0.004,0.0341,"Atlantic City-Hammonton, NJ"
2133,Atlantic County,NJ,202409,1835.19,0.0054,0.0558,"Atlantic City-Hammonton, NJ"
2133,Atlantic County,NJ,202410,1815.81,-0.0106,0.0357,"Atlantic City-Hammonton, NJ"
2133,Atlantic County,NJ,202411,1827.46,0.0064,0.0306,"Atlantic City-Hammonton, NJ"
2133,Atlantic County,NJ,202412,1855.47,0.0153,0.0252,"Atlantic City-Hammonton, NJ"
2133,Atlantic County,NJ,202501,1897.46,0.0226,0.0408,"Atlantic City-Hammonton, NJ"
2133,Atlantic County,NJ,202502,1912.59,0.008,0.0628,"Atlantic City-Hammonton, NJ"
2133,Atlantic County,NJ,202503,1927.04,0.0076,0.0602,"Atlantic City-Hammonton, NJ"
2133,Atlantic County,NJ,202504,1957.25,0.0157,0.0645,"Atlantic City-Hammonton, NJ"
2133,Atlantic County,NJ,202505,1958.28,0.0005,0.0536,"Atlantic City-Hammonton, NJ"
2133,Atlantic County,NJ,202506,1959.93,0.0008,0.0602,"Atlantic City-Hammonton, NJ"
2133,Atlantic County,NJ,202507,1945.29,-0.0075,0.0614,"Atlantic City-Hammonton, NJ"
2133,Atlantic County,NJ,202508,1959.59,0.0073,0.0735,"Atlantic City-Hammonton, NJ"
2133,Atlantic County,NJ,202509,1925.33,-0.0175,0.0491,"Atlantic City-Hammonton, NJ"
2133,Atlantic County,NJ,202510,1922.47,-0.0015,0.0587,"Atlantic City-Hammonton, NJ"
2133,Atlantic County,NJ,202511,1936.06,0.0071,0.0594,"Atlantic City-Hammonton, NJ"
2133,Atlantic County,NJ,202512,1947.55,0.0059,0.0496,"Atlantic City-Hammonton, NJ"
2133,Atlantic County,NJ,202601,1970.1,0.0116,0.0383,"Atlantic City-Hammonton, NJ"
2133,Atlantic County,NJ,202602,1982.52,0.0063,0.0366,"Atlantic City-Hammonton, NJ"
2133,Atlantic County,NJ,202603,2056.37,0.0372,0.0671,"Atlantic City-Hammonton, NJ"
2133,Atlantic County,NJ,202604,2056.66,0.0001,0.0508,"Atlantic City-Hammonton, NJ"
2133,Atlantic County,NJ,202605,2054.61,-0.001,0.0492,"Atlantic City-Hammonton, NJ"
2133,Atlantic County,NJ,202606,2027.8,-0.013,0.0346,"Atlantic City-Hammonton, NJ"
2133,Atlantic County,NJ,202607,2055.26,0.0135,0.0565,"Atlantic City-Hammonton, NJ"
2133,Atlantic County,NJ,202608,2058.92,0.0018,0.0507,"Atlantic City-Hammonton, NJ"
2174,Cape May County,NJ,202501,1574.91,,,"Ocean City, NJ"
2174,Cape May County,NJ,202502,1569.13,-0.0037,,"Ocean City, NJ"
2174,Cape May County,NJ,202503,1616.43,0.0301,,"Ocean City, NJ"
2174,Cape May County,NJ,202504,1668.87,0.0324,,"Ocean City, NJ"
2174,Cape May County,NJ,202505,1699.94,0.0186,,"Ocean City, NJ"
2174,Cape May County,NJ,202506,1722.69,0.0134,,"Ocean City, NJ"
2174,Cape May County,NJ,202507,1715.7,-0.0041,,"Ocean City, NJ"
2174,Cape May County,NJ,202508,1759.79,0.0257,,"Ocean City, NJ"
2174,Cape May County,NJ,202509,1761.17,0.0008,,"Ocean City, NJ"
2174,Cape May County,NJ,202510,1743.37,-0.0101,,"Ocean City, NJ"
2174,Cape May County,NJ,202511,1680.98,-0.0358,,"Ocean City, NJ"
2174,Cape May County,NJ,202512,1607.89,-0.0435,,"Ocean City, NJ"
2174,Cape May County,NJ,202601,1640.38,0.0202,0.0416,"Ocean City, NJ"
2174,Cape May County,NJ,202602,1737.39,0.0591,0.1072,"Ocean City, NJ"
2174,Cape May County,NJ,202603,1827.8,0.052,0.1308,"Ocean City, NJ"
2174,Cape May County,NJ,202604,1760.69,-0.0367,0.055,"Ocean City, NJ"
2174,Cape May County,NJ,202605,1714.81,-0.0261,0.0087,"Ocean City, NJ"
2174,Cape May County,NJ,202606,1787.2,0.0422,0.0374,"Ocean City, NJ"
2174,Cape May County,NJ,202607,1899.63,0.0629,0.1072,"Ocean City, NJ"
2174,Cape May County,NJ,202608,1952.13,0.0276,0.1093,"Ocean City, NJ"
2441,Monmouth County,NJ,201501,1542.58,,,"New York-Newark-Jersey City, NY-NJ-PA"
2441,Monmouth County,NJ,201502,1546.94,0.0028,,"New York-Newark-Jersey City, NY-NJ-PA"
2441,Monmouth County,NJ,201503,1559.43,0.0081,,"New York-Newark-Jersey City, NY-NJ-PA"
2441,Monmouth County,NJ,201504,1548.89,-0.0068,,"New York-Newark-Jersey City, NY-NJ-PA"
2441,Monmouth County,NJ,201505,1548.81,-0.0001,,"New York-Newark-Jersey City, NY-NJ-PA"
2441,Monmouth County,NJ,201506,1541.8,-0.0045,,"New York-Newark-Jersey City, NY-NJ-PA"
2441,Monmouth County,NJ,201507,1562.28,0.0133,,"New York-Newark-Jersey City, NY-NJ-PA"
2441,Monmouth County,NJ,201508,1565.21,0.0019,,"New York-Newark-Jersey City, NY-NJ-PA"
2441,Monmouth County,NJ,201509,1561.39,-0.0024,,"New York-Newark-Jersey City, NY-NJ-PA"
2441,Monmouth County,NJ,201510,1556.22,-0.0033,,"New York-Newark-Jersey City, NY-NJ-PA"
2441,Monmouth County,NJ,201511,1551.92,-0.0028,,"New York-Newark-Jersey City, NY-NJ-PA"
2441,Monmouth County,NJ,201512,1563.22,0.0073,,"New York-Newark-Jersey City, NY-NJ-PA"
2441,Monmouth County,NJ,201601,1578.1,0.0095,0.023,"New York-Newark-Jersey City, NY-NJ-PA"
2441,Monmouth County,NJ,201602,1600.11,0.0139,0.0344,"New York-Newark-Jersey City, NY-NJ-PA"
2441,Monmouth County,NJ,201603,1603.49,0.0021,0.0283,"New York-Newark-Jersey City, NY-NJ-PA"
2441,Monmouth County,NJ,201604,1607.51,0.0025,0.0378,"New York-Newark-Jersey City, NY-NJ-PA"
2441,Monmouth County,NJ,201605,1613.23,0.0036,0.0416,"New York-Newark-Jersey City, NY-NJ-PA"
2441,Monmouth County,NJ,201606,1632.76,0.0121,0.059,"New York-Newark-Jersey City, NY-NJ-PA"
2441,Monmouth County,NJ,201607,1637.83,0.0031,0.0484,"New York-Newark-Jersey City, NY-NJ-PA"
2441,Monmouth County,NJ,201608,1626.21,-0.0071,0.039,"New York-Newark-Jersey City, NY-NJ-PA"
2441,Monmouth County,NJ,201609,1614.04,-0.0075,0.0337,"New York-Newark-Jersey City, NY-NJ-PA"
2441,Monmouth County,NJ,201610,1600.53,-0.0084,0.0285,"New York-Newark-Jersey City, NY-NJ-PA"
2441,Monmouth County,NJ,201611,1604.88,0.0027,0.0341,"New York-Newark-Jersey City, NY-NJ-PA"
2441,Monmouth County,NJ,201612,1611.82,0.0043,0.0311,"New York-Newark-Jersey City, NY-NJ-PA"
2441,Monmouth County,NJ,201701,1637.77,0.0161,0.0378,"New York-Newark-Jersey City, NY-NJ-PA"
2441,Monmouth County,NJ,201702,1661.49,0.0145,0.0384,"New York-Newark-Jersey City, NY-NJ-PA"
2441,Monmouth County,NJ,201703,1694.31,0.0198,0.0566,"New York-Newark-Jersey City, NY-NJ-PA"
2441,Monmouth County,NJ,201704,1701.99,0.0045,0.0588,"New York-Newark-Jersey City, NY-NJ-PA"
2441,Monmouth County,NJ,201705,1714.62,0.0074,0.0629,"New York-Newark-Jersey City, NY-NJ-PA"
2441,Monmouth County,NJ,201706,1704.29,-0.006,0.0438,"New York-Newark-Jersey City, NY-NJ-PA"
2441,Monmouth County,NJ,201707,1693.22,-0.0065,0.0338,"New York-Newark-Jersey City, NY-NJ-PA"
2441,Monmouth County,NJ,201708,1674.95,-0.0108,0.03,"New York-Newark-Jersey City, NY-NJ-PA"
2441,Monmouth County,NJ,201709,1659.54,-0.0092,0.0282,"New York-Newark-Jersey City, NY-NJ-PA"
2441,Monmouth County,NJ,201710,1660.78,0.0007,0.0376,"New York-Newark-Jersey City, NY-NJ-PA"
2441,Monmouth County,NJ,201711,1682.27,0.0129,0.0482,"New York-Newark-Jersey City, NY-NJ-PA"
2441,Monmouth County,NJ,201712,1708.52,0.0156,0.06,"New York-Newark-Jersey City, NY-NJ-PA"
2441,Monmouth County,NJ,201801,1734.29,0.0151,0.0589,"New York-Newark-Jersey City, NY-NJ-PA"
2441,Monmouth County,NJ,201802,1746.14,0.0068,0.051,"New York-Newark-Jersey City, NY-NJ-PA"
2441,Monmouth County,NJ,201803,1767.85,0.0124,0.0434,"New York-Newark-Jersey City, NY-NJ-PA"
2441,Monmouth County,NJ,201804,1785.99,0.0103,0.0494,"New York-Newark-Jersey City, NY-NJ-PA"
2441,Monmouth County,NJ,201805,1788.57,0.0014,0.0431,"New York-Newark-Jersey City, NY-NJ-PA"
2441,Monmouth County,NJ,201806,1791.74,0.0018,0.0513,"New York-Newark-Jersey City, NY-NJ-PA"
2441,Monmouth County,NJ,201807,1779.38,-0.0069,0.0509,"New York-Newark-Jersey City, NY-NJ-PA"
2441,Monmouth County,NJ,201808,1778.12,-0.0007,0.0616,"New York-Newark-Jersey City, NY-NJ-PA"
2441,Monmouth County,NJ,201809,1762.34,-0.0089,0.0619,"New York-Newark-Jersey City, NY-NJ-PA"
2441,Monmouth County,NJ,201810,1756.46,-0.0033,0.0576,"New York-Newark-Jersey City, NY-NJ-PA"
2441,Monmouth County,NJ,201811,1763.38,0.0039,0.0482,"New York-Newark-Jersey City, NY-NJ-PA"
2441,Monmouth County,NJ,201812,1783.01,0.0111,0.0436,"New York-Newark-Jersey City, NY-NJ-PA"
2441,Monmouth County,NJ,201901,1797.21,0.008,0.0363,"New York-Newark-Jersey City, NY-NJ-PA"
2441,Monmouth County,NJ,201902,1819.33,0.0123,0.0419,"New York-Newark-Jersey City, NY-NJ-PA"
2441,Monmouth County,NJ,201903,1838.97,0.0108,0.0402,"New York-Newark-Jersey City, NY-NJ-PA"
2441,Monmouth County,NJ,201904,1858.2,0.0105,0.0404,"New York-Newark-Jersey City, NY-NJ-PA"
2441,Monmouth County,NJ,201905,1861.97,0.002,0.041,"New York-Newark-Jersey City, NY-NJ-PA"
2441,Monmouth County,NJ,201906,1854.4,-0.0041,0.035,"New York-Newark-Jersey City, NY-NJ-PA"
2441,Monmouth County,NJ,201907,1857.19,0.0015,0.0437,"New York-Newark-Jersey City, NY-NJ-PA"
2441,Monmouth County,NJ,201908,1832.64,-0.0132,0.0307,"New York-Newark-Jersey City, NY-NJ-PA"
2441,Monmouth County,NJ,201909,1819.71,-0.0071,0.0326,"New York-Newark-Jersey City, NY-NJ-PA"
2441,Monmouth County,NJ,201910,1820.01,0.0002,0.0362,"New York-Newark-Jersey City, NY-NJ-PA"
2441,Monmouth County,NJ,201911,1837.65,0.0097,0.0421,"New York-Newark-Jersey City, NY-NJ-PA"
2441,Monmouth County,NJ,201912,1854.27,0.009,0.04,"New York-Newark-Jersey City, NY-NJ-PA"
2441,Monmouth County,NJ,202001,1869.02,0.008,0.04,"New York-Newark-Jersey City, NY-NJ-PA"
2441,Monmouth County,NJ,202002,1886.27,0.0092,0.0368,"New York-Newark-Jersey City, NY-NJ-PA"
2441,Monmouth County,NJ,202003,1899.39,0.007,0.0329,"New York-Newark-Jersey City, NY-NJ-PA"
2441,Monmouth County,NJ,202004,1915.22,0.0083,0.0307,"New York-Newark-Jersey City, NY-NJ-PA"
2441,Monmouth County,NJ,202005,1910.65,-0.0024,0.0261,"New York-Newark-Jersey City, NY-NJ-PA"
2441,Monmouth County,NJ,202006,1925.77,0.0079,0.0385,"New York-Newark-Jersey City, NY-NJ-PA"
2441,Monmouth County,NJ,202007,1928.25,0.0013,0.0383,"New York-Newark-Jersey City, NY-NJ-PA"
2441,Monmouth County,NJ,202008,1943.7,0.008,0.0606,"New York-Newark-Jersey City, NY-NJ-PA"
2441,Monmouth County,NJ,202009,1945.57,0.001,0.0692,"New York-Newark-Jersey City, NY-NJ-PA"
2441,Monmouth County,NJ,202010,1958.37,0.0066,0.076,"New York-Newark-Jersey City, NY-NJ-PA"
2441,Monmouth County,NJ,202011,2005.09,0.0239,0.0911,"New York-Newark-Jersey City, NY-NJ-PA"
2441,Monmouth County,NJ,202012,2017.97,0.0064,0.0883,"New York-Newark-Jersey City, NY-NJ-PA"
2441,Monmouth County,NJ,202101,2030.72,0.0063,0.0865,"New York-Newark-Jersey City, NY-NJ-PA"
2441,Monmouth County,NJ,202102,2040.47,0.0048,0.0818,"New York-Newark-Jersey City, NY-NJ-PA"
2441,Monmouth County,NJ,202103,2089.63,0.0241,0.1002,"New York-Newark-Jersey City, NY-NJ-PA"
2441,Monmouth County,NJ,202104,2144.31,0.0262,0.1196,"New York-Newark-Jersey City, NY-NJ-PA"
2441,Monmouth County,NJ,202105,2166.34,0.0103,0.1338,"New York-Newark-Jersey City, NY-NJ-PA"
2441,Monmouth County,NJ,202106,2190.21,0.011,0.1373,"New York-Newark-Jersey City, NY-NJ-PA"
2441,Monmouth County,NJ,202107,2188.63,-0.0007,0.135,"New York-Newark-Jersey City, NY-NJ-PA"
2441,Monmouth County,NJ,202108,2213.82,0.0115,0.139,"New York-Newark-Jersey City, NY-NJ-PA"
2441,Monmouth County,NJ,202109,2221.77,0.0036,0.142,"New York-Newark-Jersey City, NY-NJ-PA"
2441,Monmouth County,NJ,202110,2232.58,0.0049,0.14,"New York-Newark-Jersey City, NY-NJ-PA"
2441,Monmouth County,NJ,202111,2226.23,-0.0028,0.1103,"New York-Newark-Jersey City, NY-NJ-PA"
2441,Monmouth County,NJ,202112,2263.46,0.0167,0.1217,"New York-Newark-Jersey City, NY-NJ-PA"
2441,Monmouth County,NJ,202201,2289.66,0.0116,0.1275,"New York-Newark-Jersey City, NY-NJ-PA"
2441,Monmouth County,NJ,202202,2339.03,0.0216,0.1463,"New York-Newark-Jersey City, NY-NJ-PA"
2441,Monmouth County,NJ,202203,2383.4,0.019,0.1406,"New York-Newark-Jersey City, NY-NJ-PA"
2441,Monmouth County,NJ,202204,2430.47,0.0198,0.1335,"New York-Newark-Jersey City, NY-NJ-PA"
2441,Monmouth County,NJ,202205,2474.02,0.0179,0.142,"New York-Newark-Jersey City, NY-NJ-PA"
2441,Monmouth County,NJ,202206,2467.06,-0.0028,0.1264,"New York-Newark-Jersey City, NY-NJ-PA"
2441,Monmouth County,NJ,202207,2484.18,0.0069,0.135,"New York-Newark-Jersey City, NY-NJ-PA"
2441,Monmouth County,NJ,202208,2446.3,-0.0153,0.105,"New York-Newark-Jersey City, NY-NJ-PA"
2441,Monmouth County,NJ,202209,2436.93,-0.0038,0.0968,"New York-Newark-Jersey City, NY-NJ-PA"
2441,Monmouth County,NJ,202210,2411.88,-0.0103,0.0803,"New York-Newark-Jersey City, NY-NJ-PA"
2441,Monmouth County,NJ,202211,2414.97,0.0013,0.0848,"New York-Newark-Jersey City, NY-NJ-PA"
2441,Monmouth County,NJ,202212,2432.02,0.0071,0.0745,"New York-Newark-Jersey City, NY-NJ-PA"
2441,Monmouth County,NJ,202301,2447.03,0.0062,0.0687,"New York-Newark-Jersey City, NY-NJ-PA"
2441,Monmouth County,NJ,202302,2485.92,0.0159,0.0628,"New York-Newark-Jersey City, NY-NJ-PA"
2441,Monmouth County,NJ,202303,2515.5,0.0119,0.0554,"New York-Newark-Jersey City, NY-NJ-PA"
2441,Monmouth County,NJ,202304,2565.4,0.0198,0.0555,"New York-Newark-Jersey City, NY-NJ-PA"
2441,Monmouth County,NJ,202305,2570.66,0.0021,0.0391,"New York-Newark-Jersey City, NY-NJ-PA"
2441,Monmouth County,NJ,202306,2558.72,-0.0046,0.0372,"New York-Newark-Jersey City, NY-NJ-PA"
2441,Monmouth County,NJ,202307,2526.17,-0.0127,0.0169,"New York-Newark-Jersey City, NY-NJ-PA"
2441,Monmouth County,NJ,202308,2511.64,-0.0058,0.0267,"New York-Newark-Jersey City, NY-NJ-PA"
2441,Monmouth County,NJ,202309,2528.47,0.0067,0.0376,"New York-Newark-Jersey City, NY-NJ-PA"
2441,Monmouth County,NJ,202310,2524.86,-0.0014,0.0468,"New York-Newark-Jersey City, NY-NJ-PA"
2441,Monmouth County,NJ,202311,2545.8,0.0083,0.0542,"New York-Newark-Jersey City, NY-NJ-PA"
2441,Monmouth County,NJ,202312,2539.98,-0.0023,0.0444,"New York-Newark-Jersey City, NY-NJ-PA"
2441,Monmouth County,NJ,202401,2570.09,0.0119,0.0503,"New York-Newark-Jersey City, NY-NJ-PA"
2441,Monmouth County,NJ,202402,2590.3,0.0079,0.042,"New York-Newark-Jersey City, NY-NJ-PA"
2441,Monmouth County,NJ,202403,2630.12,0.0154,0.0456,"New York-Newark-Jersey City, NY-NJ-PA"
2441,Monmouth County,NJ,202404,2648.33,0.0069,0.0323,"New York-Newark-Jersey City, NY-NJ-PA"
2441,Monmouth County,NJ,202405,2664.35,0.006,0.0364,"New York-Newark-Jersey City, NY-NJ-PA"
2441,Monmouth County,NJ,202406,2665.63,0.0005,0.0418,"New York-Newark-Jersey City, NY-NJ-PA"
2441,Monmouth County,NJ,202407,2662.02,-0.0014,0.0538,"New York-Newark-Jersey City, NY-NJ-PA"
2441,Monmouth County,NJ,202408,2656.32,-0.0021,0.0576,"New York-Newark-Jersey City, NY-NJ-PA"
2441,Monmouth County,NJ,202409,2639.46,-0.0063,0.0439,"New York-Newark-Jersey City, NY-NJ-PA"
2441,Monmouth County,NJ,202410,2642.8,0.0013,0.0467,"New York-Newark-Jersey City, NY-NJ-PA"
2441,Monmouth County,NJ,202411,2652.57,0.0037,0.0419,"New York-Newark-Jersey City, NY-NJ-PA"
2441,Monmouth County,NJ,202412,2678.29,0.0097,0.0545,"New York-Newark-Jersey City, NY-NJ-PA"
2441,Monmouth County,NJ,202501,2704.38,0.0097,0.0523,"New York-Newark-Jersey City, NY-NJ-PA"
2441,Monmouth County,NJ,202502,2715.76,0.0042,0.0484,"New York-Newark-Jersey City, NY-NJ-PA"
2441,Monmouth County,NJ,202503,2723.07,0.0027,0.0353,"New York-Newark-Jersey City, NY-NJ-PA"
2441,Monmouth County,NJ,202504,2731.22,0.003,0.0313,"New York-Newark-Jersey City, NY-NJ-PA"
2441,Monmouth County,NJ,202505,2755.73,0.009,0.0343,"New York-Newark-Jersey City, NY-NJ-PA"
2441,Monmouth County,NJ,202506,2771.97,0.0059,0.0399,"New York-Newark-Jersey City, NY-NJ-PA"
2441,Monmouth County,NJ,202507,2773.95,0.0007,0.042,"New York-Newark-Jersey City, NY-NJ-PA"
2441,Monmouth County,NJ,202508,2757.44,-0.006,0.0381,"New York-Newark-Jersey City, NY-NJ-PA"
2441,Monmouth County,NJ,202509,2730.9,-0.0096,0.0346,"New York-Newark-Jersey City, NY-NJ-PA"
2441,Monmouth County,NJ,202510,2721.62,-0.0034,0.0298,"New York-Newark-Jersey City, NY-NJ-PA"
2441,Monmouth County,NJ,202511,2738.62,0.0062,0.0324,"New York-Newark-Jersey City, NY-NJ-PA"
2441,Monmouth County,NJ,202512,2760.89,0.0081,0.0308,"New York-Newark-Jersey City, NY-NJ-PA"
2441,Monmouth County,NJ,202601,2788.41,0.01,0.0311,"New York-Newark-Jersey City, NY-NJ-PA"
2441,Monmouth County,NJ,202602,2796.45,0.0029,0.0297,"New York-Newark-Jersey City, NY-NJ-PA"
2441,Monmouth County,NJ,202603,2823.34,0.0096,0.0368,"New York-Newark-Jersey City, NY-NJ-PA"
2441,Monmouth County,NJ,202604,2840.91,0.0062,0.0402,"New York-Newark-Jersey City, NY-NJ-PA"
2441,Monmouth County,NJ,202605,2859.41,0.0065,0.0376,"New York-Newark-Jersey City, NY-NJ-PA"
2441,Monmouth County,NJ,202606,2862.52,0.0011,0.0327,"New York-Newark-Jersey City, NY-NJ-PA"
2441,Monmouth County,NJ,202607,2877.69,0.0053,0.0374,"New York-Newark-Jersey City, NY-NJ-PA"
2441,Monmouth County,NJ,202608,2866.99,-0.0037,0.0397,"New York-Newark-Jersey City, NY-NJ-PA"
2552,Somerset County,NJ,201501,1644.69,,,"New York-Newark-Jersey City, NY-NJ-PA"
2552,Somerset County,NJ,201502,1669.14,0.0149,,"New York-Newark-Jersey City, NY-NJ-PA"
2552,Somerset County,NJ,201503,1687.32,0.0109,,"New York-Newark-Jersey City, NY-NJ-PA"
2552,Somerset County,NJ,201504,1704.49,0.0102,,"New York-Newark-Jersey City, NY-NJ-PA"
2552,Somerset County,NJ,201505,1701.52,-0.0017,,"New York-Newark-Jersey City, NY-NJ-PA"
2552,Somerset County,NJ,201506,1694.34,-0.0042,,"New York-Newark-Jersey City, NY-NJ-PA"
2552,Somerset County,NJ,201507,1691.36,-0.0018,,"New York-Newark-Jersey City, NY-NJ-PA"
2552,Somerset County,NJ,201508,1691.68,0.0002,,"New York-Newark-Jersey City, NY-NJ-PA"
2552,Somerset County,NJ,201509,1691.12,-0.0003,,"New York-Newark-Jersey City, NY-NJ-PA"
2552,Somerset County,NJ,201510,1687.49,-0.0021,,"New York-Newark-Jersey City, NY-NJ-PA"
2552,Somerset County,NJ,201511,1683.36,-0.0024,,"New York-Newark-Jersey City, NY-NJ-PA"
2552,Somerset County,NJ,201512,1693.07,0.0058,,"New York-Newark-Jersey City, NY-NJ-PA"
2552,Somerset County,NJ,201601,1698.03,0.0029,0.0324,"New York-Newark-Jersey City, NY-NJ-PA"
2552,Somerset County,NJ,201602,1695.32,-0.0016,0.0157,"New York-Newark-Jersey City, NY-NJ-PA"
2552,Somerset County,NJ,201603,1701.59,0.0037,0.0085,"New York-Newark-Jersey City, NY-NJ-PA"
2552,Somerset County,NJ,201604,1704.99,0.002,0.0003,"New York-Newark-Jersey City, NY-NJ-PA"
2552,Somerset County,NJ,201605,1720.52,0.0091,0.0112,"New York-Newark-Jersey City, NY-NJ-PA"
2552,Somerset County,NJ,201606,1721.36,0.0005,0.0159,"New York-Newark-Jersey City, NY-NJ-PA"
2552,Somerset County,NJ,201607,1729.02,0.0045,0.0223,"New York-Newark-Jersey City, NY-NJ-PA"
2552,Somerset County,NJ,201608,1721.12,-0.0046,0.0174,"New York-Newark-Jersey City, NY-NJ-PA"
2552,Somerset County,NJ,201609,1722.18,0.0006,0.0184,"New York-Newark-Jersey City, NY-NJ-PA"
2552,Somerset County,NJ,201610,1717.83,-0.0025,0.018,"New York-Newark-Jersey City, NY-NJ-PA"
2552,Somerset County,NJ,201611,1731.16,0.0078,0.0284,"New York-Newark-Jersey City, NY-NJ-PA"
2552,Somerset County,NJ,201612,1724.87,-0.0036,0.0188,"New York-Newark-Jersey City, NY-NJ-PA"
2552,Somerset County,NJ,201701,1733.28,0.0049,0.0208,"New York-Newark-Jersey City, NY-NJ-PA"
2552,Somerset County,NJ,201702,1736.82,0.002,0.0245,"New York-Newark-Jersey City, NY-NJ-PA"
2552,Somerset County,NJ,201703,1747.35,0.0061,0.0269,"New York-Newark-Jersey City, NY-NJ-PA"
2552,Somerset County,NJ,201704,1763.99,0.0095,0.0346,"New York-Newark-Jersey City, NY-NJ-PA"
2552,Somerset County,NJ,201705,1766.83,0.0016,0.0269,"New York-Newark-Jersey City, NY-NJ-PA"
2552,Somerset County,NJ,201706,1779.13,0.007,0.0336,"New York-Newark-Jersey City, NY-NJ-PA"
2552,Somerset County,NJ,201707,1774.5,-0.0026,0.0263,"New York-Newark-Jersey City, NY-NJ-PA"
2552,Somerset County,NJ,201708,1781.44,0.0039,0.035,"New York-Newark-Jersey City, NY-NJ-PA"
2552,Somerset County,NJ,201709,1780.89,-0.0003,0.0341,"New York-Newark-Jersey City, NY-NJ-PA"
2552,Somerset County,NJ,201710,1759.55,-0.012,0.0243,"New York-Newark-Jersey City, NY-NJ-PA"
2552,Somerset County,NJ,201711,1766.13,0.0037,0.0202,"New York-Newark-Jersey City, NY-NJ-PA"
2552,Somerset County,NJ,201712,1759.51,-0.0037,0.0201,"New York-Newark-Jersey City, NY-NJ-PA"
2552,Somerset County,NJ,201801,1784.2,0.014,0.0294,"New York-Newark-Jersey City, NY-NJ-PA"
2552,Somerset County,NJ,201802,1787.87,0.0021,0.0294,"New York-Newark-Jersey City, NY-NJ-PA"
2552,Somerset County,NJ,201803,1810.83,0.0128,0.0363,"New York-Newark-Jersey City, NY-NJ-PA"
2552,Somerset County,NJ,201804,1819.88,0.005,0.0317,"New York-Newark-Jersey City, NY-NJ-PA"
2552,Somerset County,NJ,201805,1827.47,0.0042,0.0343,"New York-Newark-Jersey City, NY-NJ-PA"
2552,Somerset County,NJ,201806,1826.29,-0.0006,0.0265,"New York-Newark-Jersey City, NY-NJ-PA"
2552,Somerset County,NJ,201807,1819.34,-0.0038,0.0253,"New York-Newark-Jersey City, NY-NJ-PA"
2552,Somerset County,NJ,201808,1824.37,0.0028,0.0241,"New York-Newark-Jersey City, NY-NJ-PA"
2552,Somerset County,NJ,201809,1827.73,0.0018,0.0263,"New York-Newark-Jersey City, NY-NJ-PA"
2552,Somerset County,NJ,201810,1834.3,0.0036,0.0425,"New York-Newark-Jersey City, NY-NJ-PA"
2552,Somerset County,NJ,201811,1836.63,0.0013,0.0399,"New York-Newark-Jersey City, NY-NJ-PA"
2552,Somerset County,NJ,201812,1841.23,0.0025,0.0464,"New York-Newark-Jersey City, NY-NJ-PA"
2552,Somerset County,NJ,201901,1847.44,0.0034,0.0354,"New York-Newark-Jersey City, NY-NJ-PA"
2552,Somerset County,NJ,201902,1849.14,0.0009,0.0343,"New York-Newark-Jersey City, NY-NJ-PA"
2552,Somerset County,NJ,201903,1850.28,0.0006,0.0218,"New York-Newark-Jersey City, NY-NJ-PA"
2552,Somerset County,NJ,201904,1861.7,0.0062,0.023,"New York-Newark-Jersey City, NY-NJ-PA"
2552,Somerset County,NJ,201905,1867.1,0.0029,0.0217,"New York-Newark-Jersey City, NY-NJ-PA"
2552,Somerset County,NJ,201906,1861.36,-0.0031,0.0192,"New York-Newark-Jersey City, NY-NJ-PA"
2552,Somerset County,NJ,201907,1869.82,0.0045,0.0277,"New York-Newark-Jersey City, NY-NJ-PA"
2552,Somerset County,NJ,201908,1872.16,0.0013,0.0262,"New York-Newark-Jersey City, NY-NJ-PA"
2552,Somerset County,NJ,201909,1881.45,0.005,0.0294,"New York-Newark-Jersey City, NY-NJ-PA"
2552,Somerset County,NJ,201910,1890.28,0.0047,0.0305,"New York-Newark-Jersey City, NY-NJ-PA"
2552,Somerset County,NJ,201911,1886.05,-0.0022,0.0269,"New York-Newark-Jersey City, NY-NJ-PA"
2552,Somerset County,NJ,201912,1901.59,0.0082,0.0328,"New York-Newark-Jersey City, NY-NJ-PA"
2552,Somerset County,NJ,202001,1893.97,-0.004,0.0252,"New York-Newark-Jersey City, NY-NJ-PA"
2552,Somerset County,NJ,202002,1909.61,0.0083,0.0327,"New York-Newark-Jersey City, NY-NJ-PA"
2552,Somerset County,NJ,202003,1911.72,0.0011,0.0332,"New York-Newark-Jersey City, NY-NJ-PA"
2552,Somerset County,NJ,202004,1910.36,-0.0007,0.0261,"New York-Newark-Jersey City, NY-NJ-PA"
2552,Somerset County,NJ,202005,1904.17,-0.0032,0.0199,"New York-Newark-Jersey City, NY-NJ-PA"
2552,Somerset County,NJ,202006,1890.46,-0.0072,0.0156,"New York-Newark-Jersey City, NY-NJ-PA"
2552,Somerset County,NJ,202007,1905.98,0.0082,0.0193,"New York-Newark-Jersey City, NY-NJ-PA"
2552,Somerset County,NJ,202008,1926.12,0.0106,0.0288,"New York-Newark-Jersey City, NY-NJ-PA"
2552,Somerset County,NJ,202009,1947.64,0.0112,0.0352,"New York-Newark-Jersey City, NY-NJ-PA"
2552,Somerset County,NJ,202010,1950.42,0.0014,0.0318,"New York-Newark-Jersey City, NY-NJ-PA"
2552,Somerset County,NJ,202011,1948.73,-0.0009,0.0332,"New York-Newark-Jersey City, NY-NJ-PA"
2552,Somerset County,NJ,202012,1955.24,0.0033,0.0282,"New York-Newark-Jersey City, NY-NJ-PA"
2552,Somerset County,NJ,202101,1962.55,0.0037,0.0362,"New York-Newark-Jersey City, NY-NJ-PA"
2552,Somerset County,NJ,202102,1966.7,0.0021,0.0299,"New York-Newark-Jersey City, NY-NJ-PA"
2552,Somerset County,NJ,202103,1966.35,-0.0002,0.0286,"New York-Newark-Jersey City, NY-NJ-PA"
2552,Somerset County,NJ,202104,1969.45,0.0016,0.0309,"New York-Newark-Jersey City, NY-NJ-PA"
2552,Somerset County,NJ,202105,1985.59,0.0082,0.0428,"New York-Newark-Jersey City, NY-NJ-PA"
2552,Somerset County,NJ,202106,2020.31,0.0175,0.0687,"New York-Newark-Jersey City, NY-NJ-PA"
2552,Somerset County,NJ,202107,2042.86,0.0112,0.0718,"New York-Newark-Jersey City, NY-NJ-PA"
2552,Somerset County,NJ,202108,2058.73,0.0078,0.0689,"New York-Newark-Jersey City, NY-NJ-PA"
2552,Somerset County,NJ,202109,2066.01,0.0035,0.0608,"New York-Newark-Jersey City, NY-NJ-PA"
2552,Somerset County,NJ,202110,2068.57,0.0012,0.0606,"New York-Newark-Jersey City, NY-NJ-PA"
2552,Somerset County,NJ,202111,2093.91,0.0123,0.0745,"New York-Newark-Jersey City, NY-NJ-PA"
2552,Somerset County,NJ,202112,2105.55,0.0056,0.0769,"New York-Newark-Jersey City, NY-NJ-PA"
2552,Somerset County,NJ,202201,2137.49,0.0152,0.0891,"New York-Newark-Jersey City, NY-NJ-PA"
2552,Somerset County,NJ,202202,2150.75,0.0062,0.0936,"New York-Newark-Jersey City, NY-NJ-PA"
2552,Somerset County,NJ,202203,2174.91,0.0112,0.1061,"New York-Newark-Jersey City, NY-NJ-PA"
2552,Somerset County,NJ,202204,2197.78,0.0105,0.1159,"New York-Newark-Jersey City, NY-NJ-PA"
2552,Somerset County,NJ,202205,2221.45,0.0108,0.1188,"New York-Newark-Jersey City, NY-NJ-PA"
2552,Somerset County,NJ,202206,2247.4,0.0117,0.1124,"New York-Newark-Jersey City, NY-NJ-PA"
2552,Somerset County,NJ,202207,2269.59,0.0099,0.111,"New York-Newark-Jersey City, NY-NJ-PA"
2552,Somerset County,NJ,202208,2291.43,0.0096,0.113,"New York-Newark-Jersey City, NY-NJ-PA"
2552,Somerset County,NJ,202209,2306.05,0.0064,0.1162,"New York-Newark-Jersey City, NY-NJ-PA"
2552,Somerset County,NJ,202210,2311.0,0.0021,0.1172,"New York-Newark-Jersey City, NY-NJ-PA"
2552,Somerset County,NJ,202211,2302.84,-0.0035,0.0998,"New York-Newark-Jersey City, NY-NJ-PA"
2552,Somerset County,NJ,202212,2290.68,-0.0053,0.0879,"New York-Newark-Jersey City, NY-NJ-PA"
2552,Somerset County,NJ,202301,2298.99,0.0036,0.0756,"New York-Newark-Jersey City, NY-NJ-PA"
2552,Somerset County,NJ,202302,2314.73,0.0068,0.0762,"New York-Newark-Jersey City, NY-NJ-PA"
2552,Somerset County,NJ,202303,2354.57,0.0172,0.0826,"New York-Newark-Jersey City, NY-NJ-PA"
2552,Somerset County,NJ,202304,2366.03,0.0049,0.0766,"New York-Newark-Jersey City, NY-NJ-PA"
2552,Somerset County,NJ,202305,2380.66,0.0062,0.0717,"New York-Newark-Jersey City, NY-NJ-PA"
2552,Somerset County,NJ,202306,2384.98,0.0018,0.0612,"New York-Newark-Jersey City, NY-NJ-PA"
2552,Somerset County,NJ,202307,2399.58,0.0061,0.0573,"New York-Newark-Jersey City, NY-NJ-PA"
2552,Somerset County,NJ,202308,2418.4,0.0078,0.0554,"New York-Newark-Jersey City, NY-NJ-PA"
2552,Somerset County,NJ,202309,2422.83,0.0018,0.0506,"New York-Newark-Jersey City, NY-NJ-PA"
2552,Somerset County,NJ,202310,2425.67,0.0012,0.0496,"New York-Newark-Jersey City, NY-NJ-PA"
2552,Somerset County,NJ,202311,2404.56,-0.0087,0.0442,"New York-Newark-Jersey City, NY-NJ-PA"
2552,Somerset County,NJ,202312,2406.73,0.0009,0.0507,"New York-Newark-Jersey City, NY-NJ-PA"
2552,Somerset County,NJ,202401,2413.32,0.0027,0.0497,"New York-Newark-Jersey City, NY-NJ-PA"
2552,Somerset County,NJ,202402,2438.4,0.0104,0.0534,"New York-Newark-Jersey City, NY-NJ-PA"
2552,Somerset County,NJ,202403,2450.57,0.005,0.0408,"New York-Newark-Jersey City, NY-NJ-PA"
2552,Somerset County,NJ,202404,2474.44,0.0097,0.0458,"New York-Newark-Jersey City, NY-NJ-PA"
2552,Somerset County,NJ,202405,2489.76,0.0062,0.0458,"New York-Newark-Jersey City, NY-NJ-PA"
2552,Somerset County,NJ,202406,2503.0,0.0053,0.0495,"New York-Newark-Jersey City, NY-NJ-PA"
2552,Somerset County,NJ,202407,2525.55,0.009,0.0525,"New York-Newark-Jersey City, NY-NJ-PA"
2552,Somerset County,NJ,202408,2537.83,0.0049,0.0494,"New York-Newark-Jersey City, NY-NJ-PA"
2552,Somerset County,NJ,202409,2495.36,-0.0167,0.0299,"New York-Newark-Jersey City, NY-NJ-PA"
2552,Somerset County,NJ,202410,2483.71,-0.0047,0.0239,"New York-Newark-Jersey City, NY-NJ-PA"
2552,Somerset County,NJ,202411,2476.62,-0.0029,0.03,"New York-Newark-Jersey City, NY-NJ-PA"
2552,Somerset County,NJ,202412,2523.9,0.0191,0.0487,"New York-Newark-Jersey City, NY-NJ-PA"
2552,Somerset County,NJ,202501,2512.18,-0.0046,0.041,"New York-Newark-Jersey City, NY-NJ-PA"
2552,Somerset County,NJ,202502,2522.45,0.0041,0.0345,"New York-Newark-Jersey City, NY-NJ-PA"
2552,Somerset County,NJ,202503,2530.92,0.0034,0.0328,"New York-Newark-Jersey City, NY-NJ-PA"
2552,Somerset County,NJ,202504,2540.09,0.0036,0.0265,"New York-Newark-Jersey City, NY-NJ-PA"
2552,Somerset County,NJ,202505,2554.14,0.0055,0.0259,"New York-Newark-Jersey City, NY-NJ-PA"
2552,Somerset County,NJ,202506,2566.11,0.0047,0.0252,"New York-Newark-Jersey City, NY-NJ-PA"
2552,Somerset County,NJ,202507,2593.44,0.0106,0.0269,"New York-Newark-Jersey City, NY-NJ-PA"
2552,Somerset County,NJ,202508,2590.91,-0.001,0.0209,"New York-Newark-Jersey City, NY-NJ-PA"
2552,Somerset County,NJ,202509,2598.23,0.0028,0.0412,"New York-Newark-Jersey City, NY-NJ-PA"
2552,Somerset County,NJ,202510,2598.53,0.0001,0.0462,"New York-Newark-Jersey City, NY-NJ-PA"
2552,Somerset County,NJ,202511,2628.29,0.0115,0.0612,"New York-Newark-Jersey City, NY-NJ-PA"
2552,Somerset County,NJ,202512,2609.86,-0.007,0.0341,"New York-Newark-Jersey City, NY-NJ-PA"
2552,Somerset County,NJ,202601,2610.87,0.0004,0.0393,"New York-Newark-Jersey City, NY-NJ-PA"
2552,Somerset County,NJ,202602,2592.91,-0.0069,0.0279,"New York-Newark-Jersey City, NY-NJ-PA"
2552,Somerset County,NJ,202603,2613.39,0.0079,0.0326,"New York-Newark-Jersey City, NY-NJ-PA"
2552,Somerset County,NJ,202604,2625.68,0.0047,0.0337,"New York-Newark-Jersey City, NY-NJ-PA"
2552,Somerset County,NJ,202605,2624.82,-0.0003,0.0277,"New York-Newark-Jersey City, NY-NJ-PA"
2552,Somerset County,NJ,202606,2632.46,0.0029,0.0259,"New York-Newark-Jersey City, NY-NJ-PA"
2552,Somerset County,NJ,202607,2659.27,0.0102,0.0254,"New York-Newark-Jersey City, NY-NJ-PA"
2552,Somerset County,NJ,202608,2664.69,0.002,0.0285,"New York-Newark-Jersey City, NY-NJ-PA"
2729,Hunterdon County,NJ,201510,1476.21,,,"New York-Newark-Jersey City, NY-NJ-PA"
2729,Hunterdon County,NJ,201511,1466.13,-0.0068,,"New York-Newark-Jersey City, NY-NJ-PA"
2729,Hunterdon County,NJ,201512,1514.45,0.033,,"New York-Newark-Jersey City, NY-NJ-PA"
2729,Hunterdon County,NJ,201601,1525.02,0.007,,"New York-Newark-Jersey City, NY-NJ-PA"
2729,Hunterdon County,NJ,201602,1519.8,-0.0034,,"New York-Newark-Jersey City, NY-NJ-PA"
2729,Hunterdon County,NJ,201603,1508.74,-0.0073,,"New York-Newark-Jersey City, NY-NJ-PA"
2729,Hunterdon County,NJ,201604,1508.59,-0.0001,,"New York-Newark-Jersey City, NY-NJ-PA"
2729,Hunterdon County,NJ,201605,1522.07,0.0089,,"New York-Newark-Jersey City, NY-NJ-PA"
2729,Hunterdon County,NJ,201606,1524.32,0.0015,,"New York-Newark-Jersey City, NY-NJ-PA"
2729,Hunterdon County,NJ,201607,1525.28,0.0006,,"New York-Newark-Jersey City, NY-NJ-PA"
2729,Hunterdon County,NJ,201608,1520.84,-0.0029,,"New York-Newark-Jersey City, NY-NJ-PA"
2729,Hunterdon County,NJ,201609,1551.16,0.0199,,"New York-Newark-Jersey City, NY-NJ-PA"
2729,Hunterdon County,NJ,201610,1522.16,-0.0187,0.0311,"New York-Newark-Jersey City, NY-NJ-PA"
2729,Hunterdon County,NJ,201611,1552.8,0.0201,0.0591,"New York-Newark-Jersey City, NY-NJ-PA"
2729,Hunterdon County,NJ,201612,1536.37,-0.0106,0.0145,"New York-Newark-Jersey City, NY-NJ-PA"
2729,Hunterdon County,NJ,201702,1565.17,0.0187,0.0263,"New York-Newark-Jersey City, NY-NJ-PA"
2729,Hunterdon County,NJ,201703,1558.88,-0.004,0.0257,"New York-Newark-Jersey City, NY-NJ-PA"
2729,Hunterdon County,NJ,201704,1529.45,-0.0189,0.0137,"New York-Newark-Jersey City, NY-NJ-PA"
2729,Hunterdon County,NJ,201705,1547.47,0.0118,0.0258,"New York-Newark-Jersey City, NY-NJ-PA"
2729,Hunterdon County,NJ,201706,1588.8,0.0267,0.0438,"New York-Newark-Jersey City, NY-NJ-PA"
2729,Hunterdon County,NJ,201707,1621.99,0.0209,0.0641,"New York-Newark-Jersey City, NY-NJ-PA"
2729,Hunterdon County,NJ,201708,1597.31,-0.0152,0.0472,"New York-Newark-Jersey City, NY-NJ-PA"
2729,Hunterdon County,NJ,201709,1577.15,-0.0126,0.037,"New York-Newark-Jersey City, NY-NJ-PA"
2729,Hunterdon County,NJ,201710,1589.78,0.008,0.0249,"New York-Newark-Jersey City, NY-NJ-PA"
2729,Hunterdon County,NJ,201711,1623.34,0.0211,0.0665,"New York-Newark-Jersey City, NY-NJ-PA"
2729,Hunterdon County,NJ,201712,1626.55,0.002,0.0475,"New York-Newark-Jersey City, NY-NJ-PA"
2729,Hunterdon County,NJ,201801,1609.55,-0.0104,0.0476,"New York-Newark-Jersey City, NY-NJ-PA"
2729,Hunterdon County,NJ,201802,1631.69,0.0138,0.0425,"New York-Newark-Jersey City, NY-NJ-PA"
2729,Hunterdon County,NJ,201803,1638.04,0.0039,0.0508,"New York-Newark-Jersey City, NY-NJ-PA"
2729,Hunterdon County,NJ,201804,1647.51,0.0058,0.0772,"New York-Newark-Jersey City, NY-NJ-PA"
2729,Hunterdon County,NJ,201805,1618.47,-0.0176,0.0459,"New York-Newark-Jersey City, NY-NJ-PA"
2729,Hunterdon County,NJ,201806,1632.32,0.0086,0.0274,"New York-Newark-Jersey City, NY-NJ-PA"
2729,Hunterdon County,NJ,201807,1611.8,-0.0126,-0.0063,"New York-Newark-Jersey City, NY-NJ-PA"
2729,Hunterdon County,NJ,201808,1633.34,0.0134,0.0226,"New York-Newark-Jersey City, NY-NJ-PA"
2729,Hunterdon County,NJ,201809,1620.55,-0.0078,0.0275,"New York-Newark-Jersey City, NY-NJ-PA"
2729,Hunterdon County,NJ,201810,1628.66,0.005,0.0245,"New York-Newark-Jersey City, NY-NJ-PA"
2729,Hunterdon County,NJ,201811,1626.68,-0.0012,0.0021,"New York-Newark-Jersey City, NY-NJ-PA"
2729,Hunterdon County,NJ,201812,1656.93,0.0186,0.0187,"New York-Newark-Jersey City, NY-NJ-PA"
2729,Hunterdon County,NJ,201901,1687.77,0.0186,0.0486,"New York-Newark-Jersey City, NY-NJ-PA"
2729,Hunterdon County,NJ,201902,1676.53,-0.0067,0.0275,"New York-Newark-Jersey City, NY-NJ-PA"
2729,Hunterdon County,NJ,201903,1672.97,-0.0021,0.0213,"New York-Newark-Jersey City, NY-NJ-PA"
2729,Hunterdon County,NJ,201904,1670.66,-0.0014,0.014,"New York-Newark-Jersey City, NY-NJ-PA"
2729,Hunterdon County,NJ,201905,1696.06,0.0152,0.0479,"New York-Newark-Jersey City, NY-NJ-PA"
2729,Hunterdon County,NJ,201906,1690.95,-0.003,0.0359,"New York-Newark-Jersey City, NY-NJ-PA"
2729,Hunterdon County,NJ,201907,1704.43,0.008,0.0575,"New York-Newark-Jersey City, NY-NJ-PA"
2729,Hunterdon County,NJ,201908,1702.38,-0.0012,0.0423,"New York-Newark-Jersey City, NY-NJ-PA"
2729,Hunterdon County,NJ,201909,1695.77,-0.0039,0.0464,"New York-Newark-Jersey City, NY-NJ-PA"
2729,Hunterdon County,NJ,201910,1703.68,0.0047,0.0461,"New York-Newark-Jersey City, NY-NJ-PA"
2729,Hunterdon County,NJ,201911,1685.07,-0.0109,0.0359,"New York-Newark-Jersey City, NY-NJ-PA"
2729,Hunterdon County,NJ,201912,1709.48,0.0145,0.0317,"New York-Newark-Jersey City, NY-NJ-PA"
2729,Hunterdon County,NJ,202001,1700.63,-0.0052,0.0076,"New York-Newark-Jersey City, NY-NJ-PA"
2729,Hunterdon County,NJ,202002,1743.62,0.0253,0.04,"New York-Newark-Jersey City, NY-NJ-PA"
2729,Hunterdon County,NJ,202003,1726.51,-0.0098,0.032,"New York-Newark-Jersey City, NY-NJ-PA"
2729,Hunterdon County,NJ,202004,1741.88,0.0089,0.0426,"New York-Newark-Jersey City, NY-NJ-PA"
2729,Hunterdon County,NJ,202005,1755.27,0.0077,0.0349,"New York-Newark-Jersey City, NY-NJ-PA"
2729,Hunterdon County,NJ,202006,1760.03,0.0027,0.0408,"New York-Newark-Jersey City, NY-NJ-PA"
2729,Hunterdon County,NJ,202007,1766.85,0.0039,0.0366,"New York-Newark-Jersey City, NY-NJ-PA"
2729,Hunterdon County,NJ,202008,1762.64,-0.0024,0.0354,"New York-Newark-Jersey City, NY-NJ-PA"
2729,Hunterdon County,NJ,202009,1799.57,0.0209,0.0612,"New York-Newark-Jersey City, NY-NJ-PA"
2729,Hunterdon County,NJ,202010,1786.14,-0.0075,0.0484,"New York-Newark-Jersey City, NY-NJ-PA"
2729,Hunterdon County,NJ,202011,1782.09,-0.0023,0.0576,"New York-Newark-Jersey City, NY-NJ-PA"
2729,Hunterdon County,NJ,202012,1774.56,-0.0042,0.0381,"New York-Newark-Jersey City, NY-NJ-PA"
2729,Hunterdon County,NJ,202101,1808.06,0.0189,0.0632,"New York-Newark-Jersey City, NY-NJ-PA"
2729,Hunterdon County,NJ,202102,1813.02,0.0027,0.0398,"New York-Newark-Jersey City, NY-NJ-PA"
2729,Hunterdon County,NJ,202103,1848.85,0.0198,0.0709,"New York-Newark-Jersey City, NY-NJ-PA"
2729,Hunterdon County,NJ,202104,1859.98,0.006,0.0678,"New York-Newark-Jersey City, NY-NJ-PA"
2729,Hunterdon County,NJ,202105,1885.5,0.0137,0.0742,"New York-Newark-Jersey City, NY-NJ-PA"
2729,Hunterdon County,NJ,202106,1898.14,0.0067,0.0785,"New York-Newark-Jersey City, NY-NJ-PA"
2729,Hunterdon County,NJ,202107,1934.18,0.019,0.0947,"New York-Newark-Jersey City, NY-NJ-PA"
2729,Hunterdon County,NJ,202108,2011.0,0.0397,0.1409,"New York-Newark-Jersey City, NY-NJ-PA"
2729,Hunterdon County,NJ,202109,2039.36,0.0141,0.1332,"New York-Newark-Jersey City, NY-NJ-PA"
2729,Hunterdon County,NJ,202110,2066.9,0.0135,0.1572,"New York-Newark-Jersey City, NY-NJ-PA"
2729,Hunterdon County,NJ,202111,2024.32,-0.0206,0.1359,"New York-Newark-Jersey City, NY-NJ-PA"
2729,Hunterdon County,NJ,202112,2036.34,0.0059,0.1475,"New York-Newark-Jersey City, NY-NJ-PA"
2729,Hunterdon County,NJ,202201,2028.74,-0.0037,0.1221,"New York-Newark-Jersey City, NY-NJ-PA"
2729,Hunterdon County,NJ,202202,2055.74,0.0133,0.1339,"New York-Newark-Jersey City, NY-NJ-PA"
2729,Hunterdon County,NJ,202203,2026.46,-0.0142,0.0961,"New York-Newark-Jersey City, NY-NJ-PA"
2729,Hunterdon County,NJ,202204,2061.73,0.0174,0.1085,"New York-Newark-Jersey City, NY-NJ-PA"
2729,Hunterdon County,NJ,202205,2084.16,0.0109,0.1054,"New York-Newark-Jersey City, NY-NJ-PA"
2729,Hunterdon County,NJ,202206,2153.06,0.0331,0.1343,"New York-Newark-Jersey City, NY-NJ-PA"
2729,Hunterdon County,NJ,202207,2183.77,0.0143,0.129,"New York-Newark-Jersey City, NY-NJ-PA"
2729,Hunterdon County,NJ,202208,2197.43,0.0063,0.0927,"New York-Newark-Jersey City, NY-NJ-PA"
2729,Hunterdon County,NJ,202209,2225.25,0.0127,0.0912,"New York-Newark-Jersey City, NY-NJ-PA"
2729,Hunterdon County,NJ,202210,2215.14,-0.0045,0.0717,"New York-Newark-Jersey City, NY-NJ-PA"
2729,Hunterdon County,NJ,202211,2236.4,0.0096,0.1048,"New York-Newark-Jersey City, NY-NJ-PA"
2729,Hunterdon County,NJ,202212,2228.42,-0.0036,0.0943,"New York-Newark-Jersey City, NY-NJ-PA"
2729,Hunterdon County,NJ,202301,2224.24,-0.0019,0.0964,"New York-Newark-Jersey City, NY-NJ-PA"
2729,Hunterdon County,NJ,202302,2235.53,0.0051,0.0875,"New York-Newark-Jersey City, NY-NJ-PA"
2729,Hunterdon County,NJ,202303,2221.23,-0.0064,0.0961,"New York-Newark-Jersey City, NY-NJ-PA"
2729,Hunterdon County,NJ,202304,2221.83,0.0003,0.0777,"New York-Newark-Jersey City, NY-NJ-PA"
2729,Hunterdon County,NJ,202305,2217.7,-0.0019,0.0641,"New York-Newark-Jersey City, NY-NJ-PA"
2729,Hunterdon County,NJ,202306,2233.63,0.0072,0.0374,"New York-Newark-Jersey City, NY-NJ-PA"
2729,Hunterdon County,NJ,202307,2253.35,0.0088,0.0319,"New York-Newark-Jersey City, NY-NJ-PA"
2729,Hunterdon County,NJ,202308,2267.53,0.0063,0.0319,"New York-Newark-Jersey City, NY-NJ-PA"
2729,Hunterdon County,NJ,202309,2287.84,0.009,0.0281,"New York-Newark-Jersey City, NY-NJ-PA"
2729,Hunterdon County,NJ,202310,2310.42,0.0099,0.043,"New York-Newark-Jersey City, NY-NJ-PA"
2729,Hunterdon County,NJ,202311,2323.86,0.0058,0.0391,"New York-Newark-Jersey City, NY-NJ-PA"
2729,Hunterdon County,NJ,202401,2358.02,0.0147,0.0582,"New York-Newark-Jersey City, NY-NJ-PA"
2729,Hunterdon County,NJ,202402,2348.66,-0.004,0.0559,"New York-Newark-Jersey City, NY-NJ-PA"
2729,Hunterdon County,NJ,202403,2300.42,-0.0205,0.029,"New York-Newark-Jersey City, NY-NJ-PA"
2729,Hunterdon County,NJ,202404,2327.09,0.0116,0.0477,"New York-Newark-Jersey City, NY-NJ-PA"
2729,Hunterdon County,NJ,202405,2329.81,0.0012,0.0486,"New York-Newark-Jersey City, NY-NJ-PA"
2729,Hunterdon County,NJ,202406,2360.64,0.0132,0.0645,"New York-Newark-Jersey City, NY-NJ-PA"
2729,Hunterdon County,NJ,202407,2368.98,0.0035,0.0606,"New York-Newark-Jersey City, NY-NJ-PA"
2729,Hunterdon County,NJ,202408,2403.77,0.0147,0.0668,"New York-Newark-Jersey City, NY-NJ-PA"
2729,Hunterdon County,NJ,202409,2432.77,0.0121,0.0729,"New York-Newark-Jersey City, NY-NJ-PA"
2729,Hunterdon County,NJ,202410,2433.65,0.0004,0.0637,"New York-Newark-Jersey City, NY-NJ-PA"
2729,Hunterdon County,NJ,202411,2470.57,0.0152,0.0693,"New York-Newark-Jersey City, NY-NJ-PA"
2729,Hunterdon County,NJ,202412,2449.89,-0.0084,0.0542,"New York-Newark-Jersey City, NY-NJ-PA"
2729,Hunterdon County,NJ,202501,2472.12,0.0091,0.0484,"New York-Newark-Jersey City, NY-NJ-PA"
2729,Hunterdon County,NJ,202502,2465.3,-0.0028,0.0497,"New York-Newark-Jersey City, NY-NJ-PA"
2729,Hunterdon County,NJ,202503,2464.53,-0.0003,0.0713,"New York-Newark-Jersey City, NY-NJ-PA"
2729,Hunterdon County,NJ,202504,2455.39,-0.0037,0.0551,"New York-Newark-Jersey City, NY-NJ-PA"
2729,Hunterdon County,NJ,202505,2453.42,-0.0008,0.0531,"New York-Newark-Jersey City, NY-NJ-PA"
2729,Hunterdon County,NJ,202506,2500.66,0.0193,0.0593,"New York-Newark-Jersey City, NY-NJ-PA"
2729,Hunterdon County,NJ,202507,2517.69,0.0068,0.0628,"New York-Newark-Jersey City, NY-NJ-PA"
2729,Hunterdon County,NJ,202508,2545.47,0.011,0.0589,"New York-Newark-Jersey City, NY-NJ-PA"
2729,Hunterdon County,NJ,202509,2545.73,0.0001,0.0464,"New York-Newark-Jersey City, NY-NJ-PA"
2729,Hunterdon County,NJ,202510,2529.71,-0.0063,0.0395,"New York-Newark-Jersey City, NY-NJ-PA"
2729,Hunterdon County,NJ,202511,2464.19,-0.0259,-0.0026,"New York-Newark-Jersey City, NY-NJ-PA"
2729,Hunterdon County,NJ,202512,2450.22,-0.0057,0.0001,"New York-Newark-Jersey City, NY-NJ-PA"
2729,Hunterdon County,NJ,202601,2449.19,-0.0004,-0.0093,"New York-Newark-Jersey City, NY-NJ-PA"
2729,Hunterdon County,NJ,202602,2508.57,0.0242,0.0176,"New York-Newark-Jersey City, NY-NJ-PA"
2729,Hunterdon County,NJ,202603,2515.3,0.0027,0.0206,"New York-Newark-Jersey City, NY-NJ-PA"
2729,Hunterdon County,NJ,202604,2506.69,-0.0034,0.0209,"New York-Newark-Jersey City, NY-NJ-PA"
2729,Hunterdon County,NJ,202605,2489.99,-0.0067,0.0149,"New York-Newark-Jersey City, NY-NJ-PA"
2729,Hunterdon County,NJ,202607,2538.24,0.0194,0.015,"New York-Newark-Jersey City, NY-NJ-PA"
2729,Hunterdon County,NJ,202608,2533.12,-0.002,0.0061,"New York-Newark-Jersey City, NY-NJ-PA"
2802,Middlesex County,NJ,201501,1576.32,,,"New York-Newark-Jersey City, NY-NJ-PA"
2802,Middlesex County,NJ,201502,1580.42,0.0026,,"New York-Newark-Jersey City, NY-NJ-PA"
2802,Middlesex County,NJ,201503,1586.13,0.0036,,"New York-Newark-Jersey City, NY-NJ-PA"
2802,Middlesex County,NJ,201504,1602.12,0.0101,,"New York-Newark-Jersey City, NY-NJ-PA"
2802,Middlesex County,NJ,201505,1606.16,0.0025,,"New York-Newark-Jersey City, NY-NJ-PA"
2802,Middlesex County,NJ,201506,1615.69,0.0059,,"New York-Newark-Jersey City, NY-NJ-PA"
2802,Middlesex County,NJ,201507,1608.83,-0.0042,,"New York-Newark-Jersey City, NY-NJ-PA"
2802,Middlesex County,NJ,201508,1616.95,0.005,,"New York-Newark-Jersey City, NY-NJ-PA"
2802,Middlesex County,NJ,201509,1612.96,-0.0025,,"New York-Newark-Jersey City, NY-NJ-PA"
2802,Middlesex County,NJ,201510,1621.09,0.005,,"New York-Newark-Jersey City, NY-NJ-PA"
2802,Middlesex County,NJ,201511,1621.63,0.0003,,"New York-Newark-Jersey City, NY-NJ-PA"
2802,Middlesex County,NJ,201512,1628.99,0.0045,,"New York-Newark-Jersey City, NY-NJ-PA"
2802,Middlesex County,NJ,201601,1627.04,-0.0012,0.0322,"New York-Newark-Jersey City, NY-NJ-PA"
2802,Middlesex County,NJ,201602,1632.17,0.0032,0.0327,"New York-Newark-Jersey City, NY-NJ-PA"
2802,Middlesex County,NJ,201603,1637.47,0.0032,0.0324,"New York-Newark-Jersey City, NY-NJ-PA"
2802,Middlesex County,NJ,201604,1649.06,0.0071,0.0293,"New York-Newark-Jersey City, NY-NJ-PA"
2802,Middlesex County,NJ,201605,1662.73,0.0083,0.0352,"New York-Newark-Jersey City, NY-NJ-PA"
2802,Middlesex County,NJ,201606,1670.67,0.0048,0.034,"New York-Newark-Jersey City, NY-NJ-PA"
2802,Middlesex County,NJ,201607,1677.05,0.0038,0.0424,"New York-Newark-Jersey City, NY-NJ-PA"
2802,Middlesex County,NJ,201608,1668.25,-0.0052,0.0317,"New York-Newark-Jersey City, NY-NJ-PA"
2802,Middlesex County,NJ,201609,1667.59,-0.0004,0.0339,"New York-Newark-Jersey City, NY-NJ-PA"
2802,Middlesex County,NJ,201610,1667.82,0.0001,0.0288,"New York-Newark-Jersey City, NY-NJ-PA"
2802,Middlesex County,NJ,201611,1676.95,0.0055,0.0341,"New York-Newark-Jersey City, NY-NJ-PA"
2802,Middlesex County,NJ,201612,1682.96,0.0036,0.0331,"New York-Newark-Jersey City, NY-NJ-PA"
2802,Middlesex County,NJ,201701,1682.42,-0.0003,0.034,"New York-Newark-Jersey City, NY-NJ-PA"
2802,Middlesex County,NJ,201702,1681.09,-0.0008,0.03,"New York-Newark-Jersey City, NY-NJ-PA"
2802,Middlesex County,NJ,201703,1688.16,0.0042,0.031,"New York-Newark-Jersey City, NY-NJ-PA"
2802,Middlesex County,NJ,201704,1699.28,0.0066,0.0304,"New York-Newark-Jersey City, NY-NJ-PA"
2802,Middlesex County,NJ,201705,1709.78,0.0062,0.0283,"New York-Newark-Jersey City, NY-NJ-PA"
2802,Middlesex County,NJ,201706,1711.92,0.0012,0.0247,"New York-Newark-Jersey City, NY-NJ-PA"
2802,Middlesex County,NJ,201707,1714.69,0.0016,0.0224,"New York-Newark-Jersey City, NY-NJ-PA"
2802,Middlesex County,NJ,201708,1719.81,0.003,0.0309,"New York-Newark-Jersey City, NY-NJ-PA"
2802,Middlesex County,NJ,201709,1720.41,0.0003,0.0317,"New York-Newark-Jersey City, NY-NJ-PA"
2802,Middlesex County,NJ,201710,1722.64,0.0013,0.0329,"New York-Newark-Jersey City, NY-NJ-PA"
2802,Middlesex County,NJ,201711,1722.67,0.0,0.0273,"New York-Newark-Jersey City, NY-NJ-PA"
2802,Middlesex County,NJ,201712,1725.53,0.0017,0.0253,"New York-Newark-Jersey City, NY-NJ-PA"
2802,Middlesex County,NJ,201801,1725.99,0.0003,0.0259,"New York-Newark-Jersey City, NY-NJ-PA"
2802,Middlesex County,NJ,201802,1739.18,0.0076,0.0346,"New York-Newark-Jersey City, NY-NJ-PA"
2802,Middlesex County,NJ,201803,1746.16,0.004,0.0344,"New York-Newark-Jersey City, NY-NJ-PA"
2802,Middlesex County,NJ,201804,1751.72,0.0032,0.0309,"New York-Newark-Jersey City, NY-NJ-PA"
2802,Middlesex County,NJ,201805,1750.18,-0.0009,0.0236,"New York-Newark-Jersey City, NY-NJ-PA"
2802,Middlesex County,NJ,201806,1753.32,0.0018,0.0242,"New York-Newark-Jersey City, NY-NJ-PA"
2802,Middlesex County,NJ,201807,1757.41,0.0023,0.0249,"New York-Newark-Jersey City, NY-NJ-PA"
2802,Middlesex County,NJ,201808,1750.18,-0.0041,0.0177,"New York-Newark-Jersey City, NY-NJ-PA"
2802,Middlesex County,NJ,201809,1749.58,-0.0003,0.017,"New York-Newark-Jersey City, NY-NJ-PA"
2802,Middlesex County,NJ,201810,1754.16,0.0026,0.0183,"New York-Newark-Jersey City, NY-NJ-PA"
2802,Middlesex County,NJ,201811,1758.64,0.0026,0.0209,"New York-Newark-Jersey City, NY-NJ-PA"
2802,Middlesex County,NJ,201812,1757.34,-0.0007,0.0184,"New York-Newark-Jersey City, NY-NJ-PA"
2802,Middlesex County,NJ,201901,1750.07,-0.0041,0.014,"New York-Newark-Jersey City, NY-NJ-PA"
2802,Middlesex County,NJ,201902,1753.53,0.002,0.0083,"New York-Newark-Jersey City, NY-NJ-PA"
2802,Middlesex County,NJ,201903,1758.04,0.0026,0.0068,"New York-Newark-Jersey City, NY-NJ-PA"
2802,Middlesex County,NJ,201904,1774.0,0.0091,0.0127,"New York-Newark-Jersey City, NY-NJ-PA"
2802,Middlesex County,NJ,201905,1781.32,0.0041,0.0178,"New York-Newark-Jersey City, NY-NJ-PA"
2802,Middlesex County,NJ,201906,1794.42,0.0074,0.0234,"New York-Newark-Jersey City, NY-NJ-PA"
2802,Middlesex County,NJ,201907,1794.12,-0.0002,0.0209,"New York-Newark-Jersey City, NY-NJ-PA"
2802,Middlesex County,NJ,201908,1798.43,0.0024,0.0276,"New York-Newark-Jersey City, NY-NJ-PA"
2802,Middlesex County,NJ,201909,1800.32,0.0011,0.029,"New York-Newark-Jersey City, NY-NJ-PA"
2802,Middlesex County,NJ,201910,1793.1,-0.004,0.0222,"New York-Newark-Jersey City, NY-NJ-PA"
2802,Middlesex County,NJ,201911,1796.82,0.0021,0.0217,"New York-Newark-Jersey City, NY-NJ-PA"
2802,Middlesex County,NJ,201912,1794.38,-0.0014,0.0211,"New York-Newark-Jersey City, NY-NJ-PA"
2802,Middlesex County,NJ,202001,1805.74,0.0063,0.0318,"New York-Newark-Jersey City, NY-NJ-PA"
2802,Middlesex County,NJ,202002,1805.07,-0.0004,0.0294,"New York-Newark-Jersey City, NY-NJ-PA"
2802,Middlesex County,NJ,202003,1811.19,0.0034,0.0302,"New York-Newark-Jersey City, NY-NJ-PA"
2802,Middlesex County,NJ,202004,1813.06,0.001,0.022,"New York-Newark-Jersey City, NY-NJ-PA"
2802,Middlesex County,NJ,202005,1822.37,0.0051,0.023,"New York-Newark-Jersey City, NY-NJ-PA"
2802,Middlesex County,NJ,202006,1819.85,-0.0014,0.0142,"New York-Newark-Jersey City, NY-NJ-PA"
2802,Middlesex County,NJ,202007,1817.91,-0.0011,0.0133,"New York-Newark-Jersey City, NY-NJ-PA"
2802,Middlesex County,NJ,202008,1817.48,-0.0002,0.0106,"New York-Newark-Jersey City, NY-NJ-PA"
2802,Middlesex County,NJ,202009,1825.49,0.0044,0.014,"New York-Newark-Jersey City, NY-NJ-PA"
2802,Middlesex County,NJ,202010,1840.0,0.008,0.0262,"New York-Newark-Jersey City, NY-NJ-PA"
2802,Middlesex County,NJ,202011,1845.04,0.0027,0.0268,"New York-Newark-Jersey City, NY-NJ-PA"
2802,Middlesex County,NJ,202012,1843.24,-0.001,0.0272,"New York-Newark-Jersey City, NY-NJ-PA"
2802,Middlesex County,NJ,202101,1837.7,-0.003,0.0177,"New York-Newark-Jersey City, NY-NJ-PA"
2802,Middlesex County,NJ,202102,1835.36,-0.0013,0.0168,"New York-Newark-Jersey City, NY-NJ-PA"
2802,Middlesex County,NJ,202103,1848.97,0.0074,0.0209,"New York-Newark-Jersey City, NY-NJ-PA"
2802,Middlesex County,NJ,202104,1860.85,0.0064,0.0264,"New York-Newark-Jersey City, NY-NJ-PA"
2802,Middlesex County,NJ,202105,1870.97,0.0054,0.0267,"New York-Newark-Jersey City, NY-NJ-PA"
2802,Middlesex County,NJ,202106,1892.46,0.0115,0.0399,"New York-Newark-Jersey City, NY-NJ-PA"
2802,Middlesex County,NJ,202107,1934.04,0.022,0.0639,"New York-Newark-Jersey City, NY-NJ-PA"
2802,Middlesex County,NJ,202108,1982.97,0.0253,0.0911,"New York-Newark-Jersey City, NY-NJ-PA"
2802,Middlesex County,NJ,202110,2033.86,0.0257,0.1141,"New York-Newark-Jersey City, NY-NJ-PA"
2802,Middlesex County,NJ,202111,2050.49,0.0082,0.1144,"New York-Newark-Jersey City, NY-NJ-PA"
2802,Middlesex County,NJ,202112,2060.15,0.0047,0.1166,"New York-Newark-Jersey City, NY-NJ-PA"
2802,Middlesex County,NJ,202201,2077.4,0.0084,0.127,"New York-Newark-Jersey City, NY-NJ-PA"
2802,Middlesex County,NJ,202202,2102.28,0.012,0.144,"New York-Newark-Jersey City, NY-NJ-PA"
2802,Middlesex County,NJ,202203,2134.24,0.0152,0.1628,"New York-Newark-Jersey City, NY-NJ-PA"
2802,Middlesex County,NJ,202204,2166.68,0.0152,0.1718,"New York-Newark-Jersey City, NY-NJ-PA"
2802,Middlesex County,NJ,202205,2190.16,0.0108,0.177,"New York-Newark-Jersey City, NY-NJ-PA"
2802,Middlesex County,NJ,202206,2219.67,0.0135,0.1864,"New York-Newark-Jersey City, NY-NJ-PA"
2802,Middlesex County,NJ,202207,2238.02,0.0083,0.1826,"New York-Newark-Jersey City, NY-NJ-PA"
2802,Middlesex County,NJ,202208,2260.41,0.01,0.1687,"New York-Newark-Jersey City, NY-NJ-PA"
2802,Middlesex County,NJ,202209,2262.22,0.0008,0.1408,"New York-Newark-Jersey City, NY-NJ-PA"
2802,Middlesex County,NJ,202210,2269.86,0.0034,0.116,"New York-Newark-Jersey City, NY-NJ-PA"
2802,Middlesex County,NJ,202211,2265.81,-0.0018,0.105,"New York-Newark-Jersey City, NY-NJ-PA"
2802,Middlesex County,NJ,202212,2278.34,0.0055,0.1059,"New York-Newark-Jersey City, NY-NJ-PA"
2802,Middlesex County,NJ,202301,2270.29,-0.0035,0.0929,"New York-Newark-Jersey City, NY-NJ-PA"
2802,Middlesex County,NJ,202302,2277.91,0.0034,0.0835,"New York-Newark-Jersey City, NY-NJ-PA"
2802,Middlesex County,NJ,202303,2289.73,0.0052,0.0729,"New York-Newark-Jersey City, NY-NJ-PA"
2802,Middlesex County,NJ,202304,2313.86,0.0105,0.0679,"New York-Newark-Jersey City, NY-NJ-PA"
2802,Middlesex County,NJ,202305,2322.99,0.0039,0.0606,"New York-Newark-Jersey City, NY-NJ-PA"
2802,Middlesex County,NJ,202306,2330.39,0.0032,0.0499,"New York-Newark-Jersey City, NY-NJ-PA"
2802,Middlesex County,NJ,202307,2335.51,0.0022,0.0436,"New York-Newark-Jersey City, NY-NJ-PA"
2802,Middlesex County,NJ,202308,2347.7,0.0052,0.0386,"New York-Newark-Jersey City, NY-NJ-PA"
2802,Middlesex County,NJ,202309,2353.04,0.0023,0.0401,"New York-Newark-Jersey City, NY-NJ-PA"
2802,Middlesex County,NJ,202310,2361.55,0.0036,0.0404,"New York-Newark-Jersey City, NY-NJ-PA"
2802,Middlesex County,NJ,202311,2377.19,0.0066,0.0492,"New York-Newark-Jersey City, NY-NJ-PA"
2802,Middlesex County,NJ,202312,2379.28,0.0009,0.0443,"New York-Newark-Jersey City, NY-NJ-PA"
2802,Middlesex County,NJ,202401,2384.13,0.002,0.0501,"New York-Newark-Jersey City, NY-NJ-PA"
2802,Middlesex County,NJ,202402,2384.2,0.0,0.0467,"New York-Newark-Jersey City, NY-NJ-PA"
2802,Middlesex County,NJ,202403,2395.55,0.0048,0.0462,"New York-Newark-Jersey City, NY-NJ-PA"
2802,Middlesex County,NJ,202404,2398.71,0.0013,0.0367,"New York-Newark-Jersey City, NY-NJ-PA"
2802,Middlesex County,NJ,202405,2406.19,0.0031,0.0358,"New York-Newark-Jersey City, NY-NJ-PA"
2802,Middlesex County,NJ,202406,2415.97,0.0041,0.0367,"New York-Newark-Jersey City, NY-NJ-PA"
2802,Middlesex County,NJ,202407,2435.82,0.0082,0.0429,"New York-Newark-Jersey City, NY-NJ-PA"
2802,Middlesex County,NJ,202408,2441.85,0.0025,0.0401,"New York-Newark-Jersey City, NY-NJ-PA"
2802,Middlesex County,NJ,202409,2449.74,0.0032,0.0411,"New York-Newark-Jersey City, NY-NJ-PA"
2802,Middlesex County,NJ,202410,2443.62,-0.0025,0.0348,"New York-Newark-Jersey City, NY-NJ-PA"
2802,Middlesex County,NJ,202411,2443.01,-0.0003,0.0277,"New York-Newark-Jersey City, NY-NJ-PA"
2802,Middlesex County,NJ,202412,2441.69,-0.0005,0.0262,"New York-Newark-Jersey City, NY-NJ-PA"
2802,Middlesex County,NJ,202501,2441.96,0.0001,0.0243,"New York-Newark-Jersey City, NY-NJ-PA"
2802,Middlesex County,NJ,202502,2449.42,0.0031,0.0274,"New York-Newark-Jersey City, NY-NJ-PA"
2802,Middlesex County,NJ,202503,2461.29,0.0048,0.0274,"New York-Newark-Jersey City, NY-NJ-PA"
2802,Middlesex County,NJ,202504,2477.86,0.0067,0.033,"New York-Newark-Jersey City, NY-NJ-PA"
2802,Middlesex County,NJ,202505,2493.83,0.0064,0.0364,"New York-Newark-Jersey City, NY-NJ-PA"
2802,Middlesex County,NJ,202506,2501.87,0.0032,0.0356,"New York-Newark-Jersey City, NY-NJ-PA"
2802,Middlesex County,NJ,202507,2507.43,0.0022,0.0294,"New York-Newark-Jersey City, NY-NJ-PA"
2802,Middlesex County,NJ,202508,2511.84,0.0018,0.0287,"New York-Newark-Jersey City, NY-NJ-PA"
2802,Middlesex County,NJ,202509,2515.63,0.0015,0.0269,"New York-Newark-Jersey City, NY-NJ-PA"
2802,Middlesex County,NJ,202510,2520.01,0.0017,0.0313,"New York-Newark-Jersey City, NY-NJ-PA"
2802,Middlesex County,NJ,202511,2515.83,-0.0017,0.0298,"New York-Newark-Jersey City, NY-NJ-PA"
2802,Middlesex County,NJ,202512,2504.16,-0.0046,0.0256,"New York-Newark-Jersey City, NY-NJ-PA"
2802,Middlesex County,NJ,202601,2498.81,-0.0021,0.0233,"New York-Newark-Jersey City, NY-NJ-PA"
2802,Middlesex County,NJ,202602,2496.32,-0.001,0.0192,"New York-Newark-Jersey City, NY-NJ-PA"
2802,Middlesex County,NJ,202603,2507.36,0.0044,0.0187,"New York-Newark-Jersey City, NY-NJ-PA"
2802,Middlesex County,NJ,202604,2519.64,0.0049,0.0169,"New York-Newark-Jersey City, NY-NJ-PA"
2802,Middlesex County,NJ,202605,2533.85,0.0056,0.016,"New York-Newark-Jersey City, NY-NJ-PA"
2802,Middlesex County,NJ,202606,2539.44,0.0022,0.015,"New York-Newark-Jersey City, NY-NJ-PA"
2802,Middlesex County,NJ,202607,2547.22,0.0031,0.0159,"New York-Newark-Jersey City, NY-NJ-PA"
2802,Middlesex County,NJ,202608,2547.85,0.0002,0.0143,"New York-Newark-Jersey City, NY-NJ-PA"
2896,Burlington County,NJ,201501,1296.97,,,"Philadelphia-Camden-Wilmington, PA-NJ-DE-MD"
2896,Burlington County,NJ,201502,1300.25,0.0025,,"Philadelphia-Camden-Wilmington, PA-NJ-DE-MD"
2896,Burlington County,NJ,201503,1297.49,-0.0021,,"Philadelphia-Camden-Wilmington, PA-NJ-DE-MD"
2896,Burlington County,NJ,201504,1308.52,0.0085,,"Philadelphia-Camden-Wilmington, PA-NJ-DE-MD"
2896,Burlington County,NJ,201505,1316.87,0.0064,,"Philadelphia-Camden-Wilmington, PA-NJ-DE-MD"
2896,Burlington County,NJ,201506,1324.32,0.0057,,"Philadelphia-Camden-Wilmington, PA-NJ-DE-MD"
2896,Burlington County,NJ,201507,1320.3,-0.003,,"Philadelphia-Camden-Wilmington, PA-NJ-DE-MD"
2896,Burlington County,NJ,201508,1317.82,-0.0019,,"Philadelphia-Camden-Wilmington, PA-NJ-DE-MD"
2896,Burlington County,NJ,201509,1318.86,0.0008,,"Philadelphia-Camden-Wilmington, PA-NJ-DE-MD"
2896,Burlington County,NJ,201510,1322.02,0.0024,,"Philadelphia-Camden-Wilmington, PA-NJ-DE-MD"
2896,Burlington County,NJ,201511,1321.61,-0.0003,,"Philadelphia-Camden-Wilmington, PA-NJ-DE-MD"
2896,Burlington County,NJ,201512,1320.96,-0.0005,,"Philadelphia-Camden-Wilmington, PA-NJ-DE-MD"
2896,Burlington County,NJ,201601,1324.74,0.0029,0.0214,"Philadelphia-Camden-Wilmington, PA-NJ-DE-MD"
2896,Burlington County,NJ,201602,1333.09,0.0063,0.0253,"Philadelphia-Camden-Wilmington, PA-NJ-DE-MD"
2896,Burlington County,NJ,201603,1340.22,0.0053,0.0329,"Philadelphia-Camden-Wilmington, PA-NJ-DE-MD"
2896,Burlington County,NJ,201604,1343.32,0.0023,0.0266,"Philadelphia-Camden-Wilmington, PA-NJ-DE-MD"
2896,Burlington County,NJ,201605,1345.02,0.0013,0.0214,"Philadelphia-Camden-Wilmington, PA-NJ-DE-MD"
2896,Burlington County,NJ,201606,1351.4,0.0047,0.0204,"Philadelphia-Camden-Wilmington, PA-NJ-DE-MD"
2896,Burlington County,NJ,201607,1358.08,0.0049,0.0286,"Philadelphia-Camden-Wilmington, PA-NJ-DE-MD"
2896,Burlington County,NJ,201608,1359.11,0.0008,0.0313,"Philadelphia-Camden-Wilmington, PA-NJ-DE-MD"
2896,Burlington County,NJ,201609,1358.24,-0.0006,0.0299,"Philadelphia-Camden-Wilmington, PA-NJ-DE-MD"
2896,Burlington County,NJ,201610,1354.74,-0.0026,0.0247,"Philadelphia-Camden-Wilmington, PA-NJ-DE-MD"
2896,Burlington County,NJ,201611,1354.14,-0.0004,0.0246,"Philadelphia-Camden-Wilmington, PA-NJ-DE-MD"
2896,Burlington County,NJ,201612,1351.45,-0.002,0.0231,"Philadelphia-Camden-Wilmington, PA-NJ-DE-MD"
2896,Burlington County,NJ,201701,1354.46,0.0022,0.0224,"Philadelphia-Camden-Wilmington, PA-NJ-DE-MD"
2896,Burlington County,NJ,201702,1358.78,0.0032,0.0193,"Philadelphia-Camden-Wilmington, PA-NJ-DE-MD"
2896,Burlington County,NJ,201703,1366.1,0.0054,0.0193,"Philadelphia-Camden-Wilmington, PA-NJ-DE-MD"
2896,Burlington County,NJ,201704,1374.38,0.0061,0.0231,"Philadelphia-Camden-Wilmington, PA-NJ-DE-MD"
2896,Burlington County,NJ,201705,1381.68,0.0053,0.0273,"Philadelphia-Camden-Wilmington, PA-NJ-DE-MD"
2896,Burlington County,NJ,201706,1380.74,-0.0007,0.0217,"Philadelphia-Camden-Wilmington, PA-NJ-DE-MD"
2896,Burlington County,NJ,201707,1385.97,0.0038,0.0205,"Philadelphia-Camden-Wilmington, PA-NJ-DE-MD"
2896,Burlington County,NJ,201708,1387.87,0.0014,0.0212,"Philadelphia-Camden-Wilmington, PA-NJ-DE-MD"
2896,Burlington County,NJ,201709,1386.32,-0.0011,0.0207,"Philadelphia-Camden-Wilmington, PA-NJ-DE-MD"
2896,Burlington County,NJ,201710,1384.88,-0.001,0.0223,"Philadelphia-Camden-Wilmington, PA-NJ-DE-MD"
2896,Burlington County,NJ,201711,1383.99,-0.0006,0.022,"Philadelphia-Camden-Wilmington, PA-NJ-DE-MD"
2896,Burlington County,NJ,201712,1390.37,0.0046,0.0288,"Philadelphia-Camden-Wilmington, PA-NJ-DE-MD"
2896,Burlington County,NJ,201801,1396.07,0.0041,0.0307,"Philadelphia-Camden-Wilmington, PA-NJ-DE-MD"
2896,Burlington County,NJ,201802,1398.92,0.002,0.0295,"Philadelphia-Camden-Wilmington, PA-NJ-DE-MD"
2896,Burlington County,NJ,201803,1405.71,0.0049,0.029,"Philadelphia-Camden-Wilmington, PA-NJ-DE-MD"
2896,Burlington County,NJ,201804,1404.07,-0.0012,0.0216,"Philadelphia-Camden-Wilmington, PA-NJ-DE-MD"
2896,Burlington County,NJ,201805,1411.63,0.0054,0.0217,"Philadelphia-Camden-Wilmington, PA-NJ-DE-MD"
2896,Burlington County,NJ,201806,1413.59,0.0014,0.0238,"Philadelphia-Camden-Wilmington, PA-NJ-DE-MD"
2896,Burlington County,NJ,201807,1417.87,0.003,0.023,"Philadelphia-Camden-Wilmington, PA-NJ-DE-MD"
2896,Burlington County,NJ,201808,1417.42,-0.0003,0.0213,"Philadelphia-Camden-Wilmington, PA-NJ-DE-MD"
2896,Burlington County,NJ,201809,1411.71,-0.004,0.0183,"Philadelphia-Camden-Wilmington, PA-NJ-DE-MD"
2896,Burlington County,NJ,201810,1409.54,-0.0015,0.0178,"Philadelphia-Camden-Wilmington, PA-NJ-DE-MD"
2896,Burlington County,NJ,201811,1411.84,0.0016,0.0201,"Philadelphia-Camden-Wilmington, PA-NJ-DE-MD"
2896,Burlington County,NJ,201812,1426.3,0.0102,0.0258,"Philadelphia-Camden-Wilmington, PA-NJ-DE-MD"
2896,Burlington County,NJ,201901,1431.6,0.0037,0.0254,"Philadelphia-Camden-Wilmington, PA-NJ-DE-MD"
2896,Burlington County,NJ,201902,1440.32,0.0061,0.0296,"Philadelphia-Camden-Wilmington, PA-NJ-DE-MD"
2896,Burlington County,NJ,201903,1449.23,0.0062,0.031,"Philadelphia-Camden-Wilmington, PA-NJ-DE-MD"
2896,Burlington County,NJ,201904,1457.92,0.006,0.0383,"Philadelphia-Camden-Wilmington, PA-NJ-DE-MD"
2896,Burlington County,NJ,201905,1461.13,0.0022,0.0351,"Philadelphia-Camden-Wilmington, PA-NJ-DE-MD"
2896,Burlington County,NJ,201906,1463.01,0.0013,0.035,"Philadelphia-Camden-Wilmington, PA-NJ-DE-MD"
2896,Burlington County,NJ,201907,1464.01,0.0007,0.0325,"Philadelphia-Camden-Wilmington, PA-NJ-DE-MD"
2896,Burlington County,NJ,201908,1467.25,0.0022,0.0352,"Philadelphia-Camden-Wilmington, PA-NJ-DE-MD"
2896,Burlington County,NJ,201909,1465.01,-0.0015,0.0378,"Philadelphia-Camden-Wilmington, PA-NJ-DE-MD"
2896,Burlington County,NJ,201910,1475.78,0.0073,0.047,"Philadelphia-Camden-Wilmington, PA-NJ-DE-MD"
2896,Burlington County,NJ,201911,1476.9,0.0008,0.0461,"Philadelphia-Camden-Wilmington, PA-NJ-DE-MD"
2896,Burlington County,NJ,201912,1487.62,0.0073,0.043,"Philadelphia-Camden-Wilmington, PA-NJ-DE-MD"
2896,Burlington County,NJ,202001,1487.77,0.0001,0.0392,"Philadelphia-Camden-Wilmington, PA-NJ-DE-MD"
2896,Burlington County,NJ,202002,1496.92,0.0062,0.0393,"Philadelphia-Camden-Wilmington, PA-NJ-DE-MD"
2896,Burlington County,NJ,202003,1504.59,0.0051,0.0382,"Philadelphia-Camden-Wilmington, PA-NJ-DE-MD"
2896,Burlington County,NJ,202004,1505.82,0.0008,0.0329,"Philadelphia-Camden-Wilmington, PA-NJ-DE-MD"
2896,Burlington County,NJ,202005,1502.9,-0.0019,0.0286,"Philadelphia-Camden-Wilmington, PA-NJ-DE-MD"
2896,Burlington County,NJ,202006,1508.9,0.004,0.0314,"Philadelphia-Camden-Wilmington, PA-NJ-DE-MD"
2896,Burlington County,NJ,202007,1520.61,0.0078,0.0387,"Philadelphia-Camden-Wilmington, PA-NJ-DE-MD"
2896,Burlington County,NJ,202008,1533.23,0.0083,0.045,"Philadelphia-Camden-Wilmington, PA-NJ-DE-MD"
2896,Burlington County,NJ,202009,1542.0,0.0057,0.0526,"Philadelphia-Camden-Wilmington, PA-NJ-DE-MD"
2896,Burlington County,NJ,202010,1562.17,0.0131,0.0585,"Philadelphia-Camden-Wilmington, PA-NJ-DE-MD"
2896,Burlington County,NJ,202011,1575.75,0.0087,0.0669,"Philadelphia-Camden-Wilmington, PA-NJ-DE-MD"
2896,Burlington County,NJ,202012,1587.28,0.0073,0.067,"Philadelphia-Camden-Wilmington, PA-NJ-DE-MD"
2896,Burlington County,NJ,202101,1587.77,0.0003,0.0672,"Philadelphia-Camden-Wilmington, PA-NJ-DE-MD"
2896,Burlington County,NJ,202102,1599.45,0.0074,0.0685,"Philadelphia-Camden-Wilmington, PA-NJ-DE-MD"
2896,Burlington County,NJ,202103,1611.58,0.0076,0.0711,"Philadelphia-Camden-Wilmington, PA-NJ-DE-MD"
2896,Burlington County,NJ,202104,1627.85,0.0101,0.081,"Philadelphia-Camden-Wilmington, PA-NJ-DE-MD"
2896,Burlington County,NJ,202105,1665.51,0.0231,0.1082,"Philadelphia-Camden-Wilmington, PA-NJ-DE-MD"
2896,Burlington County,NJ,202106,1705.94,0.0243,0.1306,"Philadelphia-Camden-Wilmington, PA-NJ-DE-MD"
2896,Burlington County,NJ,202107,1754.2,0.0283,0.1536,"Philadelphia-Camden-Wilmington, PA-NJ-DE-MD"
2896,Burlington County,NJ,202108,1773.4,0.0109,0.1566,"Philadelphia-Camden-Wilmington, PA-NJ-DE-MD"
2896,Burlington County,NJ,202109,1795.56,0.0125,0.1644,"Philadelphia-Camden-Wilmington, PA-NJ-DE-MD"
2896,Burlington County,NJ,202110,1805.64,0.0056,0.1559,"Philadelphia-Camden-Wilmington, PA-NJ-DE-MD"
2896,Burlington County,NJ,202111,1823.35,0.0098,0.1571,"Philadelphia-Camden-Wilmington, PA-NJ-DE-MD"
2896,Burlington County,NJ,202112,1831.28,0.0043,0.1537,"Philadelphia-Camden-Wilmington, PA-NJ-DE-MD"
2896,Burlington County,NJ,202201,1827.71,-0.002,0.1511,"Philadelphia-Camden-Wilmington, PA-NJ-DE-MD"
2896,Burlington County,NJ,202202,1826.63,-0.0006,0.142,"Philadelphia-Camden-Wilmington, PA-NJ-DE-MD"
2896,Burlington County,NJ,202203,1837.45,0.0059,0.1402,"Philadelphia-Camden-Wilmington, PA-NJ-DE-MD"
2896,Burlington County,NJ,202204,1878.26,0.0222,0.1538,"Philadelphia-Camden-Wilmington, PA-NJ-DE-MD"
2896,Burlington County,NJ,202205,1920.15,0.0223,0.1529,"Philadelphia-Camden-Wilmington, PA-NJ-DE-MD"
2896,Burlington County,NJ,202206,1941.4,0.0111,0.138,"Philadelphia-Camden-Wilmington, PA-NJ-DE-MD"
2896,Burlington County,NJ,202207,1956.64,0.0078,0.1154,"Philadelphia-Camden-Wilmington, PA-NJ-DE-MD"
2896,Burlington County,NJ,202208,1954.46,-0.0011,0.1021,"Philadelphia-Camden-Wilmington, PA-NJ-DE-MD"
2896,Burlington County,NJ,202209,1957.98,0.0018,0.0905,"Philadelphia-Camden-Wilmington, PA-NJ-DE-MD"
2896,Burlington County,NJ,202210,1955.17,-0.0014,0.0828,"Philadelphia-Camden-Wilmington, PA-NJ-DE-MD"
2896,Burlington County,NJ,202211,1964.1,0.0046,0.0772,"Philadelphia-Camden-Wilmington, PA-NJ-DE-MD"
2896,Burlington County,NJ,202212,1953.34,-0.0055,0.0667,"Philadelphia-Camden-Wilmington, PA-NJ-DE-MD"
2896,Burlington County,NJ,202301,1967.39,0.0072,0.0764,"Philadelphia-Camden-Wilmington, PA-NJ-DE-MD"
2896,Burlington County,NJ,202302,1976.81,0.0048,0.0822,"Philadelphia-Camden-Wilmington, PA-NJ-DE-MD"
2896,Burlington County,NJ,202303,2007.09,0.0153,0.0923,"Philadelphia-Camden-Wilmington, PA-NJ-DE-MD"
2896,Burlington County,NJ,202304,2011.45,0.0022,0.0709,"Philadelphia-Camden-Wilmington, PA-NJ-DE-MD"
2896,Burlington County,NJ,202305,2034.1,0.0113,0.0593,"Philadelphia-Camden-Wilmington, PA-NJ-DE-MD"
2896,Burlington County,NJ,202306,2048.79,0.0072,0.0553,"Philadelphia-Camden-Wilmington, PA-NJ-DE-MD"
2896,Burlington County,NJ,202307,2056.34,0.0037,0.051,"Philadelphia-Camden-Wilmington, PA-NJ-DE-MD"
2896,Burlington County,NJ,202308,2060.65,0.0021,0.0543,"Philadelphia-Camden-Wilmington, PA-NJ-DE-MD"
2896,Burlington County,NJ,202309,2069.38,0.0042,0.0569,"Philadelphia-Camden-Wilmington, PA-NJ-DE-MD"
2896,Burlington County,NJ,202310,2075.96,0.0032,0.0618,"Philadelphia-Camden-Wilmington, PA-NJ-DE-MD"
2896,Burlington County,NJ,202311,2068.31,-0.0037,0.0531,"Philadelphia-Camden-Wilmington, PA-NJ-DE-MD"
2896,Burlington County,NJ,202312,2060.56,-0.0037,0.0549,"Philadelphia-Camden-Wilmington, PA-NJ-DE-MD"
2896,Burlington County,NJ,202401,2067.95,0.0036,0.0511,"Philadelphia-Camden-Wilmington, PA-NJ-DE-MD"
2896,Burlington County,NJ,202402,2083.04,0.0073,0.0537,"Philadelphia-Camden-Wilmington, PA-NJ-DE-MD"
2896,Burlington County,NJ,202403,2106.11,0.0111,0.0493,"Philadelphia-Camden-Wilmington, PA-NJ-DE-MD"
2896,Burlington County,NJ,202404,2120.13,0.0067,0.054,"Philadelphia-Camden-Wilmington, PA-NJ-DE-MD"
2896,Burlington County,NJ,202405,2142.48,0.0105,0.0533,"Philadelphia-Camden-Wilmington, PA-NJ-DE-MD"
2896,Burlington County,NJ,202406,2153.41,0.0051,0.0511,"Philadelphia-Camden-Wilmington, PA-NJ-DE-MD"
2896,Burlington County,NJ,202407,2159.33,0.0028,0.0501,"Philadelphia-Camden-Wilmington, PA-NJ-DE-MD"
2896,Burlington County,NJ,202408,2161.93,0.0012,0.0492,"Philadelphia-Camden-Wilmington, PA-NJ-DE-MD"
2896,Burlington County,NJ,202409,2159.05,-0.0013,0.0433,"Philadelphia-Camden-Wilmington, PA-NJ-DE-MD"
2896,Burlington County,NJ,202410,2157.59,-0.0007,0.0393,"Philadelphia-Camden-Wilmington, PA-NJ-DE-MD"
2896,Burlington County,NJ,202411,2157.66,0.0,0.0432,"Philadelphia-Camden-Wilmington, PA-NJ-DE-MD"
2896,Burlington County,NJ,202412,2178.13,0.0095,0.0571,"Philadelphia-Camden-Wilmington, PA-NJ-DE-MD"
2896,Burlington County,NJ,202501,2195.36,0.0079,0.0616,"Philadelphia-Camden-Wilmington, PA-NJ-DE-MD"
2896,Burlington County,NJ,202502,2198.6,0.0015,0.0555,"Philadelphia-Camden-Wilmington, PA-NJ-DE-MD"
2896,Burlington County,NJ,202503,2193.25,-0.0024,0.0414,"Philadelphia-Camden-Wilmington, PA-NJ-DE-MD"
2896,Burlington County,NJ,202504,2204.32,0.005,0.0397,"Philadelphia-Camden-Wilmington, PA-NJ-DE-MD"
2896,Burlington County,NJ,202505,2215.51,0.0051,0.0341,"Philadelphia-Camden-Wilmington, PA-NJ-DE-MD"
2896,Burlington County,NJ,202506,2215.37,-0.0001,0.0288,"Philadelphia-Camden-Wilmington, PA-NJ-DE-MD"
2896,Burlington County,NJ,202507,2211.69,-0.0017,0.0242,"Philadelphia-Camden-Wilmington, PA-NJ-DE-MD"
2896,Burlington County,NJ,202508,2197.54,-0.0064,0.0165,"Philadelphia-Camden-Wilmington, PA-NJ-DE-MD"
2896,Burlington County,NJ,202509,2203.46,0.0027,0.0206,"Philadelphia-Camden-Wilmington, PA-NJ-DE-MD"
2896,Burlington County,NJ,202510,2202.06,-0.0006,0.0206,"Philadelphia-Camden-Wilmington, PA-NJ-DE-MD"
2896,Burlington County,NJ,202511,2220.54,0.0084,0.0291,"Philadelphia-Camden-Wilmington, PA-NJ-DE-MD"
2896,Burlington County,NJ,202512,2224.97,0.002,0.0215,"Philadelphia-Camden-Wilmington, PA-NJ-DE-MD"
2896,Burlington County,NJ,202601,2231.74,0.003,0.0166,"Philadelphia-Camden-Wilmington, PA-NJ-DE-MD"
2896,Burlington County,NJ,202602,2239.16,0.0033,0.0184,"Philadelphia-Camden-Wilmington, PA-NJ-DE-MD"
2896,Burlington County,NJ,202603,2250.52,0.0051,0.0261,"Philadelphia-Camden-Wilmington, PA-NJ-DE-MD"
2896,Burlington County,NJ,202604,2263.63,0.0058,0.0269,"Philadelphia-Camden-Wilmington, PA-NJ-DE-MD"
2896,Burlington County,NJ,202605,2275.3,0.0052,0.027,"Philadelphia-Camden-Wilmington, PA-NJ-DE-MD"
2896,Burlington County,NJ,202606,2280.44,0.0023,0.0294,"Philadelphia-Camden-Wilmington, PA-NJ-DE-MD"
2896,Burlington County,NJ,202607,2281.07,0.0003,0.0314,"Philadelphia-Camden-Wilmington, PA-NJ-DE-MD"
2896,Burlington County,NJ,202608,2279.37,-0.0007,0.0372,"Philadelphia-Camden-Wilmington, PA-NJ-DE-MD"
2913,Cumberland County,NJ,202311,1518.33,,,"Vineland-Bridgeton, NJ"
2913,Cumberland County,NJ,202312,1516.94,-0.0009,,"Vineland-Bridgeton, NJ"
2913,Cumberland County,NJ,202401,1534.36,0.0115,,"Vineland-Bridgeton, NJ"
2913,Cumberland County,NJ,202402,1540.31,0.0039,,"Vineland-Bridgeton, NJ"
2913,Cumberland County,NJ,202403,1552.4,0.0078,,"Vineland-Bridgeton, NJ"
2913,Cumberland County,NJ,202404,1570.72,0.0118,,"Vineland-Bridgeton, NJ"
2913,Cumberland County,NJ,202405,1569.46,-0.0008,,"Vineland-Bridgeton, NJ"
2913,Cumberland County,NJ,202406,1592.42,0.0146,,"Vineland-Bridgeton, NJ"
2913,Cumberland County,NJ,202407,1595.54,0.002,,"Vineland-Bridgeton, NJ"
2913,Cumberland County,NJ,202408,1601.71,0.0039,,"Vineland-Bridgeton, NJ"
2913,Cumberland County,NJ,202409,1588.51,-0.0082,,"Vineland-Bridgeton, NJ"
2913,Cumberland County,NJ,202410,1587.64,-0.0005,,"Vineland-Bridgeton, NJ"
2913,Cumberland County,NJ,202411,1584.29,-0.0021,0.0434,"Vineland-Bridgeton, NJ"
2913,Cumberland County,NJ,202412,1584.41,0.0001,0.0445,"Vineland-Bridgeton, NJ"
2913,Cumberland County,NJ,202501,1601.38,0.0107,0.0437,"Vineland-Bridgeton, NJ"
2913,Cumberland County,NJ,202502,1636.23,0.0218,0.0623,"Vineland-Bridgeton, NJ"
2913,Cumberland County,NJ,202503,1662.61,0.0161,0.071,"Vineland-Bridgeton, NJ"
2913,Cumberland County,NJ,202504,1676.21,0.0082,0.0672,"Vineland-Bridgeton, NJ"
2913,Cumberland County,NJ,202505,1688.82,0.0075,0.0761,"Vineland-Bridgeton, NJ"
2913,Cumberland County,NJ,202506,1687.11,-0.001,0.0595,"Vineland-Bridgeton, NJ"
2913,Cumberland County,NJ,202507,1655.16,-0.0189,0.0374,"Vineland-Bridgeton, NJ"
2913,Cumberland County,NJ,202508,1650.72,-0.0027,0.0306,"Vineland-Bridgeton, NJ"
2913,Cumberland County,NJ,202509,1651.33,0.0004,0.0395,"Vineland-Bridgeton, NJ"
2913,Cumberland County,NJ,202510,1655.15,0.0023,0.0425,"Vineland-Bridgeton, NJ"
2913,Cumberland County,NJ,202511,1620.4,-0.021,0.0228,"Vineland-Bridgeton, NJ"
2913,Cumberland County,NJ,202512,1631.96,0.0071,0.03,"Vineland-Bridgeton, NJ"
2913,Cumberland County,NJ,202601,1662.97,0.019,0.0385,"Vineland-Bridgeton, NJ"
2913,Cumberland County,NJ,202602,1734.19,0.0428,0.0599,"Vineland-Bridgeton, NJ"
2913,Cumberland County,NJ,202603,1750.18,0.0092,0.0527,"Vineland-Bridgeton, NJ"
2913,Cumberland County,NJ,202604,1757.5,0.0042,0.0485,"Vineland-Bridgeton, NJ"
2913,Cumberland County,NJ,202605,1723.99,-0.0191,0.0208,"Vineland-Bridgeton, NJ"
2913,Cumberland County,NJ,202606,1734.04,0.0058,0.0278,"Vineland-Bridgeton, NJ"
2913,Cumberland County,NJ,202607,1724.27,-0.0056,0.0418,"Vineland-Bridgeton, NJ"
2913,Cumberland County,NJ,202608,1729.7,0.0032,0.0478,"Vineland-Bridgeton, NJ"
2929,Gloucester County,NJ,201501,1137.24,,,"Philadelphia-Camden-Wilmington, PA-NJ-DE-MD"
2929,Gloucester County,NJ,201502,1142.11,0.0043,,"Philadelphia-Camden-Wilmington, PA-NJ-DE-MD"
2929,Gloucester County,NJ,201503,1141.33,-0.0007,,"Philadelphia-Camden-Wilmington, PA-NJ-DE-MD"
2929,Gloucester County,NJ,201504,1146.56,0.0046,,"Philadelphia-Camden-Wilmington, PA-NJ-DE-MD"
2929,Gloucester County,NJ,201505,1159.04,0.0109,,"Philadelphia-Camden-Wilmington, PA-NJ-DE-MD"
2929,Gloucester County,NJ,201506,1156.39,-0.0023,,"Philadelphia-Camden-Wilmington, PA-NJ-DE-MD"
2929,Gloucester County,NJ,201507,1157.65,0.0011,,"Philadelphia-Camden-Wilmington, PA-NJ-DE-MD"
2929,Gloucester County,NJ,201508,1148.54,-0.0079,,"Philadelphia-Camden-Wilmington, PA-NJ-DE-MD"
2929,Gloucester County,NJ,201509,1163.06,0.0126,,"Philadelphia-Camden-Wilmington, PA-NJ-DE-MD"
2929,Gloucester County,NJ,201510,1169.9,0.0059,,"Philadelphia-Camden-Wilmington, PA-NJ-DE-MD"
2929,Gloucester County,NJ,201511,1173.49,0.0031,,"Philadelphia-Camden-Wilmington, PA-NJ-DE-MD"
2929,Gloucester County,NJ,201512,1154.21,-0.0164,,"Philadelphia-Camden-Wilmington, PA-NJ-DE-MD"
2929,Gloucester County,NJ,201601,1141.71,-0.0108,0.0039,"Philadelphia-Camden-Wilmington, PA-NJ-DE-MD"
2929,Gloucester County,NJ,201602,1138.93,-0.0024,-0.0028,"Philadelphia-Camden-Wilmington, PA-NJ-DE-MD"
2929,Gloucester County,NJ,201603,1161.42,0.0197,0.0176,"Philadelphia-Camden-Wilmington, PA-NJ-DE-MD"
2929,Gloucester County,NJ,201604,1177.09,0.0135,0.0266,"Philadelphia-Camden-Wilmington, PA-NJ-DE-MD"
2929,Gloucester County,NJ,201605,1188.92,0.01,0.0258,"Philadelphia-Camden-Wilmington, PA-NJ-DE-MD"
2929,Gloucester County,NJ,201606,1186.98,-0.0016,0.0265,"Philadelphia-Camden-Wilmington, PA-NJ-DE-MD"
2929,Gloucester County,NJ,201607,1180.59,-0.0054,0.0198,"Philadelphia-Camden-Wilmington, PA-NJ-DE-MD"
2929,Gloucester County,NJ,201608,1176.22,-0.0037,0.0241,"Philadelphia-Camden-Wilmington, PA-NJ-DE-MD"
2929,Gloucester County,NJ,201609,1174.34,-0.0016,0.0097,"Philadelphia-Camden-Wilmington, PA-NJ-DE-MD"
2929,Gloucester County,NJ,201610,1185.04,0.0091,0.0129,"Philadelphia-Camden-Wilmington, PA-NJ-DE-MD"
2929,Gloucester County,NJ,201611,1190.01,0.0042,0.0141,"Philadelphia-Camden-Wilmington, PA-NJ-DE-MD"
2929,Gloucester County,NJ,201612,1184.88,-0.0043,0.0266,"Philadelphia-Camden-Wilmington, PA-NJ-DE-MD"
2929,Gloucester County,NJ,201701,1198.45,0.0115,0.0497,"Philadelphia-Camden-Wilmington, PA-NJ-DE-MD"
2929,Gloucester County,NJ,201702,1201.41,0.0025,0.0549,"Philadelphia-Camden-Wilmington, PA-NJ-DE-MD"
2929,Gloucester County,NJ,201703,1209.77,0.007,0.0416,"Philadelphia-Camden-Wilmington, PA-NJ-DE-MD"
2929,Gloucester County,NJ,201704,1205.67,-0.0034,0.0243,"Philadelphia-Camden-Wilmington, PA-NJ-DE-MD"
2929,Gloucester County,NJ,201705,1210.92,0.0044,0.0185,"Philadelphia-Camden-Wilmington, PA-NJ-DE-MD"
2929,Gloucester County,NJ,201706,1224.61,0.0113,0.0317,"Philadelphia-Camden-Wilmington, PA-NJ-DE-MD"
2929,Gloucester County,NJ,201707,1222.04,-0.0021,0.0351,"Philadelphia-Camden-Wilmington, PA-NJ-DE-MD"
2929,Gloucester County,NJ,201708,1225.34,0.0027,0.0418,"Philadelphia-Camden-Wilmington, PA-NJ-DE-MD"
2929,Gloucester County,NJ,201709,1229.13,0.0031,0.0467,"Philadelphia-Camden-Wilmington, PA-NJ-DE-MD"
2929,Gloucester County,NJ,201710,1238.59,0.0077,0.0452,"Philadelphia-Camden-Wilmington, PA-NJ-DE-MD"
2929,Gloucester County,NJ,201711,1252.59,0.0113,0.0526,"Philadelphia-Camden-Wilmington, PA-NJ-DE-MD"
2929,Gloucester County,NJ,201712,1252.0,-0.0005,0.0566,"Philadelphia-Camden-Wilmington, PA-NJ-DE-MD"
2929,Gloucester County,NJ,201801,1253.44,0.0012,0.0459,"Philadelphia-Camden-Wilmington, PA-NJ-DE-MD"
2929,Gloucester County,NJ,201802,1253.73,0.0002,0.0436,"Philadelphia-Camden-Wilmington, PA-NJ-DE-MD"
2929,Gloucester County,NJ,201803,1253.17,-0.0004,0.0359,"Philadelphia-Camden-Wilmington, PA-NJ-DE-MD"
2929,Gloucester County,NJ,201804,1255.98,0.0022,0.0417,"Philadelphia-Camden-Wilmington, PA-NJ-DE-MD"
2929,Gloucester County,NJ,201805,1253.43,-0.002,0.0351,"Philadelphia-Camden-Wilmington, PA-NJ-DE-MD"
2929,Gloucester County,NJ,201806,1259.14,0.0046,0.0282,"Philadelphia-Camden-Wilmington, PA-NJ-DE-MD"
2929,Gloucester County,NJ,201807,1257.97,-0.0009,0.0294,"Philadelphia-Camden-Wilmington, PA-NJ-DE-MD"
2929,Gloucester County,NJ,201808,1257.16,-0.0006,0.026,"Philadelphia-Camden-Wilmington, PA-NJ-DE-MD"
2929,Gloucester County,NJ,201809,1252.85,-0.0034,0.0193,"Philadelphia-Camden-Wilmington, PA-NJ-DE-MD"
2929,Gloucester County,NJ,201810,1268.27,0.0123,0.024,"Philadelphia-Camden-Wilmington, PA-NJ-DE-MD"
2929,Gloucester County,NJ,201811,1280.71,0.0098,0.0224,"Philadelphia-Camden-Wilmington, PA-NJ-DE-MD"
2929,Gloucester County,NJ,201812,1290.68,0.0078,0.0309,"Philadelphia-Camden-Wilmington, PA-NJ-DE-MD"
2929,Gloucester County,NJ,201901,1288.36,-0.0018,0.0279,"Philadelphia-Camden-Wilmington, PA-NJ-DE-MD"
2929,Gloucester County,NJ,201902,1282.43,-0.0046,0.0229,"Philadelphia-Camden-Wilmington, PA-NJ-DE-MD"
2929,Gloucester County,NJ,201903,1283.3,0.0007,0.024,"Philadelphia-Camden-Wilmington, PA-NJ-DE-MD"
2929,Gloucester County,NJ,201904,1285.18,0.0015,0.0233,"Philadelphia-Camden-Wilmington, PA-NJ-DE-MD"
2929,Gloucester County,NJ,201905,1293.58,0.0065,0.032,"Philadelphia-Camden-Wilmington, PA-NJ-DE-MD"
2929,Gloucester County,NJ,201906,1294.32,0.0006,0.0279,"Philadelphia-Camden-Wilmington, PA-NJ-DE-MD"
2929,Gloucester County,NJ,201907,1297.42,0.0024,0.0314,"Philadelphia-Camden-Wilmington, PA-NJ-DE-MD"
2929,Gloucester County,NJ,201908,1297.82,0.0003,0.0323,"Philadelphia-Camden-Wilmington, PA-NJ-DE-MD"
2929,Gloucester County,NJ,201909,1309.01,0.0086,0.0448,"Philadelphia-Camden-Wilmington, PA-NJ-DE-MD"
2929,Gloucester County,NJ,201910,1335.95,0.0206,0.0534,"Philadelphia-Camden-Wilmington, PA-NJ-DE-MD"
2929,Gloucester County,NJ,201911,1356.37,0.0153,0.0591,"Philadelphia-Camden-Wilmington, PA-NJ-DE-MD"
2929,Gloucester County,NJ,201912,1367.64,0.0083,0.0596,"Philadelphia-Camden-Wilmington, PA-NJ-DE-MD"
2929,Gloucester County,NJ,202001,1354.96,-0.0093,0.0517,"Philadelphia-Camden-Wilmington, PA-NJ-DE-MD"
2929,Gloucester County,NJ,202002,1345.22,-0.0072,0.049,"Philadelphia-Camden-Wilmington, PA-NJ-DE-MD"
2929,Gloucester County,NJ,202003,1348.25,0.0022,0.0506,"Philadelphia-Camden-Wilmington, PA-NJ-DE-MD"
2929,Gloucester County,NJ,202004,1344.75,-0.0026,0.0463,"Philadelphia-Camden-Wilmington, PA-NJ-DE-MD"
2929,Gloucester County,NJ,202005,1336.1,-0.0064,0.0329,"Philadelphia-Camden-Wilmington, PA-NJ-DE-MD"
2929,Gloucester County,NJ,202006,1321.87,-0.0106,0.0213,"Philadelphia-Camden-Wilmington, PA-NJ-DE-MD"
2929,Gloucester County,NJ,202007,1325.99,0.0031,0.022,"Philadelphia-Camden-Wilmington, PA-NJ-DE-MD"
2929,Gloucester County,NJ,202008,1347.35,0.0161,0.0382,"Philadelphia-Camden-Wilmington, PA-NJ-DE-MD"
2929,Gloucester County,NJ,202009,1391.99,0.0331,0.0634,"Philadelphia-Camden-Wilmington, PA-NJ-DE-MD"
2929,Gloucester County,NJ,202010,1415.84,0.0171,0.0598,"Philadelphia-Camden-Wilmington, PA-NJ-DE-MD"
2929,Gloucester County,NJ,202011,1442.21,0.0186,0.0633,"Philadelphia-Camden-Wilmington, PA-NJ-DE-MD"
2929,Gloucester County,NJ,202012,1451.26,0.0063,0.0611,"Philadelphia-Camden-Wilmington, PA-NJ-DE-MD"
2929,Gloucester County,NJ,202101,1470.62,0.0133,0.0854,"Philadelphia-Camden-Wilmington, PA-NJ-DE-MD"
2929,Gloucester County,NJ,202102,1471.73,0.0008,0.094,"Philadelphia-Camden-Wilmington, PA-NJ-DE-MD"
2929,Gloucester County,NJ,202103,1470.8,-0.0006,0.0909,"Philadelphia-Camden-Wilmington, PA-NJ-DE-MD"
2929,Gloucester County,NJ,202104,1482.93,0.0083,0.1028,"Philadelphia-Camden-Wilmington, PA-NJ-DE-MD"
2929,Gloucester County,NJ,202105,1496.08,0.0089,0.1197,"Philadelphia-Camden-Wilmington, PA-NJ-DE-MD"
2929,Gloucester County,NJ,202106,1545.48,0.033,0.1692,"Philadelphia-Camden-Wilmington, PA-NJ-DE-MD"
2929,Gloucester County,NJ,202107,1567.87,0.0145,0.1824,"Philadelphia-Camden-Wilmington, PA-NJ-DE-MD"
2929,Gloucester County,NJ,202108,1591.12,0.0148,0.1809,"Philadelphia-Camden-Wilmington, PA-NJ-DE-MD"
2929,Gloucester County,NJ,202109,1606.42,0.0096,0.154,"Philadelphia-Camden-Wilmington, PA-NJ-DE-MD"
2929,Gloucester County,NJ,202110,1602.66,-0.0023,0.1319,"Philadelphia-Camden-Wilmington, PA-NJ-DE-MD"
2929,Gloucester County,NJ,202111,1616.81,0.0088,0.1211,"Philadelphia-Camden-Wilmington, PA-NJ-DE-MD"
2929,Gloucester County,NJ,202112,1609.74,-0.0044,0.1092,"Philadelphia-Camden-Wilmington, PA-NJ-DE-MD"
2929,Gloucester County,NJ,202201,1648.21,0.0239,0.1208,"Philadelphia-Camden-Wilmington, PA-NJ-DE-MD"
2929,Gloucester County,NJ,202202,1668.62,0.0124,0.1338,"Philadelphia-Camden-Wilmington, PA-NJ-DE-MD"
2929,Gloucester County,NJ,202203,1678.43,0.0059,0.1412,"Philadelphia-Camden-Wilmington, PA-NJ-DE-MD"
2929,Gloucester County,NJ,202204,1672.01,-0.0038,0.1275,"Philadelphia-Camden-Wilmington, PA-NJ-DE-MD"
2929,Gloucester County,NJ,202205,1684.61,0.0075,0.126,"Philadelphia-Camden-Wilmington, PA-NJ-DE-MD"
2929,Gloucester County,NJ,202206,1710.43,0.0153,0.1067,"Philadelphia-Camden-Wilmington, PA-NJ-DE-MD"
2929,Gloucester County,NJ,202207,1745.65,0.0206,0.1134,"Philadelphia-Camden-Wilmington, PA-NJ-DE-MD"
2929,Gloucester County,NJ,202208,1787.16,0.0238,0.1232,"Philadelphia-Camden-Wilmington, PA-NJ-DE-MD"
2929,Gloucester County,NJ,202209,1800.32,0.0074,0.1207,"Philadelphia-Camden-Wilmington, PA-NJ-DE-MD"
2929,Gloucester County,NJ,202210,1784.75,-0.0086,0.1136,"Philadelphia-Camden-Wilmington, PA-NJ-DE-MD"
2929,Gloucester County,NJ,202211,1756.47,-0.0158,0.0864,"Philadelphia-Camden-Wilmington, PA-NJ-DE-MD"
2929,Gloucester County,NJ,202212,1744.4,-0.0069,0.0837,"Philadelphia-Camden-Wilmington, PA-NJ-DE-MD"
2929,Gloucester County,NJ,202301,1759.28,0.0085,0.0674,"Philadelphia-Camden-Wilmington, PA-NJ-DE-MD"
2929,Gloucester County,NJ,202302,1766.17,0.0039,0.0585,"Philadelphia-Camden-Wilmington, PA-NJ-DE-MD"
2929,Gloucester County,NJ,202303,1769.76,0.002,0.0544,"Philadelphia-Camden-Wilmington, PA-NJ-DE-MD"
2929,Gloucester County,NJ,202304,1768.78,-0.0006,0.0579,"Philadelphia-Camden-Wilmington, PA-NJ-DE-MD"
2929,Gloucester County,NJ,202305,1775.58,0.0038,0.054,"Philadelphia-Camden-Wilmington, PA-NJ-DE-MD"
2929,Gloucester County,NJ,202306,1815.71,0.0226,0.0616,"Philadelphia-Camden-Wilmington, PA-NJ-DE-MD"
2929,Gloucester County,NJ,202307,1845.97,0.0167,0.0575,"Philadelphia-Camden-Wilmington, PA-NJ-DE-MD"
2929,Gloucester County,NJ,202308,1875.11,0.0158,0.0492,"Philadelphia-Camden-Wilmington, PA-NJ-DE-MD"
2929,Gloucester County,NJ,202309,1859.02,-0.0086,0.0326,"Philadelphia-Camden-Wilmington, PA-NJ-DE-MD"
2929,Gloucester County,NJ,202310,1845.58,-0.0072,0.0341,"Philadelphia-Camden-Wilmington, PA-NJ-DE-MD"
2929,Gloucester County,NJ,202311,1838.61,-0.0038,0.0468,"Philadelphia-Camden-Wilmington, PA-NJ-DE-MD"
2929,Gloucester County,NJ,202312,1845.8,0.0039,0.0581,"Philadelphia-Camden-Wilmington, PA-NJ-DE-MD"
2929,Gloucester County,NJ,202401,1850.78,0.0027,0.052,"Philadelphia-Camden-Wilmington, PA-NJ-DE-MD"
2929,Gloucester County,NJ,202402,1863.4,0.0068,0.055,"Philadelphia-Camden-Wilmington, PA-NJ-DE-MD"
2929,Gloucester County,NJ,202403,1873.72,0.0055,0.0587,"Philadelphia-Camden-Wilmington, PA-NJ-DE-MD"
2929,Gloucester County,NJ,202404,1895.14,0.0114,0.0714,"Philadelphia-Camden-Wilmington, PA-NJ-DE-MD"
2929,Gloucester County,NJ,202405,1910.16,0.0079,0.0758,"Philadelphia-Camden-Wilmington, PA-NJ-DE-MD"
2929,Gloucester County,NJ,202406,1926.05,0.0083,0.0608,"Philadelphia-Camden-Wilmington, PA-NJ-DE-MD"
2929,Gloucester County,NJ,202407,1932.69,0.0035,0.047,"Philadelphia-Camden-Wilmington, PA-NJ-DE-MD"
2929,Gloucester County,NJ,202408,1940.62,0.0041,0.0349,"Philadelphia-Camden-Wilmington, PA-NJ-DE-MD"
2929,Gloucester County,NJ,202409,1942.85,0.0012,0.0451,"Philadelphia-Camden-Wilmington, PA-NJ-DE-MD"
2929,Gloucester County,NJ,202410,1954.71,0.0061,0.0591,"Philadelphia-Camden-Wilmington, PA-NJ-DE-MD"
2929,Gloucester County,NJ,202411,1956.23,0.0008,0.064,"Philadelphia-Camden-Wilmington, PA-NJ-DE-MD"
2929,Gloucester County,NJ,202412,1963.45,0.0037,0.0637,"Philadelphia-Camden-Wilmington, PA-NJ-DE-MD"
2929,Gloucester County,NJ,202501,1961.53,-0.001,0.0598,"Philadelphia-Camden-Wilmington, PA-NJ-DE-MD"
2929,Gloucester County,NJ,202502,1962.42,0.0005,0.0531,"Philadelphia-Camden-Wilmington, PA-NJ-DE-MD"
2929,Gloucester County,NJ,202503,1964.72,0.0012,0.0486,"Philadelphia-Camden-Wilmington, PA-NJ-DE-MD"
2929,Gloucester County,NJ,202504,1992.69,0.0142,0.0515,"Philadelphia-Camden-Wilmington, PA-NJ-DE-MD"
2929,Gloucester County,NJ,202505,2006.65,0.007,0.0505,"Philadelphia-Camden-Wilmington, PA-NJ-DE-MD"
2929,Gloucester County,NJ,202506,2007.91,0.0006,0.0425,"Philadelphia-Camden-Wilmington, PA-NJ-DE-MD"
2929,Gloucester County,NJ,202507,2002.0,-0.0029,0.0359,"Philadelphia-Camden-Wilmington, PA-NJ-DE-MD"
2929,Gloucester County,NJ,202508,2024.55,0.0113,0.0433,"Philadelphia-Camden-Wilmington, PA-NJ-DE-MD"
2929,Gloucester County,NJ,202509,2030.58,0.003,0.0452,"Philadelphia-Camden-Wilmington, PA-NJ-DE-MD"
2929,Gloucester County,NJ,202510,2035.81,0.0026,0.0415,"Philadelphia-Camden-Wilmington, PA-NJ-DE-MD"
2929,Gloucester County,NJ,202511,2021.01,-0.0073,0.0331,"Philadelphia-Camden-Wilmington, PA-NJ-DE-MD"
2929,Gloucester County,NJ,202512,2018.26,-0.0014,0.0279,"Philadelphia-Camden-Wilmington, PA-NJ-DE-MD"
2929,Gloucester County,NJ,202601,2016.67,-0.0008,0.0281,"Philadelphia-Camden-Wilmington, PA-NJ-DE-MD"
2929,Gloucester County,NJ,202602,2022.12,0.0027,0.0304,"Philadelphia-Camden-Wilmington, PA-NJ-DE-MD"
2929,Gloucester County,NJ,202603,2035.89,0.0068,0.0362,"Philadelphia-Camden-Wilmington, PA-NJ-DE-MD"
2929,Gloucester County,NJ,202604,2066.08,0.0148,0.0368,"Philadelphia-Camden-Wilmington, PA-NJ-DE-MD"
2929,Gloucester County,NJ,202605,2094.05,0.0135,0.0436,"Philadelphia-Camden-Wilmington, PA-NJ-DE-MD"
2929,Gloucester County,NJ,202606,2099.66,0.0027,0.0457,"Philadelphia-Camden-Wilmington, PA-NJ-DE-MD"
2929,Gloucester County,NJ,202607,2084.65,-0.0071,0.0413,"Philadelphia-Camden-Wilmington, PA-NJ-DE-MD"
2929,Gloucester County,NJ,202608,2083.85,-0.0004,0.0293,"Philadelphia-Camden-Wilmington, PA-NJ-DE-MD"
