RegionID,RegionName,State,month_date_yyyymm,zori,zori_mm,zori_yy,Metro
157,Erie County,NY,201501,826.39,,,"Buffalo-Cheektowaga, NY"
157,Erie County,NY,201502,835.96,0.0116,,"Buffalo-Cheektowaga, NY"
157,Erie County,NY,201503,847.11,0.0133,,"Buffalo-Cheektowaga, NY"
157,Erie County,NY,201504,853.21,0.0072,,"Buffalo-Cheektowaga, NY"
157,Erie County,NY,201505,869.57,0.0192,,"Buffalo-Cheektowaga, NY"
157,Erie County,NY,201506,876.89,0.0084,,"Buffalo-Cheektowaga, NY"
157,Erie County,NY,201507,880.98,0.0047,,"Buffalo-Cheektowaga, NY"
157,Erie County,NY,201508,880.75,-0.0003,,"Buffalo-Cheektowaga, NY"
157,Erie County,NY,201509,879.55,-0.0014,,"Buffalo-Cheektowaga, NY"
157,Erie County,NY,201510,869.94,-0.0109,,"Buffalo-Cheektowaga, NY"
157,Erie County,NY,201511,864.31,-0.0065,,"Buffalo-Cheektowaga, NY"
157,Erie County,NY,201512,860.42,-0.0045,,"Buffalo-Cheektowaga, NY"
157,Erie County,NY,201601,864.9,0.0052,0.0466,"Buffalo-Cheektowaga, NY"
157,Erie County,NY,201602,865.83,0.0011,0.0357,"Buffalo-Cheektowaga, NY"
157,Erie County,NY,201603,869.18,0.0039,0.0261,"Buffalo-Cheektowaga, NY"
157,Erie County,NY,201604,883.12,0.016,0.0351,"Buffalo-Cheektowaga, NY"
157,Erie County,NY,201605,902.71,0.0222,0.0381,"Buffalo-Cheektowaga, NY"
157,Erie County,NY,201606,916.63,0.0154,0.0453,"Buffalo-Cheektowaga, NY"
157,Erie County,NY,201607,903.95,-0.0138,0.0261,"Buffalo-Cheektowaga, NY"
157,Erie County,NY,201608,897.19,-0.0075,0.0187,"Buffalo-Cheektowaga, NY"
157,Erie County,NY,201609,891.53,-0.0063,0.0136,"Buffalo-Cheektowaga, NY"
157,Erie County,NY,201610,894.59,0.0034,0.0283,"Buffalo-Cheektowaga, NY"
157,Erie County,NY,201611,884.42,-0.0114,0.0233,"Buffalo-Cheektowaga, NY"
157,Erie County,NY,201612,885.38,0.0011,0.029,"Buffalo-Cheektowaga, NY"
157,Erie County,NY,201701,896.12,0.0121,0.0361,"Buffalo-Cheektowaga, NY"
157,Erie County,NY,201702,908.82,0.0142,0.0496,"Buffalo-Cheektowaga, NY"
157,Erie County,NY,201703,914.82,0.0066,0.0525,"Buffalo-Cheektowaga, NY"
157,Erie County,NY,201704,917.94,0.0034,0.0394,"Buffalo-Cheektowaga, NY"
157,Erie County,NY,201705,931.05,0.0143,0.0314,"Buffalo-Cheektowaga, NY"
157,Erie County,NY,201706,941.93,0.0117,0.0276,"Buffalo-Cheektowaga, NY"
157,Erie County,NY,201707,948.44,0.0069,0.0492,"Buffalo-Cheektowaga, NY"
157,Erie County,NY,201708,943.88,-0.0048,0.052,"Buffalo-Cheektowaga, NY"
157,Erie County,NY,201709,931.67,-0.0129,0.045,"Buffalo-Cheektowaga, NY"
157,Erie County,NY,201710,930.81,-0.0009,0.0405,"Buffalo-Cheektowaga, NY"
157,Erie County,NY,201711,933.14,0.0025,0.0551,"Buffalo-Cheektowaga, NY"
157,Erie County,NY,201712,943.95,0.0116,0.0661,"Buffalo-Cheektowaga, NY"
157,Erie County,NY,201801,945.07,0.0012,0.0546,"Buffalo-Cheektowaga, NY"
157,Erie County,NY,201802,946.81,0.0018,0.0418,"Buffalo-Cheektowaga, NY"
157,Erie County,NY,201803,948.11,0.0014,0.0364,"Buffalo-Cheektowaga, NY"
157,Erie County,NY,201804,958.03,0.0105,0.0437,"Buffalo-Cheektowaga, NY"
157,Erie County,NY,201805,962.93,0.0051,0.0342,"Buffalo-Cheektowaga, NY"
157,Erie County,NY,201806,969.61,0.0069,0.0294,"Buffalo-Cheektowaga, NY"
157,Erie County,NY,201807,969.18,-0.0004,0.0219,"Buffalo-Cheektowaga, NY"
157,Erie County,NY,201808,972.91,0.0038,0.0308,"Buffalo-Cheektowaga, NY"
157,Erie County,NY,201809,967.81,-0.0052,0.0388,"Buffalo-Cheektowaga, NY"
157,Erie County,NY,201810,964.42,-0.0035,0.0361,"Buffalo-Cheektowaga, NY"
157,Erie County,NY,201811,963.74,-0.0007,0.0328,"Buffalo-Cheektowaga, NY"
157,Erie County,NY,201812,972.58,0.0092,0.0303,"Buffalo-Cheektowaga, NY"
157,Erie County,NY,201901,978.08,0.0056,0.0349,"Buffalo-Cheektowaga, NY"
157,Erie County,NY,201902,977.87,-0.0002,0.0328,"Buffalo-Cheektowaga, NY"
157,Erie County,NY,201903,982.81,0.0051,0.0366,"Buffalo-Cheektowaga, NY"
157,Erie County,NY,201904,992.4,0.0098,0.0359,"Buffalo-Cheektowaga, NY"
157,Erie County,NY,201905,1004.66,0.0124,0.0433,"Buffalo-Cheektowaga, NY"
157,Erie County,NY,201906,1005.38,0.0007,0.0369,"Buffalo-Cheektowaga, NY"
157,Erie County,NY,201907,1008.59,0.0032,0.0407,"Buffalo-Cheektowaga, NY"
157,Erie County,NY,201908,1008.33,-0.0003,0.0364,"Buffalo-Cheektowaga, NY"
157,Erie County,NY,201909,1008.14,-0.0002,0.0417,"Buffalo-Cheektowaga, NY"
157,Erie County,NY,201910,1007.5,-0.0006,0.0447,"Buffalo-Cheektowaga, NY"
157,Erie County,NY,201911,1000.86,-0.0066,0.0385,"Buffalo-Cheektowaga, NY"
157,Erie County,NY,201912,1006.01,0.0051,0.0344,"Buffalo-Cheektowaga, NY"
157,Erie County,NY,202001,1003.29,-0.0027,0.0258,"Buffalo-Cheektowaga, NY"
157,Erie County,NY,202002,1018.99,0.0157,0.0421,"Buffalo-Cheektowaga, NY"
157,Erie County,NY,202003,1023.79,0.0047,0.0417,"Buffalo-Cheektowaga, NY"
157,Erie County,NY,202004,1042.6,0.0184,0.0506,"Buffalo-Cheektowaga, NY"
157,Erie County,NY,202005,1046.79,0.004,0.0419,"Buffalo-Cheektowaga, NY"
157,Erie County,NY,202006,1057.68,0.0104,0.052,"Buffalo-Cheektowaga, NY"
157,Erie County,NY,202007,1060.64,0.0028,0.0516,"Buffalo-Cheektowaga, NY"
157,Erie County,NY,202008,1067.4,0.0064,0.0586,"Buffalo-Cheektowaga, NY"
157,Erie County,NY,202009,1069.08,0.0016,0.0605,"Buffalo-Cheektowaga, NY"
157,Erie County,NY,202010,1072.11,0.0028,0.0641,"Buffalo-Cheektowaga, NY"
157,Erie County,NY,202011,1066.98,-0.0048,0.0661,"Buffalo-Cheektowaga, NY"
157,Erie County,NY,202012,1066.33,-0.0006,0.06,"Buffalo-Cheektowaga, NY"
157,Erie County,NY,202101,1070.31,0.0037,0.0668,"Buffalo-Cheektowaga, NY"
157,Erie County,NY,202102,1086.7,0.0153,0.0664,"Buffalo-Cheektowaga, NY"
157,Erie County,NY,202103,1098.11,0.0105,0.0726,"Buffalo-Cheektowaga, NY"
157,Erie County,NY,202104,1111.42,0.0121,0.066,"Buffalo-Cheektowaga, NY"
157,Erie County,NY,202105,1121.76,0.0093,0.0716,"Buffalo-Cheektowaga, NY"
157,Erie County,NY,202106,1136.24,0.0129,0.0743,"Buffalo-Cheektowaga, NY"
157,Erie County,NY,202107,1147.42,0.0098,0.0818,"Buffalo-Cheektowaga, NY"
157,Erie County,NY,202108,1159.93,0.0109,0.0867,"Buffalo-Cheektowaga, NY"
157,Erie County,NY,202109,1170.46,0.0091,0.0948,"Buffalo-Cheektowaga, NY"
157,Erie County,NY,202110,1175.37,0.0042,0.0963,"Buffalo-Cheektowaga, NY"
157,Erie County,NY,202111,1175.02,-0.0003,0.1013,"Buffalo-Cheektowaga, NY"
157,Erie County,NY,202112,1179.89,0.0041,0.1065,"Buffalo-Cheektowaga, NY"
157,Erie County,NY,202201,1184.06,0.0035,0.1063,"Buffalo-Cheektowaga, NY"
157,Erie County,NY,202202,1200.72,0.0141,0.1049,"Buffalo-Cheektowaga, NY"
157,Erie County,NY,202203,1211.4,0.0089,0.1032,"Buffalo-Cheektowaga, NY"
157,Erie County,NY,202204,1223.83,0.0103,0.1011,"Buffalo-Cheektowaga, NY"
157,Erie County,NY,202205,1231.1,0.0059,0.0975,"Buffalo-Cheektowaga, NY"
157,Erie County,NY,202206,1241.49,0.0084,0.0926,"Buffalo-Cheektowaga, NY"
157,Erie County,NY,202207,1255.87,0.0116,0.0945,"Buffalo-Cheektowaga, NY"
157,Erie County,NY,202208,1266.56,0.0085,0.0919,"Buffalo-Cheektowaga, NY"
157,Erie County,NY,202209,1268.75,0.0017,0.084,"Buffalo-Cheektowaga, NY"
157,Erie County,NY,202210,1265.27,-0.0027,0.0765,"Buffalo-Cheektowaga, NY"
157,Erie County,NY,202211,1263.34,-0.0015,0.0752,"Buffalo-Cheektowaga, NY"
157,Erie County,NY,202212,1267.14,0.003,0.074,"Buffalo-Cheektowaga, NY"
157,Erie County,NY,202301,1276.6,0.0075,0.0782,"Buffalo-Cheektowaga, NY"
157,Erie County,NY,202302,1283.08,0.0051,0.0686,"Buffalo-Cheektowaga, NY"
157,Erie County,NY,202303,1293.95,0.0085,0.0682,"Buffalo-Cheektowaga, NY"
157,Erie County,NY,202304,1297.85,0.003,0.0605,"Buffalo-Cheektowaga, NY"
157,Erie County,NY,202305,1306.18,0.0064,0.061,"Buffalo-Cheektowaga, NY"
157,Erie County,NY,202306,1311.21,0.0039,0.0562,"Buffalo-Cheektowaga, NY"
157,Erie County,NY,202307,1323.42,0.0093,0.0538,"Buffalo-Cheektowaga, NY"
157,Erie County,NY,202308,1330.27,0.0052,0.0503,"Buffalo-Cheektowaga, NY"
157,Erie County,NY,202309,1332.36,0.0016,0.0501,"Buffalo-Cheektowaga, NY"
157,Erie County,NY,202310,1333.37,0.0008,0.0538,"Buffalo-Cheektowaga, NY"
157,Erie County,NY,202311,1331.99,-0.001,0.0543,"Buffalo-Cheektowaga, NY"
157,Erie County,NY,202312,1333.63,0.0012,0.0525,"Buffalo-Cheektowaga, NY"
157,Erie County,NY,202401,1336.94,0.0025,0.0473,"Buffalo-Cheektowaga, NY"
157,Erie County,NY,202402,1346.67,0.0073,0.0496,"Buffalo-Cheektowaga, NY"
157,Erie County,NY,202403,1357.9,0.0083,0.0494,"Buffalo-Cheektowaga, NY"
157,Erie County,NY,202404,1363.73,0.0043,0.0508,"Buffalo-Cheektowaga, NY"
157,Erie County,NY,202405,1368.74,0.0037,0.0479,"Buffalo-Cheektowaga, NY"
157,Erie County,NY,202406,1372.17,0.0025,0.0465,"Buffalo-Cheektowaga, NY"
157,Erie County,NY,202407,1378.69,0.0047,0.0418,"Buffalo-Cheektowaga, NY"
157,Erie County,NY,202408,1383.6,0.0036,0.0401,"Buffalo-Cheektowaga, NY"
157,Erie County,NY,202409,1391.15,0.0055,0.0441,"Buffalo-Cheektowaga, NY"
157,Erie County,NY,202410,1391.11,-0.0,0.0433,"Buffalo-Cheektowaga, NY"
157,Erie County,NY,202411,1389.0,-0.0015,0.0428,"Buffalo-Cheektowaga, NY"
157,Erie County,NY,202412,1389.92,0.0007,0.0422,"Buffalo-Cheektowaga, NY"
157,Erie County,NY,202501,1395.11,0.0037,0.0435,"Buffalo-Cheektowaga, NY"
157,Erie County,NY,202502,1400.89,0.0041,0.0403,"Buffalo-Cheektowaga, NY"
157,Erie County,NY,202503,1402.65,0.0013,0.033,"Buffalo-Cheektowaga, NY"
157,Erie County,NY,202504,1411.38,0.0062,0.0349,"Buffalo-Cheektowaga, NY"
157,Erie County,NY,202505,1416.33,0.0035,0.0348,"Buffalo-Cheektowaga, NY"
157,Erie County,NY,202506,1424.6,0.0058,0.0382,"Buffalo-Cheektowaga, NY"
157,Erie County,NY,202507,1427.32,0.0019,0.0353,"Buffalo-Cheektowaga, NY"
157,Erie County,NY,202508,1431.34,0.0028,0.0345,"Buffalo-Cheektowaga, NY"
157,Erie County,NY,202509,1429.27,-0.0014,0.0274,"Buffalo-Cheektowaga, NY"
157,Erie County,NY,202510,1427.85,-0.001,0.0264,"Buffalo-Cheektowaga, NY"
157,Erie County,NY,202511,1423.89,-0.0028,0.0251,"Buffalo-Cheektowaga, NY"
157,Erie County,NY,202512,1428.15,0.003,0.0275,"Buffalo-Cheektowaga, NY"
157,Erie County,NY,202601,1435.09,0.0049,0.0287,"Buffalo-Cheektowaga, NY"
157,Erie County,NY,202602,1443.75,0.006,0.0306,"Buffalo-Cheektowaga, NY"
157,Erie County,NY,202603,1451.55,0.0054,0.0349,"Buffalo-Cheektowaga, NY"
157,Erie County,NY,202604,1450.7,-0.0006,0.0279,"Buffalo-Cheektowaga, NY"
157,Erie County,NY,202605,1457.29,0.0045,0.0289,"Buffalo-Cheektowaga, NY"
157,Erie County,NY,202606,1462.21,0.0034,0.0264,"Buffalo-Cheektowaga, NY"
157,Erie County,NY,202607,1469.44,0.0049,0.0295,"Buffalo-Cheektowaga, NY"
157,Erie County,NY,202608,1476.63,0.0049,0.0316,"Buffalo-Cheektowaga, NY"
401,Bronx County,NY,201501,1567.43,,,"New York-Newark-Jersey City, NY-NJ-PA"
401,Bronx County,NY,201502,1574.12,0.0043,,"New York-Newark-Jersey City, NY-NJ-PA"
401,Bronx County,NY,201503,1591.39,0.011,,"New York-Newark-Jersey City, NY-NJ-PA"
401,Bronx County,NY,201504,1606.1,0.0092,,"New York-Newark-Jersey City, NY-NJ-PA"
401,Bronx County,NY,201505,1612.99,0.0043,,"New York-Newark-Jersey City, NY-NJ-PA"
401,Bronx County,NY,201506,1621.16,0.0051,,"New York-Newark-Jersey City, NY-NJ-PA"
401,Bronx County,NY,201507,1633.72,0.0077,,"New York-Newark-Jersey City, NY-NJ-PA"
401,Bronx County,NY,201508,1654.71,0.0128,,"New York-Newark-Jersey City, NY-NJ-PA"
401,Bronx County,NY,201509,1657.26,0.0015,,"New York-Newark-Jersey City, NY-NJ-PA"
401,Bronx County,NY,201510,1653.5,-0.0023,,"New York-Newark-Jersey City, NY-NJ-PA"
401,Bronx County,NY,201511,1645.43,-0.0049,,"New York-Newark-Jersey City, NY-NJ-PA"
401,Bronx County,NY,201512,1657.56,0.0074,,"New York-Newark-Jersey City, NY-NJ-PA"
401,Bronx County,NY,201601,1689.89,0.0195,0.0781,"New York-Newark-Jersey City, NY-NJ-PA"
401,Bronx County,NY,201602,1700.38,0.0062,0.0802,"New York-Newark-Jersey City, NY-NJ-PA"
401,Bronx County,NY,201603,1704.05,0.0022,0.0708,"New York-Newark-Jersey City, NY-NJ-PA"
401,Bronx County,NY,201604,1700.33,-0.0022,0.0587,"New York-Newark-Jersey City, NY-NJ-PA"
401,Bronx County,NY,201605,1717.67,0.0102,0.0649,"New York-Newark-Jersey City, NY-NJ-PA"
401,Bronx County,NY,201606,1742.16,0.0143,0.0746,"New York-Newark-Jersey City, NY-NJ-PA"
401,Bronx County,NY,201607,1748.53,0.0037,0.0703,"New York-Newark-Jersey City, NY-NJ-PA"
401,Bronx County,NY,201608,1753.82,0.003,0.0599,"New York-Newark-Jersey City, NY-NJ-PA"
401,Bronx County,NY,201609,1760.4,0.0038,0.0622,"New York-Newark-Jersey City, NY-NJ-PA"
401,Bronx County,NY,201610,1769.5,0.0052,0.0702,"New York-Newark-Jersey City, NY-NJ-PA"
401,Bronx County,NY,201611,1787.37,0.0101,0.0863,"New York-Newark-Jersey City, NY-NJ-PA"
401,Bronx County,NY,201612,1792.08,0.0026,0.0812,"New York-Newark-Jersey City, NY-NJ-PA"
401,Bronx County,NY,201701,1797.33,0.0029,0.0636,"New York-Newark-Jersey City, NY-NJ-PA"
401,Bronx County,NY,201702,1801.81,0.0025,0.0596,"New York-Newark-Jersey City, NY-NJ-PA"
401,Bronx County,NY,201703,1825.81,0.0133,0.0715,"New York-Newark-Jersey City, NY-NJ-PA"
401,Bronx County,NY,201704,1847.05,0.0116,0.0863,"New York-Newark-Jersey City, NY-NJ-PA"
401,Bronx County,NY,201705,1860.47,0.0073,0.0831,"New York-Newark-Jersey City, NY-NJ-PA"
401,Bronx County,NY,201706,1851.21,-0.005,0.0626,"New York-Newark-Jersey City, NY-NJ-PA"
401,Bronx County,NY,201707,1852.02,0.0004,0.0592,"New York-Newark-Jersey City, NY-NJ-PA"
401,Bronx County,NY,201708,1849.59,-0.0013,0.0546,"New York-Newark-Jersey City, NY-NJ-PA"
401,Bronx County,NY,201709,1845.71,-0.0021,0.0485,"New York-Newark-Jersey City, NY-NJ-PA"
401,Bronx County,NY,201710,1857.74,0.0065,0.0499,"New York-Newark-Jersey City, NY-NJ-PA"
401,Bronx County,NY,201711,1873.78,0.0086,0.0483,"New York-Newark-Jersey City, NY-NJ-PA"
401,Bronx County,NY,201712,1878.2,0.0024,0.0481,"New York-Newark-Jersey City, NY-NJ-PA"
401,Bronx County,NY,201801,1872.02,-0.0033,0.0416,"New York-Newark-Jersey City, NY-NJ-PA"
401,Bronx County,NY,201802,1876.56,0.0024,0.0415,"New York-Newark-Jersey City, NY-NJ-PA"
401,Bronx County,NY,201803,1895.35,0.01,0.0381,"New York-Newark-Jersey City, NY-NJ-PA"
401,Bronx County,NY,201804,1913.3,0.0095,0.0359,"New York-Newark-Jersey City, NY-NJ-PA"
401,Bronx County,NY,201805,1936.08,0.0119,0.0406,"New York-Newark-Jersey City, NY-NJ-PA"
401,Bronx County,NY,201806,1957.15,0.0109,0.0572,"New York-Newark-Jersey City, NY-NJ-PA"
401,Bronx County,NY,201807,1963.72,0.0034,0.0603,"New York-Newark-Jersey City, NY-NJ-PA"
401,Bronx County,NY,201808,1945.9,-0.0091,0.0521,"New York-Newark-Jersey City, NY-NJ-PA"
401,Bronx County,NY,201809,1942.18,-0.0019,0.0523,"New York-Newark-Jersey City, NY-NJ-PA"
401,Bronx County,NY,201810,1948.84,0.0034,0.049,"New York-Newark-Jersey City, NY-NJ-PA"
401,Bronx County,NY,201811,1963.66,0.0076,0.048,"New York-Newark-Jersey City, NY-NJ-PA"
401,Bronx County,NY,201812,1955.69,-0.0041,0.0413,"New York-Newark-Jersey City, NY-NJ-PA"
401,Bronx County,NY,201901,1938.71,-0.0087,0.0356,"New York-Newark-Jersey City, NY-NJ-PA"
401,Bronx County,NY,201902,1941.15,0.0013,0.0344,"New York-Newark-Jersey City, NY-NJ-PA"
401,Bronx County,NY,201903,1959.02,0.0092,0.0336,"New York-Newark-Jersey City, NY-NJ-PA"
401,Bronx County,NY,201904,1988.22,0.0149,0.0392,"New York-Newark-Jersey City, NY-NJ-PA"
401,Bronx County,NY,201905,2008.44,0.0102,0.0374,"New York-Newark-Jersey City, NY-NJ-PA"
401,Bronx County,NY,201906,2030.14,0.0108,0.0373,"New York-Newark-Jersey City, NY-NJ-PA"
401,Bronx County,NY,201907,2037.16,0.0035,0.0374,"New York-Newark-Jersey City, NY-NJ-PA"
401,Bronx County,NY,201908,2042.74,0.0027,0.0498,"New York-Newark-Jersey City, NY-NJ-PA"
401,Bronx County,NY,201909,2043.25,0.0002,0.052,"New York-Newark-Jersey City, NY-NJ-PA"
401,Bronx County,NY,201910,2037.3,-0.0029,0.0454,"New York-Newark-Jersey City, NY-NJ-PA"
401,Bronx County,NY,201911,2030.19,-0.0035,0.0339,"New York-Newark-Jersey City, NY-NJ-PA"
401,Bronx County,NY,201912,2023.36,-0.0034,0.0346,"New York-Newark-Jersey City, NY-NJ-PA"
401,Bronx County,NY,202001,2037.77,0.0071,0.0511,"New York-Newark-Jersey City, NY-NJ-PA"
401,Bronx County,NY,202002,2051.8,0.0069,0.057,"New York-Newark-Jersey City, NY-NJ-PA"
401,Bronx County,NY,202003,2067.31,0.0076,0.0553,"New York-Newark-Jersey City, NY-NJ-PA"
401,Bronx County,NY,202004,2079.83,0.0061,0.0461,"New York-Newark-Jersey City, NY-NJ-PA"
401,Bronx County,NY,202005,2075.22,-0.0022,0.0333,"New York-Newark-Jersey City, NY-NJ-PA"
401,Bronx County,NY,202006,2074.16,-0.0005,0.0217,"New York-Newark-Jersey City, NY-NJ-PA"
401,Bronx County,NY,202007,2074.48,0.0002,0.0183,"New York-Newark-Jersey City, NY-NJ-PA"
401,Bronx County,NY,202008,2079.4,0.0024,0.0179,"New York-Newark-Jersey City, NY-NJ-PA"
401,Bronx County,NY,202009,2087.05,0.0037,0.0214,"New York-Newark-Jersey City, NY-NJ-PA"
401,Bronx County,NY,202010,2075.06,-0.0057,0.0185,"New York-Newark-Jersey City, NY-NJ-PA"
401,Bronx County,NY,202011,2074.59,-0.0002,0.0219,"New York-Newark-Jersey City, NY-NJ-PA"
401,Bronx County,NY,202012,2055.78,-0.0091,0.016,"New York-Newark-Jersey City, NY-NJ-PA"
401,Bronx County,NY,202101,2058.94,0.0015,0.0104,"New York-Newark-Jersey City, NY-NJ-PA"
401,Bronx County,NY,202102,2067.99,0.0044,0.0079,"New York-Newark-Jersey City, NY-NJ-PA"
401,Bronx County,NY,202103,2071.0,0.0015,0.0018,"New York-Newark-Jersey City, NY-NJ-PA"
401,Bronx County,NY,202104,2073.4,0.0012,-0.0031,"New York-Newark-Jersey City, NY-NJ-PA"
401,Bronx County,NY,202105,2072.13,-0.0006,-0.0015,"New York-Newark-Jersey City, NY-NJ-PA"
401,Bronx County,NY,202106,2091.13,0.0092,0.0082,"New York-Newark-Jersey City, NY-NJ-PA"
401,Bronx County,NY,202107,2106.71,0.0075,0.0155,"New York-Newark-Jersey City, NY-NJ-PA"
401,Bronx County,NY,202108,2112.03,0.0025,0.0157,"New York-Newark-Jersey City, NY-NJ-PA"
401,Bronx County,NY,202109,2129.71,0.0084,0.0204,"New York-Newark-Jersey City, NY-NJ-PA"
401,Bronx County,NY,202110,2148.9,0.009,0.0356,"New York-Newark-Jersey City, NY-NJ-PA"
401,Bronx County,NY,202111,2174.55,0.0119,0.0482,"New York-Newark-Jersey City, NY-NJ-PA"
401,Bronx County,NY,202112,2173.03,-0.0007,0.057,"New York-Newark-Jersey City, NY-NJ-PA"
401,Bronx County,NY,202201,2170.46,-0.0012,0.0542,"New York-Newark-Jersey City, NY-NJ-PA"
401,Bronx County,NY,202202,2166.38,-0.0019,0.0476,"New York-Newark-Jersey City, NY-NJ-PA"
401,Bronx County,NY,202203,2192.76,0.0122,0.0588,"New York-Newark-Jersey City, NY-NJ-PA"
401,Bronx County,NY,202204,2214.68,0.01,0.0681,"New York-Newark-Jersey City, NY-NJ-PA"
401,Bronx County,NY,202205,2255.1,0.0183,0.0883,"New York-Newark-Jersey City, NY-NJ-PA"
401,Bronx County,NY,202206,2267.8,0.0056,0.0845,"New York-Newark-Jersey City, NY-NJ-PA"
401,Bronx County,NY,202207,2291.85,0.0106,0.0879,"New York-Newark-Jersey City, NY-NJ-PA"
401,Bronx County,NY,202208,2304.17,0.0054,0.091,"New York-Newark-Jersey City, NY-NJ-PA"
401,Bronx County,NY,202209,2320.9,0.0073,0.0898,"New York-Newark-Jersey City, NY-NJ-PA"
401,Bronx County,NY,202210,2315.51,-0.0023,0.0775,"New York-Newark-Jersey City, NY-NJ-PA"
401,Bronx County,NY,202211,2309.15,-0.0027,0.0619,"New York-Newark-Jersey City, NY-NJ-PA"
401,Bronx County,NY,202212,2301.07,-0.0035,0.0589,"New York-Newark-Jersey City, NY-NJ-PA"
401,Bronx County,NY,202301,2320.93,0.0086,0.0693,"New York-Newark-Jersey City, NY-NJ-PA"
401,Bronx County,NY,202302,2337.93,0.0073,0.0792,"New York-Newark-Jersey City, NY-NJ-PA"
401,Bronx County,NY,202303,2358.45,0.0088,0.0756,"New York-Newark-Jersey City, NY-NJ-PA"
401,Bronx County,NY,202304,2363.22,0.002,0.0671,"New York-Newark-Jersey City, NY-NJ-PA"
401,Bronx County,NY,202305,2385.72,0.0095,0.0579,"New York-Newark-Jersey City, NY-NJ-PA"
401,Bronx County,NY,202306,2409.55,0.01,0.0625,"New York-Newark-Jersey City, NY-NJ-PA"
401,Bronx County,NY,202307,2443.14,0.0139,0.066,"New York-Newark-Jersey City, NY-NJ-PA"
401,Bronx County,NY,202308,2463.68,0.0084,0.0692,"New York-Newark-Jersey City, NY-NJ-PA"
401,Bronx County,NY,202309,2474.98,0.0046,0.0664,"New York-Newark-Jersey City, NY-NJ-PA"
401,Bronx County,NY,202310,2481.1,0.0025,0.0715,"New York-Newark-Jersey City, NY-NJ-PA"
401,Bronx County,NY,202311,2463.57,-0.0071,0.0669,"New York-Newark-Jersey City, NY-NJ-PA"
401,Bronx County,NY,202312,2461.29,-0.0009,0.0696,"New York-Newark-Jersey City, NY-NJ-PA"
401,Bronx County,NY,202401,2477.98,0.0068,0.0677,"New York-Newark-Jersey City, NY-NJ-PA"
401,Bronx County,NY,202402,2507.41,0.0119,0.0725,"New York-Newark-Jersey City, NY-NJ-PA"
401,Bronx County,NY,202403,2564.56,0.0228,0.0874,"New York-Newark-Jersey City, NY-NJ-PA"
401,Bronx County,NY,202404,2582.79,0.0071,0.0929,"New York-Newark-Jersey City, NY-NJ-PA"
401,Bronx County,NY,202405,2599.82,0.0066,0.0897,"New York-Newark-Jersey City, NY-NJ-PA"
401,Bronx County,NY,202406,2597.14,-0.001,0.0779,"New York-Newark-Jersey City, NY-NJ-PA"
401,Bronx County,NY,202407,2589.31,-0.003,0.0598,"New York-Newark-Jersey City, NY-NJ-PA"
401,Bronx County,NY,202408,2591.05,0.0007,0.0517,"New York-Newark-Jersey City, NY-NJ-PA"
401,Bronx County,NY,202409,2579.4,-0.0045,0.0422,"New York-Newark-Jersey City, NY-NJ-PA"
401,Bronx County,NY,202410,2582.25,0.0011,0.0408,"New York-Newark-Jersey City, NY-NJ-PA"
401,Bronx County,NY,202411,2607.53,0.0098,0.0584,"New York-Newark-Jersey City, NY-NJ-PA"
401,Bronx County,NY,202412,2635.05,0.0106,0.0706,"New York-Newark-Jersey City, NY-NJ-PA"
401,Bronx County,NY,202501,2663.99,0.011,0.0751,"New York-Newark-Jersey City, NY-NJ-PA"
401,Bronx County,NY,202502,2657.09,-0.0026,0.0597,"New York-Newark-Jersey City, NY-NJ-PA"
401,Bronx County,NY,202503,2656.52,-0.0002,0.0359,"New York-Newark-Jersey City, NY-NJ-PA"
401,Bronx County,NY,202504,2669.07,0.0047,0.0334,"New York-Newark-Jersey City, NY-NJ-PA"
401,Bronx County,NY,202505,2659.65,-0.0035,0.023,"New York-Newark-Jersey City, NY-NJ-PA"
401,Bronx County,NY,202506,2660.88,0.0005,0.0245,"New York-Newark-Jersey City, NY-NJ-PA"
401,Bronx County,NY,202507,2641.93,-0.0071,0.0203,"New York-Newark-Jersey City, NY-NJ-PA"
401,Bronx County,NY,202508,2655.36,0.0051,0.0248,"New York-Newark-Jersey City, NY-NJ-PA"
401,Bronx County,NY,202509,2648.5,-0.0026,0.0268,"New York-Newark-Jersey City, NY-NJ-PA"
401,Bronx County,NY,202510,2694.61,0.0174,0.0435,"New York-Newark-Jersey City, NY-NJ-PA"
401,Bronx County,NY,202511,2710.66,0.006,0.0395,"New York-Newark-Jersey City, NY-NJ-PA"
401,Bronx County,NY,202512,2737.96,0.0101,0.0391,"New York-Newark-Jersey City, NY-NJ-PA"
401,Bronx County,NY,202601,2712.14,-0.0094,0.0181,"New York-Newark-Jersey City, NY-NJ-PA"
401,Bronx County,NY,202602,2715.27,0.0012,0.0219,"New York-Newark-Jersey City, NY-NJ-PA"
401,Bronx County,NY,202603,2748.1,0.0121,0.0345,"New York-Newark-Jersey City, NY-NJ-PA"
401,Bronx County,NY,202604,2766.45,0.0067,0.0365,"New York-Newark-Jersey City, NY-NJ-PA"
401,Bronx County,NY,202605,2789.93,0.0085,0.049,"New York-Newark-Jersey City, NY-NJ-PA"
401,Bronx County,NY,202606,2776.72,-0.0047,0.0435,"New York-Newark-Jersey City, NY-NJ-PA"
401,Bronx County,NY,202607,2807.34,0.011,0.0626,"New York-Newark-Jersey City, NY-NJ-PA"
401,Bronx County,NY,202608,2798.71,-0.0031,0.054,"New York-Newark-Jersey City, NY-NJ-PA"
581,Kings County,NY,201501,2343.9,,,"New York-Newark-Jersey City, NY-NJ-PA"
581,Kings County,NY,201502,2362.51,0.0079,,"New York-Newark-Jersey City, NY-NJ-PA"
581,Kings County,NY,201503,2387.87,0.0107,,"New York-Newark-Jersey City, NY-NJ-PA"
581,Kings County,NY,201504,2406.47,0.0078,,"New York-Newark-Jersey City, NY-NJ-PA"
581,Kings County,NY,201505,2429.9,0.0097,,"New York-Newark-Jersey City, NY-NJ-PA"
581,Kings County,NY,201506,2459.96,0.0124,,"New York-Newark-Jersey City, NY-NJ-PA"
581,Kings County,NY,201507,2477.55,0.0072,,"New York-Newark-Jersey City, NY-NJ-PA"
581,Kings County,NY,201508,2489.48,0.0048,,"New York-Newark-Jersey City, NY-NJ-PA"
581,Kings County,NY,201509,2506.73,0.0069,,"New York-Newark-Jersey City, NY-NJ-PA"
581,Kings County,NY,201510,2516.71,0.004,,"New York-Newark-Jersey City, NY-NJ-PA"
581,Kings County,NY,201511,2506.83,-0.0039,,"New York-Newark-Jersey City, NY-NJ-PA"
581,Kings County,NY,201512,2479.78,-0.0108,,"New York-Newark-Jersey City, NY-NJ-PA"
581,Kings County,NY,201601,2469.13,-0.0043,0.0534,"New York-Newark-Jersey City, NY-NJ-PA"
581,Kings County,NY,201602,2468.88,-0.0001,0.045,"New York-Newark-Jersey City, NY-NJ-PA"
581,Kings County,NY,201603,2487.48,0.0075,0.0417,"New York-Newark-Jersey City, NY-NJ-PA"
581,Kings County,NY,201604,2493.71,0.0025,0.0363,"New York-Newark-Jersey City, NY-NJ-PA"
581,Kings County,NY,201605,2506.91,0.0053,0.0317,"New York-Newark-Jersey City, NY-NJ-PA"
581,Kings County,NY,201606,2518.02,0.0044,0.0236,"New York-Newark-Jersey City, NY-NJ-PA"
581,Kings County,NY,201607,2537.89,0.0079,0.0244,"New York-Newark-Jersey City, NY-NJ-PA"
581,Kings County,NY,201608,2555.01,0.0067,0.0263,"New York-Newark-Jersey City, NY-NJ-PA"
581,Kings County,NY,201609,2561.51,0.0025,0.0219,"New York-Newark-Jersey City, NY-NJ-PA"
581,Kings County,NY,201610,2557.91,-0.0014,0.0164,"New York-Newark-Jersey City, NY-NJ-PA"
581,Kings County,NY,201611,2560.03,0.0008,0.0212,"New York-Newark-Jersey City, NY-NJ-PA"
581,Kings County,NY,201612,2546.54,-0.0053,0.0269,"New York-Newark-Jersey City, NY-NJ-PA"
581,Kings County,NY,201701,2536.2,-0.0041,0.0272,"New York-Newark-Jersey City, NY-NJ-PA"
581,Kings County,NY,201702,2526.32,-0.0039,0.0233,"New York-Newark-Jersey City, NY-NJ-PA"
581,Kings County,NY,201703,2532.0,0.0022,0.0179,"New York-Newark-Jersey City, NY-NJ-PA"
581,Kings County,NY,201704,2547.79,0.0062,0.0217,"New York-Newark-Jersey City, NY-NJ-PA"
581,Kings County,NY,201705,2560.74,0.0051,0.0215,"New York-Newark-Jersey City, NY-NJ-PA"
581,Kings County,NY,201706,2576.98,0.0063,0.0234,"New York-Newark-Jersey City, NY-NJ-PA"
581,Kings County,NY,201707,2594.17,0.0067,0.0222,"New York-Newark-Jersey City, NY-NJ-PA"
581,Kings County,NY,201708,2606.55,0.0048,0.0202,"New York-Newark-Jersey City, NY-NJ-PA"
581,Kings County,NY,201709,2606.2,-0.0001,0.0174,"New York-Newark-Jersey City, NY-NJ-PA"
581,Kings County,NY,201710,2588.71,-0.0067,0.012,"New York-Newark-Jersey City, NY-NJ-PA"
581,Kings County,NY,201711,2569.69,-0.0073,0.0038,"New York-Newark-Jersey City, NY-NJ-PA"
581,Kings County,NY,201712,2557.95,-0.0046,0.0045,"New York-Newark-Jersey City, NY-NJ-PA"
581,Kings County,NY,201801,2557.02,-0.0004,0.0082,"New York-Newark-Jersey City, NY-NJ-PA"
581,Kings County,NY,201802,2558.01,0.0004,0.0125,"New York-Newark-Jersey City, NY-NJ-PA"
581,Kings County,NY,201803,2571.8,0.0054,0.0157,"New York-Newark-Jersey City, NY-NJ-PA"
581,Kings County,NY,201804,2590.24,0.0072,0.0167,"New York-Newark-Jersey City, NY-NJ-PA"
581,Kings County,NY,201805,2610.95,0.008,0.0196,"New York-Newark-Jersey City, NY-NJ-PA"
581,Kings County,NY,201806,2626.32,0.0059,0.0191,"New York-Newark-Jersey City, NY-NJ-PA"
581,Kings County,NY,201807,2638.27,0.0046,0.017,"New York-Newark-Jersey City, NY-NJ-PA"
581,Kings County,NY,201808,2649.38,0.0042,0.0164,"New York-Newark-Jersey City, NY-NJ-PA"
581,Kings County,NY,201809,2651.85,0.0009,0.0175,"New York-Newark-Jersey City, NY-NJ-PA"
581,Kings County,NY,201810,2643.66,-0.0031,0.0212,"New York-Newark-Jersey City, NY-NJ-PA"
581,Kings County,NY,201811,2628.45,-0.0058,0.0229,"New York-Newark-Jersey City, NY-NJ-PA"
581,Kings County,NY,201812,2610.84,-0.0067,0.0207,"New York-Newark-Jersey City, NY-NJ-PA"
581,Kings County,NY,201901,2612.11,0.0005,0.0215,"New York-Newark-Jersey City, NY-NJ-PA"
581,Kings County,NY,201902,2625.28,0.005,0.0263,"New York-Newark-Jersey City, NY-NJ-PA"
581,Kings County,NY,201903,2652.93,0.0105,0.0315,"New York-Newark-Jersey City, NY-NJ-PA"
581,Kings County,NY,201904,2672.35,0.0073,0.0317,"New York-Newark-Jersey City, NY-NJ-PA"
581,Kings County,NY,201905,2698.74,0.0099,0.0336,"New York-Newark-Jersey City, NY-NJ-PA"
581,Kings County,NY,201906,2715.32,0.0061,0.0339,"New York-Newark-Jersey City, NY-NJ-PA"
581,Kings County,NY,201907,2740.48,0.0093,0.0387,"New York-Newark-Jersey City, NY-NJ-PA"
581,Kings County,NY,201908,2756.38,0.0058,0.0404,"New York-Newark-Jersey City, NY-NJ-PA"
581,Kings County,NY,201909,2771.63,0.0055,0.0452,"New York-Newark-Jersey City, NY-NJ-PA"
581,Kings County,NY,201910,2775.14,0.0013,0.0497,"New York-Newark-Jersey City, NY-NJ-PA"
581,Kings County,NY,201911,2771.88,-0.0012,0.0546,"New York-Newark-Jersey City, NY-NJ-PA"
581,Kings County,NY,201912,2764.94,-0.0025,0.059,"New York-Newark-Jersey City, NY-NJ-PA"
581,Kings County,NY,202001,2765.58,0.0002,0.0588,"New York-Newark-Jersey City, NY-NJ-PA"
581,Kings County,NY,202002,2774.45,0.0032,0.0568,"New York-Newark-Jersey City, NY-NJ-PA"
581,Kings County,NY,202003,2790.33,0.0057,0.0518,"New York-Newark-Jersey City, NY-NJ-PA"
581,Kings County,NY,202004,2781.77,-0.0031,0.0409,"New York-Newark-Jersey City, NY-NJ-PA"
581,Kings County,NY,202005,2763.72,-0.0065,0.0241,"New York-Newark-Jersey City, NY-NJ-PA"
581,Kings County,NY,202006,2730.84,-0.0119,0.0057,"New York-Newark-Jersey City, NY-NJ-PA"
581,Kings County,NY,202007,2708.4,-0.0082,-0.0117,"New York-Newark-Jersey City, NY-NJ-PA"
581,Kings County,NY,202008,2669.86,-0.0142,-0.0314,"New York-Newark-Jersey City, NY-NJ-PA"
581,Kings County,NY,202009,2622.08,-0.0179,-0.054,"New York-Newark-Jersey City, NY-NJ-PA"
581,Kings County,NY,202010,2575.97,-0.0176,-0.0718,"New York-Newark-Jersey City, NY-NJ-PA"
581,Kings County,NY,202011,2541.15,-0.0135,-0.0832,"New York-Newark-Jersey City, NY-NJ-PA"
581,Kings County,NY,202012,2522.42,-0.0074,-0.0877,"New York-Newark-Jersey City, NY-NJ-PA"
581,Kings County,NY,202101,2514.47,-0.0032,-0.0908,"New York-Newark-Jersey City, NY-NJ-PA"
581,Kings County,NY,202102,2524.06,0.0038,-0.0902,"New York-Newark-Jersey City, NY-NJ-PA"
581,Kings County,NY,202103,2546.38,0.0088,-0.0874,"New York-Newark-Jersey City, NY-NJ-PA"
581,Kings County,NY,202104,2580.44,0.0134,-0.0724,"New York-Newark-Jersey City, NY-NJ-PA"
581,Kings County,NY,202105,2620.59,0.0156,-0.0518,"New York-Newark-Jersey City, NY-NJ-PA"
581,Kings County,NY,202106,2674.34,0.0205,-0.0207,"New York-Newark-Jersey City, NY-NJ-PA"
581,Kings County,NY,202107,2732.12,0.0216,0.0088,"New York-Newark-Jersey City, NY-NJ-PA"
581,Kings County,NY,202108,2790.16,0.0212,0.0451,"New York-Newark-Jersey City, NY-NJ-PA"
581,Kings County,NY,202109,2837.42,0.0169,0.0821,"New York-Newark-Jersey City, NY-NJ-PA"
581,Kings County,NY,202110,2863.74,0.0093,0.1117,"New York-Newark-Jersey City, NY-NJ-PA"
581,Kings County,NY,202111,2884.84,0.0074,0.1352,"New York-Newark-Jersey City, NY-NJ-PA"
581,Kings County,NY,202112,2897.81,0.0045,0.1488,"New York-Newark-Jersey City, NY-NJ-PA"
581,Kings County,NY,202201,2932.65,0.012,0.1663,"New York-Newark-Jersey City, NY-NJ-PA"
581,Kings County,NY,202202,2971.46,0.0132,0.1773,"New York-Newark-Jersey City, NY-NJ-PA"
581,Kings County,NY,202203,3024.05,0.0177,0.1876,"New York-Newark-Jersey City, NY-NJ-PA"
581,Kings County,NY,202204,3068.19,0.0146,0.189,"New York-Newark-Jersey City, NY-NJ-PA"
581,Kings County,NY,202205,3129.17,0.0199,0.1941,"New York-Newark-Jersey City, NY-NJ-PA"
581,Kings County,NY,202206,3192.43,0.0202,0.1937,"New York-Newark-Jersey City, NY-NJ-PA"
581,Kings County,NY,202207,3254.08,0.0193,0.191,"New York-Newark-Jersey City, NY-NJ-PA"
581,Kings County,NY,202208,3295.63,0.0128,0.1812,"New York-Newark-Jersey City, NY-NJ-PA"
581,Kings County,NY,202209,3305.7,0.0031,0.165,"New York-Newark-Jersey City, NY-NJ-PA"
581,Kings County,NY,202210,3298.0,-0.0023,0.1516,"New York-Newark-Jersey City, NY-NJ-PA"
581,Kings County,NY,202211,3257.73,-0.0122,0.1293,"New York-Newark-Jersey City, NY-NJ-PA"
581,Kings County,NY,202212,3226.05,-0.0097,0.1133,"New York-Newark-Jersey City, NY-NJ-PA"
581,Kings County,NY,202301,3219.52,-0.002,0.0978,"New York-Newark-Jersey City, NY-NJ-PA"
581,Kings County,NY,202302,3235.3,0.0049,0.0888,"New York-Newark-Jersey City, NY-NJ-PA"
581,Kings County,NY,202303,3262.97,0.0086,0.079,"New York-Newark-Jersey City, NY-NJ-PA"
581,Kings County,NY,202304,3292.18,0.009,0.073,"New York-Newark-Jersey City, NY-NJ-PA"
581,Kings County,NY,202305,3329.42,0.0113,0.064,"New York-Newark-Jersey City, NY-NJ-PA"
581,Kings County,NY,202306,3368.93,0.0119,0.0553,"New York-Newark-Jersey City, NY-NJ-PA"
581,Kings County,NY,202307,3397.8,0.0086,0.0442,"New York-Newark-Jersey City, NY-NJ-PA"
581,Kings County,NY,202308,3416.35,0.0055,0.0366,"New York-Newark-Jersey City, NY-NJ-PA"
581,Kings County,NY,202309,3423.26,0.002,0.0356,"New York-Newark-Jersey City, NY-NJ-PA"
581,Kings County,NY,202310,3404.8,-0.0054,0.0324,"New York-Newark-Jersey City, NY-NJ-PA"
581,Kings County,NY,202311,3369.52,-0.0104,0.0343,"New York-Newark-Jersey City, NY-NJ-PA"
581,Kings County,NY,202312,3342.12,-0.0081,0.036,"New York-Newark-Jersey City, NY-NJ-PA"
581,Kings County,NY,202401,3343.32,0.0004,0.0385,"New York-Newark-Jersey City, NY-NJ-PA"
581,Kings County,NY,202402,3370.37,0.0081,0.0417,"New York-Newark-Jersey City, NY-NJ-PA"
581,Kings County,NY,202403,3402.41,0.0095,0.0427,"New York-Newark-Jersey City, NY-NJ-PA"
581,Kings County,NY,202404,3431.84,0.0087,0.0424,"New York-Newark-Jersey City, NY-NJ-PA"
581,Kings County,NY,202405,3466.72,0.0102,0.0412,"New York-Newark-Jersey City, NY-NJ-PA"
581,Kings County,NY,202406,3502.12,0.0102,0.0395,"New York-Newark-Jersey City, NY-NJ-PA"
581,Kings County,NY,202407,3527.11,0.0071,0.0381,"New York-Newark-Jersey City, NY-NJ-PA"
581,Kings County,NY,202408,3531.86,0.0013,0.0338,"New York-Newark-Jersey City, NY-NJ-PA"
581,Kings County,NY,202409,3519.26,-0.0036,0.028,"New York-Newark-Jersey City, NY-NJ-PA"
581,Kings County,NY,202410,3498.13,-0.006,0.0274,"New York-Newark-Jersey City, NY-NJ-PA"
581,Kings County,NY,202411,3476.01,-0.0063,0.0316,"New York-Newark-Jersey City, NY-NJ-PA"
581,Kings County,NY,202412,3451.88,-0.0069,0.0328,"New York-Newark-Jersey City, NY-NJ-PA"
581,Kings County,NY,202501,3452.25,0.0001,0.0326,"New York-Newark-Jersey City, NY-NJ-PA"
581,Kings County,NY,202502,3474.26,0.0064,0.0308,"New York-Newark-Jersey City, NY-NJ-PA"
581,Kings County,NY,202503,3519.18,0.0129,0.0343,"New York-Newark-Jersey City, NY-NJ-PA"
581,Kings County,NY,202504,3563.38,0.0126,0.0383,"New York-Newark-Jersey City, NY-NJ-PA"
581,Kings County,NY,202505,3602.21,0.0109,0.0391,"New York-Newark-Jersey City, NY-NJ-PA"
581,Kings County,NY,202506,3644.27,0.0117,0.0406,"New York-Newark-Jersey City, NY-NJ-PA"
581,Kings County,NY,202507,3673.12,0.0079,0.0414,"New York-Newark-Jersey City, NY-NJ-PA"
581,Kings County,NY,202508,3693.87,0.0057,0.0459,"New York-Newark-Jersey City, NY-NJ-PA"
581,Kings County,NY,202509,3684.65,-0.0025,0.047,"New York-Newark-Jersey City, NY-NJ-PA"
581,Kings County,NY,202510,3666.94,-0.0048,0.0483,"New York-Newark-Jersey City, NY-NJ-PA"
581,Kings County,NY,202511,3635.14,-0.0087,0.0458,"New York-Newark-Jersey City, NY-NJ-PA"
581,Kings County,NY,202512,3618.57,-0.0046,0.0483,"New York-Newark-Jersey City, NY-NJ-PA"
581,Kings County,NY,202601,3624.84,0.0017,0.05,"New York-Newark-Jersey City, NY-NJ-PA"
581,Kings County,NY,202602,3656.64,0.0088,0.0525,"New York-Newark-Jersey City, NY-NJ-PA"
581,Kings County,NY,202603,3699.71,0.0118,0.0513,"New York-Newark-Jersey City, NY-NJ-PA"
581,Kings County,NY,202604,3738.78,0.0106,0.0492,"New York-Newark-Jersey City, NY-NJ-PA"
581,Kings County,NY,202605,3783.76,0.012,0.0504,"New York-Newark-Jersey City, NY-NJ-PA"
581,Kings County,NY,202606,3821.23,0.0099,0.0486,"New York-Newark-Jersey City, NY-NJ-PA"
581,Kings County,NY,202607,3849.59,0.0074,0.048,"New York-Newark-Jersey City, NY-NJ-PA"
581,Kings County,NY,202608,3866.58,0.0044,0.0468,"New York-Newark-Jersey City, NY-NJ-PA"
748,Tioga County,NY,202604,1141.26,,,"Binghamton, NY"
748,Tioga County,NY,202605,1130.49,-0.0094,,"Binghamton, NY"
748,Tioga County,NY,202606,1187.16,0.0501,,"Binghamton, NY"
748,Tioga County,NY,202607,1200.95,0.0116,,"Binghamton, NY"
748,Tioga County,NY,202608,1231.67,0.0256,,"Binghamton, NY"
796,Wayne County,NY,202603,1283.33,,,"Rochester, NY"
796,Wayne County,NY,202604,1281.68,-0.0013,,"Rochester, NY"
796,Wayne County,NY,202605,1284.81,0.0024,,"Rochester, NY"
796,Wayne County,NY,202606,1284.17,-0.0005,,"Rochester, NY"
796,Wayne County,NY,202607,1271.01,-0.0102,,"Rochester, NY"
796,Wayne County,NY,202608,1282.5,0.009,,"Rochester, NY"
823,Albany County,NY,201501,1022.14,,,"Albany-Schenectady-Troy, NY"
823,Albany County,NY,201502,1035.88,0.0134,,"Albany-Schenectady-Troy, NY"
823,Albany County,NY,201503,1041.45,0.0054,,"Albany-Schenectady-Troy, NY"
823,Albany County,NY,201504,1033.89,-0.0073,,"Albany-Schenectady-Troy, NY"
823,Albany County,NY,201505,1031.41,-0.0024,,"Albany-Schenectady-Troy, NY"
823,Albany County,NY,201506,1032.26,0.0008,,"Albany-Schenectady-Troy, NY"
823,Albany County,NY,201507,1043.42,0.0108,,"Albany-Schenectady-Troy, NY"
823,Albany County,NY,201508,1042.96,-0.0004,,"Albany-Schenectady-Troy, NY"
823,Albany County,NY,201509,1055.17,0.0117,,"Albany-Schenectady-Troy, NY"
823,Albany County,NY,201510,1031.51,-0.0224,,"Albany-Schenectady-Troy, NY"
823,Albany County,NY,201511,1034.89,0.0033,,"Albany-Schenectady-Troy, NY"
823,Albany County,NY,201512,1039.74,0.0047,,"Albany-Schenectady-Troy, NY"
823,Albany County,NY,201601,1058.15,0.0177,0.0352,"Albany-Schenectady-Troy, NY"
823,Albany County,NY,201602,1060.83,0.0025,0.0241,"Albany-Schenectady-Troy, NY"
823,Albany County,NY,201603,1066.96,0.0058,0.0245,"Albany-Schenectady-Troy, NY"
823,Albany County,NY,201604,1073.31,0.006,0.0381,"Albany-Schenectady-Troy, NY"
823,Albany County,NY,201605,1075.44,0.002,0.0427,"Albany-Schenectady-Troy, NY"
823,Albany County,NY,201606,1070.83,-0.0043,0.0374,"Albany-Schenectady-Troy, NY"
823,Albany County,NY,201607,1068.87,-0.0018,0.0244,"Albany-Schenectady-Troy, NY"
823,Albany County,NY,201608,1078.79,0.0093,0.0344,"Albany-Schenectady-Troy, NY"
823,Albany County,NY,201609,1080.97,0.002,0.0245,"Albany-Schenectady-Troy, NY"
823,Albany County,NY,201610,1083.64,0.0025,0.0505,"Albany-Schenectady-Troy, NY"
823,Albany County,NY,201611,1069.83,-0.0127,0.0338,"Albany-Schenectady-Troy, NY"
823,Albany County,NY,201612,1067.36,-0.0023,0.0266,"Albany-Schenectady-Troy, NY"
823,Albany County,NY,201701,1076.56,0.0086,0.0174,"Albany-Schenectady-Troy, NY"
823,Albany County,NY,201702,1093.1,0.0154,0.0304,"Albany-Schenectady-Troy, NY"
823,Albany County,NY,201703,1100.38,0.0067,0.0313,"Albany-Schenectady-Troy, NY"
823,Albany County,NY,201704,1107.27,0.0063,0.0316,"Albany-Schenectady-Troy, NY"
823,Albany County,NY,201705,1106.72,-0.0005,0.0291,"Albany-Schenectady-Troy, NY"
823,Albany County,NY,201706,1108.97,0.002,0.0356,"Albany-Schenectady-Troy, NY"
823,Albany County,NY,201707,1105.2,-0.0034,0.034,"Albany-Schenectady-Troy, NY"
823,Albany County,NY,201708,1104.87,-0.0003,0.0242,"Albany-Schenectady-Troy, NY"
823,Albany County,NY,201709,1103.07,-0.0016,0.0204,"Albany-Schenectady-Troy, NY"
823,Albany County,NY,201710,1115.43,0.0112,0.0293,"Albany-Schenectady-Troy, NY"
823,Albany County,NY,201711,1120.15,0.0042,0.047,"Albany-Schenectady-Troy, NY"
823,Albany County,NY,201712,1122.9,0.0024,0.052,"Albany-Schenectady-Troy, NY"
823,Albany County,NY,201801,1128.88,0.0053,0.0486,"Albany-Schenectady-Troy, NY"
823,Albany County,NY,201802,1140.56,0.0103,0.0434,"Albany-Schenectady-Troy, NY"
823,Albany County,NY,201803,1151.53,0.0096,0.0465,"Albany-Schenectady-Troy, NY"
823,Albany County,NY,201804,1154.2,0.0023,0.0424,"Albany-Schenectady-Troy, NY"
823,Albany County,NY,201805,1145.76,-0.0073,0.0353,"Albany-Schenectady-Troy, NY"
823,Albany County,NY,201806,1140.48,-0.0046,0.0284,"Albany-Schenectady-Troy, NY"
823,Albany County,NY,201807,1132.53,-0.007,0.0247,"Albany-Schenectady-Troy, NY"
823,Albany County,NY,201808,1134.18,0.0015,0.0265,"Albany-Schenectady-Troy, NY"
823,Albany County,NY,201809,1139.87,0.005,0.0334,"Albany-Schenectady-Troy, NY"
823,Albany County,NY,201810,1145.72,0.0051,0.0272,"Albany-Schenectady-Troy, NY"
823,Albany County,NY,201811,1150.66,0.0043,0.0272,"Albany-Schenectady-Troy, NY"
823,Albany County,NY,201812,1150.44,-0.0002,0.0245,"Albany-Schenectady-Troy, NY"
823,Albany County,NY,201901,1156.33,0.0051,0.0243,"Albany-Schenectady-Troy, NY"
823,Albany County,NY,201902,1157.98,0.0014,0.0153,"Albany-Schenectady-Troy, NY"
823,Albany County,NY,201903,1170.31,0.0106,0.0163,"Albany-Schenectady-Troy, NY"
823,Albany County,NY,201904,1170.88,0.0005,0.0145,"Albany-Schenectady-Troy, NY"
823,Albany County,NY,201905,1179.76,0.0076,0.0297,"Albany-Schenectady-Troy, NY"
823,Albany County,NY,201906,1184.57,0.0041,0.0387,"Albany-Schenectady-Troy, NY"
823,Albany County,NY,201907,1186.87,0.0019,0.048,"Albany-Schenectady-Troy, NY"
823,Albany County,NY,201908,1177.15,-0.0082,0.0379,"Albany-Schenectady-Troy, NY"
823,Albany County,NY,201909,1164.59,-0.0107,0.0217,"Albany-Schenectady-Troy, NY"
823,Albany County,NY,201910,1162.12,-0.0021,0.0143,"Albany-Schenectady-Troy, NY"
823,Albany County,NY,201911,1169.25,0.0061,0.0162,"Albany-Schenectady-Troy, NY"
823,Albany County,NY,201912,1180.5,0.0096,0.0261,"Albany-Schenectady-Troy, NY"
823,Albany County,NY,202001,1184.69,0.0035,0.0245,"Albany-Schenectady-Troy, NY"
823,Albany County,NY,202002,1199.95,0.0129,0.0362,"Albany-Schenectady-Troy, NY"
823,Albany County,NY,202003,1215.76,0.0132,0.0388,"Albany-Schenectady-Troy, NY"
823,Albany County,NY,202004,1223.65,0.0065,0.0451,"Albany-Schenectady-Troy, NY"
823,Albany County,NY,202005,1217.12,-0.0053,0.0317,"Albany-Schenectady-Troy, NY"
823,Albany County,NY,202006,1207.63,-0.0078,0.0195,"Albany-Schenectady-Troy, NY"
823,Albany County,NY,202007,1211.43,0.0031,0.0207,"Albany-Schenectady-Troy, NY"
823,Albany County,NY,202008,1218.18,0.0056,0.0349,"Albany-Schenectady-Troy, NY"
823,Albany County,NY,202009,1218.73,0.0005,0.0465,"Albany-Schenectady-Troy, NY"
823,Albany County,NY,202010,1221.03,0.0019,0.0507,"Albany-Schenectady-Troy, NY"
823,Albany County,NY,202011,1228.68,0.0063,0.0508,"Albany-Schenectady-Troy, NY"
823,Albany County,NY,202012,1244.8,0.0131,0.0545,"Albany-Schenectady-Troy, NY"
823,Albany County,NY,202101,1244.72,-0.0001,0.0507,"Albany-Schenectady-Troy, NY"
823,Albany County,NY,202102,1248.41,0.003,0.0404,"Albany-Schenectady-Troy, NY"
823,Albany County,NY,202103,1248.75,0.0003,0.0271,"Albany-Schenectady-Troy, NY"
823,Albany County,NY,202104,1270.05,0.0171,0.0379,"Albany-Schenectady-Troy, NY"
823,Albany County,NY,202105,1281.01,0.0086,0.0525,"Albany-Schenectady-Troy, NY"
823,Albany County,NY,202106,1301.11,0.0157,0.0774,"Albany-Schenectady-Troy, NY"
823,Albany County,NY,202107,1313.41,0.0095,0.0842,"Albany-Schenectady-Troy, NY"
823,Albany County,NY,202108,1323.99,0.0081,0.0869,"Albany-Schenectady-Troy, NY"
823,Albany County,NY,202109,1325.69,0.0013,0.0878,"Albany-Schenectady-Troy, NY"
823,Albany County,NY,202110,1328.78,0.0023,0.0882,"Albany-Schenectady-Troy, NY"
823,Albany County,NY,202111,1333.65,0.0037,0.0854,"Albany-Schenectady-Troy, NY"
823,Albany County,NY,202112,1342.23,0.0064,0.0783,"Albany-Schenectady-Troy, NY"
823,Albany County,NY,202201,1347.77,0.0041,0.0828,"Albany-Schenectady-Troy, NY"
823,Albany County,NY,202202,1354.62,0.0051,0.0851,"Albany-Schenectady-Troy, NY"
823,Albany County,NY,202203,1356.07,0.0011,0.0859,"Albany-Schenectady-Troy, NY"
823,Albany County,NY,202204,1354.51,-0.0012,0.0665,"Albany-Schenectady-Troy, NY"
823,Albany County,NY,202205,1366.52,0.0089,0.0667,"Albany-Schenectady-Troy, NY"
823,Albany County,NY,202206,1376.09,0.007,0.0576,"Albany-Schenectady-Troy, NY"
823,Albany County,NY,202207,1398.63,0.0164,0.0649,"Albany-Schenectady-Troy, NY"
823,Albany County,NY,202208,1406.67,0.0057,0.0624,"Albany-Schenectady-Troy, NY"
823,Albany County,NY,202209,1413.57,0.0049,0.0663,"Albany-Schenectady-Troy, NY"
823,Albany County,NY,202210,1405.77,-0.0055,0.0579,"Albany-Schenectady-Troy, NY"
823,Albany County,NY,202211,1402.33,-0.0025,0.0515,"Albany-Schenectady-Troy, NY"
823,Albany County,NY,202212,1412.25,0.0071,0.0522,"Albany-Schenectady-Troy, NY"
823,Albany County,NY,202301,1417.46,0.0037,0.0517,"Albany-Schenectady-Troy, NY"
823,Albany County,NY,202302,1427.51,0.0071,0.0538,"Albany-Schenectady-Troy, NY"
823,Albany County,NY,202303,1429.94,0.0017,0.0545,"Albany-Schenectady-Troy, NY"
823,Albany County,NY,202304,1431.21,0.0009,0.0566,"Albany-Schenectady-Troy, NY"
823,Albany County,NY,202305,1442.64,0.008,0.0557,"Albany-Schenectady-Troy, NY"
823,Albany County,NY,202306,1455.95,0.0092,0.058,"Albany-Schenectady-Troy, NY"
823,Albany County,NY,202307,1475.92,0.0137,0.0553,"Albany-Schenectady-Troy, NY"
823,Albany County,NY,202308,1477.69,0.0012,0.0505,"Albany-Schenectady-Troy, NY"
823,Albany County,NY,202309,1476.41,-0.0009,0.0445,"Albany-Schenectady-Troy, NY"
823,Albany County,NY,202310,1465.18,-0.0076,0.0423,"Albany-Schenectady-Troy, NY"
823,Albany County,NY,202311,1468.32,0.0021,0.0471,"Albany-Schenectady-Troy, NY"
823,Albany County,NY,202312,1465.05,-0.0022,0.0374,"Albany-Schenectady-Troy, NY"
823,Albany County,NY,202401,1487.13,0.0151,0.0491,"Albany-Schenectady-Troy, NY"
823,Albany County,NY,202402,1487.72,0.0004,0.0422,"Albany-Schenectady-Troy, NY"
823,Albany County,NY,202403,1502.24,0.0098,0.0506,"Albany-Schenectady-Troy, NY"
823,Albany County,NY,202404,1499.79,-0.0016,0.0479,"Albany-Schenectady-Troy, NY"
823,Albany County,NY,202405,1514.81,0.01,0.05,"Albany-Schenectady-Troy, NY"
823,Albany County,NY,202406,1518.36,0.0023,0.0429,"Albany-Schenectady-Troy, NY"
823,Albany County,NY,202407,1529.12,0.0071,0.036,"Albany-Schenectady-Troy, NY"
823,Albany County,NY,202408,1528.37,-0.0005,0.0343,"Albany-Schenectady-Troy, NY"
823,Albany County,NY,202409,1534.33,0.0039,0.0392,"Albany-Schenectady-Troy, NY"
823,Albany County,NY,202410,1527.85,-0.0042,0.0428,"Albany-Schenectady-Troy, NY"
823,Albany County,NY,202411,1539.03,0.0073,0.0482,"Albany-Schenectady-Troy, NY"
823,Albany County,NY,202412,1538.2,-0.0005,0.0499,"Albany-Schenectady-Troy, NY"
823,Albany County,NY,202501,1543.32,0.0033,0.0378,"Albany-Schenectady-Troy, NY"
823,Albany County,NY,202502,1550.27,0.0045,0.042,"Albany-Schenectady-Troy, NY"
823,Albany County,NY,202503,1564.58,0.0092,0.0415,"Albany-Schenectady-Troy, NY"
823,Albany County,NY,202504,1579.25,0.0094,0.053,"Albany-Schenectady-Troy, NY"
823,Albany County,NY,202505,1581.54,0.0015,0.044,"Albany-Schenectady-Troy, NY"
823,Albany County,NY,202506,1592.22,0.0068,0.0486,"Albany-Schenectady-Troy, NY"
823,Albany County,NY,202507,1596.28,0.0026,0.0439,"Albany-Schenectady-Troy, NY"
823,Albany County,NY,202508,1602.88,0.0041,0.0488,"Albany-Schenectady-Troy, NY"
823,Albany County,NY,202509,1595.21,-0.0048,0.0397,"Albany-Schenectady-Troy, NY"
823,Albany County,NY,202510,1598.36,0.002,0.0462,"Albany-Schenectady-Troy, NY"
823,Albany County,NY,202511,1596.1,-0.0014,0.0371,"Albany-Schenectady-Troy, NY"
823,Albany County,NY,202512,1603.93,0.0049,0.0427,"Albany-Schenectady-Troy, NY"
823,Albany County,NY,202601,1612.22,0.0052,0.0446,"Albany-Schenectady-Troy, NY"
823,Albany County,NY,202602,1618.54,0.0039,0.044,"Albany-Schenectady-Troy, NY"
823,Albany County,NY,202603,1622.98,0.0027,0.0373,"Albany-Schenectady-Troy, NY"
823,Albany County,NY,202604,1638.99,0.0099,0.0378,"Albany-Schenectady-Troy, NY"
823,Albany County,NY,202605,1655.24,0.0099,0.0466,"Albany-Schenectady-Troy, NY"
823,Albany County,NY,202606,1672.26,0.0103,0.0503,"Albany-Schenectady-Troy, NY"
823,Albany County,NY,202607,1669.76,-0.0015,0.046,"Albany-Schenectady-Troy, NY"
823,Albany County,NY,202608,1670.76,0.0006,0.0423,"Albany-Schenectady-Troy, NY"
895,Broome County,NY,201801,807.09,,,"Binghamton, NY"
895,Broome County,NY,201802,811.6,0.0056,,"Binghamton, NY"
895,Broome County,NY,201803,826.97,0.0189,,"Binghamton, NY"
895,Broome County,NY,201804,818.28,-0.0105,,"Binghamton, NY"
895,Broome County,NY,201805,813.42,-0.0059,,"Binghamton, NY"
895,Broome County,NY,201806,827.24,0.017,,"Binghamton, NY"
895,Broome County,NY,201807,851.41,0.0292,,"Binghamton, NY"
895,Broome County,NY,201808,860.95,0.0112,,"Binghamton, NY"
895,Broome County,NY,201809,848.64,-0.0143,,"Binghamton, NY"
895,Broome County,NY,201810,836.12,-0.0147,,"Binghamton, NY"
895,Broome County,NY,201811,843.41,0.0087,,"Binghamton, NY"
895,Broome County,NY,201812,854.85,0.0136,,"Binghamton, NY"
895,Broome County,NY,201901,846.68,-0.0096,0.049,"Binghamton, NY"
895,Broome County,NY,201902,850.67,0.0047,0.0481,"Binghamton, NY"
895,Broome County,NY,201903,840.22,-0.0123,0.016,"Binghamton, NY"
895,Broome County,NY,201904,876.31,0.043,0.0709,"Binghamton, NY"
895,Broome County,NY,201905,886.65,0.0118,0.09,"Binghamton, NY"
895,Broome County,NY,201906,911.42,0.0279,0.1018,"Binghamton, NY"
895,Broome County,NY,201907,901.79,-0.0106,0.0592,"Binghamton, NY"
895,Broome County,NY,201908,903.2,0.0016,0.0491,"Binghamton, NY"
895,Broome County,NY,201909,890.63,-0.0139,0.0495,"Binghamton, NY"
895,Broome County,NY,201910,866.06,-0.0276,0.0358,"Binghamton, NY"
895,Broome County,NY,201911,868.75,0.0031,0.03,"Binghamton, NY"
895,Broome County,NY,201912,895.08,0.0303,0.0471,"Binghamton, NY"
895,Broome County,NY,202001,930.84,0.0399,0.0994,"Binghamton, NY"
895,Broome County,NY,202002,929.98,-0.0009,0.0932,"Binghamton, NY"
895,Broome County,NY,202003,921.28,-0.0094,0.0965,"Binghamton, NY"
895,Broome County,NY,202004,917.75,-0.0038,0.0473,"Binghamton, NY"
895,Broome County,NY,202005,908.83,-0.0097,0.025,"Binghamton, NY"
895,Broome County,NY,202006,919.98,0.0123,0.0094,"Binghamton, NY"
895,Broome County,NY,202007,927.35,0.008,0.0283,"Binghamton, NY"
895,Broome County,NY,202008,951.67,0.0262,0.0537,"Binghamton, NY"
895,Broome County,NY,202009,967.57,0.0167,0.0864,"Binghamton, NY"
895,Broome County,NY,202010,976.93,0.0097,0.128,"Binghamton, NY"
895,Broome County,NY,202011,1000.16,0.0238,0.1513,"Binghamton, NY"
895,Broome County,NY,202012,987.39,-0.0128,0.1031,"Binghamton, NY"
895,Broome County,NY,202101,1003.04,0.0159,0.0776,"Binghamton, NY"
895,Broome County,NY,202102,993.89,-0.0091,0.0687,"Binghamton, NY"
895,Broome County,NY,202103,1018.97,0.0252,0.106,"Binghamton, NY"
895,Broome County,NY,202104,1019.41,0.0004,0.1108,"Binghamton, NY"
895,Broome County,NY,202105,1027.51,0.0079,0.1306,"Binghamton, NY"
895,Broome County,NY,202106,1059.8,0.0314,0.152,"Binghamton, NY"
895,Broome County,NY,202107,1060.97,0.0011,0.1441,"Binghamton, NY"
895,Broome County,NY,202108,1097.32,0.0343,0.153,"Binghamton, NY"
895,Broome County,NY,202109,1103.29,0.0054,0.1403,"Binghamton, NY"
895,Broome County,NY,202110,1123.57,0.0184,0.1501,"Binghamton, NY"
895,Broome County,NY,202111,1120.8,-0.0025,0.1206,"Binghamton, NY"
895,Broome County,NY,202112,1104.0,-0.015,0.1181,"Binghamton, NY"
895,Broome County,NY,202201,1131.96,0.0253,0.1285,"Binghamton, NY"
895,Broome County,NY,202202,1135.09,0.0028,0.1421,"Binghamton, NY"
895,Broome County,NY,202203,1142.89,0.0069,0.1216,"Binghamton, NY"
895,Broome County,NY,202204,1178.96,0.0316,0.1565,"Binghamton, NY"
895,Broome County,NY,202205,1190.79,0.01,0.1589,"Binghamton, NY"
895,Broome County,NY,202206,1227.37,0.0307,0.1581,"Binghamton, NY"
895,Broome County,NY,202207,1185.2,-0.0344,0.1171,"Binghamton, NY"
895,Broome County,NY,202208,1211.74,0.0224,0.1043,"Binghamton, NY"
895,Broome County,NY,202209,1209.49,-0.0019,0.0963,"Binghamton, NY"
895,Broome County,NY,202210,1238.6,0.0241,0.1024,"Binghamton, NY"
895,Broome County,NY,202211,1227.16,-0.0092,0.0949,"Binghamton, NY"
895,Broome County,NY,202212,1232.35,0.0042,0.1163,"Binghamton, NY"
895,Broome County,NY,202301,1260.86,0.0231,0.1139,"Binghamton, NY"
895,Broome County,NY,202302,1300.58,0.0315,0.1458,"Binghamton, NY"
895,Broome County,NY,202303,1297.28,-0.0025,0.1351,"Binghamton, NY"
895,Broome County,NY,202304,1281.31,-0.0123,0.0868,"Binghamton, NY"
895,Broome County,NY,202305,1259.1,-0.0173,0.0574,"Binghamton, NY"
895,Broome County,NY,202306,1272.42,0.0106,0.0367,"Binghamton, NY"
895,Broome County,NY,202307,1292.22,0.0156,0.0903,"Binghamton, NY"
895,Broome County,NY,202308,1332.19,0.0309,0.0994,"Binghamton, NY"
895,Broome County,NY,202309,1357.06,0.0187,0.122,"Binghamton, NY"
895,Broome County,NY,202310,1360.82,0.0028,0.0987,"Binghamton, NY"
895,Broome County,NY,202311,1355.08,-0.0042,0.1042,"Binghamton, NY"
895,Broome County,NY,202312,1361.45,0.0047,0.1048,"Binghamton, NY"
895,Broome County,NY,202401,1366.12,0.0034,0.0835,"Binghamton, NY"
895,Broome County,NY,202402,1358.11,-0.0059,0.0442,"Binghamton, NY"
895,Broome County,NY,202403,1361.57,0.0025,0.0496,"Binghamton, NY"
895,Broome County,NY,202404,1390.05,0.0209,0.0849,"Binghamton, NY"
895,Broome County,NY,202405,1415.75,0.0185,0.1244,"Binghamton, NY"
895,Broome County,NY,202406,1426.44,0.0075,0.121,"Binghamton, NY"
895,Broome County,NY,202407,1420.72,-0.004,0.0994,"Binghamton, NY"
895,Broome County,NY,202408,1433.8,0.0092,0.0763,"Binghamton, NY"
895,Broome County,NY,202409,1445.9,0.0084,0.0655,"Binghamton, NY"
895,Broome County,NY,202410,1452.89,0.0048,0.0677,"Binghamton, NY"
895,Broome County,NY,202411,1446.7,-0.0043,0.0676,"Binghamton, NY"
895,Broome County,NY,202412,1436.42,-0.0071,0.0551,"Binghamton, NY"
895,Broome County,NY,202501,1442.65,0.0043,0.056,"Binghamton, NY"
895,Broome County,NY,202502,1447.96,0.0037,0.0662,"Binghamton, NY"
895,Broome County,NY,202503,1471.73,0.0164,0.0809,"Binghamton, NY"
895,Broome County,NY,202504,1468.23,-0.0024,0.0562,"Binghamton, NY"
895,Broome County,NY,202505,1490.04,0.0149,0.0525,"Binghamton, NY"
895,Broome County,NY,202506,1491.91,0.0013,0.0459,"Binghamton, NY"
895,Broome County,NY,202507,1497.28,0.0036,0.0539,"Binghamton, NY"
895,Broome County,NY,202508,1508.19,0.0073,0.0519,"Binghamton, NY"
895,Broome County,NY,202509,1519.49,0.0075,0.0509,"Binghamton, NY"
895,Broome County,NY,202510,1563.22,0.0288,0.0759,"Binghamton, NY"
895,Broome County,NY,202511,1546.52,-0.0107,0.069,"Binghamton, NY"
895,Broome County,NY,202512,1546.96,0.0003,0.077,"Binghamton, NY"
895,Broome County,NY,202601,1529.04,-0.0116,0.0599,"Binghamton, NY"
895,Broome County,NY,202602,1556.11,0.0177,0.0747,"Binghamton, NY"
895,Broome County,NY,202603,1592.14,0.0232,0.0818,"Binghamton, NY"
895,Broome County,NY,202604,1613.28,0.0133,0.0988,"Binghamton, NY"
895,Broome County,NY,202605,1582.81,-0.0189,0.0623,"Binghamton, NY"
895,Broome County,NY,202606,1568.98,-0.0087,0.0517,"Binghamton, NY"
895,Broome County,NY,202607,1560.2,-0.0056,0.042,"Binghamton, NY"
895,Broome County,NY,202608,1606.97,0.03,0.0655,"Binghamton, NY"
929,Cayuga County,NY,202601,1143.24,,,"Auburn, NY"
929,Cayuga County,NY,202602,1167.38,0.0211,,"Auburn, NY"
929,Cayuga County,NY,202604,1212.14,0.0383,,"Auburn, NY"
929,Cayuga County,NY,202605,1289.29,0.0636,,"Auburn, NY"
929,Cayuga County,NY,202606,1361.77,0.0562,,"Auburn, NY"
929,Cayuga County,NY,202607,1401.42,0.0291,,"Auburn, NY"
929,Cayuga County,NY,202608,1376.81,-0.0176,,"Auburn, NY"
1024,Fulton County,NY,202508,1012.01,,,"Gloversville, NY"
1024,Fulton County,NY,202509,1006.14,-0.0058,,"Gloversville, NY"
1024,Fulton County,NY,202510,1032.15,0.0259,,"Gloversville, NY"
1024,Fulton County,NY,202511,1068.38,0.0351,,"Gloversville, NY"
1024,Fulton County,NY,202512,1093.94,0.0239,,"Gloversville, NY"
1024,Fulton County,NY,202601,1080.46,-0.0123,,"Gloversville, NY"
1024,Fulton County,NY,202602,1053.81,-0.0247,,"Gloversville, NY"
1024,Fulton County,NY,202603,1041.06,-0.0121,,"Gloversville, NY"
1024,Fulton County,NY,202604,1055.77,0.0141,,"Gloversville, NY"
1024,Fulton County,NY,202605,1074.6,0.0178,,"Gloversville, NY"
1024,Fulton County,NY,202607,1084.53,0.0092,,"Gloversville, NY"
1024,Fulton County,NY,202608,1076.39,-0.0075,,"Gloversville, NY"
1060,Greene County,NY,202601,1504.96,,,
1060,Greene County,NY,202602,1497.81,-0.0047,,
1060,Greene County,NY,202603,1492.81,-0.0033,,
1060,Greene County,NY,202604,1466.9,-0.0174,,
1060,Greene County,NY,202605,1445.5,-0.0146,,
1060,Greene County,NY,202606,1466.24,0.0144,,
1060,Greene County,NY,202607,1497.78,0.0215,,
1060,Greene County,NY,202608,1524.72,0.018,,
1223,Monroe County,NY,201501,875.82,,,"Rochester, NY"
1223,Monroe County,NY,201502,872.17,-0.0042,,"Rochester, NY"
1223,Monroe County,NY,201503,877.52,0.0061,,"Rochester, NY"
1223,Monroe County,NY,201504,878.23,0.0008,,"Rochester, NY"
1223,Monroe County,NY,201505,885.82,0.0087,,"Rochester, NY"
1223,Monroe County,NY,201506,898.1,0.0139,,"Rochester, NY"
1223,Monroe County,NY,201507,900.9,0.0031,,"Rochester, NY"
1223,Monroe County,NY,201508,895.56,-0.0059,,"Rochester, NY"
1223,Monroe County,NY,201509,888.06,-0.0084,,"Rochester, NY"
1223,Monroe County,NY,201510,895.02,0.0078,,"Rochester, NY"
1223,Monroe County,NY,201511,899.97,0.0055,,"Rochester, NY"
1223,Monroe County,NY,201512,896.32,-0.0041,,"Rochester, NY"
1223,Monroe County,NY,201601,893.74,-0.0029,0.0205,"Rochester, NY"
1223,Monroe County,NY,201602,900.58,0.0076,0.0326,"Rochester, NY"
1223,Monroe County,NY,201603,915.73,0.0168,0.0435,"Rochester, NY"
1223,Monroe County,NY,201604,915.7,-0.0,0.0427,"Rochester, NY"
1223,Monroe County,NY,201605,922.11,0.007,0.041,"Rochester, NY"
1223,Monroe County,NY,201606,925.65,0.0038,0.0307,"Rochester, NY"
1223,Monroe County,NY,201607,927.01,0.0015,0.029,"Rochester, NY"
1223,Monroe County,NY,201608,925.06,-0.0021,0.0329,"Rochester, NY"
1223,Monroe County,NY,201609,923.83,-0.0013,0.0403,"Rochester, NY"
1223,Monroe County,NY,201610,925.22,0.0015,0.0338,"Rochester, NY"
1223,Monroe County,NY,201611,924.73,-0.0005,0.0275,"Rochester, NY"
1223,Monroe County,NY,201612,919.06,-0.0061,0.0254,"Rochester, NY"
1223,Monroe County,NY,201701,921.39,0.0025,0.0309,"Rochester, NY"
1223,Monroe County,NY,201702,930.5,0.0099,0.0332,"Rochester, NY"
1223,Monroe County,NY,201703,938.17,0.0082,0.0245,"Rochester, NY"
1223,Monroe County,NY,201704,945.13,0.0074,0.0321,"Rochester, NY"
1223,Monroe County,NY,201705,943.6,-0.0016,0.0233,"Rochester, NY"
1223,Monroe County,NY,201706,949.59,0.0064,0.0259,"Rochester, NY"
1223,Monroe County,NY,201707,953.57,0.0042,0.0286,"Rochester, NY"
1223,Monroe County,NY,201708,958.48,0.0051,0.0361,"Rochester, NY"
1223,Monroe County,NY,201709,958.15,-0.0003,0.0371,"Rochester, NY"
1223,Monroe County,NY,201710,955.75,-0.0025,0.033,"Rochester, NY"
1223,Monroe County,NY,201711,954.22,-0.0016,0.0319,"Rochester, NY"
1223,Monroe County,NY,201712,951.97,-0.0023,0.0358,"Rochester, NY"
1223,Monroe County,NY,201801,961.36,0.0099,0.0434,"Rochester, NY"
1223,Monroe County,NY,201802,966.4,0.0052,0.0386,"Rochester, NY"
1223,Monroe County,NY,201803,973.75,0.0076,0.0379,"Rochester, NY"
1223,Monroe County,NY,201804,976.09,0.0024,0.0328,"Rochester, NY"
1223,Monroe County,NY,201805,982.48,0.0065,0.0412,"Rochester, NY"
1223,Monroe County,NY,201806,988.22,0.0058,0.0407,"Rochester, NY"
1223,Monroe County,NY,201807,989.07,0.0009,0.0372,"Rochester, NY"
1223,Monroe County,NY,201808,991.52,0.0025,0.0345,"Rochester, NY"
1223,Monroe County,NY,201809,990.62,-0.0009,0.0339,"Rochester, NY"
1223,Monroe County,NY,201810,989.04,-0.0016,0.0348,"Rochester, NY"
1223,Monroe County,NY,201811,978.03,-0.0111,0.025,"Rochester, NY"
1223,Monroe County,NY,201812,978.53,0.0005,0.0279,"Rochester, NY"
1223,Monroe County,NY,201901,979.91,0.0014,0.0193,"Rochester, NY"
1223,Monroe County,NY,201902,992.43,0.0128,0.0269,"Rochester, NY"
1223,Monroe County,NY,201903,1000.5,0.0081,0.0275,"Rochester, NY"
1223,Monroe County,NY,201904,1013.99,0.0135,0.0388,"Rochester, NY"
1223,Monroe County,NY,201905,1022.31,0.0082,0.0405,"Rochester, NY"
1223,Monroe County,NY,201906,1030.4,0.0079,0.0427,"Rochester, NY"
1223,Monroe County,NY,201907,1030.36,-0.0,0.0417,"Rochester, NY"
1223,Monroe County,NY,201908,1029.89,-0.0005,0.0387,"Rochester, NY"
1223,Monroe County,NY,201909,1025.57,-0.0042,0.0353,"Rochester, NY"
1223,Monroe County,NY,201910,1019.85,-0.0056,0.0311,"Rochester, NY"
1223,Monroe County,NY,201911,1019.27,-0.0006,0.0422,"Rochester, NY"
1223,Monroe County,NY,201912,1018.37,-0.0009,0.0407,"Rochester, NY"
1223,Monroe County,NY,202001,1024.08,0.0056,0.0451,"Rochester, NY"
1223,Monroe County,NY,202002,1030.65,0.0064,0.0385,"Rochester, NY"
1223,Monroe County,NY,202003,1042.32,0.0113,0.0418,"Rochester, NY"
1223,Monroe County,NY,202004,1047.18,0.0047,0.0327,"Rochester, NY"
1223,Monroe County,NY,202005,1051.95,0.0046,0.029,"Rochester, NY"
1223,Monroe County,NY,202006,1057.76,0.0055,0.0266,"Rochester, NY"
1223,Monroe County,NY,202007,1066.54,0.0083,0.0351,"Rochester, NY"
1223,Monroe County,NY,202008,1073.71,0.0067,0.0425,"Rochester, NY"
1223,Monroe County,NY,202009,1081.16,0.0069,0.0542,"Rochester, NY"
1223,Monroe County,NY,202010,1085.65,0.0042,0.0645,"Rochester, NY"
1223,Monroe County,NY,202011,1088.6,0.0027,0.068,"Rochester, NY"
1223,Monroe County,NY,202012,1096.65,0.0074,0.0769,"Rochester, NY"
1223,Monroe County,NY,202101,1098.98,0.0021,0.0731,"Rochester, NY"
1223,Monroe County,NY,202102,1106.66,0.007,0.0738,"Rochester, NY"
1223,Monroe County,NY,202103,1111.68,0.0045,0.0665,"Rochester, NY"
1223,Monroe County,NY,202104,1130.12,0.0166,0.0792,"Rochester, NY"
1223,Monroe County,NY,202105,1146.48,0.0145,0.0899,"Rochester, NY"
1223,Monroe County,NY,202106,1159.63,0.0115,0.0963,"Rochester, NY"
1223,Monroe County,NY,202107,1171.08,0.0099,0.098,"Rochester, NY"
1223,Monroe County,NY,202108,1184.07,0.0111,0.1028,"Rochester, NY"
1223,Monroe County,NY,202109,1186.38,0.002,0.0973,"Rochester, NY"
1223,Monroe County,NY,202110,1192.43,0.0051,0.0984,"Rochester, NY"
1223,Monroe County,NY,202111,1191.31,-0.0009,0.0944,"Rochester, NY"
1223,Monroe County,NY,202112,1195.49,0.0035,0.0901,"Rochester, NY"
1223,Monroe County,NY,202201,1196.34,0.0007,0.0886,"Rochester, NY"
1223,Monroe County,NY,202202,1211.86,0.013,0.0951,"Rochester, NY"
1223,Monroe County,NY,202203,1234.93,0.019,0.1109,"Rochester, NY"
1223,Monroe County,NY,202204,1258.36,0.019,0.1135,"Rochester, NY"
1223,Monroe County,NY,202205,1279.91,0.0171,0.1164,"Rochester, NY"
1223,Monroe County,NY,202206,1297.56,0.0138,0.1189,"Rochester, NY"
1223,Monroe County,NY,202207,1306.86,0.0072,0.1159,"Rochester, NY"
1223,Monroe County,NY,202208,1301.99,-0.0037,0.0996,"Rochester, NY"
1223,Monroe County,NY,202209,1296.05,-0.0046,0.0924,"Rochester, NY"
1223,Monroe County,NY,202210,1287.27,-0.0068,0.0795,"Rochester, NY"
1223,Monroe County,NY,202211,1282.38,-0.0038,0.0764,"Rochester, NY"
1223,Monroe County,NY,202212,1280.16,-0.0017,0.0708,"Rochester, NY"
1223,Monroe County,NY,202301,1290.85,0.0083,0.079,"Rochester, NY"
1223,Monroe County,NY,202302,1300.13,0.0072,0.0728,"Rochester, NY"
1223,Monroe County,NY,202303,1313.05,0.0099,0.0633,"Rochester, NY"
1223,Monroe County,NY,202304,1330.47,0.0133,0.0573,"Rochester, NY"
1223,Monroe County,NY,202305,1347.63,0.0129,0.0529,"Rochester, NY"
1223,Monroe County,NY,202306,1359.23,0.0086,0.0475,"Rochester, NY"
1223,Monroe County,NY,202307,1361.04,0.0013,0.0415,"Rochester, NY"
1223,Monroe County,NY,202308,1363.72,0.002,0.0474,"Rochester, NY"
1223,Monroe County,NY,202309,1366.06,0.0017,0.054,"Rochester, NY"
1223,Monroe County,NY,202310,1369.28,0.0024,0.0637,"Rochester, NY"
1223,Monroe County,NY,202311,1371.18,0.0014,0.0692,"Rochester, NY"
1223,Monroe County,NY,202312,1375.53,0.0032,0.0745,"Rochester, NY"
1223,Monroe County,NY,202401,1374.03,-0.0011,0.0644,"Rochester, NY"
1223,Monroe County,NY,202402,1387.14,0.0095,0.0669,"Rochester, NY"
1223,Monroe County,NY,202403,1393.14,0.0043,0.061,"Rochester, NY"
1223,Monroe County,NY,202404,1408.54,0.011,0.0587,"Rochester, NY"
1223,Monroe County,NY,202405,1411.29,0.002,0.0472,"Rochester, NY"
1223,Monroe County,NY,202406,1420.62,0.0066,0.0452,"Rochester, NY"
1223,Monroe County,NY,202407,1422.34,0.0012,0.045,"Rochester, NY"
1223,Monroe County,NY,202408,1422.54,0.0001,0.0431,"Rochester, NY"
1223,Monroe County,NY,202409,1419.97,-0.0018,0.0395,"Rochester, NY"
1223,Monroe County,NY,202410,1421.79,0.0013,0.0384,"Rochester, NY"
1223,Monroe County,NY,202411,1428.55,0.0048,0.0418,"Rochester, NY"
1223,Monroe County,NY,202412,1435.58,0.0049,0.0437,"Rochester, NY"
1223,Monroe County,NY,202501,1449.18,0.0095,0.0547,"Rochester, NY"
1223,Monroe County,NY,202502,1459.22,0.0069,0.052,"Rochester, NY"
1223,Monroe County,NY,202503,1472.64,0.0092,0.0571,"Rochester, NY"
1223,Monroe County,NY,202504,1473.55,0.0006,0.0462,"Rochester, NY"
1223,Monroe County,NY,202505,1479.57,0.0041,0.0484,"Rochester, NY"
1223,Monroe County,NY,202506,1485.64,0.0041,0.0458,"Rochester, NY"
1223,Monroe County,NY,202507,1494.05,0.0057,0.0504,"Rochester, NY"
1223,Monroe County,NY,202508,1496.69,0.0018,0.0521,"Rochester, NY"
1223,Monroe County,NY,202509,1498.67,0.0013,0.0554,"Rochester, NY"
1223,Monroe County,NY,202510,1498.83,0.0001,0.0542,"Rochester, NY"
1223,Monroe County,NY,202511,1500.29,0.001,0.0502,"Rochester, NY"
1223,Monroe County,NY,202512,1505.89,0.0037,0.049,"Rochester, NY"
1223,Monroe County,NY,202601,1510.68,0.0032,0.0424,"Rochester, NY"
1223,Monroe County,NY,202602,1515.8,0.0034,0.0388,"Rochester, NY"
1223,Monroe County,NY,202603,1517.93,0.0014,0.0308,"Rochester, NY"
1223,Monroe County,NY,202604,1520.98,0.002,0.0322,"Rochester, NY"
1223,Monroe County,NY,202605,1526.51,0.0036,0.0317,"Rochester, NY"
1223,Monroe County,NY,202606,1525.92,-0.0004,0.0271,"Rochester, NY"
1223,Monroe County,NY,202607,1529.53,0.0024,0.0237,"Rochester, NY"
1223,Monroe County,NY,202608,1531.07,0.001,0.023,"Rochester, NY"
1252,Nassau County,NY,201501,2134.15,,,"New York-Newark-Jersey City, NY-NJ-PA"
1252,Nassau County,NY,201502,2174.5,0.0189,,"New York-Newark-Jersey City, NY-NJ-PA"
1252,Nassau County,NY,201503,2180.68,0.0028,,"New York-Newark-Jersey City, NY-NJ-PA"
1252,Nassau County,NY,201504,2209.65,0.0133,,"New York-Newark-Jersey City, NY-NJ-PA"
1252,Nassau County,NY,201505,2206.43,-0.0015,,"New York-Newark-Jersey City, NY-NJ-PA"
1252,Nassau County,NY,201506,2223.66,0.0078,,"New York-Newark-Jersey City, NY-NJ-PA"
1252,Nassau County,NY,201507,2237.85,0.0064,,"New York-Newark-Jersey City, NY-NJ-PA"
1252,Nassau County,NY,201508,2246.52,0.0039,,"New York-Newark-Jersey City, NY-NJ-PA"
1252,Nassau County,NY,201509,2232.25,-0.0064,,"New York-Newark-Jersey City, NY-NJ-PA"
1252,Nassau County,NY,201510,2230.99,-0.0006,,"New York-Newark-Jersey City, NY-NJ-PA"
1252,Nassau County,NY,201511,2234.53,0.0016,,"New York-Newark-Jersey City, NY-NJ-PA"
1252,Nassau County,NY,201512,2255.98,0.0096,,"New York-Newark-Jersey City, NY-NJ-PA"
1252,Nassau County,NY,201601,2261.74,0.0026,0.0598,"New York-Newark-Jersey City, NY-NJ-PA"
1252,Nassau County,NY,201602,2257.44,-0.0019,0.0381,"New York-Newark-Jersey City, NY-NJ-PA"
1252,Nassau County,NY,201603,2258.88,0.0006,0.0359,"New York-Newark-Jersey City, NY-NJ-PA"
1252,Nassau County,NY,201604,2276.24,0.0077,0.0301,"New York-Newark-Jersey City, NY-NJ-PA"
1252,Nassau County,NY,201605,2300.1,0.0105,0.0425,"New York-Newark-Jersey City, NY-NJ-PA"
1252,Nassau County,NY,201606,2326.1,0.0113,0.0461,"New York-Newark-Jersey City, NY-NJ-PA"
1252,Nassau County,NY,201607,2322.28,-0.0016,0.0377,"New York-Newark-Jersey City, NY-NJ-PA"
1252,Nassau County,NY,201608,2334.96,0.0055,0.0394,"New York-Newark-Jersey City, NY-NJ-PA"
1252,Nassau County,NY,201609,2345.61,0.0046,0.0508,"New York-Newark-Jersey City, NY-NJ-PA"
1252,Nassau County,NY,201610,2337.92,-0.0033,0.0479,"New York-Newark-Jersey City, NY-NJ-PA"
1252,Nassau County,NY,201611,2336.22,-0.0007,0.0455,"New York-Newark-Jersey City, NY-NJ-PA"
1252,Nassau County,NY,201612,2300.65,-0.0152,0.0198,"New York-Newark-Jersey City, NY-NJ-PA"
1252,Nassau County,NY,201701,2323.19,0.0098,0.0272,"New York-Newark-Jersey City, NY-NJ-PA"
1252,Nassau County,NY,201702,2338.89,0.0068,0.0361,"New York-Newark-Jersey City, NY-NJ-PA"
1252,Nassau County,NY,201703,2368.98,0.0129,0.0487,"New York-Newark-Jersey City, NY-NJ-PA"
1252,Nassau County,NY,201704,2380.15,0.0047,0.0457,"New York-Newark-Jersey City, NY-NJ-PA"
1252,Nassau County,NY,201705,2393.29,0.0055,0.0405,"New York-Newark-Jersey City, NY-NJ-PA"
1252,Nassau County,NY,201706,2398.09,0.002,0.0309,"New York-Newark-Jersey City, NY-NJ-PA"
1252,Nassau County,NY,201707,2413.95,0.0066,0.0395,"New York-Newark-Jersey City, NY-NJ-PA"
1252,Nassau County,NY,201708,2414.29,0.0001,0.034,"New York-Newark-Jersey City, NY-NJ-PA"
1252,Nassau County,NY,201709,2440.64,0.0109,0.0405,"New York-Newark-Jersey City, NY-NJ-PA"
1252,Nassau County,NY,201710,2427.4,-0.0054,0.0383,"New York-Newark-Jersey City, NY-NJ-PA"
1252,Nassau County,NY,201711,2431.02,0.0015,0.0406,"New York-Newark-Jersey City, NY-NJ-PA"
1252,Nassau County,NY,201712,2423.82,-0.003,0.0535,"New York-Newark-Jersey City, NY-NJ-PA"
1252,Nassau County,NY,201801,2431.13,0.003,0.0465,"New York-Newark-Jersey City, NY-NJ-PA"
1252,Nassau County,NY,201802,2442.22,0.0046,0.0442,"New York-Newark-Jersey City, NY-NJ-PA"
1252,Nassau County,NY,201803,2461.46,0.0079,0.039,"New York-Newark-Jersey City, NY-NJ-PA"
1252,Nassau County,NY,201804,2491.69,0.0123,0.0469,"New York-Newark-Jersey City, NY-NJ-PA"
1252,Nassau County,NY,201805,2497.49,0.0023,0.0435,"New York-Newark-Jersey City, NY-NJ-PA"
1252,Nassau County,NY,201806,2505.79,0.0033,0.0449,"New York-Newark-Jersey City, NY-NJ-PA"
1252,Nassau County,NY,201807,2504.09,-0.0007,0.0373,"New York-Newark-Jersey City, NY-NJ-PA"
1252,Nassau County,NY,201808,2529.34,0.0101,0.0477,"New York-Newark-Jersey City, NY-NJ-PA"
1252,Nassau County,NY,201809,2519.58,-0.0039,0.0323,"New York-Newark-Jersey City, NY-NJ-PA"
1252,Nassau County,NY,201810,2512.4,-0.0028,0.035,"New York-Newark-Jersey City, NY-NJ-PA"
1252,Nassau County,NY,201811,2504.37,-0.0032,0.0302,"New York-Newark-Jersey City, NY-NJ-PA"
1252,Nassau County,NY,201812,2520.49,0.0064,0.0399,"New York-Newark-Jersey City, NY-NJ-PA"
1252,Nassau County,NY,201901,2529.59,0.0036,0.0405,"New York-Newark-Jersey City, NY-NJ-PA"
1252,Nassau County,NY,201902,2545.27,0.0062,0.0422,"New York-Newark-Jersey City, NY-NJ-PA"
1252,Nassau County,NY,201903,2552.25,0.0027,0.0369,"New York-Newark-Jersey City, NY-NJ-PA"
1252,Nassau County,NY,201904,2576.46,0.0095,0.034,"New York-Newark-Jersey City, NY-NJ-PA"
1252,Nassau County,NY,201905,2576.1,-0.0001,0.0315,"New York-Newark-Jersey City, NY-NJ-PA"
1252,Nassau County,NY,201906,2600.78,0.0096,0.0379,"New York-Newark-Jersey City, NY-NJ-PA"
1252,Nassau County,NY,201907,2603.21,0.0009,0.0396,"New York-Newark-Jersey City, NY-NJ-PA"
1252,Nassau County,NY,201908,2612.42,0.0035,0.0328,"New York-Newark-Jersey City, NY-NJ-PA"
1252,Nassau County,NY,201909,2594.33,-0.0069,0.0297,"New York-Newark-Jersey City, NY-NJ-PA"
1252,Nassau County,NY,201910,2573.8,-0.0079,0.0244,"New York-Newark-Jersey City, NY-NJ-PA"
1252,Nassau County,NY,201911,2563.43,-0.004,0.0236,"New York-Newark-Jersey City, NY-NJ-PA"
1252,Nassau County,NY,201912,2577.32,0.0054,0.0225,"New York-Newark-Jersey City, NY-NJ-PA"
1252,Nassau County,NY,202001,2593.16,0.0061,0.0251,"New York-Newark-Jersey City, NY-NJ-PA"
1252,Nassau County,NY,202002,2629.81,0.0141,0.0332,"New York-Newark-Jersey City, NY-NJ-PA"
1252,Nassau County,NY,202003,2630.58,0.0003,0.0307,"New York-Newark-Jersey City, NY-NJ-PA"
1252,Nassau County,NY,202004,2661.55,0.0118,0.033,"New York-Newark-Jersey City, NY-NJ-PA"
1252,Nassau County,NY,202005,2668.45,0.0026,0.0358,"New York-Newark-Jersey City, NY-NJ-PA"
1252,Nassau County,NY,202006,2689.24,0.0078,0.034,"New York-Newark-Jersey City, NY-NJ-PA"
1252,Nassau County,NY,202007,2691.24,0.0007,0.0338,"New York-Newark-Jersey City, NY-NJ-PA"
1252,Nassau County,NY,202008,2684.1,-0.0027,0.0274,"New York-Newark-Jersey City, NY-NJ-PA"
1252,Nassau County,NY,202009,2693.06,0.0033,0.0381,"New York-Newark-Jersey City, NY-NJ-PA"
1252,Nassau County,NY,202010,2694.97,0.0007,0.0471,"New York-Newark-Jersey City, NY-NJ-PA"
1252,Nassau County,NY,202011,2687.45,-0.0028,0.0484,"New York-Newark-Jersey City, NY-NJ-PA"
1252,Nassau County,NY,202012,2672.75,-0.0055,0.037,"New York-Newark-Jersey City, NY-NJ-PA"
1252,Nassau County,NY,202101,2685.24,0.0047,0.0355,"New York-Newark-Jersey City, NY-NJ-PA"
1252,Nassau County,NY,202102,2719.71,0.0128,0.0342,"New York-Newark-Jersey City, NY-NJ-PA"
1252,Nassau County,NY,202103,2746.7,0.0099,0.0441,"New York-Newark-Jersey City, NY-NJ-PA"
1252,Nassau County,NY,202104,2780.21,0.0122,0.0446,"New York-Newark-Jersey City, NY-NJ-PA"
1252,Nassau County,NY,202105,2805.7,0.0092,0.0514,"New York-Newark-Jersey City, NY-NJ-PA"
1252,Nassau County,NY,202106,2850.41,0.0159,0.0599,"New York-Newark-Jersey City, NY-NJ-PA"
1252,Nassau County,NY,202107,2867.34,0.0059,0.0654,"New York-Newark-Jersey City, NY-NJ-PA"
1252,Nassau County,NY,202108,2871.74,0.0015,0.0699,"New York-Newark-Jersey City, NY-NJ-PA"
1252,Nassau County,NY,202110,2855.73,-0.0056,0.0604,"New York-Newark-Jersey City, NY-NJ-PA"
1252,Nassau County,NY,202111,2869.66,0.0049,0.0648,"New York-Newark-Jersey City, NY-NJ-PA"
1252,Nassau County,NY,202112,2874.34,0.0016,0.0695,"New York-Newark-Jersey City, NY-NJ-PA"
1252,Nassau County,NY,202201,2917.66,0.0151,0.0916,"New York-Newark-Jersey City, NY-NJ-PA"
1252,Nassau County,NY,202202,2952.64,0.012,0.0996,"New York-Newark-Jersey City, NY-NJ-PA"
1252,Nassau County,NY,202203,3028.94,0.0258,0.1137,"New York-Newark-Jersey City, NY-NJ-PA"
1252,Nassau County,NY,202204,3051.54,0.0075,0.111,"New York-Newark-Jersey City, NY-NJ-PA"
1252,Nassau County,NY,202205,3074.95,0.0077,0.106,"New York-Newark-Jersey City, NY-NJ-PA"
1252,Nassau County,NY,202206,3094.57,0.0064,0.103,"New York-Newark-Jersey City, NY-NJ-PA"
1252,Nassau County,NY,202207,3104.43,0.0032,0.0891,"New York-Newark-Jersey City, NY-NJ-PA"
1252,Nassau County,NY,202208,3107.01,0.0008,0.0836,"New York-Newark-Jersey City, NY-NJ-PA"
1252,Nassau County,NY,202209,3061.79,-0.0146,0.0662,"New York-Newark-Jersey City, NY-NJ-PA"
1252,Nassau County,NY,202210,3050.94,-0.0035,0.0684,"New York-Newark-Jersey City, NY-NJ-PA"
1252,Nassau County,NY,202211,3052.35,0.0005,0.0637,"New York-Newark-Jersey City, NY-NJ-PA"
1252,Nassau County,NY,202212,3084.51,0.0105,0.0731,"New York-Newark-Jersey City, NY-NJ-PA"
1252,Nassau County,NY,202301,3085.02,0.0002,0.0574,"New York-Newark-Jersey City, NY-NJ-PA"
1252,Nassau County,NY,202302,3105.57,0.0067,0.0518,"New York-Newark-Jersey City, NY-NJ-PA"
1252,Nassau County,NY,202303,3145.16,0.0128,0.0384,"New York-Newark-Jersey City, NY-NJ-PA"
1252,Nassau County,NY,202304,3178.92,0.0107,0.0417,"New York-Newark-Jersey City, NY-NJ-PA"
1252,Nassau County,NY,202305,3207.96,0.0091,0.0433,"New York-Newark-Jersey City, NY-NJ-PA"
1252,Nassau County,NY,202306,3227.99,0.0062,0.0431,"New York-Newark-Jersey City, NY-NJ-PA"
1252,Nassau County,NY,202307,3236.13,0.0025,0.0424,"New York-Newark-Jersey City, NY-NJ-PA"
1252,Nassau County,NY,202308,3235.3,-0.0003,0.0413,"New York-Newark-Jersey City, NY-NJ-PA"
1252,Nassau County,NY,202309,3211.59,-0.0073,0.0489,"New York-Newark-Jersey City, NY-NJ-PA"
1252,Nassau County,NY,202310,3232.28,0.0064,0.0594,"New York-Newark-Jersey City, NY-NJ-PA"
1252,Nassau County,NY,202311,3214.89,-0.0054,0.0532,"New York-Newark-Jersey City, NY-NJ-PA"
1252,Nassau County,NY,202312,3242.13,0.0085,0.0511,"New York-Newark-Jersey City, NY-NJ-PA"
1252,Nassau County,NY,202401,3258.2,0.005,0.0561,"New York-Newark-Jersey City, NY-NJ-PA"
1252,Nassau County,NY,202402,3287.89,0.0091,0.0587,"New York-Newark-Jersey City, NY-NJ-PA"
1252,Nassau County,NY,202403,3303.29,0.0047,0.0503,"New York-Newark-Jersey City, NY-NJ-PA"
1252,Nassau County,NY,202404,3308.42,0.0016,0.0407,"New York-Newark-Jersey City, NY-NJ-PA"
1252,Nassau County,NY,202405,3356.98,0.0147,0.0465,"New York-Newark-Jersey City, NY-NJ-PA"
1252,Nassau County,NY,202406,3369.05,0.0036,0.0437,"New York-Newark-Jersey City, NY-NJ-PA"
1252,Nassau County,NY,202407,3385.03,0.0047,0.046,"New York-Newark-Jersey City, NY-NJ-PA"
1252,Nassau County,NY,202408,3369.84,-0.0045,0.0416,"New York-Newark-Jersey City, NY-NJ-PA"
1252,Nassau County,NY,202409,3363.63,-0.0018,0.0473,"New York-Newark-Jersey City, NY-NJ-PA"
1252,Nassau County,NY,202410,3353.23,-0.0031,0.0374,"New York-Newark-Jersey City, NY-NJ-PA"
1252,Nassau County,NY,202411,3345.96,-0.0022,0.0408,"New York-Newark-Jersey City, NY-NJ-PA"
1252,Nassau County,NY,202412,3373.5,0.0082,0.0405,"New York-Newark-Jersey City, NY-NJ-PA"
1252,Nassau County,NY,202501,3392.06,0.0055,0.0411,"New York-Newark-Jersey City, NY-NJ-PA"
1252,Nassau County,NY,202502,3403.28,0.0033,0.0351,"New York-Newark-Jersey City, NY-NJ-PA"
1252,Nassau County,NY,202503,3394.9,-0.0025,0.0277,"New York-Newark-Jersey City, NY-NJ-PA"
1252,Nassau County,NY,202504,3409.93,0.0044,0.0307,"New York-Newark-Jersey City, NY-NJ-PA"
1252,Nassau County,NY,202505,3451.95,0.0123,0.0283,"New York-Newark-Jersey City, NY-NJ-PA"
1252,Nassau County,NY,202506,3499.92,0.0139,0.0388,"New York-Newark-Jersey City, NY-NJ-PA"
1252,Nassau County,NY,202507,3520.85,0.006,0.0401,"New York-Newark-Jersey City, NY-NJ-PA"
1252,Nassau County,NY,202508,3531.29,0.003,0.0479,"New York-Newark-Jersey City, NY-NJ-PA"
1252,Nassau County,NY,202509,3529.52,-0.0005,0.0493,"New York-Newark-Jersey City, NY-NJ-PA"
1252,Nassau County,NY,202510,3526.66,-0.0008,0.0517,"New York-Newark-Jersey City, NY-NJ-PA"
1252,Nassau County,NY,202511,3510.6,-0.0046,0.0492,"New York-Newark-Jersey City, NY-NJ-PA"
1252,Nassau County,NY,202512,3523.56,0.0037,0.0445,"New York-Newark-Jersey City, NY-NJ-PA"
1252,Nassau County,NY,202601,3525.7,0.0006,0.0394,"New York-Newark-Jersey City, NY-NJ-PA"
1252,Nassau County,NY,202602,3574.33,0.0138,0.0503,"New York-Newark-Jersey City, NY-NJ-PA"
1252,Nassau County,NY,202603,3554.83,-0.0055,0.0471,"New York-Newark-Jersey City, NY-NJ-PA"
1252,Nassau County,NY,202604,3592.47,0.0106,0.0535,"New York-Newark-Jersey City, NY-NJ-PA"
1252,Nassau County,NY,202605,3614.61,0.0062,0.0471,"New York-Newark-Jersey City, NY-NJ-PA"
1252,Nassau County,NY,202606,3650.27,0.0099,0.043,"New York-Newark-Jersey City, NY-NJ-PA"
1252,Nassau County,NY,202607,3677.06,0.0073,0.0444,"New York-Newark-Jersey City, NY-NJ-PA"
1252,Nassau County,NY,202608,3642.31,-0.0095,0.0314,"New York-Newark-Jersey City, NY-NJ-PA"
1283,Oneida County,NY,202204,1102.52,,,"Utica-Rome, NY"
1283,Oneida County,NY,202205,1092.68,-0.0089,,"Utica-Rome, NY"
1283,Oneida County,NY,202206,1094.5,0.0017,,"Utica-Rome, NY"
1283,Oneida County,NY,202207,1110.81,0.0149,,"Utica-Rome, NY"
1283,Oneida County,NY,202208,1134.38,0.0212,,"Utica-Rome, NY"
1283,Oneida County,NY,202209,1157.2,0.0201,,"Utica-Rome, NY"
1283,Oneida County,NY,202210,1167.14,0.0086,,"Utica-Rome, NY"
1283,Oneida County,NY,202211,1151.43,-0.0135,,"Utica-Rome, NY"
1283,Oneida County,NY,202212,1149.06,-0.0021,,"Utica-Rome, NY"
1283,Oneida County,NY,202301,1170.4,0.0186,,"Utica-Rome, NY"
1283,Oneida County,NY,202302,1196.42,0.0222,,"Utica-Rome, NY"
1283,Oneida County,NY,202303,1215.46,0.0159,,"Utica-Rome, NY"
1283,Oneida County,NY,202304,1210.46,-0.0041,0.0979,"Utica-Rome, NY"
1283,Oneida County,NY,202305,1223.14,0.0105,0.1194,"Utica-Rome, NY"
1283,Oneida County,NY,202306,1211.75,-0.0093,0.1071,"Utica-Rome, NY"
1283,Oneida County,NY,202307,1203.9,-0.0065,0.0838,"Utica-Rome, NY"
1283,Oneida County,NY,202308,1200.62,-0.0027,0.0584,"Utica-Rome, NY"
1283,Oneida County,NY,202309,1222.66,0.0184,0.0566,"Utica-Rome, NY"
1283,Oneida County,NY,202310,1248.05,0.0208,0.0693,"Utica-Rome, NY"
1283,Oneida County,NY,202311,1255.28,0.0058,0.0902,"Utica-Rome, NY"
1283,Oneida County,NY,202312,1253.25,-0.0016,0.0907,"Utica-Rome, NY"
1283,Oneida County,NY,202401,1254.58,0.0011,0.0719,"Utica-Rome, NY"
1283,Oneida County,NY,202402,1280.01,0.0203,0.0699,"Utica-Rome, NY"
1283,Oneida County,NY,202403,1299.66,0.0154,0.0693,"Utica-Rome, NY"
1283,Oneida County,NY,202404,1315.71,0.0123,0.087,"Utica-Rome, NY"
1283,Oneida County,NY,202405,1302.86,-0.0098,0.0652,"Utica-Rome, NY"
1283,Oneida County,NY,202406,1301.36,-0.0012,0.074,"Utica-Rome, NY"
1283,Oneida County,NY,202407,1305.96,0.0035,0.0848,"Utica-Rome, NY"
1283,Oneida County,NY,202408,1319.62,0.0105,0.0991,"Utica-Rome, NY"
1283,Oneida County,NY,202409,1319.4,-0.0002,0.0791,"Utica-Rome, NY"
1283,Oneida County,NY,202410,1319.33,-0.0001,0.0571,"Utica-Rome, NY"
1283,Oneida County,NY,202411,1312.31,-0.0053,0.0454,"Utica-Rome, NY"
1283,Oneida County,NY,202412,1325.27,0.0099,0.0575,"Utica-Rome, NY"
1283,Oneida County,NY,202501,1319.55,-0.0043,0.0518,"Utica-Rome, NY"
1283,Oneida County,NY,202502,1321.86,0.0018,0.0327,"Utica-Rome, NY"
1283,Oneida County,NY,202503,1321.11,-0.0006,0.0165,"Utica-Rome, NY"
1283,Oneida County,NY,202504,1340.15,0.0144,0.0186,"Utica-Rome, NY"
1283,Oneida County,NY,202505,1349.36,0.0069,0.0357,"Utica-Rome, NY"
1283,Oneida County,NY,202506,1354.57,0.0039,0.0409,"Utica-Rome, NY"
1283,Oneida County,NY,202507,1354.97,0.0003,0.0375,"Utica-Rome, NY"
1283,Oneida County,NY,202508,1385.16,0.0223,0.0497,"Utica-Rome, NY"
1283,Oneida County,NY,202509,1389.28,0.003,0.053,"Utica-Rome, NY"
1283,Oneida County,NY,202510,1392.5,0.0023,0.0555,"Utica-Rome, NY"
1283,Oneida County,NY,202511,1370.66,-0.0157,0.0445,"Utica-Rome, NY"
1283,Oneida County,NY,202512,1389.05,0.0134,0.0481,"Utica-Rome, NY"
1283,Oneida County,NY,202601,1379.19,-0.0071,0.0452,"Utica-Rome, NY"
1283,Oneida County,NY,202602,1382.51,0.0024,0.0459,"Utica-Rome, NY"
1283,Oneida County,NY,202603,1404.83,0.0162,0.0634,"Utica-Rome, NY"
1283,Oneida County,NY,202604,1431.69,0.0191,0.0683,"Utica-Rome, NY"
1283,Oneida County,NY,202605,1464.89,0.0232,0.0856,"Utica-Rome, NY"
1283,Oneida County,NY,202606,1448.43,-0.0112,0.0693,"Utica-Rome, NY"
1283,Oneida County,NY,202607,1452.89,0.0031,0.0723,"Utica-Rome, NY"
1283,Oneida County,NY,202608,1445.13,-0.0053,0.0433,"Utica-Rome, NY"
1290,Orange County,NY,201501,1220.62,,,"Poughkeepsie-Newburgh-Middletown, NY"
1290,Orange County,NY,201502,1216.44,-0.0034,,"Poughkeepsie-Newburgh-Middletown, NY"
1290,Orange County,NY,201503,1226.29,0.0081,,"Poughkeepsie-Newburgh-Middletown, NY"
1290,Orange County,NY,201504,1237.21,0.0089,,"Poughkeepsie-Newburgh-Middletown, NY"
1290,Orange County,NY,201505,1257.45,0.0164,,"Poughkeepsie-Newburgh-Middletown, NY"
1290,Orange County,NY,201506,1265.97,0.0068,,"Poughkeepsie-Newburgh-Middletown, NY"
1290,Orange County,NY,201507,1268.67,0.0021,,"Poughkeepsie-Newburgh-Middletown, NY"
1290,Orange County,NY,201508,1271.75,0.0024,,"Poughkeepsie-Newburgh-Middletown, NY"
1290,Orange County,NY,201509,1273.09,0.001,,"Poughkeepsie-Newburgh-Middletown, NY"
1290,Orange County,NY,201510,1275.42,0.0018,,"Poughkeepsie-Newburgh-Middletown, NY"
1290,Orange County,NY,201511,1278.23,0.0022,,"Poughkeepsie-Newburgh-Middletown, NY"
1290,Orange County,NY,201512,1302.96,0.0194,,"Poughkeepsie-Newburgh-Middletown, NY"
1290,Orange County,NY,201601,1307.16,0.0032,0.0709,"Poughkeepsie-Newburgh-Middletown, NY"
1290,Orange County,NY,201602,1308.5,0.001,0.0757,"Poughkeepsie-Newburgh-Middletown, NY"
1290,Orange County,NY,201603,1293.96,-0.0111,0.0552,"Poughkeepsie-Newburgh-Middletown, NY"
1290,Orange County,NY,201604,1300.32,0.0049,0.051,"Poughkeepsie-Newburgh-Middletown, NY"
1290,Orange County,NY,201605,1317.69,0.0134,0.0479,"Poughkeepsie-Newburgh-Middletown, NY"
1290,Orange County,NY,201606,1306.97,-0.0081,0.0324,"Poughkeepsie-Newburgh-Middletown, NY"
1290,Orange County,NY,201607,1305.86,-0.0009,0.0293,"Poughkeepsie-Newburgh-Middletown, NY"
1290,Orange County,NY,201608,1302.97,-0.0022,0.0245,"Poughkeepsie-Newburgh-Middletown, NY"
1290,Orange County,NY,201609,1306.57,0.0028,0.0263,"Poughkeepsie-Newburgh-Middletown, NY"
1290,Orange County,NY,201610,1308.35,0.0014,0.0258,"Poughkeepsie-Newburgh-Middletown, NY"
1290,Orange County,NY,201611,1303.13,-0.004,0.0195,"Poughkeepsie-Newburgh-Middletown, NY"
1290,Orange County,NY,201612,1323.25,0.0154,0.0156,"Poughkeepsie-Newburgh-Middletown, NY"
1290,Orange County,NY,201701,1330.16,0.0052,0.0176,"Poughkeepsie-Newburgh-Middletown, NY"
1290,Orange County,NY,201702,1347.01,0.0127,0.0294,"Poughkeepsie-Newburgh-Middletown, NY"
1290,Orange County,NY,201703,1343.55,-0.0026,0.0383,"Poughkeepsie-Newburgh-Middletown, NY"
1290,Orange County,NY,201704,1363.2,0.0146,0.0484,"Poughkeepsie-Newburgh-Middletown, NY"
1290,Orange County,NY,201705,1365.68,0.0018,0.0364,"Poughkeepsie-Newburgh-Middletown, NY"
1290,Orange County,NY,201706,1369.23,0.0026,0.0476,"Poughkeepsie-Newburgh-Middletown, NY"
1290,Orange County,NY,201707,1366.04,-0.0023,0.0461,"Poughkeepsie-Newburgh-Middletown, NY"
1290,Orange County,NY,201708,1360.91,-0.0038,0.0445,"Poughkeepsie-Newburgh-Middletown, NY"
1290,Orange County,NY,201709,1380.85,0.0147,0.0568,"Poughkeepsie-Newburgh-Middletown, NY"
1290,Orange County,NY,201710,1379.87,-0.0007,0.0547,"Poughkeepsie-Newburgh-Middletown, NY"
1290,Orange County,NY,201711,1391.45,0.0084,0.0678,"Poughkeepsie-Newburgh-Middletown, NY"
1290,Orange County,NY,201712,1381.58,-0.0071,0.0441,"Poughkeepsie-Newburgh-Middletown, NY"
1290,Orange County,NY,201801,1397.22,0.0113,0.0504,"Poughkeepsie-Newburgh-Middletown, NY"
1290,Orange County,NY,201802,1397.5,0.0002,0.0375,"Poughkeepsie-Newburgh-Middletown, NY"
1290,Orange County,NY,201803,1416.89,0.0139,0.0546,"Poughkeepsie-Newburgh-Middletown, NY"
1290,Orange County,NY,201804,1415.36,-0.0011,0.0383,"Poughkeepsie-Newburgh-Middletown, NY"
1290,Orange County,NY,201805,1421.37,0.0042,0.0408,"Poughkeepsie-Newburgh-Middletown, NY"
1290,Orange County,NY,201806,1420.06,-0.0009,0.0371,"Poughkeepsie-Newburgh-Middletown, NY"
1290,Orange County,NY,201807,1423.63,0.0025,0.0422,"Poughkeepsie-Newburgh-Middletown, NY"
1290,Orange County,NY,201808,1436.47,0.009,0.0555,"Poughkeepsie-Newburgh-Middletown, NY"
1290,Orange County,NY,201809,1438.33,0.0013,0.0416,"Poughkeepsie-Newburgh-Middletown, NY"
1290,Orange County,NY,201810,1443.08,0.0033,0.0458,"Poughkeepsie-Newburgh-Middletown, NY"
1290,Orange County,NY,201811,1449.45,0.0044,0.0417,"Poughkeepsie-Newburgh-Middletown, NY"
1290,Orange County,NY,201812,1462.33,0.0089,0.0584,"Poughkeepsie-Newburgh-Middletown, NY"
1290,Orange County,NY,201901,1456.85,-0.0037,0.0427,"Poughkeepsie-Newburgh-Middletown, NY"
1290,Orange County,NY,201902,1453.15,-0.0025,0.0398,"Poughkeepsie-Newburgh-Middletown, NY"
1290,Orange County,NY,201903,1459.53,0.0044,0.0301,"Poughkeepsie-Newburgh-Middletown, NY"
1290,Orange County,NY,201904,1486.88,0.0187,0.0505,"Poughkeepsie-Newburgh-Middletown, NY"
1290,Orange County,NY,201905,1498.38,0.0077,0.0542,"Poughkeepsie-Newburgh-Middletown, NY"
1290,Orange County,NY,201906,1501.73,0.0022,0.0575,"Poughkeepsie-Newburgh-Middletown, NY"
1290,Orange County,NY,201907,1502.81,0.0007,0.0556,"Poughkeepsie-Newburgh-Middletown, NY"
1290,Orange County,NY,201908,1509.91,0.0047,0.0511,"Poughkeepsie-Newburgh-Middletown, NY"
1290,Orange County,NY,201909,1511.55,0.0011,0.0509,"Poughkeepsie-Newburgh-Middletown, NY"
1290,Orange County,NY,201910,1507.23,-0.0029,0.0445,"Poughkeepsie-Newburgh-Middletown, NY"
1290,Orange County,NY,201911,1506.99,-0.0002,0.0397,"Poughkeepsie-Newburgh-Middletown, NY"
1290,Orange County,NY,201912,1507.48,0.0003,0.0309,"Poughkeepsie-Newburgh-Middletown, NY"
1290,Orange County,NY,202001,1511.83,0.0029,0.0377,"Poughkeepsie-Newburgh-Middletown, NY"
1290,Orange County,NY,202002,1515.61,0.0025,0.043,"Poughkeepsie-Newburgh-Middletown, NY"
1290,Orange County,NY,202003,1533.56,0.0118,0.0507,"Poughkeepsie-Newburgh-Middletown, NY"
1290,Orange County,NY,202004,1552.45,0.0123,0.0441,"Poughkeepsie-Newburgh-Middletown, NY"
1290,Orange County,NY,202005,1564.68,0.0079,0.0442,"Poughkeepsie-Newburgh-Middletown, NY"
1290,Orange County,NY,202006,1576.24,0.0074,0.0496,"Poughkeepsie-Newburgh-Middletown, NY"
1290,Orange County,NY,202007,1559.23,-0.0108,0.0375,"Poughkeepsie-Newburgh-Middletown, NY"
1290,Orange County,NY,202008,1572.68,0.0086,0.0416,"Poughkeepsie-Newburgh-Middletown, NY"
1290,Orange County,NY,202009,1583.42,0.0068,0.0475,"Poughkeepsie-Newburgh-Middletown, NY"
1290,Orange County,NY,202010,1625.54,0.0266,0.0785,"Poughkeepsie-Newburgh-Middletown, NY"
1290,Orange County,NY,202011,1641.84,0.01,0.0895,"Poughkeepsie-Newburgh-Middletown, NY"
1290,Orange County,NY,202012,1656.19,0.0087,0.0987,"Poughkeepsie-Newburgh-Middletown, NY"
1290,Orange County,NY,202101,1682.58,0.0159,0.1129,"Poughkeepsie-Newburgh-Middletown, NY"
1290,Orange County,NY,202102,1706.77,0.0144,0.1261,"Poughkeepsie-Newburgh-Middletown, NY"
1290,Orange County,NY,202103,1715.53,0.0051,0.1187,"Poughkeepsie-Newburgh-Middletown, NY"
1290,Orange County,NY,202104,1724.91,0.0055,0.1111,"Poughkeepsie-Newburgh-Middletown, NY"
1290,Orange County,NY,202105,1746.59,0.0126,0.1163,"Poughkeepsie-Newburgh-Middletown, NY"
1290,Orange County,NY,202106,1760.23,0.0078,0.1167,"Poughkeepsie-Newburgh-Middletown, NY"
1290,Orange County,NY,202107,1783.91,0.0135,0.1441,"Poughkeepsie-Newburgh-Middletown, NY"
1290,Orange County,NY,202108,1800.5,0.0093,0.1449,"Poughkeepsie-Newburgh-Middletown, NY"
1290,Orange County,NY,202109,1850.25,0.0276,0.1685,"Poughkeepsie-Newburgh-Middletown, NY"
1290,Orange County,NY,202110,1864.33,0.0076,0.1469,"Poughkeepsie-Newburgh-Middletown, NY"
1290,Orange County,NY,202111,1864.51,0.0001,0.1356,"Poughkeepsie-Newburgh-Middletown, NY"
1290,Orange County,NY,202112,1858.14,-0.0034,0.1219,"Poughkeepsie-Newburgh-Middletown, NY"
1290,Orange County,NY,202201,1874.61,0.0089,0.1141,"Poughkeepsie-Newburgh-Middletown, NY"
1290,Orange County,NY,202202,1927.39,0.0282,0.1293,"Poughkeepsie-Newburgh-Middletown, NY"
1290,Orange County,NY,202203,1941.83,0.0075,0.1319,"Poughkeepsie-Newburgh-Middletown, NY"
1290,Orange County,NY,202204,1961.17,0.01,0.137,"Poughkeepsie-Newburgh-Middletown, NY"
1290,Orange County,NY,202205,1967.53,0.0032,0.1265,"Poughkeepsie-Newburgh-Middletown, NY"
1290,Orange County,NY,202206,1999.24,0.0161,0.1358,"Poughkeepsie-Newburgh-Middletown, NY"
1290,Orange County,NY,202207,2006.16,0.0035,0.1246,"Poughkeepsie-Newburgh-Middletown, NY"
1290,Orange County,NY,202208,2004.54,-0.0008,0.1133,"Poughkeepsie-Newburgh-Middletown, NY"
1290,Orange County,NY,202209,2001.35,-0.0016,0.0817,"Poughkeepsie-Newburgh-Middletown, NY"
1290,Orange County,NY,202210,2003.75,0.0012,0.0748,"Poughkeepsie-Newburgh-Middletown, NY"
1290,Orange County,NY,202211,2003.76,0.0,0.0747,"Poughkeepsie-Newburgh-Middletown, NY"
1290,Orange County,NY,202212,2033.11,0.0146,0.0942,"Poughkeepsie-Newburgh-Middletown, NY"
1290,Orange County,NY,202301,2036.96,0.0019,0.0866,"Poughkeepsie-Newburgh-Middletown, NY"
1290,Orange County,NY,202302,2046.92,0.0049,0.062,"Poughkeepsie-Newburgh-Middletown, NY"
1290,Orange County,NY,202303,2025.08,-0.0107,0.0429,"Poughkeepsie-Newburgh-Middletown, NY"
1290,Orange County,NY,202304,2059.84,0.0172,0.0503,"Poughkeepsie-Newburgh-Middletown, NY"
1290,Orange County,NY,202305,2067.34,0.0036,0.0507,"Poughkeepsie-Newburgh-Middletown, NY"
1290,Orange County,NY,202306,2083.64,0.0079,0.0422,"Poughkeepsie-Newburgh-Middletown, NY"
1290,Orange County,NY,202307,2066.59,-0.0082,0.0301,"Poughkeepsie-Newburgh-Middletown, NY"
1290,Orange County,NY,202308,2070.07,0.0017,0.0327,"Poughkeepsie-Newburgh-Middletown, NY"
1290,Orange County,NY,202309,2063.01,-0.0034,0.0308,"Poughkeepsie-Newburgh-Middletown, NY"
1290,Orange County,NY,202310,2074.98,0.0058,0.0356,"Poughkeepsie-Newburgh-Middletown, NY"
1290,Orange County,NY,202311,2099.03,0.0116,0.0475,"Poughkeepsie-Newburgh-Middletown, NY"
1290,Orange County,NY,202312,2122.89,0.0114,0.0442,"Poughkeepsie-Newburgh-Middletown, NY"
1290,Orange County,NY,202401,2136.54,0.0064,0.0489,"Poughkeepsie-Newburgh-Middletown, NY"
1290,Orange County,NY,202402,2138.78,0.001,0.0449,"Poughkeepsie-Newburgh-Middletown, NY"
1290,Orange County,NY,202403,2144.05,0.0025,0.0587,"Poughkeepsie-Newburgh-Middletown, NY"
1290,Orange County,NY,202404,2137.72,-0.003,0.0378,"Poughkeepsie-Newburgh-Middletown, NY"
1290,Orange County,NY,202405,2146.27,0.004,0.0382,"Poughkeepsie-Newburgh-Middletown, NY"
1290,Orange County,NY,202406,2168.92,0.0106,0.0409,"Poughkeepsie-Newburgh-Middletown, NY"
1290,Orange County,NY,202407,2184.5,0.0072,0.0571,"Poughkeepsie-Newburgh-Middletown, NY"
1290,Orange County,NY,202408,2189.34,0.0022,0.0576,"Poughkeepsie-Newburgh-Middletown, NY"
1290,Orange County,NY,202409,2199.16,0.0045,0.066,"Poughkeepsie-Newburgh-Middletown, NY"
1290,Orange County,NY,202410,2212.68,0.0061,0.0664,"Poughkeepsie-Newburgh-Middletown, NY"
1290,Orange County,NY,202411,2234.31,0.0098,0.0644,"Poughkeepsie-Newburgh-Middletown, NY"
1290,Orange County,NY,202412,2210.09,-0.0108,0.0411,"Poughkeepsie-Newburgh-Middletown, NY"
1290,Orange County,NY,202501,2218.56,0.0038,0.0384,"Poughkeepsie-Newburgh-Middletown, NY"
1290,Orange County,NY,202502,2224.59,0.0027,0.0401,"Poughkeepsie-Newburgh-Middletown, NY"
1290,Orange County,NY,202503,2247.33,0.0102,0.0482,"Poughkeepsie-Newburgh-Middletown, NY"
1290,Orange County,NY,202504,2247.26,-0.0,0.0512,"Poughkeepsie-Newburgh-Middletown, NY"
1290,Orange County,NY,202505,2231.54,-0.007,0.0397,"Poughkeepsie-Newburgh-Middletown, NY"
1290,Orange County,NY,202506,2234.9,0.0015,0.0304,"Poughkeepsie-Newburgh-Middletown, NY"
1290,Orange County,NY,202507,2238.45,0.0016,0.0247,"Poughkeepsie-Newburgh-Middletown, NY"
1290,Orange County,NY,202508,2250.9,0.0056,0.0281,"Poughkeepsie-Newburgh-Middletown, NY"
1290,Orange County,NY,202509,2250.63,-0.0001,0.0234,"Poughkeepsie-Newburgh-Middletown, NY"
1290,Orange County,NY,202510,2250.83,0.0001,0.0172,"Poughkeepsie-Newburgh-Middletown, NY"
1290,Orange County,NY,202511,2242.22,-0.0038,0.0035,"Poughkeepsie-Newburgh-Middletown, NY"
1290,Orange County,NY,202512,2280.8,0.0172,0.032,"Poughkeepsie-Newburgh-Middletown, NY"
1290,Orange County,NY,202601,2282.38,0.0007,0.0288,"Poughkeepsie-Newburgh-Middletown, NY"
1290,Orange County,NY,202602,2317.11,0.0152,0.0416,"Poughkeepsie-Newburgh-Middletown, NY"
1290,Orange County,NY,202603,2300.71,-0.0071,0.0238,"Poughkeepsie-Newburgh-Middletown, NY"
1290,Orange County,NY,202604,2313.94,0.0057,0.0297,"Poughkeepsie-Newburgh-Middletown, NY"
1290,Orange County,NY,202605,2304.0,-0.0043,0.0325,"Poughkeepsie-Newburgh-Middletown, NY"
1290,Orange County,NY,202606,2308.94,0.0021,0.0331,"Poughkeepsie-Newburgh-Middletown, NY"
1290,Orange County,NY,202607,2319.23,0.0045,0.0361,"Poughkeepsie-Newburgh-Middletown, NY"
1290,Orange County,NY,202608,2324.26,0.0022,0.0326,"Poughkeepsie-Newburgh-Middletown, NY"
1296,Oswego County,NY,202209,909.73,,,"Syracuse, NY"
1296,Oswego County,NY,202210,870.5,-0.0431,,"Syracuse, NY"
1296,Oswego County,NY,202211,886.32,0.0182,,"Syracuse, NY"
1296,Oswego County,NY,202212,918.42,0.0362,,"Syracuse, NY"
1296,Oswego County,NY,202301,947.41,0.0316,,"Syracuse, NY"
1296,Oswego County,NY,202302,940.92,-0.0068,,"Syracuse, NY"
1296,Oswego County,NY,202303,929.43,-0.0122,,"Syracuse, NY"
1296,Oswego County,NY,202304,974.07,0.048,,"Syracuse, NY"
1296,Oswego County,NY,202305,979.59,0.0057,,"Syracuse, NY"
1296,Oswego County,NY,202306,1010.63,0.0317,,"Syracuse, NY"
1296,Oswego County,NY,202307,940.16,-0.0697,,"Syracuse, NY"
1296,Oswego County,NY,202308,951.2,0.0117,,"Syracuse, NY"
1296,Oswego County,NY,202309,918.36,-0.0345,0.0095,"Syracuse, NY"
1296,Oswego County,NY,202310,959.79,0.0451,0.1026,"Syracuse, NY"
1296,Oswego County,NY,202311,964.69,0.0051,0.0884,"Syracuse, NY"
1296,Oswego County,NY,202312,1006.77,0.0436,0.0962,"Syracuse, NY"
1296,Oswego County,NY,202401,1031.68,0.0247,0.0889,"Syracuse, NY"
1296,Oswego County,NY,202402,1069.57,0.0367,0.1367,"Syracuse, NY"
1296,Oswego County,NY,202403,1097.14,0.0258,0.1804,"Syracuse, NY"
1296,Oswego County,NY,202404,1091.33,-0.0053,0.1204,"Syracuse, NY"
1296,Oswego County,NY,202405,1100.88,0.0088,0.1238,"Syracuse, NY"
1296,Oswego County,NY,202406,1071.23,-0.0269,0.06,"Syracuse, NY"
1296,Oswego County,NY,202407,1109.25,0.0355,0.1799,"Syracuse, NY"
1296,Oswego County,NY,202408,1078.45,-0.0278,0.1338,"Syracuse, NY"
1296,Oswego County,NY,202409,1097.14,0.0173,0.1947,"Syracuse, NY"
1296,Oswego County,NY,202410,1074.54,-0.0206,0.1195,"Syracuse, NY"
1296,Oswego County,NY,202411,1102.14,0.0257,0.1425,"Syracuse, NY"
1296,Oswego County,NY,202412,1120.53,0.0167,0.113,"Syracuse, NY"
1296,Oswego County,NY,202501,1140.77,0.0181,0.1057,"Syracuse, NY"
1296,Oswego County,NY,202502,1144.95,0.0037,0.0705,"Syracuse, NY"
1296,Oswego County,NY,202503,1194.09,0.0429,0.0884,"Syracuse, NY"
1296,Oswego County,NY,202504,1203.68,0.008,0.1029,"Syracuse, NY"
1296,Oswego County,NY,202505,1232.94,0.0243,0.12,"Syracuse, NY"
1296,Oswego County,NY,202506,1231.41,-0.0012,0.1495,"Syracuse, NY"
1296,Oswego County,NY,202507,1223.19,-0.0067,0.1027,"Syracuse, NY"
1296,Oswego County,NY,202508,1208.1,-0.0123,0.1202,"Syracuse, NY"
1296,Oswego County,NY,202509,1137.92,-0.0581,0.0372,"Syracuse, NY"
1296,Oswego County,NY,202510,1109.7,-0.0248,0.0327,"Syracuse, NY"
1296,Oswego County,NY,202511,1123.14,0.0121,0.0191,"Syracuse, NY"
1296,Oswego County,NY,202512,1148.32,0.0224,0.0248,"Syracuse, NY"
1296,Oswego County,NY,202601,1235.39,0.0758,0.0829,"Syracuse, NY"
1296,Oswego County,NY,202602,1263.73,0.0229,0.1037,"Syracuse, NY"
1296,Oswego County,NY,202603,1382.82,0.0942,0.1581,"Syracuse, NY"
1296,Oswego County,NY,202604,1354.15,-0.0207,0.125,"Syracuse, NY"
1296,Oswego County,NY,202605,1445.04,0.0671,0.172,"Syracuse, NY"
1296,Oswego County,NY,202606,1440.67,-0.003,0.1699,"Syracuse, NY"
1296,Oswego County,NY,202607,1427.4,-0.0092,0.167,"Syracuse, NY"
1296,Oswego County,NY,202608,1367.22,-0.0422,0.1317,"Syracuse, NY"
1298,Otsego County,NY,202405,1510.18,,,"Oneonta, NY"
1298,Otsego County,NY,202406,1554.43,0.0293,,"Oneonta, NY"
1298,Otsego County,NY,202407,1533.74,-0.0133,,"Oneonta, NY"
1298,Otsego County,NY,202408,1507.08,-0.0174,,"Oneonta, NY"
1298,Otsego County,NY,202409,1494.7,-0.0082,,"Oneonta, NY"
1298,Otsego County,NY,202410,1494.55,-0.0001,,"Oneonta, NY"
1298,Otsego County,NY,202411,1533.79,0.0263,,"Oneonta, NY"
1298,Otsego County,NY,202412,1529.31,-0.0029,,"Oneonta, NY"
1298,Otsego County,NY,202501,1521.64,-0.005,,"Oneonta, NY"
1298,Otsego County,NY,202502,1485.53,-0.0237,,"Oneonta, NY"
1298,Otsego County,NY,202503,1486.53,0.0007,,"Oneonta, NY"
1298,Otsego County,NY,202504,1507.85,0.0143,,"Oneonta, NY"
1298,Otsego County,NY,202505,1528.26,0.0135,0.012,"Oneonta, NY"
1298,Otsego County,NY,202506,1543.83,0.0102,-0.0068,"Oneonta, NY"
1298,Otsego County,NY,202507,1562.99,0.0124,0.0191,"Oneonta, NY"
1298,Otsego County,NY,202508,1564.24,0.0008,0.0379,"Oneonta, NY"
1298,Otsego County,NY,202509,1582.89,0.0119,0.059,"Oneonta, NY"
1298,Otsego County,NY,202510,1656.33,0.0464,0.1082,"Oneonta, NY"
1298,Otsego County,NY,202511,1655.31,-0.0006,0.0792,"Oneonta, NY"
1298,Otsego County,NY,202512,1684.93,0.0179,0.1018,"Oneonta, NY"
1298,Otsego County,NY,202601,1634.15,-0.0301,0.0739,"Oneonta, NY"
1298,Otsego County,NY,202602,1663.78,0.0181,0.12,"Oneonta, NY"
1298,Otsego County,NY,202603,1643.89,-0.012,0.1059,"Oneonta, NY"
1298,Otsego County,NY,202604,1588.33,-0.0338,0.0534,"Oneonta, NY"
1298,Otsego County,NY,202605,1639.36,0.0321,0.0727,"Oneonta, NY"
1298,Otsego County,NY,202606,1629.02,-0.0063,0.0552,"Oneonta, NY"
1298,Otsego County,NY,202607,1703.27,0.0456,0.0898,"Oneonta, NY"
1298,Otsego County,NY,202608,1647.75,-0.0326,0.0534,"Oneonta, NY"
1343,Putnam County,NY,202301,2170.76,,,"New York-Newark-Jersey City, NY-NJ-PA"
1343,Putnam County,NY,202302,2158.65,-0.0056,,"New York-Newark-Jersey City, NY-NJ-PA"
1343,Putnam County,NY,202303,2188.53,0.0138,,"New York-Newark-Jersey City, NY-NJ-PA"
1343,Putnam County,NY,202304,2222.73,0.0156,,"New York-Newark-Jersey City, NY-NJ-PA"
1343,Putnam County,NY,202305,2195.4,-0.0123,,"New York-Newark-Jersey City, NY-NJ-PA"
1343,Putnam County,NY,202306,2222.8,0.0125,,"New York-Newark-Jersey City, NY-NJ-PA"
1343,Putnam County,NY,202307,2298.88,0.0342,,"New York-Newark-Jersey City, NY-NJ-PA"
1343,Putnam County,NY,202308,2334.97,0.0157,,"New York-Newark-Jersey City, NY-NJ-PA"
1343,Putnam County,NY,202309,2302.89,-0.0137,,"New York-Newark-Jersey City, NY-NJ-PA"
1343,Putnam County,NY,202310,2213.2,-0.0389,,"New York-Newark-Jersey City, NY-NJ-PA"
1343,Putnam County,NY,202311,2221.95,0.004,,"New York-Newark-Jersey City, NY-NJ-PA"
1343,Putnam County,NY,202312,2233.04,0.005,,"New York-Newark-Jersey City, NY-NJ-PA"
1343,Putnam County,NY,202401,2286.87,0.0241,0.0535,"New York-Newark-Jersey City, NY-NJ-PA"
1343,Putnam County,NY,202402,2308.72,0.0096,0.0695,"New York-Newark-Jersey City, NY-NJ-PA"
1343,Putnam County,NY,202403,2348.3,0.0171,0.073,"New York-Newark-Jersey City, NY-NJ-PA"
1343,Putnam County,NY,202404,2347.03,-0.0005,0.0559,"New York-Newark-Jersey City, NY-NJ-PA"
1343,Putnam County,NY,202405,2326.64,-0.0087,0.0598,"New York-Newark-Jersey City, NY-NJ-PA"
1343,Putnam County,NY,202406,2357.01,0.0131,0.0604,"New York-Newark-Jersey City, NY-NJ-PA"
1343,Putnam County,NY,202407,2399.22,0.0179,0.0436,"New York-Newark-Jersey City, NY-NJ-PA"
1343,Putnam County,NY,202408,2443.92,0.0186,0.0467,"New York-Newark-Jersey City, NY-NJ-PA"
1343,Putnam County,NY,202409,2474.5,0.0125,0.0745,"New York-Newark-Jersey City, NY-NJ-PA"
1343,Putnam County,NY,202410,2456.17,-0.0074,0.1098,"New York-Newark-Jersey City, NY-NJ-PA"
1343,Putnam County,NY,202411,2425.72,-0.0124,0.0917,"New York-Newark-Jersey City, NY-NJ-PA"
1343,Putnam County,NY,202412,2383.91,-0.0172,0.0676,"New York-Newark-Jersey City, NY-NJ-PA"
1343,Putnam County,NY,202501,2432.54,0.0204,0.0637,"New York-Newark-Jersey City, NY-NJ-PA"
1343,Putnam County,NY,202502,2507.84,0.031,0.0862,"New York-Newark-Jersey City, NY-NJ-PA"
1343,Putnam County,NY,202503,2502.75,-0.002,0.0658,"New York-Newark-Jersey City, NY-NJ-PA"
1343,Putnam County,NY,202504,2490.23,-0.005,0.061,"New York-Newark-Jersey City, NY-NJ-PA"
1343,Putnam County,NY,202505,2527.35,0.0149,0.0863,"New York-Newark-Jersey City, NY-NJ-PA"
1343,Putnam County,NY,202506,2566.39,0.0154,0.0888,"New York-Newark-Jersey City, NY-NJ-PA"
1343,Putnam County,NY,202507,2581.85,0.006,0.0761,"New York-Newark-Jersey City, NY-NJ-PA"
1343,Putnam County,NY,202508,2542.1,-0.0154,0.0402,"New York-Newark-Jersey City, NY-NJ-PA"
1343,Putnam County,NY,202509,2628.91,0.0342,0.0624,"New York-Newark-Jersey City, NY-NJ-PA"
1343,Putnam County,NY,202510,2609.96,-0.0072,0.0626,"New York-Newark-Jersey City, NY-NJ-PA"
1343,Putnam County,NY,202511,2574.53,-0.0136,0.0613,"New York-Newark-Jersey City, NY-NJ-PA"
1343,Putnam County,NY,202512,2505.07,-0.027,0.0508,"New York-Newark-Jersey City, NY-NJ-PA"
1343,Putnam County,NY,202601,2640.93,0.0542,0.0857,"New York-Newark-Jersey City, NY-NJ-PA"
1343,Putnam County,NY,202602,2685.05,0.0167,0.0707,"New York-Newark-Jersey City, NY-NJ-PA"
1343,Putnam County,NY,202603,2767.81,0.0308,0.1059,"New York-Newark-Jersey City, NY-NJ-PA"
1343,Putnam County,NY,202604,2638.5,-0.0467,0.0595,"New York-Newark-Jersey City, NY-NJ-PA"
1343,Putnam County,NY,202605,2757.09,0.0449,0.0909,"New York-Newark-Jersey City, NY-NJ-PA"
1343,Putnam County,NY,202606,2736.7,-0.0074,0.0664,"New York-Newark-Jersey City, NY-NJ-PA"
1343,Putnam County,NY,202607,2766.37,0.0108,0.0715,"New York-Newark-Jersey City, NY-NJ-PA"
1343,Putnam County,NY,202608,2739.31,-0.0098,0.0776,"New York-Newark-Jersey City, NY-NJ-PA"
1347,Queens County,NY,201501,2106.52,,,"New York-Newark-Jersey City, NY-NJ-PA"
1347,Queens County,NY,201502,2124.78,0.0087,,"New York-Newark-Jersey City, NY-NJ-PA"
1347,Queens County,NY,201503,2138.13,0.0063,,"New York-Newark-Jersey City, NY-NJ-PA"
1347,Queens County,NY,201504,2141.6,0.0016,,"New York-Newark-Jersey City, NY-NJ-PA"
1347,Queens County,NY,201505,2151.63,0.0047,,"New York-Newark-Jersey City, NY-NJ-PA"
1347,Queens County,NY,201506,2156.12,0.0021,,"New York-Newark-Jersey City, NY-NJ-PA"
1347,Queens County,NY,201507,2190.87,0.0161,,"New York-Newark-Jersey City, NY-NJ-PA"
1347,Queens County,NY,201508,2215.29,0.0111,,"New York-Newark-Jersey City, NY-NJ-PA"
1347,Queens County,NY,201509,2230.14,0.0067,,"New York-Newark-Jersey City, NY-NJ-PA"
1347,Queens County,NY,201510,2228.86,-0.0006,,"New York-Newark-Jersey City, NY-NJ-PA"
1347,Queens County,NY,201511,2225.07,-0.0017,,"New York-Newark-Jersey City, NY-NJ-PA"
1347,Queens County,NY,201512,2230.44,0.0024,,"New York-Newark-Jersey City, NY-NJ-PA"
1347,Queens County,NY,201601,2228.3,-0.001,0.0578,"New York-Newark-Jersey City, NY-NJ-PA"
1347,Queens County,NY,201602,2228.2,-0.0,0.0487,"New York-Newark-Jersey City, NY-NJ-PA"
1347,Queens County,NY,201603,2224.18,-0.0018,0.0402,"New York-Newark-Jersey City, NY-NJ-PA"
1347,Queens County,NY,201604,2238.46,0.0064,0.0452,"New York-Newark-Jersey City, NY-NJ-PA"
1347,Queens County,NY,201605,2250.41,0.0053,0.0459,"New York-Newark-Jersey City, NY-NJ-PA"
1347,Queens County,NY,201606,2270.86,0.0091,0.0532,"New York-Newark-Jersey City, NY-NJ-PA"
1347,Queens County,NY,201607,2281.06,0.0045,0.0412,"New York-Newark-Jersey City, NY-NJ-PA"
1347,Queens County,NY,201608,2291.09,0.0044,0.0342,"New York-Newark-Jersey City, NY-NJ-PA"
1347,Queens County,NY,201609,2297.74,0.0029,0.0303,"New York-Newark-Jersey City, NY-NJ-PA"
1347,Queens County,NY,201610,2304.26,0.0028,0.0338,"New York-Newark-Jersey City, NY-NJ-PA"
1347,Queens County,NY,201611,2303.63,-0.0003,0.0353,"New York-Newark-Jersey City, NY-NJ-PA"
1347,Queens County,NY,201612,2290.09,-0.0059,0.0267,"New York-Newark-Jersey City, NY-NJ-PA"
1347,Queens County,NY,201701,2284.46,-0.0025,0.0252,"New York-Newark-Jersey City, NY-NJ-PA"
1347,Queens County,NY,201702,2282.95,-0.0007,0.0246,"New York-Newark-Jersey City, NY-NJ-PA"
1347,Queens County,NY,201703,2298.72,0.0069,0.0335,"New York-Newark-Jersey City, NY-NJ-PA"
1347,Queens County,NY,201704,2304.89,0.0027,0.0297,"New York-Newark-Jersey City, NY-NJ-PA"
1347,Queens County,NY,201705,2318.54,0.0059,0.0303,"New York-Newark-Jersey City, NY-NJ-PA"
1347,Queens County,NY,201706,2330.93,0.0053,0.0264,"New York-Newark-Jersey City, NY-NJ-PA"
1347,Queens County,NY,201707,2347.18,0.007,0.029,"New York-Newark-Jersey City, NY-NJ-PA"
1347,Queens County,NY,201708,2353.99,0.0029,0.0275,"New York-Newark-Jersey City, NY-NJ-PA"
1347,Queens County,NY,201709,2349.53,-0.0019,0.0225,"New York-Newark-Jersey City, NY-NJ-PA"
1347,Queens County,NY,201710,2331.53,-0.0077,0.0118,"New York-Newark-Jersey City, NY-NJ-PA"
1347,Queens County,NY,201711,2307.71,-0.0102,0.0018,"New York-Newark-Jersey City, NY-NJ-PA"
1347,Queens County,NY,201712,2283.21,-0.0106,-0.003,"New York-Newark-Jersey City, NY-NJ-PA"
1347,Queens County,NY,201801,2282.02,-0.0005,-0.0011,"New York-Newark-Jersey City, NY-NJ-PA"
1347,Queens County,NY,201802,2285.29,0.0014,0.001,"New York-Newark-Jersey City, NY-NJ-PA"
1347,Queens County,NY,201803,2304.67,0.0085,0.0026,"New York-Newark-Jersey City, NY-NJ-PA"
1347,Queens County,NY,201804,2318.19,0.0059,0.0058,"New York-Newark-Jersey City, NY-NJ-PA"
1347,Queens County,NY,201805,2339.72,0.0093,0.0091,"New York-Newark-Jersey City, NY-NJ-PA"
1347,Queens County,NY,201806,2356.23,0.0071,0.0109,"New York-Newark-Jersey City, NY-NJ-PA"
1347,Queens County,NY,201807,2370.28,0.006,0.0098,"New York-Newark-Jersey City, NY-NJ-PA"
1347,Queens County,NY,201808,2387.54,0.0073,0.0143,"New York-Newark-Jersey City, NY-NJ-PA"
1347,Queens County,NY,201809,2392.47,0.0021,0.0183,"New York-Newark-Jersey City, NY-NJ-PA"
1347,Queens County,NY,201810,2386.06,-0.0027,0.0234,"New York-Newark-Jersey City, NY-NJ-PA"
1347,Queens County,NY,201811,2374.86,-0.0047,0.0291,"New York-Newark-Jersey City, NY-NJ-PA"
1347,Queens County,NY,201812,2369.76,-0.0021,0.0379,"New York-Newark-Jersey City, NY-NJ-PA"
1347,Queens County,NY,201901,2368.49,-0.0005,0.0379,"New York-Newark-Jersey City, NY-NJ-PA"
1347,Queens County,NY,201902,2376.33,0.0033,0.0398,"New York-Newark-Jersey City, NY-NJ-PA"
1347,Queens County,NY,201903,2379.74,0.0014,0.0326,"New York-Newark-Jersey City, NY-NJ-PA"
1347,Queens County,NY,201904,2394.12,0.006,0.0328,"New York-Newark-Jersey City, NY-NJ-PA"
1347,Queens County,NY,201905,2410.37,0.0068,0.0302,"New York-Newark-Jersey City, NY-NJ-PA"
1347,Queens County,NY,201906,2444.1,0.014,0.0373,"New York-Newark-Jersey City, NY-NJ-PA"
1347,Queens County,NY,201907,2462.89,0.0077,0.0391,"New York-Newark-Jersey City, NY-NJ-PA"
1347,Queens County,NY,201908,2472.27,0.0038,0.0355,"New York-Newark-Jersey City, NY-NJ-PA"
1347,Queens County,NY,201909,2460.98,-0.0046,0.0286,"New York-Newark-Jersey City, NY-NJ-PA"
1347,Queens County,NY,201910,2461.67,0.0003,0.0317,"New York-Newark-Jersey City, NY-NJ-PA"
1347,Queens County,NY,201911,2451.73,-0.004,0.0324,"New York-Newark-Jersey City, NY-NJ-PA"
1347,Queens County,NY,201912,2445.98,-0.0023,0.0322,"New York-Newark-Jersey City, NY-NJ-PA"
1347,Queens County,NY,202001,2440.67,-0.0022,0.0305,"New York-Newark-Jersey City, NY-NJ-PA"
1347,Queens County,NY,202002,2451.15,0.0043,0.0315,"New York-Newark-Jersey City, NY-NJ-PA"
1347,Queens County,NY,202003,2454.46,0.0014,0.0314,"New York-Newark-Jersey City, NY-NJ-PA"
1347,Queens County,NY,202004,2447.36,-0.0029,0.0222,"New York-Newark-Jersey City, NY-NJ-PA"
1347,Queens County,NY,202005,2440.61,-0.0028,0.0125,"New York-Newark-Jersey City, NY-NJ-PA"
1347,Queens County,NY,202006,2436.49,-0.0017,-0.0031,"New York-Newark-Jersey City, NY-NJ-PA"
1347,Queens County,NY,202007,2433.98,-0.001,-0.0117,"New York-Newark-Jersey City, NY-NJ-PA"
1347,Queens County,NY,202008,2411.58,-0.0092,-0.0245,"New York-Newark-Jersey City, NY-NJ-PA"
1347,Queens County,NY,202009,2382.99,-0.0119,-0.0317,"New York-Newark-Jersey City, NY-NJ-PA"
1347,Queens County,NY,202010,2365.32,-0.0074,-0.0391,"New York-Newark-Jersey City, NY-NJ-PA"
1347,Queens County,NY,202011,2355.8,-0.004,-0.0391,"New York-Newark-Jersey City, NY-NJ-PA"
1347,Queens County,NY,202012,2355.21,-0.0003,-0.0371,"New York-Newark-Jersey City, NY-NJ-PA"
1347,Queens County,NY,202101,2347.22,-0.0034,-0.0383,"New York-Newark-Jersey City, NY-NJ-PA"
1347,Queens County,NY,202102,2343.63,-0.0015,-0.0439,"New York-Newark-Jersey City, NY-NJ-PA"
1347,Queens County,NY,202103,2338.25,-0.0023,-0.0473,"New York-Newark-Jersey City, NY-NJ-PA"
1347,Queens County,NY,202104,2337.67,-0.0002,-0.0448,"New York-Newark-Jersey City, NY-NJ-PA"
1347,Queens County,NY,202105,2344.84,0.0031,-0.0392,"New York-Newark-Jersey City, NY-NJ-PA"
1347,Queens County,NY,202106,2364.62,0.0084,-0.0295,"New York-Newark-Jersey City, NY-NJ-PA"
1347,Queens County,NY,202107,2398.54,0.0143,-0.0146,"New York-Newark-Jersey City, NY-NJ-PA"
1347,Queens County,NY,202108,2437.99,0.0164,0.0109,"New York-Newark-Jersey City, NY-NJ-PA"
1347,Queens County,NY,202109,2466.1,0.0115,0.0349,"New York-Newark-Jersey City, NY-NJ-PA"
1347,Queens County,NY,202110,2492.54,0.0107,0.0538,"New York-Newark-Jersey City, NY-NJ-PA"
1347,Queens County,NY,202111,2510.83,0.0073,0.0658,"New York-Newark-Jersey City, NY-NJ-PA"
1347,Queens County,NY,202112,2530.74,0.0079,0.0745,"New York-Newark-Jersey City, NY-NJ-PA"
1347,Queens County,NY,202201,2536.54,0.0023,0.0807,"New York-Newark-Jersey City, NY-NJ-PA"
1347,Queens County,NY,202202,2548.84,0.0049,0.0876,"New York-Newark-Jersey City, NY-NJ-PA"
1347,Queens County,NY,202203,2563.16,0.0056,0.0962,"New York-Newark-Jersey City, NY-NJ-PA"
1347,Queens County,NY,202204,2591.57,0.0111,0.1086,"New York-Newark-Jersey City, NY-NJ-PA"
1347,Queens County,NY,202205,2625.07,0.0129,0.1195,"New York-Newark-Jersey City, NY-NJ-PA"
1347,Queens County,NY,202206,2671.32,0.0176,0.1297,"New York-Newark-Jersey City, NY-NJ-PA"
1347,Queens County,NY,202207,2711.92,0.0152,0.1307,"New York-Newark-Jersey City, NY-NJ-PA"
1347,Queens County,NY,202208,2748.89,0.0136,0.1275,"New York-Newark-Jersey City, NY-NJ-PA"
1347,Queens County,NY,202209,2772.63,0.0086,0.1243,"New York-Newark-Jersey City, NY-NJ-PA"
1347,Queens County,NY,202210,2776.97,0.0016,0.1141,"New York-Newark-Jersey City, NY-NJ-PA"
1347,Queens County,NY,202211,2765.08,-0.0043,0.1013,"New York-Newark-Jersey City, NY-NJ-PA"
1347,Queens County,NY,202212,2754.19,-0.0039,0.0883,"New York-Newark-Jersey City, NY-NJ-PA"
1347,Queens County,NY,202301,2752.77,-0.0005,0.0852,"New York-Newark-Jersey City, NY-NJ-PA"
1347,Queens County,NY,202302,2764.4,0.0042,0.0846,"New York-Newark-Jersey City, NY-NJ-PA"
1347,Queens County,NY,202303,2777.26,0.0047,0.0835,"New York-Newark-Jersey City, NY-NJ-PA"
1347,Queens County,NY,202304,2799.04,0.0078,0.0801,"New York-Newark-Jersey City, NY-NJ-PA"
1347,Queens County,NY,202305,2820.8,0.0078,0.0746,"New York-Newark-Jersey City, NY-NJ-PA"
1347,Queens County,NY,202306,2843.99,0.0082,0.0646,"New York-Newark-Jersey City, NY-NJ-PA"
1347,Queens County,NY,202307,2873.66,0.0104,0.0596,"New York-Newark-Jersey City, NY-NJ-PA"
1347,Queens County,NY,202308,2890.94,0.006,0.0517,"New York-Newark-Jersey City, NY-NJ-PA"
1347,Queens County,NY,202309,2901.65,0.0037,0.0465,"New York-Newark-Jersey City, NY-NJ-PA"
1347,Queens County,NY,202310,2898.07,-0.0012,0.0436,"New York-Newark-Jersey City, NY-NJ-PA"
1347,Queens County,NY,202311,2889.71,-0.0029,0.0451,"New York-Newark-Jersey City, NY-NJ-PA"
1347,Queens County,NY,202312,2895.48,0.002,0.0513,"New York-Newark-Jersey City, NY-NJ-PA"
1347,Queens County,NY,202401,2896.88,0.0005,0.0524,"New York-Newark-Jersey City, NY-NJ-PA"
1347,Queens County,NY,202402,2913.24,0.0056,0.0538,"New York-Newark-Jersey City, NY-NJ-PA"
1347,Queens County,NY,202403,2926.75,0.0046,0.0538,"New York-Newark-Jersey City, NY-NJ-PA"
1347,Queens County,NY,202404,2949.74,0.0079,0.0538,"New York-Newark-Jersey City, NY-NJ-PA"
1347,Queens County,NY,202405,2972.6,0.0077,0.0538,"New York-Newark-Jersey City, NY-NJ-PA"
1347,Queens County,NY,202406,2991.92,0.0065,0.052,"New York-Newark-Jersey City, NY-NJ-PA"
1347,Queens County,NY,202407,3014.05,0.0074,0.0489,"New York-Newark-Jersey City, NY-NJ-PA"
1347,Queens County,NY,202408,3026.37,0.0041,0.0468,"New York-Newark-Jersey City, NY-NJ-PA"
1347,Queens County,NY,202409,3027.8,0.0005,0.0435,"New York-Newark-Jersey City, NY-NJ-PA"
1347,Queens County,NY,202410,3018.07,-0.0032,0.0414,"New York-Newark-Jersey City, NY-NJ-PA"
1347,Queens County,NY,202411,3010.43,-0.0025,0.0418,"New York-Newark-Jersey City, NY-NJ-PA"
1347,Queens County,NY,202412,3006.16,-0.0014,0.0382,"New York-Newark-Jersey City, NY-NJ-PA"
1347,Queens County,NY,202501,3020.46,0.0048,0.0427,"New York-Newark-Jersey City, NY-NJ-PA"
1347,Queens County,NY,202502,3032.91,0.0041,0.0411,"New York-Newark-Jersey City, NY-NJ-PA"
1347,Queens County,NY,202503,3058.74,0.0085,0.0451,"New York-Newark-Jersey City, NY-NJ-PA"
1347,Queens County,NY,202504,3069.61,0.0036,0.0406,"New York-Newark-Jersey City, NY-NJ-PA"
1347,Queens County,NY,202505,3082.52,0.0042,0.037,"New York-Newark-Jersey City, NY-NJ-PA"
1347,Queens County,NY,202506,3104.99,0.0073,0.0378,"New York-Newark-Jersey City, NY-NJ-PA"
1347,Queens County,NY,202507,3138.11,0.0107,0.0412,"New York-Newark-Jersey City, NY-NJ-PA"
1347,Queens County,NY,202508,3170.4,0.0103,0.0476,"New York-Newark-Jersey City, NY-NJ-PA"
1347,Queens County,NY,202509,3177.26,0.0022,0.0494,"New York-Newark-Jersey City, NY-NJ-PA"
1347,Queens County,NY,202510,3171.91,-0.0017,0.051,"New York-Newark-Jersey City, NY-NJ-PA"
1347,Queens County,NY,202511,3160.32,-0.0037,0.0498,"New York-Newark-Jersey City, NY-NJ-PA"
1347,Queens County,NY,202512,3157.81,-0.0008,0.0504,"New York-Newark-Jersey City, NY-NJ-PA"
1347,Queens County,NY,202601,3152.31,-0.0017,0.0437,"New York-Newark-Jersey City, NY-NJ-PA"
1347,Queens County,NY,202602,3156.21,0.0012,0.0407,"New York-Newark-Jersey City, NY-NJ-PA"
1347,Queens County,NY,202603,3168.92,0.004,0.036,"New York-Newark-Jersey City, NY-NJ-PA"
1347,Queens County,NY,202604,3187.67,0.0059,0.0385,"New York-Newark-Jersey City, NY-NJ-PA"
1347,Queens County,NY,202605,3217.23,0.0093,0.0437,"New York-Newark-Jersey City, NY-NJ-PA"
1347,Queens County,NY,202606,3236.12,0.0059,0.0422,"New York-Newark-Jersey City, NY-NJ-PA"
1347,Queens County,NY,202607,3263.92,0.0086,0.0401,"New York-Newark-Jersey City, NY-NJ-PA"
1347,Queens County,NY,202608,3277.55,0.0042,0.0338,"New York-Newark-Jersey City, NY-NJ-PA"
1373,Seneca County,NY,202608,1200.0,,,"Seneca Falls, NY"
1448,Ulster County,NY,201605,1030.94,,,"Kingston, NY"
1448,Ulster County,NY,201606,1042.52,0.0112,,"Kingston, NY"
1448,Ulster County,NY,201607,1028.54,-0.0134,,"Kingston, NY"
1448,Ulster County,NY,201608,1031.31,0.0027,,"Kingston, NY"
1448,Ulster County,NY,201609,1005.01,-0.0255,,"Kingston, NY"
1448,Ulster County,NY,201610,1017.8,0.0127,,"Kingston, NY"
1448,Ulster County,NY,201611,998.42,-0.019,,"Kingston, NY"
1448,Ulster County,NY,201612,988.1,-0.0103,,"Kingston, NY"
1448,Ulster County,NY,201701,993.34,0.0053,,"Kingston, NY"
1448,Ulster County,NY,201702,1038.49,0.0454,,"Kingston, NY"
1448,Ulster County,NY,201703,1070.27,0.0306,,"Kingston, NY"
1448,Ulster County,NY,201704,1094.06,0.0222,,"Kingston, NY"
1448,Ulster County,NY,201705,1106.63,0.0115,0.0734,"Kingston, NY"
1448,Ulster County,NY,201706,1148.5,0.0378,0.1017,"Kingston, NY"
1448,Ulster County,NY,201707,1151.74,0.0028,0.1198,"Kingston, NY"
1448,Ulster County,NY,201708,1131.21,-0.0178,0.0969,"Kingston, NY"
1448,Ulster County,NY,201709,1117.99,-0.0117,0.1124,"Kingston, NY"
1448,Ulster County,NY,201710,1099.18,-0.0168,0.08,"Kingston, NY"
1448,Ulster County,NY,201711,1117.98,0.0171,0.1197,"Kingston, NY"
1448,Ulster County,NY,201712,1116.25,-0.0016,0.1297,"Kingston, NY"
1448,Ulster County,NY,201801,1102.21,-0.0126,0.1096,"Kingston, NY"
1448,Ulster County,NY,201802,1084.61,-0.016,0.0444,"Kingston, NY"
1448,Ulster County,NY,201803,1077.61,-0.0065,0.0069,"Kingston, NY"
1448,Ulster County,NY,201804,1122.39,0.0415,0.0259,"Kingston, NY"
1448,Ulster County,NY,201805,1128.74,0.0057,0.02,"Kingston, NY"
1448,Ulster County,NY,201806,1202.55,0.0654,0.0471,"Kingston, NY"
1448,Ulster County,NY,201807,1220.69,0.0151,0.0599,"Kingston, NY"
1448,Ulster County,NY,201808,1261.3,0.0333,0.115,"Kingston, NY"
1448,Ulster County,NY,201809,1223.29,-0.0301,0.0942,"Kingston, NY"
1448,Ulster County,NY,201810,1204.39,-0.0154,0.0957,"Kingston, NY"
1448,Ulster County,NY,201811,1180.28,-0.02,0.0557,"Kingston, NY"
1448,Ulster County,NY,201812,1134.93,-0.0384,0.0167,"Kingston, NY"
1448,Ulster County,NY,201901,1133.43,-0.0013,0.0283,"Kingston, NY"
1448,Ulster County,NY,201902,1153.97,0.0181,0.0639,"Kingston, NY"
1448,Ulster County,NY,201903,1214.16,0.0522,0.1267,"Kingston, NY"
1448,Ulster County,NY,201904,1239.25,0.0207,0.1041,"Kingston, NY"
1448,Ulster County,NY,201905,1253.27,0.0113,0.1103,"Kingston, NY"
1448,Ulster County,NY,201906,1234.13,-0.0153,0.0263,"Kingston, NY"
1448,Ulster County,NY,201907,1219.59,-0.0118,-0.0009,"Kingston, NY"
1448,Ulster County,NY,201908,1217.74,-0.0015,-0.0345,"Kingston, NY"
1448,Ulster County,NY,201909,1230.13,0.0102,0.0056,"Kingston, NY"
1448,Ulster County,NY,201910,1233.21,0.0025,0.0239,"Kingston, NY"
1448,Ulster County,NY,201911,1243.49,0.0083,0.0536,"Kingston, NY"
1448,Ulster County,NY,201912,1240.12,-0.0027,0.0927,"Kingston, NY"
1448,Ulster County,NY,202001,1268.27,0.0227,0.119,"Kingston, NY"
1448,Ulster County,NY,202002,1273.19,0.0039,0.1033,"Kingston, NY"
1448,Ulster County,NY,202003,1287.43,0.0112,0.0603,"Kingston, NY"
1448,Ulster County,NY,202004,1286.13,-0.001,0.0378,"Kingston, NY"
1448,Ulster County,NY,202005,1311.2,0.0195,0.0462,"Kingston, NY"
1448,Ulster County,NY,202006,1319.69,0.0065,0.0693,"Kingston, NY"
1448,Ulster County,NY,202007,1346.46,0.0203,0.104,"Kingston, NY"
1448,Ulster County,NY,202008,1378.23,0.0236,0.1318,"Kingston, NY"
1448,Ulster County,NY,202009,1411.48,0.0241,0.1474,"Kingston, NY"
1448,Ulster County,NY,202010,1442.69,0.0221,0.1699,"Kingston, NY"
1448,Ulster County,NY,202011,1454.38,0.0081,0.1696,"Kingston, NY"
1448,Ulster County,NY,202012,1484.37,0.0206,0.197,"Kingston, NY"
1448,Ulster County,NY,202101,1490.33,0.004,0.1751,"Kingston, NY"
1448,Ulster County,NY,202102,1475.02,-0.0103,0.1585,"Kingston, NY"
1448,Ulster County,NY,202103,1463.59,-0.0078,0.1368,"Kingston, NY"
1448,Ulster County,NY,202104,1496.59,0.0225,0.1636,"Kingston, NY"
1448,Ulster County,NY,202105,1535.91,0.0263,0.1714,"Kingston, NY"
1448,Ulster County,NY,202106,1571.5,0.0232,0.1908,"Kingston, NY"
1448,Ulster County,NY,202107,1581.7,0.0065,0.1747,"Kingston, NY"
1448,Ulster County,NY,202108,1611.37,0.0188,0.1692,"Kingston, NY"
1448,Ulster County,NY,202109,1618.0,0.0041,0.1463,"Kingston, NY"
1448,Ulster County,NY,202110,1643.44,0.0157,0.1391,"Kingston, NY"
1448,Ulster County,NY,202111,1633.23,-0.0062,0.123,"Kingston, NY"
1448,Ulster County,NY,202112,1648.31,0.0092,0.1104,"Kingston, NY"
1448,Ulster County,NY,202201,1632.75,-0.0094,0.0956,"Kingston, NY"
1448,Ulster County,NY,202202,1664.23,0.0193,0.1283,"Kingston, NY"
1448,Ulster County,NY,202203,1713.16,0.0294,0.1705,"Kingston, NY"
1448,Ulster County,NY,202204,1763.49,0.0294,0.1783,"Kingston, NY"
1448,Ulster County,NY,202205,1762.78,-0.0004,0.1477,"Kingston, NY"
1448,Ulster County,NY,202206,1759.97,-0.0016,0.1199,"Kingston, NY"
1448,Ulster County,NY,202207,1730.0,-0.017,0.0938,"Kingston, NY"
1448,Ulster County,NY,202208,1735.82,0.0034,0.0772,"Kingston, NY"
1448,Ulster County,NY,202209,1733.95,-0.0011,0.0717,"Kingston, NY"
1448,Ulster County,NY,202210,1737.84,0.0022,0.0574,"Kingston, NY"
1448,Ulster County,NY,202211,1727.49,-0.006,0.0577,"Kingston, NY"
1448,Ulster County,NY,202212,1722.68,-0.0028,0.0451,"Kingston, NY"
1448,Ulster County,NY,202301,1723.4,0.0004,0.0555,"Kingston, NY"
1448,Ulster County,NY,202302,1732.99,0.0056,0.0413,"Kingston, NY"
1448,Ulster County,NY,202303,1751.54,0.0107,0.0224,"Kingston, NY"
1448,Ulster County,NY,202304,1776.78,0.0144,0.0075,"Kingston, NY"
1448,Ulster County,NY,202305,1788.93,0.0068,0.0148,"Kingston, NY"
1448,Ulster County,NY,202306,1783.23,-0.0032,0.0132,"Kingston, NY"
1448,Ulster County,NY,202307,1774.14,-0.0051,0.0255,"Kingston, NY"
1448,Ulster County,NY,202308,1780.82,0.0038,0.0259,"Kingston, NY"
1448,Ulster County,NY,202309,1768.58,-0.0069,0.02,"Kingston, NY"
1448,Ulster County,NY,202310,1747.56,-0.0119,0.0056,"Kingston, NY"
1448,Ulster County,NY,202311,1736.08,-0.0066,0.005,"Kingston, NY"
1448,Ulster County,NY,202312,1753.53,0.01,0.0179,"Kingston, NY"
1448,Ulster County,NY,202401,1778.84,0.0144,0.0322,"Kingston, NY"
1448,Ulster County,NY,202402,1803.93,0.0141,0.0409,"Kingston, NY"
1448,Ulster County,NY,202403,1813.18,0.0051,0.0352,"Kingston, NY"
1448,Ulster County,NY,202404,1833.49,0.0112,0.0319,"Kingston, NY"
1448,Ulster County,NY,202405,1842.3,0.0048,0.0298,"Kingston, NY"
1448,Ulster County,NY,202406,1848.71,0.0035,0.0367,"Kingston, NY"
1448,Ulster County,NY,202407,1861.64,0.007,0.0493,"Kingston, NY"
1448,Ulster County,NY,202408,1875.05,0.0072,0.0529,"Kingston, NY"
1448,Ulster County,NY,202409,1878.66,0.0019,0.0622,"Kingston, NY"
1448,Ulster County,NY,202410,1871.26,-0.0039,0.0708,"Kingston, NY"
1448,Ulster County,NY,202411,1854.13,-0.0092,0.068,"Kingston, NY"
1448,Ulster County,NY,202412,1847.63,-0.0035,0.0537,"Kingston, NY"
1448,Ulster County,NY,202501,1848.42,0.0004,0.0391,"Kingston, NY"
1448,Ulster County,NY,202502,1857.47,0.0049,0.0297,"Kingston, NY"
1448,Ulster County,NY,202503,1865.65,0.0044,0.0289,"Kingston, NY"
1448,Ulster County,NY,202504,1881.67,0.0086,0.0263,"Kingston, NY"
1448,Ulster County,NY,202505,1884.94,0.0017,0.0231,"Kingston, NY"
1448,Ulster County,NY,202506,1908.86,0.0127,0.0325,"Kingston, NY"
1448,Ulster County,NY,202507,1920.76,0.0062,0.0318,"Kingston, NY"
1448,Ulster County,NY,202508,1928.55,0.0041,0.0285,"Kingston, NY"
1448,Ulster County,NY,202509,1927.91,-0.0003,0.0262,"Kingston, NY"
1448,Ulster County,NY,202510,1917.34,-0.0055,0.0246,"Kingston, NY"
1448,Ulster County,NY,202511,1917.15,-0.0001,0.034,"Kingston, NY"
1448,Ulster County,NY,202512,1906.27,-0.0057,0.0317,"Kingston, NY"
1448,Ulster County,NY,202601,1879.54,-0.014,0.0168,"Kingston, NY"
1448,Ulster County,NY,202602,1923.99,0.0236,0.0358,"Kingston, NY"
1448,Ulster County,NY,202603,1942.35,0.0095,0.0411,"Kingston, NY"
1448,Ulster County,NY,202604,1995.91,0.0276,0.0607,"Kingston, NY"
1448,Ulster County,NY,202605,2000.36,0.0022,0.0612,"Kingston, NY"
1448,Ulster County,NY,202606,2007.76,0.0037,0.0518,"Kingston, NY"
1448,Ulster County,NY,202607,2024.5,0.0083,0.054,"Kingston, NY"
1448,Ulster County,NY,202608,2015.2,-0.0046,0.0449,"Kingston, NY"
1610,Chemung County,NY,202405,954.28,,,"Elmira, NY"
1610,Chemung County,NY,202406,954.65,0.0004,,"Elmira, NY"
1610,Chemung County,NY,202407,960.88,0.0065,,"Elmira, NY"
1610,Chemung County,NY,202408,980.27,0.0202,,"Elmira, NY"
1610,Chemung County,NY,202409,966.97,-0.0136,,"Elmira, NY"
1610,Chemung County,NY,202411,948.0,-0.0196,,"Elmira, NY"
1610,Chemung County,NY,202412,969.88,0.0231,,"Elmira, NY"
1610,Chemung County,NY,202501,981.92,0.0124,,"Elmira, NY"
1610,Chemung County,NY,202502,1013.55,0.0322,,"Elmira, NY"
1610,Chemung County,NY,202503,1027.26,0.0135,,"Elmira, NY"
1610,Chemung County,NY,202504,1016.89,-0.0101,,"Elmira, NY"
1610,Chemung County,NY,202505,1027.67,0.0106,,"Elmira, NY"
1610,Chemung County,NY,202506,1043.0,0.0149,0.093,"Elmira, NY"
1610,Chemung County,NY,202507,1063.01,0.0192,0.1135,"Elmira, NY"
1610,Chemung County,NY,202508,1036.17,-0.0253,0.0784,"Elmira, NY"
1610,Chemung County,NY,202509,1015.93,-0.0195,0.0364,"Elmira, NY"
1610,Chemung County,NY,202510,1038.52,0.0222,0.074,"Elmira, NY"
1610,Chemung County,NY,202511,1071.39,0.0316,0.1302,"Elmira, NY"
1610,Chemung County,NY,202512,1067.84,-0.0033,0.101,"Elmira, NY"
1610,Chemung County,NY,202601,1047.16,-0.0194,0.0664,"Elmira, NY"
1610,Chemung County,NY,202602,1039.07,-0.0077,0.0252,"Elmira, NY"
1610,Chemung County,NY,202603,1085.29,0.0445,0.0565,"Elmira, NY"
1610,Chemung County,NY,202604,1086.9,0.0015,0.0689,"Elmira, NY"
1610,Chemung County,NY,202605,1093.7,0.0063,0.0642,"Elmira, NY"
1610,Chemung County,NY,202606,1091.7,-0.0018,0.0467,"Elmira, NY"
1610,Chemung County,NY,202607,1109.29,0.0161,0.0435,"Elmira, NY"
1610,Chemung County,NY,202608,1128.81,0.0176,0.0894,"Elmira, NY"
1630,Clinton County,NY,202607,1230.1,,,"Plattsburgh, NY"
1630,Clinton County,NY,202608,1275.0,0.0365,,"Plattsburgh, NY"
1722,Genesee County,NY,202603,1363.7,,,"Batavia, NY"
1722,Genesee County,NY,202604,1332.42,-0.0229,,"Batavia, NY"
1722,Genesee County,NY,202605,1331.72,-0.0005,,"Batavia, NY"
1722,Genesee County,NY,202606,1433.13,0.0761,,"Batavia, NY"
1722,Genesee County,NY,202607,1473.82,0.0284,,"Batavia, NY"
1722,Genesee County,NY,202608,1516.11,0.0287,,"Batavia, NY"
1909,Madison County,NY,202411,1122.88,,,"Syracuse, NY"
1909,Madison County,NY,202501,1109.8,-0.0117,,"Syracuse, NY"
1909,Madison County,NY,202502,1143.17,0.0301,,"Syracuse, NY"
1909,Madison County,NY,202503,1171.44,0.0247,,"Syracuse, NY"
1909,Madison County,NY,202504,1177.24,0.005,,"Syracuse, NY"
1909,Madison County,NY,202505,1182.18,0.0042,,"Syracuse, NY"
1909,Madison County,NY,202506,1175.36,-0.0058,,"Syracuse, NY"
1909,Madison County,NY,202507,1189.06,0.0117,,"Syracuse, NY"
1909,Madison County,NY,202508,1227.7,0.0325,,"Syracuse, NY"
1909,Madison County,NY,202509,1223.87,-0.0031,,"Syracuse, NY"
1909,Madison County,NY,202510,1207.52,-0.0134,,"Syracuse, NY"
1909,Madison County,NY,202511,1189.39,-0.015,,"Syracuse, NY"
1909,Madison County,NY,202512,1270.67,0.0683,0.1316,"Syracuse, NY"
1909,Madison County,NY,202601,1317.74,0.037,0.1874,"Syracuse, NY"
1909,Madison County,NY,202602,1356.05,0.0291,0.1862,"Syracuse, NY"
1909,Madison County,NY,202603,1335.61,-0.0151,0.1401,"Syracuse, NY"
1909,Madison County,NY,202604,1326.25,-0.007,0.1266,"Syracuse, NY"
1909,Madison County,NY,202605,1264.05,-0.0469,0.0693,"Syracuse, NY"
1909,Madison County,NY,202606,1234.49,-0.0234,0.0503,"Syracuse, NY"
1909,Madison County,NY,202607,1217.86,-0.0135,0.0242,"Syracuse, NY"
1909,Madison County,NY,202608,1244.33,0.0217,0.0135,"Syracuse, NY"
1946,Niagara County,NY,201710,642.56,,,"Buffalo-Cheektowaga, NY"
1946,Niagara County,NY,201711,632.8,-0.0152,,"Buffalo-Cheektowaga, NY"
1946,Niagara County,NY,201712,628.59,-0.0067,,"Buffalo-Cheektowaga, NY"
1946,Niagara County,NY,201801,623.86,-0.0075,,"Buffalo-Cheektowaga, NY"
1946,Niagara County,NY,201802,640.19,0.0262,,"Buffalo-Cheektowaga, NY"
1946,Niagara County,NY,201803,652.37,0.019,,"Buffalo-Cheektowaga, NY"
1946,Niagara County,NY,201804,645.84,-0.01,,"Buffalo-Cheektowaga, NY"
1946,Niagara County,NY,201805,639.49,-0.0098,,"Buffalo-Cheektowaga, NY"
1946,Niagara County,NY,201806,638.39,-0.0017,,"Buffalo-Cheektowaga, NY"
1946,Niagara County,NY,201807,646.61,0.0129,,"Buffalo-Cheektowaga, NY"
1946,Niagara County,NY,201808,647.87,0.0019,,"Buffalo-Cheektowaga, NY"
1946,Niagara County,NY,201809,645.74,-0.0033,,"Buffalo-Cheektowaga, NY"
1946,Niagara County,NY,201810,645.46,-0.0004,0.0045,"Buffalo-Cheektowaga, NY"
1946,Niagara County,NY,201811,653.54,0.0125,0.0328,"Buffalo-Cheektowaga, NY"
1946,Niagara County,NY,201812,653.46,-0.0001,0.0396,"Buffalo-Cheektowaga, NY"
1946,Niagara County,NY,201901,663.75,0.0158,0.0639,"Buffalo-Cheektowaga, NY"
1946,Niagara County,NY,201902,667.95,0.0063,0.0434,"Buffalo-Cheektowaga, NY"
1946,Niagara County,NY,201903,682.88,0.0224,0.0468,"Buffalo-Cheektowaga, NY"
1946,Niagara County,NY,201904,687.33,0.0065,0.0643,"Buffalo-Cheektowaga, NY"
1946,Niagara County,NY,201905,696.14,0.0128,0.0886,"Buffalo-Cheektowaga, NY"
1946,Niagara County,NY,201906,687.65,-0.0122,0.0772,"Buffalo-Cheektowaga, NY"
1946,Niagara County,NY,201907,691.46,0.0055,0.0694,"Buffalo-Cheektowaga, NY"
1946,Niagara County,NY,201908,686.17,-0.0077,0.0591,"Buffalo-Cheektowaga, NY"
1946,Niagara County,NY,201909,677.77,-0.0122,0.0496,"Buffalo-Cheektowaga, NY"
1946,Niagara County,NY,201910,684.58,0.0101,0.0606,"Buffalo-Cheektowaga, NY"
1946,Niagara County,NY,201911,693.45,0.013,0.0611,"Buffalo-Cheektowaga, NY"
1946,Niagara County,NY,201912,707.43,0.0202,0.0826,"Buffalo-Cheektowaga, NY"
1946,Niagara County,NY,202001,705.02,-0.0034,0.0622,"Buffalo-Cheektowaga, NY"
1946,Niagara County,NY,202002,713.41,0.0119,0.0681,"Buffalo-Cheektowaga, NY"
1946,Niagara County,NY,202003,721.8,0.0118,0.057,"Buffalo-Cheektowaga, NY"
1946,Niagara County,NY,202004,731.57,0.0135,0.0644,"Buffalo-Cheektowaga, NY"
1946,Niagara County,NY,202005,741.11,0.013,0.0646,"Buffalo-Cheektowaga, NY"
1946,Niagara County,NY,202006,751.0,0.0133,0.0921,"Buffalo-Cheektowaga, NY"
1946,Niagara County,NY,202007,741.19,-0.0131,0.0719,"Buffalo-Cheektowaga, NY"
1946,Niagara County,NY,202008,731.71,-0.0128,0.0664,"Buffalo-Cheektowaga, NY"
1946,Niagara County,NY,202009,731.71,-0.0,0.0796,"Buffalo-Cheektowaga, NY"
1946,Niagara County,NY,202010,741.34,0.0132,0.0829,"Buffalo-Cheektowaga, NY"
1946,Niagara County,NY,202011,743.6,0.003,0.0723,"Buffalo-Cheektowaga, NY"
1946,Niagara County,NY,202012,747.94,0.0058,0.0573,"Buffalo-Cheektowaga, NY"
1946,Niagara County,NY,202101,766.34,0.0246,0.087,"Buffalo-Cheektowaga, NY"
1946,Niagara County,NY,202102,775.23,0.0116,0.0867,"Buffalo-Cheektowaga, NY"
1946,Niagara County,NY,202103,786.65,0.0147,0.0898,"Buffalo-Cheektowaga, NY"
1946,Niagara County,NY,202104,788.41,0.0022,0.0777,"Buffalo-Cheektowaga, NY"
1946,Niagara County,NY,202105,801.57,0.0167,0.0816,"Buffalo-Cheektowaga, NY"
1946,Niagara County,NY,202106,816.42,0.0185,0.0871,"Buffalo-Cheektowaga, NY"
1946,Niagara County,NY,202107,828.95,0.0154,0.1184,"Buffalo-Cheektowaga, NY"
1946,Niagara County,NY,202108,835.62,0.008,0.142,"Buffalo-Cheektowaga, NY"
1946,Niagara County,NY,202109,844.78,0.011,0.1545,"Buffalo-Cheektowaga, NY"
1946,Niagara County,NY,202110,840.1,-0.0055,0.1332,"Buffalo-Cheektowaga, NY"
1946,Niagara County,NY,202111,852.87,0.0152,0.1469,"Buffalo-Cheektowaga, NY"
1946,Niagara County,NY,202112,849.88,-0.0035,0.1363,"Buffalo-Cheektowaga, NY"
1946,Niagara County,NY,202201,866.87,0.02,0.1312,"Buffalo-Cheektowaga, NY"
1946,Niagara County,NY,202202,867.23,0.0004,0.1187,"Buffalo-Cheektowaga, NY"
1946,Niagara County,NY,202203,878.95,0.0135,0.1173,"Buffalo-Cheektowaga, NY"
1946,Niagara County,NY,202204,890.3,0.0129,0.1292,"Buffalo-Cheektowaga, NY"
1946,Niagara County,NY,202205,916.01,0.0289,0.1428,"Buffalo-Cheektowaga, NY"
1946,Niagara County,NY,202206,926.53,0.0115,0.1349,"Buffalo-Cheektowaga, NY"
1946,Niagara County,NY,202207,929.2,0.0029,0.1209,"Buffalo-Cheektowaga, NY"
1946,Niagara County,NY,202208,921.77,-0.008,0.1031,"Buffalo-Cheektowaga, NY"
1946,Niagara County,NY,202209,946.1,0.0264,0.1199,"Buffalo-Cheektowaga, NY"
1946,Niagara County,NY,202210,961.13,0.0159,0.1441,"Buffalo-Cheektowaga, NY"
1946,Niagara County,NY,202211,969.6,0.0088,0.1369,"Buffalo-Cheektowaga, NY"
1946,Niagara County,NY,202212,951.22,-0.019,0.1192,"Buffalo-Cheektowaga, NY"
1946,Niagara County,NY,202301,955.99,0.005,0.1028,"Buffalo-Cheektowaga, NY"
1946,Niagara County,NY,202302,959.69,0.0039,0.1066,"Buffalo-Cheektowaga, NY"
1946,Niagara County,NY,202303,964.22,0.0047,0.097,"Buffalo-Cheektowaga, NY"
1946,Niagara County,NY,202304,974.03,0.0102,0.094,"Buffalo-Cheektowaga, NY"
1946,Niagara County,NY,202305,993.66,0.0201,0.0848,"Buffalo-Cheektowaga, NY"
1946,Niagara County,NY,202306,1008.93,0.0154,0.0889,"Buffalo-Cheektowaga, NY"
1946,Niagara County,NY,202307,1021.92,0.0129,0.0998,"Buffalo-Cheektowaga, NY"
1946,Niagara County,NY,202308,1022.57,0.0006,0.1094,"Buffalo-Cheektowaga, NY"
1946,Niagara County,NY,202309,1024.61,0.002,0.083,"Buffalo-Cheektowaga, NY"
1946,Niagara County,NY,202310,1021.3,-0.0032,0.0626,"Buffalo-Cheektowaga, NY"
1946,Niagara County,NY,202311,1019.07,-0.0022,0.051,"Buffalo-Cheektowaga, NY"
1946,Niagara County,NY,202312,1023.67,0.0045,0.0762,"Buffalo-Cheektowaga, NY"
1946,Niagara County,NY,202401,1021.67,-0.002,0.0687,"Buffalo-Cheektowaga, NY"
1946,Niagara County,NY,202402,1035.06,0.0131,0.0785,"Buffalo-Cheektowaga, NY"
1946,Niagara County,NY,202403,1054.45,0.0187,0.0936,"Buffalo-Cheektowaga, NY"
1946,Niagara County,NY,202404,1066.27,0.0112,0.0947,"Buffalo-Cheektowaga, NY"
1946,Niagara County,NY,202405,1076.87,0.0099,0.0837,"Buffalo-Cheektowaga, NY"
1946,Niagara County,NY,202406,1078.85,0.0018,0.0693,"Buffalo-Cheektowaga, NY"
1946,Niagara County,NY,202407,1076.07,-0.0026,0.053,"Buffalo-Cheektowaga, NY"
1946,Niagara County,NY,202408,1070.06,-0.0056,0.0464,"Buffalo-Cheektowaga, NY"
1946,Niagara County,NY,202409,1071.51,0.0014,0.0458,"Buffalo-Cheektowaga, NY"
1946,Niagara County,NY,202410,1089.68,0.017,0.067,"Buffalo-Cheektowaga, NY"
1946,Niagara County,NY,202411,1110.39,0.019,0.0896,"Buffalo-Cheektowaga, NY"
1946,Niagara County,NY,202412,1109.77,-0.0006,0.0841,"Buffalo-Cheektowaga, NY"
1946,Niagara County,NY,202501,1100.01,-0.0088,0.0767,"Buffalo-Cheektowaga, NY"
1946,Niagara County,NY,202502,1085.03,-0.0136,0.0483,"Buffalo-Cheektowaga, NY"
1946,Niagara County,NY,202503,1096.24,0.0103,0.0396,"Buffalo-Cheektowaga, NY"
1946,Niagara County,NY,202504,1098.33,0.0019,0.0301,"Buffalo-Cheektowaga, NY"
1946,Niagara County,NY,202505,1108.8,0.0095,0.0297,"Buffalo-Cheektowaga, NY"
1946,Niagara County,NY,202506,1102.97,-0.0053,0.0224,"Buffalo-Cheektowaga, NY"
1946,Niagara County,NY,202507,1112.08,0.0083,0.0335,"Buffalo-Cheektowaga, NY"
1946,Niagara County,NY,202508,1115.74,0.0033,0.0427,"Buffalo-Cheektowaga, NY"
1946,Niagara County,NY,202509,1136.5,0.0186,0.0607,"Buffalo-Cheektowaga, NY"
1946,Niagara County,NY,202510,1145.65,0.0081,0.0514,"Buffalo-Cheektowaga, NY"
1946,Niagara County,NY,202511,1159.61,0.0122,0.0443,"Buffalo-Cheektowaga, NY"
1946,Niagara County,NY,202512,1152.09,-0.0065,0.0381,"Buffalo-Cheektowaga, NY"
1946,Niagara County,NY,202601,1157.59,0.0048,0.0524,"Buffalo-Cheektowaga, NY"
1946,Niagara County,NY,202602,1160.21,0.0023,0.0693,"Buffalo-Cheektowaga, NY"
1946,Niagara County,NY,202603,1164.41,0.0036,0.0622,"Buffalo-Cheektowaga, NY"
1946,Niagara County,NY,202604,1171.03,0.0057,0.0662,"Buffalo-Cheektowaga, NY"
1946,Niagara County,NY,202605,1167.57,-0.003,0.053,"Buffalo-Cheektowaga, NY"
1946,Niagara County,NY,202606,1171.58,0.0034,0.0622,"Buffalo-Cheektowaga, NY"
1946,Niagara County,NY,202607,1176.25,0.004,0.0577,"Buffalo-Cheektowaga, NY"
1946,Niagara County,NY,202608,1183.89,0.0065,0.0611,"Buffalo-Cheektowaga, NY"
1952,Ontario County,NY,202009,1166.27,,,"Rochester, NY"
1952,Ontario County,NY,202010,1186.78,0.0176,,"Rochester, NY"
1952,Ontario County,NY,202011,1229.49,0.036,,"Rochester, NY"
1952,Ontario County,NY,202012,1231.58,0.0017,,"Rochester, NY"
1952,Ontario County,NY,202101,1215.55,-0.013,,"Rochester, NY"
1952,Ontario County,NY,202102,1212.17,-0.0028,,"Rochester, NY"
1952,Ontario County,NY,202104,1277.5,0.0539,,"Rochester, NY"
1952,Ontario County,NY,202105,1299.96,0.0176,,"Rochester, NY"
1952,Ontario County,NY,202106,1309.39,0.0073,,"Rochester, NY"
1952,Ontario County,NY,202107,1324.37,0.0114,,"Rochester, NY"
1952,Ontario County,NY,202108,1339.34,0.0113,,"Rochester, NY"
1952,Ontario County,NY,202109,1326.54,-0.0096,,"Rochester, NY"
1952,Ontario County,NY,202110,1309.81,-0.0126,0.1231,"Rochester, NY"
1952,Ontario County,NY,202111,1306.63,-0.0024,0.101,"Rochester, NY"
1952,Ontario County,NY,202112,1299.59,-0.0054,0.057,"Rochester, NY"
1952,Ontario County,NY,202201,1312.41,0.0099,0.0656,"Rochester, NY"
1952,Ontario County,NY,202202,1329.95,0.0134,0.0941,"Rochester, NY"
1952,Ontario County,NY,202203,1380.63,0.0381,0.139,"Rochester, NY"
1952,Ontario County,NY,202204,1421.69,0.0297,0.1129,"Rochester, NY"
1952,Ontario County,NY,202205,1431.98,0.0072,0.1016,"Rochester, NY"
1952,Ontario County,NY,202206,1462.62,0.0214,0.117,"Rochester, NY"
1952,Ontario County,NY,202207,1484.75,0.0151,0.1211,"Rochester, NY"
1952,Ontario County,NY,202208,1509.08,0.0164,0.1267,"Rochester, NY"
1952,Ontario County,NY,202209,1483.13,-0.0172,0.118,"Rochester, NY"
1952,Ontario County,NY,202210,1478.11,-0.0034,0.1285,"Rochester, NY"
1952,Ontario County,NY,202211,1470.59,-0.0051,0.1255,"Rochester, NY"
1952,Ontario County,NY,202212,1469.02,-0.0011,0.1304,"Rochester, NY"
1952,Ontario County,NY,202301,1461.44,-0.0052,0.1136,"Rochester, NY"
1952,Ontario County,NY,202302,1450.82,-0.0073,0.0909,"Rochester, NY"
1952,Ontario County,NY,202303,1473.87,0.0159,0.0675,"Rochester, NY"
1952,Ontario County,NY,202304,1496.46,0.0153,0.0526,"Rochester, NY"
1952,Ontario County,NY,202305,1504.87,0.0056,0.0509,"Rochester, NY"
1952,Ontario County,NY,202306,1531.1,0.0174,0.0468,"Rochester, NY"
1952,Ontario County,NY,202307,1551.8,0.0135,0.0452,"Rochester, NY"
1952,Ontario County,NY,202308,1578.57,0.0173,0.0461,"Rochester, NY"
1952,Ontario County,NY,202309,1577.81,-0.0005,0.0638,"Rochester, NY"
1952,Ontario County,NY,202310,1578.31,0.0003,0.0678,"Rochester, NY"
1952,Ontario County,NY,202311,1593.47,0.0096,0.0836,"Rochester, NY"
1952,Ontario County,NY,202312,1595.05,0.001,0.0858,"Rochester, NY"
1952,Ontario County,NY,202401,1589.69,-0.0034,0.0878,"Rochester, NY"
1952,Ontario County,NY,202402,1606.3,0.0104,0.1072,"Rochester, NY"
1952,Ontario County,NY,202403,1600.38,-0.0037,0.0858,"Rochester, NY"
1952,Ontario County,NY,202404,1619.85,0.0122,0.0824,"Rochester, NY"
1952,Ontario County,NY,202405,1616.31,-0.0022,0.074,"Rochester, NY"
1952,Ontario County,NY,202406,1639.22,0.0142,0.0706,"Rochester, NY"
1952,Ontario County,NY,202407,1641.43,0.0013,0.0578,"Rochester, NY"
1952,Ontario County,NY,202408,1627.15,-0.0087,0.0308,"Rochester, NY"
1952,Ontario County,NY,202409,1639.7,0.0077,0.0392,"Rochester, NY"
1952,Ontario County,NY,202410,1700.24,0.0369,0.0773,"Rochester, NY"
1952,Ontario County,NY,202411,1719.71,0.0115,0.0792,"Rochester, NY"
1952,Ontario County,NY,202412,1697.71,-0.0128,0.0644,"Rochester, NY"
1952,Ontario County,NY,202501,1634.47,-0.0373,0.0282,"Rochester, NY"
1952,Ontario County,NY,202502,1640.69,0.0038,0.0214,"Rochester, NY"
1952,Ontario County,NY,202503,1676.3,0.0217,0.0474,"Rochester, NY"
1952,Ontario County,NY,202504,1699.03,0.0136,0.0489,"Rochester, NY"
1952,Ontario County,NY,202505,1709.77,0.0063,0.0578,"Rochester, NY"
1952,Ontario County,NY,202506,1719.05,0.0054,0.0487,"Rochester, NY"
1952,Ontario County,NY,202507,1721.77,0.0016,0.0489,"Rochester, NY"
1952,Ontario County,NY,202508,1727.9,0.0036,0.0619,"Rochester, NY"
1952,Ontario County,NY,202509,1740.33,0.0072,0.0614,"Rochester, NY"
1952,Ontario County,NY,202510,1764.74,0.014,0.0379,"Rochester, NY"
1952,Ontario County,NY,202511,1780.05,0.0087,0.0351,"Rochester, NY"
1952,Ontario County,NY,202512,1765.24,-0.0083,0.0398,"Rochester, NY"
1952,Ontario County,NY,202601,1755.98,-0.0053,0.0743,"Rochester, NY"
1952,Ontario County,NY,202602,1742.7,-0.0076,0.0622,"Rochester, NY"
1952,Ontario County,NY,202603,1740.95,-0.001,0.0386,"Rochester, NY"
1952,Ontario County,NY,202604,1746.08,0.0029,0.0277,"Rochester, NY"
1952,Ontario County,NY,202605,1751.12,0.0029,0.0242,"Rochester, NY"
1952,Ontario County,NY,202606,1764.39,0.0076,0.0264,"Rochester, NY"
1952,Ontario County,NY,202607,1763.6,-0.0004,0.0243,"Rochester, NY"
1952,Ontario County,NY,202608,1773.43,0.0056,0.0263,"Rochester, NY"
1954,Orleans County,NY,202608,775.0,,,"Rochester, NY"
2039,Steuben County,NY,202401,1311.28,,,"Corning, NY"
2039,Steuben County,NY,202402,1294.12,-0.0131,,"Corning, NY"
2039,Steuben County,NY,202403,1283.91,-0.0079,,"Corning, NY"
2039,Steuben County,NY,202404,1283.76,-0.0001,,"Corning, NY"
2039,Steuben County,NY,202405,1292.46,0.0068,,"Corning, NY"
2039,Steuben County,NY,202406,1302.12,0.0075,,"Corning, NY"
2039,Steuben County,NY,202407,1311.59,0.0073,,"Corning, NY"
2039,Steuben County,NY,202408,1320.02,0.0064,,"Corning, NY"
2039,Steuben County,NY,202409,1312.78,-0.0055,,"Corning, NY"
2039,Steuben County,NY,202410,1330.15,0.0132,,"Corning, NY"
2039,Steuben County,NY,202411,1338.47,0.0063,,"Corning, NY"
2039,Steuben County,NY,202412,1331.45,-0.0052,,"Corning, NY"
2039,Steuben County,NY,202501,1330.76,-0.0005,0.0149,"Corning, NY"
2039,Steuben County,NY,202502,1361.4,0.023,0.052,"Corning, NY"
2039,Steuben County,NY,202503,1385.91,0.018,0.0794,"Corning, NY"
2039,Steuben County,NY,202504,1394.5,0.0062,0.0863,"Corning, NY"
2039,Steuben County,NY,202505,1370.81,-0.017,0.0606,"Corning, NY"
2039,Steuben County,NY,202506,1367.98,-0.0021,0.0506,"Corning, NY"
2039,Steuben County,NY,202507,1354.63,-0.0098,0.0328,"Corning, NY"
2039,Steuben County,NY,202508,1349.54,-0.0038,0.0224,"Corning, NY"
2039,Steuben County,NY,202509,1353.76,0.0031,0.0312,"Corning, NY"
2039,Steuben County,NY,202510,1362.29,0.0063,0.0242,"Corning, NY"
2039,Steuben County,NY,202511,1370.24,0.0058,0.0237,"Corning, NY"
2039,Steuben County,NY,202512,1378.99,0.0064,0.0357,"Corning, NY"
2039,Steuben County,NY,202601,1378.98,-0.0,0.0362,"Corning, NY"
2039,Steuben County,NY,202602,1375.22,-0.0027,0.0102,"Corning, NY"
2039,Steuben County,NY,202603,1358.17,-0.0124,-0.02,"Corning, NY"
2039,Steuben County,NY,202604,1350.13,-0.0059,-0.0318,"Corning, NY"
2039,Steuben County,NY,202605,1366.65,0.0122,-0.003,"Corning, NY"
2039,Steuben County,NY,202606,1364.31,-0.0017,-0.0027,"Corning, NY"
2039,Steuben County,NY,202607,1367.46,0.0023,0.0095,"Corning, NY"
2039,Steuben County,NY,202608,1350.69,-0.0123,0.0009,"Corning, NY"
2046,Suffolk County,NY,201501,1784.73,,,"New York-Newark-Jersey City, NY-NJ-PA"
2046,Suffolk County,NY,201502,1811.71,0.0151,,"New York-Newark-Jersey City, NY-NJ-PA"
2046,Suffolk County,NY,201503,1838.23,0.0146,,"New York-Newark-Jersey City, NY-NJ-PA"
2046,Suffolk County,NY,201504,1860.42,0.0121,,"New York-Newark-Jersey City, NY-NJ-PA"
2046,Suffolk County,NY,201505,1859.08,-0.0007,,"New York-Newark-Jersey City, NY-NJ-PA"
2046,Suffolk County,NY,201506,1880.77,0.0117,,"New York-Newark-Jersey City, NY-NJ-PA"
2046,Suffolk County,NY,201507,1858.68,-0.0117,,"New York-Newark-Jersey City, NY-NJ-PA"
2046,Suffolk County,NY,201508,1857.25,-0.0008,,"New York-Newark-Jersey City, NY-NJ-PA"
2046,Suffolk County,NY,201509,1846.02,-0.006,,"New York-Newark-Jersey City, NY-NJ-PA"
2046,Suffolk County,NY,201510,1863.44,0.0094,,"New York-Newark-Jersey City, NY-NJ-PA"
2046,Suffolk County,NY,201511,1879.58,0.0087,,"New York-Newark-Jersey City, NY-NJ-PA"
2046,Suffolk County,NY,201512,1901.7,0.0118,,"New York-Newark-Jersey City, NY-NJ-PA"
2046,Suffolk County,NY,201601,1913.75,0.0063,0.0723,"New York-Newark-Jersey City, NY-NJ-PA"
2046,Suffolk County,NY,201602,1929.21,0.0081,0.0649,"New York-Newark-Jersey City, NY-NJ-PA"
2046,Suffolk County,NY,201603,1907.9,-0.011,0.0379,"New York-Newark-Jersey City, NY-NJ-PA"
2046,Suffolk County,NY,201604,1939.14,0.0164,0.0423,"New York-Newark-Jersey City, NY-NJ-PA"
2046,Suffolk County,NY,201605,1945.62,0.0033,0.0466,"New York-Newark-Jersey City, NY-NJ-PA"
2046,Suffolk County,NY,201606,1944.4,-0.0006,0.0338,"New York-Newark-Jersey City, NY-NJ-PA"
2046,Suffolk County,NY,201607,1933.76,-0.0055,0.0404,"New York-Newark-Jersey City, NY-NJ-PA"
2046,Suffolk County,NY,201608,1917.19,-0.0086,0.0323,"New York-Newark-Jersey City, NY-NJ-PA"
2046,Suffolk County,NY,201609,1909.68,-0.0039,0.0345,"New York-Newark-Jersey City, NY-NJ-PA"
2046,Suffolk County,NY,201610,1913.24,0.0019,0.0267,"New York-Newark-Jersey City, NY-NJ-PA"
2046,Suffolk County,NY,201611,1931.22,0.0094,0.0275,"New York-Newark-Jersey City, NY-NJ-PA"
2046,Suffolk County,NY,201612,1976.5,0.0235,0.0393,"New York-Newark-Jersey City, NY-NJ-PA"
2046,Suffolk County,NY,201701,1979.4,0.0015,0.0343,"New York-Newark-Jersey City, NY-NJ-PA"
2046,Suffolk County,NY,201702,1982.11,0.0014,0.0274,"New York-Newark-Jersey City, NY-NJ-PA"
2046,Suffolk County,NY,201703,1994.26,0.0061,0.0453,"New York-Newark-Jersey City, NY-NJ-PA"
2046,Suffolk County,NY,201704,2015.68,0.0107,0.0395,"New York-Newark-Jersey City, NY-NJ-PA"
2046,Suffolk County,NY,201705,2028.99,0.0066,0.0428,"New York-Newark-Jersey City, NY-NJ-PA"
2046,Suffolk County,NY,201706,2006.3,-0.0112,0.0318,"New York-Newark-Jersey City, NY-NJ-PA"
2046,Suffolk County,NY,201707,2011.21,0.0024,0.0401,"New York-Newark-Jersey City, NY-NJ-PA"
2046,Suffolk County,NY,201708,2012.11,0.0004,0.0495,"New York-Newark-Jersey City, NY-NJ-PA"
2046,Suffolk County,NY,201709,2063.74,0.0257,0.0807,"New York-Newark-Jersey City, NY-NJ-PA"
2046,Suffolk County,NY,201710,2087.18,0.0114,0.0909,"New York-Newark-Jersey City, NY-NJ-PA"
2046,Suffolk County,NY,201711,2075.11,-0.0058,0.0745,"New York-Newark-Jersey City, NY-NJ-PA"
2046,Suffolk County,NY,201712,2021.94,-0.0256,0.023,"New York-Newark-Jersey City, NY-NJ-PA"
2046,Suffolk County,NY,201801,1998.57,-0.0116,0.0097,"New York-Newark-Jersey City, NY-NJ-PA"
2046,Suffolk County,NY,201802,1999.04,0.0002,0.0085,"New York-Newark-Jersey City, NY-NJ-PA"
2046,Suffolk County,NY,201803,1999.57,0.0003,0.0027,"New York-Newark-Jersey City, NY-NJ-PA"
2046,Suffolk County,NY,201804,2019.73,0.0101,0.002,"New York-Newark-Jersey City, NY-NJ-PA"
2046,Suffolk County,NY,201805,2025.56,0.0029,-0.0017,"New York-Newark-Jersey City, NY-NJ-PA"
2046,Suffolk County,NY,201806,2029.68,0.002,0.0117,"New York-Newark-Jersey City, NY-NJ-PA"
2046,Suffolk County,NY,201807,2029.86,0.0001,0.0093,"New York-Newark-Jersey City, NY-NJ-PA"
2046,Suffolk County,NY,201808,2069.11,0.0193,0.0283,"New York-Newark-Jersey City, NY-NJ-PA"
2046,Suffolk County,NY,201809,2103.21,0.0165,0.0191,"New York-Newark-Jersey City, NY-NJ-PA"
2046,Suffolk County,NY,201810,2100.25,-0.0014,0.0063,"New York-Newark-Jersey City, NY-NJ-PA"
2046,Suffolk County,NY,201811,2103.53,0.0016,0.0137,"New York-Newark-Jersey City, NY-NJ-PA"
2046,Suffolk County,NY,201812,2095.79,-0.0037,0.0365,"New York-Newark-Jersey City, NY-NJ-PA"
2046,Suffolk County,NY,201901,2118.24,0.0107,0.0599,"New York-Newark-Jersey City, NY-NJ-PA"
2046,Suffolk County,NY,201902,2120.39,0.001,0.0607,"New York-Newark-Jersey City, NY-NJ-PA"
2046,Suffolk County,NY,201903,2160.4,0.0189,0.0804,"New York-Newark-Jersey City, NY-NJ-PA"
2046,Suffolk County,NY,201904,2163.72,0.0015,0.0713,"New York-Newark-Jersey City, NY-NJ-PA"
2046,Suffolk County,NY,201905,2177.36,0.0063,0.0749,"New York-Newark-Jersey City, NY-NJ-PA"
2046,Suffolk County,NY,201906,2180.83,0.0016,0.0745,"New York-Newark-Jersey City, NY-NJ-PA"
2046,Suffolk County,NY,201907,2171.28,-0.0044,0.0697,"New York-Newark-Jersey City, NY-NJ-PA"
2046,Suffolk County,NY,201908,2153.09,-0.0084,0.0406,"New York-Newark-Jersey City, NY-NJ-PA"
2046,Suffolk County,NY,201909,2135.23,-0.0083,0.0152,"New York-Newark-Jersey City, NY-NJ-PA"
2046,Suffolk County,NY,201910,2180.39,0.0212,0.0382,"New York-Newark-Jersey City, NY-NJ-PA"
2046,Suffolk County,NY,201911,2200.0,0.009,0.0459,"New York-Newark-Jersey City, NY-NJ-PA"
2046,Suffolk County,NY,201912,2247.29,0.0215,0.0723,"New York-Newark-Jersey City, NY-NJ-PA"
2046,Suffolk County,NY,202001,2227.08,-0.009,0.0514,"New York-Newark-Jersey City, NY-NJ-PA"
2046,Suffolk County,NY,202002,2234.13,0.0032,0.0536,"New York-Newark-Jersey City, NY-NJ-PA"
2046,Suffolk County,NY,202003,2241.13,0.0031,0.0374,"New York-Newark-Jersey City, NY-NJ-PA"
2046,Suffolk County,NY,202004,2275.4,0.0153,0.0516,"New York-Newark-Jersey City, NY-NJ-PA"
2046,Suffolk County,NY,202005,2320.58,0.0199,0.0658,"New York-Newark-Jersey City, NY-NJ-PA"
2046,Suffolk County,NY,202006,2330.3,0.0042,0.0685,"New York-Newark-Jersey City, NY-NJ-PA"
2046,Suffolk County,NY,202007,2333.23,0.0013,0.0746,"New York-Newark-Jersey City, NY-NJ-PA"
2046,Suffolk County,NY,202008,2299.61,-0.0144,0.068,"New York-Newark-Jersey City, NY-NJ-PA"
2046,Suffolk County,NY,202009,2287.07,-0.0055,0.0711,"New York-Newark-Jersey City, NY-NJ-PA"
2046,Suffolk County,NY,202010,2265.64,-0.0094,0.0391,"New York-Newark-Jersey City, NY-NJ-PA"
2046,Suffolk County,NY,202011,2309.63,0.0194,0.0498,"New York-Newark-Jersey City, NY-NJ-PA"
2046,Suffolk County,NY,202012,2335.9,0.0114,0.0394,"New York-Newark-Jersey City, NY-NJ-PA"
2046,Suffolk County,NY,202101,2383.3,0.0203,0.0701,"New York-Newark-Jersey City, NY-NJ-PA"
2046,Suffolk County,NY,202102,2422.57,0.0165,0.0843,"New York-Newark-Jersey City, NY-NJ-PA"
2046,Suffolk County,NY,202103,2486.73,0.0265,0.1096,"New York-Newark-Jersey City, NY-NJ-PA"
2046,Suffolk County,NY,202104,2544.03,0.023,0.1181,"New York-Newark-Jersey City, NY-NJ-PA"
2046,Suffolk County,NY,202105,2583.65,0.0156,0.1134,"New York-Newark-Jersey City, NY-NJ-PA"
2046,Suffolk County,NY,202106,2595.85,0.0047,0.114,"New York-Newark-Jersey City, NY-NJ-PA"
2046,Suffolk County,NY,202107,2601.46,0.0022,0.115,"New York-Newark-Jersey City, NY-NJ-PA"
2046,Suffolk County,NY,202108,2577.71,-0.0091,0.1209,"New York-Newark-Jersey City, NY-NJ-PA"
2046,Suffolk County,NY,202109,2540.97,-0.0143,0.111,"New York-Newark-Jersey City, NY-NJ-PA"
2046,Suffolk County,NY,202110,2537.64,-0.0013,0.1201,"New York-Newark-Jersey City, NY-NJ-PA"
2046,Suffolk County,NY,202111,2509.33,-0.0112,0.0865,"New York-Newark-Jersey City, NY-NJ-PA"
2046,Suffolk County,NY,202112,2554.53,0.018,0.0936,"New York-Newark-Jersey City, NY-NJ-PA"
2046,Suffolk County,NY,202201,2593.33,0.0152,0.0881,"New York-Newark-Jersey City, NY-NJ-PA"
2046,Suffolk County,NY,202202,2677.32,0.0324,0.1052,"New York-Newark-Jersey City, NY-NJ-PA"
2046,Suffolk County,NY,202203,2712.48,0.0131,0.0908,"New York-Newark-Jersey City, NY-NJ-PA"
2046,Suffolk County,NY,202204,2727.14,0.0054,0.072,"New York-Newark-Jersey City, NY-NJ-PA"
2046,Suffolk County,NY,202205,2749.67,0.0083,0.0643,"New York-Newark-Jersey City, NY-NJ-PA"
2046,Suffolk County,NY,202206,2768.8,0.007,0.0666,"New York-Newark-Jersey City, NY-NJ-PA"
2046,Suffolk County,NY,202207,2812.12,0.0156,0.081,"New York-Newark-Jersey City, NY-NJ-PA"
2046,Suffolk County,NY,202208,2819.29,0.0025,0.0937,"New York-Newark-Jersey City, NY-NJ-PA"
2046,Suffolk County,NY,202209,2806.57,-0.0045,0.1045,"New York-Newark-Jersey City, NY-NJ-PA"
2046,Suffolk County,NY,202210,2781.27,-0.009,0.096,"New York-Newark-Jersey City, NY-NJ-PA"
2046,Suffolk County,NY,202211,2765.66,-0.0056,0.1022,"New York-Newark-Jersey City, NY-NJ-PA"
2046,Suffolk County,NY,202212,2771.56,0.0021,0.085,"New York-Newark-Jersey City, NY-NJ-PA"
2046,Suffolk County,NY,202301,2783.51,0.0043,0.0733,"New York-Newark-Jersey City, NY-NJ-PA"
2046,Suffolk County,NY,202302,2812.67,0.0105,0.0506,"New York-Newark-Jersey City, NY-NJ-PA"
2046,Suffolk County,NY,202303,2845.59,0.0117,0.0491,"New York-Newark-Jersey City, NY-NJ-PA"
2046,Suffolk County,NY,202304,2879.4,0.0119,0.0558,"New York-Newark-Jersey City, NY-NJ-PA"
2046,Suffolk County,NY,202305,2913.79,0.0119,0.0597,"New York-Newark-Jersey City, NY-NJ-PA"
2046,Suffolk County,NY,202306,2908.06,-0.002,0.0503,"New York-Newark-Jersey City, NY-NJ-PA"
2046,Suffolk County,NY,202307,2901.97,-0.0021,0.032,"New York-Newark-Jersey City, NY-NJ-PA"
2046,Suffolk County,NY,202308,2886.64,-0.0053,0.0239,"New York-Newark-Jersey City, NY-NJ-PA"
2046,Suffolk County,NY,202309,2861.86,-0.0086,0.0197,"New York-Newark-Jersey City, NY-NJ-PA"
2046,Suffolk County,NY,202310,2844.88,-0.0059,0.0229,"New York-Newark-Jersey City, NY-NJ-PA"
2046,Suffolk County,NY,202311,2844.33,-0.0002,0.0284,"New York-Newark-Jersey City, NY-NJ-PA"
2046,Suffolk County,NY,202312,2875.92,0.0111,0.0377,"New York-Newark-Jersey City, NY-NJ-PA"
2046,Suffolk County,NY,202401,2907.79,0.0111,0.0446,"New York-Newark-Jersey City, NY-NJ-PA"
2046,Suffolk County,NY,202402,2927.9,0.0069,0.041,"New York-Newark-Jersey City, NY-NJ-PA"
2046,Suffolk County,NY,202403,2964.61,0.0125,0.0418,"New York-Newark-Jersey City, NY-NJ-PA"
2046,Suffolk County,NY,202404,2968.22,0.0012,0.0308,"New York-Newark-Jersey City, NY-NJ-PA"
2046,Suffolk County,NY,202405,2969.76,0.0005,0.0192,"New York-Newark-Jersey City, NY-NJ-PA"
2046,Suffolk County,NY,202406,2979.94,0.0034,0.0247,"New York-Newark-Jersey City, NY-NJ-PA"
2046,Suffolk County,NY,202407,3014.4,0.0116,0.0387,"New York-Newark-Jersey City, NY-NJ-PA"
2046,Suffolk County,NY,202408,3035.11,0.0069,0.0514,"New York-Newark-Jersey City, NY-NJ-PA"
2046,Suffolk County,NY,202409,3008.16,-0.0089,0.0511,"New York-Newark-Jersey City, NY-NJ-PA"
2046,Suffolk County,NY,202410,2988.8,-0.0064,0.0506,"New York-Newark-Jersey City, NY-NJ-PA"
2046,Suffolk County,NY,202411,2989.94,0.0004,0.0512,"New York-Newark-Jersey City, NY-NJ-PA"
2046,Suffolk County,NY,202412,3021.62,0.0106,0.0507,"New York-Newark-Jersey City, NY-NJ-PA"
2046,Suffolk County,NY,202501,3029.63,0.0027,0.0419,"New York-Newark-Jersey City, NY-NJ-PA"
2046,Suffolk County,NY,202502,3037.02,0.0024,0.0373,"New York-Newark-Jersey City, NY-NJ-PA"
2046,Suffolk County,NY,202503,3055.05,0.0059,0.0305,"New York-Newark-Jersey City, NY-NJ-PA"
2046,Suffolk County,NY,202504,3075.36,0.0066,0.0361,"New York-Newark-Jersey City, NY-NJ-PA"
2046,Suffolk County,NY,202505,3101.5,0.0085,0.0444,"New York-Newark-Jersey City, NY-NJ-PA"
2046,Suffolk County,NY,202506,3087.59,-0.0045,0.0361,"New York-Newark-Jersey City, NY-NJ-PA"
2046,Suffolk County,NY,202507,3108.58,0.0068,0.0312,"New York-Newark-Jersey City, NY-NJ-PA"
2046,Suffolk County,NY,202508,3100.55,-0.0026,0.0216,"New York-Newark-Jersey City, NY-NJ-PA"
2046,Suffolk County,NY,202509,3109.84,0.003,0.0338,"New York-Newark-Jersey City, NY-NJ-PA"
2046,Suffolk County,NY,202510,3115.74,0.0019,0.0425,"New York-Newark-Jersey City, NY-NJ-PA"
2046,Suffolk County,NY,202511,3135.66,0.0064,0.0487,"New York-Newark-Jersey City, NY-NJ-PA"
2046,Suffolk County,NY,202512,3154.29,0.0059,0.0439,"New York-Newark-Jersey City, NY-NJ-PA"
2046,Suffolk County,NY,202601,3162.08,0.0025,0.0437,"New York-Newark-Jersey City, NY-NJ-PA"
2046,Suffolk County,NY,202602,3175.8,0.0043,0.0457,"New York-Newark-Jersey City, NY-NJ-PA"
2046,Suffolk County,NY,202603,3205.34,0.0093,0.0492,"New York-Newark-Jersey City, NY-NJ-PA"
2046,Suffolk County,NY,202604,3216.57,0.0035,0.0459,"New York-Newark-Jersey City, NY-NJ-PA"
2046,Suffolk County,NY,202605,3251.97,0.011,0.0485,"New York-Newark-Jersey City, NY-NJ-PA"
2046,Suffolk County,NY,202606,3271.39,0.006,0.0595,"New York-Newark-Jersey City, NY-NJ-PA"
2046,Suffolk County,NY,202607,3302.49,0.0095,0.0624,"New York-Newark-Jersey City, NY-NJ-PA"
2046,Suffolk County,NY,202608,3311.97,0.0029,0.0682,"New York-Newark-Jersey City, NY-NJ-PA"
2214,Columbia County,NY,202201,1801.23,,,"Hudson, NY"
2214,Columbia County,NY,202202,1782.68,-0.0103,,"Hudson, NY"
2214,Columbia County,NY,202203,1848.2,0.0368,,"Hudson, NY"
2214,Columbia County,NY,202204,1884.48,0.0196,,"Hudson, NY"
2214,Columbia County,NY,202205,1874.22,-0.0054,,"Hudson, NY"
2214,Columbia County,NY,202206,1839.32,-0.0186,,"Hudson, NY"
2214,Columbia County,NY,202207,1847.48,0.0044,,"Hudson, NY"
2214,Columbia County,NY,202208,1925.46,0.0422,,"Hudson, NY"
2214,Columbia County,NY,202209,1941.78,0.0085,,"Hudson, NY"
2214,Columbia County,NY,202210,1942.53,0.0004,,"Hudson, NY"
2214,Columbia County,NY,202211,1895.73,-0.0241,,"Hudson, NY"
2214,Columbia County,NY,202212,1941.75,0.0243,,"Hudson, NY"
2214,Columbia County,NY,202301,1942.44,0.0004,0.0784,"Hudson, NY"
2214,Columbia County,NY,202302,1959.31,0.0087,0.0991,"Hudson, NY"
2214,Columbia County,NY,202303,1946.21,-0.0067,0.053,"Hudson, NY"
2214,Columbia County,NY,202304,1958.15,0.0061,0.0391,"Hudson, NY"
2214,Columbia County,NY,202305,1981.05,0.0117,0.057,"Hudson, NY"
2214,Columbia County,NY,202306,1935.85,-0.0228,0.0525,"Hudson, NY"
2214,Columbia County,NY,202307,1955.54,0.0102,0.0585,"Hudson, NY"
2214,Columbia County,NY,202308,1934.3,-0.0109,0.0046,"Hudson, NY"
2214,Columbia County,NY,202309,2012.01,0.0402,0.0362,"Hudson, NY"
2214,Columbia County,NY,202310,2024.92,0.0064,0.0424,"Hudson, NY"
2214,Columbia County,NY,202311,2035.12,0.005,0.0735,"Hudson, NY"
2214,Columbia County,NY,202312,2006.95,-0.0138,0.0336,"Hudson, NY"
2214,Columbia County,NY,202401,2036.34,0.0146,0.0483,"Hudson, NY"
2214,Columbia County,NY,202402,2054.85,0.0091,0.0488,"Hudson, NY"
2214,Columbia County,NY,202403,2064.68,0.0048,0.0609,"Hudson, NY"
2214,Columbia County,NY,202404,2023.44,-0.02,0.0333,"Hudson, NY"
2214,Columbia County,NY,202405,2035.7,0.0061,0.0276,"Hudson, NY"
2214,Columbia County,NY,202406,2062.02,0.0129,0.0652,"Hudson, NY"
2214,Columbia County,NY,202407,2096.64,0.0168,0.0722,"Hudson, NY"
2214,Columbia County,NY,202408,2075.73,-0.01,0.0731,"Hudson, NY"
2214,Columbia County,NY,202409,2085.21,0.0046,0.0364,"Hudson, NY"
2214,Columbia County,NY,202410,2077.75,-0.0036,0.0261,"Hudson, NY"
2214,Columbia County,NY,202411,2110.09,0.0156,0.0368,"Hudson, NY"
2214,Columbia County,NY,202412,2117.18,0.0034,0.0549,"Hudson, NY"
2214,Columbia County,NY,202501,2124.41,0.0034,0.0432,"Hudson, NY"
2214,Columbia County,NY,202502,2140.66,0.0076,0.0418,"Hudson, NY"
2214,Columbia County,NY,202503,2153.77,0.0061,0.0431,"Hudson, NY"
2214,Columbia County,NY,202504,2157.82,0.0019,0.0664,"Hudson, NY"
2214,Columbia County,NY,202505,2170.9,0.0061,0.0664,"Hudson, NY"
2214,Columbia County,NY,202506,2186.36,0.0071,0.0603,"Hudson, NY"
2214,Columbia County,NY,202507,2160.07,-0.012,0.0303,"Hudson, NY"
2214,Columbia County,NY,202508,2191.04,0.0143,0.0555,"Hudson, NY"
2214,Columbia County,NY,202509,2155.89,-0.016,0.0339,"Hudson, NY"
2214,Columbia County,NY,202510,2205.44,0.023,0.0615,"Hudson, NY"
2214,Columbia County,NY,202511,2119.22,-0.0391,0.0043,"Hudson, NY"
2214,Columbia County,NY,202512,2146.57,0.0129,0.0139,"Hudson, NY"
2214,Columbia County,NY,202601,2162.22,0.0073,0.0178,"Hudson, NY"
2214,Columbia County,NY,202602,2237.33,0.0347,0.0452,"Hudson, NY"
2214,Columbia County,NY,202603,2273.36,0.0161,0.0555,"Hudson, NY"
2214,Columbia County,NY,202604,2266.22,-0.0031,0.0502,"Hudson, NY"
2214,Columbia County,NY,202605,2295.12,0.0128,0.0572,"Hudson, NY"
2214,Columbia County,NY,202606,2269.23,-0.0113,0.0379,"Hudson, NY"
2214,Columbia County,NY,202607,2317.96,0.0215,0.0731,"Hudson, NY"
2214,Columbia County,NY,202608,2284.42,-0.0145,0.0426,"Hudson, NY"
2224,Cortland County,NY,202302,914.43,,,"Cortland, NY"
2224,Cortland County,NY,202303,913.47,-0.0011,,"Cortland, NY"
2224,Cortland County,NY,202304,927.82,0.0157,,"Cortland, NY"
2224,Cortland County,NY,202305,989.58,0.0666,,"Cortland, NY"
2224,Cortland County,NY,202306,1028.94,0.0398,,"Cortland, NY"
2224,Cortland County,NY,202307,1050.55,0.021,,"Cortland, NY"
2224,Cortland County,NY,202308,1063.59,0.0124,,"Cortland, NY"
2224,Cortland County,NY,202309,1042.23,-0.0201,,"Cortland, NY"
2224,Cortland County,NY,202310,1036.91,-0.0051,,"Cortland, NY"
2224,Cortland County,NY,202311,1054.52,0.017,,"Cortland, NY"
2224,Cortland County,NY,202312,1069.12,0.0138,,"Cortland, NY"
2224,Cortland County,NY,202401,1107.84,0.0362,,"Cortland, NY"
2224,Cortland County,NY,202402,1086.85,-0.0189,0.1886,"Cortland, NY"
2224,Cortland County,NY,202403,1099.55,0.0117,0.2037,"Cortland, NY"
2224,Cortland County,NY,202404,1063.4,-0.0329,0.1461,"Cortland, NY"
2224,Cortland County,NY,202405,1067.04,0.0034,0.0783,"Cortland, NY"
2224,Cortland County,NY,202406,1068.13,0.001,0.0381,"Cortland, NY"
2224,Cortland County,NY,202407,1097.85,0.0278,0.045,"Cortland, NY"
2224,Cortland County,NY,202408,1108.23,0.0095,0.042,"Cortland, NY"
2224,Cortland County,NY,202409,1093.02,-0.0137,0.0487,"Cortland, NY"
2224,Cortland County,NY,202410,1086.65,-0.0058,0.048,"Cortland, NY"
2224,Cortland County,NY,202411,1108.54,0.0201,0.0512,"Cortland, NY"
2224,Cortland County,NY,202412,1137.66,0.0263,0.0641,"Cortland, NY"
2224,Cortland County,NY,202501,1147.69,0.0088,0.036,"Cortland, NY"
2224,Cortland County,NY,202502,1120.33,-0.0238,0.0308,"Cortland, NY"
2224,Cortland County,NY,202503,1094.5,-0.0231,-0.0046,"Cortland, NY"
2224,Cortland County,NY,202504,1071.1,-0.0214,0.0072,"Cortland, NY"
2224,Cortland County,NY,202505,1079.38,0.0077,0.0116,"Cortland, NY"
2224,Cortland County,NY,202506,1121.49,0.039,0.05,"Cortland, NY"
2224,Cortland County,NY,202507,1141.09,0.0175,0.0394,"Cortland, NY"
2224,Cortland County,NY,202508,1135.51,-0.0049,0.0246,"Cortland, NY"
2224,Cortland County,NY,202509,1112.31,-0.0204,0.0176,"Cortland, NY"
2224,Cortland County,NY,202510,1111.72,-0.0005,0.0231,"Cortland, NY"
2224,Cortland County,NY,202511,1146.12,0.0309,0.0339,"Cortland, NY"
2224,Cortland County,NY,202512,1147.03,0.0008,0.0082,"Cortland, NY"
2224,Cortland County,NY,202601,1128.79,-0.0159,-0.0165,"Cortland, NY"
2224,Cortland County,NY,202602,1157.58,0.0255,0.0333,"Cortland, NY"
2224,Cortland County,NY,202603,1167.67,0.0087,0.0669,"Cortland, NY"
2224,Cortland County,NY,202604,1217.42,0.0426,0.1366,"Cortland, NY"
2224,Cortland County,NY,202605,1179.2,-0.0314,0.0925,"Cortland, NY"
2224,Cortland County,NY,202606,1190.77,0.0098,0.0618,"Cortland, NY"
2224,Cortland County,NY,202607,1210.55,0.0166,0.0609,"Cortland, NY"
2224,Cortland County,NY,202608,1221.38,0.0089,0.0756,"Cortland, NY"
2255,Dutchess County,NY,201501,976.54,,,"Poughkeepsie-Newburgh-Middletown, NY"
2255,Dutchess County,NY,201502,980.7,0.0043,,"Poughkeepsie-Newburgh-Middletown, NY"
2255,Dutchess County,NY,201503,1000.89,0.0206,,"Poughkeepsie-Newburgh-Middletown, NY"
2255,Dutchess County,NY,201504,1005.54,0.0046,,"Poughkeepsie-Newburgh-Middletown, NY"
2255,Dutchess County,NY,201505,999.19,-0.0063,,"Poughkeepsie-Newburgh-Middletown, NY"
2255,Dutchess County,NY,201506,997.56,-0.0016,,"Poughkeepsie-Newburgh-Middletown, NY"
2255,Dutchess County,NY,201507,1001.41,0.0039,,"Poughkeepsie-Newburgh-Middletown, NY"
2255,Dutchess County,NY,201508,1034.26,0.0328,,"Poughkeepsie-Newburgh-Middletown, NY"
2255,Dutchess County,NY,201509,1048.66,0.0139,,"Poughkeepsie-Newburgh-Middletown, NY"
2255,Dutchess County,NY,201510,1054.09,0.0052,,"Poughkeepsie-Newburgh-Middletown, NY"
2255,Dutchess County,NY,201511,1019.79,-0.0325,,"Poughkeepsie-Newburgh-Middletown, NY"
2255,Dutchess County,NY,201512,1025.4,0.0055,,"Poughkeepsie-Newburgh-Middletown, NY"
2255,Dutchess County,NY,201601,1035.1,0.0095,0.06,"Poughkeepsie-Newburgh-Middletown, NY"
2255,Dutchess County,NY,201602,1063.05,0.027,0.084,"Poughkeepsie-Newburgh-Middletown, NY"
2255,Dutchess County,NY,201603,1066.5,0.0032,0.0655,"Poughkeepsie-Newburgh-Middletown, NY"
2255,Dutchess County,NY,201604,1068.42,0.0018,0.0625,"Poughkeepsie-Newburgh-Middletown, NY"
2255,Dutchess County,NY,201605,1071.11,0.0025,0.072,"Poughkeepsie-Newburgh-Middletown, NY"
2255,Dutchess County,NY,201606,1073.64,0.0024,0.0763,"Poughkeepsie-Newburgh-Middletown, NY"
2255,Dutchess County,NY,201607,1088.8,0.0141,0.0873,"Poughkeepsie-Newburgh-Middletown, NY"
2255,Dutchess County,NY,201608,1093.76,0.0046,0.0575,"Poughkeepsie-Newburgh-Middletown, NY"
2255,Dutchess County,NY,201609,1097.41,0.0033,0.0465,"Poughkeepsie-Newburgh-Middletown, NY"
2255,Dutchess County,NY,201610,1081.2,-0.0148,0.0257,"Poughkeepsie-Newburgh-Middletown, NY"
2255,Dutchess County,NY,201611,1050.74,-0.0282,0.0304,"Poughkeepsie-Newburgh-Middletown, NY"
2255,Dutchess County,NY,201612,1040.86,-0.0094,0.0151,"Poughkeepsie-Newburgh-Middletown, NY"
2255,Dutchess County,NY,201701,1054.39,0.013,0.0186,"Poughkeepsie-Newburgh-Middletown, NY"
2255,Dutchess County,NY,201702,1091.98,0.0356,0.0272,"Poughkeepsie-Newburgh-Middletown, NY"
2255,Dutchess County,NY,201703,1113.76,0.0199,0.0443,"Poughkeepsie-Newburgh-Middletown, NY"
2255,Dutchess County,NY,201704,1131.57,0.016,0.0591,"Poughkeepsie-Newburgh-Middletown, NY"
2255,Dutchess County,NY,201705,1139.93,0.0074,0.0643,"Poughkeepsie-Newburgh-Middletown, NY"
2255,Dutchess County,NY,201706,1158.28,0.0161,0.0788,"Poughkeepsie-Newburgh-Middletown, NY"
2255,Dutchess County,NY,201707,1151.65,-0.0057,0.0577,"Poughkeepsie-Newburgh-Middletown, NY"
2255,Dutchess County,NY,201708,1144.53,-0.0062,0.0464,"Poughkeepsie-Newburgh-Middletown, NY"
2255,Dutchess County,NY,201709,1127.51,-0.0149,0.0274,"Poughkeepsie-Newburgh-Middletown, NY"
2255,Dutchess County,NY,201710,1120.7,-0.006,0.0365,"Poughkeepsie-Newburgh-Middletown, NY"
2255,Dutchess County,NY,201711,1129.58,0.0079,0.075,"Poughkeepsie-Newburgh-Middletown, NY"
2255,Dutchess County,NY,201712,1138.4,0.0078,0.0937,"Poughkeepsie-Newburgh-Middletown, NY"
2255,Dutchess County,NY,201801,1170.68,0.0284,0.1103,"Poughkeepsie-Newburgh-Middletown, NY"
2255,Dutchess County,NY,201802,1187.23,0.0141,0.0872,"Poughkeepsie-Newburgh-Middletown, NY"
2255,Dutchess County,NY,201803,1193.49,0.0053,0.0716,"Poughkeepsie-Newburgh-Middletown, NY"
2255,Dutchess County,NY,201804,1188.68,-0.004,0.0505,"Poughkeepsie-Newburgh-Middletown, NY"
2255,Dutchess County,NY,201805,1184.98,-0.0031,0.0395,"Poughkeepsie-Newburgh-Middletown, NY"
2255,Dutchess County,NY,201806,1192.52,0.0064,0.0296,"Poughkeepsie-Newburgh-Middletown, NY"
2255,Dutchess County,NY,201807,1194.17,0.0014,0.0369,"Poughkeepsie-Newburgh-Middletown, NY"
2255,Dutchess County,NY,201808,1207.78,0.0114,0.0553,"Poughkeepsie-Newburgh-Middletown, NY"
2255,Dutchess County,NY,201809,1208.96,0.001,0.0722,"Poughkeepsie-Newburgh-Middletown, NY"
2255,Dutchess County,NY,201810,1214.09,0.0042,0.0833,"Poughkeepsie-Newburgh-Middletown, NY"
2255,Dutchess County,NY,201811,1208.57,-0.0045,0.0699,"Poughkeepsie-Newburgh-Middletown, NY"
2255,Dutchess County,NY,201812,1219.57,0.0091,0.0713,"Poughkeepsie-Newburgh-Middletown, NY"
2255,Dutchess County,NY,201901,1234.36,0.0121,0.0544,"Poughkeepsie-Newburgh-Middletown, NY"
2255,Dutchess County,NY,201902,1247.43,0.0106,0.0507,"Poughkeepsie-Newburgh-Middletown, NY"
2255,Dutchess County,NY,201903,1254.92,0.006,0.0515,"Poughkeepsie-Newburgh-Middletown, NY"
2255,Dutchess County,NY,201904,1246.9,-0.0064,0.049,"Poughkeepsie-Newburgh-Middletown, NY"
2255,Dutchess County,NY,201905,1249.46,0.0021,0.0544,"Poughkeepsie-Newburgh-Middletown, NY"
2255,Dutchess County,NY,201906,1253.3,0.0031,0.051,"Poughkeepsie-Newburgh-Middletown, NY"
2255,Dutchess County,NY,201907,1258.58,0.0042,0.0539,"Poughkeepsie-Newburgh-Middletown, NY"
2255,Dutchess County,NY,201908,1268.57,0.0079,0.0503,"Poughkeepsie-Newburgh-Middletown, NY"
2255,Dutchess County,NY,201909,1278.12,0.0075,0.0572,"Poughkeepsie-Newburgh-Middletown, NY"
2255,Dutchess County,NY,201910,1280.41,0.0018,0.0546,"Poughkeepsie-Newburgh-Middletown, NY"
2255,Dutchess County,NY,201911,1281.12,0.0006,0.06,"Poughkeepsie-Newburgh-Middletown, NY"
2255,Dutchess County,NY,201912,1292.78,0.0091,0.06,"Poughkeepsie-Newburgh-Middletown, NY"
2255,Dutchess County,NY,202001,1313.09,0.0157,0.0638,"Poughkeepsie-Newburgh-Middletown, NY"
2255,Dutchess County,NY,202002,1337.85,0.0189,0.0725,"Poughkeepsie-Newburgh-Middletown, NY"
2255,Dutchess County,NY,202003,1337.76,-0.0001,0.066,"Poughkeepsie-Newburgh-Middletown, NY"
2255,Dutchess County,NY,202004,1344.87,0.0053,0.0786,"Poughkeepsie-Newburgh-Middletown, NY"
2255,Dutchess County,NY,202005,1347.52,0.002,0.0785,"Poughkeepsie-Newburgh-Middletown, NY"
2255,Dutchess County,NY,202006,1374.35,0.0199,0.0966,"Poughkeepsie-Newburgh-Middletown, NY"
2255,Dutchess County,NY,202007,1399.52,0.0183,0.112,"Poughkeepsie-Newburgh-Middletown, NY"
2255,Dutchess County,NY,202008,1420.44,0.0149,0.1197,"Poughkeepsie-Newburgh-Middletown, NY"
2255,Dutchess County,NY,202009,1430.64,0.0072,0.1193,"Poughkeepsie-Newburgh-Middletown, NY"
2255,Dutchess County,NY,202010,1467.77,0.026,0.1463,"Poughkeepsie-Newburgh-Middletown, NY"
2255,Dutchess County,NY,202011,1500.47,0.0223,0.1712,"Poughkeepsie-Newburgh-Middletown, NY"
2255,Dutchess County,NY,202012,1502.43,0.0013,0.1622,"Poughkeepsie-Newburgh-Middletown, NY"
2255,Dutchess County,NY,202101,1510.8,0.0056,0.1506,"Poughkeepsie-Newburgh-Middletown, NY"
2255,Dutchess County,NY,202102,1473.14,-0.0249,0.1011,"Poughkeepsie-Newburgh-Middletown, NY"
2255,Dutchess County,NY,202103,1517.84,0.0303,0.1346,"Poughkeepsie-Newburgh-Middletown, NY"
2255,Dutchess County,NY,202104,1505.36,-0.0082,0.1193,"Poughkeepsie-Newburgh-Middletown, NY"
2255,Dutchess County,NY,202105,1580.81,0.0501,0.1731,"Poughkeepsie-Newburgh-Middletown, NY"
2255,Dutchess County,NY,202106,1577.02,-0.0024,0.1475,"Poughkeepsie-Newburgh-Middletown, NY"
2255,Dutchess County,NY,202107,1619.75,0.0271,0.1574,"Poughkeepsie-Newburgh-Middletown, NY"
2255,Dutchess County,NY,202108,1609.17,-0.0065,0.1329,"Poughkeepsie-Newburgh-Middletown, NY"
2255,Dutchess County,NY,202109,1632.66,0.0146,0.1412,"Poughkeepsie-Newburgh-Middletown, NY"
2255,Dutchess County,NY,202110,1640.36,0.0047,0.1176,"Poughkeepsie-Newburgh-Middletown, NY"
2255,Dutchess County,NY,202111,1664.54,0.0147,0.1093,"Poughkeepsie-Newburgh-Middletown, NY"
2255,Dutchess County,NY,202112,1667.28,0.0016,0.1097,"Poughkeepsie-Newburgh-Middletown, NY"
2255,Dutchess County,NY,202201,1684.33,0.0102,0.1149,"Poughkeepsie-Newburgh-Middletown, NY"
2255,Dutchess County,NY,202202,1687.67,0.002,0.1456,"Poughkeepsie-Newburgh-Middletown, NY"
2255,Dutchess County,NY,202203,1730.3,0.0253,0.14,"Poughkeepsie-Newburgh-Middletown, NY"
2255,Dutchess County,NY,202204,1727.09,-0.0019,0.1473,"Poughkeepsie-Newburgh-Middletown, NY"
2255,Dutchess County,NY,202205,1737.6,0.0061,0.0992,"Poughkeepsie-Newburgh-Middletown, NY"
2255,Dutchess County,NY,202206,1741.29,0.0021,0.1042,"Poughkeepsie-Newburgh-Middletown, NY"
2255,Dutchess County,NY,202207,1758.31,0.0098,0.0855,"Poughkeepsie-Newburgh-Middletown, NY"
2255,Dutchess County,NY,202208,1764.28,0.0034,0.0964,"Poughkeepsie-Newburgh-Middletown, NY"
2255,Dutchess County,NY,202209,1762.58,-0.001,0.0796,"Poughkeepsie-Newburgh-Middletown, NY"
2255,Dutchess County,NY,202210,1772.46,0.0056,0.0805,"Poughkeepsie-Newburgh-Middletown, NY"
2255,Dutchess County,NY,202211,1762.58,-0.0056,0.0589,"Poughkeepsie-Newburgh-Middletown, NY"
2255,Dutchess County,NY,202212,1766.42,0.0022,0.0595,"Poughkeepsie-Newburgh-Middletown, NY"
2255,Dutchess County,NY,202301,1770.04,0.002,0.0509,"Poughkeepsie-Newburgh-Middletown, NY"
2255,Dutchess County,NY,202302,1800.44,0.0172,0.0668,"Poughkeepsie-Newburgh-Middletown, NY"
2255,Dutchess County,NY,202303,1822.36,0.0122,0.0532,"Poughkeepsie-Newburgh-Middletown, NY"
2255,Dutchess County,NY,202304,1845.78,0.0129,0.0687,"Poughkeepsie-Newburgh-Middletown, NY"
2255,Dutchess County,NY,202305,1859.5,0.0074,0.0702,"Poughkeepsie-Newburgh-Middletown, NY"
2255,Dutchess County,NY,202306,1861.39,0.001,0.069,"Poughkeepsie-Newburgh-Middletown, NY"
2255,Dutchess County,NY,202307,1850.6,-0.0058,0.0525,"Poughkeepsie-Newburgh-Middletown, NY"
2255,Dutchess County,NY,202308,1854.36,0.002,0.0511,"Poughkeepsie-Newburgh-Middletown, NY"
2255,Dutchess County,NY,202309,1852.36,-0.0011,0.0509,"Poughkeepsie-Newburgh-Middletown, NY"
2255,Dutchess County,NY,202310,1864.88,0.0068,0.0521,"Poughkeepsie-Newburgh-Middletown, NY"
2255,Dutchess County,NY,202311,1862.36,-0.0014,0.0566,"Poughkeepsie-Newburgh-Middletown, NY"
2255,Dutchess County,NY,202312,1877.19,0.008,0.0627,"Poughkeepsie-Newburgh-Middletown, NY"
2255,Dutchess County,NY,202401,1882.84,0.003,0.0637,"Poughkeepsie-Newburgh-Middletown, NY"
2255,Dutchess County,NY,202402,1897.3,0.0077,0.0538,"Poughkeepsie-Newburgh-Middletown, NY"
2255,Dutchess County,NY,202403,1900.64,0.0018,0.043,"Poughkeepsie-Newburgh-Middletown, NY"
2255,Dutchess County,NY,202404,1908.08,0.0039,0.0338,"Poughkeepsie-Newburgh-Middletown, NY"
2255,Dutchess County,NY,202405,1918.77,0.0056,0.0319,"Poughkeepsie-Newburgh-Middletown, NY"
2255,Dutchess County,NY,202406,1931.95,0.0069,0.0379,"Poughkeepsie-Newburgh-Middletown, NY"
2255,Dutchess County,NY,202407,1938.8,0.0035,0.0477,"Poughkeepsie-Newburgh-Middletown, NY"
2255,Dutchess County,NY,202408,1956.5,0.0091,0.0551,"Poughkeepsie-Newburgh-Middletown, NY"
2255,Dutchess County,NY,202409,1964.22,0.0039,0.0604,"Poughkeepsie-Newburgh-Middletown, NY"
2255,Dutchess County,NY,202410,1981.43,0.0088,0.0625,"Poughkeepsie-Newburgh-Middletown, NY"
2255,Dutchess County,NY,202411,1964.25,-0.0087,0.0547,"Poughkeepsie-Newburgh-Middletown, NY"
2255,Dutchess County,NY,202412,1952.88,-0.0058,0.0403,"Poughkeepsie-Newburgh-Middletown, NY"
2255,Dutchess County,NY,202501,1962.68,0.005,0.0424,"Poughkeepsie-Newburgh-Middletown, NY"
2255,Dutchess County,NY,202502,1981.18,0.0094,0.0442,"Poughkeepsie-Newburgh-Middletown, NY"
2255,Dutchess County,NY,202503,2010.22,0.0147,0.0577,"Poughkeepsie-Newburgh-Middletown, NY"
2255,Dutchess County,NY,202504,2005.67,-0.0023,0.0511,"Poughkeepsie-Newburgh-Middletown, NY"
2255,Dutchess County,NY,202505,2004.24,-0.0007,0.0445,"Poughkeepsie-Newburgh-Middletown, NY"
2255,Dutchess County,NY,202506,1995.84,-0.0042,0.0331,"Poughkeepsie-Newburgh-Middletown, NY"
2255,Dutchess County,NY,202507,1994.73,-0.0006,0.0289,"Poughkeepsie-Newburgh-Middletown, NY"
2255,Dutchess County,NY,202508,2011.48,0.0084,0.0281,"Poughkeepsie-Newburgh-Middletown, NY"
2255,Dutchess County,NY,202509,2023.87,0.0062,0.0304,"Poughkeepsie-Newburgh-Middletown, NY"
2255,Dutchess County,NY,202510,2037.68,0.0068,0.0284,"Poughkeepsie-Newburgh-Middletown, NY"
2255,Dutchess County,NY,202511,1999.03,-0.019,0.0177,"Poughkeepsie-Newburgh-Middletown, NY"
2255,Dutchess County,NY,202512,2006.87,0.0039,0.0276,"Poughkeepsie-Newburgh-Middletown, NY"
2255,Dutchess County,NY,202601,2019.74,0.0064,0.0291,"Poughkeepsie-Newburgh-Middletown, NY"
2255,Dutchess County,NY,202602,2056.28,0.0181,0.0379,"Poughkeepsie-Newburgh-Middletown, NY"
2255,Dutchess County,NY,202603,2062.61,0.0031,0.0261,"Poughkeepsie-Newburgh-Middletown, NY"
2255,Dutchess County,NY,202604,2077.42,0.0072,0.0358,"Poughkeepsie-Newburgh-Middletown, NY"
2255,Dutchess County,NY,202605,2112.17,0.0167,0.0538,"Poughkeepsie-Newburgh-Middletown, NY"
2255,Dutchess County,NY,202606,2112.04,-0.0001,0.0582,"Poughkeepsie-Newburgh-Middletown, NY"
2255,Dutchess County,NY,202607,2117.03,0.0024,0.0613,"Poughkeepsie-Newburgh-Middletown, NY"
2255,Dutchess County,NY,202608,2099.29,-0.0084,0.0437,"Poughkeepsie-Newburgh-Middletown, NY"
2340,Herkimer County,NY,202608,1300.0,,,"Utica-Rome, NY"
2452,New York County,NY,201501,3141.91,,,"New York-Newark-Jersey City, NY-NJ-PA"
2452,New York County,NY,201502,3153.34,0.0036,,"New York-Newark-Jersey City, NY-NJ-PA"
2452,New York County,NY,201503,3174.35,0.0067,,"New York-Newark-Jersey City, NY-NJ-PA"
2452,New York County,NY,201504,3210.83,0.0115,,"New York-Newark-Jersey City, NY-NJ-PA"
2452,New York County,NY,201505,3236.8,0.0081,,"New York-Newark-Jersey City, NY-NJ-PA"
2452,New York County,NY,201506,3258.0,0.0065,,"New York-Newark-Jersey City, NY-NJ-PA"
2452,New York County,NY,201507,3268.1,0.0031,,"New York-Newark-Jersey City, NY-NJ-PA"
2452,New York County,NY,201508,3278.58,0.0032,,"New York-Newark-Jersey City, NY-NJ-PA"
2452,New York County,NY,201509,3279.41,0.0003,,"New York-Newark-Jersey City, NY-NJ-PA"
2452,New York County,NY,201510,3268.51,-0.0033,,"New York-Newark-Jersey City, NY-NJ-PA"
2452,New York County,NY,201511,3250.0,-0.0057,,"New York-Newark-Jersey City, NY-NJ-PA"
2452,New York County,NY,201512,3232.81,-0.0053,,"New York-Newark-Jersey City, NY-NJ-PA"
2452,New York County,NY,201601,3223.49,-0.0029,0.026,"New York-Newark-Jersey City, NY-NJ-PA"
2452,New York County,NY,201602,3226.49,0.0009,0.0232,"New York-Newark-Jersey City, NY-NJ-PA"
2452,New York County,NY,201603,3237.21,0.0033,0.0198,"New York-Newark-Jersey City, NY-NJ-PA"
2452,New York County,NY,201604,3256.38,0.0059,0.0142,"New York-Newark-Jersey City, NY-NJ-PA"
2452,New York County,NY,201605,3277.45,0.0065,0.0126,"New York-Newark-Jersey City, NY-NJ-PA"
2452,New York County,NY,201606,3297.1,0.006,0.012,"New York-Newark-Jersey City, NY-NJ-PA"
2452,New York County,NY,201607,3313.95,0.0051,0.014,"New York-Newark-Jersey City, NY-NJ-PA"
2452,New York County,NY,201608,3319.21,0.0016,0.0124,"New York-Newark-Jersey City, NY-NJ-PA"
2452,New York County,NY,201609,3313.59,-0.0017,0.0104,"New York-Newark-Jersey City, NY-NJ-PA"
2452,New York County,NY,201610,3294.11,-0.0059,0.0078,"New York-Newark-Jersey City, NY-NJ-PA"
2452,New York County,NY,201611,3261.25,-0.01,0.0035,"New York-Newark-Jersey City, NY-NJ-PA"
2452,New York County,NY,201612,3229.77,-0.0097,-0.0009,"New York-Newark-Jersey City, NY-NJ-PA"
2452,New York County,NY,201701,3220.53,-0.0029,-0.0009,"New York-Newark-Jersey City, NY-NJ-PA"
2452,New York County,NY,201702,3230.71,0.0032,0.0013,"New York-Newark-Jersey City, NY-NJ-PA"
2452,New York County,NY,201703,3252.2,0.0067,0.0046,"New York-Newark-Jersey City, NY-NJ-PA"
2452,New York County,NY,201704,3274.07,0.0067,0.0054,"New York-Newark-Jersey City, NY-NJ-PA"
2452,New York County,NY,201705,3303.74,0.0091,0.008,"New York-Newark-Jersey City, NY-NJ-PA"
2452,New York County,NY,201706,3331.71,0.0085,0.0105,"New York-Newark-Jersey City, NY-NJ-PA"
2452,New York County,NY,201707,3345.05,0.004,0.0094,"New York-Newark-Jersey City, NY-NJ-PA"
2452,New York County,NY,201708,3345.75,0.0002,0.008,"New York-Newark-Jersey City, NY-NJ-PA"
2452,New York County,NY,201709,3331.34,-0.0043,0.0054,"New York-Newark-Jersey City, NY-NJ-PA"
2452,New York County,NY,201710,3302.34,-0.0087,0.0025,"New York-Newark-Jersey City, NY-NJ-PA"
2452,New York County,NY,201711,3265.33,-0.0112,0.0013,"New York-Newark-Jersey City, NY-NJ-PA"
2452,New York County,NY,201712,3241.12,-0.0074,0.0035,"New York-Newark-Jersey City, NY-NJ-PA"
2452,New York County,NY,201801,3235.79,-0.0016,0.0047,"New York-Newark-Jersey City, NY-NJ-PA"
2452,New York County,NY,201802,3251.18,0.0048,0.0063,"New York-Newark-Jersey City, NY-NJ-PA"
2452,New York County,NY,201803,3273.66,0.0069,0.0066,"New York-Newark-Jersey City, NY-NJ-PA"
2452,New York County,NY,201804,3305.67,0.0098,0.0097,"New York-Newark-Jersey City, NY-NJ-PA"
2452,New York County,NY,201805,3335.14,0.0089,0.0095,"New York-Newark-Jersey City, NY-NJ-PA"
2452,New York County,NY,201806,3362.29,0.0081,0.0092,"New York-Newark-Jersey City, NY-NJ-PA"
2452,New York County,NY,201807,3382.78,0.0061,0.0113,"New York-Newark-Jersey City, NY-NJ-PA"
2452,New York County,NY,201808,3394.4,0.0034,0.0145,"New York-Newark-Jersey City, NY-NJ-PA"
2452,New York County,NY,201809,3393.86,-0.0002,0.0188,"New York-Newark-Jersey City, NY-NJ-PA"
2452,New York County,NY,201810,3375.58,-0.0054,0.0222,"New York-Newark-Jersey City, NY-NJ-PA"
2452,New York County,NY,201811,3351.29,-0.0072,0.0263,"New York-Newark-Jersey City, NY-NJ-PA"
2452,New York County,NY,201812,3331.44,-0.0059,0.0279,"New York-Newark-Jersey City, NY-NJ-PA"
2452,New York County,NY,201901,3325.66,-0.0017,0.0278,"New York-Newark-Jersey City, NY-NJ-PA"
2452,New York County,NY,201902,3336.54,0.0033,0.0263,"New York-Newark-Jersey City, NY-NJ-PA"
2452,New York County,NY,201903,3357.14,0.0062,0.0255,"New York-Newark-Jersey City, NY-NJ-PA"
2452,New York County,NY,201904,3388.44,0.0093,0.025,"New York-Newark-Jersey City, NY-NJ-PA"
2452,New York County,NY,201905,3419.55,0.0092,0.0253,"New York-Newark-Jersey City, NY-NJ-PA"
2452,New York County,NY,201906,3452.11,0.0095,0.0267,"New York-Newark-Jersey City, NY-NJ-PA"
2452,New York County,NY,201907,3472.52,0.0059,0.0265,"New York-Newark-Jersey City, NY-NJ-PA"
2452,New York County,NY,201908,3486.13,0.0039,0.027,"New York-Newark-Jersey City, NY-NJ-PA"
2452,New York County,NY,201909,3484.49,-0.0005,0.0267,"New York-Newark-Jersey City, NY-NJ-PA"
2452,New York County,NY,201910,3471.43,-0.0037,0.0284,"New York-Newark-Jersey City, NY-NJ-PA"
2452,New York County,NY,201911,3441.44,-0.0086,0.0269,"New York-Newark-Jersey City, NY-NJ-PA"
2452,New York County,NY,201912,3424.16,-0.005,0.0278,"New York-Newark-Jersey City, NY-NJ-PA"
2452,New York County,NY,202001,3420.31,-0.0011,0.0285,"New York-Newark-Jersey City, NY-NJ-PA"
2452,New York County,NY,202002,3447.1,0.0078,0.0331,"New York-Newark-Jersey City, NY-NJ-PA"
2452,New York County,NY,202003,3466.34,0.0056,0.0325,"New York-Newark-Jersey City, NY-NJ-PA"
2452,New York County,NY,202004,3449.32,-0.0049,0.018,"New York-Newark-Jersey City, NY-NJ-PA"
2452,New York County,NY,202005,3406.35,-0.0125,-0.0039,"New York-Newark-Jersey City, NY-NJ-PA"
2452,New York County,NY,202006,3344.1,-0.0183,-0.0313,"New York-Newark-Jersey City, NY-NJ-PA"
2452,New York County,NY,202007,3279.93,-0.0192,-0.0555,"New York-Newark-Jersey City, NY-NJ-PA"
2452,New York County,NY,202010,2977.27,-0.0923,-0.146,"New York-Newark-Jersey City, NY-NJ-PA"
2452,New York County,NY,202011,2903.73,-0.0247,-0.1667,"New York-Newark-Jersey City, NY-NJ-PA"
2452,New York County,NY,202012,2859.55,-0.0152,-0.1763,"New York-Newark-Jersey City, NY-NJ-PA"
2452,New York County,NY,202101,2845.77,-0.0048,-0.1731,"New York-Newark-Jersey City, NY-NJ-PA"
2452,New York County,NY,202102,2871.83,0.0092,-0.1613,"New York-Newark-Jersey City, NY-NJ-PA"
2452,New York County,NY,202103,2921.58,0.0173,-0.1458,"New York-Newark-Jersey City, NY-NJ-PA"
2452,New York County,NY,202104,2986.24,0.0221,-0.1337,"New York-Newark-Jersey City, NY-NJ-PA"
2452,New York County,NY,202105,3074.4,0.0295,-0.1131,"New York-Newark-Jersey City, NY-NJ-PA"
2452,New York County,NY,202106,3179.52,0.0342,-0.0782,"New York-Newark-Jersey City, NY-NJ-PA"
2452,New York County,NY,202107,3299.24,0.0377,-0.0314,"New York-Newark-Jersey City, NY-NJ-PA"
2452,New York County,NY,202108,3405.67,0.0323,0.0184,"New York-Newark-Jersey City, NY-NJ-PA"
2452,New York County,NY,202109,3492.73,0.0256,0.0649,"New York-Newark-Jersey City, NY-NJ-PA"
2452,New York County,NY,202110,3545.46,0.0151,0.1908,"New York-Newark-Jersey City, NY-NJ-PA"
2452,New York County,NY,202111,3583.39,0.0107,0.2341,"New York-Newark-Jersey City, NY-NJ-PA"
2452,New York County,NY,202112,3612.72,0.0082,0.2634,"New York-Newark-Jersey City, NY-NJ-PA"
2452,New York County,NY,202201,3653.59,0.0113,0.2839,"New York-Newark-Jersey City, NY-NJ-PA"
2452,New York County,NY,202202,3703.7,0.0137,0.2897,"New York-Newark-Jersey City, NY-NJ-PA"
2452,New York County,NY,202203,3759.48,0.0151,0.2868,"New York-Newark-Jersey City, NY-NJ-PA"
2452,New York County,NY,202204,3813.97,0.0145,0.2772,"New York-Newark-Jersey City, NY-NJ-PA"
2452,New York County,NY,202205,3877.54,0.0167,0.2612,"New York-Newark-Jersey City, NY-NJ-PA"
2452,New York County,NY,202206,3945.97,0.0176,0.2411,"New York-Newark-Jersey City, NY-NJ-PA"
2452,New York County,NY,202207,4004.38,0.0148,0.2137,"New York-Newark-Jersey City, NY-NJ-PA"
2452,New York County,NY,202208,4036.36,0.008,0.1852,"New York-Newark-Jersey City, NY-NJ-PA"
2452,New York County,NY,202209,4037.89,0.0004,0.1561,"New York-Newark-Jersey City, NY-NJ-PA"
2452,New York County,NY,202210,4009.47,-0.007,0.1309,"New York-Newark-Jersey City, NY-NJ-PA"
2452,New York County,NY,202211,3960.25,-0.0123,0.1052,"New York-Newark-Jersey City, NY-NJ-PA"
2452,New York County,NY,202212,3919.75,-0.0102,0.085,"New York-Newark-Jersey City, NY-NJ-PA"
2452,New York County,NY,202301,3904.3,-0.0039,0.0686,"New York-Newark-Jersey City, NY-NJ-PA"
2452,New York County,NY,202302,3917.41,0.0034,0.0577,"New York-Newark-Jersey City, NY-NJ-PA"
2452,New York County,NY,202303,3948.2,0.0079,0.0502,"New York-Newark-Jersey City, NY-NJ-PA"
2452,New York County,NY,202304,3997.56,0.0125,0.0481,"New York-Newark-Jersey City, NY-NJ-PA"
2452,New York County,NY,202305,4051.01,0.0134,0.0447,"New York-Newark-Jersey City, NY-NJ-PA"
2452,New York County,NY,202306,4100.66,0.0123,0.0392,"New York-Newark-Jersey City, NY-NJ-PA"
2452,New York County,NY,202307,4130.45,0.0073,0.0315,"New York-Newark-Jersey City, NY-NJ-PA"
2452,New York County,NY,202308,4139.78,0.0023,0.0256,"New York-Newark-Jersey City, NY-NJ-PA"
2452,New York County,NY,202309,4125.4,-0.0035,0.0217,"New York-Newark-Jersey City, NY-NJ-PA"
2452,New York County,NY,202310,4088.58,-0.0089,0.0197,"New York-Newark-Jersey City, NY-NJ-PA"
2452,New York County,NY,202311,4041.19,-0.0116,0.0204,"New York-Newark-Jersey City, NY-NJ-PA"
2452,New York County,NY,202312,3997.04,-0.0109,0.0197,"New York-Newark-Jersey City, NY-NJ-PA"
2452,New York County,NY,202401,3990.96,-0.0015,0.0222,"New York-Newark-Jersey City, NY-NJ-PA"
2452,New York County,NY,202402,4017.74,0.0067,0.0256,"New York-Newark-Jersey City, NY-NJ-PA"
2452,New York County,NY,202403,4072.61,0.0137,0.0315,"New York-Newark-Jersey City, NY-NJ-PA"
2452,New York County,NY,202404,4133.0,0.0148,0.0339,"New York-Newark-Jersey City, NY-NJ-PA"
2452,New York County,NY,202405,4191.73,0.0142,0.0347,"New York-Newark-Jersey City, NY-NJ-PA"
2452,New York County,NY,202406,4239.73,0.0115,0.0339,"New York-Newark-Jersey City, NY-NJ-PA"
2452,New York County,NY,202407,4262.86,0.0055,0.0321,"New York-Newark-Jersey City, NY-NJ-PA"
2452,New York County,NY,202408,4266.24,0.0008,0.0305,"New York-Newark-Jersey City, NY-NJ-PA"
2452,New York County,NY,202409,4245.55,-0.0049,0.0291,"New York-Newark-Jersey City, NY-NJ-PA"
2452,New York County,NY,202410,4218.99,-0.0063,0.0319,"New York-Newark-Jersey City, NY-NJ-PA"
2452,New York County,NY,202411,4188.7,-0.0072,0.0365,"New York-Newark-Jersey City, NY-NJ-PA"
2452,New York County,NY,202412,4175.59,-0.0031,0.0447,"New York-Newark-Jersey City, NY-NJ-PA"
2452,New York County,NY,202501,4183.77,0.002,0.0483,"New York-Newark-Jersey City, NY-NJ-PA"
2452,New York County,NY,202502,4224.65,0.0098,0.0515,"New York-Newark-Jersey City, NY-NJ-PA"
2452,New York County,NY,202503,4277.6,0.0125,0.0503,"New York-Newark-Jersey City, NY-NJ-PA"
2452,New York County,NY,202504,4333.47,0.0131,0.0485,"New York-Newark-Jersey City, NY-NJ-PA"
2452,New York County,NY,202505,4380.31,0.0108,0.045,"New York-Newark-Jersey City, NY-NJ-PA"
2452,New York County,NY,202506,4445.87,0.015,0.0486,"New York-Newark-Jersey City, NY-NJ-PA"
2452,New York County,NY,202507,4509.48,0.0143,0.0579,"New York-Newark-Jersey City, NY-NJ-PA"
2452,New York County,NY,202508,4555.63,0.0102,0.0678,"New York-Newark-Jersey City, NY-NJ-PA"
2452,New York County,NY,202509,4552.93,-0.0006,0.0724,"New York-Newark-Jersey City, NY-NJ-PA"
2452,New York County,NY,202510,4530.62,-0.0049,0.0739,"New York-Newark-Jersey City, NY-NJ-PA"
2452,New York County,NY,202511,4487.93,-0.0094,0.0714,"New York-Newark-Jersey City, NY-NJ-PA"
2452,New York County,NY,202512,4453.99,-0.0076,0.0667,"New York-Newark-Jersey City, NY-NJ-PA"
2452,New York County,NY,202601,4437.59,-0.0037,0.0607,"New York-Newark-Jersey City, NY-NJ-PA"
2452,New York County,NY,202602,4468.11,0.0069,0.0576,"New York-Newark-Jersey City, NY-NJ-PA"
2452,New York County,NY,202603,4528.97,0.0136,0.0588,"New York-Newark-Jersey City, NY-NJ-PA"
2452,New York County,NY,202604,4604.63,0.0167,0.0626,"New York-Newark-Jersey City, NY-NJ-PA"
2452,New York County,NY,202605,4677.21,0.0158,0.0678,"New York-Newark-Jersey City, NY-NJ-PA"
2452,New York County,NY,202606,4748.01,0.0151,0.068,"New York-Newark-Jersey City, NY-NJ-PA"
2452,New York County,NY,202607,4795.23,0.0099,0.0634,"New York-Newark-Jersey City, NY-NJ-PA"
2452,New York County,NY,202608,4818.21,0.0048,0.0576,"New York-Newark-Jersey City, NY-NJ-PA"
2465,Onondaga County,NY,201601,908.48,,,"Syracuse, NY"
2465,Onondaga County,NY,201602,913.01,0.005,,"Syracuse, NY"
2465,Onondaga County,NY,201603,945.21,0.0353,,"Syracuse, NY"
2465,Onondaga County,NY,201604,959.83,0.0155,,"Syracuse, NY"
2465,Onondaga County,NY,201605,983.95,0.0251,,"Syracuse, NY"
2465,Onondaga County,NY,201606,981.76,-0.0022,,"Syracuse, NY"
2465,Onondaga County,NY,201607,968.92,-0.0131,,"Syracuse, NY"
2465,Onondaga County,NY,201608,946.56,-0.0231,,"Syracuse, NY"
2465,Onondaga County,NY,201609,943.0,-0.0038,,"Syracuse, NY"
2465,Onondaga County,NY,201610,947.71,0.005,,"Syracuse, NY"
2465,Onondaga County,NY,201611,948.22,0.0005,,"Syracuse, NY"
2465,Onondaga County,NY,201612,954.61,0.0067,,"Syracuse, NY"
2465,Onondaga County,NY,201701,963.18,0.009,0.0602,"Syracuse, NY"
2465,Onondaga County,NY,201702,992.25,0.0302,0.0868,"Syracuse, NY"
2465,Onondaga County,NY,201703,1002.17,0.01,0.0603,"Syracuse, NY"
2465,Onondaga County,NY,201704,990.18,-0.012,0.0316,"Syracuse, NY"
2465,Onondaga County,NY,201705,966.77,-0.0236,-0.0175,"Syracuse, NY"
2465,Onondaga County,NY,201706,963.68,-0.0032,-0.0184,"Syracuse, NY"
2465,Onondaga County,NY,201707,977.47,0.0143,0.0088,"Syracuse, NY"
2465,Onondaga County,NY,201708,984.51,0.0072,0.0401,"Syracuse, NY"
2465,Onondaga County,NY,201709,990.29,0.0059,0.0501,"Syracuse, NY"
2465,Onondaga County,NY,201710,1002.87,0.0127,0.0582,"Syracuse, NY"
2465,Onondaga County,NY,201711,1004.44,0.0016,0.0593,"Syracuse, NY"
2465,Onondaga County,NY,201712,1002.65,-0.0018,0.0503,"Syracuse, NY"
2465,Onondaga County,NY,201801,1000.25,-0.0024,0.0385,"Syracuse, NY"
2465,Onondaga County,NY,201802,1010.24,0.01,0.0181,"Syracuse, NY"
2465,Onondaga County,NY,201803,1020.01,0.0097,0.0178,"Syracuse, NY"
2465,Onondaga County,NY,201804,1023.21,0.0031,0.0334,"Syracuse, NY"
2465,Onondaga County,NY,201805,1012.0,-0.011,0.0468,"Syracuse, NY"
2465,Onondaga County,NY,201806,1021.02,0.0089,0.0595,"Syracuse, NY"
2465,Onondaga County,NY,201807,1015.21,-0.0057,0.0386,"Syracuse, NY"
2465,Onondaga County,NY,201808,1022.45,0.0071,0.0385,"Syracuse, NY"
2465,Onondaga County,NY,201809,1017.24,-0.0051,0.0272,"Syracuse, NY"
2465,Onondaga County,NY,201810,1026.73,0.0093,0.0238,"Syracuse, NY"
2465,Onondaga County,NY,201811,1042.05,0.0149,0.0374,"Syracuse, NY"
2465,Onondaga County,NY,201812,1040.16,-0.0018,0.0374,"Syracuse, NY"
2465,Onondaga County,NY,201901,1033.89,-0.006,0.0336,"Syracuse, NY"
2465,Onondaga County,NY,201902,1022.74,-0.0108,0.0124,"Syracuse, NY"
2465,Onondaga County,NY,201903,1028.46,0.0056,0.0083,"Syracuse, NY"
2465,Onondaga County,NY,201904,1034.66,0.006,0.0112,"Syracuse, NY"
2465,Onondaga County,NY,201905,1042.47,0.0076,0.0301,"Syracuse, NY"
2465,Onondaga County,NY,201906,1046.66,0.004,0.0251,"Syracuse, NY"
2465,Onondaga County,NY,201907,1055.91,0.0088,0.0401,"Syracuse, NY"
2465,Onondaga County,NY,201908,1059.76,0.0036,0.0365,"Syracuse, NY"
2465,Onondaga County,NY,201909,1067.63,0.0074,0.0495,"Syracuse, NY"
2465,Onondaga County,NY,201910,1070.6,0.0028,0.0427,"Syracuse, NY"
2465,Onondaga County,NY,201911,1063.34,-0.0068,0.0204,"Syracuse, NY"
2465,Onondaga County,NY,201912,1052.0,-0.0107,0.0114,"Syracuse, NY"
2465,Onondaga County,NY,202001,1053.55,0.0015,0.019,"Syracuse, NY"
2465,Onondaga County,NY,202002,1067.93,0.0136,0.0442,"Syracuse, NY"
2465,Onondaga County,NY,202003,1077.72,0.0092,0.0479,"Syracuse, NY"
2465,Onondaga County,NY,202004,1085.66,0.0074,0.0493,"Syracuse, NY"
2465,Onondaga County,NY,202005,1092.41,0.0062,0.0479,"Syracuse, NY"
2465,Onondaga County,NY,202006,1110.03,0.0161,0.0605,"Syracuse, NY"
2465,Onondaga County,NY,202007,1122.02,0.0108,0.0626,"Syracuse, NY"
2465,Onondaga County,NY,202008,1125.82,0.0034,0.0623,"Syracuse, NY"
2465,Onondaga County,NY,202009,1120.95,-0.0043,0.0499,"Syracuse, NY"
2465,Onondaga County,NY,202010,1117.26,-0.0033,0.0436,"Syracuse, NY"
2465,Onondaga County,NY,202011,1114.2,-0.0027,0.0478,"Syracuse, NY"
2465,Onondaga County,NY,202012,1105.09,-0.0082,0.0505,"Syracuse, NY"
2465,Onondaga County,NY,202101,1112.94,0.0071,0.0564,"Syracuse, NY"
2465,Onondaga County,NY,202102,1122.49,0.0086,0.0511,"Syracuse, NY"
2465,Onondaga County,NY,202103,1149.38,0.0239,0.0665,"Syracuse, NY"
2465,Onondaga County,NY,202104,1171.16,0.019,0.0788,"Syracuse, NY"
2465,Onondaga County,NY,202105,1192.79,0.0185,0.0919,"Syracuse, NY"
2465,Onondaga County,NY,202106,1211.73,0.0159,0.0916,"Syracuse, NY"
2465,Onondaga County,NY,202107,1221.65,0.0082,0.0888,"Syracuse, NY"
2465,Onondaga County,NY,202108,1226.3,0.0038,0.0892,"Syracuse, NY"
2465,Onondaga County,NY,202109,1236.07,0.008,0.1027,"Syracuse, NY"
2465,Onondaga County,NY,202110,1243.43,0.006,0.1129,"Syracuse, NY"
2465,Onondaga County,NY,202111,1251.77,0.0067,0.1235,"Syracuse, NY"
2465,Onondaga County,NY,202112,1272.03,0.0162,0.1511,"Syracuse, NY"
2465,Onondaga County,NY,202201,1267.22,-0.0038,0.1386,"Syracuse, NY"
2465,Onondaga County,NY,202202,1275.7,0.0067,0.1365,"Syracuse, NY"
2465,Onondaga County,NY,202203,1279.25,0.0028,0.113,"Syracuse, NY"
2465,Onondaga County,NY,202204,1304.75,0.0199,0.1141,"Syracuse, NY"
2465,Onondaga County,NY,202205,1337.73,0.0253,0.1215,"Syracuse, NY"
2465,Onondaga County,NY,202206,1346.47,0.0065,0.1112,"Syracuse, NY"
2465,Onondaga County,NY,202207,1352.35,0.0044,0.107,"Syracuse, NY"
2465,Onondaga County,NY,202208,1354.37,0.0015,0.1044,"Syracuse, NY"
2465,Onondaga County,NY,202209,1357.64,0.0024,0.0984,"Syracuse, NY"
2465,Onondaga County,NY,202210,1372.48,0.0109,0.1038,"Syracuse, NY"
2465,Onondaga County,NY,202211,1371.94,-0.0004,0.096,"Syracuse, NY"
2465,Onondaga County,NY,202212,1359.96,-0.0087,0.0691,"Syracuse, NY"
2465,Onondaga County,NY,202301,1352.73,-0.0053,0.0675,"Syracuse, NY"
2465,Onondaga County,NY,202302,1346.9,-0.0043,0.0558,"Syracuse, NY"
2465,Onondaga County,NY,202303,1370.91,0.0178,0.0717,"Syracuse, NY"
2465,Onondaga County,NY,202304,1382.16,0.0082,0.0593,"Syracuse, NY"
2465,Onondaga County,NY,202305,1409.35,0.0197,0.0535,"Syracuse, NY"
2465,Onondaga County,NY,202306,1410.3,0.0007,0.0474,"Syracuse, NY"
2465,Onondaga County,NY,202307,1419.17,0.0063,0.0494,"Syracuse, NY"
2465,Onondaga County,NY,202308,1421.91,0.0019,0.0499,"Syracuse, NY"
2465,Onondaga County,NY,202309,1423.56,0.0012,0.0486,"Syracuse, NY"
2465,Onondaga County,NY,202310,1424.47,0.0006,0.0379,"Syracuse, NY"
2465,Onondaga County,NY,202311,1428.43,0.0028,0.0412,"Syracuse, NY"
2465,Onondaga County,NY,202312,1445.91,0.0122,0.0632,"Syracuse, NY"
2465,Onondaga County,NY,202401,1462.13,0.0112,0.0809,"Syracuse, NY"
2465,Onondaga County,NY,202402,1465.35,0.0022,0.0879,"Syracuse, NY"
2465,Onondaga County,NY,202403,1470.4,0.0035,0.0726,"Syracuse, NY"
2465,Onondaga County,NY,202404,1476.96,0.0045,0.0686,"Syracuse, NY"
2465,Onondaga County,NY,202405,1491.19,0.0096,0.0581,"Syracuse, NY"
2465,Onondaga County,NY,202406,1509.08,0.012,0.07,"Syracuse, NY"
2465,Onondaga County,NY,202407,1516.95,0.0052,0.0689,"Syracuse, NY"
2465,Onondaga County,NY,202408,1519.3,0.0015,0.0685,"Syracuse, NY"
2465,Onondaga County,NY,202409,1512.7,-0.0043,0.0626,"Syracuse, NY"
2465,Onondaga County,NY,202410,1513.66,0.0006,0.0626,"Syracuse, NY"
2465,Onondaga County,NY,202411,1522.5,0.0058,0.0659,"Syracuse, NY"
2465,Onondaga County,NY,202412,1543.51,0.0138,0.0675,"Syracuse, NY"
2465,Onondaga County,NY,202501,1552.71,0.006,0.0619,"Syracuse, NY"
2465,Onondaga County,NY,202502,1556.44,0.0024,0.0622,"Syracuse, NY"
2465,Onondaga County,NY,202503,1550.53,-0.0038,0.0545,"Syracuse, NY"
2465,Onondaga County,NY,202504,1560.08,0.0062,0.0563,"Syracuse, NY"
2465,Onondaga County,NY,202505,1570.34,0.0066,0.0531,"Syracuse, NY"
2465,Onondaga County,NY,202506,1576.13,0.0037,0.0444,"Syracuse, NY"
2465,Onondaga County,NY,202507,1579.5,0.0021,0.0412,"Syracuse, NY"
2465,Onondaga County,NY,202508,1586.14,0.0042,0.044,"Syracuse, NY"
2465,Onondaga County,NY,202509,1600.79,0.0092,0.0582,"Syracuse, NY"
2465,Onondaga County,NY,202510,1601.4,0.0004,0.058,"Syracuse, NY"
2465,Onondaga County,NY,202511,1609.3,0.0049,0.057,"Syracuse, NY"
2465,Onondaga County,NY,202512,1610.52,0.0008,0.0434,"Syracuse, NY"
2465,Onondaga County,NY,202601,1629.43,0.0117,0.0494,"Syracuse, NY"
2465,Onondaga County,NY,202602,1623.26,-0.0038,0.0429,"Syracuse, NY"
2465,Onondaga County,NY,202603,1637.68,0.0089,0.0562,"Syracuse, NY"
2465,Onondaga County,NY,202604,1626.01,-0.0071,0.0423,"Syracuse, NY"
2465,Onondaga County,NY,202605,1636.95,0.0067,0.0424,"Syracuse, NY"
2465,Onondaga County,NY,202606,1630.19,-0.0041,0.0343,"Syracuse, NY"
2465,Onondaga County,NY,202607,1638.03,0.0048,0.0371,"Syracuse, NY"
2465,Onondaga County,NY,202608,1647.59,0.0058,0.0387,"Syracuse, NY"
2511,Richmond County,NY,201502,1445.92,,,"New York-Newark-Jersey City, NY-NJ-PA"
2511,Richmond County,NY,201503,1462.26,0.0113,,"New York-Newark-Jersey City, NY-NJ-PA"
2511,Richmond County,NY,201504,1483.32,0.0144,,"New York-Newark-Jersey City, NY-NJ-PA"
2511,Richmond County,NY,201505,1492.06,0.0059,,"New York-Newark-Jersey City, NY-NJ-PA"
2511,Richmond County,NY,201506,1456.26,-0.024,,"New York-Newark-Jersey City, NY-NJ-PA"
2511,Richmond County,NY,201507,1450.34,-0.0041,,"New York-Newark-Jersey City, NY-NJ-PA"
2511,Richmond County,NY,201508,1442.57,-0.0054,,"New York-Newark-Jersey City, NY-NJ-PA"
2511,Richmond County,NY,201509,1459.36,0.0116,,"New York-Newark-Jersey City, NY-NJ-PA"
2511,Richmond County,NY,201510,1470.96,0.0079,,"New York-Newark-Jersey City, NY-NJ-PA"
2511,Richmond County,NY,201511,1488.29,0.0118,,"New York-Newark-Jersey City, NY-NJ-PA"
2511,Richmond County,NY,201512,1527.7,0.0265,,"New York-Newark-Jersey City, NY-NJ-PA"
2511,Richmond County,NY,201601,1548.76,0.0138,,"New York-Newark-Jersey City, NY-NJ-PA"
2511,Richmond County,NY,201602,1542.35,-0.0041,0.0667,"New York-Newark-Jersey City, NY-NJ-PA"
2511,Richmond County,NY,201603,1517.62,-0.016,0.0379,"New York-Newark-Jersey City, NY-NJ-PA"
2511,Richmond County,NY,201604,1539.54,0.0144,0.0379,"New York-Newark-Jersey City, NY-NJ-PA"
2511,Richmond County,NY,201605,1551.41,0.0077,0.0398,"New York-Newark-Jersey City, NY-NJ-PA"
2511,Richmond County,NY,201606,1569.47,0.0116,0.0777,"New York-Newark-Jersey City, NY-NJ-PA"
2511,Richmond County,NY,201607,1571.32,0.0012,0.0834,"New York-Newark-Jersey City, NY-NJ-PA"
2511,Richmond County,NY,201608,1556.68,-0.0093,0.0791,"New York-Newark-Jersey City, NY-NJ-PA"
2511,Richmond County,NY,201609,1563.15,0.0042,0.0711,"New York-Newark-Jersey City, NY-NJ-PA"
2511,Richmond County,NY,201610,1551.95,-0.0072,0.0551,"New York-Newark-Jersey City, NY-NJ-PA"
2511,Richmond County,NY,201611,1600.69,0.0314,0.0755,"New York-Newark-Jersey City, NY-NJ-PA"
2511,Richmond County,NY,201612,1642.6,0.0262,0.0752,"New York-Newark-Jersey City, NY-NJ-PA"
2511,Richmond County,NY,201701,1677.0,0.0209,0.0828,"New York-Newark-Jersey City, NY-NJ-PA"
2511,Richmond County,NY,201702,1656.75,-0.0121,0.0742,"New York-Newark-Jersey City, NY-NJ-PA"
2511,Richmond County,NY,201703,1640.6,-0.0097,0.081,"New York-Newark-Jersey City, NY-NJ-PA"
2511,Richmond County,NY,201704,1613.72,-0.0164,0.0482,"New York-Newark-Jersey City, NY-NJ-PA"
2511,Richmond County,NY,201705,1647.97,0.0212,0.0622,"New York-Newark-Jersey City, NY-NJ-PA"
2511,Richmond County,NY,201706,1674.2,0.0159,0.0667,"New York-Newark-Jersey City, NY-NJ-PA"
2511,Richmond County,NY,201707,1691.0,0.01,0.0762,"New York-Newark-Jersey City, NY-NJ-PA"
2511,Richmond County,NY,201708,1658.64,-0.0191,0.0655,"New York-Newark-Jersey City, NY-NJ-PA"
2511,Richmond County,NY,201709,1655.96,-0.0016,0.0594,"New York-Newark-Jersey City, NY-NJ-PA"
2511,Richmond County,NY,201710,1687.64,0.0191,0.0874,"New York-Newark-Jersey City, NY-NJ-PA"
2511,Richmond County,NY,201711,1711.5,0.0141,0.0692,"New York-Newark-Jersey City, NY-NJ-PA"
2511,Richmond County,NY,201712,1682.74,-0.0168,0.0244,"New York-Newark-Jersey City, NY-NJ-PA"
2511,Richmond County,NY,201801,1685.62,0.0017,0.0051,"New York-Newark-Jersey City, NY-NJ-PA"
2511,Richmond County,NY,201802,1686.04,0.0002,0.0177,"New York-Newark-Jersey City, NY-NJ-PA"
2511,Richmond County,NY,201803,1707.32,0.0126,0.0407,"New York-Newark-Jersey City, NY-NJ-PA"
2511,Richmond County,NY,201804,1710.21,0.0017,0.0598,"New York-Newark-Jersey City, NY-NJ-PA"
2511,Richmond County,NY,201805,1718.75,0.005,0.0429,"New York-Newark-Jersey City, NY-NJ-PA"
2511,Richmond County,NY,201806,1739.08,0.0118,0.0388,"New York-Newark-Jersey City, NY-NJ-PA"
2511,Richmond County,NY,201807,1772.06,0.019,0.0479,"New York-Newark-Jersey City, NY-NJ-PA"
2511,Richmond County,NY,201808,1787.76,0.0089,0.0778,"New York-Newark-Jersey City, NY-NJ-PA"
2511,Richmond County,NY,201809,1794.21,0.0036,0.0835,"New York-Newark-Jersey City, NY-NJ-PA"
2511,Richmond County,NY,201810,1777.21,-0.0095,0.0531,"New York-Newark-Jersey City, NY-NJ-PA"
2511,Richmond County,NY,201811,1759.52,-0.0099,0.0281,"New York-Newark-Jersey City, NY-NJ-PA"
2511,Richmond County,NY,201812,1758.02,-0.0009,0.0447,"New York-Newark-Jersey City, NY-NJ-PA"
2511,Richmond County,NY,201901,1733.71,-0.0138,0.0285,"New York-Newark-Jersey City, NY-NJ-PA"
2511,Richmond County,NY,201902,1759.0,0.0146,0.0433,"New York-Newark-Jersey City, NY-NJ-PA"
2511,Richmond County,NY,201903,1757.9,-0.0006,0.0296,"New York-Newark-Jersey City, NY-NJ-PA"
2511,Richmond County,NY,201904,1786.58,0.0163,0.0447,"New York-Newark-Jersey City, NY-NJ-PA"
2511,Richmond County,NY,201905,1802.55,0.0089,0.0488,"New York-Newark-Jersey City, NY-NJ-PA"
2511,Richmond County,NY,201906,1828.96,0.0146,0.0517,"New York-Newark-Jersey City, NY-NJ-PA"
2511,Richmond County,NY,201907,1845.63,0.0091,0.0415,"New York-Newark-Jersey City, NY-NJ-PA"
2511,Richmond County,NY,201908,1830.45,-0.0082,0.0239,"New York-Newark-Jersey City, NY-NJ-PA"
2511,Richmond County,NY,201909,1831.83,0.0008,0.021,"New York-Newark-Jersey City, NY-NJ-PA"
2511,Richmond County,NY,201910,1818.49,-0.0073,0.0232,"New York-Newark-Jersey City, NY-NJ-PA"
2511,Richmond County,NY,201911,1830.75,0.0067,0.0405,"New York-Newark-Jersey City, NY-NJ-PA"
2511,Richmond County,NY,201912,1811.7,-0.0104,0.0305,"New York-Newark-Jersey City, NY-NJ-PA"
2511,Richmond County,NY,202001,1817.94,0.0034,0.0486,"New York-Newark-Jersey City, NY-NJ-PA"
2511,Richmond County,NY,202002,1829.34,0.0063,0.04,"New York-Newark-Jersey City, NY-NJ-PA"
2511,Richmond County,NY,202003,1862.21,0.018,0.0593,"New York-Newark-Jersey City, NY-NJ-PA"
2511,Richmond County,NY,202004,1889.94,0.0149,0.0579,"New York-Newark-Jersey City, NY-NJ-PA"
2511,Richmond County,NY,202005,1916.25,0.0139,0.0631,"New York-Newark-Jersey City, NY-NJ-PA"
2511,Richmond County,NY,202006,1907.22,-0.0047,0.0428,"New York-Newark-Jersey City, NY-NJ-PA"
2511,Richmond County,NY,202007,1908.79,0.0008,0.0342,"New York-Newark-Jersey City, NY-NJ-PA"
2511,Richmond County,NY,202008,1884.63,-0.0127,0.0296,"New York-Newark-Jersey City, NY-NJ-PA"
2511,Richmond County,NY,202009,1898.2,0.0072,0.0362,"New York-Newark-Jersey City, NY-NJ-PA"
2511,Richmond County,NY,202010,1900.51,0.0012,0.0451,"New York-Newark-Jersey City, NY-NJ-PA"
2511,Richmond County,NY,202011,1915.79,0.008,0.0464,"New York-Newark-Jersey City, NY-NJ-PA"
2511,Richmond County,NY,202012,1900.97,-0.0077,0.0493,"New York-Newark-Jersey City, NY-NJ-PA"
2511,Richmond County,NY,202101,1896.03,-0.0026,0.043,"New York-Newark-Jersey City, NY-NJ-PA"
2511,Richmond County,NY,202102,1886.23,-0.0052,0.0311,"New York-Newark-Jersey City, NY-NJ-PA"
2511,Richmond County,NY,202103,1909.08,0.0121,0.0252,"New York-Newark-Jersey City, NY-NJ-PA"
2511,Richmond County,NY,202104,1898.11,-0.0057,0.0043,"New York-Newark-Jersey City, NY-NJ-PA"
2511,Richmond County,NY,202105,1922.34,0.0128,0.0032,"New York-Newark-Jersey City, NY-NJ-PA"
2511,Richmond County,NY,202106,1929.52,0.0037,0.0117,"New York-Newark-Jersey City, NY-NJ-PA"
2511,Richmond County,NY,202107,1968.79,0.0204,0.0314,"New York-Newark-Jersey City, NY-NJ-PA"
2511,Richmond County,NY,202108,1964.15,-0.0024,0.0422,"New York-Newark-Jersey City, NY-NJ-PA"
2511,Richmond County,NY,202109,1973.76,0.0049,0.0398,"New York-Newark-Jersey City, NY-NJ-PA"
2511,Richmond County,NY,202110,1961.6,-0.0062,0.0321,"New York-Newark-Jersey City, NY-NJ-PA"
2511,Richmond County,NY,202111,1989.31,0.0141,0.0384,"New York-Newark-Jersey City, NY-NJ-PA"
2511,Richmond County,NY,202112,1996.1,0.0034,0.05,"New York-Newark-Jersey City, NY-NJ-PA"
2511,Richmond County,NY,202201,2014.91,0.0094,0.0627,"New York-Newark-Jersey City, NY-NJ-PA"
2511,Richmond County,NY,202202,2007.16,-0.0038,0.0641,"New York-Newark-Jersey City, NY-NJ-PA"
2511,Richmond County,NY,202203,2002.35,-0.0024,0.0489,"New York-Newark-Jersey City, NY-NJ-PA"
2511,Richmond County,NY,202204,2016.53,0.0071,0.0624,"New York-Newark-Jersey City, NY-NJ-PA"
2511,Richmond County,NY,202205,2045.91,0.0146,0.0643,"New York-Newark-Jersey City, NY-NJ-PA"
2511,Richmond County,NY,202206,2081.95,0.0176,0.079,"New York-Newark-Jersey City, NY-NJ-PA"
2511,Richmond County,NY,202207,2109.0,0.013,0.0712,"New York-Newark-Jersey City, NY-NJ-PA"
2511,Richmond County,NY,202208,2108.14,-0.0004,0.0733,"New York-Newark-Jersey City, NY-NJ-PA"
2511,Richmond County,NY,202209,2118.62,0.005,0.0734,"New York-Newark-Jersey City, NY-NJ-PA"
2511,Richmond County,NY,202210,2129.59,0.0052,0.0856,"New York-Newark-Jersey City, NY-NJ-PA"
2511,Richmond County,NY,202211,2153.99,0.0115,0.0828,"New York-Newark-Jersey City, NY-NJ-PA"
2511,Richmond County,NY,202212,2163.89,0.0046,0.0841,"New York-Newark-Jersey City, NY-NJ-PA"
2511,Richmond County,NY,202301,2173.56,0.0045,0.0787,"New York-Newark-Jersey City, NY-NJ-PA"
2511,Richmond County,NY,202302,2159.22,-0.0066,0.0758,"New York-Newark-Jersey City, NY-NJ-PA"
2511,Richmond County,NY,202303,2165.36,0.0028,0.0814,"New York-Newark-Jersey City, NY-NJ-PA"
2511,Richmond County,NY,202304,2160.91,-0.0021,0.0716,"New York-Newark-Jersey City, NY-NJ-PA"
2511,Richmond County,NY,202305,2166.89,0.0028,0.0591,"New York-Newark-Jersey City, NY-NJ-PA"
2511,Richmond County,NY,202306,2195.18,0.0131,0.0544,"New York-Newark-Jersey City, NY-NJ-PA"
2511,Richmond County,NY,202307,2223.49,0.0129,0.0543,"New York-Newark-Jersey City, NY-NJ-PA"
2511,Richmond County,NY,202308,2253.68,0.0136,0.069,"New York-Newark-Jersey City, NY-NJ-PA"
2511,Richmond County,NY,202309,2272.75,0.0085,0.0728,"New York-Newark-Jersey City, NY-NJ-PA"
2511,Richmond County,NY,202310,2268.0,-0.0021,0.065,"New York-Newark-Jersey City, NY-NJ-PA"
2511,Richmond County,NY,202311,2273.24,0.0023,0.0554,"New York-Newark-Jersey City, NY-NJ-PA"
2511,Richmond County,NY,202312,2245.24,-0.0123,0.0376,"New York-Newark-Jersey City, NY-NJ-PA"
2511,Richmond County,NY,202401,2260.56,0.0068,0.04,"New York-Newark-Jersey City, NY-NJ-PA"
2511,Richmond County,NY,202402,2288.18,0.0122,0.0597,"New York-Newark-Jersey City, NY-NJ-PA"
2511,Richmond County,NY,202403,2338.97,0.0222,0.0802,"New York-Newark-Jersey City, NY-NJ-PA"
2511,Richmond County,NY,202404,2353.49,0.0062,0.0891,"New York-Newark-Jersey City, NY-NJ-PA"
2511,Richmond County,NY,202405,2360.52,0.003,0.0894,"New York-Newark-Jersey City, NY-NJ-PA"
2511,Richmond County,NY,202406,2364.74,0.0018,0.0772,"New York-Newark-Jersey City, NY-NJ-PA"
2511,Richmond County,NY,202407,2377.53,0.0054,0.0693,"New York-Newark-Jersey City, NY-NJ-PA"
2511,Richmond County,NY,202408,2400.48,0.0097,0.0651,"New York-Newark-Jersey City, NY-NJ-PA"
2511,Richmond County,NY,202409,2401.73,0.0005,0.0567,"New York-Newark-Jersey City, NY-NJ-PA"
2511,Richmond County,NY,202410,2404.74,0.0013,0.0603,"New York-Newark-Jersey City, NY-NJ-PA"
2511,Richmond County,NY,202411,2398.84,-0.0025,0.0552,"New York-Newark-Jersey City, NY-NJ-PA"
2511,Richmond County,NY,202412,2429.19,0.0127,0.0819,"New York-Newark-Jersey City, NY-NJ-PA"
2511,Richmond County,NY,202501,2458.77,0.0122,0.0877,"New York-Newark-Jersey City, NY-NJ-PA"
2511,Richmond County,NY,202502,2484.86,0.0106,0.086,"New York-Newark-Jersey City, NY-NJ-PA"
2511,Richmond County,NY,202503,2512.08,0.011,0.074,"New York-Newark-Jersey City, NY-NJ-PA"
2511,Richmond County,NY,202504,2532.34,0.0081,0.076,"New York-Newark-Jersey City, NY-NJ-PA"
2511,Richmond County,NY,202505,2537.81,0.0022,0.0751,"New York-Newark-Jersey City, NY-NJ-PA"
2511,Richmond County,NY,202506,2523.25,-0.0057,0.067,"New York-Newark-Jersey City, NY-NJ-PA"
2511,Richmond County,NY,202507,2535.39,0.0048,0.0664,"New York-Newark-Jersey City, NY-NJ-PA"
2511,Richmond County,NY,202508,2549.15,0.0054,0.0619,"New York-Newark-Jersey City, NY-NJ-PA"
2511,Richmond County,NY,202509,2540.52,-0.0034,0.0578,"New York-Newark-Jersey City, NY-NJ-PA"
2511,Richmond County,NY,202510,2515.85,-0.0097,0.0462,"New York-Newark-Jersey City, NY-NJ-PA"
2511,Richmond County,NY,202511,2519.02,0.0013,0.0501,"New York-Newark-Jersey City, NY-NJ-PA"
2511,Richmond County,NY,202512,2551.9,0.0131,0.0505,"New York-Newark-Jersey City, NY-NJ-PA"
2511,Richmond County,NY,202601,2596.58,0.0175,0.056,"New York-Newark-Jersey City, NY-NJ-PA"
2511,Richmond County,NY,202602,2577.12,-0.0075,0.0371,"New York-Newark-Jersey City, NY-NJ-PA"
2511,Richmond County,NY,202603,2569.68,-0.0029,0.0229,"New York-Newark-Jersey City, NY-NJ-PA"
2511,Richmond County,NY,202604,2549.29,-0.0079,0.0067,"New York-Newark-Jersey City, NY-NJ-PA"
2511,Richmond County,NY,202605,2576.18,0.0105,0.0151,"New York-Newark-Jersey City, NY-NJ-PA"
2511,Richmond County,NY,202606,2580.68,0.0017,0.0228,"New York-Newark-Jersey City, NY-NJ-PA"
2511,Richmond County,NY,202607,2597.29,0.0064,0.0244,"New York-Newark-Jersey City, NY-NJ-PA"
2511,Richmond County,NY,202608,2586.77,-0.004,0.0148,"New York-Newark-Jersey City, NY-NJ-PA"
2515,Rockland County,NY,201501,1701.52,,,"New York-Newark-Jersey City, NY-NJ-PA"
2515,Rockland County,NY,201502,1697.87,-0.0021,,"New York-Newark-Jersey City, NY-NJ-PA"
2515,Rockland County,NY,201503,1708.69,0.0064,,"New York-Newark-Jersey City, NY-NJ-PA"
2515,Rockland County,NY,201504,1734.08,0.0149,,"New York-Newark-Jersey City, NY-NJ-PA"
2515,Rockland County,NY,201505,1741.07,0.004,,"New York-Newark-Jersey City, NY-NJ-PA"
2515,Rockland County,NY,201506,1739.98,-0.0006,,"New York-Newark-Jersey City, NY-NJ-PA"
2515,Rockland County,NY,201507,1728.95,-0.0063,,"New York-Newark-Jersey City, NY-NJ-PA"
2515,Rockland County,NY,201508,1741.36,0.0072,,"New York-Newark-Jersey City, NY-NJ-PA"
2515,Rockland County,NY,201509,1747.4,0.0035,,"New York-Newark-Jersey City, NY-NJ-PA"
2515,Rockland County,NY,201510,1774.03,0.0152,,"New York-Newark-Jersey City, NY-NJ-PA"
2515,Rockland County,NY,201511,1792.22,0.0103,,"New York-Newark-Jersey City, NY-NJ-PA"
2515,Rockland County,NY,201512,1794.02,0.001,,"New York-Newark-Jersey City, NY-NJ-PA"
2515,Rockland County,NY,201601,1760.91,-0.0185,0.0349,"New York-Newark-Jersey City, NY-NJ-PA"
2515,Rockland County,NY,201602,1748.3,-0.0072,0.0297,"New York-Newark-Jersey City, NY-NJ-PA"
2515,Rockland County,NY,201603,1763.28,0.0086,0.032,"New York-Newark-Jersey City, NY-NJ-PA"
2515,Rockland County,NY,201604,1794.71,0.0178,0.035,"New York-Newark-Jersey City, NY-NJ-PA"
2515,Rockland County,NY,201605,1805.85,0.0062,0.0372,"New York-Newark-Jersey City, NY-NJ-PA"
2515,Rockland County,NY,201606,1806.35,0.0003,0.0381,"New York-Newark-Jersey City, NY-NJ-PA"
2515,Rockland County,NY,201607,1811.25,0.0027,0.0476,"New York-Newark-Jersey City, NY-NJ-PA"
2515,Rockland County,NY,201608,1836.84,0.0141,0.0548,"New York-Newark-Jersey City, NY-NJ-PA"
2515,Rockland County,NY,201609,1843.43,0.0036,0.055,"New York-Newark-Jersey City, NY-NJ-PA"
2515,Rockland County,NY,201610,1826.15,-0.0094,0.0294,"New York-Newark-Jersey City, NY-NJ-PA"
2515,Rockland County,NY,201611,1803.49,-0.0124,0.0063,"New York-Newark-Jersey City, NY-NJ-PA"
2515,Rockland County,NY,201612,1810.29,0.0038,0.0091,"New York-Newark-Jersey City, NY-NJ-PA"
2515,Rockland County,NY,201701,1838.78,0.0157,0.0442,"New York-Newark-Jersey City, NY-NJ-PA"
2515,Rockland County,NY,201702,1870.84,0.0174,0.0701,"New York-Newark-Jersey City, NY-NJ-PA"
2515,Rockland County,NY,201703,1877.91,0.0038,0.065,"New York-Newark-Jersey City, NY-NJ-PA"
2515,Rockland County,NY,201704,1866.0,-0.0063,0.0397,"New York-Newark-Jersey City, NY-NJ-PA"
2515,Rockland County,NY,201705,1864.32,-0.0009,0.0324,"New York-Newark-Jersey City, NY-NJ-PA"
2515,Rockland County,NY,201706,1862.31,-0.0011,0.031,"New York-Newark-Jersey City, NY-NJ-PA"
2515,Rockland County,NY,201707,1877.48,0.0081,0.0366,"New York-Newark-Jersey City, NY-NJ-PA"
2515,Rockland County,NY,201708,1871.32,-0.0033,0.0188,"New York-Newark-Jersey City, NY-NJ-PA"
2515,Rockland County,NY,201709,1885.37,0.0075,0.0228,"New York-Newark-Jersey City, NY-NJ-PA"
2515,Rockland County,NY,201710,1865.23,-0.0107,0.0214,"New York-Newark-Jersey City, NY-NJ-PA"
2515,Rockland County,NY,201711,1867.65,0.0013,0.0356,"New York-Newark-Jersey City, NY-NJ-PA"
2515,Rockland County,NY,201712,1876.86,0.0049,0.0368,"New York-Newark-Jersey City, NY-NJ-PA"
2515,Rockland County,NY,201801,1906.63,0.0159,0.0369,"New York-Newark-Jersey City, NY-NJ-PA"
2515,Rockland County,NY,201802,1924.19,0.0092,0.0285,"New York-Newark-Jersey City, NY-NJ-PA"
2515,Rockland County,NY,201803,1922.3,-0.001,0.0236,"New York-Newark-Jersey City, NY-NJ-PA"
2515,Rockland County,NY,201804,1933.38,0.0058,0.0361,"New York-Newark-Jersey City, NY-NJ-PA"
2515,Rockland County,NY,201805,1929.24,-0.0021,0.0348,"New York-Newark-Jersey City, NY-NJ-PA"
2515,Rockland County,NY,201806,1951.07,0.0113,0.0477,"New York-Newark-Jersey City, NY-NJ-PA"
2515,Rockland County,NY,201807,1939.03,-0.0062,0.0328,"New York-Newark-Jersey City, NY-NJ-PA"
2515,Rockland County,NY,201808,1931.39,-0.0039,0.0321,"New York-Newark-Jersey City, NY-NJ-PA"
2515,Rockland County,NY,201809,1916.68,-0.0076,0.0166,"New York-Newark-Jersey City, NY-NJ-PA"
2515,Rockland County,NY,201810,1930.71,0.0073,0.0351,"New York-Newark-Jersey City, NY-NJ-PA"
2515,Rockland County,NY,201811,1944.55,0.0072,0.0412,"New York-Newark-Jersey City, NY-NJ-PA"
2515,Rockland County,NY,201812,1948.77,0.0022,0.0383,"New York-Newark-Jersey City, NY-NJ-PA"
2515,Rockland County,NY,201901,1960.85,0.0062,0.0284,"New York-Newark-Jersey City, NY-NJ-PA"
2515,Rockland County,NY,201902,1986.82,0.0132,0.0325,"New York-Newark-Jersey City, NY-NJ-PA"
2515,Rockland County,NY,201903,2000.67,0.007,0.0408,"New York-Newark-Jersey City, NY-NJ-PA"
2515,Rockland County,NY,201904,2006.95,0.0031,0.038,"New York-Newark-Jersey City, NY-NJ-PA"
2515,Rockland County,NY,201905,2016.78,0.0049,0.0454,"New York-Newark-Jersey City, NY-NJ-PA"
2515,Rockland County,NY,201906,2035.55,0.0093,0.0433,"New York-Newark-Jersey City, NY-NJ-PA"
2515,Rockland County,NY,201907,2028.76,-0.0033,0.0463,"New York-Newark-Jersey City, NY-NJ-PA"
2515,Rockland County,NY,201908,2017.77,-0.0054,0.0447,"New York-Newark-Jersey City, NY-NJ-PA"
2515,Rockland County,NY,201909,1991.34,-0.0131,0.039,"New York-Newark-Jersey City, NY-NJ-PA"
2515,Rockland County,NY,201910,2000.24,0.0045,0.036,"New York-Newark-Jersey City, NY-NJ-PA"
2515,Rockland County,NY,201911,2018.28,0.009,0.0379,"New York-Newark-Jersey City, NY-NJ-PA"
2515,Rockland County,NY,201912,2037.77,0.0097,0.0457,"New York-Newark-Jersey City, NY-NJ-PA"
2515,Rockland County,NY,202001,2059.84,0.0108,0.0505,"New York-Newark-Jersey City, NY-NJ-PA"
2515,Rockland County,NY,202002,2056.06,-0.0018,0.0348,"New York-Newark-Jersey City, NY-NJ-PA"
2515,Rockland County,NY,202003,2084.88,0.014,0.0421,"New York-Newark-Jersey City, NY-NJ-PA"
2515,Rockland County,NY,202004,2100.09,0.0073,0.0464,"New York-Newark-Jersey City, NY-NJ-PA"
2515,Rockland County,NY,202005,2102.71,0.0012,0.0426,"New York-Newark-Jersey City, NY-NJ-PA"
2515,Rockland County,NY,202006,2101.37,-0.0006,0.0323,"New York-Newark-Jersey City, NY-NJ-PA"
2515,Rockland County,NY,202007,2074.94,-0.0126,0.0228,"New York-Newark-Jersey City, NY-NJ-PA"
2515,Rockland County,NY,202008,2088.14,0.0064,0.0349,"New York-Newark-Jersey City, NY-NJ-PA"
2515,Rockland County,NY,202009,2074.25,-0.0066,0.0416,"New York-Newark-Jersey City, NY-NJ-PA"
2515,Rockland County,NY,202010,2149.9,0.0365,0.0748,"New York-Newark-Jersey City, NY-NJ-PA"
2515,Rockland County,NY,202011,2159.22,0.0043,0.0698,"New York-Newark-Jersey City, NY-NJ-PA"
2515,Rockland County,NY,202012,2178.49,0.0089,0.0691,"New York-Newark-Jersey City, NY-NJ-PA"
2515,Rockland County,NY,202101,2133.73,-0.0205,0.0359,"New York-Newark-Jersey City, NY-NJ-PA"
2515,Rockland County,NY,202102,2164.66,0.0145,0.0528,"New York-Newark-Jersey City, NY-NJ-PA"
2515,Rockland County,NY,202103,2204.63,0.0185,0.0574,"New York-Newark-Jersey City, NY-NJ-PA"
2515,Rockland County,NY,202104,2243.13,0.0175,0.0681,"New York-Newark-Jersey City, NY-NJ-PA"
2515,Rockland County,NY,202105,2293.05,0.0223,0.0905,"New York-Newark-Jersey City, NY-NJ-PA"
2515,Rockland County,NY,202106,2301.44,0.0037,0.0952,"New York-Newark-Jersey City, NY-NJ-PA"
2515,Rockland County,NY,202107,2320.44,0.0083,0.1183,"New York-Newark-Jersey City, NY-NJ-PA"
2515,Rockland County,NY,202108,2328.62,0.0035,0.1152,"New York-Newark-Jersey City, NY-NJ-PA"
2515,Rockland County,NY,202109,2377.44,0.021,0.1462,"New York-Newark-Jersey City, NY-NJ-PA"
2515,Rockland County,NY,202110,2399.77,0.0094,0.1162,"New York-Newark-Jersey City, NY-NJ-PA"
2515,Rockland County,NY,202111,2406.52,0.0028,0.1145,"New York-Newark-Jersey City, NY-NJ-PA"
2515,Rockland County,NY,202112,2410.11,0.0015,0.1063,"New York-Newark-Jersey City, NY-NJ-PA"
2515,Rockland County,NY,202201,2408.38,-0.0007,0.1287,"New York-Newark-Jersey City, NY-NJ-PA"
2515,Rockland County,NY,202202,2398.44,-0.0041,0.108,"New York-Newark-Jersey City, NY-NJ-PA"
2515,Rockland County,NY,202203,2404.76,0.0026,0.0908,"New York-Newark-Jersey City, NY-NJ-PA"
2515,Rockland County,NY,202204,2415.97,0.0047,0.0771,"New York-Newark-Jersey City, NY-NJ-PA"
2515,Rockland County,NY,202205,2469.93,0.0223,0.0771,"New York-Newark-Jersey City, NY-NJ-PA"
2515,Rockland County,NY,202206,2506.71,0.0149,0.0892,"New York-Newark-Jersey City, NY-NJ-PA"
2515,Rockland County,NY,202207,2594.24,0.0349,0.118,"New York-Newark-Jersey City, NY-NJ-PA"
2515,Rockland County,NY,202208,2596.89,0.001,0.1152,"New York-Newark-Jersey City, NY-NJ-PA"
2515,Rockland County,NY,202209,2587.9,-0.0035,0.0885,"New York-Newark-Jersey City, NY-NJ-PA"
2515,Rockland County,NY,202210,2569.54,-0.0071,0.0707,"New York-Newark-Jersey City, NY-NJ-PA"
2515,Rockland County,NY,202211,2585.33,0.0061,0.0743,"New York-Newark-Jersey City, NY-NJ-PA"
2515,Rockland County,NY,202212,2631.91,0.018,0.092,"New York-Newark-Jersey City, NY-NJ-PA"
2515,Rockland County,NY,202301,2646.21,0.0054,0.0988,"New York-Newark-Jersey City, NY-NJ-PA"
2515,Rockland County,NY,202302,2689.82,0.0165,0.1215,"New York-Newark-Jersey City, NY-NJ-PA"
2515,Rockland County,NY,202303,2742.03,0.0194,0.1402,"New York-Newark-Jersey City, NY-NJ-PA"
2515,Rockland County,NY,202304,2749.91,0.0029,0.1382,"New York-Newark-Jersey City, NY-NJ-PA"
2515,Rockland County,NY,202305,2741.05,-0.0032,0.1098,"New York-Newark-Jersey City, NY-NJ-PA"
2515,Rockland County,NY,202306,2696.02,-0.0164,0.0755,"New York-Newark-Jersey City, NY-NJ-PA"
2515,Rockland County,NY,202307,2722.16,0.0097,0.0493,"New York-Newark-Jersey City, NY-NJ-PA"
2515,Rockland County,NY,202308,2719.07,-0.0011,0.047,"New York-Newark-Jersey City, NY-NJ-PA"
2515,Rockland County,NY,202309,2728.47,0.0035,0.0543,"New York-Newark-Jersey City, NY-NJ-PA"
2515,Rockland County,NY,202310,2716.93,-0.0042,0.0574,"New York-Newark-Jersey City, NY-NJ-PA"
2515,Rockland County,NY,202311,2722.82,0.0022,0.0532,"New York-Newark-Jersey City, NY-NJ-PA"
2515,Rockland County,NY,202312,2744.5,0.008,0.0428,"New York-Newark-Jersey City, NY-NJ-PA"
2515,Rockland County,NY,202401,2748.35,0.0014,0.0386,"New York-Newark-Jersey City, NY-NJ-PA"
2515,Rockland County,NY,202402,2778.06,0.0108,0.0328,"New York-Newark-Jersey City, NY-NJ-PA"
2515,Rockland County,NY,202403,2741.91,-0.013,-0.0,"New York-Newark-Jersey City, NY-NJ-PA"
2515,Rockland County,NY,202404,2761.13,0.007,0.0041,"New York-Newark-Jersey City, NY-NJ-PA"
2515,Rockland County,NY,202405,2790.37,0.0106,0.018,"New York-Newark-Jersey City, NY-NJ-PA"
2515,Rockland County,NY,202406,2845.33,0.0197,0.0554,"New York-Newark-Jersey City, NY-NJ-PA"
2515,Rockland County,NY,202407,2860.68,0.0054,0.0509,"New York-Newark-Jersey City, NY-NJ-PA"
2515,Rockland County,NY,202408,2846.07,-0.0051,0.0467,"New York-Newark-Jersey City, NY-NJ-PA"
2515,Rockland County,NY,202409,2837.71,-0.0029,0.04,"New York-Newark-Jersey City, NY-NJ-PA"
2515,Rockland County,NY,202410,2827.46,-0.0036,0.0407,"New York-Newark-Jersey City, NY-NJ-PA"
2515,Rockland County,NY,202411,2817.15,-0.0036,0.0346,"New York-Newark-Jersey City, NY-NJ-PA"
2515,Rockland County,NY,202412,2802.14,-0.0053,0.021,"New York-Newark-Jersey City, NY-NJ-PA"
2515,Rockland County,NY,202501,2797.98,-0.0015,0.0181,"New York-Newark-Jersey City, NY-NJ-PA"
2515,Rockland County,NY,202502,2806.3,0.003,0.0102,"New York-Newark-Jersey City, NY-NJ-PA"
2515,Rockland County,NY,202503,2824.59,0.0065,0.0302,"New York-Newark-Jersey City, NY-NJ-PA"
2515,Rockland County,NY,202504,2846.77,0.0079,0.031,"New York-Newark-Jersey City, NY-NJ-PA"
2515,Rockland County,NY,202505,2850.46,0.0013,0.0215,"New York-Newark-Jersey City, NY-NJ-PA"
2515,Rockland County,NY,202506,2840.82,-0.0034,-0.0016,"New York-Newark-Jersey City, NY-NJ-PA"
2515,Rockland County,NY,202507,2871.9,0.0109,0.0039,"New York-Newark-Jersey City, NY-NJ-PA"
2515,Rockland County,NY,202508,2890.69,0.0065,0.0157,"New York-Newark-Jersey City, NY-NJ-PA"
2515,Rockland County,NY,202509,2963.9,0.0253,0.0445,"New York-Newark-Jersey City, NY-NJ-PA"
2515,Rockland County,NY,202510,2968.8,0.0017,0.05,"New York-Newark-Jersey City, NY-NJ-PA"
2515,Rockland County,NY,202511,2959.11,-0.0033,0.0504,"New York-Newark-Jersey City, NY-NJ-PA"
2515,Rockland County,NY,202512,2923.31,-0.0121,0.0432,"New York-Newark-Jersey City, NY-NJ-PA"
2515,Rockland County,NY,202601,2909.89,-0.0046,0.04,"New York-Newark-Jersey City, NY-NJ-PA"
2515,Rockland County,NY,202602,2906.95,-0.001,0.0359,"New York-Newark-Jersey City, NY-NJ-PA"
2515,Rockland County,NY,202603,2911.48,0.0016,0.0308,"New York-Newark-Jersey City, NY-NJ-PA"
2515,Rockland County,NY,202604,2884.64,-0.0092,0.0133,"New York-Newark-Jersey City, NY-NJ-PA"
2515,Rockland County,NY,202605,2920.24,0.0123,0.0245,"New York-Newark-Jersey City, NY-NJ-PA"
2515,Rockland County,NY,202606,2957.86,0.0129,0.0412,"New York-Newark-Jersey City, NY-NJ-PA"
2515,Rockland County,NY,202607,3047.35,0.0303,0.0611,"New York-Newark-Jersey City, NY-NJ-PA"
2515,Rockland County,NY,202608,3047.67,0.0001,0.0543,"New York-Newark-Jersey City, NY-NJ-PA"
2529,Saratoga County,NY,201501,1033.48,,,"Albany-Schenectady-Troy, NY"
2529,Saratoga County,NY,201502,1040.76,0.007,,"Albany-Schenectady-Troy, NY"
2529,Saratoga County,NY,201503,1053.64,0.0124,,"Albany-Schenectady-Troy, NY"
2529,Saratoga County,NY,201504,1044.83,-0.0084,,"Albany-Schenectady-Troy, NY"
2529,Saratoga County,NY,201505,1049.83,0.0048,,"Albany-Schenectady-Troy, NY"
2529,Saratoga County,NY,201506,1059.1,0.0088,,"Albany-Schenectady-Troy, NY"
2529,Saratoga County,NY,201507,1078.77,0.0186,,"Albany-Schenectady-Troy, NY"
2529,Saratoga County,NY,201508,1105.93,0.0252,,"Albany-Schenectady-Troy, NY"
2529,Saratoga County,NY,201509,1097.62,-0.0075,,"Albany-Schenectady-Troy, NY"
2529,Saratoga County,NY,201510,1082.9,-0.0134,,"Albany-Schenectady-Troy, NY"
2529,Saratoga County,NY,201511,1059.64,-0.0215,,"Albany-Schenectady-Troy, NY"
2529,Saratoga County,NY,201512,1068.59,0.0084,,"Albany-Schenectady-Troy, NY"
2529,Saratoga County,NY,201601,1077.5,0.0083,0.0426,"Albany-Schenectady-Troy, NY"
2529,Saratoga County,NY,201602,1086.86,0.0087,0.0443,"Albany-Schenectady-Troy, NY"
2529,Saratoga County,NY,201603,1076.78,-0.0093,0.022,"Albany-Schenectady-Troy, NY"
2529,Saratoga County,NY,201604,1086.39,0.0089,0.0398,"Albany-Schenectady-Troy, NY"
2529,Saratoga County,NY,201605,1096.81,0.0096,0.0448,"Albany-Schenectady-Troy, NY"
2529,Saratoga County,NY,201606,1109.47,0.0115,0.0476,"Albany-Schenectady-Troy, NY"
2529,Saratoga County,NY,201607,1101.19,-0.0075,0.0208,"Albany-Schenectady-Troy, NY"
2529,Saratoga County,NY,201608,1102.7,0.0014,-0.0029,"Albany-Schenectady-Troy, NY"
2529,Saratoga County,NY,201609,1111.2,0.0077,0.0124,"Albany-Schenectady-Troy, NY"
2529,Saratoga County,NY,201610,1095.79,-0.0139,0.0119,"Albany-Schenectady-Troy, NY"
2529,Saratoga County,NY,201611,1083.15,-0.0115,0.0222,"Albany-Schenectady-Troy, NY"
2529,Saratoga County,NY,201612,1066.72,-0.0152,-0.0018,"Albany-Schenectady-Troy, NY"
2529,Saratoga County,NY,201701,1076.14,0.0088,-0.0013,"Albany-Schenectady-Troy, NY"
2529,Saratoga County,NY,201702,1087.51,0.0106,0.0006,"Albany-Schenectady-Troy, NY"
2529,Saratoga County,NY,201703,1094.65,0.0066,0.0166,"Albany-Schenectady-Troy, NY"
2529,Saratoga County,NY,201704,1110.75,0.0147,0.0224,"Albany-Schenectady-Troy, NY"
2529,Saratoga County,NY,201705,1140.75,0.027,0.0401,"Albany-Schenectady-Troy, NY"
2529,Saratoga County,NY,201706,1148.6,0.0069,0.0353,"Albany-Schenectady-Troy, NY"
2529,Saratoga County,NY,201707,1154.7,0.0053,0.0486,"Albany-Schenectady-Troy, NY"
2529,Saratoga County,NY,201708,1134.25,-0.0177,0.0286,"Albany-Schenectady-Troy, NY"
2529,Saratoga County,NY,201709,1131.57,-0.0024,0.0183,"Albany-Schenectady-Troy, NY"
2529,Saratoga County,NY,201710,1114.0,-0.0155,0.0166,"Albany-Schenectady-Troy, NY"
2529,Saratoga County,NY,201711,1106.34,-0.0069,0.0214,"Albany-Schenectady-Troy, NY"
2529,Saratoga County,NY,201712,1110.91,0.0041,0.0414,"Albany-Schenectady-Troy, NY"
2529,Saratoga County,NY,201801,1122.44,0.0104,0.043,"Albany-Schenectady-Troy, NY"
2529,Saratoga County,NY,201802,1151.97,0.0263,0.0593,"Albany-Schenectady-Troy, NY"
2529,Saratoga County,NY,201803,1161.55,0.0083,0.0611,"Albany-Schenectady-Troy, NY"
2529,Saratoga County,NY,201804,1188.01,0.0228,0.0696,"Albany-Schenectady-Troy, NY"
2529,Saratoga County,NY,201805,1189.93,0.0016,0.0431,"Albany-Schenectady-Troy, NY"
2529,Saratoga County,NY,201806,1198.4,0.0071,0.0434,"Albany-Schenectady-Troy, NY"
2529,Saratoga County,NY,201807,1187.73,-0.0089,0.0286,"Albany-Schenectady-Troy, NY"
2529,Saratoga County,NY,201808,1187.64,-0.0001,0.0471,"Albany-Schenectady-Troy, NY"
2529,Saratoga County,NY,201809,1167.04,-0.0173,0.0314,"Albany-Schenectady-Troy, NY"
2529,Saratoga County,NY,201810,1169.74,0.0023,0.05,"Albany-Schenectady-Troy, NY"
2529,Saratoga County,NY,201811,1154.13,-0.0133,0.0432,"Albany-Schenectady-Troy, NY"
2529,Saratoga County,NY,201812,1160.54,0.0056,0.0447,"Albany-Schenectady-Troy, NY"
2529,Saratoga County,NY,201901,1155.7,-0.0042,0.0296,"Albany-Schenectady-Troy, NY"
2529,Saratoga County,NY,201902,1172.88,0.0149,0.0181,"Albany-Schenectady-Troy, NY"
2529,Saratoga County,NY,201903,1172.98,0.0001,0.0098,"Albany-Schenectady-Troy, NY"
2529,Saratoga County,NY,201904,1197.23,0.0207,0.0078,"Albany-Schenectady-Troy, NY"
2529,Saratoga County,NY,201905,1195.44,-0.0015,0.0046,"Albany-Schenectady-Troy, NY"
2529,Saratoga County,NY,201906,1225.99,0.0256,0.023,"Albany-Schenectady-Troy, NY"
2529,Saratoga County,NY,201907,1205.11,-0.017,0.0146,"Albany-Schenectady-Troy, NY"
2529,Saratoga County,NY,201908,1202.93,-0.0018,0.0129,"Albany-Schenectady-Troy, NY"
2529,Saratoga County,NY,201909,1185.49,-0.0145,0.0158,"Albany-Schenectady-Troy, NY"
2529,Saratoga County,NY,201910,1190.35,0.0041,0.0176,"Albany-Schenectady-Troy, NY"
2529,Saratoga County,NY,201911,1201.25,0.0092,0.0408,"Albany-Schenectady-Troy, NY"
2529,Saratoga County,NY,201912,1199.81,-0.0012,0.0338,"Albany-Schenectady-Troy, NY"
2529,Saratoga County,NY,202001,1200.0,0.0002,0.0383,"Albany-Schenectady-Troy, NY"
2529,Saratoga County,NY,202002,1192.9,-0.0059,0.0171,"Albany-Schenectady-Troy, NY"
2529,Saratoga County,NY,202003,1208.03,0.0127,0.0299,"Albany-Schenectady-Troy, NY"
2529,Saratoga County,NY,202004,1226.13,0.015,0.0241,"Albany-Schenectady-Troy, NY"
2529,Saratoga County,NY,202005,1245.18,0.0155,0.0416,"Albany-Schenectady-Troy, NY"
2529,Saratoga County,NY,202006,1241.83,-0.0027,0.0129,"Albany-Schenectady-Troy, NY"
2529,Saratoga County,NY,202007,1246.25,0.0036,0.0341,"Albany-Schenectady-Troy, NY"
2529,Saratoga County,NY,202008,1254.71,0.0068,0.043,"Albany-Schenectady-Troy, NY"
2529,Saratoga County,NY,202009,1262.85,0.0065,0.0653,"Albany-Schenectady-Troy, NY"
2529,Saratoga County,NY,202010,1272.97,0.008,0.0694,"Albany-Schenectady-Troy, NY"
2529,Saratoga County,NY,202011,1274.15,0.0009,0.0607,"Albany-Schenectady-Troy, NY"
2529,Saratoga County,NY,202012,1284.73,0.0083,0.0708,"Albany-Schenectady-Troy, NY"
2529,Saratoga County,NY,202101,1281.08,-0.0028,0.0676,"Albany-Schenectady-Troy, NY"
2529,Saratoga County,NY,202102,1283.05,0.0015,0.0756,"Albany-Schenectady-Troy, NY"
2529,Saratoga County,NY,202103,1299.88,0.0131,0.076,"Albany-Schenectady-Troy, NY"
2529,Saratoga County,NY,202104,1330.37,0.0235,0.085,"Albany-Schenectady-Troy, NY"
2529,Saratoga County,NY,202105,1346.37,0.012,0.0813,"Albany-Schenectady-Troy, NY"
2529,Saratoga County,NY,202106,1362.82,0.0122,0.0974,"Albany-Schenectady-Troy, NY"
2529,Saratoga County,NY,202107,1372.96,0.0074,0.1017,"Albany-Schenectady-Troy, NY"
2529,Saratoga County,NY,202108,1384.01,0.008,0.1031,"Albany-Schenectady-Troy, NY"
2529,Saratoga County,NY,202109,1388.44,0.0032,0.0994,"Albany-Schenectady-Troy, NY"
2529,Saratoga County,NY,202110,1375.27,-0.0095,0.0804,"Albany-Schenectady-Troy, NY"
2529,Saratoga County,NY,202111,1384.33,0.0066,0.0865,"Albany-Schenectady-Troy, NY"
2529,Saratoga County,NY,202112,1395.65,0.0082,0.0863,"Albany-Schenectady-Troy, NY"
2529,Saratoga County,NY,202201,1414.54,0.0135,0.1042,"Albany-Schenectady-Troy, NY"
2529,Saratoga County,NY,202202,1429.99,0.0109,0.1145,"Albany-Schenectady-Troy, NY"
2529,Saratoga County,NY,202203,1452.32,0.0156,0.1173,"Albany-Schenectady-Troy, NY"
2529,Saratoga County,NY,202204,1495.95,0.03,0.1245,"Albany-Schenectady-Troy, NY"
2529,Saratoga County,NY,202205,1541.94,0.0307,0.1453,"Albany-Schenectady-Troy, NY"
2529,Saratoga County,NY,202206,1572.89,0.0201,0.1541,"Albany-Schenectady-Troy, NY"
2529,Saratoga County,NY,202207,1578.62,0.0036,0.1498,"Albany-Schenectady-Troy, NY"
2529,Saratoga County,NY,202208,1586.5,0.005,0.1463,"Albany-Schenectady-Troy, NY"
2529,Saratoga County,NY,202209,1568.41,-0.0114,0.1296,"Albany-Schenectady-Troy, NY"
2529,Saratoga County,NY,202210,1582.75,0.0091,0.1509,"Albany-Schenectady-Troy, NY"
2529,Saratoga County,NY,202211,1552.72,-0.019,0.1216,"Albany-Schenectady-Troy, NY"
2529,Saratoga County,NY,202212,1541.86,-0.007,0.1048,"Albany-Schenectady-Troy, NY"
2529,Saratoga County,NY,202301,1508.51,-0.0216,0.0664,"Albany-Schenectady-Troy, NY"
2529,Saratoga County,NY,202302,1519.4,0.0072,0.0625,"Albany-Schenectady-Troy, NY"
2529,Saratoga County,NY,202303,1541.81,0.0147,0.0616,"Albany-Schenectady-Troy, NY"
2529,Saratoga County,NY,202304,1567.27,0.0165,0.0477,"Albany-Schenectady-Troy, NY"
2529,Saratoga County,NY,202305,1593.52,0.0168,0.0335,"Albany-Schenectady-Troy, NY"
2529,Saratoga County,NY,202306,1609.02,0.0097,0.023,"Albany-Schenectady-Troy, NY"
2529,Saratoga County,NY,202307,1624.31,0.0095,0.0289,"Albany-Schenectady-Troy, NY"
2529,Saratoga County,NY,202308,1618.56,-0.0035,0.0202,"Albany-Schenectady-Troy, NY"
2529,Saratoga County,NY,202309,1619.08,0.0003,0.0323,"Albany-Schenectady-Troy, NY"
2529,Saratoga County,NY,202310,1601.11,-0.0111,0.0116,"Albany-Schenectady-Troy, NY"
2529,Saratoga County,NY,202311,1591.91,-0.0057,0.0252,"Albany-Schenectady-Troy, NY"
2529,Saratoga County,NY,202312,1581.43,-0.0066,0.0257,"Albany-Schenectady-Troy, NY"
2529,Saratoga County,NY,202401,1590.22,0.0056,0.0542,"Albany-Schenectady-Troy, NY"
2529,Saratoga County,NY,202402,1612.23,0.0138,0.0611,"Albany-Schenectady-Troy, NY"
2529,Saratoga County,NY,202403,1634.2,0.0136,0.0599,"Albany-Schenectady-Troy, NY"
2529,Saratoga County,NY,202404,1645.42,0.0069,0.0499,"Albany-Schenectady-Troy, NY"
2529,Saratoga County,NY,202405,1661.81,0.01,0.0429,"Albany-Schenectady-Troy, NY"
2529,Saratoga County,NY,202406,1670.61,0.0053,0.0383,"Albany-Schenectady-Troy, NY"
2529,Saratoga County,NY,202407,1697.61,0.0162,0.0451,"Albany-Schenectady-Troy, NY"
2529,Saratoga County,NY,202408,1690.09,-0.0044,0.0442,"Albany-Schenectady-Troy, NY"
2529,Saratoga County,NY,202409,1686.71,-0.002,0.0418,"Albany-Schenectady-Troy, NY"
2529,Saratoga County,NY,202410,1669.42,-0.0102,0.0427,"Albany-Schenectady-Troy, NY"
2529,Saratoga County,NY,202411,1661.81,-0.0046,0.0439,"Albany-Schenectady-Troy, NY"
2529,Saratoga County,NY,202412,1654.52,-0.0044,0.0462,"Albany-Schenectady-Troy, NY"
2529,Saratoga County,NY,202501,1640.76,-0.0083,0.0318,"Albany-Schenectady-Troy, NY"
2529,Saratoga County,NY,202502,1649.1,0.0051,0.0229,"Albany-Schenectady-Troy, NY"
2529,Saratoga County,NY,202503,1670.52,0.013,0.0222,"Albany-Schenectady-Troy, NY"
2529,Saratoga County,NY,202504,1707.43,0.0221,0.0377,"Albany-Schenectady-Troy, NY"
2529,Saratoga County,NY,202505,1731.62,0.0142,0.042,"Albany-Schenectady-Troy, NY"
2529,Saratoga County,NY,202506,1749.17,0.0101,0.047,"Albany-Schenectady-Troy, NY"
2529,Saratoga County,NY,202507,1752.04,0.0016,0.0321,"Albany-Schenectady-Troy, NY"
2529,Saratoga County,NY,202508,1751.48,-0.0003,0.0363,"Albany-Schenectady-Troy, NY"
2529,Saratoga County,NY,202509,1745.25,-0.0036,0.0347,"Albany-Schenectady-Troy, NY"
2529,Saratoga County,NY,202510,1737.99,-0.0042,0.0411,"Albany-Schenectady-Troy, NY"
2529,Saratoga County,NY,202511,1732.31,-0.0033,0.0424,"Albany-Schenectady-Troy, NY"
2529,Saratoga County,NY,202512,1727.01,-0.0031,0.0438,"Albany-Schenectady-Troy, NY"
2529,Saratoga County,NY,202601,1741.04,0.0081,0.0611,"Albany-Schenectady-Troy, NY"
2529,Saratoga County,NY,202602,1747.93,0.004,0.0599,"Albany-Schenectady-Troy, NY"
2529,Saratoga County,NY,202603,1774.44,0.0152,0.0622,"Albany-Schenectady-Troy, NY"
2529,Saratoga County,NY,202604,1788.37,0.0079,0.0474,"Albany-Schenectady-Troy, NY"
2529,Saratoga County,NY,202605,1815.92,0.0154,0.0487,"Albany-Schenectady-Troy, NY"
2529,Saratoga County,NY,202606,1829.22,0.0073,0.0458,"Albany-Schenectady-Troy, NY"
2529,Saratoga County,NY,202607,1851.21,0.012,0.0566,"Albany-Schenectady-Troy, NY"
2529,Saratoga County,NY,202608,1845.32,-0.0032,0.0536,"Albany-Schenectady-Troy, NY"
2567,Sullivan County,NY,202304,1571.04,,,
2567,Sullivan County,NY,202305,1579.59,0.0054,,
2567,Sullivan County,NY,202306,1571.71,-0.005,,
2567,Sullivan County,NY,202307,1584.0,0.0078,,
2567,Sullivan County,NY,202308,1628.22,0.0279,,
2567,Sullivan County,NY,202309,1641.72,0.0083,,
2567,Sullivan County,NY,202310,1631.67,-0.0061,,
2567,Sullivan County,NY,202311,1621.22,-0.0064,,
2567,Sullivan County,NY,202312,1611.16,-0.0062,,
2567,Sullivan County,NY,202401,1616.03,0.003,,
2567,Sullivan County,NY,202402,1623.05,0.0043,,
2567,Sullivan County,NY,202403,1633.8,0.0066,,
2567,Sullivan County,NY,202404,1662.04,0.0173,0.0579,
2567,Sullivan County,NY,202405,1635.34,-0.0161,0.0353,
2567,Sullivan County,NY,202406,1659.6,0.0148,0.0559,
2567,Sullivan County,NY,202407,1672.31,0.0077,0.0558,
2567,Sullivan County,NY,202408,1681.56,0.0055,0.0328,
2567,Sullivan County,NY,202409,1698.42,0.01,0.0345,
2567,Sullivan County,NY,202410,1722.39,0.0141,0.0556,
2567,Sullivan County,NY,202411,1765.29,0.0249,0.0889,
2567,Sullivan County,NY,202412,1758.31,-0.004,0.0913,
2567,Sullivan County,NY,202501,1724.77,-0.0191,0.0673,
2567,Sullivan County,NY,202502,1710.84,-0.0081,0.0541,
2567,Sullivan County,NY,202503,1700.8,-0.0059,0.041,
2567,Sullivan County,NY,202504,1676.26,-0.0144,0.0086,
2567,Sullivan County,NY,202505,1686.67,0.0062,0.0314,
2567,Sullivan County,NY,202506,1721.42,0.0206,0.0373,
2567,Sullivan County,NY,202507,1726.08,0.0027,0.0322,
2567,Sullivan County,NY,202508,1748.29,0.0129,0.0397,
2567,Sullivan County,NY,202509,1708.44,-0.0228,0.0059,
2567,Sullivan County,NY,202510,1759.11,0.0297,0.0213,
2567,Sullivan County,NY,202511,1759.41,0.0002,-0.0033,
2567,Sullivan County,NY,202512,1774.41,0.0085,0.0092,
2567,Sullivan County,NY,202601,1784.28,0.0056,0.0345,
2567,Sullivan County,NY,202602,1766.63,-0.0099,0.0326,
2567,Sullivan County,NY,202603,1822.58,0.0317,0.0716,
2567,Sullivan County,NY,202604,1805.53,-0.0094,0.0771,
2567,Sullivan County,NY,202605,1842.07,0.0202,0.0921,
2567,Sullivan County,NY,202606,1836.2,-0.0032,0.0667,
2567,Sullivan County,NY,202607,1864.26,0.0153,0.0801,
2567,Sullivan County,NY,202608,1829.53,-0.0186,0.0465,
2578,Tompkins County,NY,201901,1300.7,,,"Ithaca, NY"
2578,Tompkins County,NY,201902,1291.04,-0.0074,,"Ithaca, NY"
2578,Tompkins County,NY,201903,1265.54,-0.0197,,"Ithaca, NY"
2578,Tompkins County,NY,201904,1272.98,0.0059,,"Ithaca, NY"
2578,Tompkins County,NY,201905,1272.9,-0.0001,,"Ithaca, NY"
2578,Tompkins County,NY,201906,1288.0,0.0119,,"Ithaca, NY"
2578,Tompkins County,NY,201907,1299.45,0.0089,,"Ithaca, NY"
2578,Tompkins County,NY,201908,1331.48,0.0246,,"Ithaca, NY"
2578,Tompkins County,NY,201909,1367.69,0.0272,,"Ithaca, NY"
2578,Tompkins County,NY,201910,1366.34,-0.001,,"Ithaca, NY"
2578,Tompkins County,NY,201911,1347.63,-0.0137,,"Ithaca, NY"
2578,Tompkins County,NY,201912,1319.21,-0.0211,,"Ithaca, NY"
2578,Tompkins County,NY,202001,1325.43,0.0047,0.019,"Ithaca, NY"
2578,Tompkins County,NY,202002,1344.82,0.0146,0.0417,"Ithaca, NY"
2578,Tompkins County,NY,202003,1349.89,0.0038,0.0667,"Ithaca, NY"
2578,Tompkins County,NY,202004,1322.74,-0.0201,0.0391,"Ithaca, NY"
2578,Tompkins County,NY,202005,1290.54,-0.0243,0.0139,"Ithaca, NY"
2578,Tompkins County,NY,202006,1304.73,0.011,0.013,"Ithaca, NY"
2578,Tompkins County,NY,202007,1342.39,0.0289,0.033,"Ithaca, NY"
2578,Tompkins County,NY,202008,1385.72,0.0323,0.0407,"Ithaca, NY"
2578,Tompkins County,NY,202009,1404.46,0.0135,0.0269,"Ithaca, NY"
2578,Tompkins County,NY,202010,1418.29,0.0098,0.038,"Ithaca, NY"
2578,Tompkins County,NY,202011,1431.79,0.0095,0.0625,"Ithaca, NY"
2578,Tompkins County,NY,202012,1393.13,-0.027,0.056,"Ithaca, NY"
2578,Tompkins County,NY,202101,1365.07,-0.0201,0.0299,"Ithaca, NY"
2578,Tompkins County,NY,202102,1316.53,-0.0356,-0.021,"Ithaca, NY"
2578,Tompkins County,NY,202103,1336.86,0.0154,-0.0096,"Ithaca, NY"
2578,Tompkins County,NY,202104,1346.59,0.0073,0.018,"Ithaca, NY"
2578,Tompkins County,NY,202105,1387.33,0.0303,0.075,"Ithaca, NY"
2578,Tompkins County,NY,202106,1400.27,0.0093,0.0732,"Ithaca, NY"
2578,Tompkins County,NY,202107,1418.37,0.0129,0.0566,"Ithaca, NY"
2578,Tompkins County,NY,202108,1445.69,0.0193,0.0433,"Ithaca, NY"
2578,Tompkins County,NY,202109,1412.88,-0.0227,0.006,"Ithaca, NY"
2578,Tompkins County,NY,202110,1452.45,0.028,0.0241,"Ithaca, NY"
2578,Tompkins County,NY,202111,1456.18,0.0026,0.017,"Ithaca, NY"
2578,Tompkins County,NY,202112,1534.64,0.0539,0.1016,"Ithaca, NY"
2578,Tompkins County,NY,202201,1536.13,0.001,0.1253,"Ithaca, NY"
2578,Tompkins County,NY,202202,1558.6,0.0146,0.1839,"Ithaca, NY"
2578,Tompkins County,NY,202203,1593.95,0.0227,0.1923,"Ithaca, NY"
2578,Tompkins County,NY,202204,1635.13,0.0258,0.2143,"Ithaca, NY"
2578,Tompkins County,NY,202205,1668.05,0.0201,0.2023,"Ithaca, NY"
2578,Tompkins County,NY,202206,1674.52,0.0039,0.1959,"Ithaca, NY"
2578,Tompkins County,NY,202207,1651.52,-0.0137,0.1644,"Ithaca, NY"
2578,Tompkins County,NY,202208,1595.62,-0.0339,0.1037,"Ithaca, NY"
2578,Tompkins County,NY,202209,1553.85,-0.0262,0.0998,"Ithaca, NY"
2578,Tompkins County,NY,202210,1550.28,-0.0023,0.0674,"Ithaca, NY"
2578,Tompkins County,NY,202211,1581.98,0.0204,0.0864,"Ithaca, NY"
2578,Tompkins County,NY,202212,1653.35,0.0451,0.0774,"Ithaca, NY"
2578,Tompkins County,NY,202301,1675.1,0.0132,0.0905,"Ithaca, NY"
2578,Tompkins County,NY,202302,1707.78,0.0195,0.0957,"Ithaca, NY"
2578,Tompkins County,NY,202303,1683.43,-0.0143,0.0561,"Ithaca, NY"
2578,Tompkins County,NY,202304,1682.27,-0.0007,0.0288,"Ithaca, NY"
2578,Tompkins County,NY,202305,1690.58,0.0049,0.0135,"Ithaca, NY"
2578,Tompkins County,NY,202306,1712.92,0.0132,0.0229,"Ithaca, NY"
2578,Tompkins County,NY,202307,1731.53,0.0109,0.0484,"Ithaca, NY"
2578,Tompkins County,NY,202308,1729.35,-0.0013,0.0838,"Ithaca, NY"
2578,Tompkins County,NY,202309,1711.48,-0.0103,0.1014,"Ithaca, NY"
2578,Tompkins County,NY,202310,1704.47,-0.0041,0.0995,"Ithaca, NY"
2578,Tompkins County,NY,202311,1700.7,-0.0022,0.075,"Ithaca, NY"
2578,Tompkins County,NY,202312,1724.29,0.0139,0.0429,"Ithaca, NY"
2578,Tompkins County,NY,202401,1742.37,0.0105,0.0402,"Ithaca, NY"
2578,Tompkins County,NY,202402,1758.79,0.0094,0.0299,"Ithaca, NY"
2578,Tompkins County,NY,202403,1756.04,-0.0016,0.0431,"Ithaca, NY"
2578,Tompkins County,NY,202404,1750.62,-0.0031,0.0406,"Ithaca, NY"
2578,Tompkins County,NY,202405,1756.37,0.0033,0.0389,"Ithaca, NY"
2578,Tompkins County,NY,202406,1762.68,0.0036,0.029,"Ithaca, NY"
2578,Tompkins County,NY,202407,1781.72,0.0108,0.029,"Ithaca, NY"
2578,Tompkins County,NY,202408,1787.38,0.0032,0.0336,"Ithaca, NY"
2578,Tompkins County,NY,202409,1813.33,0.0145,0.0595,"Ithaca, NY"
2578,Tompkins County,NY,202410,1821.09,0.0043,0.0684,"Ithaca, NY"
2578,Tompkins County,NY,202411,1805.41,-0.0086,0.0616,"Ithaca, NY"
2578,Tompkins County,NY,202412,1820.69,0.0085,0.0559,"Ithaca, NY"
2578,Tompkins County,NY,202501,1811.47,-0.0051,0.0397,"Ithaca, NY"
2578,Tompkins County,NY,202502,1847.49,0.0199,0.0504,"Ithaca, NY"
2578,Tompkins County,NY,202503,1814.17,-0.018,0.0331,"Ithaca, NY"
2578,Tompkins County,NY,202504,1839.55,0.014,0.0508,"Ithaca, NY"
2578,Tompkins County,NY,202505,1838.27,-0.0007,0.0466,"Ithaca, NY"
2578,Tompkins County,NY,202506,1844.69,0.0035,0.0465,"Ithaca, NY"
2578,Tompkins County,NY,202507,1824.8,-0.0108,0.0242,"Ithaca, NY"
2578,Tompkins County,NY,202508,1833.72,0.0049,0.0259,"Ithaca, NY"
2578,Tompkins County,NY,202509,1866.29,0.0178,0.0292,"Ithaca, NY"
2578,Tompkins County,NY,202510,1876.83,0.0056,0.0306,"Ithaca, NY"
2578,Tompkins County,NY,202511,1854.36,-0.012,0.0271,"Ithaca, NY"
2578,Tompkins County,NY,202512,1831.76,-0.0122,0.0061,"Ithaca, NY"
2578,Tompkins County,NY,202601,1867.27,0.0194,0.0308,"Ithaca, NY"
2578,Tompkins County,NY,202602,1894.95,0.0148,0.0257,"Ithaca, NY"
2578,Tompkins County,NY,202603,1914.44,0.0103,0.0553,"Ithaca, NY"
2578,Tompkins County,NY,202604,1896.43,-0.0094,0.0309,"Ithaca, NY"
2578,Tompkins County,NY,202605,1876.32,-0.0106,0.0207,"Ithaca, NY"
2578,Tompkins County,NY,202606,1862.5,-0.0074,0.0097,"Ithaca, NY"
2578,Tompkins County,NY,202607,1896.83,0.0184,0.0395,"Ithaca, NY"
2578,Tompkins County,NY,202608,1931.71,0.0184,0.0534,"Ithaca, NY"
2748,Jefferson County,NY,202203,1222.08,,,"Watertown-Fort Drum, NY"
2748,Jefferson County,NY,202204,1239.98,0.0147,,"Watertown-Fort Drum, NY"
2748,Jefferson County,NY,202205,1221.11,-0.0152,,"Watertown-Fort Drum, NY"
2748,Jefferson County,NY,202206,1219.08,-0.0017,,"Watertown-Fort Drum, NY"
2748,Jefferson County,NY,202207,1235.5,0.0135,,"Watertown-Fort Drum, NY"
2748,Jefferson County,NY,202208,1245.24,0.0079,,"Watertown-Fort Drum, NY"
2748,Jefferson County,NY,202209,1250.74,0.0044,,"Watertown-Fort Drum, NY"
2748,Jefferson County,NY,202210,1222.21,-0.0228,,"Watertown-Fort Drum, NY"
2748,Jefferson County,NY,202211,1220.06,-0.0018,,"Watertown-Fort Drum, NY"
2748,Jefferson County,NY,202212,1225.69,0.0046,,"Watertown-Fort Drum, NY"
2748,Jefferson County,NY,202301,1245.16,0.0159,,"Watertown-Fort Drum, NY"
2748,Jefferson County,NY,202302,1260.42,0.0123,,"Watertown-Fort Drum, NY"
2748,Jefferson County,NY,202303,1264.92,0.0036,0.0351,"Watertown-Fort Drum, NY"
2748,Jefferson County,NY,202304,1284.23,0.0153,0.0357,"Watertown-Fort Drum, NY"
2748,Jefferson County,NY,202305,1296.24,0.0094,0.0615,"Watertown-Fort Drum, NY"
2748,Jefferson County,NY,202306,1303.39,0.0055,0.0692,"Watertown-Fort Drum, NY"
2748,Jefferson County,NY,202307,1301.68,-0.0013,0.0536,"Watertown-Fort Drum, NY"
2748,Jefferson County,NY,202308,1298.35,-0.0026,0.0427,"Watertown-Fort Drum, NY"
2748,Jefferson County,NY,202309,1299.31,0.0007,0.0388,"Watertown-Fort Drum, NY"
2748,Jefferson County,NY,202310,1289.05,-0.0079,0.0547,"Watertown-Fort Drum, NY"
2748,Jefferson County,NY,202311,1273.39,-0.0121,0.0437,"Watertown-Fort Drum, NY"
2748,Jefferson County,NY,202312,1269.37,-0.0032,0.0356,"Watertown-Fort Drum, NY"
2748,Jefferson County,NY,202401,1294.83,0.0201,0.0399,"Watertown-Fort Drum, NY"
2748,Jefferson County,NY,202402,1321.83,0.0209,0.0487,"Watertown-Fort Drum, NY"
2748,Jefferson County,NY,202403,1348.62,0.0203,0.0662,"Watertown-Fort Drum, NY"
2748,Jefferson County,NY,202404,1359.04,0.0077,0.0583,"Watertown-Fort Drum, NY"
2748,Jefferson County,NY,202405,1363.31,0.0031,0.0517,"Watertown-Fort Drum, NY"
2748,Jefferson County,NY,202406,1358.51,-0.0035,0.0423,"Watertown-Fort Drum, NY"
2748,Jefferson County,NY,202407,1352.43,-0.0045,0.039,"Watertown-Fort Drum, NY"
2748,Jefferson County,NY,202408,1344.86,-0.0056,0.0358,"Watertown-Fort Drum, NY"
2748,Jefferson County,NY,202409,1346.66,0.0013,0.0364,"Watertown-Fort Drum, NY"
2748,Jefferson County,NY,202410,1348.79,0.0016,0.0463,"Watertown-Fort Drum, NY"
2748,Jefferson County,NY,202411,1360.02,0.0083,0.068,"Watertown-Fort Drum, NY"
2748,Jefferson County,NY,202412,1342.22,-0.0131,0.0574,"Watertown-Fort Drum, NY"
2748,Jefferson County,NY,202501,1334.24,-0.0059,0.0304,"Watertown-Fort Drum, NY"
2748,Jefferson County,NY,202502,1347.22,0.0097,0.0192,"Watertown-Fort Drum, NY"
2748,Jefferson County,NY,202503,1369.68,0.0167,0.0156,"Watertown-Fort Drum, NY"
2748,Jefferson County,NY,202504,1373.18,0.0026,0.0104,"Watertown-Fort Drum, NY"
2748,Jefferson County,NY,202505,1365.04,-0.0059,0.0013,"Watertown-Fort Drum, NY"
2748,Jefferson County,NY,202506,1380.57,0.0114,0.0162,"Watertown-Fort Drum, NY"
2748,Jefferson County,NY,202507,1393.82,0.0096,0.0306,"Watertown-Fort Drum, NY"
2748,Jefferson County,NY,202508,1405.02,0.008,0.0447,"Watertown-Fort Drum, NY"
2748,Jefferson County,NY,202509,1407.71,0.0019,0.0453,"Watertown-Fort Drum, NY"
2748,Jefferson County,NY,202510,1415.54,0.0056,0.0495,"Watertown-Fort Drum, NY"
2748,Jefferson County,NY,202511,1437.08,0.0152,0.0567,"Watertown-Fort Drum, NY"
2748,Jefferson County,NY,202512,1424.78,-0.0086,0.0615,"Watertown-Fort Drum, NY"
2748,Jefferson County,NY,202601,1434.74,0.007,0.0753,"Watertown-Fort Drum, NY"
2748,Jefferson County,NY,202602,1444.43,0.0068,0.0722,"Watertown-Fort Drum, NY"
2748,Jefferson County,NY,202603,1472.24,0.0193,0.0749,"Watertown-Fort Drum, NY"
2748,Jefferson County,NY,202604,1470.26,-0.0013,0.0707,"Watertown-Fort Drum, NY"
2748,Jefferson County,NY,202605,1480.01,0.0066,0.0842,"Watertown-Fort Drum, NY"
2748,Jefferson County,NY,202606,1470.94,-0.0061,0.0655,"Watertown-Fort Drum, NY"
2748,Jefferson County,NY,202607,1517.65,0.0318,0.0888,"Watertown-Fort Drum, NY"
2748,Jefferson County,NY,202608,1503.92,-0.0091,0.0704,"Watertown-Fort Drum, NY"
2900,Chautauqua County,NY,202404,869.32,,,"Jamestown-Dunkirk-Fredonia, NY"
2900,Chautauqua County,NY,202405,875.27,0.0068,,"Jamestown-Dunkirk-Fredonia, NY"
2900,Chautauqua County,NY,202406,848.8,-0.0302,,"Jamestown-Dunkirk-Fredonia, NY"
2900,Chautauqua County,NY,202407,858.91,0.0119,,"Jamestown-Dunkirk-Fredonia, NY"
2900,Chautauqua County,NY,202408,862.81,0.0045,,"Jamestown-Dunkirk-Fredonia, NY"
2900,Chautauqua County,NY,202409,865.24,0.0028,,"Jamestown-Dunkirk-Fredonia, NY"
2900,Chautauqua County,NY,202411,866.89,0.0019,,"Jamestown-Dunkirk-Fredonia, NY"
2900,Chautauqua County,NY,202412,901.94,0.0404,,"Jamestown-Dunkirk-Fredonia, NY"
2900,Chautauqua County,NY,202501,904.73,0.0031,,"Jamestown-Dunkirk-Fredonia, NY"
2900,Chautauqua County,NY,202502,884.04,-0.0229,,"Jamestown-Dunkirk-Fredonia, NY"
2900,Chautauqua County,NY,202503,863.94,-0.0227,,"Jamestown-Dunkirk-Fredonia, NY"
2900,Chautauqua County,NY,202504,891.76,0.0322,,"Jamestown-Dunkirk-Fredonia, NY"
2900,Chautauqua County,NY,202505,909.51,0.0199,0.0462,"Jamestown-Dunkirk-Fredonia, NY"
2900,Chautauqua County,NY,202506,915.35,0.0064,0.0458,"Jamestown-Dunkirk-Fredonia, NY"
2900,Chautauqua County,NY,202507,901.28,-0.0154,0.0618,"Jamestown-Dunkirk-Fredonia, NY"
2900,Chautauqua County,NY,202508,915.18,0.0154,0.0655,"Jamestown-Dunkirk-Fredonia, NY"
2900,Chautauqua County,NY,202509,933.66,0.0202,0.0821,"Jamestown-Dunkirk-Fredonia, NY"
2900,Chautauqua County,NY,202510,922.35,-0.0121,0.066,"Jamestown-Dunkirk-Fredonia, NY"
2900,Chautauqua County,NY,202511,906.78,-0.0169,0.046,"Jamestown-Dunkirk-Fredonia, NY"
2900,Chautauqua County,NY,202601,917.82,0.0122,0.0176,"Jamestown-Dunkirk-Fredonia, NY"
2900,Chautauqua County,NY,202602,921.22,0.0037,0.0182,"Jamestown-Dunkirk-Fredonia, NY"
2900,Chautauqua County,NY,202603,933.93,0.0138,0.0564,"Jamestown-Dunkirk-Fredonia, NY"
2900,Chautauqua County,NY,202604,985.5,0.0552,0.1407,"Jamestown-Dunkirk-Fredonia, NY"
2900,Chautauqua County,NY,202605,1002.39,0.0171,0.1241,"Jamestown-Dunkirk-Fredonia, NY"
2900,Chautauqua County,NY,202606,1046.86,0.0444,0.151,"Jamestown-Dunkirk-Fredonia, NY"
2900,Chautauqua County,NY,202607,999.27,-0.0455,0.0917,"Jamestown-Dunkirk-Fredonia, NY"
2900,Chautauqua County,NY,202608,1040.78,0.0415,0.1548,"Jamestown-Dunkirk-Fredonia, NY"
2961,Livingston County,NY,202605,1894.82,,,"Rochester, NY"
2961,Livingston County,NY,202606,1890.88,-0.0021,,"Rochester, NY"
2961,Livingston County,NY,202607,1940.34,0.0262,,"Rochester, NY"
2961,Livingston County,NY,202608,1932.28,-0.0042,,"Rochester, NY"
2979,Montgomery County,NY,202604,1207.87,,,"Amsterdam, NY"
2979,Montgomery County,NY,202605,1223.53,0.013,,"Amsterdam, NY"
2979,Montgomery County,NY,202606,1218.52,-0.0041,,"Amsterdam, NY"
2979,Montgomery County,NY,202607,1224.25,0.0047,,"Amsterdam, NY"
2979,Montgomery County,NY,202608,1252.78,0.0233,,"Amsterdam, NY"
3004,Rensselaer County,NY,201801,1024.19,,,"Albany-Schenectady-Troy, NY"
3004,Rensselaer County,NY,201802,995.52,-0.028,,"Albany-Schenectady-Troy, NY"
3004,Rensselaer County,NY,201803,995.35,-0.0002,,"Albany-Schenectady-Troy, NY"
3004,Rensselaer County,NY,201804,981.79,-0.0136,,"Albany-Schenectady-Troy, NY"
3004,Rensselaer County,NY,201805,986.81,0.0051,,"Albany-Schenectady-Troy, NY"
3004,Rensselaer County,NY,201806,993.81,0.0071,,"Albany-Schenectady-Troy, NY"
3004,Rensselaer County,NY,201807,991.93,-0.0019,,"Albany-Schenectady-Troy, NY"
3004,Rensselaer County,NY,201808,989.79,-0.0021,,"Albany-Schenectady-Troy, NY"
3004,Rensselaer County,NY,201809,1017.28,0.0278,,"Albany-Schenectady-Troy, NY"
3004,Rensselaer County,NY,201810,1006.4,-0.0107,,"Albany-Schenectady-Troy, NY"
3004,Rensselaer County,NY,201811,1017.57,0.0111,,"Albany-Schenectady-Troy, NY"
3004,Rensselaer County,NY,201812,1012.03,-0.0054,,"Albany-Schenectady-Troy, NY"
3004,Rensselaer County,NY,201901,1039.21,0.0269,0.0147,"Albany-Schenectady-Troy, NY"
3004,Rensselaer County,NY,201902,1038.17,-0.001,0.0428,"Albany-Schenectady-Troy, NY"
3004,Rensselaer County,NY,201903,1027.79,-0.01,0.0326,"Albany-Schenectady-Troy, NY"
3004,Rensselaer County,NY,201904,1014.06,-0.0134,0.0329,"Albany-Schenectady-Troy, NY"
3004,Rensselaer County,NY,201905,1022.8,0.0086,0.0365,"Albany-Schenectady-Troy, NY"
3004,Rensselaer County,NY,201906,1042.82,0.0196,0.0493,"Albany-Schenectady-Troy, NY"
3004,Rensselaer County,NY,201907,1060.76,0.0172,0.0694,"Albany-Schenectady-Troy, NY"
3004,Rensselaer County,NY,201908,1050.3,-0.0099,0.0611,"Albany-Schenectady-Troy, NY"
3004,Rensselaer County,NY,201909,1026.3,-0.0229,0.0089,"Albany-Schenectady-Troy, NY"
3004,Rensselaer County,NY,201910,1022.88,-0.0033,0.0164,"Albany-Schenectady-Troy, NY"
3004,Rensselaer County,NY,201911,1028.04,0.005,0.0103,"Albany-Schenectady-Troy, NY"
3004,Rensselaer County,NY,201912,1043.28,0.0148,0.0309,"Albany-Schenectady-Troy, NY"
3004,Rensselaer County,NY,202001,1045.22,0.0019,0.0058,"Albany-Schenectady-Troy, NY"
3004,Rensselaer County,NY,202002,1057.09,0.0114,0.0182,"Albany-Schenectady-Troy, NY"
3004,Rensselaer County,NY,202003,1052.77,-0.0041,0.0243,"Albany-Schenectady-Troy, NY"
3004,Rensselaer County,NY,202004,1045.48,-0.0069,0.031,"Albany-Schenectady-Troy, NY"
3004,Rensselaer County,NY,202005,1048.18,0.0026,0.0248,"Albany-Schenectady-Troy, NY"
3004,Rensselaer County,NY,202006,1066.12,0.0171,0.0223,"Albany-Schenectady-Troy, NY"
3004,Rensselaer County,NY,202007,1084.37,0.0171,0.0223,"Albany-Schenectady-Troy, NY"
3004,Rensselaer County,NY,202008,1095.3,0.0101,0.0428,"Albany-Schenectady-Troy, NY"
3004,Rensselaer County,NY,202009,1103.71,0.0077,0.0754,"Albany-Schenectady-Troy, NY"
3004,Rensselaer County,NY,202010,1104.15,0.0004,0.0795,"Albany-Schenectady-Troy, NY"
3004,Rensselaer County,NY,202011,1109.93,0.0052,0.0797,"Albany-Schenectady-Troy, NY"
3004,Rensselaer County,NY,202012,1105.05,-0.0044,0.0592,"Albany-Schenectady-Troy, NY"
3004,Rensselaer County,NY,202101,1124.43,0.0175,0.0758,"Albany-Schenectady-Troy, NY"
3004,Rensselaer County,NY,202102,1145.22,0.0185,0.0834,"Albany-Schenectady-Troy, NY"
3004,Rensselaer County,NY,202103,1160.58,0.0134,0.1024,"Albany-Schenectady-Troy, NY"
3004,Rensselaer County,NY,202104,1159.57,-0.0009,0.1091,"Albany-Schenectady-Troy, NY"
3004,Rensselaer County,NY,202105,1151.23,-0.0072,0.0983,"Albany-Schenectady-Troy, NY"
3004,Rensselaer County,NY,202106,1148.64,-0.0022,0.0774,"Albany-Schenectady-Troy, NY"
3004,Rensselaer County,NY,202107,1155.75,0.0062,0.0658,"Albany-Schenectady-Troy, NY"
3004,Rensselaer County,NY,202108,1161.67,0.0051,0.0606,"Albany-Schenectady-Troy, NY"
3004,Rensselaer County,NY,202109,1186.26,0.0212,0.0748,"Albany-Schenectady-Troy, NY"
3004,Rensselaer County,NY,202110,1194.88,0.0073,0.0822,"Albany-Schenectady-Troy, NY"
3004,Rensselaer County,NY,202111,1220.2,0.0212,0.0993,"Albany-Schenectady-Troy, NY"
3004,Rensselaer County,NY,202112,1209.87,-0.0085,0.0949,"Albany-Schenectady-Troy, NY"
3004,Rensselaer County,NY,202201,1208.94,-0.0008,0.0752,"Albany-Schenectady-Troy, NY"
3004,Rensselaer County,NY,202202,1203.06,-0.0049,0.0505,"Albany-Schenectady-Troy, NY"
3004,Rensselaer County,NY,202203,1235.16,0.0267,0.0643,"Albany-Schenectady-Troy, NY"
3004,Rensselaer County,NY,202204,1236.34,0.001,0.0662,"Albany-Schenectady-Troy, NY"
3004,Rensselaer County,NY,202205,1234.14,-0.0018,0.072,"Albany-Schenectady-Troy, NY"
3004,Rensselaer County,NY,202206,1231.58,-0.0021,0.0722,"Albany-Schenectady-Troy, NY"
3004,Rensselaer County,NY,202207,1252.06,0.0166,0.0833,"Albany-Schenectady-Troy, NY"
3004,Rensselaer County,NY,202208,1270.66,0.0149,0.0938,"Albany-Schenectady-Troy, NY"
3004,Rensselaer County,NY,202209,1276.97,0.005,0.0765,"Albany-Schenectady-Troy, NY"
3004,Rensselaer County,NY,202210,1280.99,0.0031,0.0721,"Albany-Schenectady-Troy, NY"
3004,Rensselaer County,NY,202211,1279.24,-0.0014,0.0484,"Albany-Schenectady-Troy, NY"
3004,Rensselaer County,NY,202212,1274.08,-0.004,0.0531,"Albany-Schenectady-Troy, NY"
3004,Rensselaer County,NY,202301,1296.72,0.0178,0.0726,"Albany-Schenectady-Troy, NY"
3004,Rensselaer County,NY,202302,1306.28,0.0074,0.0858,"Albany-Schenectady-Troy, NY"
3004,Rensselaer County,NY,202303,1316.97,0.0082,0.0662,"Albany-Schenectady-Troy, NY"
3004,Rensselaer County,NY,202304,1287.8,-0.0221,0.0416,"Albany-Schenectady-Troy, NY"
3004,Rensselaer County,NY,202305,1300.35,0.0097,0.0536,"Albany-Schenectady-Troy, NY"
3004,Rensselaer County,NY,202306,1311.52,0.0086,0.0649,"Albany-Schenectady-Troy, NY"
3004,Rensselaer County,NY,202307,1336.96,0.0194,0.0678,"Albany-Schenectady-Troy, NY"
3004,Rensselaer County,NY,202308,1336.24,-0.0005,0.0516,"Albany-Schenectady-Troy, NY"
3004,Rensselaer County,NY,202309,1337.03,0.0006,0.047,"Albany-Schenectady-Troy, NY"
3004,Rensselaer County,NY,202310,1322.77,-0.0107,0.0326,"Albany-Schenectady-Troy, NY"
3004,Rensselaer County,NY,202311,1323.68,0.0007,0.0347,"Albany-Schenectady-Troy, NY"
3004,Rensselaer County,NY,202312,1323.6,-0.0001,0.0389,"Albany-Schenectady-Troy, NY"
3004,Rensselaer County,NY,202401,1346.92,0.0176,0.0387,"Albany-Schenectady-Troy, NY"
3004,Rensselaer County,NY,202402,1368.83,0.0163,0.0479,"Albany-Schenectady-Troy, NY"
3004,Rensselaer County,NY,202403,1378.93,0.0074,0.047,"Albany-Schenectady-Troy, NY"
3004,Rensselaer County,NY,202404,1392.64,0.0099,0.0814,"Albany-Schenectady-Troy, NY"
3004,Rensselaer County,NY,202405,1390.73,-0.0014,0.0695,"Albany-Schenectady-Troy, NY"
3004,Rensselaer County,NY,202406,1406.17,0.0111,0.0722,"Albany-Schenectady-Troy, NY"
3004,Rensselaer County,NY,202407,1412.16,0.0043,0.0562,"Albany-Schenectady-Troy, NY"
3004,Rensselaer County,NY,202408,1419.48,0.0052,0.0623,"Albany-Schenectady-Troy, NY"
3004,Rensselaer County,NY,202409,1404.91,-0.0103,0.0508,"Albany-Schenectady-Troy, NY"
3004,Rensselaer County,NY,202410,1410.63,0.0041,0.0664,"Albany-Schenectady-Troy, NY"
3004,Rensselaer County,NY,202411,1419.86,0.0065,0.0727,"Albany-Schenectady-Troy, NY"
3004,Rensselaer County,NY,202412,1434.64,0.0104,0.0839,"Albany-Schenectady-Troy, NY"
3004,Rensselaer County,NY,202501,1445.98,0.0079,0.0735,"Albany-Schenectady-Troy, NY"
3004,Rensselaer County,NY,202502,1444.11,-0.0013,0.055,"Albany-Schenectady-Troy, NY"
3004,Rensselaer County,NY,202503,1467.37,0.0161,0.0641,"Albany-Schenectady-Troy, NY"
3004,Rensselaer County,NY,202504,1462.12,-0.0036,0.0499,"Albany-Schenectady-Troy, NY"
3004,Rensselaer County,NY,202505,1459.36,-0.0019,0.0493,"Albany-Schenectady-Troy, NY"
3004,Rensselaer County,NY,202506,1444.34,-0.0103,0.0271,"Albany-Schenectady-Troy, NY"
3004,Rensselaer County,NY,202507,1460.37,0.0111,0.0341,"Albany-Schenectady-Troy, NY"
3004,Rensselaer County,NY,202508,1471.08,0.0073,0.0364,"Albany-Schenectady-Troy, NY"
3004,Rensselaer County,NY,202509,1495.35,0.0165,0.0644,"Albany-Schenectady-Troy, NY"
3004,Rensselaer County,NY,202510,1503.9,0.0057,0.0661,"Albany-Schenectady-Troy, NY"
3004,Rensselaer County,NY,202511,1514.57,0.0071,0.0667,"Albany-Schenectady-Troy, NY"
3004,Rensselaer County,NY,202512,1518.29,0.0025,0.0583,"Albany-Schenectady-Troy, NY"
3004,Rensselaer County,NY,202601,1518.54,0.0002,0.0502,"Albany-Schenectady-Troy, NY"
3004,Rensselaer County,NY,202602,1524.23,0.0037,0.0555,"Albany-Schenectady-Troy, NY"
3004,Rensselaer County,NY,202603,1523.31,-0.0006,0.0381,"Albany-Schenectady-Troy, NY"
3004,Rensselaer County,NY,202604,1524.97,0.0011,0.043,"Albany-Schenectady-Troy, NY"
3004,Rensselaer County,NY,202605,1517.2,-0.0051,0.0396,"Albany-Schenectady-Troy, NY"
3004,Rensselaer County,NY,202606,1520.07,0.0019,0.0524,"Albany-Schenectady-Troy, NY"
3004,Rensselaer County,NY,202607,1525.65,0.0037,0.0447,"Albany-Schenectady-Troy, NY"
3004,Rensselaer County,NY,202608,1556.07,0.0199,0.0578,"Albany-Schenectady-Troy, NY"
3066,Washington County,NY,202607,1474.46,,,"Glens Falls, NY"
3066,Washington County,NY,202608,1473.75,-0.0005,,"Glens Falls, NY"
3137,Schenectady County,NY,201605,932.41,,,"Albany-Schenectady-Troy, NY"
3137,Schenectady County,NY,201606,923.85,-0.0092,,"Albany-Schenectady-Troy, NY"
3137,Schenectady County,NY,201607,943.09,0.0208,,"Albany-Schenectady-Troy, NY"
3137,Schenectady County,NY,201608,951.45,0.0089,,"Albany-Schenectady-Troy, NY"
3137,Schenectady County,NY,201609,961.57,0.0106,,"Albany-Schenectady-Troy, NY"
3137,Schenectady County,NY,201610,959.46,-0.0022,,"Albany-Schenectady-Troy, NY"
3137,Schenectady County,NY,201611,948.51,-0.0114,,"Albany-Schenectady-Troy, NY"
3137,Schenectady County,NY,201612,960.29,0.0124,,"Albany-Schenectady-Troy, NY"
3137,Schenectady County,NY,201701,943.24,-0.0178,,"Albany-Schenectady-Troy, NY"
3137,Schenectady County,NY,201702,960.99,0.0188,,"Albany-Schenectady-Troy, NY"
3137,Schenectady County,NY,201703,943.85,-0.0178,,"Albany-Schenectady-Troy, NY"
3137,Schenectady County,NY,201704,954.6,0.0114,,"Albany-Schenectady-Troy, NY"
3137,Schenectady County,NY,201705,945.17,-0.0099,0.0137,"Albany-Schenectady-Troy, NY"
3137,Schenectady County,NY,201706,953.46,0.0088,0.0321,"Albany-Schenectady-Troy, NY"
3137,Schenectady County,NY,201707,962.76,0.0097,0.0209,"Albany-Schenectady-Troy, NY"
3137,Schenectady County,NY,201708,963.7,0.001,0.0129,"Albany-Schenectady-Troy, NY"
3137,Schenectady County,NY,201709,961.62,-0.0022,0.0001,"Albany-Schenectady-Troy, NY"
3137,Schenectady County,NY,201710,955.03,-0.0069,-0.0046,"Albany-Schenectady-Troy, NY"
3137,Schenectady County,NY,201711,959.24,0.0044,0.0113,"Albany-Schenectady-Troy, NY"
3137,Schenectady County,NY,201712,960.48,0.0013,0.0002,"Albany-Schenectady-Troy, NY"
3137,Schenectady County,NY,201801,957.09,-0.0035,0.0147,"Albany-Schenectady-Troy, NY"
3137,Schenectady County,NY,201802,964.77,0.008,0.0039,"Albany-Schenectady-Troy, NY"
3137,Schenectady County,NY,201803,955.95,-0.0091,0.0128,"Albany-Schenectady-Troy, NY"
3137,Schenectady County,NY,201804,972.01,0.0168,0.0182,"Albany-Schenectady-Troy, NY"
3137,Schenectady County,NY,201805,958.08,-0.0143,0.0137,"Albany-Schenectady-Troy, NY"
3137,Schenectady County,NY,201806,973.38,0.016,0.0209,"Albany-Schenectady-Troy, NY"
3137,Schenectady County,NY,201807,964.91,-0.0087,0.0022,"Albany-Schenectady-Troy, NY"
3137,Schenectady County,NY,201808,981.38,0.0171,0.0183,"Albany-Schenectady-Troy, NY"
3137,Schenectady County,NY,201809,974.36,-0.0072,0.0132,"Albany-Schenectady-Troy, NY"
3137,Schenectady County,NY,201810,976.41,0.0021,0.0224,"Albany-Schenectady-Troy, NY"
3137,Schenectady County,NY,201811,966.7,-0.0099,0.0078,"Albany-Schenectady-Troy, NY"
3137,Schenectady County,NY,201812,971.51,0.005,0.0115,"Albany-Schenectady-Troy, NY"
3137,Schenectady County,NY,201901,983.31,0.0122,0.0274,"Albany-Schenectady-Troy, NY"
3137,Schenectady County,NY,201902,1002.37,0.0194,0.039,"Albany-Schenectady-Troy, NY"
3137,Schenectady County,NY,201903,1017.18,0.0148,0.0641,"Albany-Schenectady-Troy, NY"
3137,Schenectady County,NY,201904,1014.42,-0.0027,0.0436,"Albany-Schenectady-Troy, NY"
3137,Schenectady County,NY,201905,1017.13,0.0027,0.0616,"Albany-Schenectady-Troy, NY"
3137,Schenectady County,NY,201906,1018.08,0.0009,0.0459,"Albany-Schenectady-Troy, NY"
3137,Schenectady County,NY,201907,1034.02,0.0157,0.0716,"Albany-Schenectady-Troy, NY"
3137,Schenectady County,NY,201908,1034.2,0.0002,0.0538,"Albany-Schenectady-Troy, NY"
3137,Schenectady County,NY,201909,1033.11,-0.0011,0.0603,"Albany-Schenectady-Troy, NY"
3137,Schenectady County,NY,201910,1019.03,-0.0136,0.0437,"Albany-Schenectady-Troy, NY"
3137,Schenectady County,NY,201911,1019.44,0.0004,0.0546,"Albany-Schenectady-Troy, NY"
3137,Schenectady County,NY,201912,1037.98,0.0182,0.0684,"Albany-Schenectady-Troy, NY"
3137,Schenectady County,NY,202001,1045.89,0.0076,0.0636,"Albany-Schenectady-Troy, NY"
3137,Schenectady County,NY,202002,1047.19,0.0012,0.0447,"Albany-Schenectady-Troy, NY"
3137,Schenectady County,NY,202003,1042.4,-0.0046,0.0248,"Albany-Schenectady-Troy, NY"
3137,Schenectady County,NY,202004,1042.53,0.0001,0.0277,"Albany-Schenectady-Troy, NY"
3137,Schenectady County,NY,202005,1036.12,-0.0061,0.0187,"Albany-Schenectady-Troy, NY"
3137,Schenectady County,NY,202006,1038.34,0.0021,0.0199,"Albany-Schenectady-Troy, NY"
3137,Schenectady County,NY,202007,1043.62,0.0051,0.0093,"Albany-Schenectady-Troy, NY"
3137,Schenectady County,NY,202008,1057.73,0.0135,0.0228,"Albany-Schenectady-Troy, NY"
3137,Schenectady County,NY,202009,1063.89,0.0058,0.0298,"Albany-Schenectady-Troy, NY"
3137,Schenectady County,NY,202010,1063.2,-0.0006,0.0433,"Albany-Schenectady-Troy, NY"
3137,Schenectady County,NY,202011,1057.63,-0.0052,0.0375,"Albany-Schenectady-Troy, NY"
3137,Schenectady County,NY,202012,1045.35,-0.0116,0.0071,"Albany-Schenectady-Troy, NY"
3137,Schenectady County,NY,202101,1057.02,0.0112,0.0106,"Albany-Schenectady-Troy, NY"
3137,Schenectady County,NY,202102,1069.48,0.0118,0.0213,"Albany-Schenectady-Troy, NY"
3137,Schenectady County,NY,202103,1081.64,0.0114,0.0377,"Albany-Schenectady-Troy, NY"
3137,Schenectady County,NY,202104,1092.29,0.0098,0.0477,"Albany-Schenectady-Troy, NY"
3137,Schenectady County,NY,202105,1120.25,0.0256,0.0812,"Albany-Schenectady-Troy, NY"
3137,Schenectady County,NY,202106,1139.23,0.0169,0.0972,"Albany-Schenectady-Troy, NY"
3137,Schenectady County,NY,202107,1145.04,0.0051,0.0972,"Albany-Schenectady-Troy, NY"
3137,Schenectady County,NY,202108,1124.72,-0.0178,0.0633,"Albany-Schenectady-Troy, NY"
3137,Schenectady County,NY,202109,1143.55,0.0167,0.0749,"Albany-Schenectady-Troy, NY"
3137,Schenectady County,NY,202110,1158.4,0.013,0.0895,"Albany-Schenectady-Troy, NY"
3137,Schenectady County,NY,202111,1181.14,0.0196,0.1168,"Albany-Schenectady-Troy, NY"
3137,Schenectady County,NY,202112,1192.21,0.0094,0.1405,"Albany-Schenectady-Troy, NY"
3137,Schenectady County,NY,202201,1193.4,0.001,0.129,"Albany-Schenectady-Troy, NY"
3137,Schenectady County,NY,202202,1210.48,0.0143,0.1318,"Albany-Schenectady-Troy, NY"
3137,Schenectady County,NY,202203,1217.63,0.0059,0.1257,"Albany-Schenectady-Troy, NY"
3137,Schenectady County,NY,202204,1225.07,0.0061,0.1216,"Albany-Schenectady-Troy, NY"
3137,Schenectady County,NY,202205,1241.34,0.0133,0.1081,"Albany-Schenectady-Troy, NY"
3137,Schenectady County,NY,202206,1241.59,0.0002,0.0898,"Albany-Schenectady-Troy, NY"
3137,Schenectady County,NY,202207,1246.72,0.0041,0.0888,"Albany-Schenectady-Troy, NY"
3137,Schenectady County,NY,202208,1232.86,-0.0111,0.0961,"Albany-Schenectady-Troy, NY"
3137,Schenectady County,NY,202209,1235.73,0.0023,0.0806,"Albany-Schenectady-Troy, NY"
3137,Schenectady County,NY,202210,1244.98,0.0075,0.0747,"Albany-Schenectady-Troy, NY"
3137,Schenectady County,NY,202211,1255.84,0.0087,0.0632,"Albany-Schenectady-Troy, NY"
3137,Schenectady County,NY,202212,1252.23,-0.0029,0.0503,"Albany-Schenectady-Troy, NY"
3137,Schenectady County,NY,202301,1250.81,-0.0011,0.0481,"Albany-Schenectady-Troy, NY"
3137,Schenectady County,NY,202302,1267.1,0.013,0.0468,"Albany-Schenectady-Troy, NY"
3137,Schenectady County,NY,202303,1265.71,-0.0011,0.0395,"Albany-Schenectady-Troy, NY"
3137,Schenectady County,NY,202304,1283.61,0.0141,0.0478,"Albany-Schenectady-Troy, NY"
3137,Schenectady County,NY,202305,1285.75,0.0017,0.0358,"Albany-Schenectady-Troy, NY"
3137,Schenectady County,NY,202306,1296.54,0.0084,0.0443,"Albany-Schenectady-Troy, NY"
3137,Schenectady County,NY,202307,1304.34,0.006,0.0462,"Albany-Schenectady-Troy, NY"
3137,Schenectady County,NY,202308,1299.03,-0.0041,0.0537,"Albany-Schenectady-Troy, NY"
3137,Schenectady County,NY,202309,1314.63,0.012,0.0638,"Albany-Schenectady-Troy, NY"
3137,Schenectady County,NY,202310,1312.95,-0.0013,0.0546,"Albany-Schenectady-Troy, NY"
3137,Schenectady County,NY,202311,1323.71,0.0082,0.054,"Albany-Schenectady-Troy, NY"
3137,Schenectady County,NY,202312,1331.63,0.006,0.0634,"Albany-Schenectady-Troy, NY"
3137,Schenectady County,NY,202401,1338.42,0.0051,0.07,"Albany-Schenectady-Troy, NY"
3137,Schenectady County,NY,202402,1343.39,0.0037,0.0602,"Albany-Schenectady-Troy, NY"
3137,Schenectady County,NY,202403,1347.58,0.0031,0.0647,"Albany-Schenectady-Troy, NY"
3137,Schenectady County,NY,202404,1361.38,0.0102,0.0606,"Albany-Schenectady-Troy, NY"
3137,Schenectady County,NY,202405,1378.35,0.0125,0.072,"Albany-Schenectady-Troy, NY"
3137,Schenectady County,NY,202406,1380.91,0.0019,0.0651,"Albany-Schenectady-Troy, NY"
3137,Schenectady County,NY,202407,1394.81,0.0101,0.0694,"Albany-Schenectady-Troy, NY"
3137,Schenectady County,NY,202408,1390.34,-0.0032,0.0703,"Albany-Schenectady-Troy, NY"
3137,Schenectady County,NY,202409,1395.58,0.0038,0.0616,"Albany-Schenectady-Troy, NY"
3137,Schenectady County,NY,202410,1388.27,-0.0052,0.0574,"Albany-Schenectady-Troy, NY"
3137,Schenectady County,NY,202411,1380.34,-0.0057,0.0428,"Albany-Schenectady-Troy, NY"
3137,Schenectady County,NY,202412,1393.65,0.0096,0.0466,"Albany-Schenectady-Troy, NY"
3137,Schenectady County,NY,202501,1394.24,0.0004,0.0417,"Albany-Schenectady-Troy, NY"
3137,Schenectady County,NY,202502,1415.19,0.015,0.0534,"Albany-Schenectady-Troy, NY"
3137,Schenectady County,NY,202503,1418.53,0.0024,0.0527,"Albany-Schenectady-Troy, NY"
3137,Schenectady County,NY,202504,1427.42,0.0063,0.0485,"Albany-Schenectady-Troy, NY"
3137,Schenectady County,NY,202505,1422.74,-0.0033,0.0322,"Albany-Schenectady-Troy, NY"
3137,Schenectady County,NY,202506,1429.53,0.0048,0.0352,"Albany-Schenectady-Troy, NY"
3137,Schenectady County,NY,202507,1438.75,0.0064,0.0315,"Albany-Schenectady-Troy, NY"
3137,Schenectady County,NY,202508,1449.98,0.0078,0.0429,"Albany-Schenectady-Troy, NY"
3137,Schenectady County,NY,202509,1444.51,-0.0038,0.0351,"Albany-Schenectady-Troy, NY"
3137,Schenectady County,NY,202510,1439.87,-0.0032,0.0372,"Albany-Schenectady-Troy, NY"
3137,Schenectady County,NY,202511,1436.19,-0.0026,0.0405,"Albany-Schenectady-Troy, NY"
3137,Schenectady County,NY,202512,1446.51,0.0072,0.0379,"Albany-Schenectady-Troy, NY"
3137,Schenectady County,NY,202601,1445.99,-0.0004,0.0371,"Albany-Schenectady-Troy, NY"
3137,Schenectady County,NY,202602,1434.38,-0.008,0.0136,"Albany-Schenectady-Troy, NY"
3137,Schenectady County,NY,202603,1423.37,-0.0077,0.0034,"Albany-Schenectady-Troy, NY"
3137,Schenectady County,NY,202604,1431.23,0.0055,0.0027,"Albany-Schenectady-Troy, NY"
3137,Schenectady County,NY,202605,1447.51,0.0114,0.0174,"Albany-Schenectady-Troy, NY"
3137,Schenectady County,NY,202606,1459.86,0.0085,0.0212,"Albany-Schenectady-Troy, NY"
3137,Schenectady County,NY,202607,1470.01,0.007,0.0217,"Albany-Schenectady-Troy, NY"
3137,Schenectady County,NY,202608,1489.75,0.0134,0.0274,"Albany-Schenectady-Troy, NY"
3148,Westchester County,NY,201501,1955.39,,,"New York-Newark-Jersey City, NY-NJ-PA"
3148,Westchester County,NY,201502,1973.67,0.0093,,"New York-Newark-Jersey City, NY-NJ-PA"
3148,Westchester County,NY,201503,1990.5,0.0085,,"New York-Newark-Jersey City, NY-NJ-PA"
3148,Westchester County,NY,201504,1986.0,-0.0023,,"New York-Newark-Jersey City, NY-NJ-PA"
3148,Westchester County,NY,201505,1988.92,0.0015,,"New York-Newark-Jersey City, NY-NJ-PA"
3148,Westchester County,NY,201506,1995.55,0.0033,,"New York-Newark-Jersey City, NY-NJ-PA"
3148,Westchester County,NY,201507,2003.51,0.004,,"New York-Newark-Jersey City, NY-NJ-PA"
3148,Westchester County,NY,201508,2008.55,0.0025,,"New York-Newark-Jersey City, NY-NJ-PA"
3148,Westchester County,NY,201509,2011.38,0.0014,,"New York-Newark-Jersey City, NY-NJ-PA"
3148,Westchester County,NY,201510,1997.68,-0.0068,,"New York-Newark-Jersey City, NY-NJ-PA"
3148,Westchester County,NY,201511,1998.11,0.0002,,"New York-Newark-Jersey City, NY-NJ-PA"
3148,Westchester County,NY,201512,1986.69,-0.0057,,"New York-Newark-Jersey City, NY-NJ-PA"
3148,Westchester County,NY,201601,2005.56,0.0095,0.0257,"New York-Newark-Jersey City, NY-NJ-PA"
3148,Westchester County,NY,201602,1996.76,-0.0044,0.0117,"New York-Newark-Jersey City, NY-NJ-PA"
3148,Westchester County,NY,201603,2021.58,0.0124,0.0156,"New York-Newark-Jersey City, NY-NJ-PA"
3148,Westchester County,NY,201604,2047.57,0.0129,0.031,"New York-Newark-Jersey City, NY-NJ-PA"
3148,Westchester County,NY,201605,2071.96,0.0119,0.0418,"New York-Newark-Jersey City, NY-NJ-PA"
3148,Westchester County,NY,201606,2070.62,-0.0007,0.0376,"New York-Newark-Jersey City, NY-NJ-PA"
3148,Westchester County,NY,201607,2066.41,-0.002,0.0314,"New York-Newark-Jersey City, NY-NJ-PA"
3148,Westchester County,NY,201608,2073.23,0.0033,0.0322,"New York-Newark-Jersey City, NY-NJ-PA"
3148,Westchester County,NY,201609,2073.37,0.0001,0.0308,"New York-Newark-Jersey City, NY-NJ-PA"
3148,Westchester County,NY,201610,2054.19,-0.0092,0.0283,"New York-Newark-Jersey City, NY-NJ-PA"
3148,Westchester County,NY,201611,2054.76,0.0003,0.0284,"New York-Newark-Jersey City, NY-NJ-PA"
3148,Westchester County,NY,201612,2059.01,0.0021,0.0364,"New York-Newark-Jersey City, NY-NJ-PA"
3148,Westchester County,NY,201701,2069.92,0.0053,0.0321,"New York-Newark-Jersey City, NY-NJ-PA"
3148,Westchester County,NY,201702,2082.79,0.0062,0.0431,"New York-Newark-Jersey City, NY-NJ-PA"
3148,Westchester County,NY,201703,2101.22,0.0089,0.0394,"New York-Newark-Jersey City, NY-NJ-PA"
3148,Westchester County,NY,201704,2130.67,0.014,0.0406,"New York-Newark-Jersey City, NY-NJ-PA"
3148,Westchester County,NY,201705,2143.29,0.0059,0.0344,"New York-Newark-Jersey City, NY-NJ-PA"
3148,Westchester County,NY,201706,2147.73,0.0021,0.0372,"New York-Newark-Jersey City, NY-NJ-PA"
3148,Westchester County,NY,201707,2150.09,0.0011,0.0405,"New York-Newark-Jersey City, NY-NJ-PA"
3148,Westchester County,NY,201708,2141.21,-0.0041,0.0328,"New York-Newark-Jersey City, NY-NJ-PA"
3148,Westchester County,NY,201709,2147.98,0.0032,0.036,"New York-Newark-Jersey City, NY-NJ-PA"
3148,Westchester County,NY,201710,2137.65,-0.0048,0.0406,"New York-Newark-Jersey City, NY-NJ-PA"
3148,Westchester County,NY,201711,2145.95,0.0039,0.0444,"New York-Newark-Jersey City, NY-NJ-PA"
3148,Westchester County,NY,201712,2151.51,0.0026,0.0449,"New York-Newark-Jersey City, NY-NJ-PA"
3148,Westchester County,NY,201801,2144.15,-0.0034,0.0359,"New York-Newark-Jersey City, NY-NJ-PA"
3148,Westchester County,NY,201802,2153.34,0.0043,0.0339,"New York-Newark-Jersey City, NY-NJ-PA"
3148,Westchester County,NY,201803,2158.42,0.0024,0.0272,"New York-Newark-Jersey City, NY-NJ-PA"
3148,Westchester County,NY,201804,2176.6,0.0084,0.0216,"New York-Newark-Jersey City, NY-NJ-PA"
3148,Westchester County,NY,201805,2175.38,-0.0006,0.015,"New York-Newark-Jersey City, NY-NJ-PA"
3148,Westchester County,NY,201806,2177.9,0.0012,0.014,"New York-Newark-Jersey City, NY-NJ-PA"
3148,Westchester County,NY,201807,2190.14,0.0056,0.0186,"New York-Newark-Jersey City, NY-NJ-PA"
3148,Westchester County,NY,201808,2192.97,0.0013,0.0242,"New York-Newark-Jersey City, NY-NJ-PA"
3148,Westchester County,NY,201809,2208.49,0.0071,0.0282,"New York-Newark-Jersey City, NY-NJ-PA"
3148,Westchester County,NY,201810,2212.95,0.002,0.0352,"New York-Newark-Jersey City, NY-NJ-PA"
3148,Westchester County,NY,201811,2208.78,-0.0019,0.0293,"New York-Newark-Jersey City, NY-NJ-PA"
3148,Westchester County,NY,201812,2181.42,-0.0124,0.0139,"New York-Newark-Jersey City, NY-NJ-PA"
3148,Westchester County,NY,201902,2222.21,0.0187,0.0364,"New York-Newark-Jersey City, NY-NJ-PA"
3148,Westchester County,NY,201903,2250.29,0.0126,0.045,"New York-Newark-Jersey City, NY-NJ-PA"
3148,Westchester County,NY,201904,2252.45,0.001,0.0436,"New York-Newark-Jersey City, NY-NJ-PA"
3148,Westchester County,NY,201905,2242.87,-0.0043,0.0304,"New York-Newark-Jersey City, NY-NJ-PA"
3148,Westchester County,NY,201906,2244.83,0.0009,0.0319,"New York-Newark-Jersey City, NY-NJ-PA"
3148,Westchester County,NY,201907,2260.21,0.0068,0.0378,"New York-Newark-Jersey City, NY-NJ-PA"
3148,Westchester County,NY,201908,2271.16,0.0048,0.037,"New York-Newark-Jersey City, NY-NJ-PA"
3148,Westchester County,NY,201909,2289.39,0.008,0.044,"New York-Newark-Jersey City, NY-NJ-PA"
3148,Westchester County,NY,201910,2270.95,-0.0081,0.0283,"New York-Newark-Jersey City, NY-NJ-PA"
3148,Westchester County,NY,201911,2271.64,0.0003,0.0265,"New York-Newark-Jersey City, NY-NJ-PA"
3148,Westchester County,NY,201912,2266.49,-0.0023,0.0261,"New York-Newark-Jersey City, NY-NJ-PA"
3148,Westchester County,NY,202001,2278.72,0.0054,0.0446,"New York-Newark-Jersey City, NY-NJ-PA"
3148,Westchester County,NY,202002,2279.45,0.0003,0.0258,"New York-Newark-Jersey City, NY-NJ-PA"
3148,Westchester County,NY,202003,2280.16,0.0003,0.0133,"New York-Newark-Jersey City, NY-NJ-PA"
3148,Westchester County,NY,202004,2297.25,0.0075,0.0199,"New York-Newark-Jersey City, NY-NJ-PA"
3148,Westchester County,NY,202005,2304.31,0.0031,0.0274,"New York-Newark-Jersey City, NY-NJ-PA"
3148,Westchester County,NY,202006,2323.46,0.0083,0.035,"New York-Newark-Jersey City, NY-NJ-PA"
3148,Westchester County,NY,202007,2331.97,0.0037,0.0317,"New York-Newark-Jersey City, NY-NJ-PA"
3148,Westchester County,NY,202008,2346.97,0.0064,0.0334,"New York-Newark-Jersey City, NY-NJ-PA"
3148,Westchester County,NY,202009,2345.47,-0.0006,0.0245,"New York-Newark-Jersey City, NY-NJ-PA"
3148,Westchester County,NY,202010,2343.83,-0.0007,0.0321,"New York-Newark-Jersey City, NY-NJ-PA"
3148,Westchester County,NY,202011,2358.76,0.0064,0.0384,"New York-Newark-Jersey City, NY-NJ-PA"
3148,Westchester County,NY,202012,2357.52,-0.0005,0.0402,"New York-Newark-Jersey City, NY-NJ-PA"
3148,Westchester County,NY,202101,2364.28,0.0029,0.0375,"New York-Newark-Jersey City, NY-NJ-PA"
3148,Westchester County,NY,202102,2360.63,-0.0015,0.0356,"New York-Newark-Jersey City, NY-NJ-PA"
3148,Westchester County,NY,202103,2377.73,0.0072,0.0428,"New York-Newark-Jersey City, NY-NJ-PA"
3148,Westchester County,NY,202104,2397.74,0.0084,0.0437,"New York-Newark-Jersey City, NY-NJ-PA"
3148,Westchester County,NY,202105,2403.03,0.0022,0.0428,"New York-Newark-Jersey City, NY-NJ-PA"
3148,Westchester County,NY,202106,2414.7,0.0049,0.0393,"New York-Newark-Jersey City, NY-NJ-PA"
3148,Westchester County,NY,202107,2430.07,0.0064,0.0421,"New York-Newark-Jersey City, NY-NJ-PA"
3148,Westchester County,NY,202108,2456.35,0.0108,0.0466,"New York-Newark-Jersey City, NY-NJ-PA"
3148,Westchester County,NY,202109,2459.69,0.0014,0.0487,"New York-Newark-Jersey City, NY-NJ-PA"
3148,Westchester County,NY,202110,2457.38,-0.0009,0.0484,"New York-Newark-Jersey City, NY-NJ-PA"
3148,Westchester County,NY,202111,2463.57,0.0025,0.0444,"New York-Newark-Jersey City, NY-NJ-PA"
3148,Westchester County,NY,202112,2498.71,0.0143,0.0599,"New York-Newark-Jersey City, NY-NJ-PA"
3148,Westchester County,NY,202201,2522.85,0.0097,0.0671,"New York-Newark-Jersey City, NY-NJ-PA"
3148,Westchester County,NY,202202,2542.49,0.0078,0.077,"New York-Newark-Jersey City, NY-NJ-PA"
3148,Westchester County,NY,202203,2545.97,0.0014,0.0708,"New York-Newark-Jersey City, NY-NJ-PA"
3148,Westchester County,NY,202204,2567.98,0.0086,0.071,"New York-Newark-Jersey City, NY-NJ-PA"
3148,Westchester County,NY,202205,2596.24,0.011,0.0804,"New York-Newark-Jersey City, NY-NJ-PA"
3148,Westchester County,NY,202206,2639.59,0.0167,0.0931,"New York-Newark-Jersey City, NY-NJ-PA"
3148,Westchester County,NY,202207,2672.39,0.0124,0.0997,"New York-Newark-Jersey City, NY-NJ-PA"
3148,Westchester County,NY,202208,2677.72,0.002,0.0901,"New York-Newark-Jersey City, NY-NJ-PA"
3148,Westchester County,NY,202209,2677.81,0.0,0.0887,"New York-Newark-Jersey City, NY-NJ-PA"
3148,Westchester County,NY,202210,2646.02,-0.0119,0.0768,"New York-Newark-Jersey City, NY-NJ-PA"
3148,Westchester County,NY,202211,2646.91,0.0003,0.0744,"New York-Newark-Jersey City, NY-NJ-PA"
3148,Westchester County,NY,202212,2618.4,-0.0108,0.0479,"New York-Newark-Jersey City, NY-NJ-PA"
3148,Westchester County,NY,202301,2629.65,0.0043,0.0423,"New York-Newark-Jersey City, NY-NJ-PA"
3148,Westchester County,NY,202302,2632.63,0.0011,0.0355,"New York-Newark-Jersey City, NY-NJ-PA"
3148,Westchester County,NY,202303,2682.24,0.0188,0.0535,"New York-Newark-Jersey City, NY-NJ-PA"
3148,Westchester County,NY,202304,2719.01,0.0137,0.0588,"New York-Newark-Jersey City, NY-NJ-PA"
3148,Westchester County,NY,202305,2738.73,0.0073,0.0549,"New York-Newark-Jersey City, NY-NJ-PA"
3148,Westchester County,NY,202306,2745.87,0.0026,0.0403,"New York-Newark-Jersey City, NY-NJ-PA"
3148,Westchester County,NY,202307,2752.09,0.0023,0.0298,"New York-Newark-Jersey City, NY-NJ-PA"
3148,Westchester County,NY,202308,2773.12,0.0076,0.0356,"New York-Newark-Jersey City, NY-NJ-PA"
3148,Westchester County,NY,202309,2766.5,-0.0024,0.0331,"New York-Newark-Jersey City, NY-NJ-PA"
3148,Westchester County,NY,202310,2764.54,-0.0007,0.0448,"New York-Newark-Jersey City, NY-NJ-PA"
3148,Westchester County,NY,202311,2749.32,-0.0055,0.0387,"New York-Newark-Jersey City, NY-NJ-PA"
3148,Westchester County,NY,202312,2760.55,0.0041,0.0543,"New York-Newark-Jersey City, NY-NJ-PA"
3148,Westchester County,NY,202401,2778.92,0.0067,0.0568,"New York-Newark-Jersey City, NY-NJ-PA"
3148,Westchester County,NY,202402,2800.34,0.0077,0.0637,"New York-Newark-Jersey City, NY-NJ-PA"
3148,Westchester County,NY,202403,2804.86,0.0016,0.0457,"New York-Newark-Jersey City, NY-NJ-PA"
3148,Westchester County,NY,202404,2810.39,0.002,0.0336,"New York-Newark-Jersey City, NY-NJ-PA"
3148,Westchester County,NY,202405,2815.6,0.0019,0.0281,"New York-Newark-Jersey City, NY-NJ-PA"
3148,Westchester County,NY,202406,2833.88,0.0065,0.0321,"New York-Newark-Jersey City, NY-NJ-PA"
3148,Westchester County,NY,202407,2836.18,0.0008,0.0306,"New York-Newark-Jersey City, NY-NJ-PA"
3148,Westchester County,NY,202408,2844.07,0.0028,0.0256,"New York-Newark-Jersey City, NY-NJ-PA"
3148,Westchester County,NY,202409,2843.6,-0.0002,0.0279,"New York-Newark-Jersey City, NY-NJ-PA"
3148,Westchester County,NY,202410,2836.04,-0.0027,0.0259,"New York-Newark-Jersey City, NY-NJ-PA"
3148,Westchester County,NY,202411,2844.6,0.003,0.0347,"New York-Newark-Jersey City, NY-NJ-PA"
3148,Westchester County,NY,202412,2854.8,0.0036,0.0341,"New York-Newark-Jersey City, NY-NJ-PA"
3148,Westchester County,NY,202501,2886.4,0.0111,0.0387,"New York-Newark-Jersey City, NY-NJ-PA"
3148,Westchester County,NY,202502,2904.43,0.0062,0.0372,"New York-Newark-Jersey City, NY-NJ-PA"
3148,Westchester County,NY,202503,2924.78,0.007,0.0428,"New York-Newark-Jersey City, NY-NJ-PA"
3148,Westchester County,NY,202504,2931.92,0.0024,0.0432,"New York-Newark-Jersey City, NY-NJ-PA"
3148,Westchester County,NY,202505,2945.71,0.0047,0.0462,"New York-Newark-Jersey City, NY-NJ-PA"
3148,Westchester County,NY,202506,2950.13,0.0015,0.041,"New York-Newark-Jersey City, NY-NJ-PA"
3148,Westchester County,NY,202507,2965.63,0.0053,0.0456,"New York-Newark-Jersey City, NY-NJ-PA"
3148,Westchester County,NY,202508,2972.64,0.0024,0.0452,"New York-Newark-Jersey City, NY-NJ-PA"
3148,Westchester County,NY,202509,2975.3,0.0009,0.0463,"New York-Newark-Jersey City, NY-NJ-PA"
3148,Westchester County,NY,202510,2977.33,0.0007,0.0498,"New York-Newark-Jersey City, NY-NJ-PA"
3148,Westchester County,NY,202511,2958.4,-0.0064,0.04,"New York-Newark-Jersey City, NY-NJ-PA"
3148,Westchester County,NY,202512,2968.92,0.0036,0.04,"New York-Newark-Jersey City, NY-NJ-PA"
3148,Westchester County,NY,202601,2974.31,0.0018,0.0305,"New York-Newark-Jersey City, NY-NJ-PA"
3148,Westchester County,NY,202602,2995.65,0.0072,0.0314,"New York-Newark-Jersey City, NY-NJ-PA"
3148,Westchester County,NY,202603,3016.3,0.0069,0.0313,"New York-Newark-Jersey City, NY-NJ-PA"
3148,Westchester County,NY,202604,3047.03,0.0102,0.0393,"New York-Newark-Jersey City, NY-NJ-PA"
3148,Westchester County,NY,202605,3081.63,0.0114,0.0461,"New York-Newark-Jersey City, NY-NJ-PA"
3148,Westchester County,NY,202606,3093.32,0.0038,0.0485,"New York-Newark-Jersey City, NY-NJ-PA"
3148,Westchester County,NY,202607,3107.03,0.0044,0.0477,"New York-Newark-Jersey City, NY-NJ-PA"
3148,Westchester County,NY,202608,3111.77,0.0015,0.0468,"New York-Newark-Jersey City, NY-NJ-PA"
3249,Saint Lawrence County,NY,202505,1227.29,,,"Ogdensburg-Massena, NY"
3249,Saint Lawrence County,NY,202506,1237.88,0.0086,,"Ogdensburg-Massena, NY"
3249,Saint Lawrence County,NY,202507,1291.31,0.0432,,"Ogdensburg-Massena, NY"
3249,Saint Lawrence County,NY,202508,1296.64,0.0041,,"Ogdensburg-Massena, NY"
3249,Saint Lawrence County,NY,202509,1267.7,-0.0223,,"Ogdensburg-Massena, NY"
3249,Saint Lawrence County,NY,202510,1249.52,-0.0143,,"Ogdensburg-Massena, NY"
3249,Saint Lawrence County,NY,202511,1303.82,0.0435,,"Ogdensburg-Massena, NY"
3249,Saint Lawrence County,NY,202512,1332.73,0.0222,,"Ogdensburg-Massena, NY"
3249,Saint Lawrence County,NY,202601,1406.53,0.0554,,"Ogdensburg-Massena, NY"
3249,Saint Lawrence County,NY,202602,1364.11,-0.0302,,"Ogdensburg-Massena, NY"
3249,Saint Lawrence County,NY,202603,1424.79,0.0445,,"Ogdensburg-Massena, NY"
3249,Saint Lawrence County,NY,202604,1390.71,-0.0239,,"Ogdensburg-Massena, NY"
3249,Saint Lawrence County,NY,202605,1410.65,0.0143,0.1494,"Ogdensburg-Massena, NY"
3249,Saint Lawrence County,NY,202606,1388.35,-0.0158,0.1216,"Ogdensburg-Massena, NY"
3249,Saint Lawrence County,NY,202607,1388.82,0.0003,0.0755,"Ogdensburg-Massena, NY"
3249,Saint Lawrence County,NY,202608,1372.5,-0.0118,0.0585,"Ogdensburg-Massena, NY"
