RegionID,RegionName,State,month_date_yyyymm,zori,zori_mm,zori_yy,Metro
158,Erie County,OH,202506,1624.82,,,"Sandusky, OH"
158,Erie County,OH,202507,1611.71,-0.0081,,"Sandusky, OH"
158,Erie County,OH,202508,1656.38,0.0277,,"Sandusky, OH"
158,Erie County,OH,202509,1673.76,0.0105,,"Sandusky, OH"
158,Erie County,OH,202510,1712.33,0.023,,"Sandusky, OH"
158,Erie County,OH,202511,1686.36,-0.0152,,"Sandusky, OH"
158,Erie County,OH,202601,1568.18,-0.0701,,"Sandusky, OH"
158,Erie County,OH,202602,1575.54,0.0047,,"Sandusky, OH"
158,Erie County,OH,202603,1674.59,0.0629,,"Sandusky, OH"
158,Erie County,OH,202604,1737.77,0.0377,,"Sandusky, OH"
158,Erie County,OH,202605,1773.43,0.0205,,"Sandusky, OH"
158,Erie County,OH,202606,1799.61,0.0148,,"Sandusky, OH"
158,Erie County,OH,202607,1820.13,0.0114,0.1202,"Sandusky, OH"
158,Erie County,OH,202608,1829.98,0.0054,0.1354,"Sandusky, OH"
214,Knox County,OH,202511,1314.06,,,"Mount Vernon, OH"
214,Knox County,OH,202512,1323.3,0.007,,"Mount Vernon, OH"
214,Knox County,OH,202601,1331.95,0.0065,,"Mount Vernon, OH"
214,Knox County,OH,202602,1329.94,-0.0015,,"Mount Vernon, OH"
214,Knox County,OH,202603,1324.73,-0.0039,,"Mount Vernon, OH"
214,Knox County,OH,202604,1328.96,0.0032,,"Mount Vernon, OH"
214,Knox County,OH,202605,1362.51,0.0253,,"Mount Vernon, OH"
214,Knox County,OH,202606,1362.43,-0.0001,,"Mount Vernon, OH"
214,Knox County,OH,202607,1358.08,-0.0032,,"Mount Vernon, OH"
214,Knox County,OH,202608,1362.66,0.0034,,"Mount Vernon, OH"
225,Lake County,OH,201601,838.72,,,"Cleveland-Elyria, OH"
225,Lake County,OH,201602,838.12,-0.0007,,"Cleveland-Elyria, OH"
225,Lake County,OH,201603,846.77,0.0103,,"Cleveland-Elyria, OH"
225,Lake County,OH,201604,849.69,0.0034,,"Cleveland-Elyria, OH"
225,Lake County,OH,201605,846.49,-0.0038,,"Cleveland-Elyria, OH"
225,Lake County,OH,201606,853.94,0.0088,,"Cleveland-Elyria, OH"
225,Lake County,OH,201607,854.42,0.0006,,"Cleveland-Elyria, OH"
225,Lake County,OH,201608,855.38,0.0011,,"Cleveland-Elyria, OH"
225,Lake County,OH,201609,844.23,-0.013,,"Cleveland-Elyria, OH"
225,Lake County,OH,201610,845.39,0.0014,,"Cleveland-Elyria, OH"
225,Lake County,OH,201611,855.86,0.0124,,"Cleveland-Elyria, OH"
225,Lake County,OH,201612,858.2,0.0027,,"Cleveland-Elyria, OH"
225,Lake County,OH,201701,855.0,-0.0037,0.0194,"Cleveland-Elyria, OH"
225,Lake County,OH,201702,855.91,0.0011,0.0212,"Cleveland-Elyria, OH"
225,Lake County,OH,201703,859.57,0.0043,0.0151,"Cleveland-Elyria, OH"
225,Lake County,OH,201704,870.91,0.0132,0.025,"Cleveland-Elyria, OH"
225,Lake County,OH,201705,869.6,-0.0015,0.0273,"Cleveland-Elyria, OH"
225,Lake County,OH,201706,870.51,0.001,0.0194,"Cleveland-Elyria, OH"
225,Lake County,OH,201707,864.01,-0.0075,0.0112,"Cleveland-Elyria, OH"
225,Lake County,OH,201708,865.3,0.0015,0.0116,"Cleveland-Elyria, OH"
225,Lake County,OH,201709,872.84,0.0087,0.0339,"Cleveland-Elyria, OH"
225,Lake County,OH,201710,873.77,0.0011,0.0336,"Cleveland-Elyria, OH"
225,Lake County,OH,201711,874.71,0.0011,0.022,"Cleveland-Elyria, OH"
225,Lake County,OH,201712,860.81,-0.0159,0.003,"Cleveland-Elyria, OH"
225,Lake County,OH,201801,870.5,0.0113,0.0181,"Cleveland-Elyria, OH"
225,Lake County,OH,201802,879.93,0.0108,0.0281,"Cleveland-Elyria, OH"
225,Lake County,OH,201803,889.76,0.0112,0.0351,"Cleveland-Elyria, OH"
225,Lake County,OH,201804,895.04,0.0059,0.0277,"Cleveland-Elyria, OH"
225,Lake County,OH,201805,899.57,0.0051,0.0345,"Cleveland-Elyria, OH"
225,Lake County,OH,201806,908.33,0.0097,0.0434,"Cleveland-Elyria, OH"
225,Lake County,OH,201807,899.71,-0.0095,0.0413,"Cleveland-Elyria, OH"
225,Lake County,OH,201808,902.79,0.0034,0.0433,"Cleveland-Elyria, OH"
225,Lake County,OH,201809,894.58,-0.0091,0.0249,"Cleveland-Elyria, OH"
225,Lake County,OH,201810,902.42,0.0088,0.0328,"Cleveland-Elyria, OH"
225,Lake County,OH,201811,888.04,-0.0159,0.0152,"Cleveland-Elyria, OH"
225,Lake County,OH,201812,882.56,-0.0062,0.0253,"Cleveland-Elyria, OH"
225,Lake County,OH,201901,876.43,-0.0069,0.0068,"Cleveland-Elyria, OH"
225,Lake County,OH,201902,889.43,0.0148,0.0108,"Cleveland-Elyria, OH"
225,Lake County,OH,201903,911.29,0.0246,0.0242,"Cleveland-Elyria, OH"
225,Lake County,OH,201904,923.05,0.0129,0.0313,"Cleveland-Elyria, OH"
225,Lake County,OH,201905,938.64,0.0169,0.0434,"Cleveland-Elyria, OH"
225,Lake County,OH,201906,932.9,-0.0061,0.0271,"Cleveland-Elyria, OH"
225,Lake County,OH,201907,936.48,0.0038,0.0409,"Cleveland-Elyria, OH"
225,Lake County,OH,201908,933.84,-0.0028,0.0344,"Cleveland-Elyria, OH"
225,Lake County,OH,201909,949.25,0.0165,0.0611,"Cleveland-Elyria, OH"
225,Lake County,OH,201910,948.88,-0.0004,0.0515,"Cleveland-Elyria, OH"
225,Lake County,OH,201911,937.46,-0.012,0.0557,"Cleveland-Elyria, OH"
225,Lake County,OH,201912,925.76,-0.0125,0.049,"Cleveland-Elyria, OH"
225,Lake County,OH,202001,928.4,0.0028,0.0593,"Cleveland-Elyria, OH"
225,Lake County,OH,202002,934.93,0.007,0.0512,"Cleveland-Elyria, OH"
225,Lake County,OH,202003,951.5,0.0177,0.0441,"Cleveland-Elyria, OH"
225,Lake County,OH,202004,955.62,0.0043,0.0353,"Cleveland-Elyria, OH"
225,Lake County,OH,202005,966.95,0.0119,0.0302,"Cleveland-Elyria, OH"
225,Lake County,OH,202006,967.95,0.001,0.0376,"Cleveland-Elyria, OH"
225,Lake County,OH,202007,982.67,0.0152,0.0493,"Cleveland-Elyria, OH"
225,Lake County,OH,202008,991.91,0.0094,0.0622,"Cleveland-Elyria, OH"
225,Lake County,OH,202009,998.47,0.0066,0.0519,"Cleveland-Elyria, OH"
225,Lake County,OH,202010,1003.48,0.005,0.0575,"Cleveland-Elyria, OH"
225,Lake County,OH,202011,997.65,-0.0058,0.0642,"Cleveland-Elyria, OH"
225,Lake County,OH,202012,995.81,-0.0018,0.0757,"Cleveland-Elyria, OH"
225,Lake County,OH,202101,986.97,-0.0089,0.0631,"Cleveland-Elyria, OH"
225,Lake County,OH,202102,990.42,0.0035,0.0594,"Cleveland-Elyria, OH"
225,Lake County,OH,202103,998.5,0.0082,0.0494,"Cleveland-Elyria, OH"
225,Lake County,OH,202104,1012.04,0.0136,0.059,"Cleveland-Elyria, OH"
225,Lake County,OH,202105,1023.16,0.011,0.0581,"Cleveland-Elyria, OH"
225,Lake County,OH,202106,1035.47,0.012,0.0698,"Cleveland-Elyria, OH"
225,Lake County,OH,202107,1046.08,0.0102,0.0645,"Cleveland-Elyria, OH"
225,Lake County,OH,202108,1062.11,0.0153,0.0708,"Cleveland-Elyria, OH"
225,Lake County,OH,202109,1066.04,0.0037,0.0677,"Cleveland-Elyria, OH"
225,Lake County,OH,202110,1070.67,0.0043,0.067,"Cleveland-Elyria, OH"
225,Lake County,OH,202111,1073.54,0.0027,0.0761,"Cleveland-Elyria, OH"
225,Lake County,OH,202112,1090.06,0.0154,0.0946,"Cleveland-Elyria, OH"
225,Lake County,OH,202201,1098.32,0.0076,0.1128,"Cleveland-Elyria, OH"
225,Lake County,OH,202202,1108.09,0.0089,0.1188,"Cleveland-Elyria, OH"
225,Lake County,OH,202203,1109.41,0.0012,0.1111,"Cleveland-Elyria, OH"
225,Lake County,OH,202204,1127.2,0.016,0.1138,"Cleveland-Elyria, OH"
225,Lake County,OH,202205,1134.78,0.0067,0.1091,"Cleveland-Elyria, OH"
225,Lake County,OH,202206,1156.21,0.0189,0.1166,"Cleveland-Elyria, OH"
225,Lake County,OH,202207,1167.81,0.01,0.1164,"Cleveland-Elyria, OH"
225,Lake County,OH,202208,1180.94,0.0112,0.1119,"Cleveland-Elyria, OH"
225,Lake County,OH,202209,1172.2,-0.0074,0.0996,"Cleveland-Elyria, OH"
225,Lake County,OH,202210,1161.78,-0.0089,0.0851,"Cleveland-Elyria, OH"
225,Lake County,OH,202211,1155.44,-0.0055,0.0763,"Cleveland-Elyria, OH"
225,Lake County,OH,202212,1153.85,-0.0014,0.0585,"Cleveland-Elyria, OH"
225,Lake County,OH,202301,1156.87,0.0026,0.0533,"Cleveland-Elyria, OH"
225,Lake County,OH,202302,1152.74,-0.0036,0.0403,"Cleveland-Elyria, OH"
225,Lake County,OH,202303,1161.3,0.0074,0.0468,"Cleveland-Elyria, OH"
225,Lake County,OH,202304,1169.75,0.0073,0.0377,"Cleveland-Elyria, OH"
225,Lake County,OH,202305,1187.64,0.0153,0.0466,"Cleveland-Elyria, OH"
225,Lake County,OH,202306,1192.11,0.0038,0.031,"Cleveland-Elyria, OH"
225,Lake County,OH,202307,1199.48,0.0062,0.0271,"Cleveland-Elyria, OH"
225,Lake County,OH,202308,1207.8,0.0069,0.0227,"Cleveland-Elyria, OH"
225,Lake County,OH,202309,1207.59,-0.0002,0.0302,"Cleveland-Elyria, OH"
225,Lake County,OH,202310,1203.28,-0.0036,0.0357,"Cleveland-Elyria, OH"
225,Lake County,OH,202311,1208.62,0.0044,0.046,"Cleveland-Elyria, OH"
225,Lake County,OH,202312,1217.0,0.0069,0.0547,"Cleveland-Elyria, OH"
225,Lake County,OH,202401,1234.24,0.0142,0.0669,"Cleveland-Elyria, OH"
225,Lake County,OH,202402,1244.6,0.0084,0.0797,"Cleveland-Elyria, OH"
225,Lake County,OH,202403,1255.35,0.0086,0.081,"Cleveland-Elyria, OH"
225,Lake County,OH,202404,1257.91,0.002,0.0754,"Cleveland-Elyria, OH"
225,Lake County,OH,202405,1261.79,0.0031,0.0624,"Cleveland-Elyria, OH"
225,Lake County,OH,202406,1277.44,0.0124,0.0716,"Cleveland-Elyria, OH"
225,Lake County,OH,202407,1290.59,0.0103,0.076,"Cleveland-Elyria, OH"
225,Lake County,OH,202408,1297.97,0.0057,0.0747,"Cleveland-Elyria, OH"
225,Lake County,OH,202409,1292.59,-0.0041,0.0704,"Cleveland-Elyria, OH"
225,Lake County,OH,202410,1291.37,-0.0009,0.0732,"Cleveland-Elyria, OH"
225,Lake County,OH,202411,1294.2,0.0022,0.0708,"Cleveland-Elyria, OH"
225,Lake County,OH,202412,1295.2,0.0008,0.0643,"Cleveland-Elyria, OH"
225,Lake County,OH,202501,1300.6,0.0042,0.0538,"Cleveland-Elyria, OH"
225,Lake County,OH,202502,1297.61,-0.0023,0.0426,"Cleveland-Elyria, OH"
225,Lake County,OH,202503,1307.82,0.0079,0.0418,"Cleveland-Elyria, OH"
225,Lake County,OH,202504,1311.09,0.0025,0.0423,"Cleveland-Elyria, OH"
225,Lake County,OH,202505,1328.0,0.0129,0.0525,"Cleveland-Elyria, OH"
225,Lake County,OH,202506,1337.78,0.0074,0.0472,"Cleveland-Elyria, OH"
225,Lake County,OH,202507,1339.43,0.0012,0.0378,"Cleveland-Elyria, OH"
225,Lake County,OH,202508,1348.93,0.0071,0.0393,"Cleveland-Elyria, OH"
225,Lake County,OH,202509,1354.28,0.004,0.0477,"Cleveland-Elyria, OH"
225,Lake County,OH,202510,1360.25,0.0044,0.0533,"Cleveland-Elyria, OH"
225,Lake County,OH,202511,1351.58,-0.0064,0.0443,"Cleveland-Elyria, OH"
225,Lake County,OH,202512,1358.28,0.005,0.0487,"Cleveland-Elyria, OH"
225,Lake County,OH,202601,1357.64,-0.0005,0.0438,"Cleveland-Elyria, OH"
225,Lake County,OH,202602,1365.07,0.0055,0.052,"Cleveland-Elyria, OH"
225,Lake County,OH,202603,1366.92,0.0014,0.0452,"Cleveland-Elyria, OH"
225,Lake County,OH,202604,1392.47,0.0187,0.0621,"Cleveland-Elyria, OH"
225,Lake County,OH,202605,1395.76,0.0024,0.051,"Cleveland-Elyria, OH"
225,Lake County,OH,202606,1402.52,0.0048,0.0484,"Cleveland-Elyria, OH"
225,Lake County,OH,202607,1392.4,-0.0072,0.0395,"Cleveland-Elyria, OH"
225,Lake County,OH,202608,1399.31,0.005,0.0373,"Cleveland-Elyria, OH"
309,Ross County,OH,202607,959.59,,,"Chillicothe, OH"
309,Ross County,OH,202608,989.58,0.0313,,"Chillicothe, OH"
335,Wood County,OH,201902,1105.01,,,"Toledo, OH"
335,Wood County,OH,201903,1112.17,0.0065,,"Toledo, OH"
335,Wood County,OH,201904,1121.15,0.0081,,"Toledo, OH"
335,Wood County,OH,201905,1132.38,0.01,,"Toledo, OH"
335,Wood County,OH,201906,1139.89,0.0066,,"Toledo, OH"
335,Wood County,OH,201907,1156.08,0.0142,,"Toledo, OH"
335,Wood County,OH,201908,1159.55,0.003,,"Toledo, OH"
335,Wood County,OH,201909,1154.96,-0.004,,"Toledo, OH"
335,Wood County,OH,201910,1140.2,-0.0128,,"Toledo, OH"
335,Wood County,OH,201911,1124.5,-0.0138,,"Toledo, OH"
335,Wood County,OH,201912,1126.61,0.0019,,"Toledo, OH"
335,Wood County,OH,202001,1124.7,-0.0017,,"Toledo, OH"
335,Wood County,OH,202002,1143.47,0.0167,0.0348,"Toledo, OH"
335,Wood County,OH,202003,1145.1,0.0014,0.0296,"Toledo, OH"
335,Wood County,OH,202004,1159.8,0.0128,0.0345,"Toledo, OH"
335,Wood County,OH,202005,1167.83,0.0069,0.0313,"Toledo, OH"
335,Wood County,OH,202006,1178.06,0.0088,0.0335,"Toledo, OH"
335,Wood County,OH,202007,1182.47,0.0037,0.0228,"Toledo, OH"
335,Wood County,OH,202008,1181.15,-0.0011,0.0186,"Toledo, OH"
335,Wood County,OH,202009,1181.09,-0.0001,0.0226,"Toledo, OH"
335,Wood County,OH,202010,1183.07,0.0017,0.0376,"Toledo, OH"
335,Wood County,OH,202011,1183.46,0.0003,0.0524,"Toledo, OH"
335,Wood County,OH,202012,1197.24,0.0116,0.0627,"Toledo, OH"
335,Wood County,OH,202101,1209.36,0.0101,0.0753,"Toledo, OH"
335,Wood County,OH,202102,1230.59,0.0176,0.0762,"Toledo, OH"
335,Wood County,OH,202103,1241.37,0.0088,0.0841,"Toledo, OH"
335,Wood County,OH,202104,1249.16,0.0063,0.077,"Toledo, OH"
335,Wood County,OH,202105,1268.44,0.0154,0.0861,"Toledo, OH"
335,Wood County,OH,202106,1289.57,0.0167,0.0947,"Toledo, OH"
335,Wood County,OH,202107,1317.33,0.0215,0.114,"Toledo, OH"
335,Wood County,OH,202108,1320.69,0.0026,0.1181,"Toledo, OH"
335,Wood County,OH,202109,1353.98,0.0252,0.1464,"Toledo, OH"
335,Wood County,OH,202110,1367.44,0.0099,0.1558,"Toledo, OH"
335,Wood County,OH,202111,1396.96,0.0216,0.1804,"Toledo, OH"
335,Wood County,OH,202112,1380.5,-0.0118,0.1531,"Toledo, OH"
335,Wood County,OH,202201,1365.03,-0.0112,0.1287,"Toledo, OH"
335,Wood County,OH,202202,1348.24,-0.0123,0.0956,"Toledo, OH"
335,Wood County,OH,202203,1354.82,0.0049,0.0914,"Toledo, OH"
335,Wood County,OH,202204,1371.27,0.0121,0.0978,"Toledo, OH"
335,Wood County,OH,202205,1400.94,0.0216,0.1045,"Toledo, OH"
335,Wood County,OH,202206,1459.51,0.0418,0.1318,"Toledo, OH"
335,Wood County,OH,202207,1515.68,0.0385,0.1506,"Toledo, OH"
335,Wood County,OH,202208,1546.66,0.0204,0.1711,"Toledo, OH"
335,Wood County,OH,202209,1507.49,-0.0253,0.1134,"Toledo, OH"
335,Wood County,OH,202210,1460.28,-0.0313,0.0679,"Toledo, OH"
335,Wood County,OH,202211,1425.82,-0.0236,0.0207,"Toledo, OH"
335,Wood County,OH,202212,1411.75,-0.0099,0.0226,"Toledo, OH"
335,Wood County,OH,202301,1409.6,-0.0015,0.0326,"Toledo, OH"
335,Wood County,OH,202302,1393.72,-0.0113,0.0337,"Toledo, OH"
335,Wood County,OH,202303,1407.73,0.0101,0.039,"Toledo, OH"
335,Wood County,OH,202304,1422.1,0.0102,0.0371,"Toledo, OH"
335,Wood County,OH,202305,1447.3,0.0177,0.0331,"Toledo, OH"
335,Wood County,OH,202306,1455.97,0.006,-0.0024,"Toledo, OH"
335,Wood County,OH,202307,1469.21,0.0091,-0.0307,"Toledo, OH"
335,Wood County,OH,202308,1474.87,0.0038,-0.0464,"Toledo, OH"
335,Wood County,OH,202309,1484.65,0.0066,-0.0151,"Toledo, OH"
335,Wood County,OH,202310,1483.54,-0.0007,0.0159,"Toledo, OH"
335,Wood County,OH,202311,1483.23,-0.0002,0.0403,"Toledo, OH"
335,Wood County,OH,202312,1473.16,-0.0068,0.0435,"Toledo, OH"
335,Wood County,OH,202401,1474.0,0.0006,0.0457,"Toledo, OH"
335,Wood County,OH,202402,1477.07,0.0021,0.0598,"Toledo, OH"
335,Wood County,OH,202403,1482.32,0.0036,0.053,"Toledo, OH"
335,Wood County,OH,202404,1497.52,0.0103,0.053,"Toledo, OH"
335,Wood County,OH,202405,1512.89,0.0103,0.0453,"Toledo, OH"
335,Wood County,OH,202406,1525.09,0.0081,0.0475,"Toledo, OH"
335,Wood County,OH,202407,1525.01,-0.0001,0.038,"Toledo, OH"
335,Wood County,OH,202408,1519.31,-0.0037,0.0301,"Toledo, OH"
335,Wood County,OH,202409,1527.67,0.0055,0.029,"Toledo, OH"
335,Wood County,OH,202410,1519.21,-0.0055,0.024,"Toledo, OH"
335,Wood County,OH,202411,1530.76,0.0076,0.032,"Toledo, OH"
335,Wood County,OH,202412,1511.64,-0.0125,0.0261,"Toledo, OH"
335,Wood County,OH,202501,1499.51,-0.008,0.0173,"Toledo, OH"
335,Wood County,OH,202502,1464.94,-0.0231,-0.0082,"Toledo, OH"
335,Wood County,OH,202503,1460.89,-0.0028,-0.0145,"Toledo, OH"
335,Wood County,OH,202504,1475.09,0.0097,-0.015,"Toledo, OH"
335,Wood County,OH,202505,1507.73,0.0221,-0.0034,"Toledo, OH"
335,Wood County,OH,202506,1520.16,0.0082,-0.0032,"Toledo, OH"
335,Wood County,OH,202507,1520.02,-0.0001,-0.0033,"Toledo, OH"
335,Wood County,OH,202508,1518.16,-0.0012,-0.0008,"Toledo, OH"
335,Wood County,OH,202509,1522.7,0.003,-0.0033,"Toledo, OH"
335,Wood County,OH,202510,1533.76,0.0073,0.0096,"Toledo, OH"
335,Wood County,OH,202511,1520.87,-0.0084,-0.0065,"Toledo, OH"
335,Wood County,OH,202512,1490.99,-0.0196,-0.0137,"Toledo, OH"
335,Wood County,OH,202601,1482.56,-0.0057,-0.0113,"Toledo, OH"
335,Wood County,OH,202602,1501.09,0.0125,0.0247,"Toledo, OH"
335,Wood County,OH,202603,1531.08,0.02,0.048,"Toledo, OH"
335,Wood County,OH,202604,1554.69,0.0154,0.054,"Toledo, OH"
335,Wood County,OH,202605,1569.6,0.0096,0.041,"Toledo, OH"
335,Wood County,OH,202606,1589.85,0.0129,0.0458,"Toledo, OH"
335,Wood County,OH,202607,1591.45,0.001,0.047,"Toledo, OH"
335,Wood County,OH,202608,1584.44,-0.0044,0.0437,"Toledo, OH"
371,Allen County,OH,202406,1075.71,,,"Lima, OH"
371,Allen County,OH,202407,1091.67,0.0148,,"Lima, OH"
371,Allen County,OH,202408,1091.75,0.0001,,"Lima, OH"
371,Allen County,OH,202409,1113.88,0.0203,,"Lima, OH"
371,Allen County,OH,202410,1098.45,-0.0139,,"Lima, OH"
371,Allen County,OH,202411,1089.67,-0.008,,"Lima, OH"
371,Allen County,OH,202412,1060.72,-0.0266,,"Lima, OH"
371,Allen County,OH,202501,1049.34,-0.0107,,"Lima, OH"
371,Allen County,OH,202502,1055.78,0.0061,,"Lima, OH"
371,Allen County,OH,202503,1063.41,0.0072,,"Lima, OH"
371,Allen County,OH,202504,1090.64,0.0256,,"Lima, OH"
371,Allen County,OH,202505,1123.92,0.0305,,"Lima, OH"
371,Allen County,OH,202506,1158.67,0.0309,0.0771,"Lima, OH"
371,Allen County,OH,202507,1175.42,0.0145,0.0767,"Lima, OH"
371,Allen County,OH,202508,1179.0,0.003,0.0799,"Lima, OH"
371,Allen County,OH,202509,1168.65,-0.0088,0.0492,"Lima, OH"
371,Allen County,OH,202510,1157.28,-0.0097,0.0536,"Lima, OH"
371,Allen County,OH,202511,1133.05,-0.0209,0.0398,"Lima, OH"
371,Allen County,OH,202512,1143.99,0.0097,0.0785,"Lima, OH"
371,Allen County,OH,202601,1142.49,-0.0013,0.0888,"Lima, OH"
371,Allen County,OH,202602,1198.71,0.0492,0.1354,"Lima, OH"
371,Allen County,OH,202603,1223.6,0.0208,0.1506,"Lima, OH"
371,Allen County,OH,202604,1235.66,0.0099,0.133,"Lima, OH"
371,Allen County,OH,202605,1239.79,0.0033,0.1031,"Lima, OH"
371,Allen County,OH,202606,1227.4,-0.01,0.0593,"Lima, OH"
371,Allen County,OH,202607,1277.76,0.041,0.0871,"Lima, OH"
371,Allen County,OH,202608,1211.25,-0.052,0.0274,"Lima, OH"
446,Clark County,OH,202205,823.28,,,"Springfield, OH"
446,Clark County,OH,202206,827.76,0.0054,,"Springfield, OH"
446,Clark County,OH,202207,857.37,0.0358,,"Springfield, OH"
446,Clark County,OH,202208,868.21,0.0126,,"Springfield, OH"
446,Clark County,OH,202209,871.22,0.0035,,"Springfield, OH"
446,Clark County,OH,202210,881.69,0.012,,"Springfield, OH"
446,Clark County,OH,202211,886.66,0.0056,,"Springfield, OH"
446,Clark County,OH,202212,909.28,0.0255,,"Springfield, OH"
446,Clark County,OH,202301,895.91,-0.0147,,"Springfield, OH"
446,Clark County,OH,202302,891.46,-0.005,,"Springfield, OH"
446,Clark County,OH,202303,912.73,0.0239,,"Springfield, OH"
446,Clark County,OH,202304,933.07,0.0223,,"Springfield, OH"
446,Clark County,OH,202306,936.52,0.0037,0.1375,"Springfield, OH"
446,Clark County,OH,202307,926.2,-0.011,0.1189,"Springfield, OH"
446,Clark County,OH,202308,950.23,0.026,0.1083,"Springfield, OH"
446,Clark County,OH,202309,966.96,0.0176,0.1137,"Springfield, OH"
446,Clark County,OH,202310,1018.66,0.0535,0.1692,"Springfield, OH"
446,Clark County,OH,202311,1007.15,-0.0113,0.1423,"Springfield, OH"
446,Clark County,OH,202312,1019.48,0.0122,0.1498,"Springfield, OH"
446,Clark County,OH,202401,989.44,-0.0295,0.0882,"Springfield, OH"
446,Clark County,OH,202402,1007.31,0.0181,0.1243,"Springfield, OH"
446,Clark County,OH,202403,1010.0,0.0027,0.133,"Springfield, OH"
446,Clark County,OH,202404,1037.21,0.0269,0.1364,"Springfield, OH"
446,Clark County,OH,202405,1025.27,-0.0115,0.0988,"Springfield, OH"
446,Clark County,OH,202406,1015.96,-0.0091,0.0848,"Springfield, OH"
446,Clark County,OH,202407,1028.41,0.0123,0.1104,"Springfield, OH"
446,Clark County,OH,202408,1051.31,0.0223,0.1064,"Springfield, OH"
446,Clark County,OH,202409,1087.91,0.0348,0.1251,"Springfield, OH"
446,Clark County,OH,202410,1075.03,-0.0118,0.0553,"Springfield, OH"
446,Clark County,OH,202411,1095.85,0.0194,0.0881,"Springfield, OH"
446,Clark County,OH,202412,1086.4,-0.0086,0.0656,"Springfield, OH"
446,Clark County,OH,202501,1089.41,0.0028,0.101,"Springfield, OH"
446,Clark County,OH,202502,1075.43,-0.0128,0.0676,"Springfield, OH"
446,Clark County,OH,202503,1081.49,0.0056,0.0708,"Springfield, OH"
446,Clark County,OH,202504,1103.77,0.0206,0.0642,"Springfield, OH"
446,Clark County,OH,202505,1119.59,0.0143,0.092,"Springfield, OH"
446,Clark County,OH,202506,1123.67,0.0036,0.106,"Springfield, OH"
446,Clark County,OH,202507,1100.74,-0.0204,0.0703,"Springfield, OH"
446,Clark County,OH,202508,1101.64,0.0008,0.0479,"Springfield, OH"
446,Clark County,OH,202509,1095.97,-0.0051,0.0074,"Springfield, OH"
446,Clark County,OH,202510,1130.41,0.0314,0.0515,"Springfield, OH"
446,Clark County,OH,202511,1140.27,0.0087,0.0405,"Springfield, OH"
446,Clark County,OH,202512,1166.19,0.0227,0.0734,"Springfield, OH"
446,Clark County,OH,202601,1150.8,-0.0132,0.0564,"Springfield, OH"
446,Clark County,OH,202602,1171.08,0.0176,0.0889,"Springfield, OH"
446,Clark County,OH,202603,1200.49,0.0251,0.11,"Springfield, OH"
446,Clark County,OH,202604,1210.25,0.0081,0.0965,"Springfield, OH"
446,Clark County,OH,202605,1185.83,-0.0202,0.0592,"Springfield, OH"
446,Clark County,OH,202606,1167.21,-0.0157,0.0388,"Springfield, OH"
446,Clark County,OH,202607,1178.21,0.0094,0.0704,"Springfield, OH"
446,Clark County,OH,202608,1197.33,0.0162,0.0869,"Springfield, OH"
467,Darke County,OH,202604,712.29,,,"Greenville, OH"
467,Darke County,OH,202605,703.86,-0.0118,,"Greenville, OH"
467,Darke County,OH,202606,712.2,0.0119,,"Greenville, OH"
467,Darke County,OH,202608,750.0,0.0531,,"Greenville, OH"
565,Huron County,OH,202507,1348.16,,,"Norwalk, OH"
565,Huron County,OH,202508,1360.78,0.0094,,"Norwalk, OH"
565,Huron County,OH,202509,1375.42,0.0108,,"Norwalk, OH"
565,Huron County,OH,202510,1413.13,0.0274,,"Norwalk, OH"
565,Huron County,OH,202511,1412.12,-0.0007,,"Norwalk, OH"
565,Huron County,OH,202512,1463.34,0.0363,,"Norwalk, OH"
565,Huron County,OH,202601,1431.18,-0.022,,"Norwalk, OH"
565,Huron County,OH,202602,1437.73,0.0046,,"Norwalk, OH"
565,Huron County,OH,202603,1413.67,-0.0167,,"Norwalk, OH"
565,Huron County,OH,202604,1441.97,0.02,,"Norwalk, OH"
565,Huron County,OH,202605,1442.02,0.0,,"Norwalk, OH"
565,Huron County,OH,202607,1442.87,0.0006,,"Norwalk, OH"
565,Huron County,OH,202608,1456.5,0.0094,0.0804,"Norwalk, OH"
616,Lucas County,OH,201501,656.62,,,"Toledo, OH"
616,Lucas County,OH,201502,659.05,0.0037,,"Toledo, OH"
616,Lucas County,OH,201503,666.59,0.0114,,"Toledo, OH"
616,Lucas County,OH,201504,668.05,0.0022,,"Toledo, OH"
616,Lucas County,OH,201505,673.12,0.0076,,"Toledo, OH"
616,Lucas County,OH,201506,677.97,0.0072,,"Toledo, OH"
616,Lucas County,OH,201507,677.21,-0.0011,,"Toledo, OH"
616,Lucas County,OH,201508,678.05,0.0012,,"Toledo, OH"
616,Lucas County,OH,201509,680.5,0.0036,,"Toledo, OH"
616,Lucas County,OH,201510,684.11,0.0053,,"Toledo, OH"
616,Lucas County,OH,201511,685.02,0.0013,,"Toledo, OH"
616,Lucas County,OH,201512,677.86,-0.0104,,"Toledo, OH"
616,Lucas County,OH,201601,675.09,-0.0041,0.0281,"Toledo, OH"
616,Lucas County,OH,201602,672.5,-0.0038,0.0204,"Toledo, OH"
616,Lucas County,OH,201603,680.89,0.0125,0.0215,"Toledo, OH"
616,Lucas County,OH,201604,689.9,0.0132,0.0327,"Toledo, OH"
616,Lucas County,OH,201605,699.62,0.0141,0.0394,"Toledo, OH"
616,Lucas County,OH,201606,700.66,0.0015,0.0335,"Toledo, OH"
616,Lucas County,OH,201607,701.93,0.0018,0.0365,"Toledo, OH"
616,Lucas County,OH,201608,702.27,0.0005,0.0357,"Toledo, OH"
616,Lucas County,OH,201609,707.81,0.0079,0.0401,"Toledo, OH"
616,Lucas County,OH,201610,709.9,0.003,0.0377,"Toledo, OH"
616,Lucas County,OH,201611,710.32,0.0006,0.0369,"Toledo, OH"
616,Lucas County,OH,201612,707.2,-0.0044,0.0433,"Toledo, OH"
616,Lucas County,OH,201701,703.99,-0.0045,0.0428,"Toledo, OH"
616,Lucas County,OH,201702,704.49,0.0007,0.0476,"Toledo, OH"
616,Lucas County,OH,201703,709.28,0.0068,0.0417,"Toledo, OH"
616,Lucas County,OH,201704,717.3,0.0113,0.0397,"Toledo, OH"
616,Lucas County,OH,201705,722.88,0.0078,0.0332,"Toledo, OH"
616,Lucas County,OH,201706,722.78,-0.0001,0.0316,"Toledo, OH"
616,Lucas County,OH,201707,720.4,-0.0033,0.0263,"Toledo, OH"
616,Lucas County,OH,201708,715.88,-0.0063,0.0194,"Toledo, OH"
616,Lucas County,OH,201709,717.4,0.0021,0.0136,"Toledo, OH"
616,Lucas County,OH,201710,718.67,0.0018,0.0124,"Toledo, OH"
616,Lucas County,OH,201711,720.99,0.0032,0.015,"Toledo, OH"
616,Lucas County,OH,201712,721.31,0.0004,0.0199,"Toledo, OH"
616,Lucas County,OH,201801,722.36,0.0015,0.0261,"Toledo, OH"
616,Lucas County,OH,201802,725.55,0.0044,0.0299,"Toledo, OH"
616,Lucas County,OH,201803,731.29,0.0079,0.031,"Toledo, OH"
616,Lucas County,OH,201804,735.33,0.0055,0.0251,"Toledo, OH"
616,Lucas County,OH,201805,739.61,0.0058,0.0232,"Toledo, OH"
616,Lucas County,OH,201806,740.12,0.0007,0.024,"Toledo, OH"
616,Lucas County,OH,201807,738.94,-0.0016,0.0257,"Toledo, OH"
616,Lucas County,OH,201808,741.65,0.0037,0.036,"Toledo, OH"
616,Lucas County,OH,201809,740.47,-0.0016,0.0322,"Toledo, OH"
616,Lucas County,OH,201810,744.5,0.0054,0.0359,"Toledo, OH"
616,Lucas County,OH,201811,743.15,-0.0018,0.0307,"Toledo, OH"
616,Lucas County,OH,201812,744.43,0.0017,0.0321,"Toledo, OH"
616,Lucas County,OH,201901,747.6,0.0043,0.0349,"Toledo, OH"
616,Lucas County,OH,201902,753.46,0.0078,0.0385,"Toledo, OH"
616,Lucas County,OH,201903,756.2,0.0036,0.0341,"Toledo, OH"
616,Lucas County,OH,201904,759.3,0.0041,0.0326,"Toledo, OH"
616,Lucas County,OH,201905,762.69,0.0045,0.0312,"Toledo, OH"
616,Lucas County,OH,201906,768.79,0.008,0.0387,"Toledo, OH"
616,Lucas County,OH,201907,769.1,0.0004,0.0408,"Toledo, OH"
616,Lucas County,OH,201908,766.54,-0.0033,0.0336,"Toledo, OH"
616,Lucas County,OH,201909,763.03,-0.0046,0.0305,"Toledo, OH"
616,Lucas County,OH,201910,763.95,0.0012,0.0261,"Toledo, OH"
616,Lucas County,OH,201911,765.49,0.002,0.0301,"Toledo, OH"
616,Lucas County,OH,201912,771.08,0.0073,0.0358,"Toledo, OH"
616,Lucas County,OH,202001,775.16,0.0053,0.0369,"Toledo, OH"
616,Lucas County,OH,202002,782.52,0.0095,0.0386,"Toledo, OH"
616,Lucas County,OH,202003,786.08,0.0046,0.0395,"Toledo, OH"
616,Lucas County,OH,202004,790.82,0.006,0.0415,"Toledo, OH"
616,Lucas County,OH,202005,795.14,0.0055,0.0425,"Toledo, OH"
616,Lucas County,OH,202006,801.35,0.0078,0.0423,"Toledo, OH"
616,Lucas County,OH,202007,802.79,0.0018,0.0438,"Toledo, OH"
616,Lucas County,OH,202008,798.08,-0.0059,0.0411,"Toledo, OH"
616,Lucas County,OH,202009,799.38,0.0016,0.0476,"Toledo, OH"
616,Lucas County,OH,202010,805.63,0.0078,0.0546,"Toledo, OH"
616,Lucas County,OH,202011,810.09,0.0055,0.0583,"Toledo, OH"
616,Lucas County,OH,202012,810.01,-0.0001,0.0505,"Toledo, OH"
616,Lucas County,OH,202101,810.76,0.0009,0.0459,"Toledo, OH"
616,Lucas County,OH,202102,818.63,0.0097,0.0461,"Toledo, OH"
616,Lucas County,OH,202103,830.83,0.0149,0.0569,"Toledo, OH"
616,Lucas County,OH,202104,844.54,0.0165,0.0679,"Toledo, OH"
616,Lucas County,OH,202105,860.06,0.0184,0.0817,"Toledo, OH"
616,Lucas County,OH,202106,870.82,0.0125,0.0867,"Toledo, OH"
616,Lucas County,OH,202107,886.2,0.0177,0.1039,"Toledo, OH"
616,Lucas County,OH,202108,895.06,0.01,0.1215,"Toledo, OH"
616,Lucas County,OH,202109,905.11,0.0112,0.1323,"Toledo, OH"
616,Lucas County,OH,202110,904.52,-0.0007,0.1227,"Toledo, OH"
616,Lucas County,OH,202111,909.41,0.0054,0.1226,"Toledo, OH"
616,Lucas County,OH,202112,910.41,0.0011,0.1239,"Toledo, OH"
616,Lucas County,OH,202201,916.7,0.0069,0.1307,"Toledo, OH"
616,Lucas County,OH,202202,924.73,0.0088,0.1296,"Toledo, OH"
616,Lucas County,OH,202203,941.73,0.0184,0.1335,"Toledo, OH"
616,Lucas County,OH,202204,956.15,0.0153,0.1322,"Toledo, OH"
616,Lucas County,OH,202205,975.9,0.0206,0.1347,"Toledo, OH"
616,Lucas County,OH,202206,993.23,0.0178,0.1406,"Toledo, OH"
616,Lucas County,OH,202207,998.31,0.0051,0.1265,"Toledo, OH"
616,Lucas County,OH,202208,996.22,-0.0021,0.113,"Toledo, OH"
616,Lucas County,OH,202209,981.81,-0.0145,0.0847,"Toledo, OH"
616,Lucas County,OH,202210,977.03,-0.0049,0.0802,"Toledo, OH"
616,Lucas County,OH,202211,973.79,-0.0033,0.0708,"Toledo, OH"
616,Lucas County,OH,202212,975.49,0.0017,0.0715,"Toledo, OH"
616,Lucas County,OH,202301,981.84,0.0065,0.0711,"Toledo, OH"
616,Lucas County,OH,202302,988.69,0.007,0.0692,"Toledo, OH"
616,Lucas County,OH,202303,1003.33,0.0148,0.0654,"Toledo, OH"
616,Lucas County,OH,202304,1010.4,0.007,0.0567,"Toledo, OH"
616,Lucas County,OH,202305,1015.42,0.005,0.0405,"Toledo, OH"
616,Lucas County,OH,202306,1014.5,-0.0009,0.0214,"Toledo, OH"
616,Lucas County,OH,202307,1024.13,0.0095,0.0259,"Toledo, OH"
616,Lucas County,OH,202308,1029.31,0.0051,0.0332,"Toledo, OH"
616,Lucas County,OH,202309,1030.93,0.0016,0.05,"Toledo, OH"
616,Lucas County,OH,202310,1025.97,-0.0048,0.0501,"Toledo, OH"
616,Lucas County,OH,202311,1022.78,-0.0031,0.0503,"Toledo, OH"
616,Lucas County,OH,202312,1027.13,0.0043,0.0529,"Toledo, OH"
616,Lucas County,OH,202401,1036.14,0.0088,0.0553,"Toledo, OH"
616,Lucas County,OH,202402,1040.36,0.0041,0.0523,"Toledo, OH"
616,Lucas County,OH,202403,1047.6,0.007,0.0441,"Toledo, OH"
616,Lucas County,OH,202404,1054.56,0.0066,0.0437,"Toledo, OH"
616,Lucas County,OH,202405,1063.92,0.0089,0.0478,"Toledo, OH"
616,Lucas County,OH,202406,1073.87,0.0093,0.0585,"Toledo, OH"
616,Lucas County,OH,202407,1077.93,0.0038,0.0525,"Toledo, OH"
616,Lucas County,OH,202408,1086.03,0.0075,0.0551,"Toledo, OH"
616,Lucas County,OH,202409,1085.26,-0.0007,0.0527,"Toledo, OH"
616,Lucas County,OH,202410,1088.01,0.0025,0.0605,"Toledo, OH"
616,Lucas County,OH,202411,1084.89,-0.0029,0.0607,"Toledo, OH"
616,Lucas County,OH,202412,1088.01,0.0029,0.0593,"Toledo, OH"
616,Lucas County,OH,202501,1090.99,0.0027,0.0529,"Toledo, OH"
616,Lucas County,OH,202502,1096.87,0.0054,0.0543,"Toledo, OH"
616,Lucas County,OH,202503,1100.82,0.0036,0.0508,"Toledo, OH"
616,Lucas County,OH,202504,1107.41,0.006,0.0501,"Toledo, OH"
616,Lucas County,OH,202505,1109.85,0.0022,0.0432,"Toledo, OH"
616,Lucas County,OH,202506,1111.04,0.0011,0.0346,"Toledo, OH"
616,Lucas County,OH,202507,1108.74,-0.0021,0.0286,"Toledo, OH"
616,Lucas County,OH,202508,1115.97,0.0065,0.0276,"Toledo, OH"
616,Lucas County,OH,202509,1118.99,0.0027,0.0311,"Toledo, OH"
616,Lucas County,OH,202510,1128.45,0.0085,0.0372,"Toledo, OH"
616,Lucas County,OH,202511,1133.62,0.0046,0.0449,"Toledo, OH"
616,Lucas County,OH,202512,1142.6,0.0079,0.0502,"Toledo, OH"
616,Lucas County,OH,202601,1144.36,0.0015,0.0489,"Toledo, OH"
616,Lucas County,OH,202602,1145.89,0.0013,0.0447,"Toledo, OH"
616,Lucas County,OH,202603,1144.83,-0.0009,0.04,"Toledo, OH"
616,Lucas County,OH,202604,1145.43,0.0005,0.0343,"Toledo, OH"
616,Lucas County,OH,202605,1154.52,0.0079,0.0402,"Toledo, OH"
616,Lucas County,OH,202606,1164.12,0.0083,0.0478,"Toledo, OH"
616,Lucas County,OH,202607,1174.63,0.009,0.0594,"Toledo, OH"
616,Lucas County,OH,202608,1180.14,0.0047,0.0575,"Toledo, OH"
641,Miami County,OH,201801,837.52,,,"Dayton-Kettering, OH"
641,Miami County,OH,201802,846.97,0.0113,,"Dayton-Kettering, OH"
641,Miami County,OH,201803,849.46,0.0029,,"Dayton-Kettering, OH"
641,Miami County,OH,201804,851.35,0.0022,,"Dayton-Kettering, OH"
641,Miami County,OH,201805,856.66,0.0062,,"Dayton-Kettering, OH"
641,Miami County,OH,201806,854.2,-0.0029,,"Dayton-Kettering, OH"
641,Miami County,OH,201807,854.88,0.0008,,"Dayton-Kettering, OH"
641,Miami County,OH,201808,860.35,0.0064,,"Dayton-Kettering, OH"
641,Miami County,OH,201809,867.53,0.0083,,"Dayton-Kettering, OH"
641,Miami County,OH,201810,863.43,-0.0047,,"Dayton-Kettering, OH"
641,Miami County,OH,201811,868.22,0.0055,,"Dayton-Kettering, OH"
641,Miami County,OH,201812,876.69,0.0098,,"Dayton-Kettering, OH"
641,Miami County,OH,201901,878.31,0.0018,0.0487,"Dayton-Kettering, OH"
641,Miami County,OH,201902,881.1,0.0032,0.0403,"Dayton-Kettering, OH"
641,Miami County,OH,201903,874.63,-0.0073,0.0296,"Dayton-Kettering, OH"
641,Miami County,OH,201904,893.4,0.0215,0.0494,"Dayton-Kettering, OH"
641,Miami County,OH,201905,896.12,0.003,0.0461,"Dayton-Kettering, OH"
641,Miami County,OH,201906,908.73,0.0141,0.0638,"Dayton-Kettering, OH"
641,Miami County,OH,201907,911.1,0.0026,0.0658,"Dayton-Kettering, OH"
641,Miami County,OH,201908,915.93,0.0053,0.0646,"Dayton-Kettering, OH"
641,Miami County,OH,201909,908.13,-0.0085,0.0468,"Dayton-Kettering, OH"
641,Miami County,OH,201910,896.67,-0.0126,0.0385,"Dayton-Kettering, OH"
641,Miami County,OH,201911,891.61,-0.0056,0.0269,"Dayton-Kettering, OH"
641,Miami County,OH,201912,902.37,0.0121,0.0293,"Dayton-Kettering, OH"
641,Miami County,OH,202001,910.01,0.0085,0.0361,"Dayton-Kettering, OH"
641,Miami County,OH,202002,930.95,0.023,0.0566,"Dayton-Kettering, OH"
641,Miami County,OH,202003,933.13,0.0023,0.0669,"Dayton-Kettering, OH"
641,Miami County,OH,202004,949.03,0.017,0.0623,"Dayton-Kettering, OH"
641,Miami County,OH,202005,941.77,-0.0076,0.0509,"Dayton-Kettering, OH"
641,Miami County,OH,202006,944.18,0.0026,0.039,"Dayton-Kettering, OH"
641,Miami County,OH,202007,947.98,0.004,0.0405,"Dayton-Kettering, OH"
641,Miami County,OH,202008,966.88,0.0199,0.0556,"Dayton-Kettering, OH"
641,Miami County,OH,202009,965.95,-0.001,0.0637,"Dayton-Kettering, OH"
641,Miami County,OH,202010,964.34,-0.0017,0.0755,"Dayton-Kettering, OH"
641,Miami County,OH,202011,954.57,-0.0101,0.0706,"Dayton-Kettering, OH"
641,Miami County,OH,202012,956.81,0.0023,0.0603,"Dayton-Kettering, OH"
641,Miami County,OH,202101,970.41,0.0142,0.0664,"Dayton-Kettering, OH"
641,Miami County,OH,202103,1020.46,0.0516,0.0961,"Dayton-Kettering, OH"
641,Miami County,OH,202104,1032.12,0.0114,0.1061,"Dayton-Kettering, OH"
641,Miami County,OH,202105,1032.66,0.0005,0.0881,"Dayton-Kettering, OH"
641,Miami County,OH,202106,1042.97,0.01,0.1075,"Dayton-Kettering, OH"
641,Miami County,OH,202107,1052.4,0.009,0.1146,"Dayton-Kettering, OH"
641,Miami County,OH,202108,1047.78,-0.0044,0.1053,"Dayton-Kettering, OH"
641,Miami County,OH,202109,1063.61,0.0151,0.1001,"Dayton-Kettering, OH"
641,Miami County,OH,202110,1067.23,0.0034,0.1049,"Dayton-Kettering, OH"
641,Miami County,OH,202111,1092.72,0.0239,0.1331,"Dayton-Kettering, OH"
641,Miami County,OH,202112,1087.4,-0.0049,0.1391,"Dayton-Kettering, OH"
641,Miami County,OH,202201,1102.69,0.0141,0.1525,"Dayton-Kettering, OH"
641,Miami County,OH,202202,1098.16,-0.0041,0.1317,"Dayton-Kettering, OH"
641,Miami County,OH,202203,1108.83,0.0097,0.0866,"Dayton-Kettering, OH"
641,Miami County,OH,202204,1109.33,0.0005,0.0748,"Dayton-Kettering, OH"
641,Miami County,OH,202205,1128.96,0.0177,0.0933,"Dayton-Kettering, OH"
641,Miami County,OH,202206,1139.93,0.0097,0.093,"Dayton-Kettering, OH"
641,Miami County,OH,202207,1145.07,0.0045,0.0881,"Dayton-Kettering, OH"
641,Miami County,OH,202208,1152.23,0.0063,0.0997,"Dayton-Kettering, OH"
641,Miami County,OH,202209,1156.3,0.0035,0.0871,"Dayton-Kettering, OH"
641,Miami County,OH,202210,1168.13,0.0102,0.0945,"Dayton-Kettering, OH"
641,Miami County,OH,202211,1176.74,0.0074,0.0769,"Dayton-Kettering, OH"
641,Miami County,OH,202212,1182.1,0.0046,0.0871,"Dayton-Kettering, OH"
641,Miami County,OH,202301,1180.97,-0.0009,0.071,"Dayton-Kettering, OH"
641,Miami County,OH,202302,1186.46,0.0046,0.0804,"Dayton-Kettering, OH"
641,Miami County,OH,202303,1190.62,0.0035,0.0738,"Dayton-Kettering, OH"
641,Miami County,OH,202304,1198.38,0.0065,0.0803,"Dayton-Kettering, OH"
641,Miami County,OH,202305,1189.17,-0.0077,0.0533,"Dayton-Kettering, OH"
641,Miami County,OH,202306,1200.07,0.0092,0.0528,"Dayton-Kettering, OH"
641,Miami County,OH,202307,1207.63,0.0063,0.0546,"Dayton-Kettering, OH"
641,Miami County,OH,202308,1220.5,0.0107,0.0592,"Dayton-Kettering, OH"
641,Miami County,OH,202309,1223.68,0.0026,0.0583,"Dayton-Kettering, OH"
641,Miami County,OH,202310,1224.21,0.0004,0.048,"Dayton-Kettering, OH"
641,Miami County,OH,202311,1237.3,0.0107,0.0515,"Dayton-Kettering, OH"
641,Miami County,OH,202312,1237.21,-0.0001,0.0466,"Dayton-Kettering, OH"
641,Miami County,OH,202401,1244.3,0.0057,0.0536,"Dayton-Kettering, OH"
641,Miami County,OH,202402,1248.86,0.0037,0.0526,"Dayton-Kettering, OH"
641,Miami County,OH,202403,1262.88,0.0112,0.0607,"Dayton-Kettering, OH"
641,Miami County,OH,202404,1267.88,0.004,0.058,"Dayton-Kettering, OH"
641,Miami County,OH,202405,1273.88,0.0047,0.0712,"Dayton-Kettering, OH"
641,Miami County,OH,202406,1275.29,0.0011,0.0627,"Dayton-Kettering, OH"
641,Miami County,OH,202407,1283.78,0.0067,0.0631,"Dayton-Kettering, OH"
641,Miami County,OH,202408,1281.41,-0.0018,0.0499,"Dayton-Kettering, OH"
641,Miami County,OH,202409,1286.44,0.0039,0.0513,"Dayton-Kettering, OH"
641,Miami County,OH,202410,1281.72,-0.0037,0.047,"Dayton-Kettering, OH"
641,Miami County,OH,202411,1291.03,0.0073,0.0434,"Dayton-Kettering, OH"
641,Miami County,OH,202412,1281.73,-0.0072,0.036,"Dayton-Kettering, OH"
641,Miami County,OH,202501,1295.04,0.0104,0.0408,"Dayton-Kettering, OH"
641,Miami County,OH,202502,1287.1,-0.0061,0.0306,"Dayton-Kettering, OH"
641,Miami County,OH,202503,1291.94,0.0038,0.023,"Dayton-Kettering, OH"
641,Miami County,OH,202504,1291.37,-0.0004,0.0185,"Dayton-Kettering, OH"
641,Miami County,OH,202505,1307.06,0.0121,0.026,"Dayton-Kettering, OH"
641,Miami County,OH,202506,1339.99,0.0252,0.0507,"Dayton-Kettering, OH"
641,Miami County,OH,202507,1356.45,0.0123,0.0566,"Dayton-Kettering, OH"
641,Miami County,OH,202508,1360.52,0.003,0.0617,"Dayton-Kettering, OH"
641,Miami County,OH,202509,1341.85,-0.0137,0.0431,"Dayton-Kettering, OH"
641,Miami County,OH,202510,1338.02,-0.0029,0.0439,"Dayton-Kettering, OH"
641,Miami County,OH,202511,1345.95,0.0059,0.0425,"Dayton-Kettering, OH"
641,Miami County,OH,202512,1351.85,0.0044,0.0547,"Dayton-Kettering, OH"
641,Miami County,OH,202601,1344.47,-0.0055,0.0382,"Dayton-Kettering, OH"
641,Miami County,OH,202602,1343.19,-0.001,0.0436,"Dayton-Kettering, OH"
641,Miami County,OH,202603,1347.41,0.0031,0.0429,"Dayton-Kettering, OH"
641,Miami County,OH,202604,1353.64,0.0046,0.0482,"Dayton-Kettering, OH"
641,Miami County,OH,202605,1350.47,-0.0023,0.0332,"Dayton-Kettering, OH"
641,Miami County,OH,202606,1356.75,0.0047,0.0125,"Dayton-Kettering, OH"
641,Miami County,OH,202607,1369.17,0.0092,0.0094,"Dayton-Kettering, OH"
641,Miami County,OH,202608,1372.86,0.0027,0.0091,"Dayton-Kettering, OH"
730,Stark County,OH,201501,628.68,,,"Canton-Massillon, OH"
730,Stark County,OH,201502,633.95,0.0084,,"Canton-Massillon, OH"
730,Stark County,OH,201503,636.89,0.0046,,"Canton-Massillon, OH"
730,Stark County,OH,201504,644.27,0.0116,,"Canton-Massillon, OH"
730,Stark County,OH,201505,642.17,-0.0033,,"Canton-Massillon, OH"
730,Stark County,OH,201506,640.8,-0.0021,,"Canton-Massillon, OH"
730,Stark County,OH,201507,638.16,-0.0041,,"Canton-Massillon, OH"
730,Stark County,OH,201508,643.82,0.0089,,"Canton-Massillon, OH"
730,Stark County,OH,201509,644.03,0.0003,,"Canton-Massillon, OH"
730,Stark County,OH,201510,648.04,0.0062,,"Canton-Massillon, OH"
730,Stark County,OH,201511,646.96,-0.0017,,"Canton-Massillon, OH"
730,Stark County,OH,201512,646.17,-0.0012,,"Canton-Massillon, OH"
730,Stark County,OH,201601,647.06,0.0014,0.0292,"Canton-Massillon, OH"
730,Stark County,OH,201602,649.17,0.0033,0.024,"Canton-Massillon, OH"
730,Stark County,OH,201603,650.23,0.0016,0.0209,"Canton-Massillon, OH"
730,Stark County,OH,201604,647.97,-0.0035,0.0057,"Canton-Massillon, OH"
730,Stark County,OH,201605,651.95,0.0061,0.0152,"Canton-Massillon, OH"
730,Stark County,OH,201606,656.44,0.0069,0.0244,"Canton-Massillon, OH"
730,Stark County,OH,201607,653.6,-0.0043,0.0242,"Canton-Massillon, OH"
730,Stark County,OH,201608,646.48,-0.0109,0.0041,"Canton-Massillon, OH"
730,Stark County,OH,201609,645.19,-0.002,0.0018,"Canton-Massillon, OH"
730,Stark County,OH,201610,654.62,0.0146,0.0102,"Canton-Massillon, OH"
730,Stark County,OH,201611,652.32,-0.0035,0.0083,"Canton-Massillon, OH"
730,Stark County,OH,201612,649.46,-0.0044,0.0051,"Canton-Massillon, OH"
730,Stark County,OH,201701,645.79,-0.0056,-0.002,"Canton-Massillon, OH"
730,Stark County,OH,201702,654.22,0.013,0.0078,"Canton-Massillon, OH"
730,Stark County,OH,201703,662.69,0.013,0.0192,"Canton-Massillon, OH"
730,Stark County,OH,201704,669.72,0.0106,0.0336,"Canton-Massillon, OH"
730,Stark County,OH,201705,674.95,0.0078,0.0353,"Canton-Massillon, OH"
730,Stark County,OH,201706,680.59,0.0084,0.0368,"Canton-Massillon, OH"
730,Stark County,OH,201707,683.29,0.004,0.0454,"Canton-Massillon, OH"
730,Stark County,OH,201708,680.9,-0.0035,0.0532,"Canton-Massillon, OH"
730,Stark County,OH,201709,679.96,-0.0014,0.0539,"Canton-Massillon, OH"
730,Stark County,OH,201710,675.38,-0.0067,0.0317,"Canton-Massillon, OH"
730,Stark County,OH,201711,677.98,0.0038,0.0393,"Canton-Massillon, OH"
730,Stark County,OH,201712,677.94,-0.0001,0.0439,"Canton-Massillon, OH"
730,Stark County,OH,201801,677.99,0.0001,0.0499,"Canton-Massillon, OH"
730,Stark County,OH,201802,677.73,-0.0004,0.0359,"Canton-Massillon, OH"
730,Stark County,OH,201803,681.3,0.0053,0.0281,"Canton-Massillon, OH"
730,Stark County,OH,201804,684.77,0.0051,0.0225,"Canton-Massillon, OH"
730,Stark County,OH,201805,690.48,0.0083,0.023,"Canton-Massillon, OH"
730,Stark County,OH,201806,694.12,0.0053,0.0199,"Canton-Massillon, OH"
730,Stark County,OH,201807,697.82,0.0053,0.0213,"Canton-Massillon, OH"
730,Stark County,OH,201808,696.79,-0.0015,0.0233,"Canton-Massillon, OH"
730,Stark County,OH,201809,695.84,-0.0014,0.0233,"Canton-Massillon, OH"
730,Stark County,OH,201810,692.81,-0.0044,0.0258,"Canton-Massillon, OH"
730,Stark County,OH,201811,696.62,0.0055,0.0275,"Canton-Massillon, OH"
730,Stark County,OH,201812,696.2,-0.0006,0.0269,"Canton-Massillon, OH"
730,Stark County,OH,201901,704.39,0.0118,0.0389,"Canton-Massillon, OH"
730,Stark County,OH,201902,705.53,0.0016,0.041,"Canton-Massillon, OH"
730,Stark County,OH,201903,715.05,0.0135,0.0495,"Canton-Massillon, OH"
730,Stark County,OH,201904,716.9,0.0026,0.0469,"Canton-Massillon, OH"
730,Stark County,OH,201905,723.04,0.0086,0.0471,"Canton-Massillon, OH"
730,Stark County,OH,201906,719.02,-0.0056,0.0359,"Canton-Massillon, OH"
730,Stark County,OH,201907,719.82,0.0011,0.0315,"Canton-Massillon, OH"
730,Stark County,OH,201908,717.4,-0.0034,0.0296,"Canton-Massillon, OH"
730,Stark County,OH,201909,716.73,-0.0009,0.03,"Canton-Massillon, OH"
730,Stark County,OH,201910,717.02,0.0004,0.035,"Canton-Massillon, OH"
730,Stark County,OH,201911,722.75,0.008,0.0375,"Canton-Massillon, OH"
730,Stark County,OH,201912,726.17,0.0047,0.043,"Canton-Massillon, OH"
730,Stark County,OH,202001,731.01,0.0067,0.0378,"Canton-Massillon, OH"
730,Stark County,OH,202002,732.54,0.0021,0.0383,"Canton-Massillon, OH"
730,Stark County,OH,202003,742.2,0.0132,0.038,"Canton-Massillon, OH"
730,Stark County,OH,202004,750.88,0.0117,0.0474,"Canton-Massillon, OH"
730,Stark County,OH,202005,758.73,0.0105,0.0494,"Canton-Massillon, OH"
730,Stark County,OH,202006,759.23,0.0007,0.0559,"Canton-Massillon, OH"
730,Stark County,OH,202007,765.91,0.0088,0.064,"Canton-Massillon, OH"
730,Stark County,OH,202008,769.19,0.0043,0.0722,"Canton-Massillon, OH"
730,Stark County,OH,202009,777.29,0.0105,0.0845,"Canton-Massillon, OH"
730,Stark County,OH,202010,775.93,-0.0017,0.0822,"Canton-Massillon, OH"
730,Stark County,OH,202011,772.13,-0.0049,0.0683,"Canton-Massillon, OH"
730,Stark County,OH,202012,774.04,0.0025,0.0659,"Canton-Massillon, OH"
730,Stark County,OH,202101,780.33,0.0081,0.0675,"Canton-Massillon, OH"
730,Stark County,OH,202102,791.85,0.0148,0.081,"Canton-Massillon, OH"
730,Stark County,OH,202103,803.45,0.0147,0.0825,"Canton-Massillon, OH"
730,Stark County,OH,202104,806.56,0.0039,0.0742,"Canton-Massillon, OH"
730,Stark County,OH,202105,816.15,0.0119,0.0757,"Canton-Massillon, OH"
730,Stark County,OH,202106,818.06,0.0023,0.0775,"Canton-Massillon, OH"
730,Stark County,OH,202107,826.5,0.0103,0.0791,"Canton-Massillon, OH"
730,Stark County,OH,202108,832.8,0.0076,0.0827,"Canton-Massillon, OH"
730,Stark County,OH,202109,836.43,0.0044,0.0761,"Canton-Massillon, OH"
730,Stark County,OH,202110,844.89,0.0101,0.0889,"Canton-Massillon, OH"
730,Stark County,OH,202111,852.51,0.009,0.1041,"Canton-Massillon, OH"
730,Stark County,OH,202112,858.41,0.0069,0.109,"Canton-Massillon, OH"
730,Stark County,OH,202201,859.12,0.0008,0.101,"Canton-Massillon, OH"
730,Stark County,OH,202202,856.66,-0.0029,0.0819,"Canton-Massillon, OH"
730,Stark County,OH,202203,875.22,0.0217,0.0893,"Canton-Massillon, OH"
730,Stark County,OH,202204,890.33,0.0173,0.1039,"Canton-Massillon, OH"
730,Stark County,OH,202205,908.04,0.0199,0.1126,"Canton-Massillon, OH"
730,Stark County,OH,202206,917.2,0.0101,0.1212,"Canton-Massillon, OH"
730,Stark County,OH,202207,929.01,0.0129,0.124,"Canton-Massillon, OH"
730,Stark County,OH,202208,935.23,0.0067,0.123,"Canton-Massillon, OH"
730,Stark County,OH,202209,939.39,0.0044,0.1231,"Canton-Massillon, OH"
730,Stark County,OH,202210,938.7,-0.0007,0.111,"Canton-Massillon, OH"
730,Stark County,OH,202211,941.35,0.0028,0.1042,"Canton-Massillon, OH"
730,Stark County,OH,202212,936.31,-0.0053,0.0908,"Canton-Massillon, OH"
730,Stark County,OH,202301,942.01,0.0061,0.0965,"Canton-Massillon, OH"
730,Stark County,OH,202302,946.2,0.0045,0.1045,"Canton-Massillon, OH"
730,Stark County,OH,202303,955.18,0.0095,0.0914,"Canton-Massillon, OH"
730,Stark County,OH,202304,962.69,0.0079,0.0813,"Canton-Massillon, OH"
730,Stark County,OH,202305,969.02,0.0066,0.0672,"Canton-Massillon, OH"
730,Stark County,OH,202306,977.21,0.0085,0.0654,"Canton-Massillon, OH"
730,Stark County,OH,202307,979.14,0.002,0.054,"Canton-Massillon, OH"
730,Stark County,OH,202308,983.39,0.0043,0.0515,"Canton-Massillon, OH"
730,Stark County,OH,202309,983.34,-0.0,0.0468,"Canton-Massillon, OH"
730,Stark County,OH,202310,992.14,0.0089,0.0569,"Canton-Massillon, OH"
730,Stark County,OH,202311,995.59,0.0035,0.0576,"Canton-Massillon, OH"
730,Stark County,OH,202312,1007.57,0.012,0.0761,"Canton-Massillon, OH"
730,Stark County,OH,202401,1008.14,0.0006,0.0702,"Canton-Massillon, OH"
730,Stark County,OH,202402,1016.1,0.0079,0.0739,"Canton-Massillon, OH"
730,Stark County,OH,202403,1014.96,-0.0011,0.0626,"Canton-Massillon, OH"
730,Stark County,OH,202404,1025.18,0.0101,0.0649,"Canton-Massillon, OH"
730,Stark County,OH,202405,1030.96,0.0056,0.0639,"Canton-Massillon, OH"
730,Stark County,OH,202406,1035.98,0.0049,0.0601,"Canton-Massillon, OH"
730,Stark County,OH,202407,1038.13,0.0021,0.0602,"Canton-Massillon, OH"
730,Stark County,OH,202408,1040.03,0.0018,0.0576,"Canton-Massillon, OH"
730,Stark County,OH,202409,1038.82,-0.0012,0.0564,"Canton-Massillon, OH"
730,Stark County,OH,202410,1040.75,0.0019,0.049,"Canton-Massillon, OH"
730,Stark County,OH,202411,1048.68,0.0076,0.0533,"Canton-Massillon, OH"
730,Stark County,OH,202412,1050.12,0.0014,0.0422,"Canton-Massillon, OH"
730,Stark County,OH,202501,1053.55,0.0033,0.045,"Canton-Massillon, OH"
730,Stark County,OH,202502,1054.64,0.001,0.0379,"Canton-Massillon, OH"
730,Stark County,OH,202503,1066.67,0.0114,0.0509,"Canton-Massillon, OH"
730,Stark County,OH,202504,1073.89,0.0068,0.0475,"Canton-Massillon, OH"
730,Stark County,OH,202505,1076.47,0.0024,0.0441,"Canton-Massillon, OH"
730,Stark County,OH,202506,1081.21,0.0044,0.0437,"Canton-Massillon, OH"
730,Stark County,OH,202507,1077.18,-0.0037,0.0376,"Canton-Massillon, OH"
730,Stark County,OH,202508,1084.71,0.007,0.043,"Canton-Massillon, OH"
730,Stark County,OH,202509,1084.25,-0.0004,0.0437,"Canton-Massillon, OH"
730,Stark County,OH,202510,1088.6,0.004,0.046,"Canton-Massillon, OH"
730,Stark County,OH,202511,1087.86,-0.0007,0.0374,"Canton-Massillon, OH"
730,Stark County,OH,202512,1087.9,0.0,0.036,"Canton-Massillon, OH"
730,Stark County,OH,202601,1089.58,0.0015,0.0342,"Canton-Massillon, OH"
730,Stark County,OH,202602,1091.6,0.0019,0.035,"Canton-Massillon, OH"
730,Stark County,OH,202603,1098.18,0.006,0.0295,"Canton-Massillon, OH"
730,Stark County,OH,202604,1105.89,0.007,0.0298,"Canton-Massillon, OH"
730,Stark County,OH,202605,1114.6,0.0079,0.0354,"Canton-Massillon, OH"
730,Stark County,OH,202606,1121.65,0.0063,0.0374,"Canton-Massillon, OH"
730,Stark County,OH,202607,1133.52,0.0106,0.0523,"Canton-Massillon, OH"
730,Stark County,OH,202608,1131.01,-0.0022,0.0427,"Canton-Massillon, OH"
773,Union County,OH,202201,1286.57,,,"Columbus, OH"
773,Union County,OH,202202,1301.96,0.012,,"Columbus, OH"
773,Union County,OH,202203,1327.36,0.0195,,"Columbus, OH"
773,Union County,OH,202204,1356.84,0.0222,,"Columbus, OH"
773,Union County,OH,202205,1397.81,0.0302,,"Columbus, OH"
773,Union County,OH,202206,1416.97,0.0137,,"Columbus, OH"
773,Union County,OH,202207,1469.47,0.0371,,"Columbus, OH"
773,Union County,OH,202208,1463.88,-0.0038,,"Columbus, OH"
773,Union County,OH,202209,1479.12,0.0104,,"Columbus, OH"
773,Union County,OH,202210,1468.99,-0.0068,,"Columbus, OH"
773,Union County,OH,202211,1471.38,0.0016,,"Columbus, OH"
773,Union County,OH,202212,1474.76,0.0023,,"Columbus, OH"
773,Union County,OH,202301,1463.77,-0.0075,0.1377,"Columbus, OH"
773,Union County,OH,202302,1457.54,-0.0043,0.1195,"Columbus, OH"
773,Union County,OH,202303,1459.35,0.0012,0.0994,"Columbus, OH"
773,Union County,OH,202304,1478.84,0.0134,0.0899,"Columbus, OH"
773,Union County,OH,202305,1509.82,0.0209,0.0801,"Columbus, OH"
773,Union County,OH,202306,1525.71,0.0105,0.0767,"Columbus, OH"
773,Union County,OH,202307,1537.97,0.008,0.0466,"Columbus, OH"
773,Union County,OH,202308,1545.27,0.0047,0.0556,"Columbus, OH"
773,Union County,OH,202309,1562.18,0.0109,0.0562,"Columbus, OH"
773,Union County,OH,202310,1545.18,-0.0109,0.0519,"Columbus, OH"
773,Union County,OH,202311,1543.83,-0.0009,0.0492,"Columbus, OH"
773,Union County,OH,202312,1540.74,-0.002,0.0447,"Columbus, OH"
773,Union County,OH,202401,1543.76,0.002,0.0547,"Columbus, OH"
773,Union County,OH,202402,1573.0,0.0189,0.0792,"Columbus, OH"
773,Union County,OH,202403,1580.83,0.005,0.0832,"Columbus, OH"
773,Union County,OH,202404,1618.09,0.0236,0.0942,"Columbus, OH"
773,Union County,OH,202405,1622.72,0.0029,0.0748,"Columbus, OH"
773,Union County,OH,202406,1643.29,0.0127,0.0771,"Columbus, OH"
773,Union County,OH,202407,1645.07,0.0011,0.0696,"Columbus, OH"
773,Union County,OH,202408,1651.2,0.0037,0.0686,"Columbus, OH"
773,Union County,OH,202409,1645.54,-0.0034,0.0534,"Columbus, OH"
773,Union County,OH,202410,1661.86,0.0099,0.0755,"Columbus, OH"
773,Union County,OH,202411,1651.71,-0.0061,0.0699,"Columbus, OH"
773,Union County,OH,202412,1635.91,-0.0096,0.0618,"Columbus, OH"
773,Union County,OH,202501,1621.54,-0.0088,0.0504,"Columbus, OH"
773,Union County,OH,202502,1614.33,-0.0044,0.0263,"Columbus, OH"
773,Union County,OH,202503,1635.96,0.0134,0.0349,"Columbus, OH"
773,Union County,OH,202504,1634.04,-0.0012,0.0099,"Columbus, OH"
773,Union County,OH,202505,1648.77,0.009,0.016,"Columbus, OH"
773,Union County,OH,202506,1642.4,-0.0039,-0.0005,"Columbus, OH"
773,Union County,OH,202507,1648.0,0.0034,0.0018,"Columbus, OH"
773,Union County,OH,202508,1661.97,0.0085,0.0065,"Columbus, OH"
773,Union County,OH,202509,1685.82,0.0143,0.0245,"Columbus, OH"
773,Union County,OH,202510,1697.32,0.0068,0.0213,"Columbus, OH"
773,Union County,OH,202511,1679.54,-0.0105,0.0168,"Columbus, OH"
773,Union County,OH,202512,1653.71,-0.0154,0.0109,"Columbus, OH"
773,Union County,OH,202601,1636.01,-0.0107,0.0089,"Columbus, OH"
773,Union County,OH,202602,1631.66,-0.0027,0.0107,"Columbus, OH"
773,Union County,OH,202603,1631.88,0.0001,-0.0025,"Columbus, OH"
773,Union County,OH,202604,1625.16,-0.0041,-0.0054,"Columbus, OH"
773,Union County,OH,202605,1626.17,0.0006,-0.0137,"Columbus, OH"
773,Union County,OH,202606,1631.3,0.0032,-0.0068,"Columbus, OH"
773,Union County,OH,202607,1643.37,0.0074,-0.0028,"Columbus, OH"
773,Union County,OH,202608,1647.75,0.0027,-0.0086,"Columbus, OH"
797,Wayne County,OH,202206,1066.73,,,"Wooster, OH"
797,Wayne County,OH,202207,1073.89,0.0067,,"Wooster, OH"
797,Wayne County,OH,202208,1099.26,0.0236,,"Wooster, OH"
797,Wayne County,OH,202209,1133.33,0.031,,"Wooster, OH"
797,Wayne County,OH,202210,1142.28,0.0079,,"Wooster, OH"
797,Wayne County,OH,202211,1128.08,-0.0124,,"Wooster, OH"
797,Wayne County,OH,202212,1110.06,-0.016,,"Wooster, OH"
797,Wayne County,OH,202301,1109.35,-0.0006,,"Wooster, OH"
797,Wayne County,OH,202302,1126.17,0.0152,,"Wooster, OH"
797,Wayne County,OH,202303,1151.85,0.0228,,"Wooster, OH"
797,Wayne County,OH,202304,1157.36,0.0048,,"Wooster, OH"
797,Wayne County,OH,202305,1170.25,0.0111,,"Wooster, OH"
797,Wayne County,OH,202306,1164.61,-0.0048,0.0918,"Wooster, OH"
797,Wayne County,OH,202307,1184.64,0.0172,0.1031,"Wooster, OH"
797,Wayne County,OH,202308,1193.09,0.0071,0.0854,"Wooster, OH"
797,Wayne County,OH,202309,1203.83,0.009,0.0622,"Wooster, OH"
797,Wayne County,OH,202310,1208.94,0.0042,0.0584,"Wooster, OH"
797,Wayne County,OH,202311,1204.07,-0.004,0.0674,"Wooster, OH"
797,Wayne County,OH,202312,1203.51,-0.0005,0.0842,"Wooster, OH"
797,Wayne County,OH,202401,1198.44,-0.0042,0.0803,"Wooster, OH"
797,Wayne County,OH,202402,1203.55,0.0043,0.0687,"Wooster, OH"
797,Wayne County,OH,202403,1196.65,-0.0057,0.0389,"Wooster, OH"
797,Wayne County,OH,202404,1223.53,0.0225,0.0572,"Wooster, OH"
797,Wayne County,OH,202405,1242.39,0.0154,0.0616,"Wooster, OH"
797,Wayne County,OH,202406,1266.94,0.0198,0.0879,"Wooster, OH"
797,Wayne County,OH,202407,1273.26,0.005,0.0748,"Wooster, OH"
797,Wayne County,OH,202408,1265.33,-0.0062,0.0606,"Wooster, OH"
797,Wayne County,OH,202409,1269.26,0.0031,0.0544,"Wooster, OH"
797,Wayne County,OH,202410,1259.88,-0.0074,0.0421,"Wooster, OH"
797,Wayne County,OH,202411,1274.02,0.0112,0.0581,"Wooster, OH"
797,Wayne County,OH,202412,1284.54,0.0083,0.0673,"Wooster, OH"
797,Wayne County,OH,202501,1277.96,-0.0051,0.0664,"Wooster, OH"
797,Wayne County,OH,202502,1274.63,-0.0026,0.0591,"Wooster, OH"
797,Wayne County,OH,202503,1251.74,-0.018,0.046,"Wooster, OH"
797,Wayne County,OH,202504,1260.12,0.0067,0.0299,"Wooster, OH"
797,Wayne County,OH,202505,1266.77,0.0053,0.0196,"Wooster, OH"
797,Wayne County,OH,202506,1287.01,0.016,0.0158,"Wooster, OH"
797,Wayne County,OH,202507,1291.14,0.0032,0.014,"Wooster, OH"
797,Wayne County,OH,202508,1309.68,0.0144,0.035,"Wooster, OH"
797,Wayne County,OH,202509,1326.85,0.0131,0.0454,"Wooster, OH"
797,Wayne County,OH,202510,1327.28,0.0003,0.0535,"Wooster, OH"
797,Wayne County,OH,202511,1315.45,-0.0089,0.0325,"Wooster, OH"
797,Wayne County,OH,202512,1298.65,-0.0128,0.011,"Wooster, OH"
797,Wayne County,OH,202601,1311.6,0.01,0.0263,"Wooster, OH"
797,Wayne County,OH,202602,1338.43,0.0205,0.0501,"Wooster, OH"
797,Wayne County,OH,202603,1334.47,-0.003,0.0661,"Wooster, OH"
797,Wayne County,OH,202604,1351.45,0.0127,0.0725,"Wooster, OH"
797,Wayne County,OH,202605,1339.88,-0.0086,0.0577,"Wooster, OH"
797,Wayne County,OH,202606,1358.78,0.0141,0.0558,"Wooster, OH"
797,Wayne County,OH,202607,1339.72,-0.014,0.0376,"Wooster, OH"
797,Wayne County,OH,202608,1353.91,0.0106,0.0338,"Wooster, OH"
841,Athens County,OH,202304,851.0,,,"Athens, OH"
841,Athens County,OH,202305,845.7,-0.0062,,"Athens, OH"
841,Athens County,OH,202306,876.42,0.0363,,"Athens, OH"
841,Athens County,OH,202307,886.77,0.0118,,"Athens, OH"
841,Athens County,OH,202308,896.98,0.0115,,"Athens, OH"
841,Athens County,OH,202309,910.55,0.0151,,"Athens, OH"
841,Athens County,OH,202310,921.73,0.0123,,"Athens, OH"
841,Athens County,OH,202311,939.85,0.0197,,"Athens, OH"
841,Athens County,OH,202312,919.73,-0.0214,,"Athens, OH"
841,Athens County,OH,202401,940.31,0.0224,,"Athens, OH"
841,Athens County,OH,202402,955.35,0.016,,"Athens, OH"
841,Athens County,OH,202403,968.87,0.0142,,"Athens, OH"
841,Athens County,OH,202404,945.41,-0.0242,0.1109,"Athens, OH"
841,Athens County,OH,202405,952.86,0.0079,0.1267,"Athens, OH"
841,Athens County,OH,202406,950.35,-0.0026,0.0844,"Athens, OH"
841,Athens County,OH,202407,955.35,0.0053,0.0773,"Athens, OH"
841,Athens County,OH,202408,936.38,-0.0199,0.0439,"Athens, OH"
841,Athens County,OH,202409,934.92,-0.0016,0.0268,"Athens, OH"
841,Athens County,OH,202410,966.68,0.034,0.0488,"Athens, OH"
841,Athens County,OH,202411,990.12,0.0242,0.0535,"Athens, OH"
841,Athens County,OH,202412,1002.3,0.0123,0.0898,"Athens, OH"
841,Athens County,OH,202501,972.45,-0.0298,0.0342,"Athens, OH"
841,Athens County,OH,202502,976.44,0.0041,0.0221,"Athens, OH"
841,Athens County,OH,202503,1003.6,0.0278,0.0358,"Athens, OH"
841,Athens County,OH,202504,1009.17,0.0055,0.0674,"Athens, OH"
841,Athens County,OH,202505,991.71,-0.0173,0.0408,"Athens, OH"
841,Athens County,OH,202506,980.01,-0.0118,0.0312,"Athens, OH"
841,Athens County,OH,202507,1039.86,0.0611,0.0885,"Athens, OH"
841,Athens County,OH,202508,1068.31,0.0274,0.1409,"Athens, OH"
841,Athens County,OH,202509,1068.06,-0.0002,0.1424,"Athens, OH"
841,Athens County,OH,202510,1013.26,-0.0513,0.0482,"Athens, OH"
841,Athens County,OH,202511,1034.59,0.021,0.0449,"Athens, OH"
841,Athens County,OH,202512,1069.84,0.0341,0.0674,"Athens, OH"
841,Athens County,OH,202601,1082.79,0.0121,0.1135,"Athens, OH"
841,Athens County,OH,202602,1052.4,-0.0281,0.0778,"Athens, OH"
841,Athens County,OH,202603,1047.49,-0.0047,0.0437,"Athens, OH"
841,Athens County,OH,202604,1050.78,0.0031,0.0412,"Athens, OH"
841,Athens County,OH,202605,1073.81,0.0219,0.0828,"Athens, OH"
841,Athens County,OH,202606,1070.77,-0.0028,0.0926,"Athens, OH"
841,Athens County,OH,202607,1075.59,0.0045,0.0344,"Athens, OH"
841,Athens County,OH,202608,1070.87,-0.0044,0.0024,"Athens, OH"
904,Butler County,OH,201501,891.02,,,"Cincinnati, OH-KY-IN"
904,Butler County,OH,201502,897.74,0.0075,,"Cincinnati, OH-KY-IN"
904,Butler County,OH,201503,907.89,0.0113,,"Cincinnati, OH-KY-IN"
904,Butler County,OH,201504,918.75,0.012,,"Cincinnati, OH-KY-IN"
904,Butler County,OH,201505,915.13,-0.0039,,"Cincinnati, OH-KY-IN"
904,Butler County,OH,201506,914.85,-0.0003,,"Cincinnati, OH-KY-IN"
904,Butler County,OH,201507,914.15,-0.0008,,"Cincinnati, OH-KY-IN"
904,Butler County,OH,201508,919.39,0.0057,,"Cincinnati, OH-KY-IN"
904,Butler County,OH,201509,921.2,0.002,,"Cincinnati, OH-KY-IN"
904,Butler County,OH,201510,917.96,-0.0035,,"Cincinnati, OH-KY-IN"
904,Butler County,OH,201511,925.87,0.0086,,"Cincinnati, OH-KY-IN"
904,Butler County,OH,201512,925.17,-0.0008,,"Cincinnati, OH-KY-IN"
904,Butler County,OH,201601,930.02,0.0052,0.0438,"Cincinnati, OH-KY-IN"
904,Butler County,OH,201602,922.35,-0.0082,0.0274,"Cincinnati, OH-KY-IN"
904,Butler County,OH,201603,926.1,0.0041,0.0201,"Cincinnati, OH-KY-IN"
904,Butler County,OH,201604,930.42,0.0047,0.0127,"Cincinnati, OH-KY-IN"
904,Butler County,OH,201605,940.61,0.011,0.0278,"Cincinnati, OH-KY-IN"
904,Butler County,OH,201606,946.97,0.0068,0.0351,"Cincinnati, OH-KY-IN"
904,Butler County,OH,201607,941.41,-0.0059,0.0298,"Cincinnati, OH-KY-IN"
904,Butler County,OH,201608,941.9,0.0005,0.0245,"Cincinnati, OH-KY-IN"
904,Butler County,OH,201609,939.05,-0.003,0.0194,"Cincinnati, OH-KY-IN"
904,Butler County,OH,201610,944.71,0.006,0.0291,"Cincinnati, OH-KY-IN"
904,Butler County,OH,201611,947.04,0.0025,0.0229,"Cincinnati, OH-KY-IN"
904,Butler County,OH,201612,953.97,0.0073,0.0311,"Cincinnati, OH-KY-IN"
904,Butler County,OH,201701,966.0,0.0126,0.0387,"Cincinnati, OH-KY-IN"
904,Butler County,OH,201702,965.64,-0.0004,0.0469,"Cincinnati, OH-KY-IN"
904,Butler County,OH,201703,965.53,-0.0001,0.0426,"Cincinnati, OH-KY-IN"
904,Butler County,OH,201704,965.87,0.0004,0.0381,"Cincinnati, OH-KY-IN"
904,Butler County,OH,201705,970.23,0.0045,0.0315,"Cincinnati, OH-KY-IN"
904,Butler County,OH,201706,974.08,0.004,0.0286,"Cincinnati, OH-KY-IN"
904,Butler County,OH,201707,975.95,0.0019,0.0367,"Cincinnati, OH-KY-IN"
904,Butler County,OH,201708,979.31,0.0034,0.0397,"Cincinnati, OH-KY-IN"
904,Butler County,OH,201709,979.01,-0.0003,0.0426,"Cincinnati, OH-KY-IN"
904,Butler County,OH,201710,971.11,-0.0081,0.0279,"Cincinnati, OH-KY-IN"
904,Butler County,OH,201711,970.31,-0.0008,0.0246,"Cincinnati, OH-KY-IN"
904,Butler County,OH,201712,976.96,0.0069,0.0241,"Cincinnati, OH-KY-IN"
904,Butler County,OH,201801,983.59,0.0068,0.0182,"Cincinnati, OH-KY-IN"
904,Butler County,OH,201802,988.66,0.0051,0.0238,"Cincinnati, OH-KY-IN"
904,Butler County,OH,201803,987.58,-0.0011,0.0228,"Cincinnati, OH-KY-IN"
904,Butler County,OH,201804,992.16,0.0046,0.0272,"Cincinnati, OH-KY-IN"
904,Butler County,OH,201805,994.73,0.0026,0.0253,"Cincinnati, OH-KY-IN"
904,Butler County,OH,201806,1000.33,0.0056,0.0269,"Cincinnati, OH-KY-IN"
904,Butler County,OH,201807,1002.61,0.0023,0.0273,"Cincinnati, OH-KY-IN"
904,Butler County,OH,201808,1004.65,0.002,0.0259,"Cincinnati, OH-KY-IN"
904,Butler County,OH,201809,1005.0,0.0003,0.0265,"Cincinnati, OH-KY-IN"
904,Butler County,OH,201810,1005.89,0.0009,0.0358,"Cincinnati, OH-KY-IN"
904,Butler County,OH,201811,1007.72,0.0018,0.0386,"Cincinnati, OH-KY-IN"
904,Butler County,OH,201812,1009.75,0.002,0.0336,"Cincinnati, OH-KY-IN"
904,Butler County,OH,201901,1016.76,0.0069,0.0337,"Cincinnati, OH-KY-IN"
904,Butler County,OH,201902,1022.84,0.006,0.0346,"Cincinnati, OH-KY-IN"
904,Butler County,OH,201903,1029.65,0.0067,0.0426,"Cincinnati, OH-KY-IN"
904,Butler County,OH,201904,1030.29,0.0006,0.0384,"Cincinnati, OH-KY-IN"
904,Butler County,OH,201905,1033.83,0.0034,0.0393,"Cincinnati, OH-KY-IN"
904,Butler County,OH,201906,1033.02,-0.0008,0.0327,"Cincinnati, OH-KY-IN"
904,Butler County,OH,201907,1036.11,0.003,0.0334,"Cincinnati, OH-KY-IN"
904,Butler County,OH,201908,1036.12,0.0,0.0313,"Cincinnati, OH-KY-IN"
904,Butler County,OH,201909,1040.71,0.0044,0.0355,"Cincinnati, OH-KY-IN"
904,Butler County,OH,201910,1038.4,-0.0022,0.0323,"Cincinnati, OH-KY-IN"
904,Butler County,OH,201911,1042.04,0.0035,0.0341,"Cincinnati, OH-KY-IN"
904,Butler County,OH,201912,1037.86,-0.004,0.0278,"Cincinnati, OH-KY-IN"
904,Butler County,OH,202001,1044.73,0.0066,0.0275,"Cincinnati, OH-KY-IN"
904,Butler County,OH,202002,1050.92,0.0059,0.0275,"Cincinnati, OH-KY-IN"
904,Butler County,OH,202003,1066.0,0.0143,0.0353,"Cincinnati, OH-KY-IN"
904,Butler County,OH,202004,1076.79,0.0101,0.0451,"Cincinnati, OH-KY-IN"
904,Butler County,OH,202005,1083.53,0.0063,0.0481,"Cincinnati, OH-KY-IN"
904,Butler County,OH,202006,1082.82,-0.0007,0.0482,"Cincinnati, OH-KY-IN"
904,Butler County,OH,202007,1085.96,0.0029,0.0481,"Cincinnati, OH-KY-IN"
904,Butler County,OH,202008,1088.25,0.0021,0.0503,"Cincinnati, OH-KY-IN"
904,Butler County,OH,202009,1091.59,0.0031,0.0489,"Cincinnati, OH-KY-IN"
904,Butler County,OH,202010,1097.63,0.0055,0.057,"Cincinnati, OH-KY-IN"
904,Butler County,OH,202011,1096.68,-0.0009,0.0524,"Cincinnati, OH-KY-IN"
904,Butler County,OH,202012,1102.37,0.0052,0.0622,"Cincinnati, OH-KY-IN"
904,Butler County,OH,202101,1110.72,0.0076,0.0632,"Cincinnati, OH-KY-IN"
904,Butler County,OH,202102,1126.24,0.014,0.0717,"Cincinnati, OH-KY-IN"
904,Butler County,OH,202103,1140.94,0.0131,0.0703,"Cincinnati, OH-KY-IN"
904,Butler County,OH,202104,1145.62,0.0041,0.0639,"Cincinnati, OH-KY-IN"
904,Butler County,OH,202105,1151.48,0.0051,0.0627,"Cincinnati, OH-KY-IN"
904,Butler County,OH,202106,1166.19,0.0128,0.077,"Cincinnati, OH-KY-IN"
904,Butler County,OH,202107,1176.95,0.0092,0.0838,"Cincinnati, OH-KY-IN"
904,Butler County,OH,202108,1195.48,0.0157,0.0985,"Cincinnati, OH-KY-IN"
904,Butler County,OH,202109,1205.37,0.0083,0.1042,"Cincinnati, OH-KY-IN"
904,Butler County,OH,202110,1224.59,0.0159,0.1157,"Cincinnati, OH-KY-IN"
904,Butler County,OH,202111,1240.79,0.0132,0.1314,"Cincinnati, OH-KY-IN"
904,Butler County,OH,202112,1249.25,0.0068,0.1332,"Cincinnati, OH-KY-IN"
904,Butler County,OH,202201,1254.64,0.0043,0.1296,"Cincinnati, OH-KY-IN"
904,Butler County,OH,202202,1255.6,0.0008,0.1149,"Cincinnati, OH-KY-IN"
904,Butler County,OH,202203,1270.93,0.0122,0.1139,"Cincinnati, OH-KY-IN"
904,Butler County,OH,202204,1281.99,0.0087,0.119,"Cincinnati, OH-KY-IN"
904,Butler County,OH,202205,1301.97,0.0156,0.1307,"Cincinnati, OH-KY-IN"
904,Butler County,OH,202206,1320.72,0.0144,0.1325,"Cincinnati, OH-KY-IN"
904,Butler County,OH,202207,1343.51,0.0173,0.1415,"Cincinnati, OH-KY-IN"
904,Butler County,OH,202208,1349.68,0.0046,0.129,"Cincinnati, OH-KY-IN"
904,Butler County,OH,202209,1341.17,-0.0063,0.1127,"Cincinnati, OH-KY-IN"
904,Butler County,OH,202210,1336.44,-0.0035,0.0913,"Cincinnati, OH-KY-IN"
904,Butler County,OH,202211,1334.54,-0.0014,0.0756,"Cincinnati, OH-KY-IN"
904,Butler County,OH,202212,1343.78,0.0069,0.0757,"Cincinnati, OH-KY-IN"
904,Butler County,OH,202301,1340.72,-0.0023,0.0686,"Cincinnati, OH-KY-IN"
904,Butler County,OH,202302,1345.58,0.0036,0.0717,"Cincinnati, OH-KY-IN"
904,Butler County,OH,202303,1355.56,0.0074,0.0666,"Cincinnati, OH-KY-IN"
904,Butler County,OH,202304,1375.41,0.0146,0.0729,"Cincinnati, OH-KY-IN"
904,Butler County,OH,202305,1385.87,0.0076,0.0644,"Cincinnati, OH-KY-IN"
904,Butler County,OH,202306,1393.35,0.0054,0.055,"Cincinnati, OH-KY-IN"
904,Butler County,OH,202307,1389.79,-0.0026,0.0344,"Cincinnati, OH-KY-IN"
904,Butler County,OH,202308,1395.21,0.0039,0.0337,"Cincinnati, OH-KY-IN"
904,Butler County,OH,202309,1393.52,-0.0012,0.039,"Cincinnati, OH-KY-IN"
904,Butler County,OH,202310,1404.06,0.0076,0.0506,"Cincinnati, OH-KY-IN"
904,Butler County,OH,202311,1397.05,-0.005,0.0468,"Cincinnati, OH-KY-IN"
904,Butler County,OH,202312,1407.9,0.0078,0.0477,"Cincinnati, OH-KY-IN"
904,Butler County,OH,202401,1409.05,0.0008,0.051,"Cincinnati, OH-KY-IN"
904,Butler County,OH,202402,1421.95,0.0092,0.0568,"Cincinnati, OH-KY-IN"
904,Butler County,OH,202403,1423.65,0.0012,0.0502,"Cincinnati, OH-KY-IN"
904,Butler County,OH,202404,1433.29,0.0068,0.0421,"Cincinnati, OH-KY-IN"
904,Butler County,OH,202405,1443.19,0.0069,0.0414,"Cincinnati, OH-KY-IN"
904,Butler County,OH,202406,1447.94,0.0033,0.0392,"Cincinnati, OH-KY-IN"
904,Butler County,OH,202407,1457.72,0.0068,0.0489,"Cincinnati, OH-KY-IN"
904,Butler County,OH,202408,1465.56,0.0054,0.0504,"Cincinnati, OH-KY-IN"
904,Butler County,OH,202409,1461.52,-0.0028,0.0488,"Cincinnati, OH-KY-IN"
904,Butler County,OH,202410,1459.22,-0.0016,0.0393,"Cincinnati, OH-KY-IN"
904,Butler County,OH,202411,1456.2,-0.0021,0.0423,"Cincinnati, OH-KY-IN"
904,Butler County,OH,202412,1469.43,0.0091,0.0437,"Cincinnati, OH-KY-IN"
904,Butler County,OH,202501,1467.58,-0.0013,0.0415,"Cincinnati, OH-KY-IN"
904,Butler County,OH,202502,1474.41,0.0047,0.0369,"Cincinnati, OH-KY-IN"
904,Butler County,OH,202503,1477.87,0.0023,0.0381,"Cincinnati, OH-KY-IN"
904,Butler County,OH,202504,1495.59,0.012,0.0435,"Cincinnati, OH-KY-IN"
904,Butler County,OH,202505,1507.08,0.0077,0.0443,"Cincinnati, OH-KY-IN"
904,Butler County,OH,202506,1514.5,0.0049,0.046,"Cincinnati, OH-KY-IN"
904,Butler County,OH,202507,1515.77,0.0008,0.0398,"Cincinnati, OH-KY-IN"
904,Butler County,OH,202508,1513.77,-0.0013,0.0329,"Cincinnati, OH-KY-IN"
904,Butler County,OH,202509,1519.98,0.0041,0.04,"Cincinnati, OH-KY-IN"
904,Butler County,OH,202510,1522.86,0.0019,0.0436,"Cincinnati, OH-KY-IN"
904,Butler County,OH,202511,1519.84,-0.002,0.0437,"Cincinnati, OH-KY-IN"
904,Butler County,OH,202512,1514.97,-0.0032,0.031,"Cincinnati, OH-KY-IN"
904,Butler County,OH,202601,1517.03,0.0014,0.0337,"Cincinnati, OH-KY-IN"
904,Butler County,OH,202602,1525.29,0.0054,0.0345,"Cincinnati, OH-KY-IN"
904,Butler County,OH,202603,1531.86,0.0043,0.0365,"Cincinnati, OH-KY-IN"
904,Butler County,OH,202604,1536.76,0.0032,0.0275,"Cincinnati, OH-KY-IN"
904,Butler County,OH,202605,1547.14,0.0068,0.0266,"Cincinnati, OH-KY-IN"
904,Butler County,OH,202606,1553.6,0.0042,0.0258,"Cincinnati, OH-KY-IN"
904,Butler County,OH,202607,1559.6,0.0039,0.0289,"Cincinnati, OH-KY-IN"
904,Butler County,OH,202608,1558.72,-0.0006,0.0297,"Cincinnati, OH-KY-IN"
1033,Geauga County,OH,202503,1737.2,,,"Cleveland-Elyria, OH"
1033,Geauga County,OH,202504,1754.84,0.0102,,"Cleveland-Elyria, OH"
1033,Geauga County,OH,202505,1769.33,0.0083,,"Cleveland-Elyria, OH"
1033,Geauga County,OH,202506,1802.12,0.0185,,"Cleveland-Elyria, OH"
1033,Geauga County,OH,202507,1803.55,0.0008,,"Cleveland-Elyria, OH"
1033,Geauga County,OH,202508,1805.59,0.0011,,"Cleveland-Elyria, OH"
1033,Geauga County,OH,202510,1822.0,0.0091,,"Cleveland-Elyria, OH"
1033,Geauga County,OH,202511,1809.96,-0.0066,,"Cleveland-Elyria, OH"
1033,Geauga County,OH,202512,1859.85,0.0276,,"Cleveland-Elyria, OH"
1033,Geauga County,OH,202601,1861.38,0.0008,,"Cleveland-Elyria, OH"
1033,Geauga County,OH,202602,1851.79,-0.0052,,"Cleveland-Elyria, OH"
1033,Geauga County,OH,202603,1779.46,-0.0391,,"Cleveland-Elyria, OH"
1033,Geauga County,OH,202604,1820.27,0.0229,0.0478,"Cleveland-Elyria, OH"
1033,Geauga County,OH,202605,1885.64,0.0359,0.0745,"Cleveland-Elyria, OH"
1033,Geauga County,OH,202606,1950.58,0.0344,0.1024,"Cleveland-Elyria, OH"
1033,Geauga County,OH,202607,1975.26,0.0127,0.0961,"Cleveland-Elyria, OH"
1033,Geauga County,OH,202608,1953.33,-0.0111,0.083,"Cleveland-Elyria, OH"
1061,Greene County,OH,201501,906.99,,,"Dayton-Kettering, OH"
1061,Greene County,OH,201502,915.43,0.0093,,"Dayton-Kettering, OH"
1061,Greene County,OH,201503,919.29,0.0042,,"Dayton-Kettering, OH"
1061,Greene County,OH,201504,916.68,-0.0028,,"Dayton-Kettering, OH"
1061,Greene County,OH,201505,926.97,0.0112,,"Dayton-Kettering, OH"
1061,Greene County,OH,201506,925.02,-0.0021,,"Dayton-Kettering, OH"
1061,Greene County,OH,201507,930.0,0.0054,,"Dayton-Kettering, OH"
1061,Greene County,OH,201508,927.14,-0.0031,,"Dayton-Kettering, OH"
1061,Greene County,OH,201509,933.68,0.0071,,"Dayton-Kettering, OH"
1061,Greene County,OH,201510,937.43,0.004,,"Dayton-Kettering, OH"
1061,Greene County,OH,201511,939.55,0.0023,,"Dayton-Kettering, OH"
1061,Greene County,OH,201512,944.29,0.005,,"Dayton-Kettering, OH"
1061,Greene County,OH,201601,944.4,0.0001,0.0413,"Dayton-Kettering, OH"
1061,Greene County,OH,201602,949.42,0.0053,0.0371,"Dayton-Kettering, OH"
1061,Greene County,OH,201603,951.94,0.0027,0.0355,"Dayton-Kettering, OH"
1061,Greene County,OH,201604,959.78,0.0082,0.047,"Dayton-Kettering, OH"
1061,Greene County,OH,201606,972.26,0.013,0.0489,"Dayton-Kettering, OH"
1061,Greene County,OH,201607,969.19,-0.0032,0.0478,"Dayton-Kettering, OH"
1061,Greene County,OH,201608,952.7,-0.017,0.0244,"Dayton-Kettering, OH"
1061,Greene County,OH,201609,941.04,-0.0122,0.015,"Dayton-Kettering, OH"
1061,Greene County,OH,201610,933.99,-0.0075,0.0003,"Dayton-Kettering, OH"
1061,Greene County,OH,201611,937.21,0.0034,-0.0002,"Dayton-Kettering, OH"
1061,Greene County,OH,201612,939.03,0.002,-0.0005,"Dayton-Kettering, OH"
1061,Greene County,OH,201701,950.62,0.0123,0.0067,"Dayton-Kettering, OH"
1061,Greene County,OH,201702,958.64,0.0084,0.0151,"Dayton-Kettering, OH"
1061,Greene County,OH,201703,984.93,0.0274,0.0374,"Dayton-Kettering, OH"
1061,Greene County,OH,201704,989.49,0.0046,0.0394,"Dayton-Kettering, OH"
1061,Greene County,OH,201705,996.23,0.0068,0.038,"Dayton-Kettering, OH"
1061,Greene County,OH,201706,994.81,-0.0014,0.0232,"Dayton-Kettering, OH"
1061,Greene County,OH,201707,997.18,0.0024,0.0289,"Dayton-Kettering, OH"
1061,Greene County,OH,201708,1000.93,0.0038,0.0506,"Dayton-Kettering, OH"
1061,Greene County,OH,201709,1000.81,-0.0001,0.0635,"Dayton-Kettering, OH"
1061,Greene County,OH,201710,995.35,-0.0055,0.0657,"Dayton-Kettering, OH"
1061,Greene County,OH,201711,989.69,-0.0057,0.056,"Dayton-Kettering, OH"
1061,Greene County,OH,201712,989.25,-0.0004,0.0535,"Dayton-Kettering, OH"
1061,Greene County,OH,201801,994.73,0.0055,0.0464,"Dayton-Kettering, OH"
1061,Greene County,OH,201802,998.41,0.0037,0.0415,"Dayton-Kettering, OH"
1061,Greene County,OH,201803,1003.92,0.0055,0.0193,"Dayton-Kettering, OH"
1061,Greene County,OH,201804,1017.78,0.0138,0.0286,"Dayton-Kettering, OH"
1061,Greene County,OH,201805,1031.61,0.0136,0.0355,"Dayton-Kettering, OH"
1061,Greene County,OH,201806,1040.6,0.0087,0.046,"Dayton-Kettering, OH"
1061,Greene County,OH,201807,1033.88,-0.0065,0.0368,"Dayton-Kettering, OH"
1061,Greene County,OH,201808,1031.42,-0.0024,0.0305,"Dayton-Kettering, OH"
1061,Greene County,OH,201809,1029.7,-0.0017,0.0289,"Dayton-Kettering, OH"
1061,Greene County,OH,201810,1038.64,0.0087,0.0435,"Dayton-Kettering, OH"
1061,Greene County,OH,201811,1042.47,0.0037,0.0533,"Dayton-Kettering, OH"
1061,Greene County,OH,201812,1051.14,0.0083,0.0626,"Dayton-Kettering, OH"
1061,Greene County,OH,201901,1052.57,0.0014,0.0581,"Dayton-Kettering, OH"
1061,Greene County,OH,201902,1052.2,-0.0003,0.0539,"Dayton-Kettering, OH"
1061,Greene County,OH,201903,1055.54,0.0032,0.0514,"Dayton-Kettering, OH"
1061,Greene County,OH,201904,1062.96,0.007,0.0444,"Dayton-Kettering, OH"
1061,Greene County,OH,201905,1069.15,0.0058,0.0364,"Dayton-Kettering, OH"
1061,Greene County,OH,201906,1068.82,-0.0003,0.0271,"Dayton-Kettering, OH"
1061,Greene County,OH,201907,1075.01,0.0058,0.0398,"Dayton-Kettering, OH"
1061,Greene County,OH,201908,1082.08,0.0066,0.0491,"Dayton-Kettering, OH"
1061,Greene County,OH,201909,1078.25,-0.0035,0.0471,"Dayton-Kettering, OH"
1061,Greene County,OH,201910,1079.71,0.0014,0.0395,"Dayton-Kettering, OH"
1061,Greene County,OH,201911,1080.91,0.0011,0.0369,"Dayton-Kettering, OH"
1061,Greene County,OH,201912,1090.26,0.0086,0.0372,"Dayton-Kettering, OH"
1061,Greene County,OH,202001,1084.5,-0.0053,0.0303,"Dayton-Kettering, OH"
1061,Greene County,OH,202002,1098.38,0.0128,0.0439,"Dayton-Kettering, OH"
1061,Greene County,OH,202003,1109.97,0.0106,0.0516,"Dayton-Kettering, OH"
1061,Greene County,OH,202004,1122.35,0.0111,0.0559,"Dayton-Kettering, OH"
1061,Greene County,OH,202005,1120.58,-0.0016,0.0481,"Dayton-Kettering, OH"
1061,Greene County,OH,202006,1125.99,0.0048,0.0535,"Dayton-Kettering, OH"
1061,Greene County,OH,202007,1132.96,0.0062,0.0539,"Dayton-Kettering, OH"
1061,Greene County,OH,202008,1136.06,0.0027,0.0499,"Dayton-Kettering, OH"
1061,Greene County,OH,202009,1136.42,0.0003,0.0539,"Dayton-Kettering, OH"
1061,Greene County,OH,202010,1141.22,0.0042,0.057,"Dayton-Kettering, OH"
1061,Greene County,OH,202011,1150.27,0.0079,0.0642,"Dayton-Kettering, OH"
1061,Greene County,OH,202012,1154.35,0.0036,0.0588,"Dayton-Kettering, OH"
1061,Greene County,OH,202101,1157.74,0.0029,0.0675,"Dayton-Kettering, OH"
1061,Greene County,OH,202102,1155.27,-0.0021,0.0518,"Dayton-Kettering, OH"
1061,Greene County,OH,202103,1167.9,0.0109,0.0522,"Dayton-Kettering, OH"
1061,Greene County,OH,202104,1185.07,0.0147,0.0559,"Dayton-Kettering, OH"
1061,Greene County,OH,202105,1200.05,0.0126,0.0709,"Dayton-Kettering, OH"
1061,Greene County,OH,202106,1206.01,0.005,0.0711,"Dayton-Kettering, OH"
1061,Greene County,OH,202107,1216.93,0.0091,0.0741,"Dayton-Kettering, OH"
1061,Greene County,OH,202108,1230.08,0.0108,0.0828,"Dayton-Kettering, OH"
1061,Greene County,OH,202109,1258.38,0.023,0.1073,"Dayton-Kettering, OH"
1061,Greene County,OH,202110,1261.92,0.0028,0.1058,"Dayton-Kettering, OH"
1061,Greene County,OH,202111,1270.91,0.0071,0.1049,"Dayton-Kettering, OH"
1061,Greene County,OH,202112,1270.69,-0.0002,0.1008,"Dayton-Kettering, OH"
1061,Greene County,OH,202201,1269.35,-0.0011,0.0964,"Dayton-Kettering, OH"
1061,Greene County,OH,202202,1292.35,0.0181,0.1187,"Dayton-Kettering, OH"
1061,Greene County,OH,202203,1322.16,0.0231,0.1321,"Dayton-Kettering, OH"
1061,Greene County,OH,202204,1346.52,0.0184,0.1362,"Dayton-Kettering, OH"
1061,Greene County,OH,202205,1356.86,0.0077,0.1307,"Dayton-Kettering, OH"
1061,Greene County,OH,202206,1345.06,-0.0087,0.1153,"Dayton-Kettering, OH"
1061,Greene County,OH,202207,1369.6,0.0182,0.1255,"Dayton-Kettering, OH"
1061,Greene County,OH,202208,1368.75,-0.0006,0.1127,"Dayton-Kettering, OH"
1061,Greene County,OH,202209,1381.35,0.0092,0.0977,"Dayton-Kettering, OH"
1061,Greene County,OH,202210,1364.24,-0.0124,0.0811,"Dayton-Kettering, OH"
1061,Greene County,OH,202211,1372.34,0.0059,0.0798,"Dayton-Kettering, OH"
1061,Greene County,OH,202212,1373.32,0.0007,0.0808,"Dayton-Kettering, OH"
1061,Greene County,OH,202301,1388.09,0.0108,0.0935,"Dayton-Kettering, OH"
1061,Greene County,OH,202302,1386.71,-0.001,0.073,"Dayton-Kettering, OH"
1061,Greene County,OH,202303,1385.38,-0.001,0.0478,"Dayton-Kettering, OH"
1061,Greene County,OH,202304,1390.27,0.0035,0.0325,"Dayton-Kettering, OH"
1061,Greene County,OH,202305,1411.97,0.0156,0.0406,"Dayton-Kettering, OH"
1061,Greene County,OH,202306,1436.98,0.0177,0.0683,"Dayton-Kettering, OH"
1061,Greene County,OH,202307,1452.32,0.0107,0.0604,"Dayton-Kettering, OH"
1061,Greene County,OH,202308,1460.49,0.0056,0.067,"Dayton-Kettering, OH"
1061,Greene County,OH,202309,1470.45,0.0068,0.0645,"Dayton-Kettering, OH"
1061,Greene County,OH,202310,1476.36,0.004,0.0822,"Dayton-Kettering, OH"
1061,Greene County,OH,202311,1475.72,-0.0004,0.0753,"Dayton-Kettering, OH"
1061,Greene County,OH,202312,1460.89,-0.0101,0.0638,"Dayton-Kettering, OH"
1061,Greene County,OH,202401,1469.63,0.006,0.0587,"Dayton-Kettering, OH"
1061,Greene County,OH,202402,1474.82,0.0035,0.0635,"Dayton-Kettering, OH"
1061,Greene County,OH,202403,1498.86,0.0163,0.0819,"Dayton-Kettering, OH"
1061,Greene County,OH,202404,1504.44,0.0037,0.0821,"Dayton-Kettering, OH"
1061,Greene County,OH,202405,1515.08,0.0071,0.073,"Dayton-Kettering, OH"
1061,Greene County,OH,202406,1519.68,0.003,0.0576,"Dayton-Kettering, OH"
1061,Greene County,OH,202407,1535.71,0.0106,0.0574,"Dayton-Kettering, OH"
1061,Greene County,OH,202408,1543.92,0.0053,0.0571,"Dayton-Kettering, OH"
1061,Greene County,OH,202409,1551.96,0.0052,0.0554,"Dayton-Kettering, OH"
1061,Greene County,OH,202410,1549.29,-0.0017,0.0494,"Dayton-Kettering, OH"
1061,Greene County,OH,202411,1544.95,-0.0028,0.0469,"Dayton-Kettering, OH"
1061,Greene County,OH,202412,1540.61,-0.0028,0.0546,"Dayton-Kettering, OH"
1061,Greene County,OH,202501,1546.02,0.0035,0.052,"Dayton-Kettering, OH"
1061,Greene County,OH,202502,1555.53,0.0061,0.0547,"Dayton-Kettering, OH"
1061,Greene County,OH,202503,1552.95,-0.0017,0.0361,"Dayton-Kettering, OH"
1061,Greene County,OH,202504,1551.79,-0.0007,0.0315,"Dayton-Kettering, OH"
1061,Greene County,OH,202505,1555.09,0.0021,0.0264,"Dayton-Kettering, OH"
1061,Greene County,OH,202506,1577.46,0.0144,0.038,"Dayton-Kettering, OH"
1061,Greene County,OH,202507,1589.62,0.0077,0.0351,"Dayton-Kettering, OH"
1061,Greene County,OH,202508,1598.65,0.0057,0.0354,"Dayton-Kettering, OH"
1061,Greene County,OH,202509,1592.26,-0.004,0.026,"Dayton-Kettering, OH"
1061,Greene County,OH,202510,1578.08,-0.0089,0.0186,"Dayton-Kettering, OH"
1061,Greene County,OH,202511,1579.53,0.0009,0.0224,"Dayton-Kettering, OH"
1061,Greene County,OH,202512,1582.07,0.0016,0.0269,"Dayton-Kettering, OH"
1061,Greene County,OH,202601,1599.58,0.0111,0.0346,"Dayton-Kettering, OH"
1061,Greene County,OH,202602,1599.69,0.0001,0.0284,"Dayton-Kettering, OH"
1061,Greene County,OH,202603,1614.3,0.0091,0.0395,"Dayton-Kettering, OH"
1061,Greene County,OH,202604,1634.26,0.0124,0.0531,"Dayton-Kettering, OH"
1061,Greene County,OH,202605,1650.8,0.0101,0.0615,"Dayton-Kettering, OH"
1061,Greene County,OH,202606,1659.42,0.0052,0.052,"Dayton-Kettering, OH"
1061,Greene County,OH,202607,1653.28,-0.0037,0.04,"Dayton-Kettering, OH"
1061,Greene County,OH,202608,1665.25,0.0072,0.0417,"Dayton-Kettering, OH"
1150,Lorain County,OH,201501,801.46,,,"Cleveland-Elyria, OH"
1150,Lorain County,OH,201502,806.91,0.0068,,"Cleveland-Elyria, OH"
1150,Lorain County,OH,201503,796.88,-0.0124,,"Cleveland-Elyria, OH"
1150,Lorain County,OH,201504,801.02,0.0052,,"Cleveland-Elyria, OH"
1150,Lorain County,OH,201505,796.32,-0.0059,,"Cleveland-Elyria, OH"
1150,Lorain County,OH,201506,794.87,-0.0018,,"Cleveland-Elyria, OH"
1150,Lorain County,OH,201507,792.17,-0.0034,,"Cleveland-Elyria, OH"
1150,Lorain County,OH,201508,799.99,0.0099,,"Cleveland-Elyria, OH"
1150,Lorain County,OH,201509,807.12,0.0089,,"Cleveland-Elyria, OH"
1150,Lorain County,OH,201510,808.72,0.002,,"Cleveland-Elyria, OH"
1150,Lorain County,OH,201511,814.39,0.007,,"Cleveland-Elyria, OH"
1150,Lorain County,OH,201512,819.78,0.0066,,"Cleveland-Elyria, OH"
1150,Lorain County,OH,201601,827.19,0.009,0.0321,"Cleveland-Elyria, OH"
1150,Lorain County,OH,201602,819.03,-0.0099,0.015,"Cleveland-Elyria, OH"
1150,Lorain County,OH,201603,817.81,-0.0015,0.0263,"Cleveland-Elyria, OH"
1150,Lorain County,OH,201604,825.32,0.0092,0.0303,"Cleveland-Elyria, OH"
1150,Lorain County,OH,201605,833.94,0.0105,0.0472,"Cleveland-Elyria, OH"
1150,Lorain County,OH,201606,826.16,-0.0093,0.0394,"Cleveland-Elyria, OH"
1150,Lorain County,OH,201607,810.55,-0.0189,0.0232,"Cleveland-Elyria, OH"
1150,Lorain County,OH,201608,810.05,-0.0006,0.0126,"Cleveland-Elyria, OH"
1150,Lorain County,OH,201609,818.85,0.0109,0.0145,"Cleveland-Elyria, OH"
1150,Lorain County,OH,201610,828.44,0.0117,0.0244,"Cleveland-Elyria, OH"
1150,Lorain County,OH,201611,829.37,0.0011,0.0184,"Cleveland-Elyria, OH"
1150,Lorain County,OH,201612,821.4,-0.0096,0.002,"Cleveland-Elyria, OH"
1150,Lorain County,OH,201701,824.37,0.0036,-0.0034,"Cleveland-Elyria, OH"
1150,Lorain County,OH,201702,828.63,0.0052,0.0117,"Cleveland-Elyria, OH"
1150,Lorain County,OH,201703,845.88,0.0208,0.0343,"Cleveland-Elyria, OH"
1150,Lorain County,OH,201704,854.67,0.0104,0.0356,"Cleveland-Elyria, OH"
1150,Lorain County,OH,201705,861.23,0.0077,0.0327,"Cleveland-Elyria, OH"
1150,Lorain County,OH,201706,866.74,0.0064,0.0491,"Cleveland-Elyria, OH"
1150,Lorain County,OH,201707,862.29,-0.0051,0.0638,"Cleveland-Elyria, OH"
1150,Lorain County,OH,201708,860.57,-0.002,0.0624,"Cleveland-Elyria, OH"
1150,Lorain County,OH,201709,856.89,-0.0043,0.0465,"Cleveland-Elyria, OH"
1150,Lorain County,OH,201710,851.12,-0.0067,0.0274,"Cleveland-Elyria, OH"
1150,Lorain County,OH,201711,844.27,-0.008,0.018,"Cleveland-Elyria, OH"
1150,Lorain County,OH,201712,843.0,-0.0015,0.0263,"Cleveland-Elyria, OH"
1150,Lorain County,OH,201801,857.65,0.0174,0.0404,"Cleveland-Elyria, OH"
1150,Lorain County,OH,201802,875.27,0.0205,0.0563,"Cleveland-Elyria, OH"
1150,Lorain County,OH,201803,879.3,0.0046,0.0395,"Cleveland-Elyria, OH"
1150,Lorain County,OH,201804,879.22,-0.0001,0.0287,"Cleveland-Elyria, OH"
1150,Lorain County,OH,201805,871.0,-0.0094,0.0113,"Cleveland-Elyria, OH"
1150,Lorain County,OH,201806,878.38,0.0085,0.0134,"Cleveland-Elyria, OH"
1150,Lorain County,OH,201807,882.85,0.0051,0.0238,"Cleveland-Elyria, OH"
1150,Lorain County,OH,201808,890.91,0.0091,0.0353,"Cleveland-Elyria, OH"
1150,Lorain County,OH,201809,891.34,0.0005,0.0402,"Cleveland-Elyria, OH"
1150,Lorain County,OH,201810,891.79,0.0005,0.0478,"Cleveland-Elyria, OH"
1150,Lorain County,OH,201811,910.15,0.0206,0.078,"Cleveland-Elyria, OH"
1150,Lorain County,OH,201812,915.42,0.0058,0.0859,"Cleveland-Elyria, OH"
1150,Lorain County,OH,201901,915.06,-0.0004,0.0669,"Cleveland-Elyria, OH"
1150,Lorain County,OH,201902,901.85,-0.0144,0.0304,"Cleveland-Elyria, OH"
1150,Lorain County,OH,201903,906.55,0.0052,0.031,"Cleveland-Elyria, OH"
1150,Lorain County,OH,201904,913.86,0.0081,0.0394,"Cleveland-Elyria, OH"
1150,Lorain County,OH,201905,919.53,0.0062,0.0557,"Cleveland-Elyria, OH"
1150,Lorain County,OH,201906,926.35,0.0074,0.0546,"Cleveland-Elyria, OH"
1150,Lorain County,OH,201907,936.84,0.0113,0.0612,"Cleveland-Elyria, OH"
1150,Lorain County,OH,201908,945.45,0.0092,0.0612,"Cleveland-Elyria, OH"
1150,Lorain County,OH,201909,937.33,-0.0086,0.0516,"Cleveland-Elyria, OH"
1150,Lorain County,OH,201910,938.09,0.0008,0.0519,"Cleveland-Elyria, OH"
1150,Lorain County,OH,201911,928.12,-0.0106,0.0197,"Cleveland-Elyria, OH"
1150,Lorain County,OH,201912,934.14,0.0065,0.0205,"Cleveland-Elyria, OH"
1150,Lorain County,OH,202001,928.79,-0.0057,0.015,"Cleveland-Elyria, OH"
1150,Lorain County,OH,202002,943.49,0.0158,0.0462,"Cleveland-Elyria, OH"
1150,Lorain County,OH,202003,952.04,0.0091,0.0502,"Cleveland-Elyria, OH"
1150,Lorain County,OH,202004,968.23,0.017,0.0595,"Cleveland-Elyria, OH"
1150,Lorain County,OH,202005,973.84,0.0058,0.0591,"Cleveland-Elyria, OH"
1150,Lorain County,OH,202006,977.24,0.0035,0.0549,"Cleveland-Elyria, OH"
1150,Lorain County,OH,202007,977.21,-0.0,0.0431,"Cleveland-Elyria, OH"
1150,Lorain County,OH,202008,975.93,-0.0013,0.0322,"Cleveland-Elyria, OH"
1150,Lorain County,OH,202009,984.97,0.0093,0.0508,"Cleveland-Elyria, OH"
1150,Lorain County,OH,202010,986.99,0.002,0.0521,"Cleveland-Elyria, OH"
1150,Lorain County,OH,202011,996.89,0.01,0.0741,"Cleveland-Elyria, OH"
1150,Lorain County,OH,202012,999.86,0.003,0.0704,"Cleveland-Elyria, OH"
1150,Lorain County,OH,202101,1016.52,0.0167,0.0945,"Cleveland-Elyria, OH"
1150,Lorain County,OH,202102,1013.23,-0.0032,0.0739,"Cleveland-Elyria, OH"
1150,Lorain County,OH,202103,1027.23,0.0138,0.079,"Cleveland-Elyria, OH"
1150,Lorain County,OH,202104,1029.67,0.0024,0.0635,"Cleveland-Elyria, OH"
1150,Lorain County,OH,202105,1045.17,0.0151,0.0732,"Cleveland-Elyria, OH"
1150,Lorain County,OH,202106,1055.17,0.0096,0.0797,"Cleveland-Elyria, OH"
1150,Lorain County,OH,202107,1077.6,0.0213,0.1027,"Cleveland-Elyria, OH"
1150,Lorain County,OH,202108,1097.28,0.0183,0.1243,"Cleveland-Elyria, OH"
1150,Lorain County,OH,202109,1126.77,0.0269,0.144,"Cleveland-Elyria, OH"
1150,Lorain County,OH,202110,1139.56,0.0113,0.1546,"Cleveland-Elyria, OH"
1150,Lorain County,OH,202111,1152.67,0.0115,0.1563,"Cleveland-Elyria, OH"
1150,Lorain County,OH,202112,1135.52,-0.0149,0.1357,"Cleveland-Elyria, OH"
1150,Lorain County,OH,202201,1123.82,-0.0103,0.1056,"Cleveland-Elyria, OH"
1150,Lorain County,OH,202202,1134.48,0.0095,0.1197,"Cleveland-Elyria, OH"
1150,Lorain County,OH,202203,1150.9,0.0145,0.1204,"Cleveland-Elyria, OH"
1150,Lorain County,OH,202204,1159.24,0.0072,0.1258,"Cleveland-Elyria, OH"
1150,Lorain County,OH,202205,1176.49,0.0149,0.1257,"Cleveland-Elyria, OH"
1150,Lorain County,OH,202206,1189.17,0.0108,0.127,"Cleveland-Elyria, OH"
1150,Lorain County,OH,202207,1204.13,0.0126,0.1174,"Cleveland-Elyria, OH"
1150,Lorain County,OH,202208,1204.6,0.0004,0.0978,"Cleveland-Elyria, OH"
1150,Lorain County,OH,202209,1212.83,0.0068,0.0764,"Cleveland-Elyria, OH"
1150,Lorain County,OH,202210,1228.97,0.0133,0.0785,"Cleveland-Elyria, OH"
1150,Lorain County,OH,202211,1230.0,0.0008,0.0671,"Cleveland-Elyria, OH"
1150,Lorain County,OH,202212,1224.01,-0.0049,0.0779,"Cleveland-Elyria, OH"
1150,Lorain County,OH,202301,1212.04,-0.0098,0.0785,"Cleveland-Elyria, OH"
1150,Lorain County,OH,202302,1216.43,0.0036,0.0722,"Cleveland-Elyria, OH"
1150,Lorain County,OH,202303,1228.38,0.0098,0.0673,"Cleveland-Elyria, OH"
1150,Lorain County,OH,202304,1243.09,0.012,0.0723,"Cleveland-Elyria, OH"
1150,Lorain County,OH,202305,1246.72,0.0029,0.0597,"Cleveland-Elyria, OH"
1150,Lorain County,OH,202306,1257.05,0.0083,0.0571,"Cleveland-Elyria, OH"
1150,Lorain County,OH,202307,1277.23,0.0161,0.0607,"Cleveland-Elyria, OH"
1150,Lorain County,OH,202308,1292.38,0.0119,0.0729,"Cleveland-Elyria, OH"
1150,Lorain County,OH,202309,1299.63,0.0056,0.0716,"Cleveland-Elyria, OH"
1150,Lorain County,OH,202310,1312.2,0.0097,0.0677,"Cleveland-Elyria, OH"
1150,Lorain County,OH,202311,1320.35,0.0062,0.0735,"Cleveland-Elyria, OH"
1150,Lorain County,OH,202312,1336.85,0.0125,0.0922,"Cleveland-Elyria, OH"
1150,Lorain County,OH,202401,1333.59,-0.0024,0.1003,"Cleveland-Elyria, OH"
1150,Lorain County,OH,202402,1339.7,0.0046,0.1013,"Cleveland-Elyria, OH"
1150,Lorain County,OH,202403,1341.31,0.0012,0.0919,"Cleveland-Elyria, OH"
1150,Lorain County,OH,202404,1358.54,0.0128,0.0929,"Cleveland-Elyria, OH"
1150,Lorain County,OH,202405,1366.83,0.0061,0.0963,"Cleveland-Elyria, OH"
1150,Lorain County,OH,202406,1364.18,-0.0019,0.0852,"Cleveland-Elyria, OH"
1150,Lorain County,OH,202407,1363.78,-0.0003,0.0678,"Cleveland-Elyria, OH"
1150,Lorain County,OH,202408,1383.7,0.0146,0.0707,"Cleveland-Elyria, OH"
1150,Lorain County,OH,202409,1390.68,0.005,0.0701,"Cleveland-Elyria, OH"
1150,Lorain County,OH,202410,1388.71,-0.0014,0.0583,"Cleveland-Elyria, OH"
1150,Lorain County,OH,202411,1370.81,-0.0129,0.0382,"Cleveland-Elyria, OH"
1150,Lorain County,OH,202412,1387.2,0.012,0.0377,"Cleveland-Elyria, OH"
1150,Lorain County,OH,202501,1401.78,0.0105,0.0511,"Cleveland-Elyria, OH"
1150,Lorain County,OH,202502,1421.29,0.0139,0.0609,"Cleveland-Elyria, OH"
1150,Lorain County,OH,202503,1422.0,0.0005,0.0602,"Cleveland-Elyria, OH"
1150,Lorain County,OH,202505,1443.63,0.0152,0.0626,"Cleveland-Elyria, OH"
1150,Lorain County,OH,202506,1455.23,0.008,0.0647,"Cleveland-Elyria, OH"
1150,Lorain County,OH,202507,1456.47,0.0009,0.0676,"Cleveland-Elyria, OH"
1150,Lorain County,OH,202508,1454.5,-0.0014,0.0665,"Cleveland-Elyria, OH"
1150,Lorain County,OH,202509,1462.91,0.0058,0.0572,"Cleveland-Elyria, OH"
1150,Lorain County,OH,202510,1449.51,-0.0092,0.0423,"Cleveland-Elyria, OH"
1150,Lorain County,OH,202511,1466.87,0.012,0.0563,"Cleveland-Elyria, OH"
1150,Lorain County,OH,202512,1461.23,-0.0038,0.066,"Cleveland-Elyria, OH"
1150,Lorain County,OH,202601,1487.76,0.0182,0.0725,"Cleveland-Elyria, OH"
1150,Lorain County,OH,202602,1480.7,-0.0047,0.0563,"Cleveland-Elyria, OH"
1150,Lorain County,OH,202603,1502.08,0.0144,0.0568,"Cleveland-Elyria, OH"
1150,Lorain County,OH,202604,1485.3,-0.0112,0.0445,"Cleveland-Elyria, OH"
1150,Lorain County,OH,202605,1495.81,0.0071,0.0361,"Cleveland-Elyria, OH"
1150,Lorain County,OH,202606,1485.81,-0.0067,0.021,"Cleveland-Elyria, OH"
1150,Lorain County,OH,202607,1506.13,0.0137,0.0341,"Cleveland-Elyria, OH"
1150,Lorain County,OH,202608,1506.87,0.0005,0.036,"Cleveland-Elyria, OH"
1170,Marion County,OH,202511,1174.74,,,"Marion, OH"
1170,Marion County,OH,202512,1165.83,-0.0076,,"Marion, OH"
1170,Marion County,OH,202601,1183.4,0.0151,,"Marion, OH"
1170,Marion County,OH,202602,1206.86,0.0198,,"Marion, OH"
1170,Marion County,OH,202603,1291.68,0.0703,,"Marion, OH"
1170,Marion County,OH,202604,1312.81,0.0164,,"Marion, OH"
1170,Marion County,OH,202605,1317.42,0.0035,,"Marion, OH"
1170,Marion County,OH,202606,1241.48,-0.0576,,"Marion, OH"
1170,Marion County,OH,202608,1224.42,-0.0137,,"Marion, OH"
1191,Medina County,OH,201712,1122.16,,,"Cleveland-Elyria, OH"
1191,Medina County,OH,201801,1138.65,0.0147,,"Cleveland-Elyria, OH"
1191,Medina County,OH,201802,1139.62,0.0008,,"Cleveland-Elyria, OH"
1191,Medina County,OH,201803,1146.6,0.0061,,"Cleveland-Elyria, OH"
1191,Medina County,OH,201804,1149.26,0.0023,,"Cleveland-Elyria, OH"
1191,Medina County,OH,201805,1157.02,0.0068,,"Cleveland-Elyria, OH"
1191,Medina County,OH,201806,1175.92,0.0163,,"Cleveland-Elyria, OH"
1191,Medina County,OH,201807,1169.93,-0.0051,,"Cleveland-Elyria, OH"
1191,Medina County,OH,201808,1178.85,0.0076,,"Cleveland-Elyria, OH"
1191,Medina County,OH,201809,1172.5,-0.0054,,"Cleveland-Elyria, OH"
1191,Medina County,OH,201810,1173.96,0.0013,,"Cleveland-Elyria, OH"
1191,Medina County,OH,201811,1169.49,-0.0038,,"Cleveland-Elyria, OH"
1191,Medina County,OH,201812,1170.7,0.001,0.0433,"Cleveland-Elyria, OH"
1191,Medina County,OH,201901,1171.24,0.0005,0.0286,"Cleveland-Elyria, OH"
1191,Medina County,OH,201902,1162.95,-0.0071,0.0205,"Cleveland-Elyria, OH"
1191,Medina County,OH,201903,1172.6,0.0083,0.0227,"Cleveland-Elyria, OH"
1191,Medina County,OH,201904,1193.36,0.0177,0.0384,"Cleveland-Elyria, OH"
1191,Medina County,OH,201905,1204.22,0.0091,0.0408,"Cleveland-Elyria, OH"
1191,Medina County,OH,201906,1207.36,0.0026,0.0267,"Cleveland-Elyria, OH"
1191,Medina County,OH,201907,1197.92,-0.0078,0.0239,"Cleveland-Elyria, OH"
1191,Medina County,OH,201908,1227.2,0.0244,0.041,"Cleveland-Elyria, OH"
1191,Medina County,OH,201909,1215.9,-0.0092,0.037,"Cleveland-Elyria, OH"
1191,Medina County,OH,201910,1234.72,0.0155,0.0518,"Cleveland-Elyria, OH"
1191,Medina County,OH,201911,1214.02,-0.0168,0.0381,"Cleveland-Elyria, OH"
1191,Medina County,OH,201912,1230.83,0.0138,0.0514,"Cleveland-Elyria, OH"
1191,Medina County,OH,202001,1215.92,-0.0121,0.0381,"Cleveland-Elyria, OH"
1191,Medina County,OH,202002,1228.63,0.0105,0.0565,"Cleveland-Elyria, OH"
1191,Medina County,OH,202003,1230.03,0.0011,0.049,"Cleveland-Elyria, OH"
1191,Medina County,OH,202004,1237.03,0.0057,0.0366,"Cleveland-Elyria, OH"
1191,Medina County,OH,202005,1232.83,-0.0034,0.0238,"Cleveland-Elyria, OH"
1191,Medina County,OH,202006,1231.31,-0.0012,0.0198,"Cleveland-Elyria, OH"
1191,Medina County,OH,202007,1248.78,0.0142,0.0425,"Cleveland-Elyria, OH"
1191,Medina County,OH,202008,1259.87,0.0089,0.0266,"Cleveland-Elyria, OH"
1191,Medina County,OH,202009,1275.68,0.0125,0.0492,"Cleveland-Elyria, OH"
1191,Medina County,OH,202010,1274.12,-0.0012,0.0319,"Cleveland-Elyria, OH"
1191,Medina County,OH,202011,1278.59,0.0035,0.0532,"Cleveland-Elyria, OH"
1191,Medina County,OH,202012,1274.16,-0.0035,0.0352,"Cleveland-Elyria, OH"
1191,Medina County,OH,202101,1302.81,0.0225,0.0715,"Cleveland-Elyria, OH"
1191,Medina County,OH,202102,1327.51,0.019,0.0805,"Cleveland-Elyria, OH"
1191,Medina County,OH,202103,1347.55,0.0151,0.0955,"Cleveland-Elyria, OH"
1191,Medina County,OH,202104,1357.39,0.0073,0.0973,"Cleveland-Elyria, OH"
1191,Medina County,OH,202105,1360.09,0.002,0.1032,"Cleveland-Elyria, OH"
1191,Medina County,OH,202106,1400.53,0.0297,0.1374,"Cleveland-Elyria, OH"
1191,Medina County,OH,202107,1419.02,0.0132,0.1363,"Cleveland-Elyria, OH"
1191,Medina County,OH,202108,1483.77,0.0456,0.1777,"Cleveland-Elyria, OH"
1191,Medina County,OH,202109,1481.55,-0.0015,0.1614,"Cleveland-Elyria, OH"
1191,Medina County,OH,202110,1499.12,0.0119,0.1766,"Cleveland-Elyria, OH"
1191,Medina County,OH,202111,1473.92,-0.0168,0.1528,"Cleveland-Elyria, OH"
1191,Medina County,OH,202112,1486.47,0.0085,0.1666,"Cleveland-Elyria, OH"
1191,Medina County,OH,202201,1461.55,-0.0168,0.1218,"Cleveland-Elyria, OH"
1191,Medina County,OH,202202,1448.52,-0.0089,0.0912,"Cleveland-Elyria, OH"
1191,Medina County,OH,202203,1460.54,0.0083,0.0838,"Cleveland-Elyria, OH"
1191,Medina County,OH,202204,1489.55,0.0199,0.0974,"Cleveland-Elyria, OH"
1191,Medina County,OH,202205,1537.98,0.0325,0.1308,"Cleveland-Elyria, OH"
1191,Medina County,OH,202206,1558.12,0.0131,0.1125,"Cleveland-Elyria, OH"
1191,Medina County,OH,202207,1584.27,0.0168,0.1165,"Cleveland-Elyria, OH"
1191,Medina County,OH,202208,1574.02,-0.0065,0.0608,"Cleveland-Elyria, OH"
1191,Medina County,OH,202209,1576.58,0.0016,0.0641,"Cleveland-Elyria, OH"
1191,Medina County,OH,202210,1579.81,0.002,0.0538,"Cleveland-Elyria, OH"
1191,Medina County,OH,202211,1565.02,-0.0094,0.0618,"Cleveland-Elyria, OH"
1191,Medina County,OH,202212,1566.3,0.0008,0.0537,"Cleveland-Elyria, OH"
1191,Medina County,OH,202301,1570.7,0.0028,0.0747,"Cleveland-Elyria, OH"
1191,Medina County,OH,202302,1594.62,0.0152,0.1009,"Cleveland-Elyria, OH"
1191,Medina County,OH,202303,1603.79,0.0058,0.0981,"Cleveland-Elyria, OH"
1191,Medina County,OH,202304,1604.28,0.0003,0.077,"Cleveland-Elyria, OH"
1191,Medina County,OH,202305,1601.3,-0.0019,0.0412,"Cleveland-Elyria, OH"
1191,Medina County,OH,202306,1595.42,-0.0037,0.0239,"Cleveland-Elyria, OH"
1191,Medina County,OH,202307,1622.5,0.017,0.0241,"Cleveland-Elyria, OH"
1191,Medina County,OH,202308,1642.04,0.012,0.0432,"Cleveland-Elyria, OH"
1191,Medina County,OH,202309,1654.19,0.0074,0.0492,"Cleveland-Elyria, OH"
1191,Medina County,OH,202310,1641.23,-0.0078,0.0389,"Cleveland-Elyria, OH"
1191,Medina County,OH,202311,1659.71,0.0113,0.0605,"Cleveland-Elyria, OH"
1191,Medina County,OH,202312,1661.27,0.0009,0.0606,"Cleveland-Elyria, OH"
1191,Medina County,OH,202401,1670.27,0.0054,0.0634,"Cleveland-Elyria, OH"
1191,Medina County,OH,202402,1673.48,0.0019,0.0495,"Cleveland-Elyria, OH"
1191,Medina County,OH,202403,1692.98,0.0117,0.0556,"Cleveland-Elyria, OH"
1191,Medina County,OH,202404,1708.01,0.0089,0.0647,"Cleveland-Elyria, OH"
1191,Medina County,OH,202405,1707.53,-0.0003,0.0663,"Cleveland-Elyria, OH"
1191,Medina County,OH,202406,1713.97,0.0038,0.0743,"Cleveland-Elyria, OH"
1191,Medina County,OH,202407,1707.76,-0.0036,0.0525,"Cleveland-Elyria, OH"
1191,Medina County,OH,202408,1711.01,0.0019,0.042,"Cleveland-Elyria, OH"
1191,Medina County,OH,202409,1716.47,0.0032,0.0376,"Cleveland-Elyria, OH"
1191,Medina County,OH,202410,1714.59,-0.0011,0.0447,"Cleveland-Elyria, OH"
1191,Medina County,OH,202411,1720.64,0.0035,0.0367,"Cleveland-Elyria, OH"
1191,Medina County,OH,202412,1706.16,-0.0084,0.027,"Cleveland-Elyria, OH"
1191,Medina County,OH,202501,1714.15,0.0047,0.0263,"Cleveland-Elyria, OH"
1191,Medina County,OH,202502,1705.59,-0.005,0.0192,"Cleveland-Elyria, OH"
1191,Medina County,OH,202503,1726.37,0.0122,0.0197,"Cleveland-Elyria, OH"
1191,Medina County,OH,202504,1727.96,0.0009,0.0117,"Cleveland-Elyria, OH"
1191,Medina County,OH,202505,1742.54,0.0084,0.0205,"Cleveland-Elyria, OH"
1191,Medina County,OH,202506,1741.1,-0.0008,0.0158,"Cleveland-Elyria, OH"
1191,Medina County,OH,202507,1759.08,0.0103,0.03,"Cleveland-Elyria, OH"
1191,Medina County,OH,202508,1777.06,0.0102,0.0386,"Cleveland-Elyria, OH"
1191,Medina County,OH,202509,1788.74,0.0066,0.0421,"Cleveland-Elyria, OH"
1191,Medina County,OH,202510,1786.33,-0.0013,0.0418,"Cleveland-Elyria, OH"
1191,Medina County,OH,202511,1792.8,0.0036,0.0419,"Cleveland-Elyria, OH"
1191,Medina County,OH,202512,1804.02,0.0063,0.0574,"Cleveland-Elyria, OH"
1191,Medina County,OH,202601,1822.18,0.0101,0.063,"Cleveland-Elyria, OH"
1191,Medina County,OH,202602,1813.53,-0.0047,0.0633,"Cleveland-Elyria, OH"
1191,Medina County,OH,202603,1809.41,-0.0023,0.0481,"Cleveland-Elyria, OH"
1191,Medina County,OH,202604,1804.91,-0.0025,0.0445,"Cleveland-Elyria, OH"
1191,Medina County,OH,202605,1820.72,0.0088,0.0449,"Cleveland-Elyria, OH"
1191,Medina County,OH,202606,1831.69,0.006,0.052,"Cleveland-Elyria, OH"
1191,Medina County,OH,202607,1841.79,0.0055,0.047,"Cleveland-Elyria, OH"
1191,Medina County,OH,202608,1842.99,0.0007,0.0371,"Cleveland-Elyria, OH"
1301,Ottawa County,OH,202608,1800.0,,,"Toledo, OH"
1387,Shelby County,OH,202507,1202.06,,,"Sidney, OH"
1387,Shelby County,OH,202508,1208.33,0.0052,,"Sidney, OH"
1387,Shelby County,OH,202509,1220.03,0.0097,,"Sidney, OH"
1387,Shelby County,OH,202510,1217.72,-0.0019,,"Sidney, OH"
1387,Shelby County,OH,202511,1219.26,0.0013,,"Sidney, OH"
1387,Shelby County,OH,202512,1206.12,-0.0108,,"Sidney, OH"
1387,Shelby County,OH,202601,1217.48,0.0094,,"Sidney, OH"
1387,Shelby County,OH,202602,1227.38,0.0081,,"Sidney, OH"
1387,Shelby County,OH,202603,1234.34,0.0057,,"Sidney, OH"
1387,Shelby County,OH,202604,1245.95,0.0094,,"Sidney, OH"
1387,Shelby County,OH,202605,1254.58,0.0069,,"Sidney, OH"
1387,Shelby County,OH,202606,1265.09,0.0084,,"Sidney, OH"
1387,Shelby County,OH,202607,1260.95,-0.0033,0.049,"Sidney, OH"
1387,Shelby County,OH,202608,1259.97,-0.0008,0.0427,"Sidney, OH"
1404,Summit County,OH,201501,709.31,,,"Akron, OH"
1404,Summit County,OH,201502,715.58,0.0088,,"Akron, OH"
1404,Summit County,OH,201503,710.27,-0.0074,,"Akron, OH"
1404,Summit County,OH,201504,716.51,0.0088,,"Akron, OH"
1404,Summit County,OH,201505,718.8,0.0032,,"Akron, OH"
1404,Summit County,OH,201506,724.56,0.008,,"Akron, OH"
1404,Summit County,OH,201507,729.84,0.0073,,"Akron, OH"
1404,Summit County,OH,201508,728.82,-0.0014,,"Akron, OH"
1404,Summit County,OH,201509,726.13,-0.0037,,"Akron, OH"
1404,Summit County,OH,201510,726.1,-0.0,,"Akron, OH"
1404,Summit County,OH,201511,725.86,-0.0003,,"Akron, OH"
1404,Summit County,OH,201512,733.08,0.0099,,"Akron, OH"
1404,Summit County,OH,201601,734.21,0.0015,0.0351,"Akron, OH"
1404,Summit County,OH,201602,735.15,0.0013,0.0273,"Akron, OH"
1404,Summit County,OH,201603,731.01,-0.0056,0.0292,"Akron, OH"
1404,Summit County,OH,201604,730.78,-0.0003,0.0199,"Akron, OH"
1404,Summit County,OH,201605,733.54,0.0038,0.0205,"Akron, OH"
1404,Summit County,OH,201606,744.52,0.015,0.0275,"Akron, OH"
1404,Summit County,OH,201607,749.41,0.0066,0.0268,"Akron, OH"
1404,Summit County,OH,201608,750.59,0.0016,0.0299,"Akron, OH"
1404,Summit County,OH,201609,746.32,-0.0057,0.0278,"Akron, OH"
1404,Summit County,OH,201610,744.63,-0.0023,0.0255,"Akron, OH"
1404,Summit County,OH,201611,743.04,-0.0021,0.0237,"Akron, OH"
1404,Summit County,OH,201612,740.89,-0.0029,0.0107,"Akron, OH"
1404,Summit County,OH,201701,740.43,-0.0006,0.0085,"Akron, OH"
1404,Summit County,OH,201702,745.11,0.0063,0.0136,"Akron, OH"
1404,Summit County,OH,201703,753.3,0.011,0.0305,"Akron, OH"
1404,Summit County,OH,201704,760.2,0.0092,0.0403,"Akron, OH"
1404,Summit County,OH,201705,766.89,0.0088,0.0455,"Akron, OH"
1404,Summit County,OH,201706,769.53,0.0034,0.0336,"Akron, OH"
1404,Summit County,OH,201707,772.99,0.0045,0.0315,"Akron, OH"
1404,Summit County,OH,201708,771.61,-0.0018,0.028,"Akron, OH"
1404,Summit County,OH,201709,767.53,-0.0053,0.0284,"Akron, OH"
1404,Summit County,OH,201710,764.2,-0.0043,0.0263,"Akron, OH"
1404,Summit County,OH,201711,762.05,-0.0028,0.0256,"Akron, OH"
1404,Summit County,OH,201712,762.33,0.0004,0.0289,"Akron, OH"
1404,Summit County,OH,201801,766.18,0.005,0.0348,"Akron, OH"
1404,Summit County,OH,201802,769.01,0.0037,0.0321,"Akron, OH"
1404,Summit County,OH,201803,775.76,0.0088,0.0298,"Akron, OH"
1404,Summit County,OH,201804,777.17,0.0018,0.0223,"Akron, OH"
1404,Summit County,OH,201805,777.06,-0.0001,0.0133,"Akron, OH"
1404,Summit County,OH,201806,778.79,0.0022,0.012,"Akron, OH"
1404,Summit County,OH,201807,780.41,0.0021,0.0096,"Akron, OH"
1404,Summit County,OH,201808,782.58,0.0028,0.0142,"Akron, OH"
1404,Summit County,OH,201809,781.38,-0.0015,0.018,"Akron, OH"
1404,Summit County,OH,201810,781.41,0.0,0.0225,"Akron, OH"
1404,Summit County,OH,201811,782.32,0.0012,0.0266,"Akron, OH"
1404,Summit County,OH,201812,784.82,0.0032,0.0295,"Akron, OH"
1404,Summit County,OH,201901,789.45,0.0059,0.0304,"Akron, OH"
1404,Summit County,OH,201902,793.48,0.0051,0.0318,"Akron, OH"
1404,Summit County,OH,201903,803.77,0.013,0.0361,"Akron, OH"
1404,Summit County,OH,201904,803.55,-0.0003,0.0339,"Akron, OH"
1404,Summit County,OH,201905,809.0,0.0068,0.0411,"Akron, OH"
1404,Summit County,OH,201906,808.41,-0.0007,0.038,"Akron, OH"
1404,Summit County,OH,201907,814.19,0.0071,0.0433,"Akron, OH"
1404,Summit County,OH,201908,819.7,0.0068,0.0474,"Akron, OH"
1404,Summit County,OH,201909,819.2,-0.0006,0.0484,"Akron, OH"
1404,Summit County,OH,201910,818.43,-0.0009,0.0474,"Akron, OH"
1404,Summit County,OH,201911,812.9,-0.0068,0.0391,"Akron, OH"
1404,Summit County,OH,201912,814.17,0.0016,0.0374,"Akron, OH"
1404,Summit County,OH,202001,819.07,0.006,0.0375,"Akron, OH"
1404,Summit County,OH,202002,821.23,0.0026,0.035,"Akron, OH"
1404,Summit County,OH,202003,829.99,0.0107,0.0326,"Akron, OH"
1404,Summit County,OH,202004,837.0,0.0084,0.0416,"Akron, OH"
1404,Summit County,OH,202005,848.91,0.0142,0.0493,"Akron, OH"
1404,Summit County,OH,202006,852.83,0.0046,0.0549,"Akron, OH"
1404,Summit County,OH,202007,856.56,0.0044,0.0521,"Akron, OH"
1404,Summit County,OH,202008,857.68,0.0013,0.0463,"Akron, OH"
1404,Summit County,OH,202009,858.78,0.0013,0.0483,"Akron, OH"
1404,Summit County,OH,202010,863.36,0.0053,0.0549,"Akron, OH"
1404,Summit County,OH,202011,867.65,0.005,0.0673,"Akron, OH"
1404,Summit County,OH,202012,874.06,0.0074,0.0736,"Akron, OH"
1404,Summit County,OH,202101,880.69,0.0076,0.0752,"Akron, OH"
1404,Summit County,OH,202102,890.69,0.0114,0.0846,"Akron, OH"
1404,Summit County,OH,202103,895.21,0.0051,0.0786,"Akron, OH"
1404,Summit County,OH,202104,904.95,0.0109,0.0812,"Akron, OH"
1404,Summit County,OH,202105,922.21,0.0191,0.0863,"Akron, OH"
1404,Summit County,OH,202106,939.47,0.0187,0.1016,"Akron, OH"
1404,Summit County,OH,202107,952.43,0.0138,0.1119,"Akron, OH"
1404,Summit County,OH,202108,961.76,0.0098,0.1213,"Akron, OH"
1404,Summit County,OH,202109,966.47,0.0049,0.1254,"Akron, OH"
1404,Summit County,OH,202110,969.08,0.0027,0.1224,"Akron, OH"
1404,Summit County,OH,202111,972.32,0.0033,0.1206,"Akron, OH"
1404,Summit County,OH,202112,974.53,0.0023,0.115,"Akron, OH"
1404,Summit County,OH,202201,980.48,0.0061,0.1133,"Akron, OH"
1404,Summit County,OH,202202,987.02,0.0067,0.1082,"Akron, OH"
1404,Summit County,OH,202203,999.74,0.0129,0.1168,"Akron, OH"
1404,Summit County,OH,202204,1017.78,0.018,0.1247,"Akron, OH"
1404,Summit County,OH,202205,1026.48,0.0085,0.1131,"Akron, OH"
1404,Summit County,OH,202206,1044.46,0.0175,0.1118,"Akron, OH"
1404,Summit County,OH,202207,1049.23,0.0046,0.1016,"Akron, OH"
1404,Summit County,OH,202208,1060.0,0.0103,0.1021,"Akron, OH"
1404,Summit County,OH,202209,1061.99,0.0019,0.0988,"Akron, OH"
1404,Summit County,OH,202210,1069.52,0.0071,0.1036,"Akron, OH"
1404,Summit County,OH,202211,1070.98,0.0014,0.1015,"Akron, OH"
1404,Summit County,OH,202212,1077.77,0.0063,0.1059,"Akron, OH"
1404,Summit County,OH,202301,1078.16,0.0004,0.0996,"Akron, OH"
1404,Summit County,OH,202302,1076.57,-0.0015,0.0907,"Akron, OH"
1404,Summit County,OH,202303,1079.26,0.0025,0.0795,"Akron, OH"
1404,Summit County,OH,202304,1092.05,0.0119,0.073,"Akron, OH"
1404,Summit County,OH,202305,1107.18,0.0138,0.0786,"Akron, OH"
1404,Summit County,OH,202306,1117.44,0.0093,0.0699,"Akron, OH"
1404,Summit County,OH,202307,1120.69,0.0029,0.0681,"Akron, OH"
1404,Summit County,OH,202308,1126.39,0.0051,0.0626,"Akron, OH"
1404,Summit County,OH,202309,1127.97,0.0014,0.0621,"Akron, OH"
1404,Summit County,OH,202310,1126.64,-0.0012,0.0534,"Akron, OH"
1404,Summit County,OH,202311,1127.89,0.0011,0.0531,"Akron, OH"
1404,Summit County,OH,202312,1132.42,0.004,0.0507,"Akron, OH"
1404,Summit County,OH,202401,1143.5,0.0098,0.0606,"Akron, OH"
1404,Summit County,OH,202402,1149.83,0.0055,0.0681,"Akron, OH"
1404,Summit County,OH,202403,1149.18,-0.0006,0.0648,"Akron, OH"
1404,Summit County,OH,202404,1148.79,-0.0003,0.052,"Akron, OH"
1404,Summit County,OH,202405,1156.5,0.0067,0.0446,"Akron, OH"
1404,Summit County,OH,202406,1171.56,0.013,0.0484,"Akron, OH"
1404,Summit County,OH,202407,1183.08,0.0098,0.0557,"Akron, OH"
1404,Summit County,OH,202408,1189.35,0.0053,0.0559,"Akron, OH"
1404,Summit County,OH,202409,1190.79,0.0012,0.0557,"Akron, OH"
1404,Summit County,OH,202410,1191.48,0.0006,0.0576,"Akron, OH"
1404,Summit County,OH,202411,1189.65,-0.0015,0.0548,"Akron, OH"
1404,Summit County,OH,202412,1187.94,-0.0014,0.049,"Akron, OH"
1404,Summit County,OH,202501,1193.43,0.0046,0.0437,"Akron, OH"
1404,Summit County,OH,202502,1202.02,0.0072,0.0454,"Akron, OH"
1404,Summit County,OH,202503,1206.96,0.0041,0.0503,"Akron, OH"
1404,Summit County,OH,202504,1207.09,0.0001,0.0507,"Akron, OH"
1404,Summit County,OH,202505,1205.84,-0.001,0.0427,"Akron, OH"
1404,Summit County,OH,202506,1211.91,0.005,0.0344,"Akron, OH"
1404,Summit County,OH,202507,1218.2,0.0052,0.0297,"Akron, OH"
1404,Summit County,OH,202508,1228.17,0.0082,0.0326,"Akron, OH"
1404,Summit County,OH,202509,1239.11,0.0089,0.0406,"Akron, OH"
1404,Summit County,OH,202510,1237.12,-0.0016,0.0383,"Akron, OH"
1404,Summit County,OH,202511,1228.3,-0.0071,0.0325,"Akron, OH"
1404,Summit County,OH,202512,1229.49,0.001,0.035,"Akron, OH"
1404,Summit County,OH,202601,1237.24,0.0063,0.0367,"Akron, OH"
1404,Summit County,OH,202602,1250.18,0.0105,0.0401,"Akron, OH"
1404,Summit County,OH,202603,1255.14,0.004,0.0399,"Akron, OH"
1404,Summit County,OH,202604,1258.9,0.003,0.0429,"Akron, OH"
1404,Summit County,OH,202605,1267.3,0.0067,0.051,"Akron, OH"
1404,Summit County,OH,202606,1275.69,0.0066,0.0526,"Akron, OH"
1404,Summit County,OH,202607,1285.79,0.0079,0.0555,"Akron, OH"
1404,Summit County,OH,202608,1287.93,0.0017,0.0487,"Akron, OH"
1480,Warren County,OH,201501,1121.19,,,"Cincinnati, OH-KY-IN"
1480,Warren County,OH,201502,1125.36,0.0037,,"Cincinnati, OH-KY-IN"
1480,Warren County,OH,201503,1130.58,0.0046,,"Cincinnati, OH-KY-IN"
1480,Warren County,OH,201504,1138.64,0.0071,,"Cincinnati, OH-KY-IN"
1480,Warren County,OH,201505,1144.89,0.0055,,"Cincinnati, OH-KY-IN"
1480,Warren County,OH,201506,1163.81,0.0165,,"Cincinnati, OH-KY-IN"
1480,Warren County,OH,201507,1167.48,0.0032,,"Cincinnati, OH-KY-IN"
1480,Warren County,OH,201508,1168.32,0.0007,,"Cincinnati, OH-KY-IN"
1480,Warren County,OH,201509,1157.47,-0.0093,,"Cincinnati, OH-KY-IN"
1480,Warren County,OH,201510,1165.58,0.007,,"Cincinnati, OH-KY-IN"
1480,Warren County,OH,201511,1162.28,-0.0028,,"Cincinnati, OH-KY-IN"
1480,Warren County,OH,201512,1163.88,0.0014,,"Cincinnati, OH-KY-IN"
1480,Warren County,OH,201601,1161.36,-0.0022,0.0358,"Cincinnati, OH-KY-IN"
1480,Warren County,OH,201602,1159.3,-0.0018,0.0302,"Cincinnati, OH-KY-IN"
1480,Warren County,OH,201603,1167.6,0.0072,0.0327,"Cincinnati, OH-KY-IN"
1480,Warren County,OH,201604,1180.18,0.0108,0.0365,"Cincinnati, OH-KY-IN"
1480,Warren County,OH,201605,1200.25,0.017,0.0484,"Cincinnati, OH-KY-IN"
1480,Warren County,OH,201606,1209.33,0.0076,0.0391,"Cincinnati, OH-KY-IN"
1480,Warren County,OH,201607,1211.43,0.0017,0.0376,"Cincinnati, OH-KY-IN"
1480,Warren County,OH,201608,1212.93,0.0012,0.0382,"Cincinnati, OH-KY-IN"
1480,Warren County,OH,201609,1199.93,-0.0107,0.0367,"Cincinnati, OH-KY-IN"
1480,Warren County,OH,201610,1198.43,-0.0013,0.0282,"Cincinnati, OH-KY-IN"
1480,Warren County,OH,201611,1183.19,-0.0127,0.018,"Cincinnati, OH-KY-IN"
1480,Warren County,OH,201612,1188.8,0.0047,0.0214,"Cincinnati, OH-KY-IN"
1480,Warren County,OH,201701,1192.02,0.0027,0.0264,"Cincinnati, OH-KY-IN"
1480,Warren County,OH,201702,1210.53,0.0155,0.0442,"Cincinnati, OH-KY-IN"
1480,Warren County,OH,201703,1218.16,0.0063,0.0433,"Cincinnati, OH-KY-IN"
1480,Warren County,OH,201704,1237.21,0.0156,0.0483,"Cincinnati, OH-KY-IN"
1480,Warren County,OH,201705,1248.04,0.0088,0.0398,"Cincinnati, OH-KY-IN"
1480,Warren County,OH,201706,1258.31,0.0082,0.0405,"Cincinnati, OH-KY-IN"
1480,Warren County,OH,201707,1246.2,-0.0096,0.0287,"Cincinnati, OH-KY-IN"
1480,Warren County,OH,201708,1239.65,-0.0053,0.022,"Cincinnati, OH-KY-IN"
1480,Warren County,OH,201709,1240.65,0.0008,0.0339,"Cincinnati, OH-KY-IN"
1480,Warren County,OH,201710,1241.91,0.001,0.0363,"Cincinnati, OH-KY-IN"
1480,Warren County,OH,201711,1237.94,-0.0032,0.0463,"Cincinnati, OH-KY-IN"
1480,Warren County,OH,201712,1232.13,-0.0047,0.0364,"Cincinnati, OH-KY-IN"
1480,Warren County,OH,201801,1231.89,-0.0002,0.0334,"Cincinnati, OH-KY-IN"
1480,Warren County,OH,201802,1236.14,0.0035,0.0212,"Cincinnati, OH-KY-IN"
1480,Warren County,OH,201803,1240.8,0.0038,0.0186,"Cincinnati, OH-KY-IN"
1480,Warren County,OH,201804,1250.79,0.0081,0.011,"Cincinnati, OH-KY-IN"
1480,Warren County,OH,201805,1261.27,0.0084,0.0106,"Cincinnati, OH-KY-IN"
1480,Warren County,OH,201806,1266.55,0.0042,0.0065,"Cincinnati, OH-KY-IN"
1480,Warren County,OH,201807,1263.45,-0.0024,0.0138,"Cincinnati, OH-KY-IN"
1480,Warren County,OH,201808,1257.33,-0.0048,0.0143,"Cincinnati, OH-KY-IN"
1480,Warren County,OH,201809,1265.59,0.0066,0.0201,"Cincinnati, OH-KY-IN"
1480,Warren County,OH,201810,1267.91,0.0018,0.0209,"Cincinnati, OH-KY-IN"
1480,Warren County,OH,201811,1261.68,-0.0049,0.0192,"Cincinnati, OH-KY-IN"
1480,Warren County,OH,201812,1254.8,-0.0055,0.0184,"Cincinnati, OH-KY-IN"
1480,Warren County,OH,201901,1255.88,0.0009,0.0195,"Cincinnati, OH-KY-IN"
1480,Warren County,OH,201902,1269.97,0.0112,0.0274,"Cincinnati, OH-KY-IN"
1480,Warren County,OH,201903,1286.42,0.013,0.0368,"Cincinnati, OH-KY-IN"
1480,Warren County,OH,201904,1302.44,0.0124,0.0413,"Cincinnati, OH-KY-IN"
1480,Warren County,OH,201905,1315.86,0.0103,0.0433,"Cincinnati, OH-KY-IN"
1480,Warren County,OH,201906,1317.82,0.0015,0.0405,"Cincinnati, OH-KY-IN"
1480,Warren County,OH,201907,1315.71,-0.0016,0.0414,"Cincinnati, OH-KY-IN"
1480,Warren County,OH,201908,1313.04,-0.002,0.0443,"Cincinnati, OH-KY-IN"
1480,Warren County,OH,201909,1313.13,0.0001,0.0376,"Cincinnati, OH-KY-IN"
1480,Warren County,OH,201910,1310.08,-0.0023,0.0333,"Cincinnati, OH-KY-IN"
1480,Warren County,OH,201911,1318.8,0.0067,0.0453,"Cincinnati, OH-KY-IN"
1480,Warren County,OH,201912,1315.29,-0.0027,0.0482,"Cincinnati, OH-KY-IN"
1480,Warren County,OH,202001,1328.46,0.01,0.0578,"Cincinnati, OH-KY-IN"
1480,Warren County,OH,202002,1328.72,0.0002,0.0463,"Cincinnati, OH-KY-IN"
1480,Warren County,OH,202003,1340.6,0.0089,0.0421,"Cincinnati, OH-KY-IN"
1480,Warren County,OH,202004,1343.88,0.0024,0.0318,"Cincinnati, OH-KY-IN"
1480,Warren County,OH,202005,1351.64,0.0058,0.0272,"Cincinnati, OH-KY-IN"
1480,Warren County,OH,202006,1357.37,0.0042,0.03,"Cincinnati, OH-KY-IN"
1480,Warren County,OH,202007,1362.39,0.0037,0.0355,"Cincinnati, OH-KY-IN"
1480,Warren County,OH,202008,1368.66,0.0046,0.0424,"Cincinnati, OH-KY-IN"
1480,Warren County,OH,202009,1375.69,0.0051,0.0476,"Cincinnati, OH-KY-IN"
1480,Warren County,OH,202010,1386.31,0.0077,0.0582,"Cincinnati, OH-KY-IN"
1480,Warren County,OH,202011,1399.81,0.0097,0.0614,"Cincinnati, OH-KY-IN"
1480,Warren County,OH,202012,1399.79,-0.0,0.0642,"Cincinnati, OH-KY-IN"
1480,Warren County,OH,202101,1395.97,-0.0027,0.0508,"Cincinnati, OH-KY-IN"
1480,Warren County,OH,202102,1389.47,-0.0047,0.0457,"Cincinnati, OH-KY-IN"
1480,Warren County,OH,202103,1402.63,0.0095,0.0463,"Cincinnati, OH-KY-IN"
1480,Warren County,OH,202104,1415.78,0.0094,0.0535,"Cincinnati, OH-KY-IN"
1480,Warren County,OH,202105,1435.51,0.0139,0.062,"Cincinnati, OH-KY-IN"
1480,Warren County,OH,202106,1451.21,0.0109,0.0691,"Cincinnati, OH-KY-IN"
1480,Warren County,OH,202107,1477.12,0.0179,0.0842,"Cincinnati, OH-KY-IN"
1480,Warren County,OH,202108,1489.72,0.0085,0.0884,"Cincinnati, OH-KY-IN"
1480,Warren County,OH,202109,1512.21,0.0151,0.0992,"Cincinnati, OH-KY-IN"
1480,Warren County,OH,202110,1522.81,0.007,0.0985,"Cincinnati, OH-KY-IN"
1480,Warren County,OH,202111,1532.41,0.0063,0.0947,"Cincinnati, OH-KY-IN"
1480,Warren County,OH,202112,1542.33,0.0065,0.1018,"Cincinnati, OH-KY-IN"
1480,Warren County,OH,202201,1540.52,-0.0012,0.1035,"Cincinnati, OH-KY-IN"
1480,Warren County,OH,202202,1557.16,0.0108,0.1207,"Cincinnati, OH-KY-IN"
1480,Warren County,OH,202203,1559.81,0.0017,0.1121,"Cincinnati, OH-KY-IN"
1480,Warren County,OH,202204,1592.08,0.0207,0.1245,"Cincinnati, OH-KY-IN"
1480,Warren County,OH,202205,1603.06,0.0069,0.1167,"Cincinnati, OH-KY-IN"
1480,Warren County,OH,202206,1630.16,0.0169,0.1233,"Cincinnati, OH-KY-IN"
1480,Warren County,OH,202207,1647.86,0.0109,0.1156,"Cincinnati, OH-KY-IN"
1480,Warren County,OH,202208,1665.56,0.0107,0.118,"Cincinnati, OH-KY-IN"
1480,Warren County,OH,202209,1667.56,0.0012,0.1027,"Cincinnati, OH-KY-IN"
1480,Warren County,OH,202210,1659.13,-0.0051,0.0895,"Cincinnati, OH-KY-IN"
1480,Warren County,OH,202211,1649.05,-0.0061,0.0761,"Cincinnati, OH-KY-IN"
1480,Warren County,OH,202212,1646.61,-0.0015,0.0676,"Cincinnati, OH-KY-IN"
1480,Warren County,OH,202301,1649.24,0.0016,0.0706,"Cincinnati, OH-KY-IN"
1480,Warren County,OH,202302,1662.66,0.0081,0.0678,"Cincinnati, OH-KY-IN"
1480,Warren County,OH,202303,1675.69,0.0078,0.0743,"Cincinnati, OH-KY-IN"
1480,Warren County,OH,202304,1686.88,0.0067,0.0595,"Cincinnati, OH-KY-IN"
1480,Warren County,OH,202305,1702.42,0.0092,0.062,"Cincinnati, OH-KY-IN"
1480,Warren County,OH,202306,1711.2,0.0052,0.0497,"Cincinnati, OH-KY-IN"
1480,Warren County,OH,202307,1723.61,0.0073,0.046,"Cincinnati, OH-KY-IN"
1480,Warren County,OH,202308,1729.97,0.0037,0.0387,"Cincinnati, OH-KY-IN"
1480,Warren County,OH,202309,1728.55,-0.0008,0.0366,"Cincinnati, OH-KY-IN"
1480,Warren County,OH,202310,1715.8,-0.0074,0.0342,"Cincinnati, OH-KY-IN"
1480,Warren County,OH,202311,1708.13,-0.0045,0.0358,"Cincinnati, OH-KY-IN"
1480,Warren County,OH,202312,1717.09,0.0052,0.0428,"Cincinnati, OH-KY-IN"
1480,Warren County,OH,202401,1733.58,0.0096,0.0511,"Cincinnati, OH-KY-IN"
1480,Warren County,OH,202402,1742.34,0.0051,0.0479,"Cincinnati, OH-KY-IN"
1480,Warren County,OH,202403,1744.4,0.0012,0.041,"Cincinnati, OH-KY-IN"
1480,Warren County,OH,202404,1764.88,0.0117,0.0462,"Cincinnati, OH-KY-IN"
1480,Warren County,OH,202405,1778.49,0.0077,0.0447,"Cincinnati, OH-KY-IN"
1480,Warren County,OH,202406,1806.89,0.016,0.0559,"Cincinnati, OH-KY-IN"
1480,Warren County,OH,202407,1812.17,0.0029,0.0514,"Cincinnati, OH-KY-IN"
1480,Warren County,OH,202408,1828.55,0.009,0.057,"Cincinnati, OH-KY-IN"
1480,Warren County,OH,202409,1834.16,0.0031,0.0611,"Cincinnati, OH-KY-IN"
1480,Warren County,OH,202410,1828.43,-0.0031,0.0656,"Cincinnati, OH-KY-IN"
1480,Warren County,OH,202411,1822.44,-0.0033,0.0669,"Cincinnati, OH-KY-IN"
1480,Warren County,OH,202412,1815.67,-0.0037,0.0574,"Cincinnati, OH-KY-IN"
1480,Warren County,OH,202501,1819.78,0.0023,0.0497,"Cincinnati, OH-KY-IN"
1480,Warren County,OH,202502,1832.99,0.0073,0.052,"Cincinnati, OH-KY-IN"
1480,Warren County,OH,202503,1846.08,0.0071,0.0583,"Cincinnati, OH-KY-IN"
1480,Warren County,OH,202504,1877.66,0.0171,0.0639,"Cincinnati, OH-KY-IN"
1480,Warren County,OH,202505,1892.27,0.0078,0.064,"Cincinnati, OH-KY-IN"
1480,Warren County,OH,202506,1893.72,0.0008,0.0481,"Cincinnati, OH-KY-IN"
1480,Warren County,OH,202507,1889.94,-0.002,0.0429,"Cincinnati, OH-KY-IN"
1480,Warren County,OH,202508,1894.27,0.0023,0.0359,"Cincinnati, OH-KY-IN"
1480,Warren County,OH,202509,1914.29,0.0106,0.0437,"Cincinnati, OH-KY-IN"
1480,Warren County,OH,202510,1914.41,0.0001,0.047,"Cincinnati, OH-KY-IN"
1480,Warren County,OH,202511,1908.8,-0.0029,0.0474,"Cincinnati, OH-KY-IN"
1480,Warren County,OH,202512,1889.13,-0.0103,0.0405,"Cincinnati, OH-KY-IN"
1480,Warren County,OH,202601,1888.42,-0.0004,0.0377,"Cincinnati, OH-KY-IN"
1480,Warren County,OH,202602,1893.68,0.0028,0.0331,"Cincinnati, OH-KY-IN"
1480,Warren County,OH,202603,1910.63,0.009,0.035,"Cincinnati, OH-KY-IN"
1480,Warren County,OH,202604,1927.76,0.009,0.0267,"Cincinnati, OH-KY-IN"
1480,Warren County,OH,202605,1938.51,0.0056,0.0244,"Cincinnati, OH-KY-IN"
1480,Warren County,OH,202606,1952.79,0.0074,0.0312,"Cincinnati, OH-KY-IN"
1480,Warren County,OH,202607,1951.12,-0.0009,0.0324,"Cincinnati, OH-KY-IN"
1480,Warren County,OH,202608,1951.68,0.0003,0.0303,"Cincinnati, OH-KY-IN"
1519,Ashland County,OH,202408,832.16,,,"Ashland, OH"
1519,Ashland County,OH,202409,832.8,0.0008,,"Ashland, OH"
1519,Ashland County,OH,202410,849.44,0.02,,"Ashland, OH"
1519,Ashland County,OH,202411,847.48,-0.0023,,"Ashland, OH"
1519,Ashland County,OH,202412,851.39,0.0046,,"Ashland, OH"
1519,Ashland County,OH,202501,849.88,-0.0018,,"Ashland, OH"
1519,Ashland County,OH,202502,844.49,-0.0063,,"Ashland, OH"
1519,Ashland County,OH,202503,850.1,0.0066,,"Ashland, OH"
1519,Ashland County,OH,202504,833.35,-0.0197,,"Ashland, OH"
1519,Ashland County,OH,202505,836.12,0.0033,,"Ashland, OH"
1519,Ashland County,OH,202506,834.94,-0.0014,,"Ashland, OH"
1519,Ashland County,OH,202507,876.06,0.0492,,"Ashland, OH"
1519,Ashland County,OH,202508,875.11,-0.0011,0.0516,"Ashland, OH"
1519,Ashland County,OH,202509,889.15,0.0161,0.0677,"Ashland, OH"
1519,Ashland County,OH,202510,872.0,-0.0193,0.0266,"Ashland, OH"
1519,Ashland County,OH,202511,889.15,0.0197,0.0492,"Ashland, OH"
1519,Ashland County,OH,202512,878.79,-0.0117,0.0322,"Ashland, OH"
1519,Ashland County,OH,202601,900.65,0.0249,0.0597,"Ashland, OH"
1519,Ashland County,OH,202602,896.61,-0.0045,0.0617,"Ashland, OH"
1519,Ashland County,OH,202603,912.55,0.0178,0.0735,"Ashland, OH"
1519,Ashland County,OH,202604,953.36,0.0447,0.144,"Ashland, OH"
1519,Ashland County,OH,202605,971.28,0.0188,0.1617,"Ashland, OH"
1519,Ashland County,OH,202606,965.89,-0.0055,0.1568,"Ashland, OH"
1519,Ashland County,OH,202607,929.06,-0.0381,0.0605,"Ashland, OH"
1519,Ashland County,OH,202608,927.95,-0.0012,0.0604,"Ashland, OH"
1540,Belmont County,OH,202602,865.95,,,"Wheeling, WV-OH"
1540,Belmont County,OH,202603,842.58,-0.027,,"Wheeling, WV-OH"
1540,Belmont County,OH,202604,846.93,0.0052,,"Wheeling, WV-OH"
1540,Belmont County,OH,202605,881.81,0.0412,,"Wheeling, WV-OH"
1540,Belmont County,OH,202606,889.28,0.0085,,"Wheeling, WV-OH"
1540,Belmont County,OH,202607,884.94,-0.0049,,"Wheeling, WV-OH"
1540,Belmont County,OH,202608,893.0,0.0091,,"Wheeling, WV-OH"
1702,Fayette County,OH,202608,1100.0,,,"Washington Court House, OH"
1755,Hancock County,OH,202207,1194.54,,,"Findlay, OH"
1755,Hancock County,OH,202208,1167.72,-0.0225,,"Findlay, OH"
1755,Hancock County,OH,202209,1154.06,-0.0117,,"Findlay, OH"
1755,Hancock County,OH,202210,1149.02,-0.0044,,"Findlay, OH"
1755,Hancock County,OH,202211,1145.08,-0.0034,,"Findlay, OH"
1755,Hancock County,OH,202212,1140.27,-0.0042,,"Findlay, OH"
1755,Hancock County,OH,202301,1157.71,0.0153,,"Findlay, OH"
1755,Hancock County,OH,202302,1152.37,-0.0046,,"Findlay, OH"
1755,Hancock County,OH,202303,1169.19,0.0146,,"Findlay, OH"
1755,Hancock County,OH,202304,1165.04,-0.0035,,"Findlay, OH"
1755,Hancock County,OH,202305,1174.11,0.0078,,"Findlay, OH"
1755,Hancock County,OH,202306,1166.82,-0.0062,,"Findlay, OH"
1755,Hancock County,OH,202307,1169.21,0.0021,-0.0212,"Findlay, OH"
1755,Hancock County,OH,202308,1196.83,0.0236,0.0249,"Findlay, OH"
1755,Hancock County,OH,202309,1219.12,0.0186,0.0564,"Findlay, OH"
1755,Hancock County,OH,202310,1229.09,0.0082,0.0697,"Findlay, OH"
1755,Hancock County,OH,202311,1224.47,-0.0038,0.0693,"Findlay, OH"
1755,Hancock County,OH,202312,1223.03,-0.0012,0.0726,"Findlay, OH"
1755,Hancock County,OH,202401,1228.58,0.0045,0.0612,"Findlay, OH"
1755,Hancock County,OH,202402,1229.52,0.0008,0.0669,"Findlay, OH"
1755,Hancock County,OH,202403,1228.88,-0.0005,0.0511,"Findlay, OH"
1755,Hancock County,OH,202404,1238.49,0.0078,0.063,"Findlay, OH"
1755,Hancock County,OH,202405,1262.8,0.0196,0.0755,"Findlay, OH"
1755,Hancock County,OH,202406,1275.11,0.0097,0.0928,"Findlay, OH"
1755,Hancock County,OH,202407,1331.53,0.0442,0.1388,"Findlay, OH"
1755,Hancock County,OH,202408,1336.1,0.0034,0.1164,"Findlay, OH"
1755,Hancock County,OH,202409,1346.95,0.0081,0.1049,"Findlay, OH"
1755,Hancock County,OH,202410,1311.52,-0.0263,0.0671,"Findlay, OH"
1755,Hancock County,OH,202411,1305.94,-0.0043,0.0665,"Findlay, OH"
1755,Hancock County,OH,202412,1276.05,-0.0229,0.0434,"Findlay, OH"
1755,Hancock County,OH,202501,1277.92,0.0015,0.0402,"Findlay, OH"
1755,Hancock County,OH,202502,1294.31,0.0128,0.0527,"Findlay, OH"
1755,Hancock County,OH,202503,1330.54,0.028,0.0827,"Findlay, OH"
1755,Hancock County,OH,202504,1338.2,0.0058,0.0805,"Findlay, OH"
1755,Hancock County,OH,202505,1328.98,-0.0069,0.0524,"Findlay, OH"
1755,Hancock County,OH,202506,1337.47,0.0064,0.0489,"Findlay, OH"
1755,Hancock County,OH,202507,1346.25,0.0066,0.0111,"Findlay, OH"
1755,Hancock County,OH,202508,1367.01,0.0154,0.0231,"Findlay, OH"
1755,Hancock County,OH,202509,1365.03,-0.0014,0.0134,"Findlay, OH"
1755,Hancock County,OH,202510,1341.05,-0.0176,0.0225,"Findlay, OH"
1755,Hancock County,OH,202511,1371.84,0.023,0.0505,"Findlay, OH"
1755,Hancock County,OH,202512,1393.99,0.0161,0.0924,"Findlay, OH"
1755,Hancock County,OH,202601,1400.96,0.005,0.0963,"Findlay, OH"
1755,Hancock County,OH,202602,1395.36,-0.004,0.0781,"Findlay, OH"
1755,Hancock County,OH,202603,1393.69,-0.0012,0.0475,"Findlay, OH"
1755,Hancock County,OH,202604,1424.13,0.0218,0.0642,"Findlay, OH"
1755,Hancock County,OH,202605,1412.37,-0.0083,0.0627,"Findlay, OH"
1755,Hancock County,OH,202606,1455.36,0.0304,0.0881,"Findlay, OH"
1755,Hancock County,OH,202607,1453.33,-0.0014,0.0795,"Findlay, OH"
1755,Hancock County,OH,202608,1455.75,0.0017,0.0649,"Findlay, OH"
1862,Licking County,OH,201603,1014.33,,,"Columbus, OH"
1862,Licking County,OH,201604,1020.33,0.0059,,"Columbus, OH"
1862,Licking County,OH,201605,1051.22,0.0303,,"Columbus, OH"
1862,Licking County,OH,201606,1046.81,-0.0042,,"Columbus, OH"
1862,Licking County,OH,201607,1060.56,0.0131,,"Columbus, OH"
1862,Licking County,OH,201608,1046.51,-0.0132,,"Columbus, OH"
1862,Licking County,OH,201609,1061.2,0.014,,"Columbus, OH"
1862,Licking County,OH,201610,1069.51,0.0078,,"Columbus, OH"
1862,Licking County,OH,201611,1070.36,0.0008,,"Columbus, OH"
1862,Licking County,OH,201612,1064.15,-0.0058,,"Columbus, OH"
1862,Licking County,OH,201701,1055.37,-0.0083,,"Columbus, OH"
1862,Licking County,OH,201702,1065.68,0.0098,,"Columbus, OH"
1862,Licking County,OH,201703,1072.73,0.0066,0.0576,"Columbus, OH"
1862,Licking County,OH,201704,1082.3,0.0089,0.0607,"Columbus, OH"
1862,Licking County,OH,201705,1082.19,-0.0001,0.0295,"Columbus, OH"
1862,Licking County,OH,201706,1089.31,0.0066,0.0406,"Columbus, OH"
1862,Licking County,OH,201707,1094.48,0.0047,0.032,"Columbus, OH"
1862,Licking County,OH,201708,1090.79,-0.0034,0.0423,"Columbus, OH"
1862,Licking County,OH,201709,1092.55,0.0016,0.0295,"Columbus, OH"
1862,Licking County,OH,201710,1101.09,0.0078,0.0295,"Columbus, OH"
1862,Licking County,OH,201711,1105.47,0.004,0.0328,"Columbus, OH"
1862,Licking County,OH,201712,1124.73,0.0174,0.0569,"Columbus, OH"
1862,Licking County,OH,201801,1114.09,-0.0095,0.0556,"Columbus, OH"
1862,Licking County,OH,201802,1131.34,0.0155,0.0616,"Columbus, OH"
1862,Licking County,OH,201803,1135.94,0.0041,0.0589,"Columbus, OH"
1862,Licking County,OH,201804,1157.54,0.019,0.0695,"Columbus, OH"
1862,Licking County,OH,201805,1158.67,0.001,0.0707,"Columbus, OH"
1862,Licking County,OH,201806,1151.09,-0.0065,0.0567,"Columbus, OH"
1862,Licking County,OH,201807,1146.33,-0.0041,0.0474,"Columbus, OH"
1862,Licking County,OH,201808,1147.13,0.0007,0.0517,"Columbus, OH"
1862,Licking County,OH,201809,1143.73,-0.003,0.0468,"Columbus, OH"
1862,Licking County,OH,201810,1144.2,0.0004,0.0392,"Columbus, OH"
1862,Licking County,OH,201811,1154.08,0.0086,0.044,"Columbus, OH"
1862,Licking County,OH,201812,1175.32,0.0184,0.045,"Columbus, OH"
1862,Licking County,OH,201901,1184.38,0.0077,0.0631,"Columbus, OH"
1862,Licking County,OH,201902,1185.65,0.0011,0.048,"Columbus, OH"
1862,Licking County,OH,201903,1181.49,-0.0035,0.0401,"Columbus, OH"
1862,Licking County,OH,201904,1203.55,0.0187,0.0397,"Columbus, OH"
1862,Licking County,OH,201905,1206.71,0.0026,0.0415,"Columbus, OH"
1862,Licking County,OH,201906,1210.89,0.0035,0.052,"Columbus, OH"
1862,Licking County,OH,201907,1202.99,-0.0065,0.0494,"Columbus, OH"
1862,Licking County,OH,201908,1204.41,0.0012,0.0499,"Columbus, OH"
1862,Licking County,OH,201909,1206.6,0.0018,0.055,"Columbus, OH"
1862,Licking County,OH,201910,1200.56,-0.005,0.0493,"Columbus, OH"
1862,Licking County,OH,201911,1205.59,0.0042,0.0446,"Columbus, OH"
1862,Licking County,OH,201912,1210.57,0.0041,0.03,"Columbus, OH"
1862,Licking County,OH,202001,1226.25,0.0129,0.0354,"Columbus, OH"
1862,Licking County,OH,202002,1234.17,0.0065,0.0409,"Columbus, OH"
1862,Licking County,OH,202003,1230.21,-0.0032,0.0412,"Columbus, OH"
1862,Licking County,OH,202004,1224.8,-0.0044,0.0177,"Columbus, OH"
1862,Licking County,OH,202005,1225.02,0.0002,0.0152,"Columbus, OH"
1862,Licking County,OH,202006,1234.98,0.0081,0.0199,"Columbus, OH"
1862,Licking County,OH,202007,1253.66,0.0151,0.0421,"Columbus, OH"
1862,Licking County,OH,202008,1257.24,0.0029,0.0439,"Columbus, OH"
1862,Licking County,OH,202009,1270.92,0.0109,0.0533,"Columbus, OH"
1862,Licking County,OH,202010,1278.15,0.0057,0.0646,"Columbus, OH"
1862,Licking County,OH,202011,1324.26,0.0361,0.0984,"Columbus, OH"
1862,Licking County,OH,202012,1338.64,0.0109,0.1058,"Columbus, OH"
1862,Licking County,OH,202101,1341.74,0.0023,0.0942,"Columbus, OH"
1862,Licking County,OH,202102,1338.12,-0.0027,0.0842,"Columbus, OH"
1862,Licking County,OH,202103,1347.42,0.007,0.0953,"Columbus, OH"
1862,Licking County,OH,202104,1363.3,0.0118,0.1131,"Columbus, OH"
1862,Licking County,OH,202105,1364.98,0.0012,0.1143,"Columbus, OH"
1862,Licking County,OH,202106,1396.39,0.023,0.1307,"Columbus, OH"
1862,Licking County,OH,202107,1427.98,0.0226,0.1391,"Columbus, OH"
1862,Licking County,OH,202108,1461.35,0.0234,0.1623,"Columbus, OH"
1862,Licking County,OH,202109,1444.62,-0.0114,0.1367,"Columbus, OH"
1862,Licking County,OH,202110,1444.02,-0.0004,0.1298,"Columbus, OH"
1862,Licking County,OH,202111,1439.4,-0.0032,0.0869,"Columbus, OH"
1862,Licking County,OH,202112,1438.42,-0.0007,0.0745,"Columbus, OH"
1862,Licking County,OH,202201,1439.64,0.0009,0.073,"Columbus, OH"
1862,Licking County,OH,202202,1427.81,-0.0082,0.067,"Columbus, OH"
1862,Licking County,OH,202203,1445.98,0.0127,0.0731,"Columbus, OH"
1862,Licking County,OH,202204,1459.05,0.009,0.0702,"Columbus, OH"
1862,Licking County,OH,202205,1494.79,0.0245,0.0951,"Columbus, OH"
1862,Licking County,OH,202206,1521.57,0.0179,0.0896,"Columbus, OH"
1862,Licking County,OH,202207,1552.55,0.0204,0.0872,"Columbus, OH"
1862,Licking County,OH,202208,1566.92,0.0093,0.0722,"Columbus, OH"
1862,Licking County,OH,202209,1574.46,0.0048,0.0899,"Columbus, OH"
1862,Licking County,OH,202210,1545.59,-0.0183,0.0703,"Columbus, OH"
1862,Licking County,OH,202211,1558.61,0.0084,0.0828,"Columbus, OH"
1862,Licking County,OH,202212,1571.08,0.008,0.0922,"Columbus, OH"
1862,Licking County,OH,202301,1599.28,0.0179,0.1109,"Columbus, OH"
1862,Licking County,OH,202302,1582.48,-0.0105,0.1083,"Columbus, OH"
1862,Licking County,OH,202303,1581.19,-0.0008,0.0935,"Columbus, OH"
1862,Licking County,OH,202304,1606.06,0.0157,0.1008,"Columbus, OH"
1862,Licking County,OH,202305,1630.51,0.0152,0.0908,"Columbus, OH"
1862,Licking County,OH,202306,1641.67,0.0068,0.0789,"Columbus, OH"
1862,Licking County,OH,202307,1644.3,0.0016,0.0591,"Columbus, OH"
1862,Licking County,OH,202308,1649.59,0.0032,0.0528,"Columbus, OH"
1862,Licking County,OH,202309,1633.13,-0.01,0.0373,"Columbus, OH"
1862,Licking County,OH,202310,1634.01,0.0005,0.0572,"Columbus, OH"
1862,Licking County,OH,202311,1649.09,0.0092,0.0581,"Columbus, OH"
1862,Licking County,OH,202312,1680.57,0.0191,0.0697,"Columbus, OH"
1862,Licking County,OH,202401,1687.72,0.0043,0.0553,"Columbus, OH"
1862,Licking County,OH,202402,1682.29,-0.0032,0.0631,"Columbus, OH"
1862,Licking County,OH,202403,1683.26,0.0006,0.0646,"Columbus, OH"
1862,Licking County,OH,202404,1690.04,0.004,0.0523,"Columbus, OH"
1862,Licking County,OH,202405,1698.83,0.0052,0.0419,"Columbus, OH"
1862,Licking County,OH,202406,1714.92,0.0095,0.0446,"Columbus, OH"
1862,Licking County,OH,202407,1728.54,0.0079,0.0512,"Columbus, OH"
1862,Licking County,OH,202408,1738.25,0.0056,0.0537,"Columbus, OH"
1862,Licking County,OH,202409,1746.34,0.0047,0.0693,"Columbus, OH"
1862,Licking County,OH,202410,1735.42,-0.0063,0.0621,"Columbus, OH"
1862,Licking County,OH,202411,1747.78,0.0071,0.0598,"Columbus, OH"
1862,Licking County,OH,202412,1743.17,-0.0026,0.0372,"Columbus, OH"
1862,Licking County,OH,202501,1761.67,0.0106,0.0438,"Columbus, OH"
1862,Licking County,OH,202502,1768.01,0.0036,0.051,"Columbus, OH"
1862,Licking County,OH,202503,1782.48,0.0082,0.0589,"Columbus, OH"
1862,Licking County,OH,202504,1792.52,0.0056,0.0606,"Columbus, OH"
1862,Licking County,OH,202505,1795.52,0.0017,0.0569,"Columbus, OH"
1862,Licking County,OH,202506,1807.83,0.0069,0.0542,"Columbus, OH"
1862,Licking County,OH,202507,1810.91,0.0017,0.0477,"Columbus, OH"
1862,Licking County,OH,202508,1815.37,0.0025,0.0444,"Columbus, OH"
1862,Licking County,OH,202509,1814.02,-0.0007,0.0388,"Columbus, OH"
1862,Licking County,OH,202510,1815.06,0.0006,0.0459,"Columbus, OH"
1862,Licking County,OH,202511,1801.72,-0.0074,0.0309,"Columbus, OH"
1862,Licking County,OH,202512,1806.95,0.0029,0.0366,"Columbus, OH"
1862,Licking County,OH,202601,1825.16,0.0101,0.036,"Columbus, OH"
1862,Licking County,OH,202602,1842.05,0.0093,0.0419,"Columbus, OH"
1862,Licking County,OH,202603,1861.56,0.0106,0.0444,"Columbus, OH"
1862,Licking County,OH,202604,1851.63,-0.0053,0.033,"Columbus, OH"
1862,Licking County,OH,202605,1871.96,0.011,0.0426,"Columbus, OH"
1862,Licking County,OH,202606,1846.6,-0.0135,0.0214,"Columbus, OH"
1862,Licking County,OH,202607,1877.21,0.0166,0.0366,"Columbus, OH"
1862,Licking County,OH,202608,1882.25,0.0027,0.0368,"Columbus, OH"
1910,Madison County,OH,202504,1750.14,,,"Columbus, OH"
1910,Madison County,OH,202505,1796.55,0.0265,,"Columbus, OH"
1910,Madison County,OH,202506,1827.82,0.0174,,"Columbus, OH"
1910,Madison County,OH,202507,1819.64,-0.0045,,"Columbus, OH"
1910,Madison County,OH,202508,1792.26,-0.015,,"Columbus, OH"
1910,Madison County,OH,202509,1786.45,-0.0032,,"Columbus, OH"
1910,Madison County,OH,202510,1787.55,0.0006,,"Columbus, OH"
1910,Madison County,OH,202511,1791.3,0.0021,,"Columbus, OH"
1910,Madison County,OH,202512,1788.9,-0.0013,,"Columbus, OH"
1910,Madison County,OH,202601,1795.55,0.0037,,"Columbus, OH"
1910,Madison County,OH,202602,1816.5,0.0117,,"Columbus, OH"
1910,Madison County,OH,202603,1855.79,0.0216,,"Columbus, OH"
1910,Madison County,OH,202604,1881.79,0.014,0.0752,"Columbus, OH"
1910,Madison County,OH,202605,1892.95,0.0059,0.0537,"Columbus, OH"
1910,Madison County,OH,202606,1890.87,-0.0011,0.0345,"Columbus, OH"
1910,Madison County,OH,202607,1923.53,0.0173,0.0571,"Columbus, OH"
1910,Madison County,OH,202608,1915.74,-0.0041,0.0689,"Columbus, OH"
1975,Portage County,OH,201705,839.58,,,"Akron, OH"
1975,Portage County,OH,201706,843.42,0.0046,,"Akron, OH"
1975,Portage County,OH,201707,854.7,0.0134,,"Akron, OH"
1975,Portage County,OH,201708,864.41,0.0114,,"Akron, OH"
1975,Portage County,OH,201709,856.84,-0.0088,,"Akron, OH"
1975,Portage County,OH,201711,844.17,-0.0148,,"Akron, OH"
1975,Portage County,OH,201712,860.73,0.0196,,"Akron, OH"
1975,Portage County,OH,201801,856.17,-0.0053,,"Akron, OH"
1975,Portage County,OH,201802,869.13,0.0151,,"Akron, OH"
1975,Portage County,OH,201803,870.66,0.0018,,"Akron, OH"
1975,Portage County,OH,201804,887.35,0.0192,,"Akron, OH"
1975,Portage County,OH,201805,903.73,0.0185,,"Akron, OH"
1975,Portage County,OH,201806,894.9,-0.0098,0.0659,"Akron, OH"
1975,Portage County,OH,201807,894.49,-0.0005,0.0606,"Akron, OH"
1975,Portage County,OH,201808,889.84,-0.0052,0.0411,"Akron, OH"
1975,Portage County,OH,201809,893.02,0.0036,0.0331,"Akron, OH"
1975,Portage County,OH,201810,891.46,-0.0017,0.0404,"Akron, OH"
1975,Portage County,OH,201811,901.89,0.0117,0.0684,"Akron, OH"
1975,Portage County,OH,201812,902.65,0.0008,0.0487,"Akron, OH"
1975,Portage County,OH,201901,889.94,-0.0141,0.0394,"Akron, OH"
1975,Portage County,OH,201902,890.81,0.001,0.0249,"Akron, OH"
1975,Portage County,OH,201903,904.37,0.0152,0.0387,"Akron, OH"
1975,Portage County,OH,201904,934.0,0.0328,0.0526,"Akron, OH"
1975,Portage County,OH,201905,942.34,0.0089,0.0427,"Akron, OH"
1975,Portage County,OH,201906,947.68,0.0057,0.059,"Akron, OH"
1975,Portage County,OH,201907,939.73,-0.0084,0.0506,"Akron, OH"
1975,Portage County,OH,201908,937.73,-0.0021,0.0538,"Akron, OH"
1975,Portage County,OH,201909,924.98,-0.0136,0.0358,"Akron, OH"
1975,Portage County,OH,201910,925.12,0.0001,0.0378,"Akron, OH"
1975,Portage County,OH,201911,928.09,0.0032,0.029,"Akron, OH"
1975,Portage County,OH,201912,927.13,-0.001,0.0271,"Akron, OH"
1975,Portage County,OH,202001,922.54,-0.005,0.0366,"Akron, OH"
1975,Portage County,OH,202002,914.64,-0.0086,0.0267,"Akron, OH"
1975,Portage County,OH,202003,935.16,0.0224,0.034,"Akron, OH"
1975,Portage County,OH,202004,958.16,0.0246,0.0259,"Akron, OH"
1975,Portage County,OH,202005,981.11,0.0239,0.0411,"Akron, OH"
1975,Portage County,OH,202006,991.42,0.0105,0.0462,"Akron, OH"
1975,Portage County,OH,202007,1004.88,0.0136,0.0693,"Akron, OH"
1975,Portage County,OH,202008,1010.92,0.006,0.0781,"Akron, OH"
1975,Portage County,OH,202009,1011.34,0.0004,0.0934,"Akron, OH"
1975,Portage County,OH,202010,995.53,-0.0156,0.0761,"Akron, OH"
1975,Portage County,OH,202011,975.8,-0.0198,0.0514,"Akron, OH"
1975,Portage County,OH,202012,979.48,0.0038,0.0565,"Akron, OH"
1975,Portage County,OH,202101,997.68,0.0186,0.0814,"Akron, OH"
1975,Portage County,OH,202102,1007.7,0.01,0.1017,"Akron, OH"
1975,Portage County,OH,202103,1021.44,0.0136,0.0923,"Akron, OH"
1975,Portage County,OH,202104,1032.55,0.0109,0.0776,"Akron, OH"
1975,Portage County,OH,202105,1060.94,0.0275,0.0814,"Akron, OH"
1975,Portage County,OH,202106,1075.63,0.0138,0.0849,"Akron, OH"
1975,Portage County,OH,202107,1074.06,-0.0015,0.0688,"Akron, OH"
1975,Portage County,OH,202108,1076.96,0.0027,0.0653,"Akron, OH"
1975,Portage County,OH,202109,1070.0,-0.0065,0.058,"Akron, OH"
1975,Portage County,OH,202110,1063.51,-0.0061,0.0683,"Akron, OH"
1975,Portage County,OH,202111,1075.17,0.011,0.1018,"Akron, OH"
1975,Portage County,OH,202112,1090.58,0.0143,0.1134,"Akron, OH"
1975,Portage County,OH,202201,1101.93,0.0104,0.1045,"Akron, OH"
1975,Portage County,OH,202202,1123.8,0.0198,0.1152,"Akron, OH"
1975,Portage County,OH,202203,1134.55,0.0096,0.1107,"Akron, OH"
1975,Portage County,OH,202204,1164.91,0.0268,0.1282,"Akron, OH"
1975,Portage County,OH,202205,1165.84,0.0008,0.0989,"Akron, OH"
1975,Portage County,OH,202206,1194.49,0.0246,0.1105,"Akron, OH"
1975,Portage County,OH,202207,1203.78,0.0078,0.1208,"Akron, OH"
1975,Portage County,OH,202208,1215.9,0.0101,0.129,"Akron, OH"
1975,Portage County,OH,202209,1208.23,-0.0063,0.1292,"Akron, OH"
1975,Portage County,OH,202210,1198.83,-0.0078,0.1272,"Akron, OH"
1975,Portage County,OH,202211,1216.07,0.0144,0.1311,"Akron, OH"
1975,Portage County,OH,202212,1217.57,0.0012,0.1164,"Akron, OH"
1975,Portage County,OH,202301,1219.5,0.0016,0.1067,"Akron, OH"
1975,Portage County,OH,202302,1211.45,-0.0066,0.078,"Akron, OH"
1975,Portage County,OH,202303,1208.12,-0.0027,0.0648,"Akron, OH"
1975,Portage County,OH,202304,1239.06,0.0256,0.0637,"Akron, OH"
1975,Portage County,OH,202305,1255.22,0.013,0.0767,"Akron, OH"
1975,Portage County,OH,202306,1290.99,0.0285,0.0808,"Akron, OH"
1975,Portage County,OH,202307,1301.36,0.008,0.0811,"Akron, OH"
1975,Portage County,OH,202308,1292.62,-0.0067,0.0631,"Akron, OH"
1975,Portage County,OH,202309,1286.42,-0.0048,0.0647,"Akron, OH"
1975,Portage County,OH,202310,1286.25,-0.0001,0.0729,"Akron, OH"
1975,Portage County,OH,202311,1295.83,0.0074,0.0656,"Akron, OH"
1975,Portage County,OH,202312,1292.72,-0.0024,0.0617,"Akron, OH"
1975,Portage County,OH,202401,1314.9,0.0172,0.0782,"Akron, OH"
1975,Portage County,OH,202402,1333.31,0.014,0.1006,"Akron, OH"
1975,Portage County,OH,202403,1345.71,0.0093,0.1139,"Akron, OH"
1975,Portage County,OH,202404,1330.41,-0.0114,0.0737,"Akron, OH"
1975,Portage County,OH,202405,1324.77,-0.0042,0.0554,"Akron, OH"
1975,Portage County,OH,202406,1347.92,0.0175,0.0441,"Akron, OH"
1975,Portage County,OH,202407,1362.53,0.0108,0.047,"Akron, OH"
1975,Portage County,OH,202408,1386.55,0.0176,0.0727,"Akron, OH"
1975,Portage County,OH,202409,1388.04,0.0011,0.079,"Akron, OH"
1975,Portage County,OH,202410,1395.35,0.0053,0.0848,"Akron, OH"
1975,Portage County,OH,202411,1392.95,-0.0017,0.0749,"Akron, OH"
1975,Portage County,OH,202412,1390.1,-0.002,0.0753,"Akron, OH"
1975,Portage County,OH,202501,1392.78,0.0019,0.0592,"Akron, OH"
1975,Portage County,OH,202502,1392.92,0.0001,0.0447,"Akron, OH"
1975,Portage County,OH,202503,1381.58,-0.0081,0.0267,"Akron, OH"
1975,Portage County,OH,202504,1381.48,-0.0001,0.0384,"Akron, OH"
1975,Portage County,OH,202505,1394.7,0.0096,0.0528,"Akron, OH"
1975,Portage County,OH,202506,1419.53,0.0178,0.0531,"Akron, OH"
1975,Portage County,OH,202507,1447.91,0.02,0.0627,"Akron, OH"
1975,Portage County,OH,202508,1467.8,0.0137,0.0586,"Akron, OH"
1975,Portage County,OH,202509,1481.88,0.0096,0.0676,"Akron, OH"
1975,Portage County,OH,202510,1465.02,-0.0114,0.0499,"Akron, OH"
1975,Portage County,OH,202511,1445.55,-0.0133,0.0378,"Akron, OH"
1975,Portage County,OH,202512,1443.79,-0.0012,0.0386,"Akron, OH"
1975,Portage County,OH,202601,1457.76,0.0097,0.0466,"Akron, OH"
1975,Portage County,OH,202602,1480.88,0.0159,0.0631,"Akron, OH"
1975,Portage County,OH,202603,1486.24,0.0036,0.0757,"Akron, OH"
1975,Portage County,OH,202604,1509.95,0.016,0.093,"Akron, OH"
1975,Portage County,OH,202605,1502.82,-0.0047,0.0775,"Akron, OH"
1975,Portage County,OH,202606,1520.75,0.0119,0.0713,"Akron, OH"
1975,Portage County,OH,202607,1528.96,0.0054,0.056,"Akron, OH"
1975,Portage County,OH,202608,1544.96,0.0105,0.0526,"Akron, OH"
2206,Clermont County,OH,201605,873.37,,,"Cincinnati, OH-KY-IN"
2206,Clermont County,OH,201606,863.93,-0.0108,,"Cincinnati, OH-KY-IN"
2206,Clermont County,OH,201607,864.79,0.001,,"Cincinnati, OH-KY-IN"
2206,Clermont County,OH,201608,866.58,0.0021,,"Cincinnati, OH-KY-IN"
2206,Clermont County,OH,201609,866.34,-0.0003,,"Cincinnati, OH-KY-IN"
2206,Clermont County,OH,201610,869.31,0.0034,,"Cincinnati, OH-KY-IN"
2206,Clermont County,OH,201611,872.32,0.0035,,"Cincinnati, OH-KY-IN"
2206,Clermont County,OH,201612,867.59,-0.0054,,"Cincinnati, OH-KY-IN"
2206,Clermont County,OH,201701,876.35,0.0101,,"Cincinnati, OH-KY-IN"
2206,Clermont County,OH,201702,880.68,0.0049,,"Cincinnati, OH-KY-IN"
2206,Clermont County,OH,201703,896.49,0.018,,"Cincinnati, OH-KY-IN"
2206,Clermont County,OH,201704,891.74,-0.0053,,"Cincinnati, OH-KY-IN"
2206,Clermont County,OH,201705,894.4,0.003,0.0241,"Cincinnati, OH-KY-IN"
2206,Clermont County,OH,201706,892.83,-0.0017,0.0335,"Cincinnati, OH-KY-IN"
2206,Clermont County,OH,201707,899.5,0.0075,0.0401,"Cincinnati, OH-KY-IN"
2206,Clermont County,OH,201708,896.32,-0.0035,0.0343,"Cincinnati, OH-KY-IN"
2206,Clermont County,OH,201709,906.5,0.0114,0.0463,"Cincinnati, OH-KY-IN"
2206,Clermont County,OH,201710,901.27,-0.0058,0.0368,"Cincinnati, OH-KY-IN"
2206,Clermont County,OH,201711,911.4,0.0112,0.0448,"Cincinnati, OH-KY-IN"
2206,Clermont County,OH,201712,908.45,-0.0032,0.0471,"Cincinnati, OH-KY-IN"
2206,Clermont County,OH,201801,909.79,0.0015,0.0382,"Cincinnati, OH-KY-IN"
2206,Clermont County,OH,201802,911.23,0.0016,0.0347,"Cincinnati, OH-KY-IN"
2206,Clermont County,OH,201803,914.65,0.0038,0.0203,"Cincinnati, OH-KY-IN"
2206,Clermont County,OH,201804,928.93,0.0156,0.0417,"Cincinnati, OH-KY-IN"
2206,Clermont County,OH,201805,928.15,-0.0008,0.0377,"Cincinnati, OH-KY-IN"
2206,Clermont County,OH,201806,933.35,0.0056,0.0454,"Cincinnati, OH-KY-IN"
2206,Clermont County,OH,201807,930.96,-0.0026,0.035,"Cincinnati, OH-KY-IN"
2206,Clermont County,OH,201808,939.08,0.0087,0.0477,"Cincinnati, OH-KY-IN"
2206,Clermont County,OH,201809,937.88,-0.0013,0.0346,"Cincinnati, OH-KY-IN"
2206,Clermont County,OH,201810,939.93,0.0022,0.0429,"Cincinnati, OH-KY-IN"
2206,Clermont County,OH,201811,932.41,-0.008,0.023,"Cincinnati, OH-KY-IN"
2206,Clermont County,OH,201812,929.41,-0.0032,0.0231,"Cincinnati, OH-KY-IN"
2206,Clermont County,OH,201901,929.91,0.0005,0.0221,"Cincinnati, OH-KY-IN"
2206,Clermont County,OH,201902,941.64,0.0126,0.0334,"Cincinnati, OH-KY-IN"
2206,Clermont County,OH,201903,956.82,0.0161,0.0461,"Cincinnati, OH-KY-IN"
2206,Clermont County,OH,201904,965.0,0.0085,0.0388,"Cincinnati, OH-KY-IN"
2206,Clermont County,OH,201905,979.84,0.0154,0.0557,"Cincinnati, OH-KY-IN"
2206,Clermont County,OH,201906,975.09,-0.0048,0.0447,"Cincinnati, OH-KY-IN"
2206,Clermont County,OH,201907,984.28,0.0094,0.0573,"Cincinnati, OH-KY-IN"
2206,Clermont County,OH,201908,973.28,-0.0112,0.0364,"Cincinnati, OH-KY-IN"
2206,Clermont County,OH,201909,980.5,0.0074,0.0455,"Cincinnati, OH-KY-IN"
2206,Clermont County,OH,201910,973.1,-0.0075,0.0353,"Cincinnati, OH-KY-IN"
2206,Clermont County,OH,201911,974.22,0.0012,0.0448,"Cincinnati, OH-KY-IN"
2206,Clermont County,OH,201912,969.22,-0.0051,0.0428,"Cincinnati, OH-KY-IN"
2206,Clermont County,OH,202001,971.41,0.0023,0.0446,"Cincinnati, OH-KY-IN"
2206,Clermont County,OH,202002,977.53,0.0063,0.0381,"Cincinnati, OH-KY-IN"
2206,Clermont County,OH,202003,992.75,0.0156,0.0375,"Cincinnati, OH-KY-IN"
2206,Clermont County,OH,202004,1008.77,0.0161,0.0454,"Cincinnati, OH-KY-IN"
2206,Clermont County,OH,202005,1016.5,0.0077,0.0374,"Cincinnati, OH-KY-IN"
2206,Clermont County,OH,202006,1017.76,0.0012,0.0438,"Cincinnati, OH-KY-IN"
2206,Clermont County,OH,202007,1016.63,-0.0011,0.0329,"Cincinnati, OH-KY-IN"
2206,Clermont County,OH,202008,1027.65,0.0108,0.0559,"Cincinnati, OH-KY-IN"
2206,Clermont County,OH,202009,1038.24,0.0103,0.0589,"Cincinnati, OH-KY-IN"
2206,Clermont County,OH,202010,1047.17,0.0086,0.0761,"Cincinnati, OH-KY-IN"
2206,Clermont County,OH,202011,1022.91,-0.0232,0.05,"Cincinnati, OH-KY-IN"
2206,Clermont County,OH,202012,1014.13,-0.0086,0.0463,"Cincinnati, OH-KY-IN"
2206,Clermont County,OH,202101,1008.47,-0.0056,0.0381,"Cincinnati, OH-KY-IN"
2206,Clermont County,OH,202102,1036.98,0.0283,0.0608,"Cincinnati, OH-KY-IN"
2206,Clermont County,OH,202103,1057.94,0.0202,0.0657,"Cincinnati, OH-KY-IN"
2206,Clermont County,OH,202104,1091.02,0.0313,0.0815,"Cincinnati, OH-KY-IN"
2206,Clermont County,OH,202105,1109.9,0.0173,0.0919,"Cincinnati, OH-KY-IN"
2206,Clermont County,OH,202106,1131.17,0.0192,0.1114,"Cincinnati, OH-KY-IN"
2206,Clermont County,OH,202107,1151.36,0.0178,0.1325,"Cincinnati, OH-KY-IN"
2206,Clermont County,OH,202108,1166.5,0.0131,0.1351,"Cincinnati, OH-KY-IN"
2206,Clermont County,OH,202109,1165.91,-0.0005,0.123,"Cincinnati, OH-KY-IN"
2206,Clermont County,OH,202110,1161.41,-0.0039,0.1091,"Cincinnati, OH-KY-IN"
2206,Clermont County,OH,202111,1160.25,-0.001,0.1343,"Cincinnati, OH-KY-IN"
2206,Clermont County,OH,202112,1180.93,0.0178,0.1645,"Cincinnati, OH-KY-IN"
2206,Clermont County,OH,202201,1184.81,0.0033,0.1749,"Cincinnati, OH-KY-IN"
2206,Clermont County,OH,202202,1198.47,0.0115,0.1557,"Cincinnati, OH-KY-IN"
2206,Clermont County,OH,202203,1205.08,0.0055,0.1391,"Cincinnati, OH-KY-IN"
2206,Clermont County,OH,202204,1213.79,0.0072,0.1125,"Cincinnati, OH-KY-IN"
2206,Clermont County,OH,202205,1227.54,0.0113,0.106,"Cincinnati, OH-KY-IN"
2206,Clermont County,OH,202206,1246.03,0.0151,0.1015,"Cincinnati, OH-KY-IN"
2206,Clermont County,OH,202207,1270.77,0.0199,0.1037,"Cincinnati, OH-KY-IN"
2206,Clermont County,OH,202208,1278.24,0.0059,0.0958,"Cincinnati, OH-KY-IN"
2206,Clermont County,OH,202209,1259.26,-0.0149,0.0801,"Cincinnati, OH-KY-IN"
2206,Clermont County,OH,202210,1250.84,-0.0067,0.077,"Cincinnati, OH-KY-IN"
2206,Clermont County,OH,202211,1248.52,-0.0019,0.0761,"Cincinnati, OH-KY-IN"
2206,Clermont County,OH,202212,1262.26,0.011,0.0689,"Cincinnati, OH-KY-IN"
2206,Clermont County,OH,202301,1267.47,0.0041,0.0698,"Cincinnati, OH-KY-IN"
2206,Clermont County,OH,202302,1276.49,0.0071,0.0651,"Cincinnati, OH-KY-IN"
2206,Clermont County,OH,202303,1291.95,0.0121,0.0721,"Cincinnati, OH-KY-IN"
2206,Clermont County,OH,202304,1310.32,0.0142,0.0795,"Cincinnati, OH-KY-IN"
2206,Clermont County,OH,202305,1324.8,0.011,0.0792,"Cincinnati, OH-KY-IN"
2206,Clermont County,OH,202306,1332.79,0.006,0.0696,"Cincinnati, OH-KY-IN"
2206,Clermont County,OH,202307,1334.46,0.0013,0.0501,"Cincinnati, OH-KY-IN"
2206,Clermont County,OH,202308,1340.47,0.0045,0.0487,"Cincinnati, OH-KY-IN"
2206,Clermont County,OH,202309,1340.94,0.0004,0.0649,"Cincinnati, OH-KY-IN"
2206,Clermont County,OH,202310,1343.03,0.0016,0.0737,"Cincinnati, OH-KY-IN"
2206,Clermont County,OH,202311,1343.79,0.0006,0.0763,"Cincinnati, OH-KY-IN"
2206,Clermont County,OH,202312,1334.58,-0.0069,0.0573,"Cincinnati, OH-KY-IN"
2206,Clermont County,OH,202401,1343.65,0.0068,0.0601,"Cincinnati, OH-KY-IN"
2206,Clermont County,OH,202402,1351.8,0.0061,0.059,"Cincinnati, OH-KY-IN"
2206,Clermont County,OH,202403,1381.14,0.0217,0.069,"Cincinnati, OH-KY-IN"
2206,Clermont County,OH,202404,1392.53,0.0082,0.0627,"Cincinnati, OH-KY-IN"
2206,Clermont County,OH,202405,1401.18,0.0062,0.0577,"Cincinnati, OH-KY-IN"
2206,Clermont County,OH,202406,1399.75,-0.001,0.0502,"Cincinnati, OH-KY-IN"
2206,Clermont County,OH,202407,1402.33,0.0018,0.0509,"Cincinnati, OH-KY-IN"
2206,Clermont County,OH,202408,1399.01,-0.0024,0.0437,"Cincinnati, OH-KY-IN"
2206,Clermont County,OH,202409,1399.29,0.0002,0.0435,"Cincinnati, OH-KY-IN"
2206,Clermont County,OH,202410,1389.21,-0.0072,0.0344,"Cincinnati, OH-KY-IN"
2206,Clermont County,OH,202411,1383.01,-0.0045,0.0292,"Cincinnati, OH-KY-IN"
2206,Clermont County,OH,202412,1373.15,-0.0071,0.0289,"Cincinnati, OH-KY-IN"
2206,Clermont County,OH,202501,1375.46,0.0017,0.0237,"Cincinnati, OH-KY-IN"
2206,Clermont County,OH,202502,1394.16,0.0136,0.0313,"Cincinnati, OH-KY-IN"
2206,Clermont County,OH,202503,1412.11,0.0129,0.0224,"Cincinnati, OH-KY-IN"
2206,Clermont County,OH,202504,1427.23,0.0107,0.0249,"Cincinnati, OH-KY-IN"
2206,Clermont County,OH,202505,1436.6,0.0066,0.0253,"Cincinnati, OH-KY-IN"
2206,Clermont County,OH,202506,1453.07,0.0115,0.0381,"Cincinnati, OH-KY-IN"
2206,Clermont County,OH,202507,1465.07,0.0083,0.0447,"Cincinnati, OH-KY-IN"
2206,Clermont County,OH,202508,1465.29,0.0001,0.0474,"Cincinnati, OH-KY-IN"
2206,Clermont County,OH,202509,1446.54,-0.0128,0.0338,"Cincinnati, OH-KY-IN"
2206,Clermont County,OH,202510,1436.39,-0.007,0.034,"Cincinnati, OH-KY-IN"
2206,Clermont County,OH,202511,1439.24,0.002,0.0407,"Cincinnati, OH-KY-IN"
2206,Clermont County,OH,202512,1445.72,0.0045,0.0529,"Cincinnati, OH-KY-IN"
2206,Clermont County,OH,202601,1461.87,0.0112,0.0628,"Cincinnati, OH-KY-IN"
2206,Clermont County,OH,202602,1461.91,0.0,0.0486,"Cincinnati, OH-KY-IN"
2206,Clermont County,OH,202603,1481.15,0.0132,0.0489,"Cincinnati, OH-KY-IN"
2206,Clermont County,OH,202604,1491.69,0.0071,0.0452,"Cincinnati, OH-KY-IN"
2206,Clermont County,OH,202605,1501.07,0.0063,0.0449,"Cincinnati, OH-KY-IN"
2206,Clermont County,OH,202606,1496.14,-0.0033,0.0296,"Cincinnati, OH-KY-IN"
2206,Clermont County,OH,202607,1488.58,-0.0051,0.016,"Cincinnati, OH-KY-IN"
2206,Clermont County,OH,202608,1492.47,0.0026,0.0185,"Cincinnati, OH-KY-IN"
2241,Cuyahoga County,OH,201501,797.92,,,"Cleveland-Elyria, OH"
2241,Cuyahoga County,OH,201502,806.37,0.0106,,"Cleveland-Elyria, OH"
2241,Cuyahoga County,OH,201503,811.23,0.006,,"Cleveland-Elyria, OH"
2241,Cuyahoga County,OH,201504,819.32,0.01,,"Cleveland-Elyria, OH"
2241,Cuyahoga County,OH,201505,819.98,0.0008,,"Cleveland-Elyria, OH"
2241,Cuyahoga County,OH,201506,818.68,-0.0016,,"Cleveland-Elyria, OH"
2241,Cuyahoga County,OH,201507,818.14,-0.0007,,"Cleveland-Elyria, OH"
2241,Cuyahoga County,OH,201508,818.68,0.0007,,"Cleveland-Elyria, OH"
2241,Cuyahoga County,OH,201509,823.48,0.0059,,"Cleveland-Elyria, OH"
2241,Cuyahoga County,OH,201510,823.66,0.0002,,"Cleveland-Elyria, OH"
2241,Cuyahoga County,OH,201511,823.71,0.0001,,"Cleveland-Elyria, OH"
2241,Cuyahoga County,OH,201512,818.33,-0.0065,,"Cleveland-Elyria, OH"
2241,Cuyahoga County,OH,201601,822.31,0.0049,0.0306,"Cleveland-Elyria, OH"
2241,Cuyahoga County,OH,201602,824.18,0.0023,0.0221,"Cleveland-Elyria, OH"
2241,Cuyahoga County,OH,201603,826.97,0.0034,0.0194,"Cleveland-Elyria, OH"
2241,Cuyahoga County,OH,201604,822.34,-0.0056,0.0037,"Cleveland-Elyria, OH"
2241,Cuyahoga County,OH,201605,830.68,0.0101,0.013,"Cleveland-Elyria, OH"
2241,Cuyahoga County,OH,201606,837.52,0.0082,0.023,"Cleveland-Elyria, OH"
2241,Cuyahoga County,OH,201607,844.25,0.008,0.0319,"Cleveland-Elyria, OH"
2241,Cuyahoga County,OH,201608,840.79,-0.0041,0.027,"Cleveland-Elyria, OH"
2241,Cuyahoga County,OH,201609,841.34,0.0007,0.0217,"Cleveland-Elyria, OH"
2241,Cuyahoga County,OH,201610,841.85,0.0006,0.0221,"Cleveland-Elyria, OH"
2241,Cuyahoga County,OH,201611,839.02,-0.0034,0.0186,"Cleveland-Elyria, OH"
2241,Cuyahoga County,OH,201612,833.26,-0.0069,0.0182,"Cleveland-Elyria, OH"
2241,Cuyahoga County,OH,201701,833.32,0.0001,0.0134,"Cleveland-Elyria, OH"
2241,Cuyahoga County,OH,201702,838.88,0.0067,0.0178,"Cleveland-Elyria, OH"
2241,Cuyahoga County,OH,201703,849.78,0.013,0.0276,"Cleveland-Elyria, OH"
2241,Cuyahoga County,OH,201704,858.44,0.0102,0.0439,"Cleveland-Elyria, OH"
2241,Cuyahoga County,OH,201705,865.04,0.0077,0.0414,"Cleveland-Elyria, OH"
2241,Cuyahoga County,OH,201706,866.17,0.0013,0.0342,"Cleveland-Elyria, OH"
2241,Cuyahoga County,OH,201707,864.13,-0.0024,0.0235,"Cleveland-Elyria, OH"
2241,Cuyahoga County,OH,201708,864.26,0.0001,0.0279,"Cleveland-Elyria, OH"
2241,Cuyahoga County,OH,201709,865.27,0.0012,0.0284,"Cleveland-Elyria, OH"
2241,Cuyahoga County,OH,201710,866.83,0.0018,0.0297,"Cleveland-Elyria, OH"
2241,Cuyahoga County,OH,201711,867.21,0.0004,0.0336,"Cleveland-Elyria, OH"
2241,Cuyahoga County,OH,201712,861.85,-0.0062,0.0343,"Cleveland-Elyria, OH"
2241,Cuyahoga County,OH,201801,862.65,0.0009,0.0352,"Cleveland-Elyria, OH"
2241,Cuyahoga County,OH,201802,867.74,0.0059,0.0344,"Cleveland-Elyria, OH"
2241,Cuyahoga County,OH,201803,880.12,0.0143,0.0357,"Cleveland-Elyria, OH"
2241,Cuyahoga County,OH,201804,882.92,0.0032,0.0285,"Cleveland-Elyria, OH"
2241,Cuyahoga County,OH,201805,885.55,0.003,0.0237,"Cleveland-Elyria, OH"
2241,Cuyahoga County,OH,201806,887.66,0.0024,0.0248,"Cleveland-Elyria, OH"
2241,Cuyahoga County,OH,201807,891.98,0.0049,0.0322,"Cleveland-Elyria, OH"
2241,Cuyahoga County,OH,201808,895.42,0.0039,0.0361,"Cleveland-Elyria, OH"
2241,Cuyahoga County,OH,201809,894.49,-0.001,0.0338,"Cleveland-Elyria, OH"
2241,Cuyahoga County,OH,201810,899.1,0.0052,0.0372,"Cleveland-Elyria, OH"
2241,Cuyahoga County,OH,201811,898.11,-0.0011,0.0356,"Cleveland-Elyria, OH"
2241,Cuyahoga County,OH,201812,901.65,0.0039,0.0462,"Cleveland-Elyria, OH"
2241,Cuyahoga County,OH,201901,902.85,0.0013,0.0466,"Cleveland-Elyria, OH"
2241,Cuyahoga County,OH,201902,910.38,0.0083,0.0491,"Cleveland-Elyria, OH"
2241,Cuyahoga County,OH,201903,916.6,0.0068,0.0414,"Cleveland-Elyria, OH"
2241,Cuyahoga County,OH,201904,925.9,0.0101,0.0487,"Cleveland-Elyria, OH"
2241,Cuyahoga County,OH,201905,931.61,0.0062,0.052,"Cleveland-Elyria, OH"
2241,Cuyahoga County,OH,201906,938.82,0.0077,0.0576,"Cleveland-Elyria, OH"
2241,Cuyahoga County,OH,201907,938.05,-0.0008,0.0517,"Cleveland-Elyria, OH"
2241,Cuyahoga County,OH,201908,939.06,0.0011,0.0487,"Cleveland-Elyria, OH"
2241,Cuyahoga County,OH,201909,939.43,0.0004,0.0502,"Cleveland-Elyria, OH"
2241,Cuyahoga County,OH,201910,939.94,0.0005,0.0454,"Cleveland-Elyria, OH"
2241,Cuyahoga County,OH,201911,936.02,-0.0042,0.0422,"Cleveland-Elyria, OH"
2241,Cuyahoga County,OH,201912,937.82,0.0019,0.0401,"Cleveland-Elyria, OH"
2241,Cuyahoga County,OH,202001,939.64,0.0019,0.0408,"Cleveland-Elyria, OH"
2241,Cuyahoga County,OH,202002,951.01,0.0121,0.0446,"Cleveland-Elyria, OH"
2241,Cuyahoga County,OH,202003,960.27,0.0097,0.0476,"Cleveland-Elyria, OH"
2241,Cuyahoga County,OH,202004,973.21,0.0135,0.0511,"Cleveland-Elyria, OH"
2241,Cuyahoga County,OH,202005,978.51,0.0055,0.0503,"Cleveland-Elyria, OH"
2241,Cuyahoga County,OH,202006,985.29,0.0069,0.0495,"Cleveland-Elyria, OH"
2241,Cuyahoga County,OH,202007,990.06,0.0048,0.0554,"Cleveland-Elyria, OH"
2241,Cuyahoga County,OH,202008,1001.81,0.0119,0.0668,"Cleveland-Elyria, OH"
2241,Cuyahoga County,OH,202009,1009.5,0.0077,0.0746,"Cleveland-Elyria, OH"
2241,Cuyahoga County,OH,202010,1010.0,0.0005,0.0745,"Cleveland-Elyria, OH"
2241,Cuyahoga County,OH,202011,1004.6,-0.0053,0.0733,"Cleveland-Elyria, OH"
2241,Cuyahoga County,OH,202012,997.61,-0.007,0.0637,"Cleveland-Elyria, OH"
2241,Cuyahoga County,OH,202101,1005.22,0.0076,0.0698,"Cleveland-Elyria, OH"
2241,Cuyahoga County,OH,202102,1012.93,0.0077,0.0651,"Cleveland-Elyria, OH"
2241,Cuyahoga County,OH,202103,1029.28,0.0161,0.0719,"Cleveland-Elyria, OH"
2241,Cuyahoga County,OH,202104,1035.42,0.006,0.0639,"Cleveland-Elyria, OH"
2241,Cuyahoga County,OH,202105,1046.63,0.0108,0.0696,"Cleveland-Elyria, OH"
2241,Cuyahoga County,OH,202106,1053.36,0.0064,0.0691,"Cleveland-Elyria, OH"
2241,Cuyahoga County,OH,202107,1070.69,0.0165,0.0814,"Cleveland-Elyria, OH"
2241,Cuyahoga County,OH,202108,1079.52,0.0082,0.0776,"Cleveland-Elyria, OH"
2241,Cuyahoga County,OH,202109,1084.67,0.0048,0.0745,"Cleveland-Elyria, OH"
2241,Cuyahoga County,OH,202110,1093.74,0.0084,0.0829,"Cleveland-Elyria, OH"
2241,Cuyahoga County,OH,202111,1096.72,0.0027,0.0917,"Cleveland-Elyria, OH"
2241,Cuyahoga County,OH,202112,1101.42,0.0043,0.1041,"Cleveland-Elyria, OH"
2241,Cuyahoga County,OH,202201,1096.23,-0.0047,0.0905,"Cleveland-Elyria, OH"
2241,Cuyahoga County,OH,202202,1108.44,0.0111,0.0943,"Cleveland-Elyria, OH"
2241,Cuyahoga County,OH,202203,1123.39,0.0135,0.0914,"Cleveland-Elyria, OH"
2241,Cuyahoga County,OH,202204,1139.86,0.0147,0.1009,"Cleveland-Elyria, OH"
2241,Cuyahoga County,OH,202205,1153.45,0.0119,0.1021,"Cleveland-Elyria, OH"
2241,Cuyahoga County,OH,202206,1161.41,0.0069,0.1026,"Cleveland-Elyria, OH"
2241,Cuyahoga County,OH,202207,1169.0,0.0065,0.0918,"Cleveland-Elyria, OH"
2241,Cuyahoga County,OH,202208,1173.68,0.004,0.0872,"Cleveland-Elyria, OH"
2241,Cuyahoga County,OH,202209,1182.05,0.0071,0.0898,"Cleveland-Elyria, OH"
2241,Cuyahoga County,OH,202210,1179.84,-0.0019,0.0787,"Cleveland-Elyria, OH"
2241,Cuyahoga County,OH,202211,1177.07,-0.0023,0.0733,"Cleveland-Elyria, OH"
2241,Cuyahoga County,OH,202212,1174.94,-0.0018,0.0667,"Cleveland-Elyria, OH"
2241,Cuyahoga County,OH,202301,1178.86,0.0033,0.0754,"Cleveland-Elyria, OH"
2241,Cuyahoga County,OH,202302,1183.97,0.0043,0.0681,"Cleveland-Elyria, OH"
2241,Cuyahoga County,OH,202303,1191.78,0.0066,0.0609,"Cleveland-Elyria, OH"
2241,Cuyahoga County,OH,202304,1204.37,0.0106,0.0566,"Cleveland-Elyria, OH"
2241,Cuyahoga County,OH,202305,1212.54,0.0068,0.0512,"Cleveland-Elyria, OH"
2241,Cuyahoga County,OH,202306,1216.38,0.0032,0.0473,"Cleveland-Elyria, OH"
2241,Cuyahoga County,OH,202307,1221.63,0.0043,0.045,"Cleveland-Elyria, OH"
2241,Cuyahoga County,OH,202308,1231.66,0.0082,0.0494,"Cleveland-Elyria, OH"
2241,Cuyahoga County,OH,202309,1233.76,0.0017,0.0437,"Cleveland-Elyria, OH"
2241,Cuyahoga County,OH,202310,1234.86,0.0009,0.0466,"Cleveland-Elyria, OH"
2241,Cuyahoga County,OH,202311,1236.79,0.0016,0.0507,"Cleveland-Elyria, OH"
2241,Cuyahoga County,OH,202312,1248.03,0.0091,0.0622,"Cleveland-Elyria, OH"
2241,Cuyahoga County,OH,202401,1254.89,0.0055,0.0645,"Cleveland-Elyria, OH"
2241,Cuyahoga County,OH,202402,1261.74,0.0055,0.0657,"Cleveland-Elyria, OH"
2241,Cuyahoga County,OH,202403,1263.97,0.0018,0.0606,"Cleveland-Elyria, OH"
2241,Cuyahoga County,OH,202404,1275.97,0.0095,0.0594,"Cleveland-Elyria, OH"
2241,Cuyahoga County,OH,202405,1287.75,0.0092,0.062,"Cleveland-Elyria, OH"
2241,Cuyahoga County,OH,202406,1302.25,0.0113,0.0706,"Cleveland-Elyria, OH"
2241,Cuyahoga County,OH,202407,1308.46,0.0048,0.0711,"Cleveland-Elyria, OH"
2241,Cuyahoga County,OH,202408,1312.44,0.003,0.0656,"Cleveland-Elyria, OH"
2241,Cuyahoga County,OH,202409,1313.4,0.0007,0.0646,"Cleveland-Elyria, OH"
2241,Cuyahoga County,OH,202410,1317.62,0.0032,0.067,"Cleveland-Elyria, OH"
2241,Cuyahoga County,OH,202411,1324.67,0.0053,0.0711,"Cleveland-Elyria, OH"
2241,Cuyahoga County,OH,202412,1331.75,0.0053,0.0671,"Cleveland-Elyria, OH"
2241,Cuyahoga County,OH,202501,1340.3,0.0064,0.0681,"Cleveland-Elyria, OH"
2241,Cuyahoga County,OH,202502,1341.07,0.0006,0.0629,"Cleveland-Elyria, OH"
2241,Cuyahoga County,OH,202503,1348.07,0.0052,0.0665,"Cleveland-Elyria, OH"
2241,Cuyahoga County,OH,202504,1351.81,0.0028,0.0594,"Cleveland-Elyria, OH"
2241,Cuyahoga County,OH,202505,1359.31,0.0055,0.0556,"Cleveland-Elyria, OH"
2241,Cuyahoga County,OH,202506,1364.14,0.0036,0.0475,"Cleveland-Elyria, OH"
2241,Cuyahoga County,OH,202507,1366.96,0.0021,0.0447,"Cleveland-Elyria, OH"
2241,Cuyahoga County,OH,202508,1369.11,0.0016,0.0432,"Cleveland-Elyria, OH"
2241,Cuyahoga County,OH,202509,1374.89,0.0042,0.0468,"Cleveland-Elyria, OH"
2241,Cuyahoga County,OH,202510,1384.16,0.0067,0.0505,"Cleveland-Elyria, OH"
2241,Cuyahoga County,OH,202511,1388.59,0.0032,0.0483,"Cleveland-Elyria, OH"
2241,Cuyahoga County,OH,202512,1391.98,0.0024,0.0452,"Cleveland-Elyria, OH"
2241,Cuyahoga County,OH,202601,1398.39,0.0046,0.0433,"Cleveland-Elyria, OH"
2241,Cuyahoga County,OH,202602,1408.76,0.0074,0.0505,"Cleveland-Elyria, OH"
2241,Cuyahoga County,OH,202603,1409.74,0.0007,0.0457,"Cleveland-Elyria, OH"
2241,Cuyahoga County,OH,202604,1407.38,-0.0017,0.0411,"Cleveland-Elyria, OH"
2241,Cuyahoga County,OH,202605,1411.68,0.0031,0.0385,"Cleveland-Elyria, OH"
2241,Cuyahoga County,OH,202606,1417.8,0.0043,0.0393,"Cleveland-Elyria, OH"
2241,Cuyahoga County,OH,202607,1426.99,0.0065,0.0439,"Cleveland-Elyria, OH"
2241,Cuyahoga County,OH,202608,1432.08,0.0036,0.046,"Cleveland-Elyria, OH"
2249,Delaware County,OH,201503,1052.21,,,"Columbus, OH"
2249,Delaware County,OH,201504,1065.75,0.0129,,"Columbus, OH"
2249,Delaware County,OH,201505,1060.41,-0.005,,"Columbus, OH"
2249,Delaware County,OH,201506,1068.41,0.0075,,"Columbus, OH"
2249,Delaware County,OH,201507,1072.11,0.0035,,"Columbus, OH"
2249,Delaware County,OH,201508,1069.92,-0.002,,"Columbus, OH"
2249,Delaware County,OH,201509,1070.66,0.0007,,"Columbus, OH"
2249,Delaware County,OH,201510,1070.24,-0.0004,,"Columbus, OH"
2249,Delaware County,OH,201511,1056.16,-0.0132,,"Columbus, OH"
2249,Delaware County,OH,201512,1052.11,-0.0038,,"Columbus, OH"
2249,Delaware County,OH,201601,1050.71,-0.0013,,"Columbus, OH"
2249,Delaware County,OH,201602,1070.32,0.0187,,"Columbus, OH"
2249,Delaware County,OH,201603,1088.22,0.0167,0.0342,"Columbus, OH"
2249,Delaware County,OH,201604,1098.82,0.0097,0.031,"Columbus, OH"
2249,Delaware County,OH,201605,1100.38,0.0014,0.0377,"Columbus, OH"
2249,Delaware County,OH,201606,1110.61,0.0093,0.0395,"Columbus, OH"
2249,Delaware County,OH,201607,1121.42,0.0097,0.046,"Columbus, OH"
2249,Delaware County,OH,201608,1115.32,-0.0054,0.0424,"Columbus, OH"
2249,Delaware County,OH,201609,1091.75,-0.0211,0.0197,"Columbus, OH"
2249,Delaware County,OH,201610,1072.54,-0.0176,0.0022,"Columbus, OH"
2249,Delaware County,OH,201611,1069.3,-0.003,0.0124,"Columbus, OH"
2249,Delaware County,OH,201612,1066.78,-0.0024,0.0139,"Columbus, OH"
2249,Delaware County,OH,201701,1075.44,0.0081,0.0235,"Columbus, OH"
2249,Delaware County,OH,201702,1084.26,0.0082,0.013,"Columbus, OH"
2249,Delaware County,OH,201703,1101.81,0.0162,0.0125,"Columbus, OH"
2249,Delaware County,OH,201704,1122.62,0.0189,0.0217,"Columbus, OH"
2249,Delaware County,OH,201705,1124.96,0.0021,0.0223,"Columbus, OH"
2249,Delaware County,OH,201706,1124.0,-0.0009,0.0121,"Columbus, OH"
2249,Delaware County,OH,201707,1122.91,-0.001,0.0013,"Columbus, OH"
2249,Delaware County,OH,201708,1133.32,0.0093,0.0161,"Columbus, OH"
2249,Delaware County,OH,201709,1137.07,0.0033,0.0415,"Columbus, OH"
2249,Delaware County,OH,201710,1128.88,-0.0072,0.0525,"Columbus, OH"
2249,Delaware County,OH,201711,1141.38,0.0111,0.0674,"Columbus, OH"
2249,Delaware County,OH,201712,1136.62,-0.0042,0.0655,"Columbus, OH"
2249,Delaware County,OH,201801,1155.98,0.017,0.0749,"Columbus, OH"
2249,Delaware County,OH,201802,1153.85,-0.0018,0.0642,"Columbus, OH"
2249,Delaware County,OH,201803,1167.55,0.0119,0.0597,"Columbus, OH"
2249,Delaware County,OH,201804,1167.29,-0.0002,0.0398,"Columbus, OH"
2249,Delaware County,OH,201805,1167.04,-0.0002,0.0374,"Columbus, OH"
2249,Delaware County,OH,201806,1167.8,0.0007,0.039,"Columbus, OH"
2249,Delaware County,OH,201807,1164.13,-0.0031,0.0367,"Columbus, OH"
2249,Delaware County,OH,201808,1162.35,-0.0015,0.0256,"Columbus, OH"
2249,Delaware County,OH,201809,1165.41,0.0026,0.0249,"Columbus, OH"
2249,Delaware County,OH,201810,1167.51,0.0018,0.0342,"Columbus, OH"
2249,Delaware County,OH,201811,1172.07,0.0039,0.0269,"Columbus, OH"
2249,Delaware County,OH,201812,1175.06,0.0025,0.0338,"Columbus, OH"
2249,Delaware County,OH,201901,1177.65,0.0022,0.0187,"Columbus, OH"
2249,Delaware County,OH,201902,1187.22,0.0081,0.0289,"Columbus, OH"
2249,Delaware County,OH,201903,1193.18,0.005,0.022,"Columbus, OH"
2249,Delaware County,OH,201904,1216.1,0.0192,0.0418,"Columbus, OH"
2249,Delaware County,OH,201905,1213.67,-0.002,0.04,"Columbus, OH"
2249,Delaware County,OH,201906,1222.56,0.0073,0.0469,"Columbus, OH"
2249,Delaware County,OH,201907,1207.54,-0.0123,0.0373,"Columbus, OH"
2249,Delaware County,OH,201908,1200.44,-0.0059,0.0328,"Columbus, OH"
2249,Delaware County,OH,201909,1181.5,-0.0158,0.0138,"Columbus, OH"
2249,Delaware County,OH,201910,1179.84,-0.0014,0.0106,"Columbus, OH"
2249,Delaware County,OH,201911,1180.43,0.0005,0.0071,"Columbus, OH"
2249,Delaware County,OH,201912,1195.2,0.0125,0.0171,"Columbus, OH"
2249,Delaware County,OH,202001,1203.57,0.007,0.022,"Columbus, OH"
2249,Delaware County,OH,202002,1212.98,0.0078,0.0217,"Columbus, OH"
2249,Delaware County,OH,202003,1211.47,-0.0012,0.0153,"Columbus, OH"
2249,Delaware County,OH,202004,1207.46,-0.0033,-0.0071,"Columbus, OH"
2249,Delaware County,OH,202005,1213.32,0.0049,-0.0003,"Columbus, OH"
2249,Delaware County,OH,202006,1219.51,0.0051,-0.0025,"Columbus, OH"
2249,Delaware County,OH,202007,1228.53,0.0074,0.0174,"Columbus, OH"
2249,Delaware County,OH,202008,1233.76,0.0043,0.0278,"Columbus, OH"
2249,Delaware County,OH,202009,1248.96,0.0123,0.0571,"Columbus, OH"
2249,Delaware County,OH,202010,1237.29,-0.0093,0.0487,"Columbus, OH"
2249,Delaware County,OH,202011,1237.03,-0.0002,0.0479,"Columbus, OH"
2249,Delaware County,OH,202012,1218.0,-0.0154,0.0191,"Columbus, OH"
2249,Delaware County,OH,202101,1242.99,0.0205,0.0328,"Columbus, OH"
2249,Delaware County,OH,202102,1245.1,0.0017,0.0265,"Columbus, OH"
2249,Delaware County,OH,202103,1264.39,0.0155,0.0437,"Columbus, OH"
2249,Delaware County,OH,202104,1270.82,0.0051,0.0525,"Columbus, OH"
2249,Delaware County,OH,202105,1294.49,0.0186,0.0669,"Columbus, OH"
2249,Delaware County,OH,202106,1315.28,0.0161,0.0785,"Columbus, OH"
2249,Delaware County,OH,202107,1340.1,0.0189,0.0908,"Columbus, OH"
2249,Delaware County,OH,202108,1355.37,0.0114,0.0986,"Columbus, OH"
2249,Delaware County,OH,202109,1364.74,0.0069,0.0927,"Columbus, OH"
2249,Delaware County,OH,202110,1366.54,0.0013,0.1045,"Columbus, OH"
2249,Delaware County,OH,202111,1366.07,-0.0003,0.1043,"Columbus, OH"
2249,Delaware County,OH,202112,1371.09,0.0037,0.1257,"Columbus, OH"
2249,Delaware County,OH,202201,1367.25,-0.0028,0.1,"Columbus, OH"
2249,Delaware County,OH,202202,1373.83,0.0048,0.1034,"Columbus, OH"
2249,Delaware County,OH,202203,1387.8,0.0102,0.0976,"Columbus, OH"
2249,Delaware County,OH,202204,1414.26,0.0191,0.1129,"Columbus, OH"
2249,Delaware County,OH,202205,1446.27,0.0226,0.1173,"Columbus, OH"
2249,Delaware County,OH,202206,1477.5,0.0216,0.1233,"Columbus, OH"
2249,Delaware County,OH,202207,1505.39,0.0189,0.1233,"Columbus, OH"
2249,Delaware County,OH,202208,1510.28,0.0032,0.1143,"Columbus, OH"
2249,Delaware County,OH,202209,1507.4,-0.0019,0.1045,"Columbus, OH"
2249,Delaware County,OH,202210,1493.24,-0.0094,0.0927,"Columbus, OH"
2249,Delaware County,OH,202211,1478.41,-0.0099,0.0822,"Columbus, OH"
2249,Delaware County,OH,202212,1457.44,-0.0142,0.063,"Columbus, OH"
2249,Delaware County,OH,202301,1450.44,-0.0048,0.0608,"Columbus, OH"
2249,Delaware County,OH,202302,1450.41,-0.0,0.0557,"Columbus, OH"
2249,Delaware County,OH,202303,1468.12,0.0122,0.0579,"Columbus, OH"
2249,Delaware County,OH,202304,1481.33,0.009,0.0474,"Columbus, OH"
2249,Delaware County,OH,202305,1509.34,0.0189,0.0436,"Columbus, OH"
2249,Delaware County,OH,202306,1530.27,0.0139,0.0357,"Columbus, OH"
2249,Delaware County,OH,202307,1542.9,0.0083,0.0249,"Columbus, OH"
2249,Delaware County,OH,202308,1541.95,-0.0006,0.021,"Columbus, OH"
2249,Delaware County,OH,202309,1527.06,-0.0097,0.013,"Columbus, OH"
2249,Delaware County,OH,202310,1514.65,-0.0081,0.0143,"Columbus, OH"
2249,Delaware County,OH,202311,1485.71,-0.0191,0.0049,"Columbus, OH"
2249,Delaware County,OH,202312,1474.55,-0.0075,0.0117,"Columbus, OH"
2249,Delaware County,OH,202401,1477.84,0.0022,0.0189,"Columbus, OH"
2249,Delaware County,OH,202402,1503.66,0.0175,0.0367,"Columbus, OH"
2249,Delaware County,OH,202403,1529.83,0.0174,0.042,"Columbus, OH"
2249,Delaware County,OH,202404,1542.71,0.0084,0.0414,"Columbus, OH"
2249,Delaware County,OH,202405,1557.24,0.0094,0.0317,"Columbus, OH"
2249,Delaware County,OH,202406,1565.11,0.0051,0.0228,"Columbus, OH"
2249,Delaware County,OH,202407,1569.38,0.0027,0.0172,"Columbus, OH"
2249,Delaware County,OH,202408,1571.6,0.0014,0.0192,"Columbus, OH"
2249,Delaware County,OH,202409,1580.53,0.0057,0.035,"Columbus, OH"
2249,Delaware County,OH,202410,1569.84,-0.0068,0.0364,"Columbus, OH"
2249,Delaware County,OH,202411,1568.87,-0.0006,0.056,"Columbus, OH"
2249,Delaware County,OH,202412,1554.45,-0.0092,0.0542,"Columbus, OH"
2249,Delaware County,OH,202501,1569.47,0.0097,0.062,"Columbus, OH"
2249,Delaware County,OH,202502,1568.96,-0.0003,0.0434,"Columbus, OH"
2249,Delaware County,OH,202503,1579.85,0.0069,0.0327,"Columbus, OH"
2249,Delaware County,OH,202504,1590.99,0.0071,0.0313,"Columbus, OH"
2249,Delaware County,OH,202505,1614.04,0.0145,0.0365,"Columbus, OH"
2249,Delaware County,OH,202506,1628.99,0.0093,0.0408,"Columbus, OH"
2249,Delaware County,OH,202507,1626.6,-0.0015,0.0365,"Columbus, OH"
2249,Delaware County,OH,202508,1617.81,-0.0054,0.0294,"Columbus, OH"
2249,Delaware County,OH,202509,1600.99,-0.0104,0.0129,"Columbus, OH"
2249,Delaware County,OH,202510,1594.67,-0.0039,0.0158,"Columbus, OH"
2249,Delaware County,OH,202511,1581.05,-0.0085,0.0078,"Columbus, OH"
2249,Delaware County,OH,202512,1581.11,0.0,0.0171,"Columbus, OH"
2249,Delaware County,OH,202601,1593.27,0.0077,0.0152,"Columbus, OH"
2249,Delaware County,OH,202602,1597.33,0.0026,0.0181,"Columbus, OH"
2249,Delaware County,OH,202603,1607.53,0.0064,0.0175,"Columbus, OH"
2249,Delaware County,OH,202604,1603.65,-0.0024,0.008,"Columbus, OH"
2249,Delaware County,OH,202605,1616.5,0.008,0.0015,"Columbus, OH"
2249,Delaware County,OH,202606,1625.72,0.0057,-0.002,"Columbus, OH"
2249,Delaware County,OH,202607,1643.19,0.0108,0.0102,"Columbus, OH"
2249,Delaware County,OH,202608,1657.84,0.0089,0.0247,"Columbus, OH"
2288,Franklin County,OH,201501,850.96,,,"Columbus, OH"
2288,Franklin County,OH,201502,852.89,0.0023,,"Columbus, OH"
2288,Franklin County,OH,201503,853.35,0.0005,,"Columbus, OH"
2288,Franklin County,OH,201504,861.6,0.0097,,"Columbus, OH"
2288,Franklin County,OH,201505,872.33,0.0125,,"Columbus, OH"
2288,Franklin County,OH,201506,878.0,0.0065,,"Columbus, OH"
2288,Franklin County,OH,201507,880.52,0.0029,,"Columbus, OH"
2288,Franklin County,OH,201508,880.18,-0.0004,,"Columbus, OH"
2288,Franklin County,OH,201509,881.76,0.0018,,"Columbus, OH"
2288,Franklin County,OH,201510,891.28,0.0108,,"Columbus, OH"
2288,Franklin County,OH,201511,888.78,-0.0028,,"Columbus, OH"
2288,Franklin County,OH,201512,888.86,0.0001,,"Columbus, OH"
2288,Franklin County,OH,201601,886.05,-0.0032,0.0412,"Columbus, OH"
2288,Franklin County,OH,201602,889.44,0.0038,0.0429,"Columbus, OH"
2288,Franklin County,OH,201603,893.68,0.0048,0.0473,"Columbus, OH"
2288,Franklin County,OH,201604,900.19,0.0073,0.0448,"Columbus, OH"
2288,Franklin County,OH,201605,908.83,0.0096,0.0418,"Columbus, OH"
2288,Franklin County,OH,201606,917.89,0.01,0.0454,"Columbus, OH"
2288,Franklin County,OH,201607,917.24,-0.0007,0.0417,"Columbus, OH"
2288,Franklin County,OH,201608,913.88,-0.0037,0.0383,"Columbus, OH"
2288,Franklin County,OH,201609,907.74,-0.0067,0.0295,"Columbus, OH"
2288,Franklin County,OH,201610,906.4,-0.0015,0.017,"Columbus, OH"
2288,Franklin County,OH,201611,912.24,0.0064,0.0264,"Columbus, OH"
2288,Franklin County,OH,201612,915.25,0.0033,0.0297,"Columbus, OH"
2288,Franklin County,OH,201701,921.89,0.0073,0.0404,"Columbus, OH"
2288,Franklin County,OH,201702,929.02,0.0077,0.0445,"Columbus, OH"
2288,Franklin County,OH,201703,939.98,0.0118,0.0518,"Columbus, OH"
2288,Franklin County,OH,201704,947.78,0.0083,0.0529,"Columbus, OH"
2288,Franklin County,OH,201705,950.59,0.003,0.0459,"Columbus, OH"
2288,Franklin County,OH,201706,952.68,0.0022,0.0379,"Columbus, OH"
2288,Franklin County,OH,201707,953.99,0.0014,0.0401,"Columbus, OH"
2288,Franklin County,OH,201708,956.28,0.0024,0.0464,"Columbus, OH"
2288,Franklin County,OH,201709,961.42,0.0054,0.0591,"Columbus, OH"
2288,Franklin County,OH,201710,962.44,0.0011,0.0618,"Columbus, OH"
2288,Franklin County,OH,201711,964.72,0.0024,0.0575,"Columbus, OH"
2288,Franklin County,OH,201712,962.66,-0.0021,0.0518,"Columbus, OH"
2288,Franklin County,OH,201801,969.42,0.007,0.0516,"Columbus, OH"
2288,Franklin County,OH,201802,976.46,0.0073,0.0511,"Columbus, OH"
2288,Franklin County,OH,201803,989.49,0.0133,0.0527,"Columbus, OH"
2288,Franklin County,OH,201804,999.26,0.0099,0.0543,"Columbus, OH"
2288,Franklin County,OH,201805,1007.96,0.0087,0.0604,"Columbus, OH"
2288,Franklin County,OH,201806,1011.41,0.0034,0.0617,"Columbus, OH"
2288,Franklin County,OH,201807,1013.52,0.0021,0.0624,"Columbus, OH"
2288,Franklin County,OH,201808,1014.13,0.0006,0.0605,"Columbus, OH"
2288,Franklin County,OH,201809,1015.14,0.001,0.0559,"Columbus, OH"
2288,Franklin County,OH,201810,1013.31,-0.0018,0.0529,"Columbus, OH"
2288,Franklin County,OH,201811,1011.11,-0.0022,0.0481,"Columbus, OH"
2288,Franklin County,OH,201812,1010.22,-0.0009,0.0494,"Columbus, OH"
2288,Franklin County,OH,201901,1017.4,0.0071,0.0495,"Columbus, OH"
2288,Franklin County,OH,201902,1024.24,0.0067,0.0489,"Columbus, OH"
2288,Franklin County,OH,201903,1034.58,0.0101,0.0456,"Columbus, OH"
2288,Franklin County,OH,201904,1040.62,0.0058,0.0414,"Columbus, OH"
2288,Franklin County,OH,201905,1049.92,0.0089,0.0416,"Columbus, OH"
2288,Franklin County,OH,201906,1051.86,0.0019,0.04,"Columbus, OH"
2288,Franklin County,OH,201907,1053.88,0.0019,0.0398,"Columbus, OH"
2288,Franklin County,OH,201908,1053.54,-0.0003,0.0389,"Columbus, OH"
2288,Franklin County,OH,201909,1058.59,0.0048,0.0428,"Columbus, OH"
2288,Franklin County,OH,201910,1058.07,-0.0005,0.0442,"Columbus, OH"
2288,Franklin County,OH,201911,1060.03,0.0019,0.0484,"Columbus, OH"
2288,Franklin County,OH,201912,1058.26,-0.0017,0.0475,"Columbus, OH"
2288,Franklin County,OH,202001,1064.3,0.0057,0.0461,"Columbus, OH"
2288,Franklin County,OH,202002,1069.15,0.0046,0.0438,"Columbus, OH"
2288,Franklin County,OH,202003,1081.84,0.0119,0.0457,"Columbus, OH"
2288,Franklin County,OH,202004,1088.06,0.0058,0.0456,"Columbus, OH"
2288,Franklin County,OH,202005,1094.52,0.0059,0.0425,"Columbus, OH"
2288,Franklin County,OH,202006,1097.11,0.0024,0.043,"Columbus, OH"
2288,Franklin County,OH,202007,1105.29,0.0075,0.0488,"Columbus, OH"
2288,Franklin County,OH,202008,1111.2,0.0054,0.0547,"Columbus, OH"
2288,Franklin County,OH,202009,1112.54,0.0012,0.051,"Columbus, OH"
2288,Franklin County,OH,202010,1119.15,0.0059,0.0577,"Columbus, OH"
2288,Franklin County,OH,202011,1121.57,0.0022,0.0581,"Columbus, OH"
2288,Franklin County,OH,202012,1115.36,-0.0055,0.054,"Columbus, OH"
2288,Franklin County,OH,202101,1115.3,-0.0,0.0479,"Columbus, OH"
2288,Franklin County,OH,202102,1120.04,0.0042,0.0476,"Columbus, OH"
2288,Franklin County,OH,202103,1140.66,0.0184,0.0544,"Columbus, OH"
2288,Franklin County,OH,202104,1151.78,0.0098,0.0586,"Columbus, OH"
2288,Franklin County,OH,202105,1172.86,0.0183,0.0716,"Columbus, OH"
2288,Franklin County,OH,202106,1185.98,0.0112,0.081,"Columbus, OH"
2288,Franklin County,OH,202107,1201.13,0.0128,0.0867,"Columbus, OH"
2288,Franklin County,OH,202108,1208.17,0.0059,0.0873,"Columbus, OH"
2288,Franklin County,OH,202109,1216.74,0.0071,0.0937,"Columbus, OH"
2288,Franklin County,OH,202110,1220.17,0.0028,0.0903,"Columbus, OH"
2288,Franklin County,OH,202111,1224.57,0.0036,0.0918,"Columbus, OH"
2288,Franklin County,OH,202112,1228.32,0.0031,0.1013,"Columbus, OH"
2288,Franklin County,OH,202201,1234.11,0.0047,0.1065,"Columbus, OH"
2288,Franklin County,OH,202202,1240.0,0.0048,0.1071,"Columbus, OH"
2288,Franklin County,OH,202203,1249.09,0.0073,0.0951,"Columbus, OH"
2288,Franklin County,OH,202204,1263.67,0.0117,0.0971,"Columbus, OH"
2288,Franklin County,OH,202205,1280.33,0.0132,0.0916,"Columbus, OH"
2288,Franklin County,OH,202206,1302.0,0.0169,0.0978,"Columbus, OH"
2288,Franklin County,OH,202207,1318.28,0.0125,0.0975,"Columbus, OH"
2288,Franklin County,OH,202208,1326.55,0.0063,0.098,"Columbus, OH"
2288,Franklin County,OH,202209,1323.95,-0.002,0.0881,"Columbus, OH"
2288,Franklin County,OH,202210,1312.48,-0.0087,0.0757,"Columbus, OH"
2288,Franklin County,OH,202211,1300.92,-0.0088,0.0623,"Columbus, OH"
2288,Franklin County,OH,202212,1300.93,0.0,0.0591,"Columbus, OH"
2288,Franklin County,OH,202301,1306.09,0.004,0.0583,"Columbus, OH"
2288,Franklin County,OH,202302,1315.66,0.0073,0.061,"Columbus, OH"
2288,Franklin County,OH,202303,1325.5,0.0075,0.0612,"Columbus, OH"
2288,Franklin County,OH,202304,1339.15,0.0103,0.0597,"Columbus, OH"
2288,Franklin County,OH,202305,1355.12,0.0119,0.0584,"Columbus, OH"
2288,Franklin County,OH,202306,1361.99,0.0051,0.0461,"Columbus, OH"
2288,Franklin County,OH,202307,1369.02,0.0052,0.0385,"Columbus, OH"
2288,Franklin County,OH,202308,1372.5,0.0025,0.0346,"Columbus, OH"
2288,Franklin County,OH,202309,1372.22,-0.0002,0.0365,"Columbus, OH"
2288,Franklin County,OH,202310,1368.55,-0.0027,0.0427,"Columbus, OH"
2288,Franklin County,OH,202311,1367.24,-0.001,0.051,"Columbus, OH"
2288,Franklin County,OH,202312,1366.6,-0.0005,0.0505,"Columbus, OH"
2288,Franklin County,OH,202401,1365.55,-0.0008,0.0455,"Columbus, OH"
2288,Franklin County,OH,202402,1368.47,0.0021,0.0401,"Columbus, OH"
2288,Franklin County,OH,202403,1373.63,0.0038,0.0363,"Columbus, OH"
2288,Franklin County,OH,202404,1387.8,0.0103,0.0363,"Columbus, OH"
2288,Franklin County,OH,202405,1399.71,0.0086,0.0329,"Columbus, OH"
2288,Franklin County,OH,202406,1415.49,0.0113,0.0393,"Columbus, OH"
2288,Franklin County,OH,202407,1424.13,0.0061,0.0403,"Columbus, OH"
2288,Franklin County,OH,202408,1429.85,0.004,0.0418,"Columbus, OH"
2288,Franklin County,OH,202409,1428.68,-0.0008,0.0411,"Columbus, OH"
2288,Franklin County,OH,202410,1425.01,-0.0026,0.0413,"Columbus, OH"
2288,Franklin County,OH,202411,1422.06,-0.0021,0.0401,"Columbus, OH"
2288,Franklin County,OH,202412,1420.02,-0.0014,0.0391,"Columbus, OH"
2288,Franklin County,OH,202501,1425.03,0.0035,0.0436,"Columbus, OH"
2288,Franklin County,OH,202502,1430.0,0.0035,0.045,"Columbus, OH"
2288,Franklin County,OH,202503,1442.84,0.009,0.0504,"Columbus, OH"
2288,Franklin County,OH,202504,1451.93,0.0063,0.0462,"Columbus, OH"
2288,Franklin County,OH,202505,1461.65,0.0067,0.0442,"Columbus, OH"
2288,Franklin County,OH,202506,1467.53,0.004,0.0368,"Columbus, OH"
2288,Franklin County,OH,202507,1466.87,-0.0005,0.03,"Columbus, OH"
2288,Franklin County,OH,202508,1465.98,-0.0006,0.0253,"Columbus, OH"
2288,Franklin County,OH,202509,1465.05,-0.0006,0.0255,"Columbus, OH"
2288,Franklin County,OH,202510,1469.32,0.0029,0.0311,"Columbus, OH"
2288,Franklin County,OH,202511,1462.12,-0.0049,0.0282,"Columbus, OH"
2288,Franklin County,OH,202512,1452.94,-0.0063,0.0232,"Columbus, OH"
2288,Franklin County,OH,202601,1445.76,-0.0049,0.0145,"Columbus, OH"
2288,Franklin County,OH,202602,1453.54,0.0054,0.0165,"Columbus, OH"
2288,Franklin County,OH,202603,1464.88,0.0078,0.0153,"Columbus, OH"
2288,Franklin County,OH,202604,1476.3,0.0078,0.0168,"Columbus, OH"
2288,Franklin County,OH,202605,1482.8,0.0044,0.0145,"Columbus, OH"
2288,Franklin County,OH,202606,1490.13,0.0049,0.0154,"Columbus, OH"
2288,Franklin County,OH,202607,1495.4,0.0035,0.0194,"Columbus, OH"
2288,Franklin County,OH,202608,1503.72,0.0056,0.0257,"Columbus, OH"
2322,Hamilton County,OH,201501,794.78,,,"Cincinnati, OH-KY-IN"
2322,Hamilton County,OH,201502,796.74,0.0025,,"Cincinnati, OH-KY-IN"
2322,Hamilton County,OH,201503,798.74,0.0025,,"Cincinnati, OH-KY-IN"
2322,Hamilton County,OH,201504,805.25,0.0081,,"Cincinnati, OH-KY-IN"
2322,Hamilton County,OH,201505,810.88,0.007,,"Cincinnati, OH-KY-IN"
2322,Hamilton County,OH,201506,811.51,0.0008,,"Cincinnati, OH-KY-IN"
2322,Hamilton County,OH,201507,816.62,0.0063,,"Cincinnati, OH-KY-IN"
2322,Hamilton County,OH,201508,817.94,0.0016,,"Cincinnati, OH-KY-IN"
2322,Hamilton County,OH,201509,822.12,0.0051,,"Cincinnati, OH-KY-IN"
2322,Hamilton County,OH,201510,821.13,-0.0012,,"Cincinnati, OH-KY-IN"
2322,Hamilton County,OH,201511,826.54,0.0066,,"Cincinnati, OH-KY-IN"
2322,Hamilton County,OH,201512,828.48,0.0023,,"Cincinnati, OH-KY-IN"
2322,Hamilton County,OH,201601,830.63,0.0026,0.0451,"Cincinnati, OH-KY-IN"
2322,Hamilton County,OH,201602,825.87,-0.0057,0.0366,"Cincinnati, OH-KY-IN"
2322,Hamilton County,OH,201603,827.76,0.0023,0.0363,"Cincinnati, OH-KY-IN"
2322,Hamilton County,OH,201604,832.09,0.0052,0.0333,"Cincinnati, OH-KY-IN"
2322,Hamilton County,OH,201605,841.47,0.0113,0.0377,"Cincinnati, OH-KY-IN"
2322,Hamilton County,OH,201606,841.56,0.0001,0.037,"Cincinnati, OH-KY-IN"
2322,Hamilton County,OH,201607,842.83,0.0015,0.0321,"Cincinnati, OH-KY-IN"
2322,Hamilton County,OH,201608,840.06,-0.0033,0.027,"Cincinnati, OH-KY-IN"
2322,Hamilton County,OH,201609,844.16,0.0049,0.0268,"Cincinnati, OH-KY-IN"
2322,Hamilton County,OH,201610,843.05,-0.0013,0.0267,"Cincinnati, OH-KY-IN"
2322,Hamilton County,OH,201611,849.54,0.0077,0.0278,"Cincinnati, OH-KY-IN"
2322,Hamilton County,OH,201612,854.23,0.0055,0.0311,"Cincinnati, OH-KY-IN"
2322,Hamilton County,OH,201701,859.41,0.0061,0.0346,"Cincinnati, OH-KY-IN"
2322,Hamilton County,OH,201702,862.7,0.0038,0.0446,"Cincinnati, OH-KY-IN"
2322,Hamilton County,OH,201703,866.25,0.0041,0.0465,"Cincinnati, OH-KY-IN"
2322,Hamilton County,OH,201704,877.6,0.0131,0.0547,"Cincinnati, OH-KY-IN"
2322,Hamilton County,OH,201705,886.55,0.0102,0.0536,"Cincinnati, OH-KY-IN"
2322,Hamilton County,OH,201706,895.33,0.0099,0.0639,"Cincinnati, OH-KY-IN"
2322,Hamilton County,OH,201707,899.11,0.0042,0.0668,"Cincinnati, OH-KY-IN"
2322,Hamilton County,OH,201708,903.72,0.0051,0.0758,"Cincinnati, OH-KY-IN"
2322,Hamilton County,OH,201709,899.59,-0.0046,0.0657,"Cincinnati, OH-KY-IN"
2322,Hamilton County,OH,201710,900.68,0.0012,0.0684,"Cincinnati, OH-KY-IN"
2322,Hamilton County,OH,201711,897.66,-0.0033,0.0567,"Cincinnati, OH-KY-IN"
2322,Hamilton County,OH,201712,903.39,0.0064,0.0575,"Cincinnati, OH-KY-IN"
2322,Hamilton County,OH,201801,905.49,0.0023,0.0536,"Cincinnati, OH-KY-IN"
2322,Hamilton County,OH,201802,910.72,0.0058,0.0557,"Cincinnati, OH-KY-IN"
2322,Hamilton County,OH,201803,920.02,0.0102,0.0621,"Cincinnati, OH-KY-IN"
2322,Hamilton County,OH,201804,932.24,0.0133,0.0623,"Cincinnati, OH-KY-IN"
2322,Hamilton County,OH,201805,940.18,0.0085,0.0605,"Cincinnati, OH-KY-IN"
2322,Hamilton County,OH,201806,942.08,0.002,0.0522,"Cincinnati, OH-KY-IN"
2322,Hamilton County,OH,201807,943.65,0.0017,0.0495,"Cincinnati, OH-KY-IN"
2322,Hamilton County,OH,201808,941.8,-0.002,0.0421,"Cincinnati, OH-KY-IN"
2322,Hamilton County,OH,201809,945.6,0.004,0.0511,"Cincinnati, OH-KY-IN"
2322,Hamilton County,OH,201810,949.76,0.0044,0.0545,"Cincinnati, OH-KY-IN"
2322,Hamilton County,OH,201811,956.51,0.0071,0.0656,"Cincinnati, OH-KY-IN"
2322,Hamilton County,OH,201812,963.74,0.0076,0.0668,"Cincinnati, OH-KY-IN"
2322,Hamilton County,OH,201901,962.19,-0.0016,0.0626,"Cincinnati, OH-KY-IN"
2322,Hamilton County,OH,201902,966.17,0.0041,0.0609,"Cincinnati, OH-KY-IN"
2322,Hamilton County,OH,201903,969.01,0.0029,0.0532,"Cincinnati, OH-KY-IN"
2322,Hamilton County,OH,201904,980.5,0.0119,0.0518,"Cincinnati, OH-KY-IN"
2322,Hamilton County,OH,201905,986.36,0.006,0.0491,"Cincinnati, OH-KY-IN"
2322,Hamilton County,OH,201906,993.2,0.0069,0.0543,"Cincinnati, OH-KY-IN"
2322,Hamilton County,OH,201907,998.4,0.0052,0.058,"Cincinnati, OH-KY-IN"
2322,Hamilton County,OH,201908,1003.51,0.0051,0.0655,"Cincinnati, OH-KY-IN"
2322,Hamilton County,OH,201909,1001.45,-0.0021,0.0591,"Cincinnati, OH-KY-IN"
2322,Hamilton County,OH,201910,1000.52,-0.0009,0.0535,"Cincinnati, OH-KY-IN"
2322,Hamilton County,OH,201911,1003.43,0.0029,0.0491,"Cincinnati, OH-KY-IN"
2322,Hamilton County,OH,201912,1008.27,0.0048,0.0462,"Cincinnati, OH-KY-IN"
2322,Hamilton County,OH,202001,1012.5,0.0042,0.0523,"Cincinnati, OH-KY-IN"
2322,Hamilton County,OH,202002,1017.2,0.0046,0.0528,"Cincinnati, OH-KY-IN"
2322,Hamilton County,OH,202003,1027.41,0.01,0.0603,"Cincinnati, OH-KY-IN"
2322,Hamilton County,OH,202004,1030.33,0.0028,0.0508,"Cincinnati, OH-KY-IN"
2322,Hamilton County,OH,202005,1036.62,0.0061,0.0509,"Cincinnati, OH-KY-IN"
2322,Hamilton County,OH,202006,1041.24,0.0045,0.0484,"Cincinnati, OH-KY-IN"
2322,Hamilton County,OH,202007,1051.54,0.0099,0.0532,"Cincinnati, OH-KY-IN"
2322,Hamilton County,OH,202008,1054.94,0.0032,0.0513,"Cincinnati, OH-KY-IN"
2322,Hamilton County,OH,202009,1055.45,0.0005,0.0539,"Cincinnati, OH-KY-IN"
2322,Hamilton County,OH,202010,1051.43,-0.0038,0.0509,"Cincinnati, OH-KY-IN"
2322,Hamilton County,OH,202011,1053.8,0.0022,0.0502,"Cincinnati, OH-KY-IN"
2322,Hamilton County,OH,202012,1058.44,0.0044,0.0498,"Cincinnati, OH-KY-IN"
2322,Hamilton County,OH,202101,1068.38,0.0094,0.0552,"Cincinnati, OH-KY-IN"
2322,Hamilton County,OH,202102,1070.89,0.0023,0.0528,"Cincinnati, OH-KY-IN"
2322,Hamilton County,OH,202103,1076.77,0.0055,0.048,"Cincinnati, OH-KY-IN"
2322,Hamilton County,OH,202104,1087.97,0.0104,0.0559,"Cincinnati, OH-KY-IN"
2322,Hamilton County,OH,202105,1100.92,0.0119,0.062,"Cincinnati, OH-KY-IN"
2322,Hamilton County,OH,202106,1113.42,0.0114,0.0693,"Cincinnati, OH-KY-IN"
2322,Hamilton County,OH,202107,1121.78,0.0075,0.0668,"Cincinnati, OH-KY-IN"
2322,Hamilton County,OH,202108,1137.64,0.0141,0.0784,"Cincinnati, OH-KY-IN"
2322,Hamilton County,OH,202109,1149.42,0.0104,0.089,"Cincinnati, OH-KY-IN"
2322,Hamilton County,OH,202110,1153.39,0.0035,0.097,"Cincinnati, OH-KY-IN"
2322,Hamilton County,OH,202111,1156.6,0.0028,0.0976,"Cincinnati, OH-KY-IN"
2322,Hamilton County,OH,202112,1155.37,-0.0011,0.0916,"Cincinnati, OH-KY-IN"
2322,Hamilton County,OH,202201,1166.71,0.0098,0.092,"Cincinnati, OH-KY-IN"
2322,Hamilton County,OH,202202,1175.59,0.0076,0.0978,"Cincinnati, OH-KY-IN"
2322,Hamilton County,OH,202203,1191.48,0.0135,0.1065,"Cincinnati, OH-KY-IN"
2322,Hamilton County,OH,202204,1205.16,0.0115,0.1077,"Cincinnati, OH-KY-IN"
2322,Hamilton County,OH,202205,1219.66,0.012,0.1079,"Cincinnati, OH-KY-IN"
2322,Hamilton County,OH,202206,1236.38,0.0137,0.1104,"Cincinnati, OH-KY-IN"
2322,Hamilton County,OH,202207,1252.2,0.0128,0.1163,"Cincinnati, OH-KY-IN"
2322,Hamilton County,OH,202208,1263.79,0.0093,0.1109,"Cincinnati, OH-KY-IN"
2322,Hamilton County,OH,202209,1267.97,0.0033,0.1031,"Cincinnati, OH-KY-IN"
2322,Hamilton County,OH,202210,1266.68,-0.001,0.0982,"Cincinnati, OH-KY-IN"
2322,Hamilton County,OH,202211,1263.67,-0.0024,0.0926,"Cincinnati, OH-KY-IN"
2322,Hamilton County,OH,202212,1266.17,0.002,0.0959,"Cincinnati, OH-KY-IN"
2322,Hamilton County,OH,202301,1271.23,0.004,0.0896,"Cincinnati, OH-KY-IN"
2322,Hamilton County,OH,202302,1279.52,0.0065,0.0884,"Cincinnati, OH-KY-IN"
2322,Hamilton County,OH,202303,1290.21,0.0084,0.0829,"Cincinnati, OH-KY-IN"
2322,Hamilton County,OH,202304,1298.79,0.0066,0.0777,"Cincinnati, OH-KY-IN"
2322,Hamilton County,OH,202305,1310.99,0.0094,0.0749,"Cincinnati, OH-KY-IN"
2322,Hamilton County,OH,202306,1315.96,0.0038,0.0644,"Cincinnati, OH-KY-IN"
2322,Hamilton County,OH,202307,1324.25,0.0063,0.0575,"Cincinnati, OH-KY-IN"
2322,Hamilton County,OH,202308,1329.14,0.0037,0.0517,"Cincinnati, OH-KY-IN"
2322,Hamilton County,OH,202309,1329.07,-0.0001,0.0482,"Cincinnati, OH-KY-IN"
2322,Hamilton County,OH,202310,1333.04,0.003,0.0524,"Cincinnati, OH-KY-IN"
2322,Hamilton County,OH,202311,1329.62,-0.0026,0.0522,"Cincinnati, OH-KY-IN"
2322,Hamilton County,OH,202312,1338.01,0.0063,0.0567,"Cincinnati, OH-KY-IN"
2322,Hamilton County,OH,202401,1338.62,0.0005,0.053,"Cincinnati, OH-KY-IN"
2322,Hamilton County,OH,202402,1346.91,0.0062,0.0527,"Cincinnati, OH-KY-IN"
2322,Hamilton County,OH,202403,1352.27,0.004,0.0481,"Cincinnati, OH-KY-IN"
2322,Hamilton County,OH,202404,1359.63,0.0054,0.0468,"Cincinnati, OH-KY-IN"
2322,Hamilton County,OH,202405,1367.36,0.0057,0.043,"Cincinnati, OH-KY-IN"
2322,Hamilton County,OH,202406,1377.39,0.0073,0.0467,"Cincinnati, OH-KY-IN"
2322,Hamilton County,OH,202407,1381.76,0.0032,0.0434,"Cincinnati, OH-KY-IN"
2322,Hamilton County,OH,202408,1387.13,0.0039,0.0436,"Cincinnati, OH-KY-IN"
2322,Hamilton County,OH,202409,1386.99,-0.0001,0.0436,"Cincinnati, OH-KY-IN"
2322,Hamilton County,OH,202410,1393.09,0.0044,0.045,"Cincinnati, OH-KY-IN"
2322,Hamilton County,OH,202411,1397.92,0.0035,0.0514,"Cincinnati, OH-KY-IN"
2322,Hamilton County,OH,202412,1395.21,-0.0019,0.0428,"Cincinnati, OH-KY-IN"
2322,Hamilton County,OH,202501,1395.62,0.0003,0.0426,"Cincinnati, OH-KY-IN"
2322,Hamilton County,OH,202502,1391.21,-0.0032,0.0329,"Cincinnati, OH-KY-IN"
2322,Hamilton County,OH,202503,1398.39,0.0052,0.0341,"Cincinnati, OH-KY-IN"
2322,Hamilton County,OH,202504,1401.29,0.0021,0.0306,"Cincinnati, OH-KY-IN"
2322,Hamilton County,OH,202505,1411.16,0.007,0.032,"Cincinnati, OH-KY-IN"
2322,Hamilton County,OH,202506,1417.52,0.0045,0.0291,"Cincinnati, OH-KY-IN"
2322,Hamilton County,OH,202507,1422.71,0.0037,0.0296,"Cincinnati, OH-KY-IN"
2322,Hamilton County,OH,202508,1426.34,0.0026,0.0283,"Cincinnati, OH-KY-IN"
2322,Hamilton County,OH,202509,1427.5,0.0008,0.0292,"Cincinnati, OH-KY-IN"
2322,Hamilton County,OH,202510,1428.99,0.001,0.0258,"Cincinnati, OH-KY-IN"
2322,Hamilton County,OH,202511,1423.68,-0.0037,0.0184,"Cincinnati, OH-KY-IN"
2322,Hamilton County,OH,202512,1420.61,-0.0022,0.0182,"Cincinnati, OH-KY-IN"
2322,Hamilton County,OH,202601,1424.64,0.0028,0.0208,"Cincinnati, OH-KY-IN"
2322,Hamilton County,OH,202602,1435.34,0.0075,0.0317,"Cincinnati, OH-KY-IN"
2322,Hamilton County,OH,202603,1449.36,0.0098,0.0364,"Cincinnati, OH-KY-IN"
2322,Hamilton County,OH,202604,1454.17,0.0033,0.0377,"Cincinnati, OH-KY-IN"
2322,Hamilton County,OH,202605,1456.32,0.0015,0.032,"Cincinnati, OH-KY-IN"
2322,Hamilton County,OH,202606,1455.24,-0.0007,0.0266,"Cincinnati, OH-KY-IN"
2322,Hamilton County,OH,202607,1457.43,0.0015,0.0244,"Cincinnati, OH-KY-IN"
2322,Hamilton County,OH,202608,1460.04,0.0018,0.0236,"Cincinnati, OH-KY-IN"
2343,Highland County,OH,202607,1145.77,,,
2343,Highland County,OH,202608,1150.0,0.0037,,
2385,Lawrence County,OH,202608,937.5,,,"Huntington-Ashland, WV-KY-OH"
2399,Mahoning County,OH,201605,621.23,,,"Youngstown-Warren-Boardman, OH-PA"
2399,Mahoning County,OH,201606,613.79,-0.012,,"Youngstown-Warren-Boardman, OH-PA"
2399,Mahoning County,OH,201607,613.64,-0.0002,,"Youngstown-Warren-Boardman, OH-PA"
2399,Mahoning County,OH,201608,614.62,0.0016,,"Youngstown-Warren-Boardman, OH-PA"
2399,Mahoning County,OH,201609,615.36,0.0012,,"Youngstown-Warren-Boardman, OH-PA"
2399,Mahoning County,OH,201610,623.89,0.0139,,"Youngstown-Warren-Boardman, OH-PA"
2399,Mahoning County,OH,201611,622.23,-0.0027,,"Youngstown-Warren-Boardman, OH-PA"
2399,Mahoning County,OH,201612,614.05,-0.0132,,"Youngstown-Warren-Boardman, OH-PA"
2399,Mahoning County,OH,201701,608.82,-0.0085,,"Youngstown-Warren-Boardman, OH-PA"
2399,Mahoning County,OH,201702,611.86,0.005,,"Youngstown-Warren-Boardman, OH-PA"
2399,Mahoning County,OH,201703,621.79,0.0162,,"Youngstown-Warren-Boardman, OH-PA"
2399,Mahoning County,OH,201704,626.56,0.0077,,"Youngstown-Warren-Boardman, OH-PA"
2399,Mahoning County,OH,201705,632.93,0.0102,0.0188,"Youngstown-Warren-Boardman, OH-PA"
2399,Mahoning County,OH,201706,631.99,-0.0015,0.0297,"Youngstown-Warren-Boardman, OH-PA"
2399,Mahoning County,OH,201707,633.43,0.0023,0.0323,"Youngstown-Warren-Boardman, OH-PA"
2399,Mahoning County,OH,201708,632.3,-0.0018,0.0288,"Youngstown-Warren-Boardman, OH-PA"
2399,Mahoning County,OH,201709,630.28,-0.0032,0.0242,"Youngstown-Warren-Boardman, OH-PA"
2399,Mahoning County,OH,201710,626.54,-0.0059,0.0042,"Youngstown-Warren-Boardman, OH-PA"
2399,Mahoning County,OH,201711,630.8,0.0068,0.0138,"Youngstown-Warren-Boardman, OH-PA"
2399,Mahoning County,OH,201712,633.54,0.0043,0.0317,"Youngstown-Warren-Boardman, OH-PA"
2399,Mahoning County,OH,201801,635.9,0.0037,0.0445,"Youngstown-Warren-Boardman, OH-PA"
2399,Mahoning County,OH,201802,632.75,-0.005,0.0341,"Youngstown-Warren-Boardman, OH-PA"
2399,Mahoning County,OH,201803,645.3,0.0198,0.0378,"Youngstown-Warren-Boardman, OH-PA"
2399,Mahoning County,OH,201804,650.18,0.0076,0.0377,"Youngstown-Warren-Boardman, OH-PA"
2399,Mahoning County,OH,201805,658.67,0.0131,0.0407,"Youngstown-Warren-Boardman, OH-PA"
2399,Mahoning County,OH,201806,656.47,-0.0033,0.0387,"Youngstown-Warren-Boardman, OH-PA"
2399,Mahoning County,OH,201807,659.97,0.0053,0.0419,"Youngstown-Warren-Boardman, OH-PA"
2399,Mahoning County,OH,201808,657.69,-0.0034,0.0402,"Youngstown-Warren-Boardman, OH-PA"
2399,Mahoning County,OH,201810,657.24,-0.0007,0.0428,"Youngstown-Warren-Boardman, OH-PA"
2399,Mahoning County,OH,201811,657.36,0.0002,0.0492,"Youngstown-Warren-Boardman, OH-PA"
2399,Mahoning County,OH,201812,663.41,0.0092,0.0517,"Youngstown-Warren-Boardman, OH-PA"
2399,Mahoning County,OH,201901,664.55,0.0017,0.0489,"Youngstown-Warren-Boardman, OH-PA"
2399,Mahoning County,OH,201902,667.97,0.0052,0.0504,"Youngstown-Warren-Boardman, OH-PA"
2399,Mahoning County,OH,201903,670.41,0.0036,0.0595,"Youngstown-Warren-Boardman, OH-PA"
2399,Mahoning County,OH,201904,676.28,0.0088,0.048,"Youngstown-Warren-Boardman, OH-PA"
2399,Mahoning County,OH,201905,680.48,0.0062,0.0466,"Youngstown-Warren-Boardman, OH-PA"
2399,Mahoning County,OH,201906,677.57,-0.0043,0.0287,"Youngstown-Warren-Boardman, OH-PA"
2399,Mahoning County,OH,201907,676.78,-0.0012,0.0309,"Youngstown-Warren-Boardman, OH-PA"
2399,Mahoning County,OH,201908,670.26,-0.0096,0.0156,"Youngstown-Warren-Boardman, OH-PA"
2399,Mahoning County,OH,201909,664.21,-0.009,0.0099,"Youngstown-Warren-Boardman, OH-PA"
2399,Mahoning County,OH,201910,667.35,0.0047,0.0154,"Youngstown-Warren-Boardman, OH-PA"
2399,Mahoning County,OH,201911,676.01,0.013,0.0284,"Youngstown-Warren-Boardman, OH-PA"
2399,Mahoning County,OH,201912,682.09,0.009,0.0282,"Youngstown-Warren-Boardman, OH-PA"
2399,Mahoning County,OH,202001,678.39,-0.0054,0.0208,"Youngstown-Warren-Boardman, OH-PA"
2399,Mahoning County,OH,202002,692.02,0.0201,0.036,"Youngstown-Warren-Boardman, OH-PA"
2399,Mahoning County,OH,202003,693.01,0.0014,0.0337,"Youngstown-Warren-Boardman, OH-PA"
2399,Mahoning County,OH,202004,717.4,0.0352,0.0608,"Youngstown-Warren-Boardman, OH-PA"
2399,Mahoning County,OH,202005,722.12,0.0066,0.0612,"Youngstown-Warren-Boardman, OH-PA"
2399,Mahoning County,OH,202006,734.1,0.0166,0.0834,"Youngstown-Warren-Boardman, OH-PA"
2399,Mahoning County,OH,202007,733.86,-0.0003,0.0843,"Youngstown-Warren-Boardman, OH-PA"
2399,Mahoning County,OH,202008,725.7,-0.0111,0.0827,"Youngstown-Warren-Boardman, OH-PA"
2399,Mahoning County,OH,202009,733.09,0.0102,0.1037,"Youngstown-Warren-Boardman, OH-PA"
2399,Mahoning County,OH,202010,739.41,0.0086,0.108,"Youngstown-Warren-Boardman, OH-PA"
2399,Mahoning County,OH,202011,744.74,0.0072,0.1017,"Youngstown-Warren-Boardman, OH-PA"
2399,Mahoning County,OH,202012,749.59,0.0065,0.099,"Youngstown-Warren-Boardman, OH-PA"
2399,Mahoning County,OH,202101,746.86,-0.0036,0.1009,"Youngstown-Warren-Boardman, OH-PA"
2399,Mahoning County,OH,202102,758.24,0.0152,0.0957,"Youngstown-Warren-Boardman, OH-PA"
2399,Mahoning County,OH,202103,766.3,0.0106,0.1057,"Youngstown-Warren-Boardman, OH-PA"
2399,Mahoning County,OH,202104,781.02,0.0192,0.0887,"Youngstown-Warren-Boardman, OH-PA"
2399,Mahoning County,OH,202105,790.51,0.0122,0.0947,"Youngstown-Warren-Boardman, OH-PA"
2399,Mahoning County,OH,202106,803.72,0.0167,0.0948,"Youngstown-Warren-Boardman, OH-PA"
2399,Mahoning County,OH,202107,808.13,0.0055,0.1012,"Youngstown-Warren-Boardman, OH-PA"
2399,Mahoning County,OH,202108,840.85,0.0405,0.1587,"Youngstown-Warren-Boardman, OH-PA"
2399,Mahoning County,OH,202109,848.26,0.0088,0.1571,"Youngstown-Warren-Boardman, OH-PA"
2399,Mahoning County,OH,202110,861.75,0.0159,0.1655,"Youngstown-Warren-Boardman, OH-PA"
2399,Mahoning County,OH,202111,847.63,-0.0164,0.1382,"Youngstown-Warren-Boardman, OH-PA"
2399,Mahoning County,OH,202112,849.4,0.0021,0.1332,"Youngstown-Warren-Boardman, OH-PA"
2399,Mahoning County,OH,202201,862.54,0.0155,0.1549,"Youngstown-Warren-Boardman, OH-PA"
2399,Mahoning County,OH,202203,880.42,0.0207,0.1611,"Youngstown-Warren-Boardman, OH-PA"
2399,Mahoning County,OH,202204,876.67,-0.0043,0.144,"Youngstown-Warren-Boardman, OH-PA"
2399,Mahoning County,OH,202205,874.2,-0.0028,0.1193,"Youngstown-Warren-Boardman, OH-PA"
2399,Mahoning County,OH,202206,887.01,0.0146,0.1221,"Youngstown-Warren-Boardman, OH-PA"
2399,Mahoning County,OH,202207,891.18,0.0047,0.1088,"Youngstown-Warren-Boardman, OH-PA"
2399,Mahoning County,OH,202208,898.19,0.0079,0.1115,"Youngstown-Warren-Boardman, OH-PA"
2399,Mahoning County,OH,202209,891.93,-0.007,0.0608,"Youngstown-Warren-Boardman, OH-PA"
2399,Mahoning County,OH,202210,900.85,0.01,0.062,"Youngstown-Warren-Boardman, OH-PA"
2399,Mahoning County,OH,202211,913.42,0.014,0.06,"Youngstown-Warren-Boardman, OH-PA"
2399,Mahoning County,OH,202212,933.21,0.0217,0.101,"Youngstown-Warren-Boardman, OH-PA"
2399,Mahoning County,OH,202301,937.96,0.0051,0.1043,"Youngstown-Warren-Boardman, OH-PA"
2399,Mahoning County,OH,202302,944.13,0.0066,0.0946,"Youngstown-Warren-Boardman, OH-PA"
2399,Mahoning County,OH,202303,938.64,-0.0058,0.0661,"Youngstown-Warren-Boardman, OH-PA"
2399,Mahoning County,OH,202304,943.08,0.0047,0.0758,"Youngstown-Warren-Boardman, OH-PA"
2399,Mahoning County,OH,202305,942.44,-0.0007,0.0781,"Youngstown-Warren-Boardman, OH-PA"
2399,Mahoning County,OH,202306,946.2,0.004,0.0667,"Youngstown-Warren-Boardman, OH-PA"
2399,Mahoning County,OH,202307,958.41,0.0129,0.0754,"Youngstown-Warren-Boardman, OH-PA"
2399,Mahoning County,OH,202308,965.24,0.0071,0.0746,"Youngstown-Warren-Boardman, OH-PA"
2399,Mahoning County,OH,202309,971.27,0.0062,0.0889,"Youngstown-Warren-Boardman, OH-PA"
2399,Mahoning County,OH,202310,964.3,-0.0072,0.0704,"Youngstown-Warren-Boardman, OH-PA"
2399,Mahoning County,OH,202311,970.79,0.0067,0.0628,"Youngstown-Warren-Boardman, OH-PA"
2399,Mahoning County,OH,202312,978.06,0.0075,0.0481,"Youngstown-Warren-Boardman, OH-PA"
2399,Mahoning County,OH,202401,985.39,0.0075,0.0506,"Youngstown-Warren-Boardman, OH-PA"
2399,Mahoning County,OH,202402,985.49,0.0001,0.0438,"Youngstown-Warren-Boardman, OH-PA"
2399,Mahoning County,OH,202403,988.23,0.0028,0.0528,"Youngstown-Warren-Boardman, OH-PA"
2399,Mahoning County,OH,202404,998.61,0.0105,0.0589,"Youngstown-Warren-Boardman, OH-PA"
2399,Mahoning County,OH,202405,1009.71,0.0111,0.0714,"Youngstown-Warren-Boardman, OH-PA"
2399,Mahoning County,OH,202406,1022.35,0.0125,0.0805,"Youngstown-Warren-Boardman, OH-PA"
2399,Mahoning County,OH,202407,1027.59,0.0051,0.0722,"Youngstown-Warren-Boardman, OH-PA"
2399,Mahoning County,OH,202408,1032.45,0.0047,0.0696,"Youngstown-Warren-Boardman, OH-PA"
2399,Mahoning County,OH,202409,1028.78,-0.0036,0.0592,"Youngstown-Warren-Boardman, OH-PA"
2399,Mahoning County,OH,202410,1039.37,0.0103,0.0779,"Youngstown-Warren-Boardman, OH-PA"
2399,Mahoning County,OH,202411,1047.04,0.0074,0.0785,"Youngstown-Warren-Boardman, OH-PA"
2399,Mahoning County,OH,202412,1048.12,0.001,0.0716,"Youngstown-Warren-Boardman, OH-PA"
2399,Mahoning County,OH,202501,1035.21,-0.0123,0.0506,"Youngstown-Warren-Boardman, OH-PA"
2399,Mahoning County,OH,202502,1031.39,-0.0037,0.0466,"Youngstown-Warren-Boardman, OH-PA"
2399,Mahoning County,OH,202503,1047.34,0.0155,0.0598,"Youngstown-Warren-Boardman, OH-PA"
2399,Mahoning County,OH,202504,1062.18,0.0142,0.0637,"Youngstown-Warren-Boardman, OH-PA"
2399,Mahoning County,OH,202505,1068.62,0.0061,0.0583,"Youngstown-Warren-Boardman, OH-PA"
2399,Mahoning County,OH,202506,1066.38,-0.0021,0.0431,"Youngstown-Warren-Boardman, OH-PA"
2399,Mahoning County,OH,202507,1062.74,-0.0034,0.0342,"Youngstown-Warren-Boardman, OH-PA"
2399,Mahoning County,OH,202508,1066.83,0.0038,0.0333,"Youngstown-Warren-Boardman, OH-PA"
2399,Mahoning County,OH,202509,1072.67,0.0055,0.0427,"Youngstown-Warren-Boardman, OH-PA"
2399,Mahoning County,OH,202510,1094.49,0.0203,0.053,"Youngstown-Warren-Boardman, OH-PA"
2399,Mahoning County,OH,202511,1095.8,0.0012,0.0466,"Youngstown-Warren-Boardman, OH-PA"
2399,Mahoning County,OH,202512,1090.49,-0.0048,0.0404,"Youngstown-Warren-Boardman, OH-PA"
2399,Mahoning County,OH,202601,1081.02,-0.0087,0.0443,"Youngstown-Warren-Boardman, OH-PA"
2399,Mahoning County,OH,202602,1100.04,0.0176,0.0666,"Youngstown-Warren-Boardman, OH-PA"
2399,Mahoning County,OH,202603,1113.75,0.0125,0.0634,"Youngstown-Warren-Boardman, OH-PA"
2399,Mahoning County,OH,202604,1126.75,0.0117,0.0608,"Youngstown-Warren-Boardman, OH-PA"
2399,Mahoning County,OH,202605,1116.03,-0.0095,0.0444,"Youngstown-Warren-Boardman, OH-PA"
2399,Mahoning County,OH,202606,1124.89,0.0079,0.0549,"Youngstown-Warren-Boardman, OH-PA"
2399,Mahoning County,OH,202607,1114.92,-0.0089,0.0491,"Youngstown-Warren-Boardman, OH-PA"
2399,Mahoning County,OH,202608,1133.36,0.0165,0.0624,"Youngstown-Warren-Boardman, OH-PA"
2479,Pickaway County,OH,202602,1200.01,,,"Columbus, OH"
2479,Pickaway County,OH,202603,1219.62,0.0163,,"Columbus, OH"
2479,Pickaway County,OH,202604,1252.66,0.0271,,"Columbus, OH"
2479,Pickaway County,OH,202605,1312.56,0.0478,,"Columbus, OH"
2479,Pickaway County,OH,202606,1303.88,-0.0066,,"Columbus, OH"
2479,Pickaway County,OH,202607,1334.25,0.0233,,"Columbus, OH"
2479,Pickaway County,OH,202608,1326.71,-0.0056,,"Columbus, OH"
2506,Richland County,OH,202305,750.85,,,"Mansfield, OH"
2506,Richland County,OH,202306,767.21,0.0218,,"Mansfield, OH"
2506,Richland County,OH,202307,772.18,0.0065,,"Mansfield, OH"
2506,Richland County,OH,202308,774.41,0.0029,,"Mansfield, OH"
2506,Richland County,OH,202309,773.17,-0.0016,,"Mansfield, OH"
2506,Richland County,OH,202310,782.77,0.0124,,"Mansfield, OH"
2506,Richland County,OH,202311,777.42,-0.0068,,"Mansfield, OH"
2506,Richland County,OH,202312,790.88,0.0173,,"Mansfield, OH"
2506,Richland County,OH,202401,791.85,0.0012,,"Mansfield, OH"
2506,Richland County,OH,202402,811.27,0.0245,,"Mansfield, OH"
2506,Richland County,OH,202403,807.38,-0.0048,,"Mansfield, OH"
2506,Richland County,OH,202404,818.96,0.0143,,"Mansfield, OH"
2506,Richland County,OH,202405,816.13,-0.0035,0.0869,"Mansfield, OH"
2506,Richland County,OH,202406,822.67,0.008,0.0723,"Mansfield, OH"
2506,Richland County,OH,202407,839.06,0.0199,0.0866,"Mansfield, OH"
2506,Richland County,OH,202408,854.71,0.0187,0.1037,"Mansfield, OH"
2506,Richland County,OH,202409,862.3,0.0089,0.1153,"Mansfield, OH"
2506,Richland County,OH,202410,845.08,-0.02,0.0796,"Mansfield, OH"
2506,Richland County,OH,202411,834.51,-0.0125,0.0734,"Mansfield, OH"
2506,Richland County,OH,202412,833.24,-0.0015,0.0536,"Mansfield, OH"
2506,Richland County,OH,202501,842.08,0.0106,0.0634,"Mansfield, OH"
2506,Richland County,OH,202502,853.03,0.013,0.0515,"Mansfield, OH"
2506,Richland County,OH,202503,854.52,0.0017,0.0584,"Mansfield, OH"
2506,Richland County,OH,202504,859.52,0.0059,0.0495,"Mansfield, OH"
2506,Richland County,OH,202505,866.35,0.0079,0.0615,"Mansfield, OH"
2506,Richland County,OH,202506,883.56,0.0199,0.074,"Mansfield, OH"
2506,Richland County,OH,202507,886.32,0.0031,0.0563,"Mansfield, OH"
2506,Richland County,OH,202508,890.5,0.0047,0.0419,"Mansfield, OH"
2506,Richland County,OH,202509,888.63,-0.0021,0.0305,"Mansfield, OH"
2506,Richland County,OH,202510,886.58,-0.0023,0.0491,"Mansfield, OH"
2506,Richland County,OH,202511,880.17,-0.0072,0.0547,"Mansfield, OH"
2506,Richland County,OH,202512,878.96,-0.0014,0.0549,"Mansfield, OH"
2506,Richland County,OH,202601,886.58,0.0087,0.0528,"Mansfield, OH"
2506,Richland County,OH,202602,896.29,0.0109,0.0507,"Mansfield, OH"
2506,Richland County,OH,202603,903.27,0.0078,0.057,"Mansfield, OH"
2506,Richland County,OH,202604,907.67,0.0049,0.056,"Mansfield, OH"
2506,Richland County,OH,202605,913.91,0.0069,0.0549,"Mansfield, OH"
2506,Richland County,OH,202606,926.63,0.0139,0.0487,"Mansfield, OH"
2506,Richland County,OH,202607,932.97,0.0068,0.0526,"Mansfield, OH"
2506,Richland County,OH,202608,934.48,0.0016,0.0494,"Mansfield, OH"
2583,Trumbull County,OH,201609,543.67,,,"Youngstown-Warren-Boardman, OH-PA"
2583,Trumbull County,OH,201610,552.23,0.0157,,"Youngstown-Warren-Boardman, OH-PA"
2583,Trumbull County,OH,201611,543.24,-0.0163,,"Youngstown-Warren-Boardman, OH-PA"
2583,Trumbull County,OH,201701,522.46,-0.0383,,"Youngstown-Warren-Boardman, OH-PA"
2583,Trumbull County,OH,201702,521.47,-0.0019,,"Youngstown-Warren-Boardman, OH-PA"
2583,Trumbull County,OH,201703,530.17,0.0167,,"Youngstown-Warren-Boardman, OH-PA"
2583,Trumbull County,OH,201705,541.24,0.0209,,"Youngstown-Warren-Boardman, OH-PA"
2583,Trumbull County,OH,201706,542.59,0.0025,,"Youngstown-Warren-Boardman, OH-PA"
2583,Trumbull County,OH,201707,540.11,-0.0046,,"Youngstown-Warren-Boardman, OH-PA"
2583,Trumbull County,OH,201708,545.03,0.0091,,"Youngstown-Warren-Boardman, OH-PA"
2583,Trumbull County,OH,201709,537.78,-0.0133,,"Youngstown-Warren-Boardman, OH-PA"
2583,Trumbull County,OH,201711,541.51,0.0069,,"Youngstown-Warren-Boardman, OH-PA"
2583,Trumbull County,OH,201712,542.72,0.0022,-0.0017,"Youngstown-Warren-Boardman, OH-PA"
2583,Trumbull County,OH,201801,536.19,-0.012,-0.0291,"Youngstown-Warren-Boardman, OH-PA"
2583,Trumbull County,OH,201802,541.6,0.0101,-0.003,"Youngstown-Warren-Boardman, OH-PA"
2583,Trumbull County,OH,201803,547.56,0.011,0.048,"Youngstown-Warren-Boardman, OH-PA"
2583,Trumbull County,OH,201804,549.41,0.0034,0.0536,"Youngstown-Warren-Boardman, OH-PA"
2583,Trumbull County,OH,201805,557.37,0.0145,0.0513,"Youngstown-Warren-Boardman, OH-PA"
2583,Trumbull County,OH,201806,561.9,0.0081,0.0382,"Youngstown-Warren-Boardman, OH-PA"
2583,Trumbull County,OH,201807,559.65,-0.004,0.0314,"Youngstown-Warren-Boardman, OH-PA"
2583,Trumbull County,OH,201808,558.56,-0.0019,0.0342,"Youngstown-Warren-Boardman, OH-PA"
2583,Trumbull County,OH,201809,562.19,0.0065,0.0315,"Youngstown-Warren-Boardman, OH-PA"
2583,Trumbull County,OH,201810,571.57,0.0167,0.0628,"Youngstown-Warren-Boardman, OH-PA"
2583,Trumbull County,OH,201811,572.53,0.0017,0.0573,"Youngstown-Warren-Boardman, OH-PA"
2583,Trumbull County,OH,201812,567.52,-0.0087,0.0457,"Youngstown-Warren-Boardman, OH-PA"
2583,Trumbull County,OH,201901,572.57,0.0089,0.0679,"Youngstown-Warren-Boardman, OH-PA"
2583,Trumbull County,OH,201902,572.44,-0.0002,0.0569,"Youngstown-Warren-Boardman, OH-PA"
2583,Trumbull County,OH,201903,582.1,0.0169,0.0631,"Youngstown-Warren-Boardman, OH-PA"
2583,Trumbull County,OH,201904,573.96,-0.014,0.0447,"Youngstown-Warren-Boardman, OH-PA"
2583,Trumbull County,OH,201905,575.67,0.003,0.0328,"Youngstown-Warren-Boardman, OH-PA"
2583,Trumbull County,OH,201906,576.53,0.0015,0.026,"Youngstown-Warren-Boardman, OH-PA"
2583,Trumbull County,OH,201907,581.4,0.0084,0.0389,"Youngstown-Warren-Boardman, OH-PA"
2583,Trumbull County,OH,201908,581.37,-0.0,0.0408,"Youngstown-Warren-Boardman, OH-PA"
2583,Trumbull County,OH,201909,583.36,0.0034,0.0377,"Youngstown-Warren-Boardman, OH-PA"
2583,Trumbull County,OH,201910,581.77,-0.0027,0.0178,"Youngstown-Warren-Boardman, OH-PA"
2583,Trumbull County,OH,201911,592.67,0.0187,0.0352,"Youngstown-Warren-Boardman, OH-PA"
2583,Trumbull County,OH,201912,586.48,-0.0105,0.0334,"Youngstown-Warren-Boardman, OH-PA"
2583,Trumbull County,OH,202001,594.26,0.0133,0.0379,"Youngstown-Warren-Boardman, OH-PA"
2583,Trumbull County,OH,202002,587.24,-0.0118,0.0259,"Youngstown-Warren-Boardman, OH-PA"
2583,Trumbull County,OH,202003,595.26,0.0137,0.0226,"Youngstown-Warren-Boardman, OH-PA"
2583,Trumbull County,OH,202004,594.67,-0.001,0.0361,"Youngstown-Warren-Boardman, OH-PA"
2583,Trumbull County,OH,202005,603.36,0.0146,0.0481,"Youngstown-Warren-Boardman, OH-PA"
2583,Trumbull County,OH,202006,604.85,0.0025,0.0491,"Youngstown-Warren-Boardman, OH-PA"
2583,Trumbull County,OH,202007,622.03,0.0284,0.0699,"Youngstown-Warren-Boardman, OH-PA"
2583,Trumbull County,OH,202008,624.68,0.0043,0.0745,"Youngstown-Warren-Boardman, OH-PA"
2583,Trumbull County,OH,202009,635.08,0.0167,0.0887,"Youngstown-Warren-Boardman, OH-PA"
2583,Trumbull County,OH,202010,627.39,-0.0121,0.0784,"Youngstown-Warren-Boardman, OH-PA"
2583,Trumbull County,OH,202011,637.39,0.0159,0.0755,"Youngstown-Warren-Boardman, OH-PA"
2583,Trumbull County,OH,202012,635.38,-0.0032,0.0834,"Youngstown-Warren-Boardman, OH-PA"
2583,Trumbull County,OH,202101,647.66,0.0193,0.0898,"Youngstown-Warren-Boardman, OH-PA"
2583,Trumbull County,OH,202102,655.81,0.0126,0.1168,"Youngstown-Warren-Boardman, OH-PA"
2583,Trumbull County,OH,202103,675.61,0.0302,0.135,"Youngstown-Warren-Boardman, OH-PA"
2583,Trumbull County,OH,202104,686.83,0.0166,0.155,"Youngstown-Warren-Boardman, OH-PA"
2583,Trumbull County,OH,202105,691.95,0.0074,0.1468,"Youngstown-Warren-Boardman, OH-PA"
2583,Trumbull County,OH,202106,703.22,0.0163,0.1626,"Youngstown-Warren-Boardman, OH-PA"
2583,Trumbull County,OH,202107,711.65,0.012,0.1441,"Youngstown-Warren-Boardman, OH-PA"
2583,Trumbull County,OH,202108,716.21,0.0064,0.1465,"Youngstown-Warren-Boardman, OH-PA"
2583,Trumbull County,OH,202109,717.13,0.0013,0.1292,"Youngstown-Warren-Boardman, OH-PA"
2583,Trumbull County,OH,202110,715.43,-0.0024,0.1403,"Youngstown-Warren-Boardman, OH-PA"
2583,Trumbull County,OH,202111,724.24,0.0123,0.1362,"Youngstown-Warren-Boardman, OH-PA"
2583,Trumbull County,OH,202112,728.76,0.0062,0.147,"Youngstown-Warren-Boardman, OH-PA"
2583,Trumbull County,OH,202201,722.83,-0.0081,0.1161,"Youngstown-Warren-Boardman, OH-PA"
2583,Trumbull County,OH,202202,730.16,0.0101,0.1134,"Youngstown-Warren-Boardman, OH-PA"
2583,Trumbull County,OH,202203,733.26,0.0042,0.0853,"Youngstown-Warren-Boardman, OH-PA"
2583,Trumbull County,OH,202204,757.2,0.0326,0.1024,"Youngstown-Warren-Boardman, OH-PA"
2583,Trumbull County,OH,202205,758.18,0.0013,0.0957,"Youngstown-Warren-Boardman, OH-PA"
2583,Trumbull County,OH,202206,760.14,0.0026,0.081,"Youngstown-Warren-Boardman, OH-PA"
2583,Trumbull County,OH,202207,756.99,-0.0041,0.0637,"Youngstown-Warren-Boardman, OH-PA"
2583,Trumbull County,OH,202208,762.52,0.0073,0.0647,"Youngstown-Warren-Boardman, OH-PA"
2583,Trumbull County,OH,202209,766.18,0.0048,0.0684,"Youngstown-Warren-Boardman, OH-PA"
2583,Trumbull County,OH,202210,759.92,-0.0082,0.0622,"Youngstown-Warren-Boardman, OH-PA"
2583,Trumbull County,OH,202211,755.4,-0.0059,0.043,"Youngstown-Warren-Boardman, OH-PA"
2583,Trumbull County,OH,202212,752.09,-0.0044,0.032,"Youngstown-Warren-Boardman, OH-PA"
2583,Trumbull County,OH,202301,765.03,0.0172,0.0584,"Youngstown-Warren-Boardman, OH-PA"
2583,Trumbull County,OH,202302,777.78,0.0167,0.0652,"Youngstown-Warren-Boardman, OH-PA"
2583,Trumbull County,OH,202303,783.63,0.0075,0.0687,"Youngstown-Warren-Boardman, OH-PA"
2583,Trumbull County,OH,202304,789.76,0.0078,0.043,"Youngstown-Warren-Boardman, OH-PA"
2583,Trumbull County,OH,202305,786.63,-0.004,0.0375,"Youngstown-Warren-Boardman, OH-PA"
2583,Trumbull County,OH,202306,791.3,0.0059,0.041,"Youngstown-Warren-Boardman, OH-PA"
2583,Trumbull County,OH,202307,784.85,-0.0081,0.0368,"Youngstown-Warren-Boardman, OH-PA"
2583,Trumbull County,OH,202308,797.12,0.0156,0.0454,"Youngstown-Warren-Boardman, OH-PA"
2583,Trumbull County,OH,202309,802.24,0.0064,0.0471,"Youngstown-Warren-Boardman, OH-PA"
2583,Trumbull County,OH,202310,816.22,0.0174,0.0741,"Youngstown-Warren-Boardman, OH-PA"
2583,Trumbull County,OH,202311,809.4,-0.0084,0.0715,"Youngstown-Warren-Boardman, OH-PA"
2583,Trumbull County,OH,202312,825.39,0.0198,0.0975,"Youngstown-Warren-Boardman, OH-PA"
2583,Trumbull County,OH,202401,820.71,-0.0057,0.0728,"Youngstown-Warren-Boardman, OH-PA"
2583,Trumbull County,OH,202402,820.18,-0.0006,0.0545,"Youngstown-Warren-Boardman, OH-PA"
2583,Trumbull County,OH,202403,819.43,-0.0009,0.0457,"Youngstown-Warren-Boardman, OH-PA"
2583,Trumbull County,OH,202404,840.19,0.0253,0.0639,"Youngstown-Warren-Boardman, OH-PA"
2583,Trumbull County,OH,202405,856.65,0.0196,0.089,"Youngstown-Warren-Boardman, OH-PA"
2583,Trumbull County,OH,202406,868.58,0.0139,0.0977,"Youngstown-Warren-Boardman, OH-PA"
2583,Trumbull County,OH,202407,853.38,-0.0175,0.0873,"Youngstown-Warren-Boardman, OH-PA"
2583,Trumbull County,OH,202408,856.33,0.0035,0.0743,"Youngstown-Warren-Boardman, OH-PA"
2583,Trumbull County,OH,202409,849.5,-0.008,0.0589,"Youngstown-Warren-Boardman, OH-PA"
2583,Trumbull County,OH,202410,869.33,0.0233,0.0651,"Youngstown-Warren-Boardman, OH-PA"
2583,Trumbull County,OH,202411,874.0,0.0054,0.0798,"Youngstown-Warren-Boardman, OH-PA"
2583,Trumbull County,OH,202412,872.42,-0.0018,0.057,"Youngstown-Warren-Boardman, OH-PA"
2583,Trumbull County,OH,202501,888.66,0.0186,0.0828,"Youngstown-Warren-Boardman, OH-PA"
2583,Trumbull County,OH,202502,895.54,0.0077,0.0919,"Youngstown-Warren-Boardman, OH-PA"
2583,Trumbull County,OH,202503,909.5,0.0156,0.1099,"Youngstown-Warren-Boardman, OH-PA"
2583,Trumbull County,OH,202504,893.02,-0.0181,0.0629,"Youngstown-Warren-Boardman, OH-PA"
2583,Trumbull County,OH,202505,897.29,0.0048,0.0474,"Youngstown-Warren-Boardman, OH-PA"
2583,Trumbull County,OH,202506,895.77,-0.0017,0.0313,"Youngstown-Warren-Boardman, OH-PA"
2583,Trumbull County,OH,202507,900.36,0.0051,0.055,"Youngstown-Warren-Boardman, OH-PA"
2583,Trumbull County,OH,202508,899.62,-0.0008,0.0506,"Youngstown-Warren-Boardman, OH-PA"
2583,Trumbull County,OH,202509,911.12,0.0128,0.0725,"Youngstown-Warren-Boardman, OH-PA"
2583,Trumbull County,OH,202510,908.37,-0.003,0.0449,"Youngstown-Warren-Boardman, OH-PA"
2583,Trumbull County,OH,202511,913.43,0.0056,0.0451,"Youngstown-Warren-Boardman, OH-PA"
2583,Trumbull County,OH,202512,917.25,0.0042,0.0514,"Youngstown-Warren-Boardman, OH-PA"
2583,Trumbull County,OH,202601,923.99,0.0074,0.0398,"Youngstown-Warren-Boardman, OH-PA"
2583,Trumbull County,OH,202602,935.21,0.0121,0.0443,"Youngstown-Warren-Boardman, OH-PA"
2583,Trumbull County,OH,202603,926.6,-0.0092,0.0188,"Youngstown-Warren-Boardman, OH-PA"
2583,Trumbull County,OH,202604,933.85,0.0078,0.0457,"Youngstown-Warren-Boardman, OH-PA"
2583,Trumbull County,OH,202605,934.97,0.0012,0.042,"Youngstown-Warren-Boardman, OH-PA"
2583,Trumbull County,OH,202606,954.75,0.0212,0.0658,"Youngstown-Warren-Boardman, OH-PA"
2583,Trumbull County,OH,202607,959.49,0.005,0.0657,"Youngstown-Warren-Boardman, OH-PA"
2583,Trumbull County,OH,202608,953.27,-0.0065,0.0596,"Youngstown-Warren-Boardman, OH-PA"
2624,Ashtabula County,OH,202604,935.2,,,"Ashtabula, OH"
2624,Ashtabula County,OH,202605,968.01,0.0351,,"Ashtabula, OH"
2624,Ashtabula County,OH,202606,960.33,-0.0079,,"Ashtabula, OH"
2624,Ashtabula County,OH,202607,960.13,-0.0002,,"Ashtabula, OH"
2624,Ashtabula County,OH,202608,980.42,0.0211,,"Ashtabula, OH"
2649,Champaign County,OH,202608,1054.75,,,"Urbana, OH"
2695,Fairfield County,OH,201811,1014.28,,,"Columbus, OH"
2695,Fairfield County,OH,201812,1016.99,0.0027,,"Columbus, OH"
2695,Fairfield County,OH,201901,1031.77,0.0145,,"Columbus, OH"
2695,Fairfield County,OH,201902,1042.49,0.0104,,"Columbus, OH"
2695,Fairfield County,OH,201903,1057.28,0.0142,,"Columbus, OH"
2695,Fairfield County,OH,201904,1054.96,-0.0022,,"Columbus, OH"
2695,Fairfield County,OH,201905,1061.86,0.0065,,"Columbus, OH"
2695,Fairfield County,OH,201906,1061.92,0.0001,,"Columbus, OH"
2695,Fairfield County,OH,201907,1076.05,0.0133,,"Columbus, OH"
2695,Fairfield County,OH,201908,1088.36,0.0114,,"Columbus, OH"
2695,Fairfield County,OH,201909,1109.66,0.0196,,"Columbus, OH"
2695,Fairfield County,OH,201910,1102.02,-0.0069,,"Columbus, OH"
2695,Fairfield County,OH,201911,1092.9,-0.0083,0.0775,"Columbus, OH"
2695,Fairfield County,OH,201912,1081.05,-0.0108,0.063,"Columbus, OH"
2695,Fairfield County,OH,202001,1093.95,0.0119,0.0603,"Columbus, OH"
2695,Fairfield County,OH,202002,1100.19,0.0057,0.0553,"Columbus, OH"
2695,Fairfield County,OH,202003,1116.1,0.0145,0.0556,"Columbus, OH"
2695,Fairfield County,OH,202004,1118.76,0.0024,0.0605,"Columbus, OH"
2695,Fairfield County,OH,202005,1122.3,0.0032,0.0569,"Columbus, OH"
2695,Fairfield County,OH,202006,1114.02,-0.0074,0.0491,"Columbus, OH"
2695,Fairfield County,OH,202007,1119.6,0.005,0.0405,"Columbus, OH"
2695,Fairfield County,OH,202008,1127.56,0.0071,0.036,"Columbus, OH"
2695,Fairfield County,OH,202009,1141.62,0.0125,0.0288,"Columbus, OH"
2695,Fairfield County,OH,202010,1148.73,0.0062,0.0424,"Columbus, OH"
2695,Fairfield County,OH,202011,1157.41,0.0076,0.059,"Columbus, OH"
2695,Fairfield County,OH,202012,1150.3,-0.0061,0.0641,"Columbus, OH"
2695,Fairfield County,OH,202101,1156.75,0.0056,0.0574,"Columbus, OH"
2695,Fairfield County,OH,202102,1152.24,-0.0039,0.0473,"Columbus, OH"
2695,Fairfield County,OH,202103,1178.9,0.0231,0.0563,"Columbus, OH"
2695,Fairfield County,OH,202104,1193.46,0.0124,0.0668,"Columbus, OH"
2695,Fairfield County,OH,202105,1232.18,0.0324,0.0979,"Columbus, OH"
2695,Fairfield County,OH,202106,1250.29,0.0147,0.1223,"Columbus, OH"
2695,Fairfield County,OH,202107,1273.13,0.0183,0.1371,"Columbus, OH"
2695,Fairfield County,OH,202108,1290.27,0.0135,0.1443,"Columbus, OH"
2695,Fairfield County,OH,202109,1293.94,0.0028,0.1334,"Columbus, OH"
2695,Fairfield County,OH,202110,1277.86,-0.0124,0.1124,"Columbus, OH"
2695,Fairfield County,OH,202111,1273.79,-0.0032,0.1006,"Columbus, OH"
2695,Fairfield County,OH,202112,1274.39,0.0005,0.1079,"Columbus, OH"
2695,Fairfield County,OH,202201,1293.35,0.0149,0.1181,"Columbus, OH"
2695,Fairfield County,OH,202202,1291.59,-0.0014,0.1209,"Columbus, OH"
2695,Fairfield County,OH,202203,1301.45,0.0076,0.104,"Columbus, OH"
2695,Fairfield County,OH,202204,1310.85,0.0072,0.0984,"Columbus, OH"
2695,Fairfield County,OH,202205,1332.24,0.0163,0.0812,"Columbus, OH"
2695,Fairfield County,OH,202206,1361.01,0.0216,0.0885,"Columbus, OH"
2695,Fairfield County,OH,202207,1381.27,0.0149,0.0849,"Columbus, OH"
2695,Fairfield County,OH,202208,1396.06,0.0107,0.082,"Columbus, OH"
2695,Fairfield County,OH,202209,1391.46,-0.0033,0.0754,"Columbus, OH"
2695,Fairfield County,OH,202210,1405.87,0.0104,0.1002,"Columbus, OH"
2695,Fairfield County,OH,202211,1407.49,0.0012,0.105,"Columbus, OH"
2695,Fairfield County,OH,202212,1409.77,0.0016,0.1062,"Columbus, OH"
2695,Fairfield County,OH,202301,1392.81,-0.012,0.0769,"Columbus, OH"
2695,Fairfield County,OH,202302,1389.94,-0.0021,0.0762,"Columbus, OH"
2695,Fairfield County,OH,202303,1404.98,0.0108,0.0795,"Columbus, OH"
2695,Fairfield County,OH,202304,1420.2,0.0108,0.0834,"Columbus, OH"
2695,Fairfield County,OH,202305,1426.19,0.0042,0.0705,"Columbus, OH"
2695,Fairfield County,OH,202306,1431.39,0.0036,0.0517,"Columbus, OH"
2695,Fairfield County,OH,202307,1452.94,0.0151,0.0519,"Columbus, OH"
2695,Fairfield County,OH,202308,1470.78,0.0123,0.0535,"Columbus, OH"
2695,Fairfield County,OH,202309,1466.94,-0.0026,0.0543,"Columbus, OH"
2695,Fairfield County,OH,202310,1455.99,-0.0075,0.0357,"Columbus, OH"
2695,Fairfield County,OH,202311,1446.53,-0.0065,0.0277,"Columbus, OH"
2695,Fairfield County,OH,202312,1450.05,0.0024,0.0286,"Columbus, OH"
2695,Fairfield County,OH,202401,1453.05,0.0021,0.0433,"Columbus, OH"
2695,Fairfield County,OH,202402,1455.59,0.0017,0.0472,"Columbus, OH"
2695,Fairfield County,OH,202403,1466.82,0.0077,0.044,"Columbus, OH"
2695,Fairfield County,OH,202404,1476.64,0.0067,0.0397,"Columbus, OH"
2695,Fairfield County,OH,202405,1499.32,0.0154,0.0513,"Columbus, OH"
2695,Fairfield County,OH,202406,1512.37,0.0087,0.0566,"Columbus, OH"
2695,Fairfield County,OH,202407,1537.67,0.0167,0.0583,"Columbus, OH"
2695,Fairfield County,OH,202408,1538.75,0.0007,0.0462,"Columbus, OH"
2695,Fairfield County,OH,202409,1549.33,0.0069,0.0562,"Columbus, OH"
2695,Fairfield County,OH,202410,1539.14,-0.0066,0.0571,"Columbus, OH"
2695,Fairfield County,OH,202411,1547.76,0.0056,0.07,"Columbus, OH"
2695,Fairfield County,OH,202412,1527.37,-0.0132,0.0533,"Columbus, OH"
2695,Fairfield County,OH,202501,1524.94,-0.0016,0.0495,"Columbus, OH"
2695,Fairfield County,OH,202502,1518.91,-0.004,0.0435,"Columbus, OH"
2695,Fairfield County,OH,202503,1545.2,0.0173,0.0534,"Columbus, OH"
2695,Fairfield County,OH,202504,1578.87,0.0218,0.0692,"Columbus, OH"
2695,Fairfield County,OH,202505,1610.5,0.02,0.0742,"Columbus, OH"
2695,Fairfield County,OH,202506,1617.28,0.0042,0.0694,"Columbus, OH"
2695,Fairfield County,OH,202507,1608.14,-0.0057,0.0458,"Columbus, OH"
2695,Fairfield County,OH,202508,1586.92,-0.0132,0.0313,"Columbus, OH"
2695,Fairfield County,OH,202509,1583.47,-0.0022,0.022,"Columbus, OH"
2695,Fairfield County,OH,202510,1572.35,-0.007,0.0216,"Columbus, OH"
2695,Fairfield County,OH,202511,1592.3,0.0127,0.0288,"Columbus, OH"
2695,Fairfield County,OH,202512,1591.16,-0.0007,0.0418,"Columbus, OH"
2695,Fairfield County,OH,202601,1610.7,0.0123,0.0562,"Columbus, OH"
2695,Fairfield County,OH,202602,1594.05,-0.0103,0.0495,"Columbus, OH"
2695,Fairfield County,OH,202603,1606.82,0.008,0.0399,"Columbus, OH"
2695,Fairfield County,OH,202604,1608.93,0.0013,0.019,"Columbus, OH"
2695,Fairfield County,OH,202605,1645.81,0.0229,0.0219,"Columbus, OH"
2695,Fairfield County,OH,202606,1647.74,0.0012,0.0188,"Columbus, OH"
2695,Fairfield County,OH,202607,1651.58,0.0023,0.027,"Columbus, OH"
2695,Fairfield County,OH,202608,1636.1,-0.0094,0.031,"Columbus, OH"
2749,Jefferson County,OH,202208,675.65,,,"Weirton-Steubenville, WV-OH"
2749,Jefferson County,OH,202209,656.99,-0.0276,,"Weirton-Steubenville, WV-OH"
2749,Jefferson County,OH,202210,649.14,-0.012,,"Weirton-Steubenville, WV-OH"
2749,Jefferson County,OH,202211,651.64,0.0039,,"Weirton-Steubenville, WV-OH"
2749,Jefferson County,OH,202212,662.54,0.0167,,"Weirton-Steubenville, WV-OH"
2749,Jefferson County,OH,202301,656.69,-0.0088,,"Weirton-Steubenville, WV-OH"
2749,Jefferson County,OH,202302,648.91,-0.0119,,"Weirton-Steubenville, WV-OH"
2749,Jefferson County,OH,202303,644.19,-0.0073,,"Weirton-Steubenville, WV-OH"
2749,Jefferson County,OH,202304,642.25,-0.003,,"Weirton-Steubenville, WV-OH"
2749,Jefferson County,OH,202305,654.16,0.0185,,"Weirton-Steubenville, WV-OH"
2749,Jefferson County,OH,202306,648.77,-0.0082,,"Weirton-Steubenville, WV-OH"
2749,Jefferson County,OH,202307,663.06,0.022,,"Weirton-Steubenville, WV-OH"
2749,Jefferson County,OH,202308,667.15,0.0062,-0.0126,"Weirton-Steubenville, WV-OH"
2749,Jefferson County,OH,202309,696.72,0.0443,0.0605,"Weirton-Steubenville, WV-OH"
2749,Jefferson County,OH,202310,702.73,0.0086,0.0826,"Weirton-Steubenville, WV-OH"
2749,Jefferson County,OH,202311,708.51,0.0082,0.0873,"Weirton-Steubenville, WV-OH"
2749,Jefferson County,OH,202312,688.75,-0.0279,0.0395,"Weirton-Steubenville, WV-OH"
2749,Jefferson County,OH,202401,688.84,0.0001,0.0489,"Weirton-Steubenville, WV-OH"
2749,Jefferson County,OH,202402,681.78,-0.0102,0.0507,"Weirton-Steubenville, WV-OH"
2749,Jefferson County,OH,202403,679.58,-0.0032,0.0549,"Weirton-Steubenville, WV-OH"
2749,Jefferson County,OH,202404,685.58,0.0088,0.0675,"Weirton-Steubenville, WV-OH"
2749,Jefferson County,OH,202405,697.78,0.0178,0.0667,"Weirton-Steubenville, WV-OH"
2749,Jefferson County,OH,202406,704.67,0.0099,0.0862,"Weirton-Steubenville, WV-OH"
2749,Jefferson County,OH,202407,699.79,-0.0069,0.0554,"Weirton-Steubenville, WV-OH"
2749,Jefferson County,OH,202408,692.46,-0.0105,0.0379,"Weirton-Steubenville, WV-OH"
2749,Jefferson County,OH,202409,690.55,-0.0028,-0.0088,"Weirton-Steubenville, WV-OH"
2749,Jefferson County,OH,202410,700.09,0.0138,-0.0038,"Weirton-Steubenville, WV-OH"
2749,Jefferson County,OH,202411,706.53,0.0092,-0.0028,"Weirton-Steubenville, WV-OH"
2749,Jefferson County,OH,202412,737.71,0.0441,0.0711,"Weirton-Steubenville, WV-OH"
2749,Jefferson County,OH,202501,728.52,-0.0125,0.0576,"Weirton-Steubenville, WV-OH"
2749,Jefferson County,OH,202502,738.24,0.0134,0.0828,"Weirton-Steubenville, WV-OH"
2749,Jefferson County,OH,202503,723.11,-0.0205,0.0641,"Weirton-Steubenville, WV-OH"
2749,Jefferson County,OH,202504,723.32,0.0003,0.055,"Weirton-Steubenville, WV-OH"
2749,Jefferson County,OH,202505,707.94,-0.0213,0.0146,"Weirton-Steubenville, WV-OH"
2749,Jefferson County,OH,202506,711.34,0.0048,0.0095,"Weirton-Steubenville, WV-OH"
2749,Jefferson County,OH,202507,716.26,0.0069,0.0235,"Weirton-Steubenville, WV-OH"
2749,Jefferson County,OH,202508,729.34,0.0183,0.0533,"Weirton-Steubenville, WV-OH"
2749,Jefferson County,OH,202509,737.17,0.0107,0.0675,"Weirton-Steubenville, WV-OH"
2749,Jefferson County,OH,202510,743.91,0.0092,0.0626,"Weirton-Steubenville, WV-OH"
2749,Jefferson County,OH,202511,761.96,0.0243,0.0785,"Weirton-Steubenville, WV-OH"
2749,Jefferson County,OH,202512,751.41,-0.0139,0.0186,"Weirton-Steubenville, WV-OH"
2749,Jefferson County,OH,202601,765.48,0.0187,0.0507,"Weirton-Steubenville, WV-OH"
2749,Jefferson County,OH,202602,750.12,-0.0201,0.0161,"Weirton-Steubenville, WV-OH"
2749,Jefferson County,OH,202603,783.57,0.0446,0.0836,"Weirton-Steubenville, WV-OH"
2749,Jefferson County,OH,202604,783.84,0.0003,0.0837,"Weirton-Steubenville, WV-OH"
2749,Jefferson County,OH,202605,787.86,0.0051,0.1129,"Weirton-Steubenville, WV-OH"
2749,Jefferson County,OH,202606,761.91,-0.0329,0.0711,"Weirton-Steubenville, WV-OH"
2749,Jefferson County,OH,202607,776.26,0.0188,0.0838,"Weirton-Steubenville, WV-OH"
2749,Jefferson County,OH,202608,788.4,0.0156,0.081,"Weirton-Steubenville, WV-OH"
2812,Muskingum County,OH,202304,829.36,,,"Zanesville, OH"
2812,Muskingum County,OH,202305,862.01,0.0394,,"Zanesville, OH"
2812,Muskingum County,OH,202306,865.33,0.0039,,"Zanesville, OH"
2812,Muskingum County,OH,202307,860.88,-0.0052,,"Zanesville, OH"
2812,Muskingum County,OH,202308,841.57,-0.0224,,"Zanesville, OH"
2812,Muskingum County,OH,202309,851.16,0.0114,,"Zanesville, OH"
2812,Muskingum County,OH,202310,865.26,0.0166,,"Zanesville, OH"
2812,Muskingum County,OH,202311,859.73,-0.0064,,"Zanesville, OH"
2812,Muskingum County,OH,202312,853.01,-0.0078,,"Zanesville, OH"
2812,Muskingum County,OH,202401,861.73,0.0102,,"Zanesville, OH"
2812,Muskingum County,OH,202402,872.57,0.0126,,"Zanesville, OH"
2812,Muskingum County,OH,202403,885.91,0.0153,,"Zanesville, OH"
2812,Muskingum County,OH,202404,878.52,-0.0083,0.0593,"Zanesville, OH"
2812,Muskingum County,OH,202405,883.43,0.0056,0.0248,"Zanesville, OH"
2812,Muskingum County,OH,202406,884.94,0.0017,0.0227,"Zanesville, OH"
2812,Muskingum County,OH,202407,884.36,-0.0007,0.0273,"Zanesville, OH"
2812,Muskingum County,OH,202408,892.14,0.0088,0.0601,"Zanesville, OH"
2812,Muskingum County,OH,202409,888.26,-0.0044,0.0436,"Zanesville, OH"
2812,Muskingum County,OH,202410,916.45,0.0317,0.0592,"Zanesville, OH"
2812,Muskingum County,OH,202411,921.85,0.0059,0.0723,"Zanesville, OH"
2812,Muskingum County,OH,202412,925.95,0.0044,0.0855,"Zanesville, OH"
2812,Muskingum County,OH,202501,927.54,0.0017,0.0764,"Zanesville, OH"
2812,Muskingum County,OH,202502,919.88,-0.0083,0.0542,"Zanesville, OH"
2812,Muskingum County,OH,202503,928.15,0.009,0.0477,"Zanesville, OH"
2812,Muskingum County,OH,202504,922.68,-0.0059,0.0503,"Zanesville, OH"
2812,Muskingum County,OH,202505,939.31,0.018,0.0633,"Zanesville, OH"
2812,Muskingum County,OH,202506,956.74,0.0186,0.0811,"Zanesville, OH"
2812,Muskingum County,OH,202507,981.2,0.0256,0.1095,"Zanesville, OH"
2812,Muskingum County,OH,202508,984.19,0.003,0.1032,"Zanesville, OH"
2812,Muskingum County,OH,202509,988.57,0.0044,0.1129,"Zanesville, OH"
2812,Muskingum County,OH,202510,977.56,-0.0111,0.0667,"Zanesville, OH"
2812,Muskingum County,OH,202511,975.32,-0.0023,0.058,"Zanesville, OH"
2812,Muskingum County,OH,202512,960.0,-0.0157,0.0368,"Zanesville, OH"
2812,Muskingum County,OH,202601,946.42,-0.0141,0.0204,"Zanesville, OH"
2812,Muskingum County,OH,202602,936.81,-0.0102,0.0184,"Zanesville, OH"
2812,Muskingum County,OH,202603,968.35,0.0337,0.0433,"Zanesville, OH"
2812,Muskingum County,OH,202604,988.73,0.021,0.0716,"Zanesville, OH"
2812,Muskingum County,OH,202605,1004.14,0.0156,0.069,"Zanesville, OH"
2812,Muskingum County,OH,202606,985.08,-0.019,0.0296,"Zanesville, OH"
2812,Muskingum County,OH,202607,979.06,-0.0061,-0.0022,"Zanesville, OH"
2812,Muskingum County,OH,202608,989.56,0.0107,0.0055,"Zanesville, OH"
2905,Columbiana County,OH,202605,838.92,,,"Salem, OH"
2905,Columbiana County,OH,202606,849.01,0.012,,"Salem, OH"
2905,Columbiana County,OH,202607,863.62,0.0172,,"Salem, OH"
2905,Columbiana County,OH,202608,878.33,0.017,,"Salem, OH"
2980,Montgomery County,OH,201501,708.63,,,"Dayton-Kettering, OH"
2980,Montgomery County,OH,201502,707.54,-0.0015,,"Dayton-Kettering, OH"
2980,Montgomery County,OH,201503,710.31,0.0039,,"Dayton-Kettering, OH"
2980,Montgomery County,OH,201504,713.33,0.0043,,"Dayton-Kettering, OH"
2980,Montgomery County,OH,201505,720.62,0.0102,,"Dayton-Kettering, OH"
2980,Montgomery County,OH,201506,722.25,0.0023,,"Dayton-Kettering, OH"
2980,Montgomery County,OH,201507,725.89,0.005,,"Dayton-Kettering, OH"
2980,Montgomery County,OH,201508,725.12,-0.0011,,"Dayton-Kettering, OH"
2980,Montgomery County,OH,201509,722.47,-0.0037,,"Dayton-Kettering, OH"
2980,Montgomery County,OH,201510,718.79,-0.0051,,"Dayton-Kettering, OH"
2980,Montgomery County,OH,201511,719.87,0.0015,,"Dayton-Kettering, OH"
2980,Montgomery County,OH,201512,724.83,0.0069,,"Dayton-Kettering, OH"
2980,Montgomery County,OH,201601,728.25,0.0047,0.0277,"Dayton-Kettering, OH"
2980,Montgomery County,OH,201602,731.86,0.005,0.0344,"Dayton-Kettering, OH"
2980,Montgomery County,OH,201603,741.99,0.0138,0.0446,"Dayton-Kettering, OH"
2980,Montgomery County,OH,201604,745.81,0.0051,0.0455,"Dayton-Kettering, OH"
2980,Montgomery County,OH,201605,750.82,0.0067,0.0419,"Dayton-Kettering, OH"
2980,Montgomery County,OH,201606,750.21,-0.0008,0.0387,"Dayton-Kettering, OH"
2980,Montgomery County,OH,201607,759.47,0.0123,0.0463,"Dayton-Kettering, OH"
2980,Montgomery County,OH,201608,759.01,-0.0006,0.0467,"Dayton-Kettering, OH"
2980,Montgomery County,OH,201609,757.79,-0.0016,0.0489,"Dayton-Kettering, OH"
2980,Montgomery County,OH,201610,748.58,-0.0122,0.0414,"Dayton-Kettering, OH"
2980,Montgomery County,OH,201611,745.52,-0.0041,0.0356,"Dayton-Kettering, OH"
2980,Montgomery County,OH,201612,742.37,-0.0042,0.0242,"Dayton-Kettering, OH"
2980,Montgomery County,OH,201701,746.15,0.0051,0.0246,"Dayton-Kettering, OH"
2980,Montgomery County,OH,201702,752.82,0.0089,0.0286,"Dayton-Kettering, OH"
2980,Montgomery County,OH,201703,759.22,0.0085,0.0232,"Dayton-Kettering, OH"
2980,Montgomery County,OH,201704,764.56,0.007,0.0251,"Dayton-Kettering, OH"
2980,Montgomery County,OH,201705,771.47,0.009,0.0275,"Dayton-Kettering, OH"
2980,Montgomery County,OH,201706,776.71,0.0068,0.0353,"Dayton-Kettering, OH"
2980,Montgomery County,OH,201707,787.45,0.0138,0.0368,"Dayton-Kettering, OH"
2980,Montgomery County,OH,201708,786.94,-0.0006,0.0368,"Dayton-Kettering, OH"
2980,Montgomery County,OH,201709,789.31,0.003,0.0416,"Dayton-Kettering, OH"
2980,Montgomery County,OH,201710,784.22,-0.0064,0.0476,"Dayton-Kettering, OH"
2980,Montgomery County,OH,201711,784.58,0.0005,0.0524,"Dayton-Kettering, OH"
2980,Montgomery County,OH,201712,783.1,-0.0019,0.0549,"Dayton-Kettering, OH"
2980,Montgomery County,OH,201801,781.76,-0.0017,0.0477,"Dayton-Kettering, OH"
2980,Montgomery County,OH,201802,785.79,0.0052,0.0438,"Dayton-Kettering, OH"
2980,Montgomery County,OH,201803,793.45,0.0097,0.0451,"Dayton-Kettering, OH"
2980,Montgomery County,OH,201804,803.77,0.013,0.0513,"Dayton-Kettering, OH"
2980,Montgomery County,OH,201805,809.48,0.0071,0.0493,"Dayton-Kettering, OH"
2980,Montgomery County,OH,201806,814.52,0.0062,0.0487,"Dayton-Kettering, OH"
2980,Montgomery County,OH,201807,815.87,0.0017,0.0361,"Dayton-Kettering, OH"
2980,Montgomery County,OH,201808,818.97,0.0038,0.0407,"Dayton-Kettering, OH"
2980,Montgomery County,OH,201809,820.79,0.0022,0.0399,"Dayton-Kettering, OH"
2980,Montgomery County,OH,201810,821.65,0.001,0.0477,"Dayton-Kettering, OH"
2980,Montgomery County,OH,201811,821.02,-0.0008,0.0464,"Dayton-Kettering, OH"
2980,Montgomery County,OH,201812,820.5,-0.0006,0.0478,"Dayton-Kettering, OH"
2980,Montgomery County,OH,201901,822.63,0.0026,0.0523,"Dayton-Kettering, OH"
2980,Montgomery County,OH,201902,825.2,0.0031,0.0502,"Dayton-Kettering, OH"
2980,Montgomery County,OH,201903,831.04,0.0071,0.0474,"Dayton-Kettering, OH"
2980,Montgomery County,OH,201904,835.31,0.0051,0.0392,"Dayton-Kettering, OH"
2980,Montgomery County,OH,201905,843.37,0.0097,0.0419,"Dayton-Kettering, OH"
2980,Montgomery County,OH,201906,845.28,0.0023,0.0378,"Dayton-Kettering, OH"
2980,Montgomery County,OH,201907,852.53,0.0086,0.0449,"Dayton-Kettering, OH"
2980,Montgomery County,OH,201908,857.43,0.0057,0.047,"Dayton-Kettering, OH"
2980,Montgomery County,OH,201909,865.21,0.0091,0.0541,"Dayton-Kettering, OH"
2980,Montgomery County,OH,201910,865.78,0.0007,0.0537,"Dayton-Kettering, OH"
2980,Montgomery County,OH,201911,869.17,0.0039,0.0586,"Dayton-Kettering, OH"
2980,Montgomery County,OH,201912,865.07,-0.0047,0.0543,"Dayton-Kettering, OH"
2980,Montgomery County,OH,202001,867.58,0.0029,0.0546,"Dayton-Kettering, OH"
2980,Montgomery County,OH,202002,870.04,0.0028,0.0543,"Dayton-Kettering, OH"
2980,Montgomery County,OH,202003,880.0,0.0114,0.0589,"Dayton-Kettering, OH"
2980,Montgomery County,OH,202004,888.14,0.0093,0.0632,"Dayton-Kettering, OH"
2980,Montgomery County,OH,202005,898.21,0.0113,0.065,"Dayton-Kettering, OH"
2980,Montgomery County,OH,202006,905.68,0.0083,0.0715,"Dayton-Kettering, OH"
2980,Montgomery County,OH,202007,912.52,0.0075,0.0704,"Dayton-Kettering, OH"
2980,Montgomery County,OH,202008,912.06,-0.0005,0.0637,"Dayton-Kettering, OH"
2980,Montgomery County,OH,202009,912.6,0.0006,0.0548,"Dayton-Kettering, OH"
2980,Montgomery County,OH,202010,915.11,0.0027,0.057,"Dayton-Kettering, OH"
2980,Montgomery County,OH,202011,918.02,0.0032,0.0562,"Dayton-Kettering, OH"
2980,Montgomery County,OH,202012,922.04,0.0044,0.0659,"Dayton-Kettering, OH"
2980,Montgomery County,OH,202101,922.96,0.001,0.0638,"Dayton-Kettering, OH"
2980,Montgomery County,OH,202102,929.15,0.0067,0.0679,"Dayton-Kettering, OH"
2980,Montgomery County,OH,202103,938.22,0.0098,0.0662,"Dayton-Kettering, OH"
2980,Montgomery County,OH,202104,951.47,0.0141,0.0713,"Dayton-Kettering, OH"
2980,Montgomery County,OH,202105,961.58,0.0106,0.0706,"Dayton-Kettering, OH"
2980,Montgomery County,OH,202106,975.96,0.015,0.0776,"Dayton-Kettering, OH"
2980,Montgomery County,OH,202107,986.06,0.0103,0.0806,"Dayton-Kettering, OH"
2980,Montgomery County,OH,202108,997.84,0.0119,0.094,"Dayton-Kettering, OH"
2980,Montgomery County,OH,202109,1011.79,0.014,0.1087,"Dayton-Kettering, OH"
2980,Montgomery County,OH,202110,1022.12,0.0102,0.1169,"Dayton-Kettering, OH"
2980,Montgomery County,OH,202111,1030.16,0.0079,0.1222,"Dayton-Kettering, OH"
2980,Montgomery County,OH,202112,1028.74,-0.0014,0.1157,"Dayton-Kettering, OH"
2980,Montgomery County,OH,202201,1028.45,-0.0003,0.1143,"Dayton-Kettering, OH"
2980,Montgomery County,OH,202202,1037.02,0.0083,0.1161,"Dayton-Kettering, OH"
2980,Montgomery County,OH,202203,1042.78,0.0056,0.1114,"Dayton-Kettering, OH"
2980,Montgomery County,OH,202204,1057.95,0.0145,0.1119,"Dayton-Kettering, OH"
2980,Montgomery County,OH,202205,1066.58,0.0082,0.1092,"Dayton-Kettering, OH"
2980,Montgomery County,OH,202206,1084.02,0.0163,0.1107,"Dayton-Kettering, OH"
2980,Montgomery County,OH,202207,1095.7,0.0108,0.1112,"Dayton-Kettering, OH"
2980,Montgomery County,OH,202208,1100.0,0.0039,0.1024,"Dayton-Kettering, OH"
2980,Montgomery County,OH,202209,1106.43,0.0058,0.0935,"Dayton-Kettering, OH"
2980,Montgomery County,OH,202210,1108.91,0.0022,0.0849,"Dayton-Kettering, OH"
2980,Montgomery County,OH,202211,1112.2,0.003,0.0796,"Dayton-Kettering, OH"
2980,Montgomery County,OH,202212,1106.06,-0.0055,0.0752,"Dayton-Kettering, OH"
2980,Montgomery County,OH,202301,1107.84,0.0016,0.0772,"Dayton-Kettering, OH"
2980,Montgomery County,OH,202302,1109.74,0.0017,0.0701,"Dayton-Kettering, OH"
2980,Montgomery County,OH,202303,1116.31,0.0059,0.0705,"Dayton-Kettering, OH"
2980,Montgomery County,OH,202304,1123.37,0.0063,0.0618,"Dayton-Kettering, OH"
2980,Montgomery County,OH,202305,1136.58,0.0118,0.0656,"Dayton-Kettering, OH"
2980,Montgomery County,OH,202306,1144.8,0.0072,0.0561,"Dayton-Kettering, OH"
2980,Montgomery County,OH,202307,1151.31,0.0057,0.0508,"Dayton-Kettering, OH"
2980,Montgomery County,OH,202308,1158.33,0.0061,0.053,"Dayton-Kettering, OH"
2980,Montgomery County,OH,202309,1164.21,0.0051,0.0522,"Dayton-Kettering, OH"
2980,Montgomery County,OH,202310,1169.63,0.0047,0.0548,"Dayton-Kettering, OH"
2980,Montgomery County,OH,202311,1169.85,0.0002,0.0518,"Dayton-Kettering, OH"
2980,Montgomery County,OH,202312,1171.44,0.0014,0.0591,"Dayton-Kettering, OH"
2980,Montgomery County,OH,202401,1175.26,0.0033,0.0609,"Dayton-Kettering, OH"
2980,Montgomery County,OH,202402,1178.85,0.0031,0.0623,"Dayton-Kettering, OH"
2980,Montgomery County,OH,202403,1189.49,0.009,0.0656,"Dayton-Kettering, OH"
2980,Montgomery County,OH,202404,1193.48,0.0034,0.0624,"Dayton-Kettering, OH"
2980,Montgomery County,OH,202405,1202.8,0.0078,0.0583,"Dayton-Kettering, OH"
2980,Montgomery County,OH,202406,1204.75,0.0016,0.0524,"Dayton-Kettering, OH"
2980,Montgomery County,OH,202407,1211.6,0.0057,0.0524,"Dayton-Kettering, OH"
2980,Montgomery County,OH,202408,1215.66,0.0034,0.0495,"Dayton-Kettering, OH"
2980,Montgomery County,OH,202409,1219.59,0.0032,0.0476,"Dayton-Kettering, OH"
2980,Montgomery County,OH,202410,1221.6,0.0016,0.0444,"Dayton-Kettering, OH"
2980,Montgomery County,OH,202411,1222.16,0.0005,0.0447,"Dayton-Kettering, OH"
2980,Montgomery County,OH,202412,1222.99,0.0007,0.044,"Dayton-Kettering, OH"
2980,Montgomery County,OH,202501,1223.97,0.0008,0.0415,"Dayton-Kettering, OH"
2980,Montgomery County,OH,202502,1229.25,0.0043,0.0428,"Dayton-Kettering, OH"
2980,Montgomery County,OH,202503,1236.98,0.0063,0.0399,"Dayton-Kettering, OH"
2980,Montgomery County,OH,202504,1245.59,0.007,0.0437,"Dayton-Kettering, OH"
2980,Montgomery County,OH,202505,1253.77,0.0066,0.0424,"Dayton-Kettering, OH"
2980,Montgomery County,OH,202506,1255.91,0.0017,0.0425,"Dayton-Kettering, OH"
2980,Montgomery County,OH,202507,1260.37,0.0036,0.0403,"Dayton-Kettering, OH"
2980,Montgomery County,OH,202508,1263.6,0.0026,0.0394,"Dayton-Kettering, OH"
2980,Montgomery County,OH,202509,1270.78,0.0057,0.042,"Dayton-Kettering, OH"
2980,Montgomery County,OH,202510,1270.01,-0.0006,0.0396,"Dayton-Kettering, OH"
2980,Montgomery County,OH,202511,1268.69,-0.001,0.0381,"Dayton-Kettering, OH"
2980,Montgomery County,OH,202512,1265.55,-0.0025,0.0348,"Dayton-Kettering, OH"
2980,Montgomery County,OH,202601,1265.39,-0.0001,0.0338,"Dayton-Kettering, OH"
2980,Montgomery County,OH,202602,1267.06,0.0013,0.0308,"Dayton-Kettering, OH"
2980,Montgomery County,OH,202603,1271.44,0.0035,0.0279,"Dayton-Kettering, OH"
2980,Montgomery County,OH,202604,1277.52,0.0048,0.0256,"Dayton-Kettering, OH"
2980,Montgomery County,OH,202605,1281.27,0.0029,0.0219,"Dayton-Kettering, OH"
2980,Montgomery County,OH,202606,1286.75,0.0043,0.0246,"Dayton-Kettering, OH"
2980,Montgomery County,OH,202607,1292.4,0.0044,0.0254,"Dayton-Kettering, OH"
2980,Montgomery County,OH,202608,1296.66,0.0033,0.0262,"Dayton-Kettering, OH"
3044,Tuscarawas County,OH,202604,968.54,,,"New Philadelphia-Dover, OH"
3044,Tuscarawas County,OH,202605,1007.6,0.0403,,"New Philadelphia-Dover, OH"
3044,Tuscarawas County,OH,202606,982.63,-0.0248,,"New Philadelphia-Dover, OH"
3044,Tuscarawas County,OH,202607,1011.32,0.0292,,"New Philadelphia-Dover, OH"
3044,Tuscarawas County,OH,202608,1043.06,0.0314,,"New Philadelphia-Dover, OH"
