RegionID,RegionName,State,month_date_yyyymm,zori,zori_mm,zori_yy,Metro
344,York County,SC,201501,875.31,,,"Charlotte-Concord-Gastonia, NC-SC"
344,York County,SC,201502,876.55,0.0014,,"Charlotte-Concord-Gastonia, NC-SC"
344,York County,SC,201503,869.82,-0.0077,,"Charlotte-Concord-Gastonia, NC-SC"
344,York County,SC,201504,876.45,0.0076,,"Charlotte-Concord-Gastonia, NC-SC"
344,York County,SC,201505,895.31,0.0215,,"Charlotte-Concord-Gastonia, NC-SC"
344,York County,SC,201506,900.79,0.0061,,"Charlotte-Concord-Gastonia, NC-SC"
344,York County,SC,201507,910.99,0.0113,,"Charlotte-Concord-Gastonia, NC-SC"
344,York County,SC,201508,912.24,0.0014,,"Charlotte-Concord-Gastonia, NC-SC"
344,York County,SC,201509,911.98,-0.0003,,"Charlotte-Concord-Gastonia, NC-SC"
344,York County,SC,201510,905.76,-0.0068,,"Charlotte-Concord-Gastonia, NC-SC"
344,York County,SC,201511,890.42,-0.0169,,"Charlotte-Concord-Gastonia, NC-SC"
344,York County,SC,201512,892.31,0.0021,,"Charlotte-Concord-Gastonia, NC-SC"
344,York County,SC,201601,911.05,0.021,0.0408,"Charlotte-Concord-Gastonia, NC-SC"
344,York County,SC,201602,929.68,0.0204,0.0606,"Charlotte-Concord-Gastonia, NC-SC"
344,York County,SC,201603,944.14,0.0155,0.0854,"Charlotte-Concord-Gastonia, NC-SC"
344,York County,SC,201604,940.48,-0.0039,0.073,"Charlotte-Concord-Gastonia, NC-SC"
344,York County,SC,201605,942.72,0.0024,0.053,"Charlotte-Concord-Gastonia, NC-SC"
344,York County,SC,201606,940.84,-0.002,0.0445,"Charlotte-Concord-Gastonia, NC-SC"
344,York County,SC,201607,945.02,0.0044,0.0374,"Charlotte-Concord-Gastonia, NC-SC"
344,York County,SC,201608,947.08,0.0022,0.0382,"Charlotte-Concord-Gastonia, NC-SC"
344,York County,SC,201609,964.04,0.0179,0.0571,"Charlotte-Concord-Gastonia, NC-SC"
344,York County,SC,201610,971.08,0.0073,0.0721,"Charlotte-Concord-Gastonia, NC-SC"
344,York County,SC,201611,972.38,0.0013,0.0921,"Charlotte-Concord-Gastonia, NC-SC"
344,York County,SC,201612,966.53,-0.006,0.0832,"Charlotte-Concord-Gastonia, NC-SC"
344,York County,SC,201701,965.97,-0.0006,0.0603,"Charlotte-Concord-Gastonia, NC-SC"
344,York County,SC,201702,979.78,0.0143,0.0539,"Charlotte-Concord-Gastonia, NC-SC"
344,York County,SC,201703,988.48,0.0089,0.047,"Charlotte-Concord-Gastonia, NC-SC"
344,York County,SC,201704,994.82,0.0064,0.0578,"Charlotte-Concord-Gastonia, NC-SC"
344,York County,SC,201705,994.27,-0.0006,0.0547,"Charlotte-Concord-Gastonia, NC-SC"
344,York County,SC,201706,995.95,0.0017,0.0586,"Charlotte-Concord-Gastonia, NC-SC"
344,York County,SC,201707,992.74,-0.0032,0.0505,"Charlotte-Concord-Gastonia, NC-SC"
344,York County,SC,201708,989.26,-0.0035,0.0445,"Charlotte-Concord-Gastonia, NC-SC"
344,York County,SC,201709,987.71,-0.0016,0.0246,"Charlotte-Concord-Gastonia, NC-SC"
344,York County,SC,201710,989.1,0.0014,0.0186,"Charlotte-Concord-Gastonia, NC-SC"
344,York County,SC,201711,993.05,0.004,0.0213,"Charlotte-Concord-Gastonia, NC-SC"
344,York County,SC,201712,1004.49,0.0115,0.0393,"Charlotte-Concord-Gastonia, NC-SC"
344,York County,SC,201801,1015.58,0.011,0.0514,"Charlotte-Concord-Gastonia, NC-SC"
344,York County,SC,201802,1023.08,0.0074,0.0442,"Charlotte-Concord-Gastonia, NC-SC"
344,York County,SC,201803,1018.65,-0.0043,0.0305,"Charlotte-Concord-Gastonia, NC-SC"
344,York County,SC,201804,1019.76,0.0011,0.0251,"Charlotte-Concord-Gastonia, NC-SC"
344,York County,SC,201805,1025.86,0.006,0.0318,"Charlotte-Concord-Gastonia, NC-SC"
344,York County,SC,201806,1034.74,0.0087,0.0389,"Charlotte-Concord-Gastonia, NC-SC"
344,York County,SC,201807,1043.83,0.0088,0.0515,"Charlotte-Concord-Gastonia, NC-SC"
344,York County,SC,201808,1044.16,0.0003,0.0555,"Charlotte-Concord-Gastonia, NC-SC"
344,York County,SC,201809,1048.67,0.0043,0.0617,"Charlotte-Concord-Gastonia, NC-SC"
344,York County,SC,201810,1053.42,0.0045,0.065,"Charlotte-Concord-Gastonia, NC-SC"
344,York County,SC,201811,1042.29,-0.0106,0.0496,"Charlotte-Concord-Gastonia, NC-SC"
344,York County,SC,201812,1043.69,0.0013,0.039,"Charlotte-Concord-Gastonia, NC-SC"
344,York County,SC,201901,1040.98,-0.0026,0.025,"Charlotte-Concord-Gastonia, NC-SC"
344,York County,SC,201902,1054.98,0.0135,0.0312,"Charlotte-Concord-Gastonia, NC-SC"
344,York County,SC,201903,1060.86,0.0056,0.0414,"Charlotte-Concord-Gastonia, NC-SC"
344,York County,SC,201904,1067.4,0.0062,0.0467,"Charlotte-Concord-Gastonia, NC-SC"
344,York County,SC,201905,1083.62,0.0152,0.0563,"Charlotte-Concord-Gastonia, NC-SC"
344,York County,SC,201906,1086.06,0.0023,0.0496,"Charlotte-Concord-Gastonia, NC-SC"
344,York County,SC,201907,1091.71,0.0052,0.0459,"Charlotte-Concord-Gastonia, NC-SC"
344,York County,SC,201908,1092.08,0.0003,0.0459,"Charlotte-Concord-Gastonia, NC-SC"
344,York County,SC,201909,1100.84,0.008,0.0498,"Charlotte-Concord-Gastonia, NC-SC"
344,York County,SC,201910,1098.48,-0.0022,0.0428,"Charlotte-Concord-Gastonia, NC-SC"
344,York County,SC,201911,1100.11,0.0015,0.0555,"Charlotte-Concord-Gastonia, NC-SC"
344,York County,SC,201912,1090.44,-0.0088,0.0448,"Charlotte-Concord-Gastonia, NC-SC"
344,York County,SC,202001,1097.45,0.0064,0.0543,"Charlotte-Concord-Gastonia, NC-SC"
344,York County,SC,202002,1125.85,0.0259,0.0672,"Charlotte-Concord-Gastonia, NC-SC"
344,York County,SC,202003,1144.76,0.0168,0.0791,"Charlotte-Concord-Gastonia, NC-SC"
344,York County,SC,202004,1150.02,0.0046,0.0774,"Charlotte-Concord-Gastonia, NC-SC"
344,York County,SC,202005,1130.43,-0.017,0.0432,"Charlotte-Concord-Gastonia, NC-SC"
344,York County,SC,202006,1137.05,0.0059,0.0469,"Charlotte-Concord-Gastonia, NC-SC"
344,York County,SC,202007,1143.88,0.006,0.0478,"Charlotte-Concord-Gastonia, NC-SC"
344,York County,SC,202008,1159.4,0.0136,0.0616,"Charlotte-Concord-Gastonia, NC-SC"
344,York County,SC,202009,1168.04,0.0075,0.061,"Charlotte-Concord-Gastonia, NC-SC"
344,York County,SC,202010,1176.9,0.0076,0.0714,"Charlotte-Concord-Gastonia, NC-SC"
344,York County,SC,202011,1172.68,-0.0036,0.066,"Charlotte-Concord-Gastonia, NC-SC"
344,York County,SC,202012,1177.44,0.0041,0.0798,"Charlotte-Concord-Gastonia, NC-SC"
344,York County,SC,202101,1182.85,0.0046,0.0778,"Charlotte-Concord-Gastonia, NC-SC"
344,York County,SC,202102,1184.24,0.0012,0.0519,"Charlotte-Concord-Gastonia, NC-SC"
344,York County,SC,202103,1196.22,0.0101,0.045,"Charlotte-Concord-Gastonia, NC-SC"
344,York County,SC,202104,1216.86,0.0172,0.0581,"Charlotte-Concord-Gastonia, NC-SC"
344,York County,SC,202105,1259.7,0.0352,0.1144,"Charlotte-Concord-Gastonia, NC-SC"
344,York County,SC,202106,1283.85,0.0192,0.1291,"Charlotte-Concord-Gastonia, NC-SC"
344,York County,SC,202107,1310.39,0.0207,0.1456,"Charlotte-Concord-Gastonia, NC-SC"
344,York County,SC,202108,1317.81,0.0057,0.1366,"Charlotte-Concord-Gastonia, NC-SC"
344,York County,SC,202109,1338.94,0.016,0.1463,"Charlotte-Concord-Gastonia, NC-SC"
344,York County,SC,202110,1356.15,0.0129,0.1523,"Charlotte-Concord-Gastonia, NC-SC"
344,York County,SC,202111,1382.23,0.0192,0.1787,"Charlotte-Concord-Gastonia, NC-SC"
344,York County,SC,202112,1400.48,0.0132,0.1894,"Charlotte-Concord-Gastonia, NC-SC"
344,York County,SC,202201,1412.39,0.0085,0.1941,"Charlotte-Concord-Gastonia, NC-SC"
344,York County,SC,202202,1420.72,0.0059,0.1997,"Charlotte-Concord-Gastonia, NC-SC"
344,York County,SC,202203,1437.32,0.0117,0.2015,"Charlotte-Concord-Gastonia, NC-SC"
344,York County,SC,202204,1446.62,0.0065,0.1888,"Charlotte-Concord-Gastonia, NC-SC"
344,York County,SC,202205,1472.23,0.0177,0.1687,"Charlotte-Concord-Gastonia, NC-SC"
344,York County,SC,202206,1484.47,0.0083,0.1563,"Charlotte-Concord-Gastonia, NC-SC"
344,York County,SC,202207,1498.04,0.0091,0.1432,"Charlotte-Concord-Gastonia, NC-SC"
344,York County,SC,202208,1498.94,0.0006,0.1374,"Charlotte-Concord-Gastonia, NC-SC"
344,York County,SC,202209,1479.94,-0.0127,0.1053,"Charlotte-Concord-Gastonia, NC-SC"
344,York County,SC,202210,1491.33,0.0077,0.0997,"Charlotte-Concord-Gastonia, NC-SC"
344,York County,SC,202211,1491.99,0.0004,0.0794,"Charlotte-Concord-Gastonia, NC-SC"
344,York County,SC,202212,1507.9,0.0107,0.0767,"Charlotte-Concord-Gastonia, NC-SC"
344,York County,SC,202301,1504.94,-0.002,0.0655,"Charlotte-Concord-Gastonia, NC-SC"
344,York County,SC,202302,1511.93,0.0046,0.0642,"Charlotte-Concord-Gastonia, NC-SC"
344,York County,SC,202303,1529.76,0.0118,0.0643,"Charlotte-Concord-Gastonia, NC-SC"
344,York County,SC,202304,1536.03,0.0041,0.0618,"Charlotte-Concord-Gastonia, NC-SC"
344,York County,SC,202305,1545.56,0.0062,0.0498,"Charlotte-Concord-Gastonia, NC-SC"
344,York County,SC,202306,1543.33,-0.0014,0.0396,"Charlotte-Concord-Gastonia, NC-SC"
344,York County,SC,202307,1554.29,0.0071,0.0376,"Charlotte-Concord-Gastonia, NC-SC"
344,York County,SC,202308,1545.17,-0.0059,0.0308,"Charlotte-Concord-Gastonia, NC-SC"
344,York County,SC,202309,1548.05,0.0019,0.046,"Charlotte-Concord-Gastonia, NC-SC"
344,York County,SC,202310,1540.72,-0.0047,0.0331,"Charlotte-Concord-Gastonia, NC-SC"
344,York County,SC,202311,1534.2,-0.0042,0.0283,"Charlotte-Concord-Gastonia, NC-SC"
344,York County,SC,202312,1518.51,-0.0102,0.007,"Charlotte-Concord-Gastonia, NC-SC"
344,York County,SC,202401,1516.28,-0.0015,0.0075,"Charlotte-Concord-Gastonia, NC-SC"
344,York County,SC,202402,1521.78,0.0036,0.0065,"Charlotte-Concord-Gastonia, NC-SC"
344,York County,SC,202403,1537.95,0.0106,0.0054,"Charlotte-Concord-Gastonia, NC-SC"
344,York County,SC,202404,1549.8,0.0077,0.009,"Charlotte-Concord-Gastonia, NC-SC"
344,York County,SC,202405,1555.61,0.0038,0.0065,"Charlotte-Concord-Gastonia, NC-SC"
344,York County,SC,202406,1556.36,0.0005,0.0084,"Charlotte-Concord-Gastonia, NC-SC"
344,York County,SC,202407,1561.64,0.0034,0.0047,"Charlotte-Concord-Gastonia, NC-SC"
344,York County,SC,202408,1567.77,0.0039,0.0146,"Charlotte-Concord-Gastonia, NC-SC"
344,York County,SC,202409,1568.53,0.0005,0.0132,"Charlotte-Concord-Gastonia, NC-SC"
344,York County,SC,202410,1554.42,-0.009,0.0089,"Charlotte-Concord-Gastonia, NC-SC"
344,York County,SC,202411,1555.43,0.0006,0.0138,"Charlotte-Concord-Gastonia, NC-SC"
344,York County,SC,202412,1553.57,-0.0012,0.0231,"Charlotte-Concord-Gastonia, NC-SC"
344,York County,SC,202501,1566.97,0.0086,0.0334,"Charlotte-Concord-Gastonia, NC-SC"
344,York County,SC,202502,1572.23,0.0034,0.0332,"Charlotte-Concord-Gastonia, NC-SC"
344,York County,SC,202503,1575.11,0.0018,0.0242,"Charlotte-Concord-Gastonia, NC-SC"
344,York County,SC,202504,1578.26,0.002,0.0184,"Charlotte-Concord-Gastonia, NC-SC"
344,York County,SC,202505,1572.33,-0.0038,0.0108,"Charlotte-Concord-Gastonia, NC-SC"
344,York County,SC,202506,1584.08,0.0075,0.0178,"Charlotte-Concord-Gastonia, NC-SC"
344,York County,SC,202507,1588.73,0.0029,0.0173,"Charlotte-Concord-Gastonia, NC-SC"
344,York County,SC,202508,1594.41,0.0036,0.017,"Charlotte-Concord-Gastonia, NC-SC"
344,York County,SC,202509,1580.91,-0.0085,0.0079,"Charlotte-Concord-Gastonia, NC-SC"
344,York County,SC,202510,1581.68,0.0005,0.0175,"Charlotte-Concord-Gastonia, NC-SC"
344,York County,SC,202511,1586.6,0.0031,0.02,"Charlotte-Concord-Gastonia, NC-SC"
344,York County,SC,202512,1597.91,0.0071,0.0285,"Charlotte-Concord-Gastonia, NC-SC"
344,York County,SC,202601,1603.05,0.0032,0.023,"Charlotte-Concord-Gastonia, NC-SC"
344,York County,SC,202602,1601.6,-0.0009,0.0187,"Charlotte-Concord-Gastonia, NC-SC"
344,York County,SC,202603,1611.32,0.0061,0.023,"Charlotte-Concord-Gastonia, NC-SC"
344,York County,SC,202604,1613.98,0.0017,0.0226,"Charlotte-Concord-Gastonia, NC-SC"
344,York County,SC,202605,1623.07,0.0056,0.0323,"Charlotte-Concord-Gastonia, NC-SC"
344,York County,SC,202606,1621.94,-0.0007,0.0239,"Charlotte-Concord-Gastonia, NC-SC"
344,York County,SC,202607,1613.65,-0.0051,0.0157,"Charlotte-Concord-Gastonia, NC-SC"
344,York County,SC,202608,1616.17,0.0016,0.0137,"Charlotte-Concord-Gastonia, NC-SC"
365,Aiken County,SC,201501,754.3,,,"Augusta-Richmond County, GA-SC"
365,Aiken County,SC,201502,756.33,0.0027,,"Augusta-Richmond County, GA-SC"
365,Aiken County,SC,201503,769.13,0.0169,,"Augusta-Richmond County, GA-SC"
365,Aiken County,SC,201504,772.02,0.0038,,"Augusta-Richmond County, GA-SC"
365,Aiken County,SC,201505,790.38,0.0238,,"Augusta-Richmond County, GA-SC"
365,Aiken County,SC,201506,794.51,0.0052,,"Augusta-Richmond County, GA-SC"
365,Aiken County,SC,201507,800.59,0.0077,,"Augusta-Richmond County, GA-SC"
365,Aiken County,SC,201508,798.79,-0.0022,,"Augusta-Richmond County, GA-SC"
365,Aiken County,SC,201509,794.33,-0.0056,,"Augusta-Richmond County, GA-SC"
365,Aiken County,SC,201510,798.92,0.0058,,"Augusta-Richmond County, GA-SC"
365,Aiken County,SC,201511,809.2,0.0129,,"Augusta-Richmond County, GA-SC"
365,Aiken County,SC,201512,812.15,0.0036,,"Augusta-Richmond County, GA-SC"
365,Aiken County,SC,201601,808.24,-0.0048,0.0715,"Augusta-Richmond County, GA-SC"
365,Aiken County,SC,201602,804.56,-0.0045,0.0638,"Augusta-Richmond County, GA-SC"
365,Aiken County,SC,201603,807.06,0.0031,0.0493,"Augusta-Richmond County, GA-SC"
365,Aiken County,SC,201604,799.04,-0.0099,0.035,"Augusta-Richmond County, GA-SC"
365,Aiken County,SC,201605,792.42,-0.0083,0.0026,"Augusta-Richmond County, GA-SC"
365,Aiken County,SC,201606,793.17,0.0009,-0.0017,"Augusta-Richmond County, GA-SC"
365,Aiken County,SC,201607,813.18,0.0252,0.0157,"Augusta-Richmond County, GA-SC"
365,Aiken County,SC,201608,823.92,0.0132,0.0315,"Augusta-Richmond County, GA-SC"
365,Aiken County,SC,201609,833.65,0.0118,0.0495,"Augusta-Richmond County, GA-SC"
365,Aiken County,SC,201610,825.65,-0.0096,0.0335,"Augusta-Richmond County, GA-SC"
365,Aiken County,SC,201611,823.45,-0.0027,0.0176,"Augusta-Richmond County, GA-SC"
365,Aiken County,SC,201612,820.06,-0.0041,0.0097,"Augusta-Richmond County, GA-SC"
365,Aiken County,SC,201701,832.85,0.0156,0.0304,"Augusta-Richmond County, GA-SC"
365,Aiken County,SC,201702,842.78,0.0119,0.0475,"Augusta-Richmond County, GA-SC"
365,Aiken County,SC,201703,841.66,-0.0013,0.0429,"Augusta-Richmond County, GA-SC"
365,Aiken County,SC,201704,839.81,-0.0022,0.051,"Augusta-Richmond County, GA-SC"
365,Aiken County,SC,201705,834.99,-0.0057,0.0537,"Augusta-Richmond County, GA-SC"
365,Aiken County,SC,201706,840.36,0.0064,0.0595,"Augusta-Richmond County, GA-SC"
365,Aiken County,SC,201707,831.26,-0.0108,0.0222,"Augusta-Richmond County, GA-SC"
365,Aiken County,SC,201708,839.7,0.0101,0.0192,"Augusta-Richmond County, GA-SC"
365,Aiken County,SC,201709,844.23,0.0054,0.0127,"Augusta-Richmond County, GA-SC"
365,Aiken County,SC,201710,863.38,0.0227,0.0457,"Augusta-Richmond County, GA-SC"
365,Aiken County,SC,201711,874.03,0.0123,0.0614,"Augusta-Richmond County, GA-SC"
365,Aiken County,SC,201712,876.82,0.0032,0.0692,"Augusta-Richmond County, GA-SC"
365,Aiken County,SC,201801,877.3,0.0006,0.0534,"Augusta-Richmond County, GA-SC"
365,Aiken County,SC,201802,867.6,-0.0111,0.0294,"Augusta-Richmond County, GA-SC"
365,Aiken County,SC,201803,871.55,0.0046,0.0355,"Augusta-Richmond County, GA-SC"
365,Aiken County,SC,201804,872.03,0.0005,0.0384,"Augusta-Richmond County, GA-SC"
365,Aiken County,SC,201805,881.95,0.0114,0.0562,"Augusta-Richmond County, GA-SC"
365,Aiken County,SC,201806,876.1,-0.0066,0.0425,"Augusta-Richmond County, GA-SC"
365,Aiken County,SC,201807,874.54,-0.0018,0.0521,"Augusta-Richmond County, GA-SC"
365,Aiken County,SC,201808,867.6,-0.0079,0.0332,"Augusta-Richmond County, GA-SC"
365,Aiken County,SC,201809,878.63,0.0127,0.0408,"Augusta-Richmond County, GA-SC"
365,Aiken County,SC,201810,883.9,0.006,0.0238,"Augusta-Richmond County, GA-SC"
365,Aiken County,SC,201811,886.32,0.0027,0.0141,"Augusta-Richmond County, GA-SC"
365,Aiken County,SC,201812,887.37,0.0012,0.012,"Augusta-Richmond County, GA-SC"
365,Aiken County,SC,201901,901.01,0.0154,0.027,"Augusta-Richmond County, GA-SC"
365,Aiken County,SC,201902,911.43,0.0116,0.0505,"Augusta-Richmond County, GA-SC"
365,Aiken County,SC,201903,922.2,0.0118,0.0581,"Augusta-Richmond County, GA-SC"
365,Aiken County,SC,201904,933.52,0.0123,0.0705,"Augusta-Richmond County, GA-SC"
365,Aiken County,SC,201905,940.43,0.0074,0.0663,"Augusta-Richmond County, GA-SC"
365,Aiken County,SC,201906,941.88,0.0015,0.0751,"Augusta-Richmond County, GA-SC"
365,Aiken County,SC,201907,929.36,-0.0133,0.0627,"Augusta-Richmond County, GA-SC"
365,Aiken County,SC,201908,927.61,-0.0019,0.0692,"Augusta-Richmond County, GA-SC"
365,Aiken County,SC,201909,933.34,0.0062,0.0623,"Augusta-Richmond County, GA-SC"
365,Aiken County,SC,201910,947.43,0.0151,0.0719,"Augusta-Richmond County, GA-SC"
365,Aiken County,SC,201911,948.54,0.0012,0.0702,"Augusta-Richmond County, GA-SC"
365,Aiken County,SC,201912,954.4,0.0062,0.0755,"Augusta-Richmond County, GA-SC"
365,Aiken County,SC,202001,964.06,0.0101,0.07,"Augusta-Richmond County, GA-SC"
365,Aiken County,SC,202002,970.31,0.0065,0.0646,"Augusta-Richmond County, GA-SC"
365,Aiken County,SC,202003,997.53,0.028,0.0817,"Augusta-Richmond County, GA-SC"
365,Aiken County,SC,202004,996.74,-0.0008,0.0677,"Augusta-Richmond County, GA-SC"
365,Aiken County,SC,202005,1016.47,0.0198,0.0809,"Augusta-Richmond County, GA-SC"
365,Aiken County,SC,202006,1007.68,-0.0087,0.0699,"Augusta-Richmond County, GA-SC"
365,Aiken County,SC,202007,1013.57,0.0058,0.0906,"Augusta-Richmond County, GA-SC"
365,Aiken County,SC,202008,1026.85,0.0131,0.107,"Augusta-Richmond County, GA-SC"
365,Aiken County,SC,202009,1035.29,0.0082,0.1092,"Augusta-Richmond County, GA-SC"
365,Aiken County,SC,202010,1049.73,0.0139,0.108,"Augusta-Richmond County, GA-SC"
365,Aiken County,SC,202011,1043.48,-0.006,0.1001,"Augusta-Richmond County, GA-SC"
365,Aiken County,SC,202012,1053.72,0.0098,0.1041,"Augusta-Richmond County, GA-SC"
365,Aiken County,SC,202101,1067.33,0.0129,0.1071,"Augusta-Richmond County, GA-SC"
365,Aiken County,SC,202102,1088.65,0.02,0.122,"Augusta-Richmond County, GA-SC"
365,Aiken County,SC,202103,1095.56,0.0063,0.0983,"Augusta-Richmond County, GA-SC"
365,Aiken County,SC,202104,1107.17,0.0106,0.1108,"Augusta-Richmond County, GA-SC"
365,Aiken County,SC,202105,1100.05,-0.0064,0.0822,"Augusta-Richmond County, GA-SC"
365,Aiken County,SC,202106,1116.28,0.0148,0.1078,"Augusta-Richmond County, GA-SC"
365,Aiken County,SC,202107,1113.7,-0.0023,0.0988,"Augusta-Richmond County, GA-SC"
365,Aiken County,SC,202108,1135.65,0.0197,0.106,"Augusta-Richmond County, GA-SC"
365,Aiken County,SC,202109,1139.14,0.0031,0.1003,"Augusta-Richmond County, GA-SC"
365,Aiken County,SC,202110,1169.54,0.0267,0.1141,"Augusta-Richmond County, GA-SC"
365,Aiken County,SC,202111,1180.38,0.0093,0.1312,"Augusta-Richmond County, GA-SC"
365,Aiken County,SC,202112,1190.57,0.0086,0.1299,"Augusta-Richmond County, GA-SC"
365,Aiken County,SC,202201,1194.2,0.0031,0.1189,"Augusta-Richmond County, GA-SC"
365,Aiken County,SC,202202,1226.04,0.0267,0.1262,"Augusta-Richmond County, GA-SC"
365,Aiken County,SC,202203,1248.56,0.0184,0.1397,"Augusta-Richmond County, GA-SC"
365,Aiken County,SC,202204,1260.79,0.0098,0.1387,"Augusta-Richmond County, GA-SC"
365,Aiken County,SC,202205,1252.29,-0.0067,0.1384,"Augusta-Richmond County, GA-SC"
365,Aiken County,SC,202206,1263.4,0.0089,0.1318,"Augusta-Richmond County, GA-SC"
365,Aiken County,SC,202207,1268.19,0.0038,0.1387,"Augusta-Richmond County, GA-SC"
365,Aiken County,SC,202208,1290.98,0.018,0.1368,"Augusta-Richmond County, GA-SC"
365,Aiken County,SC,202209,1290.41,-0.0004,0.1328,"Augusta-Richmond County, GA-SC"
365,Aiken County,SC,202210,1288.79,-0.0012,0.102,"Augusta-Richmond County, GA-SC"
365,Aiken County,SC,202211,1287.98,-0.0006,0.0912,"Augusta-Richmond County, GA-SC"
365,Aiken County,SC,202212,1304.06,0.0125,0.0953,"Augusta-Richmond County, GA-SC"
365,Aiken County,SC,202301,1327.22,0.0178,0.1114,"Augusta-Richmond County, GA-SC"
365,Aiken County,SC,202302,1342.95,0.0118,0.0954,"Augusta-Richmond County, GA-SC"
365,Aiken County,SC,202303,1341.78,-0.0009,0.0747,"Augusta-Richmond County, GA-SC"
365,Aiken County,SC,202304,1343.62,0.0014,0.0657,"Augusta-Richmond County, GA-SC"
365,Aiken County,SC,202305,1346.72,0.0023,0.0754,"Augusta-Richmond County, GA-SC"
365,Aiken County,SC,202306,1361.04,0.0106,0.0773,"Augusta-Richmond County, GA-SC"
365,Aiken County,SC,202307,1364.89,0.0028,0.0763,"Augusta-Richmond County, GA-SC"
365,Aiken County,SC,202308,1369.64,0.0035,0.0609,"Augusta-Richmond County, GA-SC"
365,Aiken County,SC,202309,1373.54,0.0028,0.0644,"Augusta-Richmond County, GA-SC"
365,Aiken County,SC,202310,1379.3,0.0042,0.0702,"Augusta-Richmond County, GA-SC"
365,Aiken County,SC,202311,1373.27,-0.0044,0.0662,"Augusta-Richmond County, GA-SC"
365,Aiken County,SC,202312,1366.86,-0.0047,0.0482,"Augusta-Richmond County, GA-SC"
365,Aiken County,SC,202401,1373.42,0.0048,0.0348,"Augusta-Richmond County, GA-SC"
365,Aiken County,SC,202402,1381.36,0.0058,0.0286,"Augusta-Richmond County, GA-SC"
365,Aiken County,SC,202403,1387.78,0.0046,0.0343,"Augusta-Richmond County, GA-SC"
365,Aiken County,SC,202404,1389.5,0.0012,0.0341,"Augusta-Richmond County, GA-SC"
365,Aiken County,SC,202405,1403.09,0.0098,0.0419,"Augusta-Richmond County, GA-SC"
365,Aiken County,SC,202406,1413.73,0.0076,0.0387,"Augusta-Richmond County, GA-SC"
365,Aiken County,SC,202407,1414.59,0.0006,0.0364,"Augusta-Richmond County, GA-SC"
365,Aiken County,SC,202408,1420.37,0.0041,0.037,"Augusta-Richmond County, GA-SC"
365,Aiken County,SC,202409,1433.95,0.0096,0.044,"Augusta-Richmond County, GA-SC"
365,Aiken County,SC,202410,1451.58,0.0123,0.0524,"Augusta-Richmond County, GA-SC"
365,Aiken County,SC,202411,1465.67,0.0097,0.0673,"Augusta-Richmond County, GA-SC"
365,Aiken County,SC,202412,1455.35,-0.007,0.0647,"Augusta-Richmond County, GA-SC"
365,Aiken County,SC,202501,1453.96,-0.001,0.0586,"Augusta-Richmond County, GA-SC"
365,Aiken County,SC,202502,1455.74,0.0012,0.0538,"Augusta-Richmond County, GA-SC"
365,Aiken County,SC,202503,1471.99,0.0112,0.0607,"Augusta-Richmond County, GA-SC"
365,Aiken County,SC,202504,1491.84,0.0135,0.0737,"Augusta-Richmond County, GA-SC"
365,Aiken County,SC,202505,1495.89,0.0027,0.0661,"Augusta-Richmond County, GA-SC"
365,Aiken County,SC,202506,1497.58,0.0011,0.0593,"Augusta-Richmond County, GA-SC"
365,Aiken County,SC,202507,1492.92,-0.0031,0.0554,"Augusta-Richmond County, GA-SC"
365,Aiken County,SC,202508,1498.61,0.0038,0.0551,"Augusta-Richmond County, GA-SC"
365,Aiken County,SC,202509,1503.01,0.0029,0.0482,"Augusta-Richmond County, GA-SC"
365,Aiken County,SC,202510,1510.2,0.0048,0.0404,"Augusta-Richmond County, GA-SC"
365,Aiken County,SC,202511,1509.22,-0.0006,0.0297,"Augusta-Richmond County, GA-SC"
365,Aiken County,SC,202512,1513.97,0.0031,0.0403,"Augusta-Richmond County, GA-SC"
365,Aiken County,SC,202601,1514.18,0.0001,0.0414,"Augusta-Richmond County, GA-SC"
365,Aiken County,SC,202602,1518.8,0.003,0.0433,"Augusta-Richmond County, GA-SC"
365,Aiken County,SC,202603,1515.7,-0.002,0.0297,"Augusta-Richmond County, GA-SC"
365,Aiken County,SC,202604,1511.62,-0.0027,0.0133,"Augusta-Richmond County, GA-SC"
365,Aiken County,SC,202605,1514.73,0.0021,0.0126,"Augusta-Richmond County, GA-SC"
365,Aiken County,SC,202606,1516.67,0.0013,0.0127,"Augusta-Richmond County, GA-SC"
365,Aiken County,SC,202607,1526.78,0.0067,0.0227,"Augusta-Richmond County, GA-SC"
365,Aiken County,SC,202608,1527.52,0.0005,0.0193,"Augusta-Richmond County, GA-SC"
563,Horry County,SC,201501,926.03,,,"Myrtle Beach-Conway-North Myrtle Beach, SC-NC"
563,Horry County,SC,201502,925.94,-0.0001,,"Myrtle Beach-Conway-North Myrtle Beach, SC-NC"
563,Horry County,SC,201503,923.35,-0.0028,,"Myrtle Beach-Conway-North Myrtle Beach, SC-NC"
563,Horry County,SC,201504,928.73,0.0058,,"Myrtle Beach-Conway-North Myrtle Beach, SC-NC"
563,Horry County,SC,201505,947.38,0.0201,,"Myrtle Beach-Conway-North Myrtle Beach, SC-NC"
563,Horry County,SC,201506,952.23,0.0051,,"Myrtle Beach-Conway-North Myrtle Beach, SC-NC"
563,Horry County,SC,201507,972.3,0.0211,,"Myrtle Beach-Conway-North Myrtle Beach, SC-NC"
563,Horry County,SC,201508,971.51,-0.0008,,"Myrtle Beach-Conway-North Myrtle Beach, SC-NC"
563,Horry County,SC,201509,979.73,0.0085,,"Myrtle Beach-Conway-North Myrtle Beach, SC-NC"
563,Horry County,SC,201510,982.41,0.0027,,"Myrtle Beach-Conway-North Myrtle Beach, SC-NC"
563,Horry County,SC,201511,978.52,-0.004,,"Myrtle Beach-Conway-North Myrtle Beach, SC-NC"
563,Horry County,SC,201512,977.64,-0.0009,,"Myrtle Beach-Conway-North Myrtle Beach, SC-NC"
563,Horry County,SC,201601,973.6,-0.0041,0.0514,"Myrtle Beach-Conway-North Myrtle Beach, SC-NC"
563,Horry County,SC,201602,978.49,0.005,0.0568,"Myrtle Beach-Conway-North Myrtle Beach, SC-NC"
563,Horry County,SC,201603,985.92,0.0076,0.0678,"Myrtle Beach-Conway-North Myrtle Beach, SC-NC"
563,Horry County,SC,201604,987.28,0.0014,0.063,"Myrtle Beach-Conway-North Myrtle Beach, SC-NC"
563,Horry County,SC,201605,978.58,-0.0088,0.0329,"Myrtle Beach-Conway-North Myrtle Beach, SC-NC"
563,Horry County,SC,201606,989.98,0.0117,0.0396,"Myrtle Beach-Conway-North Myrtle Beach, SC-NC"
563,Horry County,SC,201607,1000.32,0.0104,0.0288,"Myrtle Beach-Conway-North Myrtle Beach, SC-NC"
563,Horry County,SC,201608,1014.95,0.0146,0.0447,"Myrtle Beach-Conway-North Myrtle Beach, SC-NC"
563,Horry County,SC,201609,1015.76,0.0008,0.0368,"Myrtle Beach-Conway-North Myrtle Beach, SC-NC"
563,Horry County,SC,201610,1007.74,-0.0079,0.0258,"Myrtle Beach-Conway-North Myrtle Beach, SC-NC"
563,Horry County,SC,201611,1008.97,0.0012,0.0311,"Myrtle Beach-Conway-North Myrtle Beach, SC-NC"
563,Horry County,SC,201612,1001.41,-0.0075,0.0243,"Myrtle Beach-Conway-North Myrtle Beach, SC-NC"
563,Horry County,SC,201701,1021.39,0.02,0.0491,"Myrtle Beach-Conway-North Myrtle Beach, SC-NC"
563,Horry County,SC,201702,1033.3,0.0117,0.056,"Myrtle Beach-Conway-North Myrtle Beach, SC-NC"
563,Horry County,SC,201703,1038.86,0.0054,0.0537,"Myrtle Beach-Conway-North Myrtle Beach, SC-NC"
563,Horry County,SC,201704,1039.48,0.0006,0.0529,"Myrtle Beach-Conway-North Myrtle Beach, SC-NC"
563,Horry County,SC,201705,1045.76,0.006,0.0687,"Myrtle Beach-Conway-North Myrtle Beach, SC-NC"
563,Horry County,SC,201706,1064.37,0.0178,0.0751,"Myrtle Beach-Conway-North Myrtle Beach, SC-NC"
563,Horry County,SC,201707,1074.83,0.0098,0.0745,"Myrtle Beach-Conway-North Myrtle Beach, SC-NC"
563,Horry County,SC,201708,1076.01,0.0011,0.0602,"Myrtle Beach-Conway-North Myrtle Beach, SC-NC"
563,Horry County,SC,201709,1071.7,-0.004,0.0551,"Myrtle Beach-Conway-North Myrtle Beach, SC-NC"
563,Horry County,SC,201710,1071.82,0.0001,0.0636,"Myrtle Beach-Conway-North Myrtle Beach, SC-NC"
563,Horry County,SC,201711,1066.42,-0.005,0.0569,"Myrtle Beach-Conway-North Myrtle Beach, SC-NC"
563,Horry County,SC,201712,1061.91,-0.0042,0.0604,"Myrtle Beach-Conway-North Myrtle Beach, SC-NC"
563,Horry County,SC,201801,1066.54,0.0044,0.0442,"Myrtle Beach-Conway-North Myrtle Beach, SC-NC"
563,Horry County,SC,201802,1076.23,0.0091,0.0415,"Myrtle Beach-Conway-North Myrtle Beach, SC-NC"
563,Horry County,SC,201803,1092.32,0.0149,0.0515,"Myrtle Beach-Conway-North Myrtle Beach, SC-NC"
563,Horry County,SC,201804,1093.62,0.0012,0.0521,"Myrtle Beach-Conway-North Myrtle Beach, SC-NC"
563,Horry County,SC,201805,1101.67,0.0074,0.0535,"Myrtle Beach-Conway-North Myrtle Beach, SC-NC"
563,Horry County,SC,201806,1105.53,0.0035,0.0387,"Myrtle Beach-Conway-North Myrtle Beach, SC-NC"
563,Horry County,SC,201807,1111.06,0.005,0.0337,"Myrtle Beach-Conway-North Myrtle Beach, SC-NC"
563,Horry County,SC,201808,1111.19,0.0001,0.0327,"Myrtle Beach-Conway-North Myrtle Beach, SC-NC"
563,Horry County,SC,201809,1111.48,0.0003,0.0371,"Myrtle Beach-Conway-North Myrtle Beach, SC-NC"
563,Horry County,SC,201810,1105.61,-0.0053,0.0315,"Myrtle Beach-Conway-North Myrtle Beach, SC-NC"
563,Horry County,SC,201811,1110.2,0.0042,0.0411,"Myrtle Beach-Conway-North Myrtle Beach, SC-NC"
563,Horry County,SC,201812,1104.34,-0.0053,0.04,"Myrtle Beach-Conway-North Myrtle Beach, SC-NC"
563,Horry County,SC,201901,1117.82,0.0122,0.0481,"Myrtle Beach-Conway-North Myrtle Beach, SC-NC"
563,Horry County,SC,201902,1117.7,-0.0001,0.0385,"Myrtle Beach-Conway-North Myrtle Beach, SC-NC"
563,Horry County,SC,201903,1127.58,0.0088,0.0323,"Myrtle Beach-Conway-North Myrtle Beach, SC-NC"
563,Horry County,SC,201904,1123.02,-0.004,0.0269,"Myrtle Beach-Conway-North Myrtle Beach, SC-NC"
563,Horry County,SC,201905,1131.39,0.0074,0.027,"Myrtle Beach-Conway-North Myrtle Beach, SC-NC"
563,Horry County,SC,201906,1139.64,0.0073,0.0309,"Myrtle Beach-Conway-North Myrtle Beach, SC-NC"
563,Horry County,SC,201907,1153.17,0.0119,0.0379,"Myrtle Beach-Conway-North Myrtle Beach, SC-NC"
563,Horry County,SC,201908,1158.04,0.0042,0.0422,"Myrtle Beach-Conway-North Myrtle Beach, SC-NC"
563,Horry County,SC,201909,1150.91,-0.0062,0.0355,"Myrtle Beach-Conway-North Myrtle Beach, SC-NC"
563,Horry County,SC,201910,1148.41,-0.0022,0.0387,"Myrtle Beach-Conway-North Myrtle Beach, SC-NC"
563,Horry County,SC,201911,1146.92,-0.0013,0.0331,"Myrtle Beach-Conway-North Myrtle Beach, SC-NC"
563,Horry County,SC,201912,1152.63,0.005,0.0437,"Myrtle Beach-Conway-North Myrtle Beach, SC-NC"
563,Horry County,SC,202001,1156.46,0.0033,0.0346,"Myrtle Beach-Conway-North Myrtle Beach, SC-NC"
563,Horry County,SC,202002,1168.28,0.0102,0.0453,"Myrtle Beach-Conway-North Myrtle Beach, SC-NC"
563,Horry County,SC,202003,1173.91,0.0048,0.0411,"Myrtle Beach-Conway-North Myrtle Beach, SC-NC"
563,Horry County,SC,202004,1168.11,-0.0049,0.0401,"Myrtle Beach-Conway-North Myrtle Beach, SC-NC"
563,Horry County,SC,202005,1169.43,0.0011,0.0336,"Myrtle Beach-Conway-North Myrtle Beach, SC-NC"
563,Horry County,SC,202006,1175.32,0.005,0.0313,"Myrtle Beach-Conway-North Myrtle Beach, SC-NC"
563,Horry County,SC,202007,1187.16,0.0101,0.0295,"Myrtle Beach-Conway-North Myrtle Beach, SC-NC"
563,Horry County,SC,202008,1194.95,0.0066,0.0319,"Myrtle Beach-Conway-North Myrtle Beach, SC-NC"
563,Horry County,SC,202009,1203.57,0.0072,0.0458,"Myrtle Beach-Conway-North Myrtle Beach, SC-NC"
563,Horry County,SC,202010,1195.97,-0.0063,0.0414,"Myrtle Beach-Conway-North Myrtle Beach, SC-NC"
563,Horry County,SC,202011,1194.0,-0.0017,0.041,"Myrtle Beach-Conway-North Myrtle Beach, SC-NC"
563,Horry County,SC,202012,1200.41,0.0054,0.0415,"Myrtle Beach-Conway-North Myrtle Beach, SC-NC"
563,Horry County,SC,202101,1218.82,0.0153,0.0539,"Myrtle Beach-Conway-North Myrtle Beach, SC-NC"
563,Horry County,SC,202102,1224.95,0.005,0.0485,"Myrtle Beach-Conway-North Myrtle Beach, SC-NC"
563,Horry County,SC,202103,1233.33,0.0068,0.0506,"Myrtle Beach-Conway-North Myrtle Beach, SC-NC"
563,Horry County,SC,202104,1254.06,0.0168,0.0736,"Myrtle Beach-Conway-North Myrtle Beach, SC-NC"
563,Horry County,SC,202105,1294.04,0.0319,0.1066,"Myrtle Beach-Conway-North Myrtle Beach, SC-NC"
563,Horry County,SC,202106,1329.86,0.0277,0.1315,"Myrtle Beach-Conway-North Myrtle Beach, SC-NC"
563,Horry County,SC,202108,1404.64,0.0562,0.1832,"Myrtle Beach-Conway-North Myrtle Beach, SC-NC"
563,Horry County,SC,202109,1429.25,0.0175,0.1961,"Myrtle Beach-Conway-North Myrtle Beach, SC-NC"
563,Horry County,SC,202110,1451.05,0.0153,0.2056,"Myrtle Beach-Conway-North Myrtle Beach, SC-NC"
563,Horry County,SC,202111,1453.43,0.0016,0.2153,"Myrtle Beach-Conway-North Myrtle Beach, SC-NC"
563,Horry County,SC,202112,1472.2,0.0129,0.233,"Myrtle Beach-Conway-North Myrtle Beach, SC-NC"
563,Horry County,SC,202201,1467.22,-0.0034,0.2223,"Myrtle Beach-Conway-North Myrtle Beach, SC-NC"
563,Horry County,SC,202202,1483.21,0.0109,0.2169,"Myrtle Beach-Conway-North Myrtle Beach, SC-NC"
563,Horry County,SC,202203,1504.32,0.0142,0.2281,"Myrtle Beach-Conway-North Myrtle Beach, SC-NC"
563,Horry County,SC,202204,1546.29,0.0279,0.2538,"Myrtle Beach-Conway-North Myrtle Beach, SC-NC"
563,Horry County,SC,202205,1587.0,0.0263,0.2655,"Myrtle Beach-Conway-North Myrtle Beach, SC-NC"
563,Horry County,SC,202206,1605.76,0.0118,0.2409,"Myrtle Beach-Conway-North Myrtle Beach, SC-NC"
563,Horry County,SC,202207,1621.72,0.0099,0.2195,"Myrtle Beach-Conway-North Myrtle Beach, SC-NC"
563,Horry County,SC,202208,1634.13,0.0077,0.1634,"Myrtle Beach-Conway-North Myrtle Beach, SC-NC"
563,Horry County,SC,202209,1637.23,0.0019,0.1455,"Myrtle Beach-Conway-North Myrtle Beach, SC-NC"
563,Horry County,SC,202210,1621.31,-0.0097,0.1173,"Myrtle Beach-Conway-North Myrtle Beach, SC-NC"
563,Horry County,SC,202211,1602.07,-0.0119,0.1023,"Myrtle Beach-Conway-North Myrtle Beach, SC-NC"
563,Horry County,SC,202212,1593.26,-0.0055,0.0822,"Myrtle Beach-Conway-North Myrtle Beach, SC-NC"
563,Horry County,SC,202301,1583.67,-0.006,0.0794,"Myrtle Beach-Conway-North Myrtle Beach, SC-NC"
563,Horry County,SC,202302,1594.88,0.0071,0.0753,"Myrtle Beach-Conway-North Myrtle Beach, SC-NC"
563,Horry County,SC,202303,1601.85,0.0044,0.0648,"Myrtle Beach-Conway-North Myrtle Beach, SC-NC"
563,Horry County,SC,202304,1627.65,0.0161,0.0526,"Myrtle Beach-Conway-North Myrtle Beach, SC-NC"
563,Horry County,SC,202305,1634.2,0.004,0.0297,"Myrtle Beach-Conway-North Myrtle Beach, SC-NC"
563,Horry County,SC,202306,1638.5,0.0026,0.0204,"Myrtle Beach-Conway-North Myrtle Beach, SC-NC"
563,Horry County,SC,202307,1637.62,-0.0005,0.0098,"Myrtle Beach-Conway-North Myrtle Beach, SC-NC"
563,Horry County,SC,202308,1639.64,0.0012,0.0034,"Myrtle Beach-Conway-North Myrtle Beach, SC-NC"
563,Horry County,SC,202309,1646.44,0.0041,0.0056,"Myrtle Beach-Conway-North Myrtle Beach, SC-NC"
563,Horry County,SC,202310,1637.77,-0.0053,0.0102,"Myrtle Beach-Conway-North Myrtle Beach, SC-NC"
563,Horry County,SC,202311,1626.79,-0.0067,0.0154,"Myrtle Beach-Conway-North Myrtle Beach, SC-NC"
563,Horry County,SC,202312,1614.46,-0.0076,0.0133,"Myrtle Beach-Conway-North Myrtle Beach, SC-NC"
563,Horry County,SC,202401,1619.74,0.0033,0.0228,"Myrtle Beach-Conway-North Myrtle Beach, SC-NC"
563,Horry County,SC,202402,1629.11,0.0058,0.0215,"Myrtle Beach-Conway-North Myrtle Beach, SC-NC"
563,Horry County,SC,202403,1640.9,0.0072,0.0244,"Myrtle Beach-Conway-North Myrtle Beach, SC-NC"
563,Horry County,SC,202404,1650.71,0.006,0.0142,"Myrtle Beach-Conway-North Myrtle Beach, SC-NC"
563,Horry County,SC,202405,1653.95,0.002,0.0121,"Myrtle Beach-Conway-North Myrtle Beach, SC-NC"
563,Horry County,SC,202406,1659.44,0.0033,0.0128,"Myrtle Beach-Conway-North Myrtle Beach, SC-NC"
563,Horry County,SC,202407,1662.26,0.0017,0.015,"Myrtle Beach-Conway-North Myrtle Beach, SC-NC"
563,Horry County,SC,202408,1680.13,0.0107,0.0247,"Myrtle Beach-Conway-North Myrtle Beach, SC-NC"
563,Horry County,SC,202409,1694.97,0.0088,0.0295,"Myrtle Beach-Conway-North Myrtle Beach, SC-NC"
563,Horry County,SC,202410,1695.42,0.0003,0.0352,"Myrtle Beach-Conway-North Myrtle Beach, SC-NC"
563,Horry County,SC,202411,1672.89,-0.0133,0.0283,"Myrtle Beach-Conway-North Myrtle Beach, SC-NC"
563,Horry County,SC,202412,1649.87,-0.0138,0.0219,"Myrtle Beach-Conway-North Myrtle Beach, SC-NC"
563,Horry County,SC,202501,1645.94,-0.0024,0.0162,"Myrtle Beach-Conway-North Myrtle Beach, SC-NC"
563,Horry County,SC,202502,1653.83,0.0048,0.0152,"Myrtle Beach-Conway-North Myrtle Beach, SC-NC"
563,Horry County,SC,202503,1667.36,0.0082,0.0161,"Myrtle Beach-Conway-North Myrtle Beach, SC-NC"
563,Horry County,SC,202504,1671.44,0.0024,0.0126,"Myrtle Beach-Conway-North Myrtle Beach, SC-NC"
563,Horry County,SC,202505,1672.72,0.0008,0.0113,"Myrtle Beach-Conway-North Myrtle Beach, SC-NC"
563,Horry County,SC,202506,1677.97,0.0031,0.0112,"Myrtle Beach-Conway-North Myrtle Beach, SC-NC"
563,Horry County,SC,202507,1669.42,-0.0051,0.0043,"Myrtle Beach-Conway-North Myrtle Beach, SC-NC"
563,Horry County,SC,202508,1668.24,-0.0007,-0.0071,"Myrtle Beach-Conway-North Myrtle Beach, SC-NC"
563,Horry County,SC,202509,1674.64,0.0038,-0.012,"Myrtle Beach-Conway-North Myrtle Beach, SC-NC"
563,Horry County,SC,202510,1683.19,0.0051,-0.0072,"Myrtle Beach-Conway-North Myrtle Beach, SC-NC"
563,Horry County,SC,202511,1680.83,-0.0014,0.0047,"Myrtle Beach-Conway-North Myrtle Beach, SC-NC"
563,Horry County,SC,202512,1649.39,-0.0187,-0.0003,"Myrtle Beach-Conway-North Myrtle Beach, SC-NC"
563,Horry County,SC,202601,1646.46,-0.0018,0.0003,"Myrtle Beach-Conway-North Myrtle Beach, SC-NC"
563,Horry County,SC,202602,1647.43,0.0006,-0.0039,"Myrtle Beach-Conway-North Myrtle Beach, SC-NC"
563,Horry County,SC,202603,1670.06,0.0137,0.0016,"Myrtle Beach-Conway-North Myrtle Beach, SC-NC"
563,Horry County,SC,202604,1685.57,0.0093,0.0084,"Myrtle Beach-Conway-North Myrtle Beach, SC-NC"
563,Horry County,SC,202605,1689.98,0.0026,0.0103,"Myrtle Beach-Conway-North Myrtle Beach, SC-NC"
563,Horry County,SC,202606,1688.56,-0.0008,0.0063,"Myrtle Beach-Conway-North Myrtle Beach, SC-NC"
563,Horry County,SC,202607,1681.91,-0.0039,0.0075,"Myrtle Beach-Conway-North Myrtle Beach, SC-NC"
563,Horry County,SC,202608,1697.17,0.0091,0.0173,"Myrtle Beach-Conway-North Myrtle Beach, SC-NC"
1120,Jasper County,SC,202403,1863.4,,,"Hilton Head Island-Bluffton, SC"
1120,Jasper County,SC,202404,1884.32,0.0112,,"Hilton Head Island-Bluffton, SC"
1120,Jasper County,SC,202405,1854.34,-0.0159,,"Hilton Head Island-Bluffton, SC"
1120,Jasper County,SC,202406,1847.05,-0.0039,,"Hilton Head Island-Bluffton, SC"
1120,Jasper County,SC,202407,1806.53,-0.0219,,"Hilton Head Island-Bluffton, SC"
1120,Jasper County,SC,202408,1836.56,0.0166,,"Hilton Head Island-Bluffton, SC"
1120,Jasper County,SC,202409,1843.38,0.0037,,"Hilton Head Island-Bluffton, SC"
1120,Jasper County,SC,202410,1819.52,-0.0129,,"Hilton Head Island-Bluffton, SC"
1120,Jasper County,SC,202411,1803.87,-0.0086,,"Hilton Head Island-Bluffton, SC"
1120,Jasper County,SC,202412,1802.95,-0.0005,,"Hilton Head Island-Bluffton, SC"
1120,Jasper County,SC,202501,1835.57,0.0181,,"Hilton Head Island-Bluffton, SC"
1120,Jasper County,SC,202502,1834.61,-0.0005,,"Hilton Head Island-Bluffton, SC"
1120,Jasper County,SC,202503,1820.86,-0.0075,-0.0228,"Hilton Head Island-Bluffton, SC"
1120,Jasper County,SC,202504,1822.66,0.001,-0.0327,"Hilton Head Island-Bluffton, SC"
1120,Jasper County,SC,202505,1809.91,-0.007,-0.024,"Hilton Head Island-Bluffton, SC"
1120,Jasper County,SC,202506,1826.03,0.0089,-0.0114,"Hilton Head Island-Bluffton, SC"
1120,Jasper County,SC,202507,1820.84,-0.0028,0.0079,"Hilton Head Island-Bluffton, SC"
1120,Jasper County,SC,202509,1796.35,-0.0134,-0.0219,"Hilton Head Island-Bluffton, SC"
1120,Jasper County,SC,202510,1766.92,-0.0164,-0.0415,"Hilton Head Island-Bluffton, SC"
1120,Jasper County,SC,202511,1708.87,-0.0328,-0.0608,"Hilton Head Island-Bluffton, SC"
1120,Jasper County,SC,202512,1729.69,0.0122,-0.0411,"Hilton Head Island-Bluffton, SC"
1120,Jasper County,SC,202601,1743.9,0.0082,-0.0328,"Hilton Head Island-Bluffton, SC"
1120,Jasper County,SC,202602,1804.66,0.0348,-0.0168,"Hilton Head Island-Bluffton, SC"
1120,Jasper County,SC,202603,1792.83,-0.0066,-0.0228,"Hilton Head Island-Bluffton, SC"
1120,Jasper County,SC,202604,1793.57,0.0004,-0.015,"Hilton Head Island-Bluffton, SC"
1120,Jasper County,SC,202605,1761.43,-0.0179,-0.0336,"Hilton Head Island-Bluffton, SC"
1120,Jasper County,SC,202606,1755.53,-0.0034,-0.03,"Hilton Head Island-Bluffton, SC"
1120,Jasper County,SC,202607,1746.46,-0.0052,-0.0436,"Hilton Head Island-Bluffton, SC"
1120,Jasper County,SC,202608,1740.03,-0.0037,-0.0444,"Hilton Head Island-Bluffton, SC"
1276,Oconee County,SC,202303,1217.44,,,"Seneca, SC"
1276,Oconee County,SC,202304,1237.6,0.0166,,"Seneca, SC"
1276,Oconee County,SC,202305,1264.8,0.022,,"Seneca, SC"
1276,Oconee County,SC,202306,1276.87,0.0095,,"Seneca, SC"
1276,Oconee County,SC,202307,1258.89,-0.0141,,"Seneca, SC"
1276,Oconee County,SC,202308,1258.84,-0.0,,"Seneca, SC"
1276,Oconee County,SC,202309,1250.31,-0.0068,,"Seneca, SC"
1276,Oconee County,SC,202310,1252.56,0.0018,,"Seneca, SC"
1276,Oconee County,SC,202311,1258.69,0.0049,,"Seneca, SC"
1276,Oconee County,SC,202312,1277.85,0.0152,,"Seneca, SC"
1276,Oconee County,SC,202401,1285.25,0.0058,,"Seneca, SC"
1276,Oconee County,SC,202402,1298.32,0.0102,,"Seneca, SC"
1276,Oconee County,SC,202403,1304.82,0.005,0.0718,"Seneca, SC"
1276,Oconee County,SC,202404,1321.62,0.0129,0.0679,"Seneca, SC"
1276,Oconee County,SC,202405,1328.98,0.0056,0.0507,"Seneca, SC"
1276,Oconee County,SC,202406,1334.35,0.004,0.045,"Seneca, SC"
1276,Oconee County,SC,202407,1341.05,0.005,0.0653,"Seneca, SC"
1276,Oconee County,SC,202408,1334.54,-0.0049,0.0601,"Seneca, SC"
1276,Oconee County,SC,202409,1329.55,-0.0037,0.0634,"Seneca, SC"
1276,Oconee County,SC,202410,1329.54,-0.0,0.0615,"Seneca, SC"
1276,Oconee County,SC,202411,1321.94,-0.0057,0.0503,"Seneca, SC"
1276,Oconee County,SC,202412,1324.14,0.0017,0.0362,"Seneca, SC"
1276,Oconee County,SC,202501,1330.16,0.0045,0.0349,"Seneca, SC"
1276,Oconee County,SC,202502,1321.0,-0.0069,0.0175,"Seneca, SC"
1276,Oconee County,SC,202503,1338.59,0.0133,0.0259,"Seneca, SC"
1276,Oconee County,SC,202504,1350.93,0.0092,0.0222,"Seneca, SC"
1276,Oconee County,SC,202505,1405.78,0.0406,0.0578,"Seneca, SC"
1276,Oconee County,SC,202506,1415.16,0.0067,0.0606,"Seneca, SC"
1276,Oconee County,SC,202507,1410.51,-0.0033,0.0518,"Seneca, SC"
1276,Oconee County,SC,202508,1399.25,-0.008,0.0485,"Seneca, SC"
1276,Oconee County,SC,202509,1393.03,-0.0044,0.0477,"Seneca, SC"
1276,Oconee County,SC,202510,1388.67,-0.0031,0.0445,"Seneca, SC"
1276,Oconee County,SC,202511,1425.68,0.0267,0.0785,"Seneca, SC"
1276,Oconee County,SC,202512,1422.64,-0.0021,0.0744,"Seneca, SC"
1276,Oconee County,SC,202601,1412.42,-0.0072,0.0618,"Seneca, SC"
1276,Oconee County,SC,202602,1381.8,-0.0217,0.046,"Seneca, SC"
1276,Oconee County,SC,202603,1392.81,0.008,0.0405,"Seneca, SC"
1276,Oconee County,SC,202604,1415.93,0.0166,0.0481,"Seneca, SC"
1276,Oconee County,SC,202605,1428.05,0.0086,0.0158,"Seneca, SC"
1276,Oconee County,SC,202606,1425.98,-0.0015,0.0076,"Seneca, SC"
1276,Oconee County,SC,202607,1433.38,0.0052,0.0162,"Seneca, SC"
1276,Oconee County,SC,202608,1437.67,0.003,0.0275,"Seneca, SC"
1411,Sumter County,SC,201504,851.84,,,"Sumter, SC"
1411,Sumter County,SC,201505,852.25,0.0005,,"Sumter, SC"
1411,Sumter County,SC,201506,851.88,-0.0004,,"Sumter, SC"
1411,Sumter County,SC,201507,844.85,-0.0083,,"Sumter, SC"
1411,Sumter County,SC,201508,837.06,-0.0092,,"Sumter, SC"
1411,Sumter County,SC,201509,830.78,-0.0075,,"Sumter, SC"
1411,Sumter County,SC,201510,832.49,0.0021,,"Sumter, SC"
1411,Sumter County,SC,201511,841.55,0.0109,,"Sumter, SC"
1411,Sumter County,SC,201512,855.43,0.0165,,"Sumter, SC"
1411,Sumter County,SC,201601,859.19,0.0044,,"Sumter, SC"
1411,Sumter County,SC,201602,862.92,0.0043,,"Sumter, SC"
1411,Sumter County,SC,201603,863.05,0.0002,,"Sumter, SC"
1411,Sumter County,SC,201604,866.84,0.0044,0.0176,"Sumter, SC"
1411,Sumter County,SC,201605,873.3,0.0075,0.0247,"Sumter, SC"
1411,Sumter County,SC,201606,875.96,0.003,0.0283,"Sumter, SC"
1411,Sumter County,SC,201607,877.28,0.0015,0.0384,"Sumter, SC"
1411,Sumter County,SC,201608,874.53,-0.0031,0.0448,"Sumter, SC"
1411,Sumter County,SC,201609,872.07,-0.0028,0.0497,"Sumter, SC"
1411,Sumter County,SC,201610,868.42,-0.0042,0.0432,"Sumter, SC"
1411,Sumter County,SC,201611,868.67,0.0003,0.0322,"Sumter, SC"
1411,Sumter County,SC,201612,869.22,0.0006,0.0161,"Sumter, SC"
1411,Sumter County,SC,201701,876.19,0.008,0.0198,"Sumter, SC"
1411,Sumter County,SC,201702,877.78,0.0018,0.0172,"Sumter, SC"
1411,Sumter County,SC,201703,884.89,0.0081,0.0253,"Sumter, SC"
1411,Sumter County,SC,201704,890.57,0.0064,0.0274,"Sumter, SC"
1411,Sumter County,SC,201705,896.18,0.0063,0.0262,"Sumter, SC"
1411,Sumter County,SC,201706,902.1,0.0066,0.0298,"Sumter, SC"
1411,Sumter County,SC,201707,895.76,-0.007,0.0211,"Sumter, SC"
1411,Sumter County,SC,201708,896.92,0.0013,0.0256,"Sumter, SC"
1411,Sumter County,SC,201709,894.2,-0.003,0.0254,"Sumter, SC"
1411,Sumter County,SC,201710,901.16,0.0078,0.0377,"Sumter, SC"
1411,Sumter County,SC,201711,900.92,-0.0003,0.0371,"Sumter, SC"
1411,Sumter County,SC,201712,901.26,0.0004,0.0369,"Sumter, SC"
1411,Sumter County,SC,201801,899.55,-0.0019,0.0267,"Sumter, SC"
1411,Sumter County,SC,201802,900.87,0.0015,0.0263,"Sumter, SC"
1411,Sumter County,SC,201803,916.47,0.0173,0.0357,"Sumter, SC"
1411,Sumter County,SC,201804,928.29,0.0129,0.0424,"Sumter, SC"
1411,Sumter County,SC,201805,932.71,0.0048,0.0408,"Sumter, SC"
1411,Sumter County,SC,201806,928.07,-0.005,0.0288,"Sumter, SC"
1411,Sumter County,SC,201807,931.55,0.0038,0.04,"Sumter, SC"
1411,Sumter County,SC,201808,945.22,0.0147,0.0539,"Sumter, SC"
1411,Sumter County,SC,201809,947.53,0.0024,0.0596,"Sumter, SC"
1411,Sumter County,SC,201810,948.67,0.0012,0.0527,"Sumter, SC"
1411,Sumter County,SC,201811,940.29,-0.0088,0.0437,"Sumter, SC"
1411,Sumter County,SC,201812,938.5,-0.0019,0.0413,"Sumter, SC"
1411,Sumter County,SC,201901,939.16,0.0007,0.044,"Sumter, SC"
1411,Sumter County,SC,201902,949.9,0.0114,0.0544,"Sumter, SC"
1411,Sumter County,SC,201903,956.7,0.0072,0.0439,"Sumter, SC"
1411,Sumter County,SC,201904,961.84,0.0054,0.0361,"Sumter, SC"
1411,Sumter County,SC,201905,954.68,-0.0075,0.0236,"Sumter, SC"
1411,Sumter County,SC,201906,955.83,0.0012,0.0299,"Sumter, SC"
1411,Sumter County,SC,201907,958.42,0.0027,0.0288,"Sumter, SC"
1411,Sumter County,SC,201908,966.11,0.008,0.0221,"Sumter, SC"
1411,Sumter County,SC,201909,968.44,0.0024,0.0221,"Sumter, SC"
1411,Sumter County,SC,201910,966.03,-0.0025,0.0183,"Sumter, SC"
1411,Sumter County,SC,201911,968.98,0.0031,0.0305,"Sumter, SC"
1411,Sumter County,SC,201912,968.95,-0.0,0.0324,"Sumter, SC"
1411,Sumter County,SC,202001,970.11,0.0012,0.033,"Sumter, SC"
1411,Sumter County,SC,202002,980.53,0.0107,0.0322,"Sumter, SC"
1411,Sumter County,SC,202003,990.66,0.0103,0.0355,"Sumter, SC"
1411,Sumter County,SC,202004,1000.76,0.0102,0.0405,"Sumter, SC"
1411,Sumter County,SC,202005,1001.03,0.0003,0.0486,"Sumter, SC"
1411,Sumter County,SC,202006,1006.66,0.0056,0.0532,"Sumter, SC"
1411,Sumter County,SC,202007,1010.41,0.0037,0.0542,"Sumter, SC"
1411,Sumter County,SC,202008,1016.35,0.0059,0.052,"Sumter, SC"
1411,Sumter County,SC,202009,1016.06,-0.0003,0.0492,"Sumter, SC"
1411,Sumter County,SC,202010,1031.38,0.0151,0.0677,"Sumter, SC"
1411,Sumter County,SC,202011,1041.17,0.0095,0.0745,"Sumter, SC"
1411,Sumter County,SC,202012,1052.63,0.011,0.0864,"Sumter, SC"
1411,Sumter County,SC,202101,1052.46,-0.0002,0.0849,"Sumter, SC"
1411,Sumter County,SC,202102,1059.89,0.0071,0.0809,"Sumter, SC"
1411,Sumter County,SC,202103,1061.75,0.0017,0.0718,"Sumter, SC"
1411,Sumter County,SC,202104,1070.7,0.0084,0.0699,"Sumter, SC"
1411,Sumter County,SC,202105,1071.11,0.0004,0.07,"Sumter, SC"
1411,Sumter County,SC,202106,1085.5,0.0134,0.0783,"Sumter, SC"
1411,Sumter County,SC,202107,1094.65,0.0084,0.0834,"Sumter, SC"
1411,Sumter County,SC,202108,1104.1,0.0086,0.0863,"Sumter, SC"
1411,Sumter County,SC,202109,1112.51,0.0076,0.0949,"Sumter, SC"
1411,Sumter County,SC,202110,1133.76,0.0191,0.0993,"Sumter, SC"
1411,Sumter County,SC,202111,1139.47,0.005,0.0944,"Sumter, SC"
1411,Sumter County,SC,202112,1140.58,0.001,0.0836,"Sumter, SC"
1411,Sumter County,SC,202201,1158.15,0.0154,0.1004,"Sumter, SC"
1411,Sumter County,SC,202202,1179.28,0.0182,0.1126,"Sumter, SC"
1411,Sumter County,SC,202203,1213.86,0.0293,0.1433,"Sumter, SC"
1411,Sumter County,SC,202204,1210.02,-0.0032,0.1301,"Sumter, SC"
1411,Sumter County,SC,202205,1221.98,0.0099,0.1409,"Sumter, SC"
1411,Sumter County,SC,202206,1220.97,-0.0008,0.1248,"Sumter, SC"
1411,Sumter County,SC,202207,1218.77,-0.0018,0.1134,"Sumter, SC"
1411,Sumter County,SC,202208,1228.13,0.0077,0.1123,"Sumter, SC"
1411,Sumter County,SC,202209,1235.96,0.0064,0.111,"Sumter, SC"
1411,Sumter County,SC,202210,1242.79,0.0055,0.0962,"Sumter, SC"
1411,Sumter County,SC,202211,1252.51,0.0078,0.0992,"Sumter, SC"
1411,Sumter County,SC,202212,1262.4,0.0079,0.1068,"Sumter, SC"
1411,Sumter County,SC,202301,1271.25,0.007,0.0977,"Sumter, SC"
1411,Sumter County,SC,202302,1276.75,0.0043,0.0827,"Sumter, SC"
1411,Sumter County,SC,202303,1280.42,0.0029,0.0548,"Sumter, SC"
1411,Sumter County,SC,202304,1294.96,0.0114,0.0702,"Sumter, SC"
1411,Sumter County,SC,202305,1308.26,0.0103,0.0706,"Sumter, SC"
1411,Sumter County,SC,202306,1311.22,0.0023,0.0739,"Sumter, SC"
1411,Sumter County,SC,202307,1324.82,0.0104,0.087,"Sumter, SC"
1411,Sumter County,SC,202308,1322.51,-0.0017,0.0769,"Sumter, SC"
1411,Sumter County,SC,202309,1326.89,0.0033,0.0736,"Sumter, SC"
1411,Sumter County,SC,202310,1338.86,0.009,0.0773,"Sumter, SC"
1411,Sumter County,SC,202311,1349.33,0.0078,0.0773,"Sumter, SC"
1411,Sumter County,SC,202312,1357.78,0.0063,0.0755,"Sumter, SC"
1411,Sumter County,SC,202401,1359.17,0.001,0.0692,"Sumter, SC"
1411,Sumter County,SC,202402,1361.36,0.0016,0.0663,"Sumter, SC"
1411,Sumter County,SC,202403,1368.9,0.0055,0.0691,"Sumter, SC"
1411,Sumter County,SC,202404,1370.37,0.0011,0.0582,"Sumter, SC"
1411,Sumter County,SC,202405,1370.62,0.0002,0.0477,"Sumter, SC"
1411,Sumter County,SC,202406,1382.89,0.0089,0.0547,"Sumter, SC"
1411,Sumter County,SC,202407,1381.99,-0.0006,0.0432,"Sumter, SC"
1411,Sumter County,SC,202408,1398.34,0.0118,0.0573,"Sumter, SC"
1411,Sumter County,SC,202409,1403.6,0.0038,0.0578,"Sumter, SC"
1411,Sumter County,SC,202410,1433.5,0.0213,0.0707,"Sumter, SC"
1411,Sumter County,SC,202411,1432.45,-0.0007,0.0616,"Sumter, SC"
1411,Sumter County,SC,202412,1435.64,0.0022,0.0573,"Sumter, SC"
1411,Sumter County,SC,202501,1429.47,-0.0043,0.0517,"Sumter, SC"
1411,Sumter County,SC,202502,1430.9,0.001,0.0511,"Sumter, SC"
1411,Sumter County,SC,202503,1439.82,0.0062,0.0518,"Sumter, SC"
1411,Sumter County,SC,202504,1435.81,-0.0028,0.0478,"Sumter, SC"
1411,Sumter County,SC,202505,1439.74,0.0027,0.0504,"Sumter, SC"
1411,Sumter County,SC,202506,1438.99,-0.0005,0.0406,"Sumter, SC"
1411,Sumter County,SC,202507,1440.01,0.0007,0.042,"Sumter, SC"
1411,Sumter County,SC,202508,1442.84,0.002,0.0318,"Sumter, SC"
1411,Sumter County,SC,202509,1446.21,0.0023,0.0304,"Sumter, SC"
1411,Sumter County,SC,202510,1450.4,0.0029,0.0118,"Sumter, SC"
1411,Sumter County,SC,202511,1473.67,0.016,0.0288,"Sumter, SC"
1411,Sumter County,SC,202512,1488.8,0.0103,0.037,"Sumter, SC"
1411,Sumter County,SC,202601,1494.06,0.0035,0.0452,"Sumter, SC"
1411,Sumter County,SC,202602,1492.44,-0.0011,0.043,"Sumter, SC"
1411,Sumter County,SC,202603,1482.75,-0.0065,0.0298,"Sumter, SC"
1411,Sumter County,SC,202604,1491.8,0.0061,0.039,"Sumter, SC"
1411,Sumter County,SC,202605,1490.48,-0.0009,0.0352,"Sumter, SC"
1411,Sumter County,SC,202606,1492.71,0.0015,0.0373,"Sumter, SC"
1411,Sumter County,SC,202607,1502.26,0.0064,0.0432,"Sumter, SC"
1411,Sumter County,SC,202608,1513.82,0.0077,0.0492,"Sumter, SC"
1838,Kershaw County,SC,202412,1674.16,,,"Columbia, SC"
1838,Kershaw County,SC,202501,1696.21,0.0132,,"Columbia, SC"
1838,Kershaw County,SC,202502,1698.9,0.0016,,"Columbia, SC"
1838,Kershaw County,SC,202503,1730.2,0.0184,,"Columbia, SC"
1838,Kershaw County,SC,202504,1737.36,0.0041,,"Columbia, SC"
1838,Kershaw County,SC,202505,1749.04,0.0067,,"Columbia, SC"
1838,Kershaw County,SC,202506,1773.55,0.014,,"Columbia, SC"
1838,Kershaw County,SC,202507,1786.36,0.0072,,"Columbia, SC"
1838,Kershaw County,SC,202508,1781.0,-0.003,,"Columbia, SC"
1838,Kershaw County,SC,202509,1748.22,-0.0184,,"Columbia, SC"
1838,Kershaw County,SC,202510,1718.01,-0.0173,,"Columbia, SC"
1838,Kershaw County,SC,202511,1738.74,0.0121,,"Columbia, SC"
1838,Kershaw County,SC,202512,1749.36,0.0061,0.0449,"Columbia, SC"
1838,Kershaw County,SC,202601,1748.75,-0.0004,0.031,"Columbia, SC"
1838,Kershaw County,SC,202602,1738.0,-0.0061,0.023,"Columbia, SC"
1838,Kershaw County,SC,202603,1745.9,0.0045,0.0091,"Columbia, SC"
1838,Kershaw County,SC,202604,1746.02,0.0001,0.005,"Columbia, SC"
1838,Kershaw County,SC,202605,1752.55,0.0037,0.002,"Columbia, SC"
1838,Kershaw County,SC,202606,1751.13,-0.0008,-0.0126,"Columbia, SC"
1838,Kershaw County,SC,202607,1779.42,0.0162,-0.0039,"Columbia, SC"
1838,Kershaw County,SC,202608,1812.0,0.0183,0.0174,"Columbia, SC"
1852,Laurens County,SC,202302,934.9,,,"Greenville-Anderson, SC"
1852,Laurens County,SC,202303,957.44,0.0241,,"Greenville-Anderson, SC"
1852,Laurens County,SC,202304,941.2,-0.017,,"Greenville-Anderson, SC"
1852,Laurens County,SC,202305,934.07,-0.0076,,"Greenville-Anderson, SC"
1852,Laurens County,SC,202306,950.13,0.0172,,"Greenville-Anderson, SC"
1852,Laurens County,SC,202307,959.13,0.0095,,"Greenville-Anderson, SC"
1852,Laurens County,SC,202308,966.75,0.0079,,"Greenville-Anderson, SC"
1852,Laurens County,SC,202309,973.23,0.0067,,"Greenville-Anderson, SC"
1852,Laurens County,SC,202310,966.58,-0.0068,,"Greenville-Anderson, SC"
1852,Laurens County,SC,202311,965.17,-0.0015,,"Greenville-Anderson, SC"
1852,Laurens County,SC,202312,959.9,-0.0055,,"Greenville-Anderson, SC"
1852,Laurens County,SC,202402,995.46,0.037,,"Greenville-Anderson, SC"
1852,Laurens County,SC,202403,1009.29,0.0139,0.0796,"Greenville-Anderson, SC"
1852,Laurens County,SC,202404,989.61,-0.0195,0.0336,"Greenville-Anderson, SC"
1852,Laurens County,SC,202405,1006.5,0.0171,0.0694,"Greenville-Anderson, SC"
1852,Laurens County,SC,202406,1014.72,0.0082,0.0864,"Greenville-Anderson, SC"
1852,Laurens County,SC,202407,1017.34,0.0026,0.0707,"Greenville-Anderson, SC"
1852,Laurens County,SC,202408,1010.67,-0.0066,0.0537,"Greenville-Anderson, SC"
1852,Laurens County,SC,202409,1000.73,-0.0098,0.0352,"Greenville-Anderson, SC"
1852,Laurens County,SC,202410,992.07,-0.0087,0.0194,"Greenville-Anderson, SC"
1852,Laurens County,SC,202411,1004.03,0.0121,0.0387,"Greenville-Anderson, SC"
1852,Laurens County,SC,202412,1015.36,0.0113,0.052,"Greenville-Anderson, SC"
1852,Laurens County,SC,202501,1015.77,0.0004,0.0582,"Greenville-Anderson, SC"
1852,Laurens County,SC,202502,1015.38,-0.0004,0.02,"Greenville-Anderson, SC"
1852,Laurens County,SC,202503,1050.84,0.0349,0.0412,"Greenville-Anderson, SC"
1852,Laurens County,SC,202504,1082.31,0.0299,0.0937,"Greenville-Anderson, SC"
1852,Laurens County,SC,202505,1096.29,0.0129,0.0892,"Greenville-Anderson, SC"
1852,Laurens County,SC,202506,1067.46,-0.0263,0.052,"Greenville-Anderson, SC"
1852,Laurens County,SC,202507,1044.39,-0.0216,0.0266,"Greenville-Anderson, SC"
1852,Laurens County,SC,202508,1035.98,-0.0081,0.025,"Greenville-Anderson, SC"
1852,Laurens County,SC,202509,1064.46,0.0275,0.0637,"Greenville-Anderson, SC"
1852,Laurens County,SC,202510,1089.36,0.0234,0.0981,"Greenville-Anderson, SC"
1852,Laurens County,SC,202511,1104.34,0.0138,0.0999,"Greenville-Anderson, SC"
1852,Laurens County,SC,202512,1076.51,-0.0252,0.0602,"Greenville-Anderson, SC"
1852,Laurens County,SC,202601,1095.46,0.0176,0.0785,"Greenville-Anderson, SC"
1852,Laurens County,SC,202602,1121.72,0.024,0.1047,"Greenville-Anderson, SC"
1852,Laurens County,SC,202603,1141.85,0.0179,0.0866,"Greenville-Anderson, SC"
1852,Laurens County,SC,202604,1120.38,-0.0188,0.0352,"Greenville-Anderson, SC"
1852,Laurens County,SC,202605,1093.3,-0.0242,-0.0027,"Greenville-Anderson, SC"
1852,Laurens County,SC,202606,1070.0,-0.0213,0.0024,"Greenville-Anderson, SC"
1852,Laurens County,SC,202607,1085.18,0.0142,0.0391,"Greenville-Anderson, SC"
1852,Laurens County,SC,202608,1069.58,-0.0144,0.0324,"Greenville-Anderson, SC"
1972,Pickens County,SC,201711,866.16,,,"Greenville-Anderson, SC"
1972,Pickens County,SC,201712,884.71,0.0214,,"Greenville-Anderson, SC"
1972,Pickens County,SC,201801,889.46,0.0054,,"Greenville-Anderson, SC"
1972,Pickens County,SC,201802,881.66,-0.0088,,"Greenville-Anderson, SC"
1972,Pickens County,SC,201803,871.39,-0.0117,,"Greenville-Anderson, SC"
1972,Pickens County,SC,201804,887.25,0.0182,,"Greenville-Anderson, SC"
1972,Pickens County,SC,201805,870.01,-0.0194,,"Greenville-Anderson, SC"
1972,Pickens County,SC,201806,882.03,0.0138,,"Greenville-Anderson, SC"
1972,Pickens County,SC,201807,876.17,-0.0067,,"Greenville-Anderson, SC"
1972,Pickens County,SC,201808,922.81,0.0532,,"Greenville-Anderson, SC"
1972,Pickens County,SC,201809,928.7,0.0064,,"Greenville-Anderson, SC"
1972,Pickens County,SC,201810,911.89,-0.0181,,"Greenville-Anderson, SC"
1972,Pickens County,SC,201811,894.79,-0.0188,0.0331,"Greenville-Anderson, SC"
1972,Pickens County,SC,201812,898.9,0.0046,0.016,"Greenville-Anderson, SC"
1972,Pickens County,SC,201901,927.81,0.0322,0.0431,"Greenville-Anderson, SC"
1972,Pickens County,SC,201902,946.29,0.0199,0.0733,"Greenville-Anderson, SC"
1972,Pickens County,SC,201903,954.85,0.009,0.0958,"Greenville-Anderson, SC"
1972,Pickens County,SC,201904,960.12,0.0055,0.0821,"Greenville-Anderson, SC"
1972,Pickens County,SC,201905,956.56,-0.0037,0.0995,"Greenville-Anderson, SC"
1972,Pickens County,SC,201906,950.85,-0.006,0.078,"Greenville-Anderson, SC"
1972,Pickens County,SC,201907,954.16,0.0035,0.089,"Greenville-Anderson, SC"
1972,Pickens County,SC,201908,950.24,-0.0041,0.0297,"Greenville-Anderson, SC"
1972,Pickens County,SC,201909,956.02,0.0061,0.0294,"Greenville-Anderson, SC"
1972,Pickens County,SC,201910,952.25,-0.0039,0.0443,"Greenville-Anderson, SC"
1972,Pickens County,SC,201911,956.73,0.0047,0.0692,"Greenville-Anderson, SC"
1972,Pickens County,SC,201912,947.51,-0.0096,0.0541,"Greenville-Anderson, SC"
1972,Pickens County,SC,202001,954.03,0.0069,0.0283,"Greenville-Anderson, SC"
1972,Pickens County,SC,202002,970.46,0.0172,0.0255,"Greenville-Anderson, SC"
1972,Pickens County,SC,202003,985.1,0.0151,0.0317,"Greenville-Anderson, SC"
1972,Pickens County,SC,202004,999.94,0.0151,0.0415,"Greenville-Anderson, SC"
1972,Pickens County,SC,202005,988.01,-0.0119,0.0329,"Greenville-Anderson, SC"
1972,Pickens County,SC,202006,1000.61,0.0128,0.0523,"Greenville-Anderson, SC"
1972,Pickens County,SC,202007,981.9,-0.0187,0.0291,"Greenville-Anderson, SC"
1972,Pickens County,SC,202008,995.73,0.0141,0.0479,"Greenville-Anderson, SC"
1972,Pickens County,SC,202009,1000.12,0.0044,0.0461,"Greenville-Anderson, SC"
1972,Pickens County,SC,202010,1026.98,0.0269,0.0785,"Greenville-Anderson, SC"
1972,Pickens County,SC,202011,1037.66,0.0104,0.0846,"Greenville-Anderson, SC"
1972,Pickens County,SC,202012,1035.15,-0.0024,0.0925,"Greenville-Anderson, SC"
1972,Pickens County,SC,202101,1034.87,-0.0003,0.0847,"Greenville-Anderson, SC"
1972,Pickens County,SC,202102,1040.02,0.005,0.0717,"Greenville-Anderson, SC"
1972,Pickens County,SC,202103,1046.2,0.0059,0.062,"Greenville-Anderson, SC"
1972,Pickens County,SC,202104,1063.73,0.0168,0.0638,"Greenville-Anderson, SC"
1972,Pickens County,SC,202105,1065.08,0.0013,0.078,"Greenville-Anderson, SC"
1972,Pickens County,SC,202106,1076.07,0.0103,0.0754,"Greenville-Anderson, SC"
1972,Pickens County,SC,202107,1094.94,0.0175,0.1151,"Greenville-Anderson, SC"
1972,Pickens County,SC,202108,1132.43,0.0342,0.1373,"Greenville-Anderson, SC"
1972,Pickens County,SC,202109,1154.51,0.0195,0.1544,"Greenville-Anderson, SC"
1972,Pickens County,SC,202110,1166.65,0.0105,0.136,"Greenville-Anderson, SC"
1972,Pickens County,SC,202111,1178.48,0.0101,0.1357,"Greenville-Anderson, SC"
1972,Pickens County,SC,202112,1184.69,0.0053,0.1445,"Greenville-Anderson, SC"
1972,Pickens County,SC,202201,1187.47,0.0023,0.1475,"Greenville-Anderson, SC"
1972,Pickens County,SC,202202,1196.12,0.0073,0.1501,"Greenville-Anderson, SC"
1972,Pickens County,SC,202203,1217.06,0.0175,0.1633,"Greenville-Anderson, SC"
1972,Pickens County,SC,202204,1229.18,0.01,0.1555,"Greenville-Anderson, SC"
1972,Pickens County,SC,202205,1228.82,-0.0003,0.1537,"Greenville-Anderson, SC"
1972,Pickens County,SC,202206,1244.14,0.0125,0.1562,"Greenville-Anderson, SC"
1972,Pickens County,SC,202207,1265.7,0.0173,0.156,"Greenville-Anderson, SC"
1972,Pickens County,SC,202208,1268.09,0.0019,0.1198,"Greenville-Anderson, SC"
1972,Pickens County,SC,202209,1273.25,0.0041,0.1028,"Greenville-Anderson, SC"
1972,Pickens County,SC,202210,1235.59,-0.0296,0.0591,"Greenville-Anderson, SC"
1972,Pickens County,SC,202211,1242.59,0.0057,0.0544,"Greenville-Anderson, SC"
1972,Pickens County,SC,202212,1220.26,-0.018,0.03,"Greenville-Anderson, SC"
1972,Pickens County,SC,202301,1249.61,0.0241,0.0523,"Greenville-Anderson, SC"
1972,Pickens County,SC,202302,1275.65,0.0208,0.0665,"Greenville-Anderson, SC"
1972,Pickens County,SC,202303,1297.79,0.0174,0.0663,"Greenville-Anderson, SC"
1972,Pickens County,SC,202304,1303.14,0.0041,0.0602,"Greenville-Anderson, SC"
1972,Pickens County,SC,202305,1292.86,-0.0079,0.0521,"Greenville-Anderson, SC"
1972,Pickens County,SC,202306,1306.31,0.0104,0.05,"Greenville-Anderson, SC"
1972,Pickens County,SC,202307,1339.89,0.0257,0.0586,"Greenville-Anderson, SC"
1972,Pickens County,SC,202308,1360.2,0.0152,0.0726,"Greenville-Anderson, SC"
1972,Pickens County,SC,202309,1373.36,0.0097,0.0786,"Greenville-Anderson, SC"
1972,Pickens County,SC,202310,1367.53,-0.0042,0.1068,"Greenville-Anderson, SC"
1972,Pickens County,SC,202311,1366.42,-0.0008,0.0997,"Greenville-Anderson, SC"
1972,Pickens County,SC,202312,1358.35,-0.0059,0.1132,"Greenville-Anderson, SC"
1972,Pickens County,SC,202401,1358.05,-0.0002,0.0868,"Greenville-Anderson, SC"
1972,Pickens County,SC,202402,1348.69,-0.0069,0.0573,"Greenville-Anderson, SC"
1972,Pickens County,SC,202403,1358.55,0.0073,0.0468,"Greenville-Anderson, SC"
1972,Pickens County,SC,202404,1355.13,-0.0025,0.0399,"Greenville-Anderson, SC"
1972,Pickens County,SC,202405,1369.87,0.0109,0.0596,"Greenville-Anderson, SC"
1972,Pickens County,SC,202406,1375.94,0.0044,0.0533,"Greenville-Anderson, SC"
1972,Pickens County,SC,202407,1397.26,0.0155,0.0428,"Greenville-Anderson, SC"
1972,Pickens County,SC,202408,1397.88,0.0004,0.0277,"Greenville-Anderson, SC"
1972,Pickens County,SC,202409,1402.07,0.003,0.0209,"Greenville-Anderson, SC"
1972,Pickens County,SC,202410,1393.07,-0.0064,0.0187,"Greenville-Anderson, SC"
1972,Pickens County,SC,202411,1420.7,0.0198,0.0397,"Greenville-Anderson, SC"
1972,Pickens County,SC,202412,1436.19,0.0109,0.0573,"Greenville-Anderson, SC"
1972,Pickens County,SC,202501,1444.51,0.0058,0.0637,"Greenville-Anderson, SC"
1972,Pickens County,SC,202502,1436.64,-0.0055,0.0652,"Greenville-Anderson, SC"
1972,Pickens County,SC,202503,1429.92,-0.0047,0.0525,"Greenville-Anderson, SC"
1972,Pickens County,SC,202504,1429.15,-0.0005,0.0546,"Greenville-Anderson, SC"
1972,Pickens County,SC,202505,1413.71,-0.0108,0.032,"Greenville-Anderson, SC"
1972,Pickens County,SC,202506,1415.37,0.0012,0.0287,"Greenville-Anderson, SC"
1972,Pickens County,SC,202507,1430.64,0.0108,0.0239,"Greenville-Anderson, SC"
1972,Pickens County,SC,202508,1454.79,0.0169,0.0407,"Greenville-Anderson, SC"
1972,Pickens County,SC,202509,1453.96,-0.0006,0.037,"Greenville-Anderson, SC"
1972,Pickens County,SC,202510,1458.44,0.0031,0.0469,"Greenville-Anderson, SC"
1972,Pickens County,SC,202511,1451.69,-0.0046,0.0218,"Greenville-Anderson, SC"
1972,Pickens County,SC,202512,1479.17,0.0189,0.0299,"Greenville-Anderson, SC"
1972,Pickens County,SC,202601,1489.63,0.0071,0.0312,"Greenville-Anderson, SC"
1972,Pickens County,SC,202602,1494.52,0.0033,0.0403,"Greenville-Anderson, SC"
1972,Pickens County,SC,202603,1485.05,-0.0063,0.0386,"Greenville-Anderson, SC"
1972,Pickens County,SC,202604,1473.44,-0.0078,0.031,"Greenville-Anderson, SC"
1972,Pickens County,SC,202605,1467.75,-0.0039,0.0382,"Greenville-Anderson, SC"
1972,Pickens County,SC,202606,1464.21,-0.0024,0.0345,"Greenville-Anderson, SC"
1972,Pickens County,SC,202607,1464.33,0.0001,0.0235,"Greenville-Anderson, SC"
1972,Pickens County,SC,202608,1498.86,0.0236,0.0303,"Greenville-Anderson, SC"
2122,Anderson County,SC,201606,741.24,,,"Greenville-Anderson, SC"
2122,Anderson County,SC,201607,739.64,-0.0022,,"Greenville-Anderson, SC"
2122,Anderson County,SC,201608,757.76,0.0245,,"Greenville-Anderson, SC"
2122,Anderson County,SC,201609,768.71,0.0144,,"Greenville-Anderson, SC"
2122,Anderson County,SC,201610,777.5,0.0114,,"Greenville-Anderson, SC"
2122,Anderson County,SC,201611,764.58,-0.0166,,"Greenville-Anderson, SC"
2122,Anderson County,SC,201612,768.77,0.0055,,"Greenville-Anderson, SC"
2122,Anderson County,SC,201701,768.95,0.0002,,"Greenville-Anderson, SC"
2122,Anderson County,SC,201702,772.89,0.0051,,"Greenville-Anderson, SC"
2122,Anderson County,SC,201703,769.02,-0.005,,"Greenville-Anderson, SC"
2122,Anderson County,SC,201704,769.3,0.0004,,"Greenville-Anderson, SC"
2122,Anderson County,SC,201705,770.38,0.0014,,"Greenville-Anderson, SC"
2122,Anderson County,SC,201706,765.95,-0.0058,0.0333,"Greenville-Anderson, SC"
2122,Anderson County,SC,201707,772.42,0.0084,0.0443,"Greenville-Anderson, SC"
2122,Anderson County,SC,201708,781.11,0.0112,0.0308,"Greenville-Anderson, SC"
2122,Anderson County,SC,201709,790.35,0.0118,0.0282,"Greenville-Anderson, SC"
2122,Anderson County,SC,201710,786.14,-0.0053,0.0111,"Greenville-Anderson, SC"
2122,Anderson County,SC,201711,780.45,-0.0072,0.0208,"Greenville-Anderson, SC"
2122,Anderson County,SC,201712,792.31,0.0152,0.0306,"Greenville-Anderson, SC"
2122,Anderson County,SC,201801,787.38,-0.0062,0.024,"Greenville-Anderson, SC"
2122,Anderson County,SC,201802,799.91,0.0159,0.035,"Greenville-Anderson, SC"
2122,Anderson County,SC,201803,789.78,-0.0127,0.027,"Greenville-Anderson, SC"
2122,Anderson County,SC,201804,809.68,0.0252,0.0525,"Greenville-Anderson, SC"
2122,Anderson County,SC,201805,810.71,0.0013,0.0523,"Greenville-Anderson, SC"
2122,Anderson County,SC,201806,822.38,0.0144,0.0737,"Greenville-Anderson, SC"
2122,Anderson County,SC,201807,822.56,0.0002,0.0649,"Greenville-Anderson, SC"
2122,Anderson County,SC,201808,819.03,-0.0043,0.0485,"Greenville-Anderson, SC"
2122,Anderson County,SC,201809,827.74,0.0106,0.0473,"Greenville-Anderson, SC"
2122,Anderson County,SC,201810,834.59,0.0083,0.0616,"Greenville-Anderson, SC"
2122,Anderson County,SC,201811,844.14,0.0114,0.0816,"Greenville-Anderson, SC"
2122,Anderson County,SC,201812,837.98,-0.0073,0.0576,"Greenville-Anderson, SC"
2122,Anderson County,SC,201901,839.4,0.0017,0.0661,"Greenville-Anderson, SC"
2122,Anderson County,SC,201902,841.64,0.0027,0.0522,"Greenville-Anderson, SC"
2122,Anderson County,SC,201903,843.96,0.0028,0.0686,"Greenville-Anderson, SC"
2122,Anderson County,SC,201904,844.76,0.001,0.0433,"Greenville-Anderson, SC"
2122,Anderson County,SC,201905,849.19,0.0052,0.0475,"Greenville-Anderson, SC"
2122,Anderson County,SC,201906,857.94,0.0103,0.0432,"Greenville-Anderson, SC"
2122,Anderson County,SC,201907,866.81,0.0103,0.0538,"Greenville-Anderson, SC"
2122,Anderson County,SC,201908,863.9,-0.0034,0.0548,"Greenville-Anderson, SC"
2122,Anderson County,SC,201909,855.16,-0.0101,0.0331,"Greenville-Anderson, SC"
2122,Anderson County,SC,201910,845.15,-0.0117,0.0126,"Greenville-Anderson, SC"
2122,Anderson County,SC,201911,847.21,0.0024,0.0036,"Greenville-Anderson, SC"
2122,Anderson County,SC,201912,853.67,0.0076,0.0187,"Greenville-Anderson, SC"
2122,Anderson County,SC,202001,866.14,0.0146,0.0319,"Greenville-Anderson, SC"
2122,Anderson County,SC,202002,869.36,0.0037,0.0329,"Greenville-Anderson, SC"
2122,Anderson County,SC,202003,878.36,0.0103,0.0408,"Greenville-Anderson, SC"
2122,Anderson County,SC,202004,883.83,0.0062,0.0462,"Greenville-Anderson, SC"
2122,Anderson County,SC,202005,888.12,0.0049,0.0458,"Greenville-Anderson, SC"
2122,Anderson County,SC,202006,899.24,0.0125,0.0481,"Greenville-Anderson, SC"
2122,Anderson County,SC,202007,901.76,0.0028,0.0403,"Greenville-Anderson, SC"
2122,Anderson County,SC,202008,922.23,0.0227,0.0675,"Greenville-Anderson, SC"
2122,Anderson County,SC,202009,919.91,-0.0025,0.0757,"Greenville-Anderson, SC"
2122,Anderson County,SC,202010,928.18,0.009,0.0982,"Greenville-Anderson, SC"
2122,Anderson County,SC,202011,912.05,-0.0174,0.0765,"Greenville-Anderson, SC"
2122,Anderson County,SC,202012,912.75,0.0008,0.0692,"Greenville-Anderson, SC"
2122,Anderson County,SC,202101,915.76,0.0033,0.0573,"Greenville-Anderson, SC"
2122,Anderson County,SC,202102,925.65,0.0108,0.0647,"Greenville-Anderson, SC"
2122,Anderson County,SC,202103,947.1,0.0232,0.0783,"Greenville-Anderson, SC"
2122,Anderson County,SC,202104,958.16,0.0117,0.0841,"Greenville-Anderson, SC"
2122,Anderson County,SC,202105,984.18,0.0272,0.1082,"Greenville-Anderson, SC"
2122,Anderson County,SC,202106,988.55,0.0044,0.0993,"Greenville-Anderson, SC"
2122,Anderson County,SC,202107,1002.86,0.0145,0.1121,"Greenville-Anderson, SC"
2122,Anderson County,SC,202108,1013.36,0.0105,0.0988,"Greenville-Anderson, SC"
2122,Anderson County,SC,202109,1016.03,0.0026,0.1045,"Greenville-Anderson, SC"
2122,Anderson County,SC,202110,1043.47,0.027,0.1242,"Greenville-Anderson, SC"
2122,Anderson County,SC,202111,1070.51,0.0259,0.1737,"Greenville-Anderson, SC"
2122,Anderson County,SC,202112,1093.12,0.0211,0.1976,"Greenville-Anderson, SC"
2122,Anderson County,SC,202201,1093.83,0.0006,0.1944,"Greenville-Anderson, SC"
2122,Anderson County,SC,202202,1087.25,-0.006,0.1746,"Greenville-Anderson, SC"
2122,Anderson County,SC,202203,1099.74,0.0115,0.1612,"Greenville-Anderson, SC"
2122,Anderson County,SC,202204,1104.35,0.0042,0.1526,"Greenville-Anderson, SC"
2122,Anderson County,SC,202205,1123.53,0.0174,0.1416,"Greenville-Anderson, SC"
2122,Anderson County,SC,202206,1139.31,0.014,0.1525,"Greenville-Anderson, SC"
2122,Anderson County,SC,202207,1160.05,0.0182,0.1567,"Greenville-Anderson, SC"
2122,Anderson County,SC,202208,1164.49,0.0038,0.1491,"Greenville-Anderson, SC"
2122,Anderson County,SC,202209,1161.16,-0.0029,0.1428,"Greenville-Anderson, SC"
2122,Anderson County,SC,202210,1154.66,-0.0056,0.1066,"Greenville-Anderson, SC"
2122,Anderson County,SC,202211,1132.03,-0.0196,0.0575,"Greenville-Anderson, SC"
2122,Anderson County,SC,202212,1140.48,0.0075,0.0433,"Greenville-Anderson, SC"
2122,Anderson County,SC,202301,1139.91,-0.0005,0.0421,"Greenville-Anderson, SC"
2122,Anderson County,SC,202302,1156.88,0.0149,0.064,"Greenville-Anderson, SC"
2122,Anderson County,SC,202303,1159.33,0.0021,0.0542,"Greenville-Anderson, SC"
2122,Anderson County,SC,202304,1174.33,0.0129,0.0634,"Greenville-Anderson, SC"
2122,Anderson County,SC,202305,1186.7,0.0105,0.0562,"Greenville-Anderson, SC"
2122,Anderson County,SC,202306,1184.64,-0.0017,0.0398,"Greenville-Anderson, SC"
2122,Anderson County,SC,202307,1185.29,0.0005,0.0218,"Greenville-Anderson, SC"
2122,Anderson County,SC,202308,1205.01,0.0166,0.0348,"Greenville-Anderson, SC"
2122,Anderson County,SC,202309,1231.91,0.0223,0.0609,"Greenville-Anderson, SC"
2122,Anderson County,SC,202310,1234.04,0.0017,0.0687,"Greenville-Anderson, SC"
2122,Anderson County,SC,202311,1235.2,0.0009,0.0911,"Greenville-Anderson, SC"
2122,Anderson County,SC,202312,1236.35,0.0009,0.0841,"Greenville-Anderson, SC"
2122,Anderson County,SC,202401,1248.18,0.0096,0.095,"Greenville-Anderson, SC"
2122,Anderson County,SC,202402,1243.05,-0.0041,0.0745,"Greenville-Anderson, SC"
2122,Anderson County,SC,202403,1244.86,0.0015,0.0738,"Greenville-Anderson, SC"
2122,Anderson County,SC,202404,1256.32,0.0092,0.0698,"Greenville-Anderson, SC"
2122,Anderson County,SC,202405,1271.19,0.0118,0.0712,"Greenville-Anderson, SC"
2122,Anderson County,SC,202406,1289.84,0.0147,0.0888,"Greenville-Anderson, SC"
2122,Anderson County,SC,202407,1290.56,0.0006,0.0888,"Greenville-Anderson, SC"
2122,Anderson County,SC,202408,1286.72,-0.003,0.0678,"Greenville-Anderson, SC"
2122,Anderson County,SC,202409,1267.01,-0.0153,0.0285,"Greenville-Anderson, SC"
2122,Anderson County,SC,202410,1264.75,-0.0018,0.0249,"Greenville-Anderson, SC"
2122,Anderson County,SC,202411,1266.92,0.0017,0.0257,"Greenville-Anderson, SC"
2122,Anderson County,SC,202412,1285.31,0.0145,0.0396,"Greenville-Anderson, SC"
2122,Anderson County,SC,202501,1293.11,0.0061,0.036,"Greenville-Anderson, SC"
2122,Anderson County,SC,202502,1299.97,0.0053,0.0458,"Greenville-Anderson, SC"
2122,Anderson County,SC,202503,1294.27,-0.0044,0.0397,"Greenville-Anderson, SC"
2122,Anderson County,SC,202504,1294.57,0.0002,0.0304,"Greenville-Anderson, SC"
2122,Anderson County,SC,202505,1306.53,0.0092,0.0278,"Greenville-Anderson, SC"
2122,Anderson County,SC,202506,1305.69,-0.0006,0.0123,"Greenville-Anderson, SC"
2122,Anderson County,SC,202507,1315.75,0.0077,0.0195,"Greenville-Anderson, SC"
2122,Anderson County,SC,202508,1308.38,-0.0056,0.0168,"Greenville-Anderson, SC"
2122,Anderson County,SC,202509,1317.74,0.0072,0.04,"Greenville-Anderson, SC"
2122,Anderson County,SC,202510,1309.4,-0.0063,0.0353,"Greenville-Anderson, SC"
2122,Anderson County,SC,202511,1314.85,0.0042,0.0378,"Greenville-Anderson, SC"
2122,Anderson County,SC,202512,1316.59,0.0013,0.0243,"Greenville-Anderson, SC"
2122,Anderson County,SC,202601,1328.0,0.0087,0.027,"Greenville-Anderson, SC"
2122,Anderson County,SC,202602,1336.61,0.0065,0.0282,"Greenville-Anderson, SC"
2122,Anderson County,SC,202603,1343.82,0.0054,0.0383,"Greenville-Anderson, SC"
2122,Anderson County,SC,202604,1339.4,-0.0033,0.0346,"Greenville-Anderson, SC"
2122,Anderson County,SC,202605,1336.02,-0.0025,0.0226,"Greenville-Anderson, SC"
2122,Anderson County,SC,202606,1334.07,-0.0015,0.0217,"Greenville-Anderson, SC"
2122,Anderson County,SC,202607,1348.64,0.0109,0.025,"Greenville-Anderson, SC"
2122,Anderson County,SC,202608,1355.01,0.0047,0.0356,"Greenville-Anderson, SC"
2138,Beaufort County,SC,201501,1024.31,,,"Hilton Head Island-Bluffton, SC"
2138,Beaufort County,SC,201502,1022.69,-0.0016,,"Hilton Head Island-Bluffton, SC"
2138,Beaufort County,SC,201503,1036.28,0.0133,,"Hilton Head Island-Bluffton, SC"
2138,Beaufort County,SC,201504,1045.94,0.0093,,"Hilton Head Island-Bluffton, SC"
2138,Beaufort County,SC,201505,1064.93,0.0181,,"Hilton Head Island-Bluffton, SC"
2138,Beaufort County,SC,201506,1068.9,0.0037,,"Hilton Head Island-Bluffton, SC"
2138,Beaufort County,SC,201507,1075.9,0.0065,,"Hilton Head Island-Bluffton, SC"
2138,Beaufort County,SC,201508,1065.81,-0.0094,,"Hilton Head Island-Bluffton, SC"
2138,Beaufort County,SC,201509,1070.72,0.0046,,"Hilton Head Island-Bluffton, SC"
2138,Beaufort County,SC,201510,1068.5,-0.0021,,"Hilton Head Island-Bluffton, SC"
2138,Beaufort County,SC,201511,1080.78,0.0115,,"Hilton Head Island-Bluffton, SC"
2138,Beaufort County,SC,201512,1081.3,0.0005,,"Hilton Head Island-Bluffton, SC"
2138,Beaufort County,SC,201601,1075.3,-0.0055,0.0498,"Hilton Head Island-Bluffton, SC"
2138,Beaufort County,SC,201602,1068.33,-0.0065,0.0446,"Hilton Head Island-Bluffton, SC"
2138,Beaufort County,SC,201603,1072.41,0.0038,0.0349,"Hilton Head Island-Bluffton, SC"
2138,Beaufort County,SC,201604,1087.13,0.0137,0.0394,"Hilton Head Island-Bluffton, SC"
2138,Beaufort County,SC,201605,1103.57,0.0151,0.0363,"Hilton Head Island-Bluffton, SC"
2138,Beaufort County,SC,201606,1121.97,0.0167,0.0496,"Hilton Head Island-Bluffton, SC"
2138,Beaufort County,SC,201607,1133.13,0.01,0.0532,"Hilton Head Island-Bluffton, SC"
2138,Beaufort County,SC,201608,1133.29,0.0001,0.0633,"Hilton Head Island-Bluffton, SC"
2138,Beaufort County,SC,201609,1128.42,-0.0043,0.0539,"Hilton Head Island-Bluffton, SC"
2138,Beaufort County,SC,201610,1127.34,-0.001,0.0551,"Hilton Head Island-Bluffton, SC"
2138,Beaufort County,SC,201611,1129.39,0.0018,0.045,"Hilton Head Island-Bluffton, SC"
2138,Beaufort County,SC,201612,1128.94,-0.0004,0.0441,"Hilton Head Island-Bluffton, SC"
2138,Beaufort County,SC,201701,1136.24,0.0065,0.0567,"Hilton Head Island-Bluffton, SC"
2138,Beaufort County,SC,201702,1142.24,0.0053,0.0692,"Hilton Head Island-Bluffton, SC"
2138,Beaufort County,SC,201703,1157.61,0.0135,0.0794,"Hilton Head Island-Bluffton, SC"
2138,Beaufort County,SC,201704,1165.53,0.0068,0.0721,"Hilton Head Island-Bluffton, SC"
2138,Beaufort County,SC,201705,1178.11,0.0108,0.0675,"Hilton Head Island-Bluffton, SC"
2138,Beaufort County,SC,201706,1179.06,0.0008,0.0509,"Hilton Head Island-Bluffton, SC"
2138,Beaufort County,SC,201707,1179.34,0.0002,0.0408,"Hilton Head Island-Bluffton, SC"
2138,Beaufort County,SC,201708,1175.5,-0.0033,0.0372,"Hilton Head Island-Bluffton, SC"
2138,Beaufort County,SC,201709,1176.48,0.0008,0.0426,"Hilton Head Island-Bluffton, SC"
2138,Beaufort County,SC,201710,1179.25,0.0024,0.0461,"Hilton Head Island-Bluffton, SC"
2138,Beaufort County,SC,201711,1194.72,0.0131,0.0578,"Hilton Head Island-Bluffton, SC"
2138,Beaufort County,SC,201712,1201.51,0.0057,0.0643,"Hilton Head Island-Bluffton, SC"
2138,Beaufort County,SC,201801,1211.43,0.0083,0.0662,"Hilton Head Island-Bluffton, SC"
2138,Beaufort County,SC,201802,1215.43,0.0033,0.0641,"Hilton Head Island-Bluffton, SC"
2138,Beaufort County,SC,201803,1226.8,0.0094,0.0598,"Hilton Head Island-Bluffton, SC"
2138,Beaufort County,SC,201804,1226.78,-0.0,0.0525,"Hilton Head Island-Bluffton, SC"
2138,Beaufort County,SC,201805,1234.81,0.0065,0.0481,"Hilton Head Island-Bluffton, SC"
2138,Beaufort County,SC,201806,1242.56,0.0063,0.0539,"Hilton Head Island-Bluffton, SC"
2138,Beaufort County,SC,201807,1253.54,0.0088,0.0629,"Hilton Head Island-Bluffton, SC"
2138,Beaufort County,SC,201808,1243.85,-0.0077,0.0581,"Hilton Head Island-Bluffton, SC"
2138,Beaufort County,SC,201809,1233.5,-0.0083,0.0485,"Hilton Head Island-Bluffton, SC"
2138,Beaufort County,SC,201810,1225.58,-0.0064,0.0393,"Hilton Head Island-Bluffton, SC"
2138,Beaufort County,SC,201811,1235.03,0.0077,0.0337,"Hilton Head Island-Bluffton, SC"
2138,Beaufort County,SC,201812,1240.71,0.0046,0.0326,"Hilton Head Island-Bluffton, SC"
2138,Beaufort County,SC,201901,1249.44,0.007,0.0314,"Hilton Head Island-Bluffton, SC"
2138,Beaufort County,SC,201902,1252.91,0.0028,0.0308,"Hilton Head Island-Bluffton, SC"
2138,Beaufort County,SC,201903,1268.2,0.0122,0.0338,"Hilton Head Island-Bluffton, SC"
2138,Beaufort County,SC,201904,1284.55,0.0129,0.0471,"Hilton Head Island-Bluffton, SC"
2138,Beaufort County,SC,201905,1293.77,0.0072,0.0477,"Hilton Head Island-Bluffton, SC"
2138,Beaufort County,SC,201906,1296.7,0.0023,0.0436,"Hilton Head Island-Bluffton, SC"
2138,Beaufort County,SC,201907,1300.84,0.0032,0.0377,"Hilton Head Island-Bluffton, SC"
2138,Beaufort County,SC,201908,1299.33,-0.0012,0.0446,"Hilton Head Island-Bluffton, SC"
2138,Beaufort County,SC,201909,1299.24,-0.0001,0.0533,"Hilton Head Island-Bluffton, SC"
2138,Beaufort County,SC,201910,1285.33,-0.0107,0.0487,"Hilton Head Island-Bluffton, SC"
2138,Beaufort County,SC,201911,1284.63,-0.0005,0.0402,"Hilton Head Island-Bluffton, SC"
2138,Beaufort County,SC,201912,1283.13,-0.0012,0.0342,"Hilton Head Island-Bluffton, SC"
2138,Beaufort County,SC,202001,1292.34,0.0072,0.0343,"Hilton Head Island-Bluffton, SC"
2138,Beaufort County,SC,202002,1299.14,0.0053,0.0369,"Hilton Head Island-Bluffton, SC"
2138,Beaufort County,SC,202003,1293.72,-0.0042,0.0201,"Hilton Head Island-Bluffton, SC"
2138,Beaufort County,SC,202004,1299.88,0.0048,0.0119,"Hilton Head Island-Bluffton, SC"
2138,Beaufort County,SC,202005,1304.05,0.0032,0.0079,"Hilton Head Island-Bluffton, SC"
2138,Beaufort County,SC,202006,1321.04,0.013,0.0188,"Hilton Head Island-Bluffton, SC"
2138,Beaufort County,SC,202007,1330.33,0.007,0.0227,"Hilton Head Island-Bluffton, SC"
2138,Beaufort County,SC,202008,1350.6,0.0152,0.0395,"Hilton Head Island-Bluffton, SC"
2138,Beaufort County,SC,202009,1359.43,0.0065,0.0463,"Hilton Head Island-Bluffton, SC"
2138,Beaufort County,SC,202010,1364.58,0.0038,0.0617,"Hilton Head Island-Bluffton, SC"
2138,Beaufort County,SC,202011,1367.16,0.0019,0.0642,"Hilton Head Island-Bluffton, SC"
2138,Beaufort County,SC,202012,1380.36,0.0097,0.0758,"Hilton Head Island-Bluffton, SC"
2138,Beaufort County,SC,202101,1392.74,0.009,0.0777,"Hilton Head Island-Bluffton, SC"
2138,Beaufort County,SC,202102,1395.86,0.0022,0.0744,"Hilton Head Island-Bluffton, SC"
2138,Beaufort County,SC,202103,1399.17,0.0024,0.0815,"Hilton Head Island-Bluffton, SC"
2138,Beaufort County,SC,202104,1410.08,0.0078,0.0848,"Hilton Head Island-Bluffton, SC"
2138,Beaufort County,SC,202105,1433.0,0.0163,0.0989,"Hilton Head Island-Bluffton, SC"
2138,Beaufort County,SC,202106,1479.39,0.0324,0.1199,"Hilton Head Island-Bluffton, SC"
2138,Beaufort County,SC,202107,1522.04,0.0288,0.1441,"Hilton Head Island-Bluffton, SC"
2138,Beaufort County,SC,202108,1567.99,0.0302,0.161,"Hilton Head Island-Bluffton, SC"
2138,Beaufort County,SC,202109,1611.96,0.028,0.1858,"Hilton Head Island-Bluffton, SC"
2138,Beaufort County,SC,202110,1653.72,0.0259,0.2119,"Hilton Head Island-Bluffton, SC"
2138,Beaufort County,SC,202111,1690.87,0.0225,0.2368,"Hilton Head Island-Bluffton, SC"
2138,Beaufort County,SC,202112,1697.14,0.0037,0.2295,"Hilton Head Island-Bluffton, SC"
2138,Beaufort County,SC,202201,1729.75,0.0192,0.242,"Hilton Head Island-Bluffton, SC"
2138,Beaufort County,SC,202202,1739.35,0.0055,0.2461,"Hilton Head Island-Bluffton, SC"
2138,Beaufort County,SC,202203,1779.73,0.0232,0.272,"Hilton Head Island-Bluffton, SC"
2138,Beaufort County,SC,202204,1796.8,0.0096,0.2743,"Hilton Head Island-Bluffton, SC"
2138,Beaufort County,SC,202205,1825.13,0.0158,0.2736,"Hilton Head Island-Bluffton, SC"
2138,Beaufort County,SC,202206,1831.95,0.0037,0.2383,"Hilton Head Island-Bluffton, SC"
2138,Beaufort County,SC,202207,1858.3,0.0144,0.2209,"Hilton Head Island-Bluffton, SC"
2138,Beaufort County,SC,202208,1864.98,0.0036,0.1894,"Hilton Head Island-Bluffton, SC"
2138,Beaufort County,SC,202209,1902.28,0.02,0.1801,"Hilton Head Island-Bluffton, SC"
2138,Beaufort County,SC,202210,1882.17,-0.0106,0.1381,"Hilton Head Island-Bluffton, SC"
2138,Beaufort County,SC,202211,1882.59,0.0002,0.1134,"Hilton Head Island-Bluffton, SC"
2138,Beaufort County,SC,202212,1849.4,-0.0176,0.0897,"Hilton Head Island-Bluffton, SC"
2138,Beaufort County,SC,202301,1858.97,0.0052,0.0747,"Hilton Head Island-Bluffton, SC"
2138,Beaufort County,SC,202302,1874.18,0.0082,0.0775,"Hilton Head Island-Bluffton, SC"
2138,Beaufort County,SC,202303,1899.77,0.0137,0.0674,"Hilton Head Island-Bluffton, SC"
2138,Beaufort County,SC,202304,1919.59,0.0104,0.0683,"Hilton Head Island-Bluffton, SC"
2138,Beaufort County,SC,202305,1938.13,0.0097,0.0619,"Hilton Head Island-Bluffton, SC"
2138,Beaufort County,SC,202306,1940.16,0.001,0.0591,"Hilton Head Island-Bluffton, SC"
2138,Beaufort County,SC,202307,1940.87,0.0004,0.0444,"Hilton Head Island-Bluffton, SC"
2138,Beaufort County,SC,202308,1955.61,0.0076,0.0486,"Hilton Head Island-Bluffton, SC"
2138,Beaufort County,SC,202309,1954.17,-0.0007,0.0273,"Hilton Head Island-Bluffton, SC"
2138,Beaufort County,SC,202310,1951.64,-0.0013,0.0369,"Hilton Head Island-Bluffton, SC"
2138,Beaufort County,SC,202311,1914.43,-0.0191,0.0169,"Hilton Head Island-Bluffton, SC"
2138,Beaufort County,SC,202312,1918.51,0.0021,0.0374,"Hilton Head Island-Bluffton, SC"
2138,Beaufort County,SC,202401,1915.96,-0.0013,0.0307,"Hilton Head Island-Bluffton, SC"
2138,Beaufort County,SC,202402,1945.16,0.0152,0.0379,"Hilton Head Island-Bluffton, SC"
2138,Beaufort County,SC,202403,1949.56,0.0023,0.0262,"Hilton Head Island-Bluffton, SC"
2138,Beaufort County,SC,202404,1966.11,0.0085,0.0242,"Hilton Head Island-Bluffton, SC"
2138,Beaufort County,SC,202405,1971.3,0.0026,0.0171,"Hilton Head Island-Bluffton, SC"
2138,Beaufort County,SC,202406,1986.5,0.0077,0.0239,"Hilton Head Island-Bluffton, SC"
2138,Beaufort County,SC,202407,1990.13,0.0018,0.0254,"Hilton Head Island-Bluffton, SC"
2138,Beaufort County,SC,202408,1983.22,-0.0035,0.0141,"Hilton Head Island-Bluffton, SC"
2138,Beaufort County,SC,202409,1973.2,-0.0051,0.0097,"Hilton Head Island-Bluffton, SC"
2138,Beaufort County,SC,202410,1969.01,-0.0021,0.0089,"Hilton Head Island-Bluffton, SC"
2138,Beaufort County,SC,202411,1977.52,0.0043,0.033,"Hilton Head Island-Bluffton, SC"
2138,Beaufort County,SC,202412,1967.73,-0.005,0.0257,"Hilton Head Island-Bluffton, SC"
2138,Beaufort County,SC,202501,1969.13,0.0007,0.0278,"Hilton Head Island-Bluffton, SC"
2138,Beaufort County,SC,202502,1950.34,-0.0095,0.0027,"Hilton Head Island-Bluffton, SC"
2138,Beaufort County,SC,202503,1954.9,0.0023,0.0027,"Hilton Head Island-Bluffton, SC"
2138,Beaufort County,SC,202504,1952.51,-0.0012,-0.0069,"Hilton Head Island-Bluffton, SC"
2138,Beaufort County,SC,202505,1979.78,0.014,0.0043,"Hilton Head Island-Bluffton, SC"
2138,Beaufort County,SC,202506,2000.77,0.0106,0.0072,"Hilton Head Island-Bluffton, SC"
2138,Beaufort County,SC,202507,2007.3,0.0033,0.0086,"Hilton Head Island-Bluffton, SC"
2138,Beaufort County,SC,202508,1989.98,-0.0086,0.0034,"Hilton Head Island-Bluffton, SC"
2138,Beaufort County,SC,202509,1973.62,-0.0082,0.0002,"Hilton Head Island-Bluffton, SC"
2138,Beaufort County,SC,202510,1973.2,-0.0002,0.0021,"Hilton Head Island-Bluffton, SC"
2138,Beaufort County,SC,202511,1976.51,0.0017,-0.0005,"Hilton Head Island-Bluffton, SC"
2138,Beaufort County,SC,202512,1975.26,-0.0006,0.0038,"Hilton Head Island-Bluffton, SC"
2138,Beaufort County,SC,202601,1972.19,-0.0016,0.0016,"Hilton Head Island-Bluffton, SC"
2138,Beaufort County,SC,202602,1980.22,0.0041,0.0153,"Hilton Head Island-Bluffton, SC"
2138,Beaufort County,SC,202603,1999.05,0.0095,0.0226,"Hilton Head Island-Bluffton, SC"
2138,Beaufort County,SC,202604,2021.66,0.0113,0.0354,"Hilton Head Island-Bluffton, SC"
2138,Beaufort County,SC,202605,2021.75,0.0,0.0212,"Hilton Head Island-Bluffton, SC"
2138,Beaufort County,SC,202606,2026.23,0.0022,0.0127,"Hilton Head Island-Bluffton, SC"
2138,Beaufort County,SC,202607,2013.14,-0.0065,0.0029,"Hilton Head Island-Bluffton, SC"
2138,Beaufort County,SC,202608,2009.44,-0.0018,0.0098,"Hilton Head Island-Bluffton, SC"
2141,Berkeley County,SC,201501,1102.73,,,"Charleston-North Charleston, SC"
2141,Berkeley County,SC,201502,1108.56,0.0053,,"Charleston-North Charleston, SC"
2141,Berkeley County,SC,201503,1114.56,0.0054,,"Charleston-North Charleston, SC"
2141,Berkeley County,SC,201504,1107.26,-0.0066,,"Charleston-North Charleston, SC"
2141,Berkeley County,SC,201505,1112.46,0.0047,,"Charleston-North Charleston, SC"
2141,Berkeley County,SC,201506,1116.82,0.0039,,"Charleston-North Charleston, SC"
2141,Berkeley County,SC,201507,1131.48,0.0131,,"Charleston-North Charleston, SC"
2141,Berkeley County,SC,201508,1132.63,0.001,,"Charleston-North Charleston, SC"
2141,Berkeley County,SC,201509,1139.91,0.0064,,"Charleston-North Charleston, SC"
2141,Berkeley County,SC,201510,1135.41,-0.0039,,"Charleston-North Charleston, SC"
2141,Berkeley County,SC,201511,1141.71,0.0055,,"Charleston-North Charleston, SC"
2141,Berkeley County,SC,201512,1142.52,0.0007,,"Charleston-North Charleston, SC"
2141,Berkeley County,SC,201601,1141.31,-0.0011,0.035,"Charleston-North Charleston, SC"
2141,Berkeley County,SC,201602,1143.47,0.0019,0.0315,"Charleston-North Charleston, SC"
2141,Berkeley County,SC,201603,1146.76,0.0029,0.0289,"Charleston-North Charleston, SC"
2141,Berkeley County,SC,201604,1157.02,0.0089,0.0449,"Charleston-North Charleston, SC"
2141,Berkeley County,SC,201605,1164.02,0.006,0.0463,"Charleston-North Charleston, SC"
2141,Berkeley County,SC,201606,1174.48,0.009,0.0516,"Charleston-North Charleston, SC"
2141,Berkeley County,SC,201607,1181.71,0.0062,0.0444,"Charleston-North Charleston, SC"
2141,Berkeley County,SC,201608,1186.8,0.0043,0.0478,"Charleston-North Charleston, SC"
2141,Berkeley County,SC,201609,1191.55,0.004,0.0453,"Charleston-North Charleston, SC"
2141,Berkeley County,SC,201610,1195.88,0.0036,0.0533,"Charleston-North Charleston, SC"
2141,Berkeley County,SC,201611,1197.91,0.0017,0.0492,"Charleston-North Charleston, SC"
2141,Berkeley County,SC,201612,1187.67,-0.0085,0.0395,"Charleston-North Charleston, SC"
2141,Berkeley County,SC,201701,1188.48,0.0007,0.0413,"Charleston-North Charleston, SC"
2141,Berkeley County,SC,201702,1188.62,0.0001,0.0395,"Charleston-North Charleston, SC"
2141,Berkeley County,SC,201703,1204.2,0.0131,0.0501,"Charleston-North Charleston, SC"
2141,Berkeley County,SC,201704,1210.43,0.0052,0.0462,"Charleston-North Charleston, SC"
2141,Berkeley County,SC,201705,1221.3,0.009,0.0492,"Charleston-North Charleston, SC"
2141,Berkeley County,SC,201706,1227.75,0.0053,0.0454,"Charleston-North Charleston, SC"
2141,Berkeley County,SC,201707,1242.42,0.012,0.0514,"Charleston-North Charleston, SC"
2141,Berkeley County,SC,201708,1247.5,0.0041,0.0511,"Charleston-North Charleston, SC"
2141,Berkeley County,SC,201709,1251.62,0.0033,0.0504,"Charleston-North Charleston, SC"
2141,Berkeley County,SC,201710,1239.48,-0.0097,0.0365,"Charleston-North Charleston, SC"
2141,Berkeley County,SC,201711,1237.83,-0.0013,0.0333,"Charleston-North Charleston, SC"
2141,Berkeley County,SC,201712,1237.8,-0.0,0.0422,"Charleston-North Charleston, SC"
2141,Berkeley County,SC,201801,1239.32,0.0012,0.0428,"Charleston-North Charleston, SC"
2141,Berkeley County,SC,201802,1244.85,0.0045,0.0473,"Charleston-North Charleston, SC"
2141,Berkeley County,SC,201803,1248.22,0.0027,0.0366,"Charleston-North Charleston, SC"
2141,Berkeley County,SC,201804,1260.66,0.01,0.0415,"Charleston-North Charleston, SC"
2141,Berkeley County,SC,201805,1268.04,0.0059,0.0383,"Charleston-North Charleston, SC"
2141,Berkeley County,SC,201806,1275.11,0.0056,0.0386,"Charleston-North Charleston, SC"
2141,Berkeley County,SC,201807,1280.58,0.0043,0.0307,"Charleston-North Charleston, SC"
2141,Berkeley County,SC,201808,1282.94,0.0018,0.0284,"Charleston-North Charleston, SC"
2141,Berkeley County,SC,201809,1288.05,0.004,0.0291,"Charleston-North Charleston, SC"
2141,Berkeley County,SC,201810,1300.69,0.0098,0.0494,"Charleston-North Charleston, SC"
2141,Berkeley County,SC,201811,1305.79,0.0039,0.0549,"Charleston-North Charleston, SC"
2141,Berkeley County,SC,201812,1294.22,-0.0089,0.0456,"Charleston-North Charleston, SC"
2141,Berkeley County,SC,201901,1285.82,-0.0065,0.0375,"Charleston-North Charleston, SC"
2141,Berkeley County,SC,201902,1287.18,0.0011,0.034,"Charleston-North Charleston, SC"
2141,Berkeley County,SC,201903,1309.47,0.0173,0.0491,"Charleston-North Charleston, SC"
2141,Berkeley County,SC,201904,1317.72,0.0063,0.0453,"Charleston-North Charleston, SC"
2141,Berkeley County,SC,201905,1329.5,0.0089,0.0485,"Charleston-North Charleston, SC"
2141,Berkeley County,SC,201906,1322.05,-0.0056,0.0368,"Charleston-North Charleston, SC"
2141,Berkeley County,SC,201907,1323.35,0.001,0.0334,"Charleston-North Charleston, SC"
2141,Berkeley County,SC,201908,1325.24,0.0014,0.033,"Charleston-North Charleston, SC"
2141,Berkeley County,SC,201909,1351.28,0.0196,0.0491,"Charleston-North Charleston, SC"
2141,Berkeley County,SC,201910,1354.94,0.0027,0.0417,"Charleston-North Charleston, SC"
2141,Berkeley County,SC,201911,1351.6,-0.0025,0.0351,"Charleston-North Charleston, SC"
2141,Berkeley County,SC,201912,1337.18,-0.0107,0.0332,"Charleston-North Charleston, SC"
2141,Berkeley County,SC,202001,1358.9,0.0162,0.0568,"Charleston-North Charleston, SC"
2141,Berkeley County,SC,202002,1366.07,0.0053,0.0613,"Charleston-North Charleston, SC"
2141,Berkeley County,SC,202003,1369.73,0.0027,0.046,"Charleston-North Charleston, SC"
2141,Berkeley County,SC,202004,1353.45,-0.0119,0.0271,"Charleston-North Charleston, SC"
2141,Berkeley County,SC,202005,1357.63,0.0031,0.0212,"Charleston-North Charleston, SC"
2141,Berkeley County,SC,202006,1370.23,0.0093,0.0364,"Charleston-North Charleston, SC"
2141,Berkeley County,SC,202007,1378.89,0.0063,0.042,"Charleston-North Charleston, SC"
2141,Berkeley County,SC,202008,1394.6,0.0114,0.0523,"Charleston-North Charleston, SC"
2141,Berkeley County,SC,202009,1398.63,0.0029,0.035,"Charleston-North Charleston, SC"
2141,Berkeley County,SC,202010,1404.64,0.0043,0.0367,"Charleston-North Charleston, SC"
2141,Berkeley County,SC,202011,1403.11,-0.0011,0.0381,"Charleston-North Charleston, SC"
2141,Berkeley County,SC,202012,1379.39,-0.0169,0.0316,"Charleston-North Charleston, SC"
2141,Berkeley County,SC,202101,1399.39,0.0145,0.0298,"Charleston-North Charleston, SC"
2141,Berkeley County,SC,202102,1408.23,0.0063,0.0309,"Charleston-North Charleston, SC"
2141,Berkeley County,SC,202103,1449.45,0.0293,0.0582,"Charleston-North Charleston, SC"
2141,Berkeley County,SC,202104,1454.93,0.0038,0.075,"Charleston-North Charleston, SC"
2141,Berkeley County,SC,202105,1477.34,0.0154,0.0882,"Charleston-North Charleston, SC"
2141,Berkeley County,SC,202106,1510.53,0.0225,0.1024,"Charleston-North Charleston, SC"
2141,Berkeley County,SC,202107,1550.8,0.0267,0.1247,"Charleston-North Charleston, SC"
2141,Berkeley County,SC,202108,1593.07,0.0273,0.1423,"Charleston-North Charleston, SC"
2141,Berkeley County,SC,202109,1620.15,0.017,0.1584,"Charleston-North Charleston, SC"
2141,Berkeley County,SC,202110,1627.02,0.0042,0.1583,"Charleston-North Charleston, SC"
2141,Berkeley County,SC,202111,1626.48,-0.0003,0.1592,"Charleston-North Charleston, SC"
2141,Berkeley County,SC,202112,1618.71,-0.0048,0.1735,"Charleston-North Charleston, SC"
2141,Berkeley County,SC,202201,1627.82,0.0056,0.1632,"Charleston-North Charleston, SC"
2141,Berkeley County,SC,202202,1636.2,0.0052,0.1619,"Charleston-North Charleston, SC"
2141,Berkeley County,SC,202203,1657.57,0.0131,0.1436,"Charleston-North Charleston, SC"
2141,Berkeley County,SC,202204,1673.52,0.0096,0.1502,"Charleston-North Charleston, SC"
2141,Berkeley County,SC,202205,1702.94,0.0176,0.1527,"Charleston-North Charleston, SC"
2141,Berkeley County,SC,202206,1732.76,0.0175,0.1471,"Charleston-North Charleston, SC"
2141,Berkeley County,SC,202207,1766.97,0.0197,0.1394,"Charleston-North Charleston, SC"
2141,Berkeley County,SC,202208,1779.93,0.0073,0.1173,"Charleston-North Charleston, SC"
2141,Berkeley County,SC,202209,1789.53,0.0054,0.1046,"Charleston-North Charleston, SC"
2141,Berkeley County,SC,202210,1787.67,-0.001,0.0987,"Charleston-North Charleston, SC"
2141,Berkeley County,SC,202211,1788.16,0.0003,0.0994,"Charleston-North Charleston, SC"
2141,Berkeley County,SC,202212,1774.63,-0.0076,0.0963,"Charleston-North Charleston, SC"
2141,Berkeley County,SC,202301,1773.5,-0.0006,0.0895,"Charleston-North Charleston, SC"
2141,Berkeley County,SC,202302,1787.72,0.008,0.0926,"Charleston-North Charleston, SC"
2141,Berkeley County,SC,202303,1819.03,0.0175,0.0974,"Charleston-North Charleston, SC"
2141,Berkeley County,SC,202304,1836.74,0.0097,0.0975,"Charleston-North Charleston, SC"
2141,Berkeley County,SC,202305,1847.58,0.0059,0.0849,"Charleston-North Charleston, SC"
2141,Berkeley County,SC,202306,1855.14,0.0041,0.0706,"Charleston-North Charleston, SC"
2141,Berkeley County,SC,202307,1866.25,0.006,0.0562,"Charleston-North Charleston, SC"
2141,Berkeley County,SC,202308,1873.41,0.0038,0.0525,"Charleston-North Charleston, SC"
2141,Berkeley County,SC,202309,1875.29,0.001,0.0479,"Charleston-North Charleston, SC"
2141,Berkeley County,SC,202310,1867.25,-0.0043,0.0445,"Charleston-North Charleston, SC"
2141,Berkeley County,SC,202311,1854.6,-0.0068,0.0372,"Charleston-North Charleston, SC"
2141,Berkeley County,SC,202312,1843.5,-0.006,0.0388,"Charleston-North Charleston, SC"
2141,Berkeley County,SC,202401,1867.92,0.0132,0.0532,"Charleston-North Charleston, SC"
2141,Berkeley County,SC,202402,1890.03,0.0118,0.0572,"Charleston-North Charleston, SC"
2141,Berkeley County,SC,202403,1904.92,0.0079,0.0472,"Charleston-North Charleston, SC"
2141,Berkeley County,SC,202404,1893.99,-0.0057,0.0312,"Charleston-North Charleston, SC"
2141,Berkeley County,SC,202405,1896.22,0.0012,0.0263,"Charleston-North Charleston, SC"
2141,Berkeley County,SC,202406,1903.61,0.0039,0.0261,"Charleston-North Charleston, SC"
2141,Berkeley County,SC,202407,1914.73,0.0058,0.026,"Charleston-North Charleston, SC"
2141,Berkeley County,SC,202408,1922.59,0.0041,0.0263,"Charleston-North Charleston, SC"
2141,Berkeley County,SC,202409,1925.91,0.0017,0.027,"Charleston-North Charleston, SC"
2141,Berkeley County,SC,202410,1924.19,-0.0009,0.0305,"Charleston-North Charleston, SC"
2141,Berkeley County,SC,202411,1915.84,-0.0043,0.033,"Charleston-North Charleston, SC"
2141,Berkeley County,SC,202412,1908.33,-0.0039,0.0352,"Charleston-North Charleston, SC"
2141,Berkeley County,SC,202501,1906.53,-0.0009,0.0207,"Charleston-North Charleston, SC"
2141,Berkeley County,SC,202502,1907.44,0.0005,0.0092,"Charleston-North Charleston, SC"
2141,Berkeley County,SC,202503,1918.29,0.0057,0.007,"Charleston-North Charleston, SC"
2141,Berkeley County,SC,202504,1926.47,0.0043,0.0171,"Charleston-North Charleston, SC"
2141,Berkeley County,SC,202505,1928.16,0.0009,0.0168,"Charleston-North Charleston, SC"
2141,Berkeley County,SC,202506,1929.63,0.0008,0.0137,"Charleston-North Charleston, SC"
2141,Berkeley County,SC,202507,1930.7,0.0006,0.0083,"Charleston-North Charleston, SC"
2141,Berkeley County,SC,202508,1931.78,0.0006,0.0048,"Charleston-North Charleston, SC"
2141,Berkeley County,SC,202509,1930.31,-0.0008,0.0023,"Charleston-North Charleston, SC"
2141,Berkeley County,SC,202510,1923.29,-0.0036,-0.0005,"Charleston-North Charleston, SC"
2141,Berkeley County,SC,202511,1925.42,0.0011,0.005,"Charleston-North Charleston, SC"
2141,Berkeley County,SC,202512,1926.92,0.0008,0.0097,"Charleston-North Charleston, SC"
2141,Berkeley County,SC,202601,1937.54,0.0055,0.0163,"Charleston-North Charleston, SC"
2141,Berkeley County,SC,202602,1944.01,0.0033,0.0192,"Charleston-North Charleston, SC"
2141,Berkeley County,SC,202603,1952.03,0.0041,0.0176,"Charleston-North Charleston, SC"
2141,Berkeley County,SC,202604,1968.02,0.0082,0.0216,"Charleston-North Charleston, SC"
2141,Berkeley County,SC,202605,1988.98,0.0106,0.0315,"Charleston-North Charleston, SC"
2141,Berkeley County,SC,202606,2010.78,0.011,0.0421,"Charleston-North Charleston, SC"
2141,Berkeley County,SC,202607,2008.54,-0.0011,0.0403,"Charleston-North Charleston, SC"
2141,Berkeley County,SC,202608,2011.34,0.0014,0.0412,"Charleston-North Charleston, SC"
2193,Cherokee County,SC,202401,920.35,,,"Gaffney, SC"
2193,Cherokee County,SC,202402,932.08,0.0127,,"Gaffney, SC"
2193,Cherokee County,SC,202403,957.26,0.027,,"Gaffney, SC"
2193,Cherokee County,SC,202404,979.56,0.0233,,"Gaffney, SC"
2193,Cherokee County,SC,202405,970.21,-0.0095,,"Gaffney, SC"
2193,Cherokee County,SC,202406,957.06,-0.0136,,"Gaffney, SC"
2193,Cherokee County,SC,202407,963.77,0.007,,"Gaffney, SC"
2193,Cherokee County,SC,202408,959.89,-0.004,,"Gaffney, SC"
2193,Cherokee County,SC,202409,962.32,0.0025,,"Gaffney, SC"
2193,Cherokee County,SC,202410,955.64,-0.0069,,"Gaffney, SC"
2193,Cherokee County,SC,202411,969.95,0.015,,"Gaffney, SC"
2193,Cherokee County,SC,202501,963.27,-0.0069,,"Gaffney, SC"
2193,Cherokee County,SC,202502,964.46,0.0012,0.0479,"Gaffney, SC"
2193,Cherokee County,SC,202503,973.82,0.0097,0.0448,"Gaffney, SC"
2193,Cherokee County,SC,202504,998.65,0.0255,0.0432,"Gaffney, SC"
2193,Cherokee County,SC,202505,1015.05,0.0164,0.0362,"Gaffney, SC"
2193,Cherokee County,SC,202506,1032.2,0.0169,0.0639,"Gaffney, SC"
2193,Cherokee County,SC,202507,1075.67,0.0421,0.1239,"Gaffney, SC"
2193,Cherokee County,SC,202508,1075.23,-0.0004,0.1157,"Gaffney, SC"
2193,Cherokee County,SC,202509,1077.42,0.002,0.1224,"Gaffney, SC"
2193,Cherokee County,SC,202510,1029.05,-0.0449,0.0693,"Gaffney, SC"
2193,Cherokee County,SC,202511,1023.52,-0.0054,0.071,"Gaffney, SC"
2193,Cherokee County,SC,202512,1027.98,0.0044,0.0598,"Gaffney, SC"
2193,Cherokee County,SC,202601,1018.33,-0.0094,0.0572,"Gaffney, SC"
2193,Cherokee County,SC,202602,1033.5,0.0149,0.0716,"Gaffney, SC"
2193,Cherokee County,SC,202603,1032.4,-0.0011,0.0602,"Gaffney, SC"
2193,Cherokee County,SC,202604,1054.32,0.0212,0.0558,"Gaffney, SC"
2193,Cherokee County,SC,202605,1056.63,0.0022,0.041,"Gaffney, SC"
2193,Cherokee County,SC,202606,1079.15,0.0213,0.0455,"Gaffney, SC"
2193,Cherokee County,SC,202607,1085.61,0.006,0.0092,"Gaffney, SC"
2193,Cherokee County,SC,202608,1098.46,0.0118,0.0216,"Gaffney, SC"
2266,Florence County,SC,202011,1070.55,,,"Florence, SC"
2266,Florence County,SC,202012,1079.91,0.0087,,"Florence, SC"
2266,Florence County,SC,202101,1082.05,0.002,,"Florence, SC"
2266,Florence County,SC,202102,1102.11,0.0185,,"Florence, SC"
2266,Florence County,SC,202103,1117.45,0.0139,,"Florence, SC"
2266,Florence County,SC,202104,1125.47,0.0072,,"Florence, SC"
2266,Florence County,SC,202105,1119.88,-0.005,,"Florence, SC"
2266,Florence County,SC,202106,1124.36,0.004,,"Florence, SC"
2266,Florence County,SC,202107,1149.28,0.0222,,"Florence, SC"
2266,Florence County,SC,202108,1169.28,0.0174,,"Florence, SC"
2266,Florence County,SC,202109,1181.13,0.0101,,"Florence, SC"
2266,Florence County,SC,202110,1180.02,-0.0009,,"Florence, SC"
2266,Florence County,SC,202111,1186.6,0.0056,0.1084,"Florence, SC"
2266,Florence County,SC,202112,1189.23,0.0022,0.1012,"Florence, SC"
2266,Florence County,SC,202201,1191.19,0.0016,0.1009,"Florence, SC"
2266,Florence County,SC,202202,1191.67,0.0004,0.0813,"Florence, SC"
2266,Florence County,SC,202203,1205.01,0.0112,0.0784,"Florence, SC"
2266,Florence County,SC,202204,1226.71,0.018,0.0899,"Florence, SC"
2266,Florence County,SC,202205,1229.22,0.0021,0.0976,"Florence, SC"
2266,Florence County,SC,202206,1251.55,0.0182,0.1131,"Florence, SC"
2266,Florence County,SC,202207,1262.16,0.0085,0.0982,"Florence, SC"
2266,Florence County,SC,202208,1290.44,0.0224,0.1036,"Florence, SC"
2266,Florence County,SC,202209,1316.25,0.02,0.1144,"Florence, SC"
2266,Florence County,SC,202210,1334.04,0.0135,0.1305,"Florence, SC"
2266,Florence County,SC,202211,1329.43,-0.0035,0.1204,"Florence, SC"
2266,Florence County,SC,202212,1310.69,-0.0141,0.1021,"Florence, SC"
2266,Florence County,SC,202301,1297.67,-0.0099,0.0894,"Florence, SC"
2266,Florence County,SC,202302,1313.2,0.012,0.102,"Florence, SC"
2266,Florence County,SC,202303,1329.35,0.0123,0.1032,"Florence, SC"
2266,Florence County,SC,202304,1347.08,0.0133,0.0981,"Florence, SC"
2266,Florence County,SC,202305,1354.77,0.0057,0.1021,"Florence, SC"
2266,Florence County,SC,202306,1364.78,0.0074,0.0905,"Florence, SC"
2266,Florence County,SC,202307,1371.44,0.0049,0.0866,"Florence, SC"
2266,Florence County,SC,202308,1362.95,-0.0062,0.0562,"Florence, SC"
2266,Florence County,SC,202309,1354.76,-0.006,0.0293,"Florence, SC"
2266,Florence County,SC,202310,1334.95,-0.0146,0.0007,"Florence, SC"
2266,Florence County,SC,202311,1349.77,0.0111,0.0153,"Florence, SC"
2266,Florence County,SC,202312,1347.81,-0.0015,0.0283,"Florence, SC"
2266,Florence County,SC,202401,1361.23,0.01,0.049,"Florence, SC"
2266,Florence County,SC,202402,1353.76,-0.0055,0.0309,"Florence, SC"
2266,Florence County,SC,202403,1366.61,0.0095,0.028,"Florence, SC"
2266,Florence County,SC,202404,1383.82,0.0126,0.0273,"Florence, SC"
2266,Florence County,SC,202405,1413.01,0.0211,0.043,"Florence, SC"
2266,Florence County,SC,202406,1435.14,0.0157,0.0516,"Florence, SC"
2266,Florence County,SC,202407,1445.46,0.0072,0.054,"Florence, SC"
2266,Florence County,SC,202408,1432.58,-0.0089,0.0511,"Florence, SC"
2266,Florence County,SC,202409,1438.01,0.0038,0.0614,"Florence, SC"
2266,Florence County,SC,202410,1428.01,-0.007,0.0697,"Florence, SC"
2266,Florence County,SC,202411,1429.38,0.001,0.059,"Florence, SC"
2266,Florence County,SC,202412,1419.24,-0.0071,0.053,"Florence, SC"
2266,Florence County,SC,202501,1423.17,0.0028,0.0455,"Florence, SC"
2266,Florence County,SC,202502,1451.16,0.0197,0.0719,"Florence, SC"
2266,Florence County,SC,202503,1465.34,0.0098,0.0722,"Florence, SC"
2266,Florence County,SC,202504,1482.65,0.0118,0.0714,"Florence, SC"
2266,Florence County,SC,202505,1480.1,-0.0017,0.0475,"Florence, SC"
2266,Florence County,SC,202506,1473.48,-0.0045,0.0267,"Florence, SC"
2266,Florence County,SC,202507,1469.77,-0.0025,0.0168,"Florence, SC"
2266,Florence County,SC,202508,1498.85,0.0198,0.0463,"Florence, SC"
2266,Florence County,SC,202509,1504.98,0.0041,0.0466,"Florence, SC"
2266,Florence County,SC,202510,1485.5,-0.0129,0.0403,"Florence, SC"
2266,Florence County,SC,202511,1445.83,-0.0267,0.0115,"Florence, SC"
2266,Florence County,SC,202512,1454.87,0.0062,0.0251,"Florence, SC"
2266,Florence County,SC,202601,1484.47,0.0203,0.0431,"Florence, SC"
2266,Florence County,SC,202602,1506.32,0.0147,0.038,"Florence, SC"
2266,Florence County,SC,202603,1504.62,-0.0011,0.0268,"Florence, SC"
2266,Florence County,SC,202604,1498.63,-0.004,0.0108,"Florence, SC"
2266,Florence County,SC,202605,1479.91,-0.0125,-0.0001,"Florence, SC"
2266,Florence County,SC,202606,1487.71,0.0053,0.0097,"Florence, SC"
2266,Florence County,SC,202607,1499.14,0.0077,0.02,"Florence, SC"
2266,Florence County,SC,202608,1513.52,0.0096,0.0098,"Florence, SC"
2453,Newberry County,SC,202605,1217.41,,,"Newberry, SC"
2453,Newberry County,SC,202606,1186.05,-0.0258,,"Newberry, SC"
2453,Newberry County,SC,202607,1212.27,0.0221,,"Newberry, SC"
2453,Newberry County,SC,202608,1183.33,-0.0239,,"Newberry, SC"
2507,Richland County,SC,201501,825.81,,,"Columbia, SC"
2507,Richland County,SC,201502,828.68,0.0035,,"Columbia, SC"
2507,Richland County,SC,201503,844.88,0.0195,,"Columbia, SC"
2507,Richland County,SC,201504,849.98,0.006,,"Columbia, SC"
2507,Richland County,SC,201505,850.79,0.001,,"Columbia, SC"
2507,Richland County,SC,201506,852.58,0.0021,,"Columbia, SC"
2507,Richland County,SC,201507,857.77,0.0061,,"Columbia, SC"
2507,Richland County,SC,201508,860.08,0.0027,,"Columbia, SC"
2507,Richland County,SC,201509,855.73,-0.0051,,"Columbia, SC"
2507,Richland County,SC,201510,852.02,-0.0043,,"Columbia, SC"
2507,Richland County,SC,201511,853.56,0.0018,,"Columbia, SC"
2507,Richland County,SC,201512,858.91,0.0063,,"Columbia, SC"
2507,Richland County,SC,201601,862.64,0.0043,0.0446,"Columbia, SC"
2507,Richland County,SC,201602,865.96,0.0039,0.045,"Columbia, SC"
2507,Richland County,SC,201603,866.9,0.0011,0.0261,"Columbia, SC"
2507,Richland County,SC,201604,870.8,0.0045,0.0245,"Columbia, SC"
2507,Richland County,SC,201605,873.59,0.0032,0.0268,"Columbia, SC"
2507,Richland County,SC,201606,879.54,0.0068,0.0316,"Columbia, SC"
2507,Richland County,SC,201607,881.53,0.0023,0.0277,"Columbia, SC"
2507,Richland County,SC,201608,880.93,-0.0007,0.0242,"Columbia, SC"
2507,Richland County,SC,201609,877.96,-0.0034,0.026,"Columbia, SC"
2507,Richland County,SC,201610,876.59,-0.0016,0.0288,"Columbia, SC"
2507,Richland County,SC,201611,877.99,0.0016,0.0286,"Columbia, SC"
2507,Richland County,SC,201612,880.7,0.0031,0.0254,"Columbia, SC"
2507,Richland County,SC,201701,881.04,0.0004,0.0213,"Columbia, SC"
2507,Richland County,SC,201702,888.69,0.0087,0.0262,"Columbia, SC"
2507,Richland County,SC,201703,895.38,0.0075,0.0329,"Columbia, SC"
2507,Richland County,SC,201704,899.49,0.0046,0.0329,"Columbia, SC"
2507,Richland County,SC,201705,899.36,-0.0001,0.0295,"Columbia, SC"
2507,Richland County,SC,201706,904.12,0.0053,0.0279,"Columbia, SC"
2507,Richland County,SC,201707,912.4,0.0092,0.035,"Columbia, SC"
2507,Richland County,SC,201708,918.43,0.0066,0.0426,"Columbia, SC"
2507,Richland County,SC,201709,914.95,-0.0038,0.0421,"Columbia, SC"
2507,Richland County,SC,201710,914.48,-0.0005,0.0432,"Columbia, SC"
2507,Richland County,SC,201711,910.8,-0.004,0.0374,"Columbia, SC"
2507,Richland County,SC,201712,914.56,0.0041,0.0384,"Columbia, SC"
2507,Richland County,SC,201801,916.79,0.0024,0.0406,"Columbia, SC"
2507,Richland County,SC,201802,923.81,0.0077,0.0395,"Columbia, SC"
2507,Richland County,SC,201803,931.33,0.0081,0.0401,"Columbia, SC"
2507,Richland County,SC,201804,937.82,0.007,0.0426,"Columbia, SC"
2507,Richland County,SC,201805,941.63,0.0041,0.047,"Columbia, SC"
2507,Richland County,SC,201806,946.26,0.0049,0.0466,"Columbia, SC"
2507,Richland County,SC,201807,947.92,0.0018,0.0389,"Columbia, SC"
2507,Richland County,SC,201808,949.91,0.0021,0.0343,"Columbia, SC"
2507,Richland County,SC,201809,948.14,-0.0019,0.0363,"Columbia, SC"
2507,Richland County,SC,201810,948.5,0.0004,0.0372,"Columbia, SC"
2507,Richland County,SC,201811,951.94,0.0036,0.0452,"Columbia, SC"
2507,Richland County,SC,201812,957.14,0.0055,0.0466,"Columbia, SC"
2507,Richland County,SC,201901,960.25,0.0032,0.0474,"Columbia, SC"
2507,Richland County,SC,201902,967.03,0.0071,0.0468,"Columbia, SC"
2507,Richland County,SC,201903,976.35,0.0096,0.0483,"Columbia, SC"
2507,Richland County,SC,201904,986.05,0.0099,0.0514,"Columbia, SC"
2507,Richland County,SC,201905,989.13,0.0031,0.0504,"Columbia, SC"
2507,Richland County,SC,201906,990.74,0.0016,0.047,"Columbia, SC"
2507,Richland County,SC,201907,994.81,0.0041,0.0495,"Columbia, SC"
2507,Richland County,SC,201908,991.41,-0.0034,0.0437,"Columbia, SC"
2507,Richland County,SC,201909,985.95,-0.0055,0.0399,"Columbia, SC"
2507,Richland County,SC,201910,979.51,-0.0065,0.0327,"Columbia, SC"
2507,Richland County,SC,201911,987.49,0.0082,0.0373,"Columbia, SC"
2507,Richland County,SC,201912,985.05,-0.0025,0.0292,"Columbia, SC"
2507,Richland County,SC,202001,995.49,0.0106,0.0367,"Columbia, SC"
2507,Richland County,SC,202002,995.66,0.0002,0.0296,"Columbia, SC"
2507,Richland County,SC,202003,1011.2,0.0156,0.0357,"Columbia, SC"
2507,Richland County,SC,202004,1013.29,0.0021,0.0276,"Columbia, SC"
2507,Richland County,SC,202005,1023.65,0.0102,0.0349,"Columbia, SC"
2507,Richland County,SC,202006,1030.31,0.0065,0.0399,"Columbia, SC"
2507,Richland County,SC,202007,1036.36,0.0059,0.0418,"Columbia, SC"
2507,Richland County,SC,202008,1035.68,-0.0007,0.0447,"Columbia, SC"
2507,Richland County,SC,202009,1039.72,0.0039,0.0545,"Columbia, SC"
2507,Richland County,SC,202010,1045.45,0.0055,0.0673,"Columbia, SC"
2507,Richland County,SC,202011,1050.3,0.0046,0.0636,"Columbia, SC"
2507,Richland County,SC,202012,1048.04,-0.0021,0.0639,"Columbia, SC"
2507,Richland County,SC,202101,1054.4,0.0061,0.0592,"Columbia, SC"
2507,Richland County,SC,202102,1062.65,0.0078,0.0673,"Columbia, SC"
2507,Richland County,SC,202103,1076.37,0.0129,0.0644,"Columbia, SC"
2507,Richland County,SC,202104,1086.81,0.0097,0.0726,"Columbia, SC"
2507,Richland County,SC,202105,1102.78,0.0147,0.0773,"Columbia, SC"
2507,Richland County,SC,202106,1125.75,0.0208,0.0926,"Columbia, SC"
2507,Richland County,SC,202107,1148.28,0.02,0.108,"Columbia, SC"
2507,Richland County,SC,202108,1167.4,0.0167,0.1272,"Columbia, SC"
2507,Richland County,SC,202109,1172.86,0.0047,0.128,"Columbia, SC"
2507,Richland County,SC,202110,1184.17,0.0096,0.1327,"Columbia, SC"
2507,Richland County,SC,202111,1194.37,0.0086,0.1372,"Columbia, SC"
2507,Richland County,SC,202112,1200.61,0.0052,0.1456,"Columbia, SC"
2507,Richland County,SC,202201,1200.28,-0.0003,0.1384,"Columbia, SC"
2507,Richland County,SC,202202,1202.34,0.0017,0.1315,"Columbia, SC"
2507,Richland County,SC,202203,1216.84,0.0121,0.1305,"Columbia, SC"
2507,Richland County,SC,202204,1233.18,0.0134,0.1347,"Columbia, SC"
2507,Richland County,SC,202205,1253.88,0.0168,0.137,"Columbia, SC"
2507,Richland County,SC,202206,1268.47,0.0116,0.1268,"Columbia, SC"
2507,Richland County,SC,202207,1285.72,0.0136,0.1197,"Columbia, SC"
2507,Richland County,SC,202208,1289.18,0.0027,0.1043,"Columbia, SC"
2507,Richland County,SC,202209,1294.94,0.0045,0.1041,"Columbia, SC"
2507,Richland County,SC,202210,1293.09,-0.0014,0.092,"Columbia, SC"
2507,Richland County,SC,202211,1298.76,0.0044,0.0874,"Columbia, SC"
2507,Richland County,SC,202212,1296.49,-0.0017,0.0799,"Columbia, SC"
2507,Richland County,SC,202301,1291.67,-0.0037,0.0761,"Columbia, SC"
2507,Richland County,SC,202302,1298.4,0.0052,0.0799,"Columbia, SC"
2507,Richland County,SC,202303,1311.29,0.0099,0.0776,"Columbia, SC"
2507,Richland County,SC,202304,1329.14,0.0136,0.0778,"Columbia, SC"
2507,Richland County,SC,202305,1338.08,0.0067,0.0672,"Columbia, SC"
2507,Richland County,SC,202306,1346.37,0.0062,0.0614,"Columbia, SC"
2507,Richland County,SC,202307,1357.53,0.0083,0.0559,"Columbia, SC"
2507,Richland County,SC,202308,1363.73,0.0046,0.0578,"Columbia, SC"
2507,Richland County,SC,202309,1372.24,0.0062,0.0597,"Columbia, SC"
2507,Richland County,SC,202310,1371.96,-0.0002,0.061,"Columbia, SC"
2507,Richland County,SC,202311,1369.14,-0.0021,0.0542,"Columbia, SC"
2507,Richland County,SC,202312,1367.71,-0.0011,0.0549,"Columbia, SC"
2507,Richland County,SC,202401,1368.77,0.0008,0.0597,"Columbia, SC"
2507,Richland County,SC,202402,1373.61,0.0035,0.0579,"Columbia, SC"
2507,Richland County,SC,202403,1376.52,0.0021,0.0497,"Columbia, SC"
2507,Richland County,SC,202404,1387.09,0.0077,0.0436,"Columbia, SC"
2507,Richland County,SC,202405,1396.8,0.007,0.0439,"Columbia, SC"
2507,Richland County,SC,202406,1408.17,0.0081,0.0459,"Columbia, SC"
2507,Richland County,SC,202407,1414.96,0.0048,0.0423,"Columbia, SC"
2507,Richland County,SC,202408,1420.52,0.0039,0.0416,"Columbia, SC"
2507,Richland County,SC,202409,1417.8,-0.0019,0.0332,"Columbia, SC"
2507,Richland County,SC,202410,1416.75,-0.0007,0.0326,"Columbia, SC"
2507,Richland County,SC,202411,1421.66,0.0035,0.0384,"Columbia, SC"
2507,Richland County,SC,202412,1429.79,0.0057,0.0454,"Columbia, SC"
2507,Richland County,SC,202501,1441.85,0.0084,0.0534,"Columbia, SC"
2507,Richland County,SC,202502,1450.09,0.0057,0.0557,"Columbia, SC"
2507,Richland County,SC,202503,1463.98,0.0096,0.0635,"Columbia, SC"
2507,Richland County,SC,202504,1469.47,0.0038,0.0594,"Columbia, SC"
2507,Richland County,SC,202505,1477.03,0.0051,0.0574,"Columbia, SC"
2507,Richland County,SC,202506,1476.37,-0.0004,0.0484,"Columbia, SC"
2507,Richland County,SC,202507,1478.12,0.0012,0.0446,"Columbia, SC"
2507,Richland County,SC,202508,1477.22,-0.0006,0.0399,"Columbia, SC"
2507,Richland County,SC,202509,1485.4,0.0055,0.0477,"Columbia, SC"
2507,Richland County,SC,202510,1490.98,0.0038,0.0524,"Columbia, SC"
2507,Richland County,SC,202511,1495.97,0.0033,0.0523,"Columbia, SC"
2507,Richland County,SC,202512,1495.04,-0.0006,0.0456,"Columbia, SC"
2507,Richland County,SC,202601,1496.81,0.0012,0.0381,"Columbia, SC"
2507,Richland County,SC,202602,1501.43,0.0031,0.0354,"Columbia, SC"
2507,Richland County,SC,202603,1503.41,0.0013,0.0269,"Columbia, SC"
2507,Richland County,SC,202604,1496.63,-0.0045,0.0185,"Columbia, SC"
2507,Richland County,SC,202605,1496.48,-0.0001,0.0132,"Columbia, SC"
2507,Richland County,SC,202606,1496.59,0.0001,0.0137,"Columbia, SC"
2507,Richland County,SC,202607,1503.12,0.0044,0.0169,"Columbia, SC"
2507,Richland County,SC,202608,1506.75,0.0024,0.02,"Columbia, SC"
2696,Fairfield County,SC,202606,1480.82,,,"Columbia, SC"
2696,Fairfield County,SC,202607,1570.94,0.0609,,"Columbia, SC"
2696,Fairfield County,SC,202608,1591.5,0.0131,,"Columbia, SC"
2710,Greenwood County,SC,202402,970.38,,,"Greenwood, SC"
2710,Greenwood County,SC,202403,974.57,0.0043,,"Greenwood, SC"
2710,Greenwood County,SC,202404,987.96,0.0137,,"Greenwood, SC"
2710,Greenwood County,SC,202405,961.18,-0.0271,,"Greenwood, SC"
2710,Greenwood County,SC,202406,966.59,0.0056,,"Greenwood, SC"
2710,Greenwood County,SC,202407,962.7,-0.004,,"Greenwood, SC"
2710,Greenwood County,SC,202408,1000.41,0.0392,,"Greenwood, SC"
2710,Greenwood County,SC,202409,1006.35,0.0059,,"Greenwood, SC"
2710,Greenwood County,SC,202410,1022.56,0.0161,,"Greenwood, SC"
2710,Greenwood County,SC,202411,1003.74,-0.0184,,"Greenwood, SC"
2710,Greenwood County,SC,202412,1012.11,0.0083,,"Greenwood, SC"
2710,Greenwood County,SC,202501,1009.36,-0.0027,,"Greenwood, SC"
2710,Greenwood County,SC,202502,1031.12,0.0216,0.0626,"Greenwood, SC"
2710,Greenwood County,SC,202503,1038.42,0.0071,0.0655,"Greenwood, SC"
2710,Greenwood County,SC,202504,1052.15,0.0132,0.065,"Greenwood, SC"
2710,Greenwood County,SC,202505,1049.25,-0.0028,0.0916,"Greenwood, SC"
2710,Greenwood County,SC,202506,1052.28,0.0029,0.0886,"Greenwood, SC"
2710,Greenwood County,SC,202507,1058.74,0.0061,0.0998,"Greenwood, SC"
2710,Greenwood County,SC,202508,1065.98,0.0068,0.0656,"Greenwood, SC"
2710,Greenwood County,SC,202509,1068.49,0.0023,0.0617,"Greenwood, SC"
2710,Greenwood County,SC,202510,1072.62,0.0039,0.049,"Greenwood, SC"
2710,Greenwood County,SC,202511,1065.64,-0.0065,0.0617,"Greenwood, SC"
2710,Greenwood County,SC,202512,1078.87,0.0124,0.066,"Greenwood, SC"
2710,Greenwood County,SC,202601,1072.38,-0.006,0.0624,"Greenwood, SC"
2710,Greenwood County,SC,202602,1082.9,0.0098,0.0502,"Greenwood, SC"
2710,Greenwood County,SC,202603,1086.73,0.0035,0.0465,"Greenwood, SC"
2710,Greenwood County,SC,202604,1091.06,0.004,0.037,"Greenwood, SC"
2710,Greenwood County,SC,202605,1105.16,0.0129,0.0533,"Greenwood, SC"
2710,Greenwood County,SC,202606,1137.3,0.0291,0.0808,"Greenwood, SC"
2710,Greenwood County,SC,202607,1149.4,0.0106,0.0856,"Greenwood, SC"
2710,Greenwood County,SC,202608,1147.21,-0.0019,0.0762,"Greenwood, SC"
2777,Lancaster County,SC,202011,1389.65,,,"Charlotte-Concord-Gastonia, NC-SC"
2777,Lancaster County,SC,202012,1376.59,-0.0094,,"Charlotte-Concord-Gastonia, NC-SC"
2777,Lancaster County,SC,202101,1373.51,-0.0022,,"Charlotte-Concord-Gastonia, NC-SC"
2777,Lancaster County,SC,202102,1380.85,0.0053,,"Charlotte-Concord-Gastonia, NC-SC"
2777,Lancaster County,SC,202103,1391.63,0.0078,,"Charlotte-Concord-Gastonia, NC-SC"
2777,Lancaster County,SC,202104,1410.78,0.0138,,"Charlotte-Concord-Gastonia, NC-SC"
2777,Lancaster County,SC,202105,1434.15,0.0166,,"Charlotte-Concord-Gastonia, NC-SC"
2777,Lancaster County,SC,202106,1458.68,0.0171,,"Charlotte-Concord-Gastonia, NC-SC"
2777,Lancaster County,SC,202107,1481.59,0.0157,,"Charlotte-Concord-Gastonia, NC-SC"
2777,Lancaster County,SC,202108,1517.04,0.0239,,"Charlotte-Concord-Gastonia, NC-SC"
2777,Lancaster County,SC,202109,1570.53,0.0353,,"Charlotte-Concord-Gastonia, NC-SC"
2777,Lancaster County,SC,202110,1607.22,0.0234,,"Charlotte-Concord-Gastonia, NC-SC"
2777,Lancaster County,SC,202111,1585.72,-0.0134,0.1411,"Charlotte-Concord-Gastonia, NC-SC"
2777,Lancaster County,SC,202112,1532.38,-0.0336,0.1132,"Charlotte-Concord-Gastonia, NC-SC"
2777,Lancaster County,SC,202201,1532.59,0.0001,0.1158,"Charlotte-Concord-Gastonia, NC-SC"
2777,Lancaster County,SC,202202,1574.4,0.0273,0.1402,"Charlotte-Concord-Gastonia, NC-SC"
2777,Lancaster County,SC,202203,1634.47,0.0382,0.1745,"Charlotte-Concord-Gastonia, NC-SC"
2777,Lancaster County,SC,202204,1689.57,0.0337,0.1976,"Charlotte-Concord-Gastonia, NC-SC"
2777,Lancaster County,SC,202205,1717.62,0.0166,0.1977,"Charlotte-Concord-Gastonia, NC-SC"
2777,Lancaster County,SC,202206,1747.47,0.0174,0.198,"Charlotte-Concord-Gastonia, NC-SC"
2777,Lancaster County,SC,202207,1724.55,-0.0131,0.164,"Charlotte-Concord-Gastonia, NC-SC"
2777,Lancaster County,SC,202208,1692.69,-0.0185,0.1158,"Charlotte-Concord-Gastonia, NC-SC"
2777,Lancaster County,SC,202210,1677.77,-0.0088,0.0683,"Charlotte-Concord-Gastonia, NC-SC"
2777,Lancaster County,SC,202211,1704.97,0.0162,0.0608,"Charlotte-Concord-Gastonia, NC-SC"
2777,Lancaster County,SC,202212,1688.21,-0.0098,0.0646,"Charlotte-Concord-Gastonia, NC-SC"
2777,Lancaster County,SC,202301,1688.53,0.0002,0.1019,"Charlotte-Concord-Gastonia, NC-SC"
2777,Lancaster County,SC,202302,1690.83,0.0014,0.1032,"Charlotte-Concord-Gastonia, NC-SC"
2777,Lancaster County,SC,202303,1717.51,0.0158,0.0909,"Charlotte-Concord-Gastonia, NC-SC"
2777,Lancaster County,SC,202304,1720.4,0.0017,0.0526,"Charlotte-Concord-Gastonia, NC-SC"
2777,Lancaster County,SC,202305,1718.76,-0.001,0.0173,"Charlotte-Concord-Gastonia, NC-SC"
2777,Lancaster County,SC,202306,1711.22,-0.0044,-0.0037,"Charlotte-Concord-Gastonia, NC-SC"
2777,Lancaster County,SC,202307,1697.72,-0.0079,-0.0285,"Charlotte-Concord-Gastonia, NC-SC"
2777,Lancaster County,SC,202308,1677.61,-0.0118,-0.0272,"Charlotte-Concord-Gastonia, NC-SC"
2777,Lancaster County,SC,202309,1648.92,-0.0171,-0.0259,"Charlotte-Concord-Gastonia, NC-SC"
2777,Lancaster County,SC,202310,1654.06,0.0031,-0.0141,"Charlotte-Concord-Gastonia, NC-SC"
2777,Lancaster County,SC,202311,1672.66,0.0112,-0.019,"Charlotte-Concord-Gastonia, NC-SC"
2777,Lancaster County,SC,202312,1676.98,0.0026,-0.0067,"Charlotte-Concord-Gastonia, NC-SC"
2777,Lancaster County,SC,202401,1668.01,-0.0053,-0.0122,"Charlotte-Concord-Gastonia, NC-SC"
2777,Lancaster County,SC,202402,1671.25,0.0019,-0.0116,"Charlotte-Concord-Gastonia, NC-SC"
2777,Lancaster County,SC,202403,1700.84,0.0177,-0.0097,"Charlotte-Concord-Gastonia, NC-SC"
2777,Lancaster County,SC,202404,1743.83,0.0253,0.0136,"Charlotte-Concord-Gastonia, NC-SC"
2777,Lancaster County,SC,202405,1739.9,-0.0023,0.0123,"Charlotte-Concord-Gastonia, NC-SC"
2777,Lancaster County,SC,202406,1734.34,-0.0032,0.0135,"Charlotte-Concord-Gastonia, NC-SC"
2777,Lancaster County,SC,202407,1698.81,-0.0205,0.0006,"Charlotte-Concord-Gastonia, NC-SC"
2777,Lancaster County,SC,202408,1694.37,-0.0026,0.01,"Charlotte-Concord-Gastonia, NC-SC"
2777,Lancaster County,SC,202409,1701.81,0.0044,0.0321,"Charlotte-Concord-Gastonia, NC-SC"
2777,Lancaster County,SC,202410,1706.2,0.0026,0.0315,"Charlotte-Concord-Gastonia, NC-SC"
2777,Lancaster County,SC,202411,1704.16,-0.0012,0.0188,"Charlotte-Concord-Gastonia, NC-SC"
2777,Lancaster County,SC,202412,1708.63,0.0026,0.0189,"Charlotte-Concord-Gastonia, NC-SC"
2777,Lancaster County,SC,202501,1712.16,0.0021,0.0265,"Charlotte-Concord-Gastonia, NC-SC"
2777,Lancaster County,SC,202502,1714.32,0.0013,0.0258,"Charlotte-Concord-Gastonia, NC-SC"
2777,Lancaster County,SC,202503,1717.82,0.002,0.01,"Charlotte-Concord-Gastonia, NC-SC"
2777,Lancaster County,SC,202504,1735.96,0.0106,-0.0045,"Charlotte-Concord-Gastonia, NC-SC"
2777,Lancaster County,SC,202505,1740.37,0.0025,0.0003,"Charlotte-Concord-Gastonia, NC-SC"
2777,Lancaster County,SC,202506,1718.15,-0.0128,-0.0093,"Charlotte-Concord-Gastonia, NC-SC"
2777,Lancaster County,SC,202507,1698.94,-0.0112,0.0001,"Charlotte-Concord-Gastonia, NC-SC"
2777,Lancaster County,SC,202508,1691.13,-0.0046,-0.0019,"Charlotte-Concord-Gastonia, NC-SC"
2777,Lancaster County,SC,202509,1689.92,-0.0007,-0.007,"Charlotte-Concord-Gastonia, NC-SC"
2777,Lancaster County,SC,202510,1696.48,0.0039,-0.0057,"Charlotte-Concord-Gastonia, NC-SC"
2777,Lancaster County,SC,202511,1718.95,0.0132,0.0087,"Charlotte-Concord-Gastonia, NC-SC"
2777,Lancaster County,SC,202512,1741.1,0.0129,0.019,"Charlotte-Concord-Gastonia, NC-SC"
2777,Lancaster County,SC,202601,1745.73,0.0027,0.0196,"Charlotte-Concord-Gastonia, NC-SC"
2777,Lancaster County,SC,202602,1754.26,0.0049,0.0233,"Charlotte-Concord-Gastonia, NC-SC"
2777,Lancaster County,SC,202603,1774.82,0.0117,0.0332,"Charlotte-Concord-Gastonia, NC-SC"
2777,Lancaster County,SC,202604,1790.69,0.0089,0.0315,"Charlotte-Concord-Gastonia, NC-SC"
2777,Lancaster County,SC,202605,1779.48,-0.0063,0.0225,"Charlotte-Concord-Gastonia, NC-SC"
2777,Lancaster County,SC,202606,1750.53,-0.0163,0.0188,"Charlotte-Concord-Gastonia, NC-SC"
2777,Lancaster County,SC,202607,1737.62,-0.0074,0.0228,"Charlotte-Concord-Gastonia, NC-SC"
2777,Lancaster County,SC,202608,1746.08,0.0049,0.0325,"Charlotte-Concord-Gastonia, NC-SC"
2779,Lexington County,SC,201501,969.89,,,"Columbia, SC"
2779,Lexington County,SC,201502,960.74,-0.0094,,"Columbia, SC"
2779,Lexington County,SC,201503,957.82,-0.003,,"Columbia, SC"
2779,Lexington County,SC,201504,963.9,0.0063,,"Columbia, SC"
2779,Lexington County,SC,201505,973.27,0.0097,,"Columbia, SC"
2779,Lexington County,SC,201506,974.57,0.0013,,"Columbia, SC"
2779,Lexington County,SC,201507,977.03,0.0025,,"Columbia, SC"
2779,Lexington County,SC,201508,978.74,0.0017,,"Columbia, SC"
2779,Lexington County,SC,201509,982.54,0.0039,,"Columbia, SC"
2779,Lexington County,SC,201510,984.31,0.0018,,"Columbia, SC"
2779,Lexington County,SC,201511,995.41,0.0113,,"Columbia, SC"
2779,Lexington County,SC,201512,993.08,-0.0023,,"Columbia, SC"
2779,Lexington County,SC,201601,994.18,0.0011,0.025,"Columbia, SC"
2779,Lexington County,SC,201602,981.28,-0.013,0.0214,"Columbia, SC"
2779,Lexington County,SC,201603,992.73,0.0117,0.0364,"Columbia, SC"
2779,Lexington County,SC,201604,998.17,0.0055,0.0356,"Columbia, SC"
2779,Lexington County,SC,201605,1009.21,0.0111,0.0369,"Columbia, SC"
2779,Lexington County,SC,201606,1005.88,-0.0033,0.0321,"Columbia, SC"
2779,Lexington County,SC,201607,1004.41,-0.0015,0.028,"Columbia, SC"
2779,Lexington County,SC,201608,1003.02,-0.0014,0.0248,"Columbia, SC"
2779,Lexington County,SC,201609,1001.93,-0.0011,0.0197,"Columbia, SC"
2779,Lexington County,SC,201610,1003.28,0.0013,0.0193,"Columbia, SC"
2779,Lexington County,SC,201611,1006.14,0.0029,0.0108,"Columbia, SC"
2779,Lexington County,SC,201612,1003.11,-0.003,0.0101,"Columbia, SC"
2779,Lexington County,SC,201701,999.35,-0.0037,0.0052,"Columbia, SC"
2779,Lexington County,SC,201702,1006.09,0.0067,0.0253,"Columbia, SC"
2779,Lexington County,SC,201703,1022.42,0.0162,0.0299,"Columbia, SC"
2779,Lexington County,SC,201704,1034.0,0.0113,0.0359,"Columbia, SC"
2779,Lexington County,SC,201705,1035.13,0.0011,0.0257,"Columbia, SC"
2779,Lexington County,SC,201706,1035.5,0.0004,0.0295,"Columbia, SC"
2779,Lexington County,SC,201707,1041.88,0.0062,0.0373,"Columbia, SC"
2779,Lexington County,SC,201708,1043.04,0.0011,0.0399,"Columbia, SC"
2779,Lexington County,SC,201709,1038.29,-0.0045,0.0363,"Columbia, SC"
2779,Lexington County,SC,201710,1035.61,-0.0026,0.0322,"Columbia, SC"
2779,Lexington County,SC,201711,1038.22,0.0025,0.0319,"Columbia, SC"
2779,Lexington County,SC,201712,1042.63,0.0042,0.0394,"Columbia, SC"
2779,Lexington County,SC,201801,1047.05,0.0042,0.0477,"Columbia, SC"
2779,Lexington County,SC,201802,1053.65,0.0063,0.0473,"Columbia, SC"
2779,Lexington County,SC,201803,1060.17,0.0062,0.0369,"Columbia, SC"
2779,Lexington County,SC,201804,1065.72,0.0052,0.0307,"Columbia, SC"
2779,Lexington County,SC,201805,1065.46,-0.0002,0.0293,"Columbia, SC"
2779,Lexington County,SC,201806,1068.45,0.0028,0.0318,"Columbia, SC"
2779,Lexington County,SC,201807,1067.95,-0.0005,0.025,"Columbia, SC"
2779,Lexington County,SC,201808,1079.83,0.0111,0.0353,"Columbia, SC"
2779,Lexington County,SC,201809,1085.35,0.0051,0.0453,"Columbia, SC"
2779,Lexington County,SC,201810,1094.22,0.0082,0.0566,"Columbia, SC"
2779,Lexington County,SC,201811,1089.87,-0.004,0.0497,"Columbia, SC"
2779,Lexington County,SC,201812,1092.32,0.0022,0.0477,"Columbia, SC"
2779,Lexington County,SC,201901,1091.2,-0.001,0.0422,"Columbia, SC"
2779,Lexington County,SC,201902,1093.0,0.0016,0.0373,"Columbia, SC"
2779,Lexington County,SC,201903,1094.43,0.0013,0.0323,"Columbia, SC"
2779,Lexington County,SC,201904,1100.48,0.0055,0.0326,"Columbia, SC"
2779,Lexington County,SC,201905,1112.32,0.0108,0.044,"Columbia, SC"
2779,Lexington County,SC,201906,1123.36,0.0099,0.0514,"Columbia, SC"
2779,Lexington County,SC,201907,1129.51,0.0055,0.0576,"Columbia, SC"
2779,Lexington County,SC,201908,1133.56,0.0036,0.0498,"Columbia, SC"
2779,Lexington County,SC,201909,1132.86,-0.0006,0.0438,"Columbia, SC"
2779,Lexington County,SC,201910,1127.45,-0.0048,0.0304,"Columbia, SC"
2779,Lexington County,SC,201911,1124.5,-0.0026,0.0318,"Columbia, SC"
2779,Lexington County,SC,201912,1125.82,0.0012,0.0307,"Columbia, SC"
2779,Lexington County,SC,202001,1132.08,0.0056,0.0375,"Columbia, SC"
2779,Lexington County,SC,202002,1146.39,0.0126,0.0489,"Columbia, SC"
2779,Lexington County,SC,202003,1149.83,0.003,0.0506,"Columbia, SC"
2779,Lexington County,SC,202004,1151.69,0.0016,0.0465,"Columbia, SC"
2779,Lexington County,SC,202005,1142.69,-0.0078,0.0273,"Columbia, SC"
2779,Lexington County,SC,202006,1151.71,0.0079,0.0252,"Columbia, SC"
2779,Lexington County,SC,202007,1165.53,0.012,0.0319,"Columbia, SC"
2779,Lexington County,SC,202008,1176.86,0.0097,0.0382,"Columbia, SC"
2779,Lexington County,SC,202009,1179.8,0.0025,0.0414,"Columbia, SC"
2779,Lexington County,SC,202010,1187.63,0.0066,0.0534,"Columbia, SC"
2779,Lexington County,SC,202011,1186.71,-0.0008,0.0553,"Columbia, SC"
2779,Lexington County,SC,202012,1188.7,0.0017,0.0558,"Columbia, SC"
2779,Lexington County,SC,202101,1196.86,0.0069,0.0572,"Columbia, SC"
2779,Lexington County,SC,202102,1211.22,0.012,0.0565,"Columbia, SC"
2779,Lexington County,SC,202103,1228.72,0.0145,0.0686,"Columbia, SC"
2779,Lexington County,SC,202104,1242.99,0.0116,0.0793,"Columbia, SC"
2779,Lexington County,SC,202105,1267.08,0.0194,0.1089,"Columbia, SC"
2779,Lexington County,SC,202106,1292.21,0.0198,0.122,"Columbia, SC"
2779,Lexington County,SC,202107,1299.0,0.0053,0.1145,"Columbia, SC"
2779,Lexington County,SC,202108,1312.98,0.0108,0.1157,"Columbia, SC"
2779,Lexington County,SC,202109,1333.24,0.0154,0.1301,"Columbia, SC"
2779,Lexington County,SC,202110,1357.12,0.0179,0.1427,"Columbia, SC"
2779,Lexington County,SC,202111,1364.39,0.0054,0.1497,"Columbia, SC"
2779,Lexington County,SC,202112,1361.47,-0.0021,0.1453,"Columbia, SC"
2779,Lexington County,SC,202201,1364.26,0.0021,0.1399,"Columbia, SC"
2779,Lexington County,SC,202202,1370.24,0.0044,0.1313,"Columbia, SC"
2779,Lexington County,SC,202203,1382.86,0.0092,0.1254,"Columbia, SC"
2779,Lexington County,SC,202204,1398.72,0.0115,0.1253,"Columbia, SC"
2779,Lexington County,SC,202205,1414.09,0.011,0.116,"Columbia, SC"
2779,Lexington County,SC,202206,1422.09,0.0057,0.1005,"Columbia, SC"
2779,Lexington County,SC,202207,1434.73,0.0089,0.1045,"Columbia, SC"
2779,Lexington County,SC,202208,1440.32,0.0039,0.097,"Columbia, SC"
2779,Lexington County,SC,202209,1444.29,0.0028,0.0833,"Columbia, SC"
2779,Lexington County,SC,202210,1441.09,-0.0022,0.0619,"Columbia, SC"
2779,Lexington County,SC,202211,1446.85,0.004,0.0604,"Columbia, SC"
2779,Lexington County,SC,202212,1464.1,0.0119,0.0754,"Columbia, SC"
2779,Lexington County,SC,202301,1471.44,0.005,0.0786,"Columbia, SC"
2779,Lexington County,SC,202302,1470.69,-0.0005,0.0733,"Columbia, SC"
2779,Lexington County,SC,202303,1472.88,0.0015,0.0651,"Columbia, SC"
2779,Lexington County,SC,202304,1483.85,0.0075,0.0609,"Columbia, SC"
2779,Lexington County,SC,202305,1508.7,0.0167,0.0669,"Columbia, SC"
2779,Lexington County,SC,202306,1516.31,0.005,0.0663,"Columbia, SC"
2779,Lexington County,SC,202307,1529.28,0.0086,0.0659,"Columbia, SC"
2779,Lexington County,SC,202308,1531.53,0.0015,0.0633,"Columbia, SC"
2779,Lexington County,SC,202309,1533.38,0.0012,0.0617,"Columbia, SC"
2779,Lexington County,SC,202310,1529.53,-0.0025,0.0614,"Columbia, SC"
2779,Lexington County,SC,202311,1527.03,-0.0016,0.0554,"Columbia, SC"
2779,Lexington County,SC,202312,1532.23,0.0034,0.0465,"Columbia, SC"
2779,Lexington County,SC,202401,1539.4,0.0047,0.0462,"Columbia, SC"
2779,Lexington County,SC,202402,1540.45,0.0007,0.0474,"Columbia, SC"
2779,Lexington County,SC,202403,1545.86,0.0035,0.0496,"Columbia, SC"
2779,Lexington County,SC,202404,1550.16,0.0028,0.0447,"Columbia, SC"
2779,Lexington County,SC,202405,1564.32,0.0091,0.0369,"Columbia, SC"
2779,Lexington County,SC,202406,1571.01,0.0043,0.0361,"Columbia, SC"
2779,Lexington County,SC,202407,1583.74,0.0081,0.0356,"Columbia, SC"
2779,Lexington County,SC,202408,1591.23,0.0047,0.039,"Columbia, SC"
2779,Lexington County,SC,202409,1599.97,0.0055,0.0434,"Columbia, SC"
2779,Lexington County,SC,202410,1601.3,0.0008,0.0469,"Columbia, SC"
2779,Lexington County,SC,202411,1608.01,0.0042,0.053,"Columbia, SC"
2779,Lexington County,SC,202412,1615.46,0.0046,0.0543,"Columbia, SC"
2779,Lexington County,SC,202501,1616.89,0.0009,0.0503,"Columbia, SC"
2779,Lexington County,SC,202502,1620.14,0.002,0.0517,"Columbia, SC"
2779,Lexington County,SC,202503,1626.41,0.0039,0.0521,"Columbia, SC"
2779,Lexington County,SC,202504,1636.98,0.0065,0.056,"Columbia, SC"
2779,Lexington County,SC,202505,1649.39,0.0076,0.0544,"Columbia, SC"
2779,Lexington County,SC,202506,1647.04,-0.0014,0.0484,"Columbia, SC"
2779,Lexington County,SC,202507,1650.96,0.0024,0.0424,"Columbia, SC"
2779,Lexington County,SC,202508,1648.69,-0.0014,0.0361,"Columbia, SC"
2779,Lexington County,SC,202509,1646.29,-0.0015,0.029,"Columbia, SC"
2779,Lexington County,SC,202510,1639.45,-0.0042,0.0238,"Columbia, SC"
2779,Lexington County,SC,202511,1645.38,0.0036,0.0232,"Columbia, SC"
2779,Lexington County,SC,202512,1649.93,0.0028,0.0213,"Columbia, SC"
2779,Lexington County,SC,202601,1655.83,0.0036,0.0241,"Columbia, SC"
2779,Lexington County,SC,202602,1650.17,-0.0034,0.0185,"Columbia, SC"
2779,Lexington County,SC,202603,1663.17,0.0079,0.0226,"Columbia, SC"
2779,Lexington County,SC,202604,1663.95,0.0005,0.0165,"Columbia, SC"
2779,Lexington County,SC,202605,1671.28,0.0044,0.0133,"Columbia, SC"
2779,Lexington County,SC,202606,1671.41,0.0001,0.0148,"Columbia, SC"
2779,Lexington County,SC,202607,1682.17,0.0064,0.0189,"Columbia, SC"
2779,Lexington County,SC,202608,1685.63,0.0021,0.0224,"Columbia, SC"
2897,Charleston County,SC,201501,1101.1,,,"Charleston-North Charleston, SC"
2897,Charleston County,SC,201502,1108.17,0.0064,,"Charleston-North Charleston, SC"
2897,Charleston County,SC,201503,1126.71,0.0167,,"Charleston-North Charleston, SC"
2897,Charleston County,SC,201504,1126.46,-0.0002,,"Charleston-North Charleston, SC"
2897,Charleston County,SC,201505,1136.21,0.0087,,"Charleston-North Charleston, SC"
2897,Charleston County,SC,201506,1142.06,0.0051,,"Charleston-North Charleston, SC"
2897,Charleston County,SC,201507,1154.97,0.0113,,"Charleston-North Charleston, SC"
2897,Charleston County,SC,201508,1155.83,0.0007,,"Charleston-North Charleston, SC"
2897,Charleston County,SC,201509,1155.83,0.0,,"Charleston-North Charleston, SC"
2897,Charleston County,SC,201510,1159.3,0.003,,"Charleston-North Charleston, SC"
2897,Charleston County,SC,201511,1162.97,0.0032,,"Charleston-North Charleston, SC"
2897,Charleston County,SC,201512,1164.35,0.0012,,"Charleston-North Charleston, SC"
2897,Charleston County,SC,201601,1166.52,0.0019,0.0594,"Charleston-North Charleston, SC"
2897,Charleston County,SC,201602,1173.89,0.0063,0.0593,"Charleston-North Charleston, SC"
2897,Charleston County,SC,201603,1190.29,0.014,0.0564,"Charleston-North Charleston, SC"
2897,Charleston County,SC,201604,1200.93,0.0089,0.0661,"Charleston-North Charleston, SC"
2897,Charleston County,SC,201605,1210.62,0.0081,0.0655,"Charleston-North Charleston, SC"
2897,Charleston County,SC,201606,1216.92,0.0052,0.0655,"Charleston-North Charleston, SC"
2897,Charleston County,SC,201607,1221.11,0.0034,0.0573,"Charleston-North Charleston, SC"
2897,Charleston County,SC,201608,1222.9,0.0015,0.058,"Charleston-North Charleston, SC"
2897,Charleston County,SC,201609,1220.9,-0.0016,0.0563,"Charleston-North Charleston, SC"
2897,Charleston County,SC,201610,1214.49,-0.0052,0.0476,"Charleston-North Charleston, SC"
2897,Charleston County,SC,201611,1209.66,-0.004,0.0401,"Charleston-North Charleston, SC"
2897,Charleston County,SC,201612,1210.51,0.0007,0.0396,"Charleston-North Charleston, SC"
2897,Charleston County,SC,201701,1225.37,0.0123,0.0505,"Charleston-North Charleston, SC"
2897,Charleston County,SC,201702,1239.08,0.0112,0.0555,"Charleston-North Charleston, SC"
2897,Charleston County,SC,201703,1245.74,0.0054,0.0466,"Charleston-North Charleston, SC"
2897,Charleston County,SC,201704,1253.31,0.0061,0.0436,"Charleston-North Charleston, SC"
2897,Charleston County,SC,201705,1265.99,0.0101,0.0457,"Charleston-North Charleston, SC"
2897,Charleston County,SC,201706,1274.38,0.0066,0.0472,"Charleston-North Charleston, SC"
2897,Charleston County,SC,201707,1276.52,0.0017,0.0454,"Charleston-North Charleston, SC"
2897,Charleston County,SC,201708,1271.76,-0.0037,0.0399,"Charleston-North Charleston, SC"
2897,Charleston County,SC,201709,1276.0,0.0033,0.0451,"Charleston-North Charleston, SC"
2897,Charleston County,SC,201710,1276.2,0.0002,0.0508,"Charleston-North Charleston, SC"
2897,Charleston County,SC,201711,1282.19,0.0047,0.06,"Charleston-North Charleston, SC"
2897,Charleston County,SC,201712,1279.78,-0.0019,0.0572,"Charleston-North Charleston, SC"
2897,Charleston County,SC,201801,1283.09,0.0026,0.0471,"Charleston-North Charleston, SC"
2897,Charleston County,SC,201802,1294.33,0.0088,0.0446,"Charleston-North Charleston, SC"
2897,Charleston County,SC,201803,1302.72,0.0065,0.0457,"Charleston-North Charleston, SC"
2897,Charleston County,SC,201804,1312.28,0.0073,0.0471,"Charleston-North Charleston, SC"
2897,Charleston County,SC,201805,1308.06,-0.0032,0.0332,"Charleston-North Charleston, SC"
2897,Charleston County,SC,201806,1312.49,0.0034,0.0299,"Charleston-North Charleston, SC"
2897,Charleston County,SC,201807,1316.04,0.0027,0.031,"Charleston-North Charleston, SC"
2897,Charleston County,SC,201808,1319.55,0.0027,0.0376,"Charleston-North Charleston, SC"
2897,Charleston County,SC,201809,1316.92,-0.002,0.0321,"Charleston-North Charleston, SC"
2897,Charleston County,SC,201810,1311.97,-0.0038,0.028,"Charleston-North Charleston, SC"
2897,Charleston County,SC,201811,1310.81,-0.0009,0.0223,"Charleston-North Charleston, SC"
2897,Charleston County,SC,201812,1316.31,0.0042,0.0285,"Charleston-North Charleston, SC"
2897,Charleston County,SC,201901,1321.15,0.0037,0.0297,"Charleston-North Charleston, SC"
2897,Charleston County,SC,201902,1332.54,0.0086,0.0295,"Charleston-North Charleston, SC"
2897,Charleston County,SC,201903,1343.12,0.0079,0.031,"Charleston-North Charleston, SC"
2897,Charleston County,SC,201904,1352.93,0.0073,0.031,"Charleston-North Charleston, SC"
2897,Charleston County,SC,201905,1359.36,0.0048,0.0392,"Charleston-North Charleston, SC"
2897,Charleston County,SC,201906,1364.83,0.004,0.0399,"Charleston-North Charleston, SC"
2897,Charleston County,SC,201907,1369.03,0.0031,0.0403,"Charleston-North Charleston, SC"
2897,Charleston County,SC,201908,1368.58,-0.0003,0.0372,"Charleston-North Charleston, SC"
2897,Charleston County,SC,201909,1365.42,-0.0023,0.0368,"Charleston-North Charleston, SC"
2897,Charleston County,SC,201910,1373.12,0.0056,0.0466,"Charleston-North Charleston, SC"
2897,Charleston County,SC,201911,1372.38,-0.0005,0.047,"Charleston-North Charleston, SC"
2897,Charleston County,SC,201912,1373.8,0.001,0.0437,"Charleston-North Charleston, SC"
2897,Charleston County,SC,202001,1370.46,-0.0024,0.0373,"Charleston-North Charleston, SC"
2897,Charleston County,SC,202002,1378.21,0.0057,0.0343,"Charleston-North Charleston, SC"
2897,Charleston County,SC,202003,1388.44,0.0074,0.0337,"Charleston-North Charleston, SC"
2897,Charleston County,SC,202004,1379.66,-0.0063,0.0198,"Charleston-North Charleston, SC"
2897,Charleston County,SC,202005,1371.86,-0.0057,0.0092,"Charleston-North Charleston, SC"
2897,Charleston County,SC,202006,1369.67,-0.0016,0.0035,"Charleston-North Charleston, SC"
2897,Charleston County,SC,202007,1382.12,0.0091,0.0096,"Charleston-North Charleston, SC"
2897,Charleston County,SC,202008,1392.52,0.0075,0.0175,"Charleston-North Charleston, SC"
2897,Charleston County,SC,202009,1394.84,0.0017,0.0215,"Charleston-North Charleston, SC"
2897,Charleston County,SC,202010,1392.93,-0.0014,0.0144,"Charleston-North Charleston, SC"
2897,Charleston County,SC,202011,1393.41,0.0003,0.0153,"Charleston-North Charleston, SC"
2897,Charleston County,SC,202012,1401.74,0.006,0.0203,"Charleston-North Charleston, SC"
2897,Charleston County,SC,202101,1417.32,0.0111,0.0342,"Charleston-North Charleston, SC"
2897,Charleston County,SC,202102,1437.95,0.0146,0.0433,"Charleston-North Charleston, SC"
2897,Charleston County,SC,202103,1456.07,0.0126,0.0487,"Charleston-North Charleston, SC"
2897,Charleston County,SC,202104,1472.53,0.0113,0.0673,"Charleston-North Charleston, SC"
2897,Charleston County,SC,202105,1497.78,0.0171,0.0918,"Charleston-North Charleston, SC"
2897,Charleston County,SC,202106,1526.22,0.019,0.1143,"Charleston-North Charleston, SC"
2897,Charleston County,SC,202107,1564.83,0.0253,0.1322,"Charleston-North Charleston, SC"
2897,Charleston County,SC,202108,1595.68,0.0197,0.1459,"Charleston-North Charleston, SC"
2897,Charleston County,SC,202109,1620.63,0.0156,0.1619,"Charleston-North Charleston, SC"
2897,Charleston County,SC,202110,1635.78,0.0093,0.1743,"Charleston-North Charleston, SC"
2897,Charleston County,SC,202111,1645.13,0.0057,0.1807,"Charleston-North Charleston, SC"
2897,Charleston County,SC,202112,1652.07,0.0042,0.1786,"Charleston-North Charleston, SC"
2897,Charleston County,SC,202201,1653.8,0.0011,0.1669,"Charleston-North Charleston, SC"
2897,Charleston County,SC,202202,1669.76,0.0096,0.1612,"Charleston-North Charleston, SC"
2897,Charleston County,SC,202203,1693.58,0.0143,0.1631,"Charleston-North Charleston, SC"
2897,Charleston County,SC,202204,1738.59,0.0266,0.1807,"Charleston-North Charleston, SC"
2897,Charleston County,SC,202205,1780.21,0.0239,0.1886,"Charleston-North Charleston, SC"
2897,Charleston County,SC,202206,1819.42,0.022,0.1921,"Charleston-North Charleston, SC"
2897,Charleston County,SC,202207,1849.38,0.0165,0.1818,"Charleston-North Charleston, SC"
2897,Charleston County,SC,202208,1869.6,0.0109,0.1717,"Charleston-North Charleston, SC"
2897,Charleston County,SC,202209,1873.65,0.0022,0.1561,"Charleston-North Charleston, SC"
2897,Charleston County,SC,202210,1872.25,-0.0007,0.1446,"Charleston-North Charleston, SC"
2897,Charleston County,SC,202211,1857.43,-0.0079,0.129,"Charleston-North Charleston, SC"
2897,Charleston County,SC,202212,1857.11,-0.0002,0.1241,"Charleston-North Charleston, SC"
2897,Charleston County,SC,202301,1852.19,-0.0026,0.12,"Charleston-North Charleston, SC"
2897,Charleston County,SC,202302,1869.04,0.0091,0.1193,"Charleston-North Charleston, SC"
2897,Charleston County,SC,202303,1889.66,0.011,0.1158,"Charleston-North Charleston, SC"
2897,Charleston County,SC,202304,1914.14,0.013,0.101,"Charleston-North Charleston, SC"
2897,Charleston County,SC,202305,1939.28,0.0131,0.0894,"Charleston-North Charleston, SC"
2897,Charleston County,SC,202306,1954.59,0.0079,0.0743,"Charleston-North Charleston, SC"
2897,Charleston County,SC,202307,1974.49,0.0102,0.0676,"Charleston-North Charleston, SC"
2897,Charleston County,SC,202308,1977.34,0.0014,0.0576,"Charleston-North Charleston, SC"
2897,Charleston County,SC,202309,1969.16,-0.0041,0.051,"Charleston-North Charleston, SC"
2897,Charleston County,SC,202310,1959.09,-0.0051,0.0464,"Charleston-North Charleston, SC"
2897,Charleston County,SC,202311,1950.89,-0.0042,0.0503,"Charleston-North Charleston, SC"
2897,Charleston County,SC,202312,1960.09,0.0047,0.0555,"Charleston-North Charleston, SC"
2897,Charleston County,SC,202401,1963.43,0.0017,0.0601,"Charleston-North Charleston, SC"
2897,Charleston County,SC,202402,1969.67,0.0032,0.0538,"Charleston-North Charleston, SC"
2897,Charleston County,SC,202403,1975.69,0.0031,0.0455,"Charleston-North Charleston, SC"
2897,Charleston County,SC,202404,1986.61,0.0055,0.0379,"Charleston-North Charleston, SC"
2897,Charleston County,SC,202405,2005.42,0.0095,0.0341,"Charleston-North Charleston, SC"
2897,Charleston County,SC,202406,2025.93,0.0102,0.0365,"Charleston-North Charleston, SC"
2897,Charleston County,SC,202407,2040.48,0.0072,0.0334,"Charleston-North Charleston, SC"
2897,Charleston County,SC,202408,2043.78,0.0016,0.0336,"Charleston-North Charleston, SC"
2897,Charleston County,SC,202409,2041.42,-0.0012,0.0367,"Charleston-North Charleston, SC"
2897,Charleston County,SC,202410,2036.08,-0.0026,0.0393,"Charleston-North Charleston, SC"
2897,Charleston County,SC,202411,2023.91,-0.006,0.0374,"Charleston-North Charleston, SC"
2897,Charleston County,SC,202412,2012.32,-0.0057,0.0266,"Charleston-North Charleston, SC"
2897,Charleston County,SC,202501,2011.57,-0.0004,0.0245,"Charleston-North Charleston, SC"
2897,Charleston County,SC,202502,2024.08,0.0062,0.0276,"Charleston-North Charleston, SC"
2897,Charleston County,SC,202503,2036.32,0.006,0.0307,"Charleston-North Charleston, SC"
2897,Charleston County,SC,202504,2050.5,0.007,0.0322,"Charleston-North Charleston, SC"
2897,Charleston County,SC,202505,2067.66,0.0084,0.031,"Charleston-North Charleston, SC"
2897,Charleston County,SC,202506,2082.34,0.0071,0.0278,"Charleston-North Charleston, SC"
2897,Charleston County,SC,202507,2085.26,0.0014,0.0219,"Charleston-North Charleston, SC"
2897,Charleston County,SC,202508,2080.84,-0.0021,0.0181,"Charleston-North Charleston, SC"
2897,Charleston County,SC,202509,2068.26,-0.006,0.0132,"Charleston-North Charleston, SC"
2897,Charleston County,SC,202510,2066.95,-0.0006,0.0152,"Charleston-North Charleston, SC"
2897,Charleston County,SC,202511,2061.35,-0.0027,0.0185,"Charleston-North Charleston, SC"
2897,Charleston County,SC,202512,2062.13,0.0004,0.0248,"Charleston-North Charleston, SC"
2897,Charleston County,SC,202601,2068.79,0.0032,0.0284,"Charleston-North Charleston, SC"
2897,Charleston County,SC,202602,2085.28,0.008,0.0302,"Charleston-North Charleston, SC"
2897,Charleston County,SC,202603,2101.51,0.0078,0.032,"Charleston-North Charleston, SC"
2897,Charleston County,SC,202604,2108.74,0.0034,0.0284,"Charleston-North Charleston, SC"
2897,Charleston County,SC,202605,2116.25,0.0036,0.0235,"Charleston-North Charleston, SC"
2897,Charleston County,SC,202606,2141.28,0.0118,0.0283,"Charleston-North Charleston, SC"
2897,Charleston County,SC,202607,2157.87,0.0077,0.0348,"Charleston-North Charleston, SC"
2897,Charleston County,SC,202608,2165.64,0.0036,0.0408,"Charleston-North Charleston, SC"
2917,Darlington County,SC,202603,1225.95,,,"Florence, SC"
2917,Darlington County,SC,202604,1219.25,-0.0055,,"Florence, SC"
2917,Darlington County,SC,202605,1205.23,-0.0115,,"Florence, SC"
2917,Darlington County,SC,202606,1230.32,0.0208,,"Florence, SC"
2917,Darlington County,SC,202607,1247.97,0.0143,,"Florence, SC"
2917,Darlington County,SC,202608,1247.04,-0.0007,,"Florence, SC"
2923,Dorchester County,SC,201501,957.19,,,"Charleston-North Charleston, SC"
2923,Dorchester County,SC,201502,966.58,0.0098,,"Charleston-North Charleston, SC"
2923,Dorchester County,SC,201503,968.36,0.0018,,"Charleston-North Charleston, SC"
2923,Dorchester County,SC,201504,971.08,0.0028,,"Charleston-North Charleston, SC"
2923,Dorchester County,SC,201505,968.54,-0.0026,,"Charleston-North Charleston, SC"
2923,Dorchester County,SC,201506,982.73,0.0147,,"Charleston-North Charleston, SC"
2923,Dorchester County,SC,201507,985.07,0.0024,,"Charleston-North Charleston, SC"
2923,Dorchester County,SC,201508,995.45,0.0105,,"Charleston-North Charleston, SC"
2923,Dorchester County,SC,201509,997.76,0.0023,,"Charleston-North Charleston, SC"
2923,Dorchester County,SC,201510,1005.53,0.0078,,"Charleston-North Charleston, SC"
2923,Dorchester County,SC,201511,1001.48,-0.004,,"Charleston-North Charleston, SC"
2923,Dorchester County,SC,201512,998.99,-0.0025,,"Charleston-North Charleston, SC"
2923,Dorchester County,SC,201601,1002.26,0.0033,0.0471,"Charleston-North Charleston, SC"
2923,Dorchester County,SC,201602,1007.49,0.0052,0.0423,"Charleston-North Charleston, SC"
2923,Dorchester County,SC,201603,1005.48,-0.002,0.0383,"Charleston-North Charleston, SC"
2923,Dorchester County,SC,201604,1006.98,0.0015,0.037,"Charleston-North Charleston, SC"
2923,Dorchester County,SC,201605,1018.76,0.0117,0.0519,"Charleston-North Charleston, SC"
2923,Dorchester County,SC,201606,1038.71,0.0196,0.057,"Charleston-North Charleston, SC"
2923,Dorchester County,SC,201607,1049.38,0.0103,0.0653,"Charleston-North Charleston, SC"
2923,Dorchester County,SC,201608,1048.82,-0.0005,0.0536,"Charleston-North Charleston, SC"
2923,Dorchester County,SC,201609,1042.42,-0.0061,0.0448,"Charleston-North Charleston, SC"
2923,Dorchester County,SC,201610,1035.43,-0.0067,0.0297,"Charleston-North Charleston, SC"
2923,Dorchester County,SC,201611,1041.15,0.0055,0.0396,"Charleston-North Charleston, SC"
2923,Dorchester County,SC,201612,1039.99,-0.0011,0.041,"Charleston-North Charleston, SC"
2923,Dorchester County,SC,201701,1050.68,0.0103,0.0483,"Charleston-North Charleston, SC"
2923,Dorchester County,SC,201702,1051.42,0.0007,0.0436,"Charleston-North Charleston, SC"
2923,Dorchester County,SC,201703,1064.25,0.0122,0.0584,"Charleston-North Charleston, SC"
2923,Dorchester County,SC,201704,1073.56,0.0087,0.0661,"Charleston-North Charleston, SC"
2923,Dorchester County,SC,201705,1081.47,0.0074,0.0616,"Charleston-North Charleston, SC"
2923,Dorchester County,SC,201706,1087.97,0.006,0.0474,"Charleston-North Charleston, SC"
2923,Dorchester County,SC,201707,1085.18,-0.0026,0.0341,"Charleston-North Charleston, SC"
2923,Dorchester County,SC,201708,1085.91,0.0007,0.0354,"Charleston-North Charleston, SC"
2923,Dorchester County,SC,201709,1082.48,-0.0032,0.0384,"Charleston-North Charleston, SC"
2923,Dorchester County,SC,201710,1086.81,0.004,0.0496,"Charleston-North Charleston, SC"
2923,Dorchester County,SC,201711,1094.25,0.0068,0.051,"Charleston-North Charleston, SC"
2923,Dorchester County,SC,201712,1098.19,0.0036,0.056,"Charleston-North Charleston, SC"
2923,Dorchester County,SC,201801,1100.21,0.0018,0.0471,"Charleston-North Charleston, SC"
2923,Dorchester County,SC,201802,1097.6,-0.0024,0.0439,"Charleston-North Charleston, SC"
2923,Dorchester County,SC,201803,1107.12,0.0087,0.0403,"Charleston-North Charleston, SC"
2923,Dorchester County,SC,201804,1115.42,0.0075,0.039,"Charleston-North Charleston, SC"
2923,Dorchester County,SC,201805,1121.86,0.0058,0.0373,"Charleston-North Charleston, SC"
2923,Dorchester County,SC,201806,1121.75,-0.0001,0.031,"Charleston-North Charleston, SC"
2923,Dorchester County,SC,201807,1124.23,0.0022,0.036,"Charleston-North Charleston, SC"
2923,Dorchester County,SC,201808,1129.19,0.0044,0.0399,"Charleston-North Charleston, SC"
2923,Dorchester County,SC,201809,1134.11,0.0044,0.0477,"Charleston-North Charleston, SC"
2923,Dorchester County,SC,201810,1136.69,0.0023,0.0459,"Charleston-North Charleston, SC"
2923,Dorchester County,SC,201811,1134.63,-0.0018,0.0369,"Charleston-North Charleston, SC"
2923,Dorchester County,SC,201812,1132.93,-0.0015,0.0316,"Charleston-North Charleston, SC"
2923,Dorchester County,SC,201901,1144.12,0.0099,0.0399,"Charleston-North Charleston, SC"
2923,Dorchester County,SC,201902,1145.73,0.0014,0.0439,"Charleston-North Charleston, SC"
2923,Dorchester County,SC,201903,1156.5,0.0094,0.0446,"Charleston-North Charleston, SC"
2923,Dorchester County,SC,201904,1152.56,-0.0034,0.0333,"Charleston-North Charleston, SC"
2923,Dorchester County,SC,201905,1169.74,0.0149,0.0427,"Charleston-North Charleston, SC"
2923,Dorchester County,SC,201906,1175.39,0.0048,0.0478,"Charleston-North Charleston, SC"
2923,Dorchester County,SC,201907,1178.51,0.0027,0.0483,"Charleston-North Charleston, SC"
2923,Dorchester County,SC,201908,1170.88,-0.0065,0.0369,"Charleston-North Charleston, SC"
2923,Dorchester County,SC,201909,1170.04,-0.0007,0.0317,"Charleston-North Charleston, SC"
2923,Dorchester County,SC,201910,1172.4,0.002,0.0314,"Charleston-North Charleston, SC"
2923,Dorchester County,SC,201911,1182.39,0.0085,0.0421,"Charleston-North Charleston, SC"
2923,Dorchester County,SC,201912,1183.39,0.0008,0.0445,"Charleston-North Charleston, SC"
2923,Dorchester County,SC,202001,1192.48,0.0077,0.0423,"Charleston-North Charleston, SC"
2923,Dorchester County,SC,202002,1190.4,-0.0017,0.039,"Charleston-North Charleston, SC"
2923,Dorchester County,SC,202003,1198.39,0.0067,0.0362,"Charleston-North Charleston, SC"
2923,Dorchester County,SC,202004,1200.37,0.0017,0.0415,"Charleston-North Charleston, SC"
2923,Dorchester County,SC,202005,1203.45,0.0026,0.0288,"Charleston-North Charleston, SC"
2923,Dorchester County,SC,202006,1205.62,0.0018,0.0257,"Charleston-North Charleston, SC"
2923,Dorchester County,SC,202007,1209.22,0.003,0.0261,"Charleston-North Charleston, SC"
2923,Dorchester County,SC,202008,1219.37,0.0084,0.0414,"Charleston-North Charleston, SC"
2923,Dorchester County,SC,202009,1220.76,0.0011,0.0433,"Charleston-North Charleston, SC"
2923,Dorchester County,SC,202010,1223.92,0.0026,0.0439,"Charleston-North Charleston, SC"
2923,Dorchester County,SC,202011,1221.22,-0.0022,0.0328,"Charleston-North Charleston, SC"
2923,Dorchester County,SC,202012,1223.3,0.0017,0.0337,"Charleston-North Charleston, SC"
2923,Dorchester County,SC,202101,1228.25,0.004,0.03,"Charleston-North Charleston, SC"
2923,Dorchester County,SC,202102,1235.63,0.006,0.038,"Charleston-North Charleston, SC"
2923,Dorchester County,SC,202103,1246.04,0.0084,0.0398,"Charleston-North Charleston, SC"
2923,Dorchester County,SC,202104,1262.96,0.0136,0.0521,"Charleston-North Charleston, SC"
2923,Dorchester County,SC,202105,1281.94,0.015,0.0652,"Charleston-North Charleston, SC"
2923,Dorchester County,SC,202106,1310.51,0.0223,0.087,"Charleston-North Charleston, SC"
2923,Dorchester County,SC,202107,1334.08,0.018,0.1033,"Charleston-North Charleston, SC"
2923,Dorchester County,SC,202108,1367.37,0.0249,0.1214,"Charleston-North Charleston, SC"
2923,Dorchester County,SC,202109,1379.18,0.0086,0.1298,"Charleston-North Charleston, SC"
2923,Dorchester County,SC,202110,1405.06,0.0188,0.148,"Charleston-North Charleston, SC"
2923,Dorchester County,SC,202111,1410.43,0.0038,0.1549,"Charleston-North Charleston, SC"
2923,Dorchester County,SC,202112,1420.24,0.007,0.161,"Charleston-North Charleston, SC"
2923,Dorchester County,SC,202201,1413.78,-0.0045,0.1511,"Charleston-North Charleston, SC"
2923,Dorchester County,SC,202202,1414.73,0.0007,0.1449,"Charleston-North Charleston, SC"
2923,Dorchester County,SC,202203,1428.66,0.0098,0.1466,"Charleston-North Charleston, SC"
2923,Dorchester County,SC,202204,1442.66,0.0098,0.1423,"Charleston-North Charleston, SC"
2923,Dorchester County,SC,202205,1461.2,0.0128,0.1398,"Charleston-North Charleston, SC"
2923,Dorchester County,SC,202206,1483.41,0.0152,0.1319,"Charleston-North Charleston, SC"
2923,Dorchester County,SC,202207,1500.27,0.0114,0.1246,"Charleston-North Charleston, SC"
2923,Dorchester County,SC,202208,1522.41,0.0148,0.1134,"Charleston-North Charleston, SC"
2923,Dorchester County,SC,202209,1534.1,0.0077,0.1123,"Charleston-North Charleston, SC"
2923,Dorchester County,SC,202210,1542.68,0.0056,0.0979,"Charleston-North Charleston, SC"
2923,Dorchester County,SC,202211,1550.89,0.0053,0.0996,"Charleston-North Charleston, SC"
2923,Dorchester County,SC,202212,1546.31,-0.003,0.0888,"Charleston-North Charleston, SC"
2923,Dorchester County,SC,202301,1547.64,0.0009,0.0947,"Charleston-North Charleston, SC"
2923,Dorchester County,SC,202302,1538.04,-0.0062,0.0872,"Charleston-North Charleston, SC"
2923,Dorchester County,SC,202303,1553.26,0.0099,0.0872,"Charleston-North Charleston, SC"
2923,Dorchester County,SC,202304,1568.23,0.0096,0.087,"Charleston-North Charleston, SC"
2923,Dorchester County,SC,202305,1586.42,0.0116,0.0857,"Charleston-North Charleston, SC"
2923,Dorchester County,SC,202306,1597.21,0.0068,0.0767,"Charleston-North Charleston, SC"
2923,Dorchester County,SC,202307,1607.2,0.0063,0.0713,"Charleston-North Charleston, SC"
2923,Dorchester County,SC,202308,1629.48,0.0139,0.0703,"Charleston-North Charleston, SC"
2923,Dorchester County,SC,202309,1630.72,0.0008,0.063,"Charleston-North Charleston, SC"
2923,Dorchester County,SC,202310,1631.5,0.0005,0.0576,"Charleston-North Charleston, SC"
2923,Dorchester County,SC,202311,1621.44,-0.0062,0.0455,"Charleston-North Charleston, SC"
2923,Dorchester County,SC,202312,1632.16,0.0066,0.0555,"Charleston-North Charleston, SC"
2923,Dorchester County,SC,202401,1633.65,0.0009,0.0556,"Charleston-North Charleston, SC"
2923,Dorchester County,SC,202402,1636.88,0.002,0.0643,"Charleston-North Charleston, SC"
2923,Dorchester County,SC,202403,1631.08,-0.0035,0.0501,"Charleston-North Charleston, SC"
2923,Dorchester County,SC,202404,1627.42,-0.0022,0.0377,"Charleston-North Charleston, SC"
2923,Dorchester County,SC,202405,1628.5,0.0007,0.0265,"Charleston-North Charleston, SC"
2923,Dorchester County,SC,202406,1646.78,0.0112,0.031,"Charleston-North Charleston, SC"
2923,Dorchester County,SC,202407,1665.36,0.0113,0.0362,"Charleston-North Charleston, SC"
2923,Dorchester County,SC,202408,1676.62,0.0068,0.0289,"Charleston-North Charleston, SC"
2923,Dorchester County,SC,202409,1665.47,-0.0067,0.0213,"Charleston-North Charleston, SC"
2923,Dorchester County,SC,202410,1655.48,-0.006,0.0147,"Charleston-North Charleston, SC"
2923,Dorchester County,SC,202411,1651.65,-0.0023,0.0186,"Charleston-North Charleston, SC"
2923,Dorchester County,SC,202412,1648.97,-0.0016,0.0103,"Charleston-North Charleston, SC"
2923,Dorchester County,SC,202501,1652.17,0.0019,0.0113,"Charleston-North Charleston, SC"
2923,Dorchester County,SC,202502,1645.64,-0.004,0.0054,"Charleston-North Charleston, SC"
2923,Dorchester County,SC,202503,1651.25,0.0034,0.0124,"Charleston-North Charleston, SC"
2923,Dorchester County,SC,202504,1660.37,0.0055,0.0202,"Charleston-North Charleston, SC"
2923,Dorchester County,SC,202505,1673.41,0.0079,0.0276,"Charleston-North Charleston, SC"
2923,Dorchester County,SC,202506,1678.58,0.0031,0.0193,"Charleston-North Charleston, SC"
2923,Dorchester County,SC,202507,1677.45,-0.0007,0.0073,"Charleston-North Charleston, SC"
2923,Dorchester County,SC,202508,1674.23,-0.0019,-0.0014,"Charleston-North Charleston, SC"
2923,Dorchester County,SC,202509,1670.92,-0.002,0.0033,"Charleston-North Charleston, SC"
2923,Dorchester County,SC,202510,1660.79,-0.0061,0.0032,"Charleston-North Charleston, SC"
2923,Dorchester County,SC,202511,1665.05,0.0026,0.0081,"Charleston-North Charleston, SC"
2923,Dorchester County,SC,202512,1678.25,0.0079,0.0178,"Charleston-North Charleston, SC"
2923,Dorchester County,SC,202601,1706.37,0.0168,0.0328,"Charleston-North Charleston, SC"
2923,Dorchester County,SC,202602,1714.05,0.0045,0.0416,"Charleston-North Charleston, SC"
2923,Dorchester County,SC,202603,1714.51,0.0003,0.0383,"Charleston-North Charleston, SC"
2923,Dorchester County,SC,202604,1710.92,-0.0021,0.0304,"Charleston-North Charleston, SC"
2923,Dorchester County,SC,202605,1719.57,0.0051,0.0276,"Charleston-North Charleston, SC"
2923,Dorchester County,SC,202606,1733.21,0.0079,0.0325,"Charleston-North Charleston, SC"
2923,Dorchester County,SC,202607,1743.54,0.006,0.0394,"Charleston-North Charleston, SC"
2923,Dorchester County,SC,202608,1755.23,0.0067,0.0484,"Charleston-North Charleston, SC"
2928,Georgetown County,SC,202404,1617.72,,,"Georgetown, SC"
2928,Georgetown County,SC,202405,1631.76,0.0087,,"Georgetown, SC"
2928,Georgetown County,SC,202406,1622.12,-0.0059,,"Georgetown, SC"
2928,Georgetown County,SC,202407,1637.59,0.0095,,"Georgetown, SC"
2928,Georgetown County,SC,202408,1621.13,-0.01,,"Georgetown, SC"
2928,Georgetown County,SC,202409,1650.46,0.0181,,"Georgetown, SC"
2928,Georgetown County,SC,202410,1643.85,-0.004,,"Georgetown, SC"
2928,Georgetown County,SC,202411,1671.21,0.0166,,"Georgetown, SC"
2928,Georgetown County,SC,202412,1636.83,-0.0206,,"Georgetown, SC"
2928,Georgetown County,SC,202501,1619.35,-0.0107,,"Georgetown, SC"
2928,Georgetown County,SC,202502,1627.11,0.0048,,"Georgetown, SC"
2928,Georgetown County,SC,202503,1639.51,0.0076,,"Georgetown, SC"
2928,Georgetown County,SC,202504,1678.56,0.0238,0.0376,"Georgetown, SC"
2928,Georgetown County,SC,202505,1660.63,-0.0107,0.0177,"Georgetown, SC"
2928,Georgetown County,SC,202506,1693.69,0.0199,0.0441,"Georgetown, SC"
2928,Georgetown County,SC,202507,1671.91,-0.0129,0.021,"Georgetown, SC"
2928,Georgetown County,SC,202508,1705.89,0.0203,0.0523,"Georgetown, SC"
2928,Georgetown County,SC,202509,1710.94,0.003,0.0366,"Georgetown, SC"
2928,Georgetown County,SC,202510,1706.48,-0.0026,0.0381,"Georgetown, SC"
2928,Georgetown County,SC,202511,1669.13,-0.0219,-0.0012,"Georgetown, SC"
2928,Georgetown County,SC,202512,1661.08,-0.0048,0.0148,"Georgetown, SC"
2928,Georgetown County,SC,202601,1713.61,0.0316,0.0582,"Georgetown, SC"
2928,Georgetown County,SC,202602,1745.03,0.0183,0.0725,"Georgetown, SC"
2928,Georgetown County,SC,202603,1749.52,0.0026,0.0671,"Georgetown, SC"
2928,Georgetown County,SC,202604,1803.13,0.0306,0.0742,"Georgetown, SC"
2928,Georgetown County,SC,202605,1816.57,0.0075,0.0939,"Georgetown, SC"
2928,Georgetown County,SC,202606,1838.12,0.0119,0.0853,"Georgetown, SC"
2928,Georgetown County,SC,202607,1757.27,-0.044,0.0511,"Georgetown, SC"
2928,Georgetown County,SC,202608,1760.28,0.0017,0.0319,"Georgetown, SC"
2934,Greenville County,SC,201501,937.85,,,"Greenville-Anderson, SC"
2934,Greenville County,SC,201502,939.01,0.0012,,"Greenville-Anderson, SC"
2934,Greenville County,SC,201503,941.33,0.0025,,"Greenville-Anderson, SC"
2934,Greenville County,SC,201504,952.53,0.0119,,"Greenville-Anderson, SC"
2934,Greenville County,SC,201505,962.04,0.01,,"Greenville-Anderson, SC"
2934,Greenville County,SC,201506,971.82,0.0102,,"Greenville-Anderson, SC"
2934,Greenville County,SC,201507,975.4,0.0037,,"Greenville-Anderson, SC"
2934,Greenville County,SC,201508,976.32,0.0009,,"Greenville-Anderson, SC"
2934,Greenville County,SC,201509,979.95,0.0037,,"Greenville-Anderson, SC"
2934,Greenville County,SC,201510,974.29,-0.0058,,"Greenville-Anderson, SC"
2934,Greenville County,SC,201511,978.18,0.004,,"Greenville-Anderson, SC"
2934,Greenville County,SC,201512,975.56,-0.0027,,"Greenville-Anderson, SC"
2934,Greenville County,SC,201601,983.46,0.0081,0.0486,"Greenville-Anderson, SC"
2934,Greenville County,SC,201602,986.27,0.0029,0.0503,"Greenville-Anderson, SC"
2934,Greenville County,SC,201603,995.73,0.0096,0.0578,"Greenville-Anderson, SC"
2934,Greenville County,SC,201604,1001.13,0.0054,0.051,"Greenville-Anderson, SC"
2934,Greenville County,SC,201605,1010.24,0.0091,0.0501,"Greenville-Anderson, SC"
2934,Greenville County,SC,201606,1014.32,0.004,0.0437,"Greenville-Anderson, SC"
2934,Greenville County,SC,201607,1019.95,0.0055,0.0457,"Greenville-Anderson, SC"
2934,Greenville County,SC,201608,1018.23,-0.0017,0.0429,"Greenville-Anderson, SC"
2934,Greenville County,SC,201609,1017.37,-0.0008,0.0382,"Greenville-Anderson, SC"
2934,Greenville County,SC,201610,1014.06,-0.0033,0.0408,"Greenville-Anderson, SC"
2934,Greenville County,SC,201611,1009.42,-0.0046,0.0319,"Greenville-Anderson, SC"
2934,Greenville County,SC,201612,1008.39,-0.001,0.0337,"Greenville-Anderson, SC"
2934,Greenville County,SC,201701,1008.16,-0.0002,0.0251,"Greenville-Anderson, SC"
2934,Greenville County,SC,201702,1019.22,0.011,0.0334,"Greenville-Anderson, SC"
2934,Greenville County,SC,201703,1030.45,0.011,0.0349,"Greenville-Anderson, SC"
2934,Greenville County,SC,201704,1043.58,0.0127,0.0424,"Greenville-Anderson, SC"
2934,Greenville County,SC,201705,1050.01,0.0062,0.0394,"Greenville-Anderson, SC"
2934,Greenville County,SC,201706,1052.63,0.0025,0.0378,"Greenville-Anderson, SC"
2934,Greenville County,SC,201707,1055.57,0.0028,0.0349,"Greenville-Anderson, SC"
2934,Greenville County,SC,201708,1055.6,0.0,0.0367,"Greenville-Anderson, SC"
2934,Greenville County,SC,201709,1050.28,-0.005,0.0323,"Greenville-Anderson, SC"
2934,Greenville County,SC,201710,1046.17,-0.0039,0.0317,"Greenville-Anderson, SC"
2934,Greenville County,SC,201711,1044.41,-0.0017,0.0347,"Greenville-Anderson, SC"
2934,Greenville County,SC,201712,1050.64,0.006,0.0419,"Greenville-Anderson, SC"
2934,Greenville County,SC,201801,1055.0,0.0041,0.0465,"Greenville-Anderson, SC"
2934,Greenville County,SC,201802,1061.2,0.0059,0.0412,"Greenville-Anderson, SC"
2934,Greenville County,SC,201803,1070.7,0.009,0.0391,"Greenville-Anderson, SC"
2934,Greenville County,SC,201804,1082.14,0.0107,0.0369,"Greenville-Anderson, SC"
2934,Greenville County,SC,201805,1093.25,0.0103,0.0412,"Greenville-Anderson, SC"
2934,Greenville County,SC,201806,1098.0,0.0044,0.0431,"Greenville-Anderson, SC"
2934,Greenville County,SC,201807,1103.21,0.0047,0.0451,"Greenville-Anderson, SC"
2934,Greenville County,SC,201808,1105.63,0.0022,0.0474,"Greenville-Anderson, SC"
2934,Greenville County,SC,201809,1106.14,0.0005,0.0532,"Greenville-Anderson, SC"
2934,Greenville County,SC,201810,1103.16,-0.0027,0.0545,"Greenville-Anderson, SC"
2934,Greenville County,SC,201811,1103.8,0.0006,0.0569,"Greenville-Anderson, SC"
2934,Greenville County,SC,201812,1102.02,-0.0016,0.0489,"Greenville-Anderson, SC"
2934,Greenville County,SC,201901,1111.62,0.0087,0.0537,"Greenville-Anderson, SC"
2934,Greenville County,SC,201902,1112.35,0.0007,0.0482,"Greenville-Anderson, SC"
2934,Greenville County,SC,201903,1120.09,0.007,0.0461,"Greenville-Anderson, SC"
2934,Greenville County,SC,201904,1119.67,-0.0004,0.0347,"Greenville-Anderson, SC"
2934,Greenville County,SC,201905,1134.91,0.0136,0.0381,"Greenville-Anderson, SC"
2934,Greenville County,SC,201906,1146.65,0.0103,0.0443,"Greenville-Anderson, SC"
2934,Greenville County,SC,201907,1154.42,0.0068,0.0464,"Greenville-Anderson, SC"
2934,Greenville County,SC,201908,1146.38,-0.007,0.0369,"Greenville-Anderson, SC"
2934,Greenville County,SC,201909,1148.62,0.002,0.0384,"Greenville-Anderson, SC"
2934,Greenville County,SC,201910,1147.22,-0.0012,0.0399,"Greenville-Anderson, SC"
2934,Greenville County,SC,201911,1148.62,0.0012,0.0406,"Greenville-Anderson, SC"
2934,Greenville County,SC,201912,1138.08,-0.0092,0.0327,"Greenville-Anderson, SC"
2934,Greenville County,SC,202001,1140.17,0.0018,0.0257,"Greenville-Anderson, SC"
2934,Greenville County,SC,202002,1157.57,0.0153,0.0406,"Greenville-Anderson, SC"
2934,Greenville County,SC,202003,1169.31,0.0101,0.0439,"Greenville-Anderson, SC"
2934,Greenville County,SC,202004,1173.53,0.0036,0.0481,"Greenville-Anderson, SC"
2934,Greenville County,SC,202005,1165.17,-0.0071,0.0267,"Greenville-Anderson, SC"
2934,Greenville County,SC,202006,1165.76,0.0005,0.0167,"Greenville-Anderson, SC"
2934,Greenville County,SC,202007,1167.6,0.0016,0.0114,"Greenville-Anderson, SC"
2934,Greenville County,SC,202008,1177.5,0.0085,0.0271,"Greenville-Anderson, SC"
2934,Greenville County,SC,202009,1182.81,0.0045,0.0298,"Greenville-Anderson, SC"
2934,Greenville County,SC,202010,1190.55,0.0065,0.0378,"Greenville-Anderson, SC"
2934,Greenville County,SC,202011,1190.17,-0.0003,0.0362,"Greenville-Anderson, SC"
2934,Greenville County,SC,202012,1195.77,0.0047,0.0507,"Greenville-Anderson, SC"
2934,Greenville County,SC,202101,1200.61,0.0041,0.053,"Greenville-Anderson, SC"
2934,Greenville County,SC,202102,1210.15,0.0079,0.0454,"Greenville-Anderson, SC"
2934,Greenville County,SC,202103,1226.57,0.0136,0.049,"Greenville-Anderson, SC"
2934,Greenville County,SC,202104,1245.53,0.0155,0.0614,"Greenville-Anderson, SC"
2934,Greenville County,SC,202105,1269.06,0.0189,0.0892,"Greenville-Anderson, SC"
2934,Greenville County,SC,202106,1292.75,0.0187,0.1089,"Greenville-Anderson, SC"
2934,Greenville County,SC,202107,1317.89,0.0194,0.1287,"Greenville-Anderson, SC"
2934,Greenville County,SC,202108,1334.09,0.0123,0.133,"Greenville-Anderson, SC"
2934,Greenville County,SC,202109,1340.21,0.0046,0.1331,"Greenville-Anderson, SC"
2934,Greenville County,SC,202110,1341.19,0.0007,0.1265,"Greenville-Anderson, SC"
2934,Greenville County,SC,202111,1343.15,0.0015,0.1285,"Greenville-Anderson, SC"
2934,Greenville County,SC,202112,1347.63,0.0033,0.127,"Greenville-Anderson, SC"
2934,Greenville County,SC,202201,1354.53,0.0051,0.1282,"Greenville-Anderson, SC"
2934,Greenville County,SC,202202,1360.84,0.0047,0.1245,"Greenville-Anderson, SC"
2934,Greenville County,SC,202203,1376.63,0.0116,0.1223,"Greenville-Anderson, SC"
2934,Greenville County,SC,202204,1392.68,0.0117,0.1181,"Greenville-Anderson, SC"
2934,Greenville County,SC,202205,1415.07,0.0161,0.1151,"Greenville-Anderson, SC"
2934,Greenville County,SC,202206,1437.25,0.0157,0.1118,"Greenville-Anderson, SC"
2934,Greenville County,SC,202207,1458.59,0.0149,0.1068,"Greenville-Anderson, SC"
2934,Greenville County,SC,202208,1468.54,0.0068,0.1008,"Greenville-Anderson, SC"
2934,Greenville County,SC,202209,1470.59,0.0014,0.0973,"Greenville-Anderson, SC"
2934,Greenville County,SC,202210,1464.14,-0.0044,0.0917,"Greenville-Anderson, SC"
2934,Greenville County,SC,202211,1453.56,-0.0072,0.0822,"Greenville-Anderson, SC"
2934,Greenville County,SC,202212,1447.53,-0.0041,0.0741,"Greenville-Anderson, SC"
2934,Greenville County,SC,202301,1448.94,0.001,0.0697,"Greenville-Anderson, SC"
2934,Greenville County,SC,202302,1460.32,0.0079,0.0731,"Greenville-Anderson, SC"
2934,Greenville County,SC,202303,1469.05,0.006,0.0671,"Greenville-Anderson, SC"
2934,Greenville County,SC,202304,1477.4,0.0057,0.0608,"Greenville-Anderson, SC"
2934,Greenville County,SC,202305,1485.55,0.0055,0.0498,"Greenville-Anderson, SC"
2934,Greenville County,SC,202306,1490.79,0.0035,0.0373,"Greenville-Anderson, SC"
2934,Greenville County,SC,202307,1491.2,0.0003,0.0224,"Greenville-Anderson, SC"
2934,Greenville County,SC,202308,1488.89,-0.0016,0.0139,"Greenville-Anderson, SC"
2934,Greenville County,SC,202309,1488.49,-0.0003,0.0122,"Greenville-Anderson, SC"
2934,Greenville County,SC,202310,1492.29,0.0026,0.0192,"Greenville-Anderson, SC"
2934,Greenville County,SC,202311,1495.94,0.0024,0.0292,"Greenville-Anderson, SC"
2934,Greenville County,SC,202312,1497.41,0.001,0.0345,"Greenville-Anderson, SC"
2934,Greenville County,SC,202401,1496.49,-0.0006,0.0328,"Greenville-Anderson, SC"
2934,Greenville County,SC,202402,1495.22,-0.0008,0.0239,"Greenville-Anderson, SC"
2934,Greenville County,SC,202403,1496.99,0.0012,0.019,"Greenville-Anderson, SC"
2934,Greenville County,SC,202404,1507.42,0.007,0.0203,"Greenville-Anderson, SC"
2934,Greenville County,SC,202405,1517.93,0.007,0.0218,"Greenville-Anderson, SC"
2934,Greenville County,SC,202406,1531.44,0.0089,0.0273,"Greenville-Anderson, SC"
2934,Greenville County,SC,202407,1531.64,0.0001,0.0271,"Greenville-Anderson, SC"
2934,Greenville County,SC,202408,1532.17,0.0003,0.0291,"Greenville-Anderson, SC"
2934,Greenville County,SC,202409,1524.49,-0.005,0.0242,"Greenville-Anderson, SC"
2934,Greenville County,SC,202410,1528.62,0.0027,0.0244,"Greenville-Anderson, SC"
2934,Greenville County,SC,202411,1533.46,0.0032,0.0251,"Greenville-Anderson, SC"
2934,Greenville County,SC,202412,1543.75,0.0067,0.0309,"Greenville-Anderson, SC"
2934,Greenville County,SC,202501,1556.23,0.0081,0.0399,"Greenville-Anderson, SC"
2934,Greenville County,SC,202502,1571.84,0.01,0.0512,"Greenville-Anderson, SC"
2934,Greenville County,SC,202503,1577.6,0.0037,0.0538,"Greenville-Anderson, SC"
2934,Greenville County,SC,202504,1578.92,0.0008,0.0474,"Greenville-Anderson, SC"
2934,Greenville County,SC,202505,1574.13,-0.003,0.037,"Greenville-Anderson, SC"
2934,Greenville County,SC,202506,1575.03,0.0006,0.0285,"Greenville-Anderson, SC"
2934,Greenville County,SC,202507,1572.42,-0.0017,0.0266,"Greenville-Anderson, SC"
2934,Greenville County,SC,202508,1571.52,-0.0006,0.0257,"Greenville-Anderson, SC"
2934,Greenville County,SC,202509,1567.53,-0.0025,0.0282,"Greenville-Anderson, SC"
2934,Greenville County,SC,202510,1565.51,-0.0013,0.0241,"Greenville-Anderson, SC"
2934,Greenville County,SC,202511,1560.55,-0.0032,0.0177,"Greenville-Anderson, SC"
2934,Greenville County,SC,202512,1562.78,0.0014,0.0123,"Greenville-Anderson, SC"
2934,Greenville County,SC,202601,1563.47,0.0004,0.0047,"Greenville-Anderson, SC"
2934,Greenville County,SC,202602,1575.19,0.0075,0.0021,"Greenville-Anderson, SC"
2934,Greenville County,SC,202603,1576.49,0.0008,-0.0007,"Greenville-Anderson, SC"
2934,Greenville County,SC,202604,1580.58,0.0026,0.001,"Greenville-Anderson, SC"
2934,Greenville County,SC,202605,1584.87,0.0027,0.0068,"Greenville-Anderson, SC"
2934,Greenville County,SC,202606,1598.5,0.0086,0.0149,"Greenville-Anderson, SC"
2934,Greenville County,SC,202607,1606.98,0.0053,0.022,"Greenville-Anderson, SC"
2934,Greenville County,SC,202608,1607.12,0.0001,0.0226,"Greenville-Anderson, SC"
2991,Orangeburg County,SC,202312,1047.26,,,"Orangeburg, SC"
2991,Orangeburg County,SC,202401,1070.19,0.0219,,"Orangeburg, SC"
2991,Orangeburg County,SC,202402,1074.35,0.0039,,"Orangeburg, SC"
2991,Orangeburg County,SC,202403,1097.32,0.0214,,"Orangeburg, SC"
2991,Orangeburg County,SC,202404,1129.44,0.0293,,"Orangeburg, SC"
2991,Orangeburg County,SC,202405,1132.06,0.0023,,"Orangeburg, SC"
2991,Orangeburg County,SC,202406,1143.27,0.0099,,"Orangeburg, SC"
2991,Orangeburg County,SC,202407,1132.74,-0.0092,,"Orangeburg, SC"
2991,Orangeburg County,SC,202408,1147.06,0.0126,,"Orangeburg, SC"
2991,Orangeburg County,SC,202409,1164.09,0.0148,,"Orangeburg, SC"
2991,Orangeburg County,SC,202410,1157.77,-0.0054,,"Orangeburg, SC"
2991,Orangeburg County,SC,202411,1144.68,-0.0113,,"Orangeburg, SC"
2991,Orangeburg County,SC,202412,1152.75,0.0071,0.1007,"Orangeburg, SC"
2991,Orangeburg County,SC,202501,1162.49,0.0084,0.0863,"Orangeburg, SC"
2991,Orangeburg County,SC,202502,1176.41,0.012,0.095,"Orangeburg, SC"
2991,Orangeburg County,SC,202503,1177.18,0.0007,0.0728,"Orangeburg, SC"
2991,Orangeburg County,SC,202504,1227.52,0.0428,0.0868,"Orangeburg, SC"
2991,Orangeburg County,SC,202505,1235.6,0.0066,0.0915,"Orangeburg, SC"
2991,Orangeburg County,SC,202506,1248.18,0.0102,0.0918,"Orangeburg, SC"
2991,Orangeburg County,SC,202507,1220.48,-0.0222,0.0775,"Orangeburg, SC"
2991,Orangeburg County,SC,202508,1238.63,0.0149,0.0798,"Orangeburg, SC"
2991,Orangeburg County,SC,202509,1244.44,0.0047,0.069,"Orangeburg, SC"
2991,Orangeburg County,SC,202510,1260.13,0.0126,0.0884,"Orangeburg, SC"
2991,Orangeburg County,SC,202511,1264.67,0.0036,0.1048,"Orangeburg, SC"
2991,Orangeburg County,SC,202512,1238.1,-0.021,0.074,"Orangeburg, SC"
2991,Orangeburg County,SC,202601,1229.93,-0.0066,0.058,"Orangeburg, SC"
2991,Orangeburg County,SC,202602,1206.43,-0.0191,0.0255,"Orangeburg, SC"
2991,Orangeburg County,SC,202603,1215.64,0.0076,0.0327,"Orangeburg, SC"
2991,Orangeburg County,SC,202604,1247.71,0.0264,0.0164,"Orangeburg, SC"
2991,Orangeburg County,SC,202605,1260.29,0.0101,0.02,"Orangeburg, SC"
2991,Orangeburg County,SC,202606,1268.73,0.0067,0.0165,"Orangeburg, SC"
2991,Orangeburg County,SC,202607,1263.1,-0.0044,0.0349,"Orangeburg, SC"
2991,Orangeburg County,SC,202608,1296.66,0.0266,0.0468,"Orangeburg, SC"
3141,Spartanburg County,SC,201512,890.03,,,"Spartanburg, SC"
3141,Spartanburg County,SC,201601,883.78,-0.007,,"Spartanburg, SC"
3141,Spartanburg County,SC,201602,874.87,-0.0101,,"Spartanburg, SC"
3141,Spartanburg County,SC,201603,878.8,0.0045,,"Spartanburg, SC"
3141,Spartanburg County,SC,201604,889.56,0.0122,,"Spartanburg, SC"
3141,Spartanburg County,SC,201605,908.18,0.0209,,"Spartanburg, SC"
3141,Spartanburg County,SC,201606,914.98,0.0075,,"Spartanburg, SC"
3141,Spartanburg County,SC,201607,926.92,0.013,,"Spartanburg, SC"
3141,Spartanburg County,SC,201608,923.06,-0.0042,,"Spartanburg, SC"
3141,Spartanburg County,SC,201609,926.23,0.0034,,"Spartanburg, SC"
3141,Spartanburg County,SC,201610,925.56,-0.0007,,"Spartanburg, SC"
3141,Spartanburg County,SC,201611,929.39,0.0041,,"Spartanburg, SC"
3141,Spartanburg County,SC,201612,934.98,0.006,0.0505,"Spartanburg, SC"
3141,Spartanburg County,SC,201701,933.93,-0.0011,0.0567,"Spartanburg, SC"
3141,Spartanburg County,SC,201702,942.14,0.0088,0.0769,"Spartanburg, SC"
3141,Spartanburg County,SC,201703,940.3,-0.002,0.07,"Spartanburg, SC"
3141,Spartanburg County,SC,201704,942.29,0.0021,0.0593,"Spartanburg, SC"
3141,Spartanburg County,SC,201705,940.39,-0.002,0.0355,"Spartanburg, SC"
3141,Spartanburg County,SC,201706,950.47,0.0107,0.0388,"Spartanburg, SC"
3141,Spartanburg County,SC,201707,964.43,0.0147,0.0405,"Spartanburg, SC"
3141,Spartanburg County,SC,201708,972.94,0.0088,0.054,"Spartanburg, SC"
3141,Spartanburg County,SC,201709,971.95,-0.001,0.0494,"Spartanburg, SC"
3141,Spartanburg County,SC,201710,967.75,-0.0043,0.0456,"Spartanburg, SC"
3141,Spartanburg County,SC,201711,962.84,-0.0051,0.036,"Spartanburg, SC"
3141,Spartanburg County,SC,201712,963.82,0.001,0.0308,"Spartanburg, SC"
3141,Spartanburg County,SC,201801,968.74,0.0051,0.0373,"Spartanburg, SC"
3141,Spartanburg County,SC,201802,978.04,0.0096,0.0381,"Spartanburg, SC"
3141,Spartanburg County,SC,201803,986.22,0.0084,0.0488,"Spartanburg, SC"
3141,Spartanburg County,SC,201804,999.39,0.0134,0.0606,"Spartanburg, SC"
3141,Spartanburg County,SC,201805,1005.8,0.0064,0.0695,"Spartanburg, SC"
3141,Spartanburg County,SC,201806,1015.83,0.01,0.0688,"Spartanburg, SC"
3141,Spartanburg County,SC,201807,1014.2,-0.0016,0.0516,"Spartanburg, SC"
3141,Spartanburg County,SC,201808,1019.37,0.0051,0.0477,"Spartanburg, SC"
3141,Spartanburg County,SC,201809,1015.61,-0.0037,0.0449,"Spartanburg, SC"
3141,Spartanburg County,SC,201810,1020.11,0.0044,0.0541,"Spartanburg, SC"
3141,Spartanburg County,SC,201811,1018.88,-0.0012,0.0582,"Spartanburg, SC"
3141,Spartanburg County,SC,201812,1019.24,0.0004,0.0575,"Spartanburg, SC"
3141,Spartanburg County,SC,201901,1016.98,-0.0022,0.0498,"Spartanburg, SC"
3141,Spartanburg County,SC,201902,1023.79,0.0067,0.0468,"Spartanburg, SC"
3141,Spartanburg County,SC,201903,1035.75,0.0117,0.0502,"Spartanburg, SC"
3141,Spartanburg County,SC,201904,1041.89,0.0059,0.0425,"Spartanburg, SC"
3141,Spartanburg County,SC,201905,1050.76,0.0085,0.0447,"Spartanburg, SC"
3141,Spartanburg County,SC,201906,1052.69,0.0018,0.0363,"Spartanburg, SC"
3141,Spartanburg County,SC,201907,1059.75,0.0067,0.0449,"Spartanburg, SC"
3141,Spartanburg County,SC,201908,1060.61,0.0008,0.0405,"Spartanburg, SC"
3141,Spartanburg County,SC,201909,1065.05,0.0042,0.0487,"Spartanburg, SC"
3141,Spartanburg County,SC,201910,1066.34,0.0012,0.0453,"Spartanburg, SC"
3141,Spartanburg County,SC,201911,1065.32,-0.001,0.0456,"Spartanburg, SC"
3141,Spartanburg County,SC,201912,1070.15,0.0045,0.0499,"Spartanburg, SC"
3141,Spartanburg County,SC,202001,1078.55,0.0078,0.0605,"Spartanburg, SC"
3141,Spartanburg County,SC,202002,1079.28,0.0007,0.0542,"Spartanburg, SC"
3141,Spartanburg County,SC,202003,1087.42,0.0075,0.0499,"Spartanburg, SC"
3141,Spartanburg County,SC,202004,1090.59,0.0029,0.0467,"Spartanburg, SC"
3141,Spartanburg County,SC,202005,1096.36,0.0053,0.0434,"Spartanburg, SC"
3141,Spartanburg County,SC,202006,1101.06,0.0043,0.0459,"Spartanburg, SC"
3141,Spartanburg County,SC,202007,1114.44,0.0122,0.0516,"Spartanburg, SC"
3141,Spartanburg County,SC,202008,1134.24,0.0178,0.0694,"Spartanburg, SC"
3141,Spartanburg County,SC,202009,1138.11,0.0034,0.0686,"Spartanburg, SC"
3141,Spartanburg County,SC,202010,1136.54,-0.0014,0.0658,"Spartanburg, SC"
3141,Spartanburg County,SC,202011,1128.66,-0.0069,0.0595,"Spartanburg, SC"
3141,Spartanburg County,SC,202012,1119.58,-0.008,0.0462,"Spartanburg, SC"
3141,Spartanburg County,SC,202101,1124.36,0.0043,0.0425,"Spartanburg, SC"
3141,Spartanburg County,SC,202102,1132.64,0.0074,0.0494,"Spartanburg, SC"
3141,Spartanburg County,SC,202103,1150.69,0.0159,0.0582,"Spartanburg, SC"
3141,Spartanburg County,SC,202104,1154.05,0.0029,0.0582,"Spartanburg, SC"
3141,Spartanburg County,SC,202105,1168.3,0.0123,0.0656,"Spartanburg, SC"
3141,Spartanburg County,SC,202106,1180.85,0.0107,0.0725,"Spartanburg, SC"
3141,Spartanburg County,SC,202107,1198.4,0.0149,0.0753,"Spartanburg, SC"
3141,Spartanburg County,SC,202108,1208.44,0.0084,0.0654,"Spartanburg, SC"
3141,Spartanburg County,SC,202109,1218.87,0.0086,0.071,"Spartanburg, SC"
3141,Spartanburg County,SC,202110,1232.49,0.0112,0.0844,"Spartanburg, SC"
3141,Spartanburg County,SC,202111,1241.1,0.007,0.0996,"Spartanburg, SC"
3141,Spartanburg County,SC,202112,1247.47,0.0051,0.1142,"Spartanburg, SC"
3141,Spartanburg County,SC,202201,1255.75,0.0066,0.1169,"Spartanburg, SC"
3141,Spartanburg County,SC,202202,1264.5,0.007,0.1164,"Spartanburg, SC"
3141,Spartanburg County,SC,202203,1277.1,0.01,0.1099,"Spartanburg, SC"
3141,Spartanburg County,SC,202204,1280.03,0.0023,0.1092,"Spartanburg, SC"
3141,Spartanburg County,SC,202205,1289.7,0.0075,0.1039,"Spartanburg, SC"
3141,Spartanburg County,SC,202206,1300.75,0.0086,0.1015,"Spartanburg, SC"
3141,Spartanburg County,SC,202207,1318.14,0.0134,0.0999,"Spartanburg, SC"
3141,Spartanburg County,SC,202208,1329.02,0.0083,0.0998,"Spartanburg, SC"
3141,Spartanburg County,SC,202209,1329.84,0.0006,0.091,"Spartanburg, SC"
3141,Spartanburg County,SC,202210,1324.36,-0.0041,0.0745,"Spartanburg, SC"
3141,Spartanburg County,SC,202211,1322.01,-0.0018,0.0652,"Spartanburg, SC"
3141,Spartanburg County,SC,202212,1325.66,0.0028,0.0627,"Spartanburg, SC"
3141,Spartanburg County,SC,202301,1332.39,0.0051,0.061,"Spartanburg, SC"
3141,Spartanburg County,SC,202302,1340.0,0.0057,0.0597,"Spartanburg, SC"
3141,Spartanburg County,SC,202303,1352.51,0.0093,0.059,"Spartanburg, SC"
3141,Spartanburg County,SC,202304,1367.96,0.0114,0.0687,"Spartanburg, SC"
3141,Spartanburg County,SC,202305,1376.79,0.0065,0.0675,"Spartanburg, SC"
3141,Spartanburg County,SC,202306,1382.81,0.0044,0.0631,"Spartanburg, SC"
3141,Spartanburg County,SC,202307,1374.58,-0.006,0.0428,"Spartanburg, SC"
3141,Spartanburg County,SC,202308,1380.93,0.0046,0.0391,"Spartanburg, SC"
3141,Spartanburg County,SC,202309,1384.35,0.0025,0.041,"Spartanburg, SC"
3141,Spartanburg County,SC,202310,1397.36,0.0094,0.0551,"Spartanburg, SC"
3141,Spartanburg County,SC,202311,1398.06,0.0005,0.0575,"Spartanburg, SC"
3141,Spartanburg County,SC,202312,1381.03,-0.0122,0.0418,"Spartanburg, SC"
3141,Spartanburg County,SC,202401,1379.98,-0.0008,0.0357,"Spartanburg, SC"
3141,Spartanburg County,SC,202402,1386.78,0.0049,0.0349,"Spartanburg, SC"
3141,Spartanburg County,SC,202403,1413.11,0.019,0.0448,"Spartanburg, SC"
3141,Spartanburg County,SC,202404,1424.95,0.0084,0.0417,"Spartanburg, SC"
3141,Spartanburg County,SC,202405,1431.26,0.0044,0.0396,"Spartanburg, SC"
3141,Spartanburg County,SC,202406,1429.71,-0.0011,0.0339,"Spartanburg, SC"
3141,Spartanburg County,SC,202407,1438.6,0.0062,0.0466,"Spartanburg, SC"
3141,Spartanburg County,SC,202408,1441.51,0.002,0.0439,"Spartanburg, SC"
3141,Spartanburg County,SC,202409,1445.37,0.0027,0.0441,"Spartanburg, SC"
3141,Spartanburg County,SC,202410,1445.82,0.0003,0.0347,"Spartanburg, SC"
3141,Spartanburg County,SC,202411,1446.87,0.0007,0.0349,"Spartanburg, SC"
3141,Spartanburg County,SC,202412,1451.14,0.003,0.0508,"Spartanburg, SC"
3141,Spartanburg County,SC,202501,1444.57,-0.0045,0.0468,"Spartanburg, SC"
3141,Spartanburg County,SC,202502,1451.26,0.0046,0.0465,"Spartanburg, SC"
3141,Spartanburg County,SC,202503,1459.73,0.0058,0.033,"Spartanburg, SC"
3141,Spartanburg County,SC,202504,1470.01,0.007,0.0316,"Spartanburg, SC"
3141,Spartanburg County,SC,202505,1472.74,0.0019,0.029,"Spartanburg, SC"
3141,Spartanburg County,SC,202506,1474.59,0.0013,0.0314,"Spartanburg, SC"
3141,Spartanburg County,SC,202507,1481.72,0.0048,0.03,"Spartanburg, SC"
3141,Spartanburg County,SC,202508,1486.79,0.0034,0.0314,"Spartanburg, SC"
3141,Spartanburg County,SC,202509,1480.09,-0.0045,0.024,"Spartanburg, SC"
3141,Spartanburg County,SC,202510,1474.13,-0.004,0.0196,"Spartanburg, SC"
3141,Spartanburg County,SC,202511,1471.26,-0.0019,0.0169,"Spartanburg, SC"
3141,Spartanburg County,SC,202512,1472.56,0.0009,0.0148,"Spartanburg, SC"
3141,Spartanburg County,SC,202601,1470.74,-0.0012,0.0181,"Spartanburg, SC"
3141,Spartanburg County,SC,202602,1471.67,0.0006,0.0141,"Spartanburg, SC"
3141,Spartanburg County,SC,202603,1481.57,0.0067,0.015,"Spartanburg, SC"
3141,Spartanburg County,SC,202604,1492.42,0.0073,0.0152,"Spartanburg, SC"
3141,Spartanburg County,SC,202605,1501.95,0.0064,0.0198,"Spartanburg, SC"
3141,Spartanburg County,SC,202606,1505.45,0.0023,0.0209,"Spartanburg, SC"
3141,Spartanburg County,SC,202607,1508.52,0.002,0.0181,"Spartanburg, SC"
3141,Spartanburg County,SC,202608,1509.52,0.0007,0.0153,"Spartanburg, SC"
