RegionID,RegionName,State,month_date_yyyymm,zori,zori_mm,zori_yy,City,Metro,CountyName
76452,43004,OH,202512,1565.2,,,Blacklick,"Columbus, OH",Franklin County
76452,43004,OH,202601,1588.21,0.0147,,Blacklick,"Columbus, OH",Franklin County
76452,43004,OH,202602,1591.92,0.0023,,Blacklick,"Columbus, OH",Franklin County
76452,43004,OH,202603,1589.44,-0.0016,,Blacklick,"Columbus, OH",Franklin County
76452,43004,OH,202604,1605.77,0.0103,,Blacklick,"Columbus, OH",Franklin County
76452,43004,OH,202605,1627.0,0.0132,,Blacklick,"Columbus, OH",Franklin County
76452,43004,OH,202606,1647.15,0.0124,,Blacklick,"Columbus, OH",Franklin County
76452,43004,OH,202607,1639.3,-0.0048,,Blacklick,"Columbus, OH",Franklin County
76452,43004,OH,202608,1646.42,0.0043,,Blacklick,"Columbus, OH",Franklin County
76462,43015,OH,202105,1225.11,,,Delaware,"Columbus, OH",Delaware County
76462,43015,OH,202106,1240.48,0.0125,,Delaware,"Columbus, OH",Delaware County
76462,43015,OH,202107,1260.22,0.0159,,Delaware,"Columbus, OH",Delaware County
76462,43015,OH,202108,1268.78,0.0068,,Delaware,"Columbus, OH",Delaware County
76462,43015,OH,202109,1277.69,0.007,,Delaware,"Columbus, OH",Delaware County
76462,43015,OH,202110,1284.06,0.005,,Delaware,"Columbus, OH",Delaware County
76462,43015,OH,202111,1281.26,-0.0022,,Delaware,"Columbus, OH",Delaware County
76462,43015,OH,202112,1283.66,0.0019,,Delaware,"Columbus, OH",Delaware County
76462,43015,OH,202201,1261.74,-0.0171,,Delaware,"Columbus, OH",Delaware County
76462,43015,OH,202202,1283.82,0.0175,,Delaware,"Columbus, OH",Delaware County
76462,43015,OH,202203,1308.67,0.0194,,Delaware,"Columbus, OH",Delaware County
76462,43015,OH,202204,1340.75,0.0245,,Delaware,"Columbus, OH",Delaware County
76462,43015,OH,202205,1367.56,0.02,0.1163,Delaware,"Columbus, OH",Delaware County
76462,43015,OH,202206,1388.16,0.0151,0.119,Delaware,"Columbus, OH",Delaware County
76462,43015,OH,202207,1422.29,0.0246,0.1286,Delaware,"Columbus, OH",Delaware County
76462,43015,OH,202208,1418.54,-0.0026,0.118,Delaware,"Columbus, OH",Delaware County
76462,43015,OH,202209,1437.49,0.0134,0.1251,Delaware,"Columbus, OH",Delaware County
76462,43015,OH,202210,1452.01,0.0101,0.1308,Delaware,"Columbus, OH",Delaware County
76462,43015,OH,202211,1464.12,0.0083,0.1427,Delaware,"Columbus, OH",Delaware County
76462,43015,OH,202212,1430.73,-0.0228,0.1146,Delaware,"Columbus, OH",Delaware County
76462,43015,OH,202301,1429.77,-0.0007,0.1332,Delaware,"Columbus, OH",Delaware County
76462,43015,OH,202302,1432.69,0.002,0.116,Delaware,"Columbus, OH",Delaware County
76462,43015,OH,202303,1444.05,0.0079,0.1035,Delaware,"Columbus, OH",Delaware County
76462,43015,OH,202304,1433.8,-0.0071,0.0694,Delaware,"Columbus, OH",Delaware County
76462,43015,OH,202305,1440.0,0.0043,0.053,Delaware,"Columbus, OH",Delaware County
76462,43015,OH,202306,1465.72,0.0179,0.0559,Delaware,"Columbus, OH",Delaware County
76462,43015,OH,202307,1474.51,0.006,0.0367,Delaware,"Columbus, OH",Delaware County
76462,43015,OH,202308,1481.49,0.0047,0.0444,Delaware,"Columbus, OH",Delaware County
76462,43015,OH,202309,1478.59,-0.002,0.0286,Delaware,"Columbus, OH",Delaware County
76462,43015,OH,202310,1484.25,0.0038,0.0222,Delaware,"Columbus, OH",Delaware County
76462,43015,OH,202311,1460.34,-0.0161,-0.0026,Delaware,"Columbus, OH",Delaware County
76462,43015,OH,202312,1465.79,0.0037,0.0245,Delaware,"Columbus, OH",Delaware County
76462,43015,OH,202401,1460.5,-0.0036,0.0215,Delaware,"Columbus, OH",Delaware County
76462,43015,OH,202402,1484.78,0.0166,0.0364,Delaware,"Columbus, OH",Delaware County
76462,43015,OH,202403,1500.59,0.0106,0.0392,Delaware,"Columbus, OH",Delaware County
76462,43015,OH,202404,1501.38,0.0005,0.0471,Delaware,"Columbus, OH",Delaware County
76462,43015,OH,202405,1527.82,0.0176,0.061,Delaware,"Columbus, OH",Delaware County
76462,43015,OH,202406,1529.53,0.0011,0.0435,Delaware,"Columbus, OH",Delaware County
76462,43015,OH,202407,1544.5,0.0098,0.0475,Delaware,"Columbus, OH",Delaware County
76462,43015,OH,202408,1536.96,-0.0049,0.0374,Delaware,"Columbus, OH",Delaware County
76462,43015,OH,202409,1551.38,0.0094,0.0492,Delaware,"Columbus, OH",Delaware County
76462,43015,OH,202410,1551.54,0.0001,0.0453,Delaware,"Columbus, OH",Delaware County
76462,43015,OH,202411,1559.25,0.005,0.0677,Delaware,"Columbus, OH",Delaware County
76462,43015,OH,202412,1548.22,-0.0071,0.0562,Delaware,"Columbus, OH",Delaware County
76462,43015,OH,202501,1564.98,0.0108,0.0715,Delaware,"Columbus, OH",Delaware County
76462,43015,OH,202502,1566.89,0.0012,0.0553,Delaware,"Columbus, OH",Delaware County
76462,43015,OH,202503,1563.57,-0.0021,0.042,Delaware,"Columbus, OH",Delaware County
76462,43015,OH,202504,1563.27,-0.0002,0.0412,Delaware,"Columbus, OH",Delaware County
76462,43015,OH,202505,1566.65,0.0022,0.0254,Delaware,"Columbus, OH",Delaware County
76462,43015,OH,202506,1584.27,0.0112,0.0358,Delaware,"Columbus, OH",Delaware County
76462,43015,OH,202507,1598.56,0.009,0.035,Delaware,"Columbus, OH",Delaware County
76462,43015,OH,202508,1619.47,0.0131,0.0537,Delaware,"Columbus, OH",Delaware County
76462,43015,OH,202509,1617.56,-0.0012,0.0427,Delaware,"Columbus, OH",Delaware County
76462,43015,OH,202510,1598.76,-0.0116,0.0304,Delaware,"Columbus, OH",Delaware County
76462,43015,OH,202511,1568.27,-0.0191,0.0058,Delaware,"Columbus, OH",Delaware County
76462,43015,OH,202512,1562.59,-0.0036,0.0093,Delaware,"Columbus, OH",Delaware County
76462,43015,OH,202601,1572.26,0.0062,0.0047,Delaware,"Columbus, OH",Delaware County
76462,43015,OH,202602,1578.21,0.0038,0.0072,Delaware,"Columbus, OH",Delaware County
76462,43015,OH,202603,1586.4,0.0052,0.0146,Delaware,"Columbus, OH",Delaware County
76462,43015,OH,202604,1598.5,0.0076,0.0225,Delaware,"Columbus, OH",Delaware County
76462,43015,OH,202605,1621.35,0.0143,0.0349,Delaware,"Columbus, OH",Delaware County
76462,43015,OH,202606,1641.3,0.0123,0.036,Delaware,"Columbus, OH",Delaware County
76462,43015,OH,202607,1644.1,0.0017,0.0285,Delaware,"Columbus, OH",Delaware County
76462,43015,OH,202608,1645.02,0.0006,0.0158,Delaware,"Columbus, OH",Delaware County
76463,43016,OH,202103,1277.83,,,Dublin,"Columbus, OH",Franklin County
76463,43016,OH,202104,1287.94,0.0079,,Dublin,"Columbus, OH",Franklin County
76463,43016,OH,202105,1315.0,0.021,,Dublin,"Columbus, OH",Franklin County
76463,43016,OH,202106,1338.81,0.0181,,Dublin,"Columbus, OH",Franklin County
76463,43016,OH,202107,1368.7,0.0223,,Dublin,"Columbus, OH",Franklin County
76463,43016,OH,202108,1386.96,0.0133,,Dublin,"Columbus, OH",Franklin County
76463,43016,OH,202109,1378.52,-0.0061,,Dublin,"Columbus, OH",Franklin County
76463,43016,OH,202110,1368.44,-0.0073,,Dublin,"Columbus, OH",Franklin County
76463,43016,OH,202111,1337.83,-0.0224,,Dublin,"Columbus, OH",Franklin County
76463,43016,OH,202112,1332.6,-0.0039,,Dublin,"Columbus, OH",Franklin County
76463,43016,OH,202201,1327.61,-0.0037,,Dublin,"Columbus, OH",Franklin County
76463,43016,OH,202202,1359.99,0.0244,,Dublin,"Columbus, OH",Franklin County
76463,43016,OH,202203,1389.71,0.0219,0.0876,Dublin,"Columbus, OH",Franklin County
76463,43016,OH,202204,1421.01,0.0225,0.1033,Dublin,"Columbus, OH",Franklin County
76463,43016,OH,202205,1448.53,0.0194,0.1015,Dublin,"Columbus, OH",Franklin County
76463,43016,OH,202206,1468.96,0.0141,0.0972,Dublin,"Columbus, OH",Franklin County
76463,43016,OH,202207,1500.5,0.0215,0.0963,Dublin,"Columbus, OH",Franklin County
76463,43016,OH,202208,1506.33,0.0039,0.0861,Dublin,"Columbus, OH",Franklin County
76463,43016,OH,202209,1508.36,0.0013,0.0942,Dublin,"Columbus, OH",Franklin County
76463,43016,OH,202210,1469.5,-0.0258,0.0738,Dublin,"Columbus, OH",Franklin County
76463,43016,OH,202211,1441.4,-0.0191,0.0774,Dublin,"Columbus, OH",Franklin County
76463,43016,OH,202212,1427.03,-0.01,0.0709,Dublin,"Columbus, OH",Franklin County
76463,43016,OH,202301,1438.91,0.0083,0.0838,Dublin,"Columbus, OH",Franklin County
76463,43016,OH,202302,1454.17,0.0106,0.0693,Dublin,"Columbus, OH",Franklin County
76463,43016,OH,202303,1479.5,0.0174,0.0646,Dublin,"Columbus, OH",Franklin County
76463,43016,OH,202304,1500.12,0.0139,0.0557,Dublin,"Columbus, OH",Franklin County
76463,43016,OH,202305,1526.45,0.0176,0.0538,Dublin,"Columbus, OH",Franklin County
76463,43016,OH,202306,1536.51,0.0066,0.046,Dublin,"Columbus, OH",Franklin County
76463,43016,OH,202307,1558.79,0.0145,0.0388,Dublin,"Columbus, OH",Franklin County
76463,43016,OH,202308,1556.8,-0.0013,0.0335,Dublin,"Columbus, OH",Franklin County
76463,43016,OH,202309,1548.36,-0.0054,0.0265,Dublin,"Columbus, OH",Franklin County
76463,43016,OH,202310,1509.24,-0.0253,0.027,Dublin,"Columbus, OH",Franklin County
76463,43016,OH,202311,1484.63,-0.0163,0.03,Dublin,"Columbus, OH",Franklin County
76463,43016,OH,202312,1483.68,-0.0006,0.0397,Dublin,"Columbus, OH",Franklin County
76463,43016,OH,202401,1491.63,0.0054,0.0366,Dublin,"Columbus, OH",Franklin County
76463,43016,OH,202402,1510.04,0.0123,0.0384,Dublin,"Columbus, OH",Franklin County
76463,43016,OH,202403,1504.11,-0.0039,0.0166,Dublin,"Columbus, OH",Franklin County
76463,43016,OH,202404,1534.82,0.0204,0.0231,Dublin,"Columbus, OH",Franklin County
76463,43016,OH,202405,1562.66,0.0181,0.0237,Dublin,"Columbus, OH",Franklin County
76463,43016,OH,202406,1589.38,0.0171,0.0344,Dublin,"Columbus, OH",Franklin County
76463,43016,OH,202407,1606.29,0.0106,0.0305,Dublin,"Columbus, OH",Franklin County
76463,43016,OH,202408,1616.4,0.0063,0.0383,Dublin,"Columbus, OH",Franklin County
76463,43016,OH,202409,1618.28,0.0012,0.0452,Dublin,"Columbus, OH",Franklin County
76463,43016,OH,202410,1599.53,-0.0116,0.0598,Dublin,"Columbus, OH",Franklin County
76463,43016,OH,202411,1575.22,-0.0152,0.061,Dublin,"Columbus, OH",Franklin County
76463,43016,OH,202412,1557.44,-0.0113,0.0497,Dublin,"Columbus, OH",Franklin County
76463,43016,OH,202501,1561.77,0.0028,0.047,Dublin,"Columbus, OH",Franklin County
76463,43016,OH,202502,1579.33,0.0112,0.0459,Dublin,"Columbus, OH",Franklin County
76463,43016,OH,202503,1609.95,0.0194,0.0704,Dublin,"Columbus, OH",Franklin County
76463,43016,OH,202504,1638.54,0.0178,0.0676,Dublin,"Columbus, OH",Franklin County
76463,43016,OH,202505,1652.4,0.0085,0.0574,Dublin,"Columbus, OH",Franklin County
76463,43016,OH,202506,1667.74,0.0093,0.0493,Dublin,"Columbus, OH",Franklin County
76463,43016,OH,202507,1656.52,-0.0067,0.0313,Dublin,"Columbus, OH",Franklin County
76463,43016,OH,202508,1643.42,-0.0079,0.0167,Dublin,"Columbus, OH",Franklin County
76463,43016,OH,202509,1623.77,-0.012,0.0034,Dublin,"Columbus, OH",Franklin County
76463,43016,OH,202510,1596.35,-0.0169,-0.002,Dublin,"Columbus, OH",Franklin County
76463,43016,OH,202511,1584.76,-0.0073,0.0061,Dublin,"Columbus, OH",Franklin County
76463,43016,OH,202512,1565.31,-0.0123,0.0051,Dublin,"Columbus, OH",Franklin County
76463,43016,OH,202601,1578.28,0.0083,0.0106,Dublin,"Columbus, OH",Franklin County
76463,43016,OH,202602,1574.03,-0.0027,-0.0034,Dublin,"Columbus, OH",Franklin County
76463,43016,OH,202603,1589.51,0.0098,-0.0127,Dublin,"Columbus, OH",Franklin County
76463,43016,OH,202604,1606.28,0.0105,-0.0197,Dublin,"Columbus, OH",Franklin County
76463,43016,OH,202605,1632.48,0.0163,-0.0121,Dublin,"Columbus, OH",Franklin County
76463,43016,OH,202606,1658.86,0.0162,-0.0053,Dublin,"Columbus, OH",Franklin County
76463,43016,OH,202607,1657.63,-0.0007,0.0007,Dublin,"Columbus, OH",Franklin County
76463,43016,OH,202608,1657.97,0.0002,0.0089,Dublin,"Columbus, OH",Franklin County
76464,43017,OH,202010,1401.33,,,Dublin,"Columbus, OH",Franklin County
76464,43017,OH,202011,1412.22,0.0078,,Dublin,"Columbus, OH",Franklin County
76464,43017,OH,202101,1419.91,0.0054,,Dublin,"Columbus, OH",Franklin County
76464,43017,OH,202102,1406.49,-0.0095,,Dublin,"Columbus, OH",Franklin County
76464,43017,OH,202103,1425.14,0.0133,,Dublin,"Columbus, OH",Franklin County
76464,43017,OH,202104,1450.95,0.0181,,Dublin,"Columbus, OH",Franklin County
76464,43017,OH,202105,1487.52,0.0252,,Dublin,"Columbus, OH",Franklin County
76464,43017,OH,202106,1521.25,0.0227,,Dublin,"Columbus, OH",Franklin County
76464,43017,OH,202107,1551.76,0.0201,,Dublin,"Columbus, OH",Franklin County
76464,43017,OH,202108,1584.93,0.0214,,Dublin,"Columbus, OH",Franklin County
76464,43017,OH,202110,1586.42,0.0009,,Dublin,"Columbus, OH",Franklin County
76464,43017,OH,202111,1576.75,-0.0061,,Dublin,"Columbus, OH",Franklin County
76464,43017,OH,202112,1576.44,-0.0002,0.125,Dublin,"Columbus, OH",Franklin County
76464,43017,OH,202201,1584.49,0.0051,0.122,Dublin,"Columbus, OH",Franklin County
76464,43017,OH,202202,1615.31,0.0194,0.1376,Dublin,"Columbus, OH",Franklin County
76464,43017,OH,202203,1648.91,0.0208,0.1724,Dublin,"Columbus, OH",Franklin County
76464,43017,OH,202204,1672.09,0.0141,0.1733,Dublin,"Columbus, OH",Franklin County
76464,43017,OH,202205,1688.27,0.0097,0.1636,Dublin,"Columbus, OH",Franklin County
76464,43017,OH,202206,1740.83,0.0311,0.1703,Dublin,"Columbus, OH",Franklin County
76464,43017,OH,202207,1763.59,0.0131,0.1593,Dublin,"Columbus, OH",Franklin County
76464,43017,OH,202208,1757.24,-0.0036,0.1324,Dublin,"Columbus, OH",Franklin County
76464,43017,OH,202209,1719.57,-0.0214,0.085,Dublin,"Columbus, OH",Franklin County
76464,43017,OH,202210,1680.19,-0.0229,0.0591,Dublin,"Columbus, OH",Franklin County
76464,43017,OH,202211,1657.06,-0.0138,0.0509,Dublin,"Columbus, OH",Franklin County
76464,43017,OH,202212,1640.78,-0.0098,0.0408,Dublin,"Columbus, OH",Franklin County
76464,43017,OH,202301,1658.02,0.0105,0.0464,Dublin,"Columbus, OH",Franklin County
76464,43017,OH,202302,1682.86,0.015,0.0418,Dublin,"Columbus, OH",Franklin County
76464,43017,OH,202303,1699.94,0.0101,0.0309,Dublin,"Columbus, OH",Franklin County
76464,43017,OH,202304,1730.59,0.018,0.035,Dublin,"Columbus, OH",Franklin County
76464,43017,OH,202305,1744.8,0.0082,0.0335,Dublin,"Columbus, OH",Franklin County
76464,43017,OH,202306,1781.14,0.0208,0.0232,Dublin,"Columbus, OH",Franklin County
76464,43017,OH,202307,1777.8,-0.0019,0.0081,Dublin,"Columbus, OH",Franklin County
76464,43017,OH,202308,1793.28,0.0087,0.0205,Dublin,"Columbus, OH",Franklin County
76464,43017,OH,202309,1769.54,-0.0132,0.0291,Dublin,"Columbus, OH",Franklin County
76464,43017,OH,202310,1752.18,-0.0098,0.0428,Dublin,"Columbus, OH",Franklin County
76464,43017,OH,202311,1734.58,-0.01,0.0468,Dublin,"Columbus, OH",Franklin County
76464,43017,OH,202312,1710.74,-0.0137,0.0426,Dublin,"Columbus, OH",Franklin County
76464,43017,OH,202401,1691.57,-0.0112,0.0202,Dublin,"Columbus, OH",Franklin County
76464,43017,OH,202402,1691.01,-0.0003,0.0048,Dublin,"Columbus, OH",Franklin County
76464,43017,OH,202403,1728.01,0.0219,0.0165,Dublin,"Columbus, OH",Franklin County
76464,43017,OH,202404,1778.23,0.0291,0.0275,Dublin,"Columbus, OH",Franklin County
76464,43017,OH,202405,1802.33,0.0136,0.033,Dublin,"Columbus, OH",Franklin County
76464,43017,OH,202406,1817.87,0.0086,0.0206,Dublin,"Columbus, OH",Franklin County
76464,43017,OH,202407,1837.78,0.011,0.0337,Dublin,"Columbus, OH",Franklin County
76464,43017,OH,202408,1834.8,-0.0016,0.0232,Dublin,"Columbus, OH",Franklin County
76464,43017,OH,202409,1850.31,0.0085,0.0456,Dublin,"Columbus, OH",Franklin County
76464,43017,OH,202410,1825.59,-0.0134,0.0419,Dublin,"Columbus, OH",Franklin County
76464,43017,OH,202411,1836.88,0.0062,0.059,Dublin,"Columbus, OH",Franklin County
76464,43017,OH,202412,1835.05,-0.001,0.0727,Dublin,"Columbus, OH",Franklin County
76464,43017,OH,202501,1848.31,0.0072,0.0927,Dublin,"Columbus, OH",Franklin County
76464,43017,OH,202502,1859.16,0.0059,0.0994,Dublin,"Columbus, OH",Franklin County
76464,43017,OH,202503,1867.24,0.0043,0.0806,Dublin,"Columbus, OH",Franklin County
76464,43017,OH,202504,1913.22,0.0246,0.0759,Dublin,"Columbus, OH",Franklin County
76464,43017,OH,202505,1927.09,0.0072,0.0692,Dublin,"Columbus, OH",Franklin County
76464,43017,OH,202506,1920.41,-0.0035,0.0564,Dublin,"Columbus, OH",Franklin County
76464,43017,OH,202507,1883.73,-0.0191,0.025,Dublin,"Columbus, OH",Franklin County
76464,43017,OH,202508,1889.65,0.0031,0.0299,Dublin,"Columbus, OH",Franklin County
76464,43017,OH,202509,1899.81,0.0054,0.0267,Dublin,"Columbus, OH",Franklin County
76464,43017,OH,202510,1908.14,0.0044,0.0452,Dublin,"Columbus, OH",Franklin County
76464,43017,OH,202511,1868.3,-0.0209,0.0171,Dublin,"Columbus, OH",Franklin County
76464,43017,OH,202512,1840.43,-0.0149,0.0029,Dublin,"Columbus, OH",Franklin County
76464,43017,OH,202601,1842.65,0.0012,-0.0031,Dublin,"Columbus, OH",Franklin County
76464,43017,OH,202602,1847.34,0.0025,-0.0064,Dublin,"Columbus, OH",Franklin County
76464,43017,OH,202603,1848.48,0.0006,-0.01,Dublin,"Columbus, OH",Franklin County
76464,43017,OH,202604,1848.06,-0.0002,-0.0341,Dublin,"Columbus, OH",Franklin County
76464,43017,OH,202605,1894.42,0.0251,-0.017,Dublin,"Columbus, OH",Franklin County
76464,43017,OH,202606,1960.73,0.035,0.021,Dublin,"Columbus, OH",Franklin County
76464,43017,OH,202607,2020.84,0.0307,0.0728,Dublin,"Columbus, OH",Franklin County
76464,43017,OH,202608,2009.66,-0.0055,0.0635,Dublin,"Columbus, OH",Franklin County
76471,43026,OH,202103,1214.17,,,Hilliard,"Columbus, OH",Franklin County
76471,43026,OH,202104,1238.82,0.0203,,Hilliard,"Columbus, OH",Franklin County
76471,43026,OH,202105,1252.97,0.0114,,Hilliard,"Columbus, OH",Franklin County
76471,43026,OH,202106,1273.37,0.0163,,Hilliard,"Columbus, OH",Franklin County
76471,43026,OH,202107,1292.9,0.0153,,Hilliard,"Columbus, OH",Franklin County
76471,43026,OH,202108,1300.61,0.006,,Hilliard,"Columbus, OH",Franklin County
76471,43026,OH,202109,1290.45,-0.0078,,Hilliard,"Columbus, OH",Franklin County
76471,43026,OH,202110,1279.01,-0.0089,,Hilliard,"Columbus, OH",Franklin County
76471,43026,OH,202111,1290.12,0.0087,,Hilliard,"Columbus, OH",Franklin County
76471,43026,OH,202112,1293.47,0.0026,,Hilliard,"Columbus, OH",Franklin County
76471,43026,OH,202201,1279.67,-0.0107,,Hilliard,"Columbus, OH",Franklin County
76471,43026,OH,202202,1273.74,-0.0046,,Hilliard,"Columbus, OH",Franklin County
76471,43026,OH,202203,1271.19,-0.002,0.047,Hilliard,"Columbus, OH",Franklin County
76471,43026,OH,202204,1306.86,0.0281,0.0549,Hilliard,"Columbus, OH",Franklin County
76471,43026,OH,202205,1333.16,0.0201,0.064,Hilliard,"Columbus, OH",Franklin County
76471,43026,OH,202206,1367.06,0.0254,0.0736,Hilliard,"Columbus, OH",Franklin County
76471,43026,OH,202207,1384.52,0.0128,0.0709,Hilliard,"Columbus, OH",Franklin County
76471,43026,OH,202208,1393.17,0.0062,0.0712,Hilliard,"Columbus, OH",Franklin County
76471,43026,OH,202209,1396.6,0.0025,0.0823,Hilliard,"Columbus, OH",Franklin County
76471,43026,OH,202210,1381.77,-0.0106,0.0803,Hilliard,"Columbus, OH",Franklin County
76471,43026,OH,202211,1369.4,-0.009,0.0614,Hilliard,"Columbus, OH",Franklin County
76471,43026,OH,202212,1365.2,-0.0031,0.0555,Hilliard,"Columbus, OH",Franklin County
76471,43026,OH,202301,1371.27,0.0044,0.0716,Hilliard,"Columbus, OH",Franklin County
76471,43026,OH,202302,1382.15,0.0079,0.0851,Hilliard,"Columbus, OH",Franklin County
76471,43026,OH,202303,1398.49,0.0118,0.1001,Hilliard,"Columbus, OH",Franklin County
76471,43026,OH,202304,1427.22,0.0205,0.0921,Hilliard,"Columbus, OH",Franklin County
76471,43026,OH,202305,1441.65,0.0101,0.0814,Hilliard,"Columbus, OH",Franklin County
76471,43026,OH,202306,1447.64,0.0042,0.0589,Hilliard,"Columbus, OH",Franklin County
76471,43026,OH,202307,1427.54,-0.0139,0.0311,Hilliard,"Columbus, OH",Franklin County
76471,43026,OH,202308,1438.48,0.0077,0.0325,Hilliard,"Columbus, OH",Franklin County
76471,43026,OH,202309,1445.78,0.0051,0.0352,Hilliard,"Columbus, OH",Franklin County
76471,43026,OH,202310,1457.49,0.0081,0.0548,Hilliard,"Columbus, OH",Franklin County
76471,43026,OH,202311,1447.21,-0.0071,0.0568,Hilliard,"Columbus, OH",Franklin County
76471,43026,OH,202312,1441.47,-0.004,0.0559,Hilliard,"Columbus, OH",Franklin County
76471,43026,OH,202401,1425.44,-0.0111,0.0395,Hilliard,"Columbus, OH",Franklin County
76471,43026,OH,202402,1430.08,0.0033,0.0347,Hilliard,"Columbus, OH",Franklin County
76471,43026,OH,202403,1428.4,-0.0012,0.0214,Hilliard,"Columbus, OH",Franklin County
76471,43026,OH,202404,1459.31,0.0216,0.0225,Hilliard,"Columbus, OH",Franklin County
76471,43026,OH,202405,1478.46,0.0131,0.0255,Hilliard,"Columbus, OH",Franklin County
76471,43026,OH,202406,1502.93,0.0166,0.0382,Hilliard,"Columbus, OH",Franklin County
76471,43026,OH,202407,1510.55,0.0051,0.0581,Hilliard,"Columbus, OH",Franklin County
76471,43026,OH,202408,1517.07,0.0043,0.0546,Hilliard,"Columbus, OH",Franklin County
76471,43026,OH,202409,1519.5,0.0016,0.051,Hilliard,"Columbus, OH",Franklin County
76471,43026,OH,202410,1515.54,-0.0026,0.0398,Hilliard,"Columbus, OH",Franklin County
76471,43026,OH,202411,1506.97,-0.0057,0.0413,Hilliard,"Columbus, OH",Franklin County
76471,43026,OH,202412,1494.29,-0.0084,0.0366,Hilliard,"Columbus, OH",Franklin County
76471,43026,OH,202501,1504.45,0.0068,0.0554,Hilliard,"Columbus, OH",Franklin County
76471,43026,OH,202502,1511.65,0.0048,0.057,Hilliard,"Columbus, OH",Franklin County
76471,43026,OH,202503,1524.51,0.0085,0.0673,Hilliard,"Columbus, OH",Franklin County
76471,43026,OH,202504,1522.12,-0.0016,0.043,Hilliard,"Columbus, OH",Franklin County
76471,43026,OH,202505,1539.21,0.0112,0.0411,Hilliard,"Columbus, OH",Franklin County
76471,43026,OH,202506,1545.79,0.0043,0.0285,Hilliard,"Columbus, OH",Franklin County
76471,43026,OH,202507,1559.28,0.0087,0.0323,Hilliard,"Columbus, OH",Franklin County
76471,43026,OH,202508,1557.4,-0.0012,0.0266,Hilliard,"Columbus, OH",Franklin County
76471,43026,OH,202509,1570.92,0.0087,0.0338,Hilliard,"Columbus, OH",Franklin County
76471,43026,OH,202510,1569.05,-0.0012,0.0353,Hilliard,"Columbus, OH",Franklin County
76471,43026,OH,202511,1568.49,-0.0004,0.0408,Hilliard,"Columbus, OH",Franklin County
76471,43026,OH,202512,1557.68,-0.0069,0.0424,Hilliard,"Columbus, OH",Franklin County
76471,43026,OH,202601,1547.3,-0.0067,0.0285,Hilliard,"Columbus, OH",Franklin County
76471,43026,OH,202602,1535.35,-0.0077,0.0157,Hilliard,"Columbus, OH",Franklin County
76471,43026,OH,202603,1536.25,0.0006,0.0077,Hilliard,"Columbus, OH",Franklin County
76471,43026,OH,202604,1557.39,0.0138,0.0232,Hilliard,"Columbus, OH",Franklin County
76471,43026,OH,202605,1574.19,0.0108,0.0227,Hilliard,"Columbus, OH",Franklin County
76471,43026,OH,202606,1587.25,0.0083,0.0268,Hilliard,"Columbus, OH",Franklin County
76471,43026,OH,202607,1594.03,0.0043,0.0223,Hilliard,"Columbus, OH",Franklin County
76471,43026,OH,202608,1607.77,0.0086,0.0323,Hilliard,"Columbus, OH",Franklin County
76476,43031,OH,202603,2267.59,,,Johnstown,"Columbus, OH",Licking County
76476,43031,OH,202604,2119.64,-0.0652,,Johnstown,"Columbus, OH",Licking County
76476,43031,OH,202605,2150.41,0.0145,,Johnstown,"Columbus, OH",Licking County
76476,43031,OH,202606,2172.2,0.0101,,Johnstown,"Columbus, OH",Licking County
76476,43031,OH,202607,2182.65,0.0048,,Johnstown,"Columbus, OH",Licking County
76476,43031,OH,202608,2182.58,-0.0,,Johnstown,"Columbus, OH",Licking County
76479,43035,OH,202111,1497.17,,,Lewis Center,"Columbus, OH",Delaware County
76479,43035,OH,202112,1501.02,0.0026,,Lewis Center,"Columbus, OH",Delaware County
76479,43035,OH,202201,1509.54,0.0057,,Lewis Center,"Columbus, OH",Delaware County
76479,43035,OH,202202,1525.11,0.0103,,Lewis Center,"Columbus, OH",Delaware County
76479,43035,OH,202203,1548.1,0.0151,,Lewis Center,"Columbus, OH",Delaware County
76479,43035,OH,202204,1568.51,0.0132,,Lewis Center,"Columbus, OH",Delaware County
76479,43035,OH,202205,1601.85,0.0213,,Lewis Center,"Columbus, OH",Delaware County
76479,43035,OH,202206,1644.86,0.0269,,Lewis Center,"Columbus, OH",Delaware County
76479,43035,OH,202207,1657.27,0.0075,,Lewis Center,"Columbus, OH",Delaware County
76479,43035,OH,202208,1674.01,0.0101,,Lewis Center,"Columbus, OH",Delaware County
76479,43035,OH,202209,1673.39,-0.0004,,Lewis Center,"Columbus, OH",Delaware County
76479,43035,OH,202210,1659.56,-0.0083,,Lewis Center,"Columbus, OH",Delaware County
76479,43035,OH,202211,1623.96,-0.0215,0.0847,Lewis Center,"Columbus, OH",Delaware County
76479,43035,OH,202212,1604.26,-0.0121,0.0688,Lewis Center,"Columbus, OH",Delaware County
76479,43035,OH,202301,1612.03,0.0048,0.0679,Lewis Center,"Columbus, OH",Delaware County
76479,43035,OH,202302,1630.6,0.0115,0.0692,Lewis Center,"Columbus, OH",Delaware County
76479,43035,OH,202303,1652.68,0.0135,0.0676,Lewis Center,"Columbus, OH",Delaware County
76479,43035,OH,202304,1664.94,0.0074,0.0615,Lewis Center,"Columbus, OH",Delaware County
76479,43035,OH,202305,1668.53,0.0022,0.0416,Lewis Center,"Columbus, OH",Delaware County
76479,43035,OH,202306,1660.08,-0.0051,0.0092,Lewis Center,"Columbus, OH",Delaware County
76479,43035,OH,202307,1670.52,0.0063,0.008,Lewis Center,"Columbus, OH",Delaware County
76479,43035,OH,202308,1684.5,0.0084,0.0063,Lewis Center,"Columbus, OH",Delaware County
76479,43035,OH,202309,1677.92,-0.0039,0.0027,Lewis Center,"Columbus, OH",Delaware County
76479,43035,OH,202310,1663.36,-0.0087,0.0023,Lewis Center,"Columbus, OH",Delaware County
76479,43035,OH,202311,1655.78,-0.0046,0.0196,Lewis Center,"Columbus, OH",Delaware County
76479,43035,OH,202312,1647.52,-0.005,0.027,Lewis Center,"Columbus, OH",Delaware County
76479,43035,OH,202401,1667.29,0.012,0.0343,Lewis Center,"Columbus, OH",Delaware County
76479,43035,OH,202402,1671.63,0.0026,0.0252,Lewis Center,"Columbus, OH",Delaware County
76479,43035,OH,202403,1709.98,0.0229,0.0347,Lewis Center,"Columbus, OH",Delaware County
76479,43035,OH,202404,1718.74,0.0051,0.0323,Lewis Center,"Columbus, OH",Delaware County
76479,43035,OH,202405,1736.34,0.0102,0.0406,Lewis Center,"Columbus, OH",Delaware County
76479,43035,OH,202406,1744.84,0.0049,0.0511,Lewis Center,"Columbus, OH",Delaware County
76479,43035,OH,202407,1749.77,0.0028,0.0474,Lewis Center,"Columbus, OH",Delaware County
76479,43035,OH,202408,1756.02,0.0036,0.0425,Lewis Center,"Columbus, OH",Delaware County
76479,43035,OH,202409,1756.11,0.0001,0.0466,Lewis Center,"Columbus, OH",Delaware County
76479,43035,OH,202410,1722.31,-0.0192,0.0354,Lewis Center,"Columbus, OH",Delaware County
76479,43035,OH,202411,1723.78,0.0009,0.0411,Lewis Center,"Columbus, OH",Delaware County
76479,43035,OH,202412,1687.07,-0.0213,0.024,Lewis Center,"Columbus, OH",Delaware County
76479,43035,OH,202501,1702.61,0.0092,0.0212,Lewis Center,"Columbus, OH",Delaware County
76479,43035,OH,202502,1700.65,-0.0011,0.0174,Lewis Center,"Columbus, OH",Delaware County
76479,43035,OH,202503,1730.14,0.0173,0.0118,Lewis Center,"Columbus, OH",Delaware County
76479,43035,OH,202504,1755.36,0.0146,0.0213,Lewis Center,"Columbus, OH",Delaware County
76479,43035,OH,202505,1794.95,0.0226,0.0338,Lewis Center,"Columbus, OH",Delaware County
76479,43035,OH,202506,1810.47,0.0086,0.0376,Lewis Center,"Columbus, OH",Delaware County
76479,43035,OH,202507,1823.56,0.0072,0.0422,Lewis Center,"Columbus, OH",Delaware County
76479,43035,OH,202508,1789.96,-0.0184,0.0193,Lewis Center,"Columbus, OH",Delaware County
76479,43035,OH,202509,1763.64,-0.0147,0.0043,Lewis Center,"Columbus, OH",Delaware County
76479,43035,OH,202510,1767.36,0.0021,0.0262,Lewis Center,"Columbus, OH",Delaware County
76479,43035,OH,202511,1764.53,-0.0016,0.0236,Lewis Center,"Columbus, OH",Delaware County
76479,43035,OH,202512,1770.01,0.0031,0.0492,Lewis Center,"Columbus, OH",Delaware County
76479,43035,OH,202601,1748.81,-0.012,0.0271,Lewis Center,"Columbus, OH",Delaware County
76479,43035,OH,202602,1737.11,-0.0067,0.0214,Lewis Center,"Columbus, OH",Delaware County
76479,43035,OH,202603,1760.05,0.0132,0.0173,Lewis Center,"Columbus, OH",Delaware County
76479,43035,OH,202604,1775.14,0.0086,0.0113,Lewis Center,"Columbus, OH",Delaware County
76479,43035,OH,202605,1800.94,0.0145,0.0033,Lewis Center,"Columbus, OH",Delaware County
76479,43035,OH,202606,1804.92,0.0022,-0.0031,Lewis Center,"Columbus, OH",Delaware County
76479,43035,OH,202607,1809.96,0.0028,-0.0075,Lewis Center,"Columbus, OH",Delaware County
76479,43035,OH,202608,1802.26,-0.0043,0.0069,Lewis Center,"Columbus, OH",Delaware County
76482,43040,OH,202207,1342.52,,,Marysville,"Columbus, OH",Union County
76482,43040,OH,202208,1336.2,-0.0047,,Marysville,"Columbus, OH",Union County
76482,43040,OH,202209,1343.59,0.0055,,Marysville,"Columbus, OH",Union County
76482,43040,OH,202210,1333.56,-0.0075,,Marysville,"Columbus, OH",Union County
76482,43040,OH,202211,1334.5,0.0007,,Marysville,"Columbus, OH",Union County
76482,43040,OH,202212,1342.09,0.0057,,Marysville,"Columbus, OH",Union County
76482,43040,OH,202301,1332.43,-0.0072,,Marysville,"Columbus, OH",Union County
76482,43040,OH,202302,1328.71,-0.0028,,Marysville,"Columbus, OH",Union County
76482,43040,OH,202303,1326.3,-0.0018,,Marysville,"Columbus, OH",Union County
76482,43040,OH,202304,1345.09,0.0142,,Marysville,"Columbus, OH",Union County
76482,43040,OH,202305,1377.37,0.024,,Marysville,"Columbus, OH",Union County
76482,43040,OH,202306,1397.43,0.0146,,Marysville,"Columbus, OH",Union County
76482,43040,OH,202307,1413.71,0.0117,0.053,Marysville,"Columbus, OH",Union County
76482,43040,OH,202308,1416.54,0.002,0.0601,Marysville,"Columbus, OH",Union County
76482,43040,OH,202309,1422.39,0.0041,0.0587,Marysville,"Columbus, OH",Union County
76482,43040,OH,202310,1399.55,-0.0161,0.0495,Marysville,"Columbus, OH",Union County
76482,43040,OH,202311,1400.2,0.0005,0.0492,Marysville,"Columbus, OH",Union County
76482,43040,OH,202312,1403.02,0.002,0.0454,Marysville,"Columbus, OH",Union County
76482,43040,OH,202401,1404.31,0.0009,0.0539,Marysville,"Columbus, OH",Union County
76482,43040,OH,202402,1415.83,0.0082,0.0656,Marysville,"Columbus, OH",Union County
76482,43040,OH,202403,1429.05,0.0093,0.0775,Marysville,"Columbus, OH",Union County
76482,43040,OH,202404,1470.02,0.0287,0.0929,Marysville,"Columbus, OH",Union County
76482,43040,OH,202405,1491.06,0.0143,0.0825,Marysville,"Columbus, OH",Union County
76482,43040,OH,202406,1509.23,0.0122,0.08,Marysville,"Columbus, OH",Union County
76482,43040,OH,202407,1505.96,-0.0022,0.0653,Marysville,"Columbus, OH",Union County
76482,43040,OH,202408,1511.6,0.0037,0.0671,Marysville,"Columbus, OH",Union County
76482,43040,OH,202409,1505.83,-0.0038,0.0587,Marysville,"Columbus, OH",Union County
76482,43040,OH,202410,1524.74,0.0126,0.0894,Marysville,"Columbus, OH",Union County
76482,43040,OH,202411,1510.77,-0.0092,0.079,Marysville,"Columbus, OH",Union County
76482,43040,OH,202412,1489.14,-0.0143,0.0614,Marysville,"Columbus, OH",Union County
76482,43040,OH,202501,1466.55,-0.0152,0.0443,Marysville,"Columbus, OH",Union County
76482,43040,OH,202502,1456.77,-0.0067,0.0289,Marysville,"Columbus, OH",Union County
76482,43040,OH,202503,1474.38,0.0121,0.0317,Marysville,"Columbus, OH",Union County
76482,43040,OH,202504,1475.82,0.001,0.004,Marysville,"Columbus, OH",Union County
76482,43040,OH,202505,1489.41,0.0092,-0.0011,Marysville,"Columbus, OH",Union County
76482,43040,OH,202506,1485.73,-0.0025,-0.0156,Marysville,"Columbus, OH",Union County
76482,43040,OH,202507,1493.83,0.0055,-0.0081,Marysville,"Columbus, OH",Union County
76482,43040,OH,202508,1523.12,0.0196,0.0076,Marysville,"Columbus, OH",Union County
76482,43040,OH,202509,1550.52,0.018,0.0297,Marysville,"Columbus, OH",Union County
76482,43040,OH,202510,1555.41,0.0032,0.0201,Marysville,"Columbus, OH",Union County
76482,43040,OH,202511,1529.01,-0.017,0.0121,Marysville,"Columbus, OH",Union County
76482,43040,OH,202512,1507.14,-0.0143,0.0121,Marysville,"Columbus, OH",Union County
76482,43040,OH,202601,1501.31,-0.0039,0.0237,Marysville,"Columbus, OH",Union County
76482,43040,OH,202602,1492.24,-0.006,0.0243,Marysville,"Columbus, OH",Union County
76482,43040,OH,202603,1489.27,-0.002,0.0101,Marysville,"Columbus, OH",Union County
76482,43040,OH,202604,1478.18,-0.0074,0.0016,Marysville,"Columbus, OH",Union County
76482,43040,OH,202605,1483.75,0.0038,-0.0038,Marysville,"Columbus, OH",Union County
76482,43040,OH,202606,1494.03,0.0069,0.0056,Marysville,"Columbus, OH",Union County
76482,43040,OH,202607,1505.59,0.0077,0.0079,Marysville,"Columbus, OH",Union County
76482,43040,OH,202608,1510.23,0.0031,-0.0085,Marysville,"Columbus, OH",Union County
76489,43050,OH,202605,1292.51,,,Mount Vernon,"Mount Vernon, OH",Knox County
76489,43050,OH,202606,1315.99,0.0182,,Mount Vernon,"Mount Vernon, OH",Knox County
76489,43050,OH,202607,1304.82,-0.0085,,Mount Vernon,"Mount Vernon, OH",Knox County
76489,43050,OH,202608,1331.83,0.0207,,Mount Vernon,"Mount Vernon, OH",Knox County
76490,43054,OH,202205,1518.34,,,New Albany,"Columbus, OH",Franklin County
76490,43054,OH,202206,1564.56,0.0304,,New Albany,"Columbus, OH",Franklin County
76490,43054,OH,202207,1574.93,0.0066,,New Albany,"Columbus, OH",Franklin County
76490,43054,OH,202208,1566.42,-0.0054,,New Albany,"Columbus, OH",Franklin County
76490,43054,OH,202209,1553.73,-0.0081,,New Albany,"Columbus, OH",Franklin County
76490,43054,OH,202210,1529.41,-0.0156,,New Albany,"Columbus, OH",Franklin County
76490,43054,OH,202211,1484.18,-0.0296,,New Albany,"Columbus, OH",Franklin County
76490,43054,OH,202212,1471.47,-0.0086,,New Albany,"Columbus, OH",Franklin County
76490,43054,OH,202301,1468.08,-0.0023,,New Albany,"Columbus, OH",Franklin County
76490,43054,OH,202302,1505.41,0.0254,,New Albany,"Columbus, OH",Franklin County
76490,43054,OH,202303,1504.54,-0.0006,,New Albany,"Columbus, OH",Franklin County
76490,43054,OH,202304,1537.58,0.022,,New Albany,"Columbus, OH",Franklin County
76490,43054,OH,202305,1559.14,0.014,0.0269,New Albany,"Columbus, OH",Franklin County
76490,43054,OH,202306,1593.09,0.0218,0.0182,New Albany,"Columbus, OH",Franklin County
76490,43054,OH,202307,1614.97,0.0137,0.0254,New Albany,"Columbus, OH",Franklin County
76490,43054,OH,202308,1596.51,-0.0114,0.0192,New Albany,"Columbus, OH",Franklin County
76490,43054,OH,202309,1571.01,-0.016,0.0111,New Albany,"Columbus, OH",Franklin County
76490,43054,OH,202310,1535.88,-0.0224,0.0042,New Albany,"Columbus, OH",Franklin County
76490,43054,OH,202311,1492.83,-0.028,0.0058,New Albany,"Columbus, OH",Franklin County
76490,43054,OH,202312,1492.93,0.0001,0.0146,New Albany,"Columbus, OH",Franklin County
76490,43054,OH,202401,1504.51,0.0078,0.0248,New Albany,"Columbus, OH",Franklin County
76490,43054,OH,202402,1570.8,0.0441,0.0434,New Albany,"Columbus, OH",Franklin County
76490,43054,OH,202403,1601.59,0.0196,0.0645,New Albany,"Columbus, OH",Franklin County
76490,43054,OH,202404,1631.0,0.0184,0.0608,New Albany,"Columbus, OH",Franklin County
76490,43054,OH,202405,1643.14,0.0074,0.0539,New Albany,"Columbus, OH",Franklin County
76490,43054,OH,202406,1652.14,0.0055,0.0371,New Albany,"Columbus, OH",Franklin County
76490,43054,OH,202407,1656.08,0.0024,0.0255,New Albany,"Columbus, OH",Franklin County
76490,43054,OH,202408,1670.08,0.0085,0.0461,New Albany,"Columbus, OH",Franklin County
76490,43054,OH,202409,1661.15,-0.0054,0.0574,New Albany,"Columbus, OH",Franklin County
76490,43054,OH,202410,1663.14,0.0012,0.0829,New Albany,"Columbus, OH",Franklin County
76490,43054,OH,202411,1661.12,-0.0012,0.1127,New Albany,"Columbus, OH",Franklin County
76490,43054,OH,202412,1679.87,0.0113,0.1252,New Albany,"Columbus, OH",Franklin County
76490,43054,OH,202501,1667.6,-0.0073,0.1084,New Albany,"Columbus, OH",Franklin County
76490,43054,OH,202502,1666.91,-0.0004,0.0612,New Albany,"Columbus, OH",Franklin County
76490,43054,OH,202503,1687.62,0.0124,0.0537,New Albany,"Columbus, OH",Franklin County
76490,43054,OH,202504,1717.87,0.0179,0.0533,New Albany,"Columbus, OH",Franklin County
76490,43054,OH,202505,1736.48,0.0108,0.0568,New Albany,"Columbus, OH",Franklin County
76490,43054,OH,202506,1747.54,0.0064,0.0577,New Albany,"Columbus, OH",Franklin County
76490,43054,OH,202507,1768.06,0.0117,0.0676,New Albany,"Columbus, OH",Franklin County
76490,43054,OH,202508,1762.21,-0.0033,0.0552,New Albany,"Columbus, OH",Franklin County
76490,43054,OH,202509,1727.74,-0.0196,0.0401,New Albany,"Columbus, OH",Franklin County
76490,43054,OH,202510,1682.25,-0.0263,0.0115,New Albany,"Columbus, OH",Franklin County
76490,43054,OH,202511,1674.41,-0.0047,0.008,New Albany,"Columbus, OH",Franklin County
76490,43054,OH,202512,1670.06,-0.0026,-0.0058,New Albany,"Columbus, OH",Franklin County
76490,43054,OH,202601,1689.98,0.0119,0.0134,New Albany,"Columbus, OH",Franklin County
76490,43054,OH,202602,1702.6,0.0075,0.0214,New Albany,"Columbus, OH",Franklin County
76490,43054,OH,202603,1719.75,0.0101,0.019,New Albany,"Columbus, OH",Franklin County
76490,43054,OH,202604,1720.27,0.0003,0.0014,New Albany,"Columbus, OH",Franklin County
76490,43054,OH,202605,1740.27,0.0116,0.0022,New Albany,"Columbus, OH",Franklin County
76490,43054,OH,202606,1777.41,0.0213,0.0171,New Albany,"Columbus, OH",Franklin County
76490,43054,OH,202607,1821.14,0.0246,0.03,New Albany,"Columbus, OH",Franklin County
76490,43054,OH,202608,1826.35,0.0029,0.0364,New Albany,"Columbus, OH",Franklin County
76491,43055,OH,202202,1032.06,,,Newark,"Columbus, OH",Licking County
76491,43055,OH,202203,1055.99,0.0232,,Newark,"Columbus, OH",Licking County
76491,43055,OH,202204,1045.46,-0.01,,Newark,"Columbus, OH",Licking County
76491,43055,OH,202205,1068.59,0.0221,,Newark,"Columbus, OH",Licking County
76491,43055,OH,202206,1064.97,-0.0034,,Newark,"Columbus, OH",Licking County
76491,43055,OH,202207,1107.42,0.0399,,Newark,"Columbus, OH",Licking County
76491,43055,OH,202208,1123.26,0.0143,,Newark,"Columbus, OH",Licking County
76491,43055,OH,202209,1151.63,0.0253,,Newark,"Columbus, OH",Licking County
76491,43055,OH,202210,1130.95,-0.018,,Newark,"Columbus, OH",Licking County
76491,43055,OH,202211,1137.06,0.0054,,Newark,"Columbus, OH",Licking County
76491,43055,OH,202212,1164.57,0.0242,,Newark,"Columbus, OH",Licking County
76491,43055,OH,202301,1170.94,0.0055,,Newark,"Columbus, OH",Licking County
76491,43055,OH,202302,1171.49,0.0005,0.1351,Newark,"Columbus, OH",Licking County
76491,43055,OH,202303,1133.62,-0.0323,0.0735,Newark,"Columbus, OH",Licking County
76491,43055,OH,202304,1151.11,0.0154,0.1011,Newark,"Columbus, OH",Licking County
76491,43055,OH,202305,1166.08,0.013,0.0912,Newark,"Columbus, OH",Licking County
76491,43055,OH,202306,1177.68,0.0099,0.1058,Newark,"Columbus, OH",Licking County
76491,43055,OH,202307,1177.24,-0.0004,0.0631,Newark,"Columbus, OH",Licking County
76491,43055,OH,202308,1185.19,0.0068,0.0551,Newark,"Columbus, OH",Licking County
76491,43055,OH,202309,1172.05,-0.0111,0.0177,Newark,"Columbus, OH",Licking County
76491,43055,OH,202310,1181.63,0.0082,0.0448,Newark,"Columbus, OH",Licking County
76491,43055,OH,202311,1190.74,0.0077,0.0472,Newark,"Columbus, OH",Licking County
76491,43055,OH,202312,1226.43,0.03,0.0531,Newark,"Columbus, OH",Licking County
76491,43055,OH,202401,1217.82,-0.007,0.04,Newark,"Columbus, OH",Licking County
76491,43055,OH,202402,1217.48,-0.0003,0.0393,Newark,"Columbus, OH",Licking County
76491,43055,OH,202403,1221.75,0.0035,0.0777,Newark,"Columbus, OH",Licking County
76491,43055,OH,202404,1240.06,0.015,0.0773,Newark,"Columbus, OH",Licking County
76491,43055,OH,202405,1234.74,-0.0043,0.0589,Newark,"Columbus, OH",Licking County
76491,43055,OH,202406,1237.25,0.002,0.0506,Newark,"Columbus, OH",Licking County
76491,43055,OH,202407,1235.99,-0.001,0.0499,Newark,"Columbus, OH",Licking County
76491,43055,OH,202408,1249.43,0.0109,0.0542,Newark,"Columbus, OH",Licking County
76491,43055,OH,202409,1255.34,0.0047,0.0711,Newark,"Columbus, OH",Licking County
76491,43055,OH,202410,1249.72,-0.0045,0.0576,Newark,"Columbus, OH",Licking County
76491,43055,OH,202411,1294.97,0.0362,0.0875,Newark,"Columbus, OH",Licking County
76491,43055,OH,202412,1316.86,0.0169,0.0737,Newark,"Columbus, OH",Licking County
76491,43055,OH,202501,1342.7,0.0196,0.1025,Newark,"Columbus, OH",Licking County
76491,43055,OH,202502,1312.47,-0.0225,0.078,Newark,"Columbus, OH",Licking County
76491,43055,OH,202503,1309.17,-0.0025,0.0716,Newark,"Columbus, OH",Licking County
76491,43055,OH,202504,1311.42,0.0017,0.0575,Newark,"Columbus, OH",Licking County
76491,43055,OH,202505,1302.43,-0.0069,0.0548,Newark,"Columbus, OH",Licking County
76491,43055,OH,202506,1309.59,0.0055,0.0585,Newark,"Columbus, OH",Licking County
76491,43055,OH,202507,1324.23,0.0112,0.0714,Newark,"Columbus, OH",Licking County
76491,43055,OH,202508,1345.62,0.0162,0.077,Newark,"Columbus, OH",Licking County
76491,43055,OH,202509,1346.0,0.0003,0.0722,Newark,"Columbus, OH",Licking County
76491,43055,OH,202510,1348.24,0.0017,0.0788,Newark,"Columbus, OH",Licking County
76491,43055,OH,202511,1341.41,-0.0051,0.0359,Newark,"Columbus, OH",Licking County
76491,43055,OH,202512,1347.38,0.0044,0.0232,Newark,"Columbus, OH",Licking County
76491,43055,OH,202601,1335.69,-0.0087,-0.0052,Newark,"Columbus, OH",Licking County
76491,43055,OH,202602,1324.6,-0.0083,0.0092,Newark,"Columbus, OH",Licking County
76491,43055,OH,202603,1329.17,0.0034,0.0153,Newark,"Columbus, OH",Licking County
76491,43055,OH,202604,1342.6,0.0101,0.0238,Newark,"Columbus, OH",Licking County
76491,43055,OH,202605,1373.81,0.0233,0.0548,Newark,"Columbus, OH",Licking County
76491,43055,OH,202606,1355.44,-0.0134,0.035,Newark,"Columbus, OH",Licking County
76491,43055,OH,202607,1382.33,0.0198,0.0439,Newark,"Columbus, OH",Licking County
76491,43055,OH,202608,1387.14,0.0035,0.0309,Newark,"Columbus, OH",Licking County
76496,43062,OH,202512,2229.24,,,Pataskala,"Columbus, OH",Licking County
76496,43062,OH,202601,2233.75,0.002,,Pataskala,"Columbus, OH",Licking County
76496,43062,OH,202602,2274.99,0.0185,,Pataskala,"Columbus, OH",Licking County
76496,43062,OH,202603,2267.11,-0.0035,,Pataskala,"Columbus, OH",Licking County
76496,43062,OH,202604,2296.49,0.013,,Pataskala,"Columbus, OH",Licking County
76496,43062,OH,202605,2316.42,0.0087,,Pataskala,"Columbus, OH",Licking County
76496,43062,OH,202606,2317.0,0.0003,,Pataskala,"Columbus, OH",Licking County
76496,43062,OH,202607,2365.0,0.0207,,Pataskala,"Columbus, OH",Licking County
76496,43062,OH,202608,2398.73,0.0143,,Pataskala,"Columbus, OH",Licking County
76497,43064,OH,202504,1993.8,,,Plain City,"Columbus, OH",Union County
76497,43064,OH,202505,1988.72,-0.0025,,Plain City,"Columbus, OH",Union County
76497,43064,OH,202506,1964.02,-0.0124,,Plain City,"Columbus, OH",Union County
76497,43064,OH,202507,1973.67,0.0049,,Plain City,"Columbus, OH",Union County
76497,43064,OH,202508,1958.08,-0.0079,,Plain City,"Columbus, OH",Union County
76497,43064,OH,202509,1981.09,0.0118,,Plain City,"Columbus, OH",Union County
76497,43064,OH,202510,2003.98,0.0116,,Plain City,"Columbus, OH",Union County
76497,43064,OH,202511,2009.92,0.003,,Plain City,"Columbus, OH",Union County
76497,43064,OH,202601,1898.73,-0.0553,,Plain City,"Columbus, OH",Union County
76497,43064,OH,202602,1898.49,-0.0001,,Plain City,"Columbus, OH",Union County
76497,43064,OH,202603,1924.32,0.0136,,Plain City,"Columbus, OH",Union County
76497,43064,OH,202604,1939.62,0.008,,Plain City,"Columbus, OH",Union County
76497,43064,OH,202605,1918.62,-0.0108,-0.0377,Plain City,"Columbus, OH",Union County
76497,43064,OH,202606,1914.27,-0.0023,-0.0374,Plain City,"Columbus, OH",Union County
76497,43064,OH,202607,1920.77,0.0034,-0.022,Plain City,"Columbus, OH",Union County
76497,43064,OH,202608,1966.61,0.0239,-0.0036,Plain City,"Columbus, OH",Union County
76498,43065,OH,202401,2042.7,,,Powell,"Columbus, OH",Delaware County
76498,43065,OH,202402,2079.94,0.0182,,Powell,"Columbus, OH",Delaware County
76498,43065,OH,202403,2103.41,0.0113,,Powell,"Columbus, OH",Delaware County
76498,43065,OH,202404,2147.51,0.021,,Powell,"Columbus, OH",Delaware County
76498,43065,OH,202405,2167.28,0.0092,,Powell,"Columbus, OH",Delaware County
76498,43065,OH,202406,2145.68,-0.01,,Powell,"Columbus, OH",Delaware County
76498,43065,OH,202407,2149.69,0.0019,,Powell,"Columbus, OH",Delaware County
76498,43065,OH,202408,2139.54,-0.0047,,Powell,"Columbus, OH",Delaware County
76498,43065,OH,202409,2177.95,0.018,,Powell,"Columbus, OH",Delaware County
76498,43065,OH,202410,2205.16,0.0125,,Powell,"Columbus, OH",Delaware County
76498,43065,OH,202411,2191.23,-0.0063,,Powell,"Columbus, OH",Delaware County
76498,43065,OH,202412,2182.98,-0.0038,,Powell,"Columbus, OH",Delaware County
76498,43065,OH,202501,2128.27,-0.0251,0.0419,Powell,"Columbus, OH",Delaware County
76498,43065,OH,202502,2156.07,0.0131,0.0366,Powell,"Columbus, OH",Delaware County
76498,43065,OH,202503,2156.46,0.0002,0.0252,Powell,"Columbus, OH",Delaware County
76498,43065,OH,202504,2203.22,0.0217,0.0259,Powell,"Columbus, OH",Delaware County
76498,43065,OH,202505,2217.96,0.0067,0.0234,Powell,"Columbus, OH",Delaware County
76498,43065,OH,202506,2244.58,0.012,0.0461,Powell,"Columbus, OH",Delaware County
76498,43065,OH,202507,2234.59,-0.0045,0.0395,Powell,"Columbus, OH",Delaware County
76498,43065,OH,202508,2217.57,-0.0076,0.0365,Powell,"Columbus, OH",Delaware County
76498,43065,OH,202509,2209.77,-0.0035,0.0146,Powell,"Columbus, OH",Delaware County
76498,43065,OH,202510,2213.18,0.0015,0.0036,Powell,"Columbus, OH",Delaware County
76498,43065,OH,202511,2261.75,0.0219,0.0322,Powell,"Columbus, OH",Delaware County
76498,43065,OH,202512,2236.45,-0.0112,0.0245,Powell,"Columbus, OH",Delaware County
76498,43065,OH,202601,2241.84,0.0024,0.0534,Powell,"Columbus, OH",Delaware County
76498,43065,OH,202602,2187.78,-0.0241,0.0147,Powell,"Columbus, OH",Delaware County
76498,43065,OH,202603,2234.27,0.0212,0.0361,Powell,"Columbus, OH",Delaware County
76498,43065,OH,202604,2240.2,0.0027,0.0168,Powell,"Columbus, OH",Delaware County
76498,43065,OH,202605,2265.85,0.0114,0.0216,Powell,"Columbus, OH",Delaware County
76498,43065,OH,202606,2263.05,-0.0012,0.0082,Powell,"Columbus, OH",Delaware County
76498,43065,OH,202607,2283.41,0.009,0.0218,Powell,"Columbus, OH",Delaware County
76498,43065,OH,202608,2334.15,0.0222,0.0526,Powell,"Columbus, OH",Delaware County
76501,43068,OH,202010,1082.82,,,Reynoldsburg,"Columbus, OH",Franklin County
76501,43068,OH,202011,1088.53,0.0053,,Reynoldsburg,"Columbus, OH",Franklin County
76501,43068,OH,202012,1089.62,0.001,,Reynoldsburg,"Columbus, OH",Franklin County
76501,43068,OH,202101,1116.15,0.0243,,Reynoldsburg,"Columbus, OH",Franklin County
76501,43068,OH,202102,1121.27,0.0046,,Reynoldsburg,"Columbus, OH",Franklin County
76501,43068,OH,202103,1157.88,0.0326,,Reynoldsburg,"Columbus, OH",Franklin County
76501,43068,OH,202104,1165.57,0.0066,,Reynoldsburg,"Columbus, OH",Franklin County
76501,43068,OH,202105,1166.2,0.0005,,Reynoldsburg,"Columbus, OH",Franklin County
76501,43068,OH,202106,1177.54,0.0097,,Reynoldsburg,"Columbus, OH",Franklin County
76501,43068,OH,202107,1210.75,0.0282,,Reynoldsburg,"Columbus, OH",Franklin County
76501,43068,OH,202108,1253.12,0.035,,Reynoldsburg,"Columbus, OH",Franklin County
76501,43068,OH,202109,1270.11,0.0136,,Reynoldsburg,"Columbus, OH",Franklin County
76501,43068,OH,202110,1276.97,0.0054,0.1793,Reynoldsburg,"Columbus, OH",Franklin County
76501,43068,OH,202111,1278.78,0.0014,0.1748,Reynoldsburg,"Columbus, OH",Franklin County
76501,43068,OH,202112,1274.25,-0.0035,0.1695,Reynoldsburg,"Columbus, OH",Franklin County
76501,43068,OH,202201,1252.99,-0.0167,0.1226,Reynoldsburg,"Columbus, OH",Franklin County
76501,43068,OH,202202,1265.29,0.0098,0.1284,Reynoldsburg,"Columbus, OH",Franklin County
76501,43068,OH,202203,1272.91,0.006,0.0993,Reynoldsburg,"Columbus, OH",Franklin County
76501,43068,OH,202204,1291.9,0.0149,0.1084,Reynoldsburg,"Columbus, OH",Franklin County
76501,43068,OH,202205,1291.01,-0.0007,0.107,Reynoldsburg,"Columbus, OH",Franklin County
76501,43068,OH,202206,1314.84,0.0185,0.1166,Reynoldsburg,"Columbus, OH",Franklin County
76501,43068,OH,202207,1330.14,0.0116,0.0986,Reynoldsburg,"Columbus, OH",Franklin County
76501,43068,OH,202208,1340.95,0.0081,0.0701,Reynoldsburg,"Columbus, OH",Franklin County
76501,43068,OH,202209,1340.41,-0.0004,0.0553,Reynoldsburg,"Columbus, OH",Franklin County
76501,43068,OH,202210,1330.43,-0.0074,0.0419,Reynoldsburg,"Columbus, OH",Franklin County
76501,43068,OH,202211,1349.7,0.0145,0.0555,Reynoldsburg,"Columbus, OH",Franklin County
76501,43068,OH,202212,1340.21,-0.007,0.0518,Reynoldsburg,"Columbus, OH",Franklin County
76501,43068,OH,202301,1339.75,-0.0003,0.0692,Reynoldsburg,"Columbus, OH",Franklin County
76501,43068,OH,202302,1341.59,0.0014,0.0603,Reynoldsburg,"Columbus, OH",Franklin County
76501,43068,OH,202303,1369.95,0.0211,0.0762,Reynoldsburg,"Columbus, OH",Franklin County
76501,43068,OH,202304,1402.2,0.0235,0.0854,Reynoldsburg,"Columbus, OH",Franklin County
76501,43068,OH,202305,1399.3,-0.0021,0.0839,Reynoldsburg,"Columbus, OH",Franklin County
76501,43068,OH,202306,1398.45,-0.0006,0.0636,Reynoldsburg,"Columbus, OH",Franklin County
76501,43068,OH,202307,1390.7,-0.0055,0.0455,Reynoldsburg,"Columbus, OH",Franklin County
76501,43068,OH,202308,1392.21,0.0011,0.0382,Reynoldsburg,"Columbus, OH",Franklin County
76501,43068,OH,202309,1385.84,-0.0046,0.0339,Reynoldsburg,"Columbus, OH",Franklin County
76501,43068,OH,202310,1390.09,0.0031,0.0448,Reynoldsburg,"Columbus, OH",Franklin County
76501,43068,OH,202311,1391.25,0.0008,0.0308,Reynoldsburg,"Columbus, OH",Franklin County
76501,43068,OH,202312,1403.7,0.0089,0.0474,Reynoldsburg,"Columbus, OH",Franklin County
76501,43068,OH,202401,1409.59,0.0042,0.0521,Reynoldsburg,"Columbus, OH",Franklin County
76501,43068,OH,202402,1421.59,0.0085,0.0596,Reynoldsburg,"Columbus, OH",Franklin County
76501,43068,OH,202403,1435.71,0.0099,0.048,Reynoldsburg,"Columbus, OH",Franklin County
76501,43068,OH,202404,1456.05,0.0142,0.0384,Reynoldsburg,"Columbus, OH",Franklin County
76501,43068,OH,202405,1462.89,0.0047,0.0454,Reynoldsburg,"Columbus, OH",Franklin County
76501,43068,OH,202406,1475.99,0.009,0.0555,Reynoldsburg,"Columbus, OH",Franklin County
76501,43068,OH,202407,1481.22,0.0035,0.0651,Reynoldsburg,"Columbus, OH",Franklin County
76501,43068,OH,202408,1487.41,0.0042,0.0684,Reynoldsburg,"Columbus, OH",Franklin County
76501,43068,OH,202409,1475.03,-0.0083,0.0644,Reynoldsburg,"Columbus, OH",Franklin County
76501,43068,OH,202410,1464.72,-0.007,0.0537,Reynoldsburg,"Columbus, OH",Franklin County
76501,43068,OH,202411,1482.23,0.012,0.0654,Reynoldsburg,"Columbus, OH",Franklin County
76501,43068,OH,202412,1496.22,0.0094,0.0659,Reynoldsburg,"Columbus, OH",Franklin County
76501,43068,OH,202501,1507.75,0.0077,0.0696,Reynoldsburg,"Columbus, OH",Franklin County
76501,43068,OH,202502,1503.22,-0.003,0.0574,Reynoldsburg,"Columbus, OH",Franklin County
76501,43068,OH,202503,1507.48,0.0028,0.05,Reynoldsburg,"Columbus, OH",Franklin County
76501,43068,OH,202504,1525.0,0.0116,0.0474,Reynoldsburg,"Columbus, OH",Franklin County
76501,43068,OH,202505,1541.37,0.0107,0.0536,Reynoldsburg,"Columbus, OH",Franklin County
76501,43068,OH,202506,1556.27,0.0097,0.0544,Reynoldsburg,"Columbus, OH",Franklin County
76501,43068,OH,202507,1548.84,-0.0048,0.0457,Reynoldsburg,"Columbus, OH",Franklin County
76501,43068,OH,202508,1535.65,-0.0085,0.0324,Reynoldsburg,"Columbus, OH",Franklin County
76501,43068,OH,202509,1534.62,-0.0007,0.0404,Reynoldsburg,"Columbus, OH",Franklin County
76501,43068,OH,202510,1523.66,-0.0071,0.0402,Reynoldsburg,"Columbus, OH",Franklin County
76501,43068,OH,202511,1514.29,-0.0062,0.0216,Reynoldsburg,"Columbus, OH",Franklin County
76501,43068,OH,202512,1497.45,-0.0111,0.0008,Reynoldsburg,"Columbus, OH",Franklin County
76501,43068,OH,202601,1511.75,0.0096,0.0027,Reynoldsburg,"Columbus, OH",Franklin County
76501,43068,OH,202602,1528.19,0.0109,0.0166,Reynoldsburg,"Columbus, OH",Franklin County
76501,43068,OH,202603,1538.23,0.0066,0.0204,Reynoldsburg,"Columbus, OH",Franklin County
76501,43068,OH,202604,1533.1,-0.0033,0.0053,Reynoldsburg,"Columbus, OH",Franklin County
76501,43068,OH,202605,1539.94,0.0045,-0.0009,Reynoldsburg,"Columbus, OH",Franklin County
76501,43068,OH,202606,1545.65,0.0037,-0.0068,Reynoldsburg,"Columbus, OH",Franklin County
76501,43068,OH,202607,1569.78,0.0156,0.0135,Reynoldsburg,"Columbus, OH",Franklin County
76501,43068,OH,202608,1566.37,-0.0022,0.02,Reynoldsburg,"Columbus, OH",Franklin County
76506,43074,OH,202412,1676.41,,,Sunbury,"Columbus, OH",Delaware County
76506,43074,OH,202501,1672.42,-0.0024,,Sunbury,"Columbus, OH",Delaware County
76506,43074,OH,202502,1673.83,0.0008,,Sunbury,"Columbus, OH",Delaware County
76506,43074,OH,202503,1675.8,0.0012,,Sunbury,"Columbus, OH",Delaware County
76506,43074,OH,202504,1678.92,0.0019,,Sunbury,"Columbus, OH",Delaware County
76506,43074,OH,202505,1679.76,0.0005,,Sunbury,"Columbus, OH",Delaware County
76506,43074,OH,202506,1675.5,-0.0025,,Sunbury,"Columbus, OH",Delaware County
76506,43074,OH,202507,1663.97,-0.0069,,Sunbury,"Columbus, OH",Delaware County
76506,43074,OH,202508,1652.74,-0.0067,,Sunbury,"Columbus, OH",Delaware County
76506,43074,OH,202509,1652.27,-0.0003,,Sunbury,"Columbus, OH",Delaware County
76506,43074,OH,202510,1655.44,0.0019,,Sunbury,"Columbus, OH",Delaware County
76506,43074,OH,202511,1643.04,-0.0075,,Sunbury,"Columbus, OH",Delaware County
76506,43074,OH,202512,1657.05,0.0085,-0.0115,Sunbury,"Columbus, OH",Delaware County
76506,43074,OH,202601,1679.5,0.0136,0.0042,Sunbury,"Columbus, OH",Delaware County
76506,43074,OH,202602,1713.32,0.0201,0.0236,Sunbury,"Columbus, OH",Delaware County
76506,43074,OH,202603,1682.18,-0.0182,0.0038,Sunbury,"Columbus, OH",Delaware County
76506,43074,OH,202604,1647.52,-0.0206,-0.0187,Sunbury,"Columbus, OH",Delaware County
76506,43074,OH,202605,1638.71,-0.0054,-0.0244,Sunbury,"Columbus, OH",Delaware County
76506,43074,OH,202606,1649.28,0.0065,-0.0156,Sunbury,"Columbus, OH",Delaware County
76506,43074,OH,202607,1671.03,0.0132,0.0042,Sunbury,"Columbus, OH",Delaware County
76506,43074,OH,202608,1674.81,0.0023,0.0134,Sunbury,"Columbus, OH",Delaware County
76511,43081,OH,201712,1033.52,,,Westerville,"Columbus, OH",Franklin County
76511,43081,OH,201801,1036.69,0.0031,,Westerville,"Columbus, OH",Franklin County
76511,43081,OH,201802,1045.21,0.0082,,Westerville,"Columbus, OH",Franklin County
76511,43081,OH,201803,1060.19,0.0143,,Westerville,"Columbus, OH",Franklin County
76511,43081,OH,201804,1061.54,0.0013,,Westerville,"Columbus, OH",Franklin County
76511,43081,OH,201805,1073.85,0.0116,,Westerville,"Columbus, OH",Franklin County
76511,43081,OH,201806,1072.19,-0.0015,,Westerville,"Columbus, OH",Franklin County
76511,43081,OH,201807,1086.9,0.0137,,Westerville,"Columbus, OH",Franklin County
76511,43081,OH,201808,1089.12,0.002,,Westerville,"Columbus, OH",Franklin County
76511,43081,OH,201809,1106.86,0.0163,,Westerville,"Columbus, OH",Franklin County
76511,43081,OH,201810,1100.94,-0.0053,,Westerville,"Columbus, OH",Franklin County
76511,43081,OH,201811,1105.79,0.0044,,Westerville,"Columbus, OH",Franklin County
76511,43081,OH,201812,1095.6,-0.0092,0.0601,Westerville,"Columbus, OH",Franklin County
76511,43081,OH,201901,1095.12,-0.0004,0.0564,Westerville,"Columbus, OH",Franklin County
76511,43081,OH,201902,1088.31,-0.0062,0.0412,Westerville,"Columbus, OH",Franklin County
76511,43081,OH,201903,1086.59,-0.0016,0.0249,Westerville,"Columbus, OH",Franklin County
76511,43081,OH,201904,1088.14,0.0014,0.0251,Westerville,"Columbus, OH",Franklin County
76511,43081,OH,201905,1102.49,0.0132,0.0267,Westerville,"Columbus, OH",Franklin County
76511,43081,OH,201906,1110.84,0.0076,0.0361,Westerville,"Columbus, OH",Franklin County
76511,43081,OH,201907,1123.85,0.0117,0.034,Westerville,"Columbus, OH",Franklin County
76511,43081,OH,201908,1109.15,-0.0131,0.0184,Westerville,"Columbus, OH",Franklin County
76511,43081,OH,201909,1107.99,-0.001,0.001,Westerville,"Columbus, OH",Franklin County
76511,43081,OH,201910,1100.75,-0.0065,-0.0002,Westerville,"Columbus, OH",Franklin County
76511,43081,OH,201911,1115.03,0.013,0.0084,Westerville,"Columbus, OH",Franklin County
76511,43081,OH,201912,1114.13,-0.0008,0.0169,Westerville,"Columbus, OH",Franklin County
76511,43081,OH,202001,1117.89,0.0034,0.0208,Westerville,"Columbus, OH",Franklin County
76511,43081,OH,202002,1119.24,0.0012,0.0284,Westerville,"Columbus, OH",Franklin County
76511,43081,OH,202003,1135.96,0.0149,0.0454,Westerville,"Columbus, OH",Franklin County
76511,43081,OH,202004,1140.4,0.0039,0.048,Westerville,"Columbus, OH",Franklin County
76511,43081,OH,202005,1148.6,0.0072,0.0418,Westerville,"Columbus, OH",Franklin County
76511,43081,OH,202006,1138.78,-0.0085,0.0252,Westerville,"Columbus, OH",Franklin County
76511,43081,OH,202007,1154.92,0.0142,0.0276,Westerville,"Columbus, OH",Franklin County
76511,43081,OH,202008,1153.14,-0.0015,0.0397,Westerville,"Columbus, OH",Franklin County
76511,43081,OH,202009,1171.31,0.0158,0.0572,Westerville,"Columbus, OH",Franklin County
76511,43081,OH,202010,1159.78,-0.0098,0.0536,Westerville,"Columbus, OH",Franklin County
76511,43081,OH,202011,1169.34,0.0082,0.0487,Westerville,"Columbus, OH",Franklin County
76511,43081,OH,202012,1150.04,-0.0165,0.0322,Westerville,"Columbus, OH",Franklin County
76511,43081,OH,202101,1157.42,0.0064,0.0354,Westerville,"Columbus, OH",Franklin County
76511,43081,OH,202102,1157.99,0.0005,0.0346,Westerville,"Columbus, OH",Franklin County
76511,43081,OH,202103,1182.0,0.0207,0.0405,Westerville,"Columbus, OH",Franklin County
76511,43081,OH,202104,1196.0,0.0119,0.0488,Westerville,"Columbus, OH",Franklin County
76511,43081,OH,202105,1206.28,0.0086,0.0502,Westerville,"Columbus, OH",Franklin County
76511,43081,OH,202106,1222.89,0.0138,0.0739,Westerville,"Columbus, OH",Franklin County
76511,43081,OH,202107,1250.01,0.0222,0.0823,Westerville,"Columbus, OH",Franklin County
76511,43081,OH,202108,1268.38,0.0147,0.0999,Westerville,"Columbus, OH",Franklin County
76511,43081,OH,202109,1279.13,0.0085,0.0921,Westerville,"Columbus, OH",Franklin County
76511,43081,OH,202110,1285.53,0.005,0.1084,Westerville,"Columbus, OH",Franklin County
76511,43081,OH,202111,1296.5,0.0085,0.1087,Westerville,"Columbus, OH",Franklin County
76511,43081,OH,202112,1300.91,0.0034,0.1312,Westerville,"Columbus, OH",Franklin County
76511,43081,OH,202201,1314.33,0.0103,0.1356,Westerville,"Columbus, OH",Franklin County
76511,43081,OH,202202,1320.34,0.0046,0.1402,Westerville,"Columbus, OH",Franklin County
76511,43081,OH,202203,1322.36,0.0015,0.1188,Westerville,"Columbus, OH",Franklin County
76511,43081,OH,202204,1327.15,0.0036,0.1097,Westerville,"Columbus, OH",Franklin County
76511,43081,OH,202205,1351.2,0.0181,0.1201,Westerville,"Columbus, OH",Franklin County
76511,43081,OH,202206,1401.74,0.0374,0.1462,Westerville,"Columbus, OH",Franklin County
76511,43081,OH,202207,1415.34,0.0097,0.1323,Westerville,"Columbus, OH",Franklin County
76511,43081,OH,202208,1419.46,0.0029,0.1191,Westerville,"Columbus, OH",Franklin County
76511,43081,OH,202209,1379.66,-0.028,0.0786,Westerville,"Columbus, OH",Franklin County
76511,43081,OH,202210,1380.93,0.0009,0.0742,Westerville,"Columbus, OH",Franklin County
76511,43081,OH,202211,1369.48,-0.0083,0.0563,Westerville,"Columbus, OH",Franklin County
76511,43081,OH,202212,1387.15,0.0129,0.0663,Westerville,"Columbus, OH",Franklin County
76511,43081,OH,202301,1380.1,-0.0051,0.05,Westerville,"Columbus, OH",Franklin County
76511,43081,OH,202302,1406.01,0.0188,0.0649,Westerville,"Columbus, OH",Franklin County
76511,43081,OH,202303,1424.15,0.0129,0.077,Westerville,"Columbus, OH",Franklin County
76511,43081,OH,202304,1445.4,0.0149,0.0891,Westerville,"Columbus, OH",Franklin County
76511,43081,OH,202305,1456.65,0.0078,0.078,Westerville,"Columbus, OH",Franklin County
76511,43081,OH,202306,1468.41,0.0081,0.0476,Westerville,"Columbus, OH",Franklin County
76511,43081,OH,202307,1479.96,0.0079,0.0457,Westerville,"Columbus, OH",Franklin County
76511,43081,OH,202308,1495.38,0.0104,0.0535,Westerville,"Columbus, OH",Franklin County
76511,43081,OH,202309,1498.41,0.002,0.0861,Westerville,"Columbus, OH",Franklin County
76511,43081,OH,202310,1495.1,-0.0022,0.0827,Westerville,"Columbus, OH",Franklin County
76511,43081,OH,202311,1478.43,-0.0112,0.0796,Westerville,"Columbus, OH",Franklin County
76511,43081,OH,202312,1476.76,-0.0011,0.0646,Westerville,"Columbus, OH",Franklin County
76511,43081,OH,202401,1465.41,-0.0077,0.0618,Westerville,"Columbus, OH",Franklin County
76511,43081,OH,202402,1473.02,0.0052,0.0477,Westerville,"Columbus, OH",Franklin County
76511,43081,OH,202403,1492.23,0.013,0.0478,Westerville,"Columbus, OH",Franklin County
76511,43081,OH,202404,1536.11,0.0294,0.0628,Westerville,"Columbus, OH",Franklin County
76511,43081,OH,202405,1545.62,0.0062,0.0611,Westerville,"Columbus, OH",Franklin County
76511,43081,OH,202406,1537.82,-0.005,0.0473,Westerville,"Columbus, OH",Franklin County
76511,43081,OH,202407,1530.47,-0.0048,0.0341,Westerville,"Columbus, OH",Franklin County
76511,43081,OH,202408,1530.6,0.0001,0.0236,Westerville,"Columbus, OH",Franklin County
76511,43081,OH,202409,1544.31,0.009,0.0306,Westerville,"Columbus, OH",Franklin County
76511,43081,OH,202410,1539.7,-0.003,0.0298,Westerville,"Columbus, OH",Franklin County
76511,43081,OH,202411,1549.99,0.0067,0.0484,Westerville,"Columbus, OH",Franklin County
76511,43081,OH,202412,1535.76,-0.0092,0.04,Westerville,"Columbus, OH",Franklin County
76511,43081,OH,202501,1551.12,0.01,0.0585,Westerville,"Columbus, OH",Franklin County
76511,43081,OH,202502,1546.25,-0.0031,0.0497,Westerville,"Columbus, OH",Franklin County
76511,43081,OH,202503,1565.72,0.0126,0.0493,Westerville,"Columbus, OH",Franklin County
76511,43081,OH,202504,1568.62,0.0018,0.0212,Westerville,"Columbus, OH",Franklin County
76511,43081,OH,202505,1584.34,0.01,0.0251,Westerville,"Columbus, OH",Franklin County
76511,43081,OH,202506,1581.46,-0.0018,0.0284,Westerville,"Columbus, OH",Franklin County
76511,43081,OH,202507,1589.75,0.0052,0.0387,Westerville,"Columbus, OH",Franklin County
76511,43081,OH,202508,1593.65,0.0025,0.0412,Westerville,"Columbus, OH",Franklin County
76511,43081,OH,202509,1594.89,0.0008,0.0328,Westerville,"Columbus, OH",Franklin County
76511,43081,OH,202510,1586.72,-0.0051,0.0305,Westerville,"Columbus, OH",Franklin County
76511,43081,OH,202511,1581.38,-0.0034,0.0203,Westerville,"Columbus, OH",Franklin County
76511,43081,OH,202512,1579.02,-0.0015,0.0282,Westerville,"Columbus, OH",Franklin County
76511,43081,OH,202601,1568.05,-0.007,0.0109,Westerville,"Columbus, OH",Franklin County
76511,43081,OH,202602,1555.42,-0.0081,0.0059,Westerville,"Columbus, OH",Franklin County
76511,43081,OH,202603,1558.06,0.0017,-0.0049,Westerville,"Columbus, OH",Franklin County
76511,43081,OH,202604,1585.28,0.0175,0.0106,Westerville,"Columbus, OH",Franklin County
76511,43081,OH,202605,1611.47,0.0165,0.0171,Westerville,"Columbus, OH",Franklin County
76511,43081,OH,202606,1625.89,0.0089,0.0281,Westerville,"Columbus, OH",Franklin County
76511,43081,OH,202607,1619.05,-0.0042,0.0184,Westerville,"Columbus, OH",Franklin County
76511,43081,OH,202608,1628.48,0.0058,0.0218,Westerville,"Columbus, OH",Franklin County
76512,43082,OH,202203,1475.65,,,Westerville,"Columbus, OH",Delaware County
76512,43082,OH,202204,1494.23,0.0126,,Westerville,"Columbus, OH",Delaware County
76512,43082,OH,202205,1534.42,0.0269,,Westerville,"Columbus, OH",Delaware County
76512,43082,OH,202206,1567.42,0.0215,,Westerville,"Columbus, OH",Delaware County
76512,43082,OH,202207,1607.21,0.0254,,Westerville,"Columbus, OH",Delaware County
76512,43082,OH,202208,1613.0,0.0036,,Westerville,"Columbus, OH",Delaware County
76512,43082,OH,202209,1588.33,-0.0153,,Westerville,"Columbus, OH",Delaware County
76512,43082,OH,202210,1554.43,-0.0213,,Westerville,"Columbus, OH",Delaware County
76512,43082,OH,202211,1513.71,-0.0262,,Westerville,"Columbus, OH",Delaware County
76512,43082,OH,202212,1487.37,-0.0174,,Westerville,"Columbus, OH",Delaware County
76512,43082,OH,202301,1451.72,-0.024,,Westerville,"Columbus, OH",Delaware County
76512,43082,OH,202302,1447.18,-0.0031,,Westerville,"Columbus, OH",Delaware County
76512,43082,OH,202303,1478.16,0.0214,0.0017,Westerville,"Columbus, OH",Delaware County
76512,43082,OH,202304,1521.48,0.0293,0.0182,Westerville,"Columbus, OH",Delaware County
76512,43082,OH,202305,1579.94,0.0384,0.0297,Westerville,"Columbus, OH",Delaware County
76512,43082,OH,202306,1599.4,0.0123,0.0204,Westerville,"Columbus, OH",Delaware County
76512,43082,OH,202307,1619.46,0.0125,0.0076,Westerville,"Columbus, OH",Delaware County
76512,43082,OH,202308,1596.82,-0.014,-0.01,Westerville,"Columbus, OH",Delaware County
76512,43082,OH,202309,1580.5,-0.0102,-0.0049,Westerville,"Columbus, OH",Delaware County
76512,43082,OH,202310,1554.89,-0.0162,0.0003,Westerville,"Columbus, OH",Delaware County
76512,43082,OH,202311,1529.09,-0.0166,0.0102,Westerville,"Columbus, OH",Delaware County
76512,43082,OH,202312,1504.1,-0.0163,0.0112,Westerville,"Columbus, OH",Delaware County
76512,43082,OH,202401,1488.43,-0.0104,0.0253,Westerville,"Columbus, OH",Delaware County
76512,43082,OH,202402,1513.55,0.0169,0.0459,Westerville,"Columbus, OH",Delaware County
76512,43082,OH,202403,1543.48,0.0198,0.0442,Westerville,"Columbus, OH",Delaware County
76512,43082,OH,202404,1584.89,0.0268,0.0417,Westerville,"Columbus, OH",Delaware County
76512,43082,OH,202405,1612.3,0.0173,0.0205,Westerville,"Columbus, OH",Delaware County
76512,43082,OH,202406,1636.09,0.0148,0.0229,Westerville,"Columbus, OH",Delaware County
76512,43082,OH,202407,1658.11,0.0135,0.0239,Westerville,"Columbus, OH",Delaware County
76512,43082,OH,202408,1670.34,0.0074,0.046,Westerville,"Columbus, OH",Delaware County
76512,43082,OH,202409,1666.48,-0.0023,0.0544,Westerville,"Columbus, OH",Delaware County
76512,43082,OH,202410,1626.39,-0.0241,0.046,Westerville,"Columbus, OH",Delaware County
76512,43082,OH,202411,1577.72,-0.0299,0.0318,Westerville,"Columbus, OH",Delaware County
76512,43082,OH,202412,1545.58,-0.0204,0.0276,Westerville,"Columbus, OH",Delaware County
76512,43082,OH,202501,1546.91,0.0009,0.0393,Westerville,"Columbus, OH",Delaware County
76512,43082,OH,202502,1578.74,0.0206,0.0431,Westerville,"Columbus, OH",Delaware County
76512,43082,OH,202503,1625.45,0.0296,0.0531,Westerville,"Columbus, OH",Delaware County
76512,43082,OH,202504,1688.85,0.039,0.0656,Westerville,"Columbus, OH",Delaware County
76512,43082,OH,202505,1717.15,0.0168,0.065,Westerville,"Columbus, OH",Delaware County
76512,43082,OH,202506,1748.17,0.0181,0.0685,Westerville,"Columbus, OH",Delaware County
76512,43082,OH,202507,1728.57,-0.0112,0.0425,Westerville,"Columbus, OH",Delaware County
76512,43082,OH,202508,1718.47,-0.0058,0.0288,Westerville,"Columbus, OH",Delaware County
76512,43082,OH,202509,1672.49,-0.0268,0.0036,Westerville,"Columbus, OH",Delaware County
76512,43082,OH,202510,1613.29,-0.0354,-0.0081,Westerville,"Columbus, OH",Delaware County
76512,43082,OH,202511,1588.6,-0.0153,0.0069,Westerville,"Columbus, OH",Delaware County
76512,43082,OH,202512,1593.06,0.0028,0.0307,Westerville,"Columbus, OH",Delaware County
76512,43082,OH,202601,1650.37,0.036,0.0669,Westerville,"Columbus, OH",Delaware County
76512,43082,OH,202602,1649.86,-0.0003,0.0451,Westerville,"Columbus, OH",Delaware County
76512,43082,OH,202603,1673.57,0.0144,0.0296,Westerville,"Columbus, OH",Delaware County
76512,43082,OH,202604,1673.66,0.0001,-0.009,Westerville,"Columbus, OH",Delaware County
76512,43082,OH,202605,1708.77,0.021,-0.0049,Westerville,"Columbus, OH",Delaware County
76512,43082,OH,202606,1708.34,-0.0003,-0.0228,Westerville,"Columbus, OH",Delaware County
76512,43082,OH,202607,1729.56,0.0124,0.0006,Westerville,"Columbus, OH",Delaware County
76512,43082,OH,202608,1744.94,0.0089,0.0154,Westerville,"Columbus, OH",Delaware County
76515,43085,OH,202401,1522.62,,,Worthington,"Columbus, OH",Franklin County
76515,43085,OH,202402,1542.62,0.0131,,Worthington,"Columbus, OH",Franklin County
76515,43085,OH,202403,1547.1,0.0029,,Worthington,"Columbus, OH",Franklin County
76515,43085,OH,202404,1561.63,0.0094,,Worthington,"Columbus, OH",Franklin County
76515,43085,OH,202405,1569.01,0.0047,,Worthington,"Columbus, OH",Franklin County
76515,43085,OH,202406,1555.92,-0.0083,,Worthington,"Columbus, OH",Franklin County
76515,43085,OH,202407,1572.69,0.0108,,Worthington,"Columbus, OH",Franklin County
76515,43085,OH,202408,1572.18,-0.0003,,Worthington,"Columbus, OH",Franklin County
76515,43085,OH,202409,1562.04,-0.0064,,Worthington,"Columbus, OH",Franklin County
76515,43085,OH,202410,1565.85,0.0024,,Worthington,"Columbus, OH",Franklin County
76515,43085,OH,202411,1561.33,-0.0029,,Worthington,"Columbus, OH",Franklin County
76515,43085,OH,202412,1562.65,0.0008,,Worthington,"Columbus, OH",Franklin County
76515,43085,OH,202501,1518.91,-0.028,-0.0024,Worthington,"Columbus, OH",Franklin County
76515,43085,OH,202502,1482.29,-0.0241,-0.0391,Worthington,"Columbus, OH",Franklin County
76515,43085,OH,202503,1499.95,0.0119,-0.0305,Worthington,"Columbus, OH",Franklin County
76515,43085,OH,202504,1537.59,0.0251,-0.0154,Worthington,"Columbus, OH",Franklin County
76515,43085,OH,202505,1593.89,0.0366,0.0159,Worthington,"Columbus, OH",Franklin County
76515,43085,OH,202506,1600.98,0.0044,0.029,Worthington,"Columbus, OH",Franklin County
76515,43085,OH,202507,1584.08,-0.0106,0.0072,Worthington,"Columbus, OH",Franklin County
76515,43085,OH,202508,1581.11,-0.0019,0.0057,Worthington,"Columbus, OH",Franklin County
76515,43085,OH,202509,1567.51,-0.0086,0.0035,Worthington,"Columbus, OH",Franklin County
76515,43085,OH,202510,1598.82,0.02,0.0211,Worthington,"Columbus, OH",Franklin County
76515,43085,OH,202511,1555.45,-0.0271,-0.0038,Worthington,"Columbus, OH",Franklin County
76515,43085,OH,202512,1534.09,-0.0137,-0.0183,Worthington,"Columbus, OH",Franklin County
76515,43085,OH,202601,1464.78,-0.0452,-0.0356,Worthington,"Columbus, OH",Franklin County
76515,43085,OH,202602,1503.02,0.0261,0.014,Worthington,"Columbus, OH",Franklin County
76515,43085,OH,202603,1551.58,0.0323,0.0344,Worthington,"Columbus, OH",Franklin County
76515,43085,OH,202604,1596.05,0.0287,0.038,Worthington,"Columbus, OH",Franklin County
76515,43085,OH,202605,1613.33,0.0108,0.0122,Worthington,"Columbus, OH",Franklin County
76515,43085,OH,202606,1588.79,-0.0152,-0.0076,Worthington,"Columbus, OH",Franklin County
76515,43085,OH,202607,1611.86,0.0145,0.0175,Worthington,"Columbus, OH",Franklin County
76515,43085,OH,202608,1614.36,0.0016,0.021,Worthington,"Columbus, OH",Franklin County
76526,43110,OH,202012,1236.36,,,Canal Winchester,"Columbus, OH",Franklin County
76526,43110,OH,202101,1269.29,0.0266,,Canal Winchester,"Columbus, OH",Franklin County
76526,43110,OH,202102,1263.27,-0.0047,,Canal Winchester,"Columbus, OH",Franklin County
76526,43110,OH,202103,1260.52,-0.0022,,Canal Winchester,"Columbus, OH",Franklin County
76526,43110,OH,202104,1272.61,0.0096,,Canal Winchester,"Columbus, OH",Franklin County
76526,43110,OH,202105,1300.65,0.022,,Canal Winchester,"Columbus, OH",Franklin County
76526,43110,OH,202106,1326.16,0.0196,,Canal Winchester,"Columbus, OH",Franklin County
76526,43110,OH,202107,1343.96,0.0134,,Canal Winchester,"Columbus, OH",Franklin County
76526,43110,OH,202108,1366.72,0.0169,,Canal Winchester,"Columbus, OH",Franklin County
76526,43110,OH,202109,1372.62,0.0043,,Canal Winchester,"Columbus, OH",Franklin County
76526,43110,OH,202110,1351.17,-0.0156,,Canal Winchester,"Columbus, OH",Franklin County
76526,43110,OH,202111,1342.89,-0.0061,,Canal Winchester,"Columbus, OH",Franklin County
76526,43110,OH,202112,1348.05,0.0038,0.0903,Canal Winchester,"Columbus, OH",Franklin County
76526,43110,OH,202201,1366.51,0.0137,0.0766,Canal Winchester,"Columbus, OH",Franklin County
76526,43110,OH,202202,1374.11,0.0056,0.0877,Canal Winchester,"Columbus, OH",Franklin County
76526,43110,OH,202203,1361.63,-0.0091,0.0802,Canal Winchester,"Columbus, OH",Franklin County
76526,43110,OH,202204,1361.91,0.0002,0.0702,Canal Winchester,"Columbus, OH",Franklin County
76526,43110,OH,202205,1351.54,-0.0076,0.0391,Canal Winchester,"Columbus, OH",Franklin County
76526,43110,OH,202206,1383.82,0.0239,0.0435,Canal Winchester,"Columbus, OH",Franklin County
76526,43110,OH,202207,1408.61,0.0179,0.0481,Canal Winchester,"Columbus, OH",Franklin County
76526,43110,OH,202208,1414.23,0.004,0.0348,Canal Winchester,"Columbus, OH",Franklin County
76526,43110,OH,202209,1424.64,0.0074,0.0379,Canal Winchester,"Columbus, OH",Franklin County
76526,43110,OH,202210,1421.79,-0.002,0.0523,Canal Winchester,"Columbus, OH",Franklin County
76526,43110,OH,202211,1431.81,0.007,0.0662,Canal Winchester,"Columbus, OH",Franklin County
76526,43110,OH,202212,1434.09,0.0016,0.0638,Canal Winchester,"Columbus, OH",Franklin County
76526,43110,OH,202301,1449.23,0.0106,0.0605,Canal Winchester,"Columbus, OH",Franklin County
76526,43110,OH,202302,1467.91,0.0129,0.0683,Canal Winchester,"Columbus, OH",Franklin County
76526,43110,OH,202303,1477.17,0.0063,0.0849,Canal Winchester,"Columbus, OH",Franklin County
76526,43110,OH,202304,1479.21,0.0014,0.0861,Canal Winchester,"Columbus, OH",Franklin County
76526,43110,OH,202305,1500.91,0.0147,0.1105,Canal Winchester,"Columbus, OH",Franklin County
76526,43110,OH,202306,1512.41,0.0077,0.0929,Canal Winchester,"Columbus, OH",Franklin County
76526,43110,OH,202307,1520.21,0.0052,0.0792,Canal Winchester,"Columbus, OH",Franklin County
76526,43110,OH,202308,1504.11,-0.0106,0.0636,Canal Winchester,"Columbus, OH",Franklin County
76526,43110,OH,202309,1481.12,-0.0153,0.0397,Canal Winchester,"Columbus, OH",Franklin County
76526,43110,OH,202310,1481.27,0.0001,0.0418,Canal Winchester,"Columbus, OH",Franklin County
76526,43110,OH,202311,1490.61,0.0063,0.0411,Canal Winchester,"Columbus, OH",Franklin County
76526,43110,OH,202312,1501.4,0.0072,0.0469,Canal Winchester,"Columbus, OH",Franklin County
76526,43110,OH,202401,1500.46,-0.0006,0.0354,Canal Winchester,"Columbus, OH",Franklin County
76526,43110,OH,202402,1502.36,0.0013,0.0235,Canal Winchester,"Columbus, OH",Franklin County
76526,43110,OH,202403,1516.75,0.0096,0.0268,Canal Winchester,"Columbus, OH",Franklin County
76526,43110,OH,202404,1516.07,-0.0004,0.0249,Canal Winchester,"Columbus, OH",Franklin County
76526,43110,OH,202405,1532.27,0.0107,0.0209,Canal Winchester,"Columbus, OH",Franklin County
76526,43110,OH,202406,1545.74,0.0088,0.022,Canal Winchester,"Columbus, OH",Franklin County
76526,43110,OH,202407,1569.02,0.0151,0.0321,Canal Winchester,"Columbus, OH",Franklin County
76526,43110,OH,202408,1578.62,0.0061,0.0495,Canal Winchester,"Columbus, OH",Franklin County
76526,43110,OH,202409,1560.78,-0.0113,0.0538,Canal Winchester,"Columbus, OH",Franklin County
76526,43110,OH,202410,1573.02,0.0078,0.0619,Canal Winchester,"Columbus, OH",Franklin County
76526,43110,OH,202411,1576.06,0.0019,0.0573,Canal Winchester,"Columbus, OH",Franklin County
76526,43110,OH,202412,1588.46,0.0079,0.058,Canal Winchester,"Columbus, OH",Franklin County
76526,43110,OH,202501,1585.57,-0.0018,0.0567,Canal Winchester,"Columbus, OH",Franklin County
76526,43110,OH,202502,1600.01,0.0091,0.065,Canal Winchester,"Columbus, OH",Franklin County
76526,43110,OH,202503,1632.03,0.02,0.076,Canal Winchester,"Columbus, OH",Franklin County
76526,43110,OH,202504,1654.37,0.0137,0.0912,Canal Winchester,"Columbus, OH",Franklin County
76526,43110,OH,202505,1652.6,-0.0011,0.0785,Canal Winchester,"Columbus, OH",Franklin County
76526,43110,OH,202506,1642.49,-0.0061,0.0626,Canal Winchester,"Columbus, OH",Franklin County
76526,43110,OH,202507,1624.31,-0.0111,0.0352,Canal Winchester,"Columbus, OH",Franklin County
76526,43110,OH,202508,1616.31,-0.0049,0.0239,Canal Winchester,"Columbus, OH",Franklin County
76526,43110,OH,202509,1610.28,-0.0037,0.0317,Canal Winchester,"Columbus, OH",Franklin County
76526,43110,OH,202510,1596.65,-0.0085,0.015,Canal Winchester,"Columbus, OH",Franklin County
76526,43110,OH,202511,1591.42,-0.0033,0.0097,Canal Winchester,"Columbus, OH",Franklin County
76526,43110,OH,202512,1582.51,-0.0056,-0.0037,Canal Winchester,"Columbus, OH",Franklin County
76526,43110,OH,202601,1603.59,0.0133,0.0114,Canal Winchester,"Columbus, OH",Franklin County
76526,43110,OH,202602,1595.1,-0.0053,-0.0031,Canal Winchester,"Columbus, OH",Franklin County
76526,43110,OH,202603,1614.92,0.0124,-0.0105,Canal Winchester,"Columbus, OH",Franklin County
76526,43110,OH,202604,1614.4,-0.0003,-0.0242,Canal Winchester,"Columbus, OH",Franklin County
76526,43110,OH,202605,1648.89,0.0214,-0.0022,Canal Winchester,"Columbus, OH",Franklin County
76526,43110,OH,202606,1660.88,0.0073,0.0112,Canal Winchester,"Columbus, OH",Franklin County
76526,43110,OH,202607,1670.78,0.006,0.0286,Canal Winchester,"Columbus, OH",Franklin County
76526,43110,OH,202608,1653.38,-0.0104,0.0229,Canal Winchester,"Columbus, OH",Franklin County
76533,43119,OH,202312,1542.81,,,Galloway,"Columbus, OH",Franklin County
76533,43119,OH,202401,1561.73,0.0123,,Galloway,"Columbus, OH",Franklin County
76533,43119,OH,202402,1596.55,0.0223,,Galloway,"Columbus, OH",Franklin County
76533,43119,OH,202403,1567.62,-0.0181,,Galloway,"Columbus, OH",Franklin County
76533,43119,OH,202404,1574.22,0.0042,,Galloway,"Columbus, OH",Franklin County
76533,43119,OH,202405,1591.76,0.0111,,Galloway,"Columbus, OH",Franklin County
76533,43119,OH,202406,1664.19,0.0455,,Galloway,"Columbus, OH",Franklin County
76533,43119,OH,202407,1685.54,0.0128,,Galloway,"Columbus, OH",Franklin County
76533,43119,OH,202408,1696.3,0.0064,,Galloway,"Columbus, OH",Franklin County
76533,43119,OH,202409,1646.55,-0.0293,,Galloway,"Columbus, OH",Franklin County
76533,43119,OH,202410,1641.55,-0.003,,Galloway,"Columbus, OH",Franklin County
76533,43119,OH,202411,1632.69,-0.0054,,Galloway,"Columbus, OH",Franklin County
76533,43119,OH,202412,1646.0,0.0082,0.0669,Galloway,"Columbus, OH",Franklin County
76533,43119,OH,202501,1643.67,-0.0014,0.0525,Galloway,"Columbus, OH",Franklin County
76533,43119,OH,202502,1657.29,0.0083,0.038,Galloway,"Columbus, OH",Franklin County
76533,43119,OH,202503,1663.8,0.0039,0.0613,Galloway,"Columbus, OH",Franklin County
76533,43119,OH,202504,1657.96,-0.0035,0.0532,Galloway,"Columbus, OH",Franklin County
76533,43119,OH,202505,1666.02,0.0049,0.0467,Galloway,"Columbus, OH",Franklin County
76533,43119,OH,202506,1677.5,0.0069,0.008,Galloway,"Columbus, OH",Franklin County
76533,43119,OH,202507,1708.72,0.0186,0.0138,Galloway,"Columbus, OH",Franklin County
76533,43119,OH,202508,1717.22,0.005,0.0123,Galloway,"Columbus, OH",Franklin County
76533,43119,OH,202509,1704.29,-0.0075,0.0351,Galloway,"Columbus, OH",Franklin County
76533,43119,OH,202510,1720.16,0.0093,0.0479,Galloway,"Columbus, OH",Franklin County
76533,43119,OH,202511,1715.18,-0.0029,0.0505,Galloway,"Columbus, OH",Franklin County
76533,43119,OH,202512,1719.43,0.0025,0.0446,Galloway,"Columbus, OH",Franklin County
76533,43119,OH,202601,1720.41,0.0006,0.0467,Galloway,"Columbus, OH",Franklin County
76533,43119,OH,202602,1742.44,0.0128,0.0514,Galloway,"Columbus, OH",Franklin County
76533,43119,OH,202603,1737.81,-0.0027,0.0445,Galloway,"Columbus, OH",Franklin County
76533,43119,OH,202604,1729.02,-0.0051,0.0429,Galloway,"Columbus, OH",Franklin County
76533,43119,OH,202605,1725.52,-0.002,0.0357,Galloway,"Columbus, OH",Franklin County
76533,43119,OH,202606,1751.07,0.0148,0.0439,Galloway,"Columbus, OH",Franklin County
76533,43119,OH,202607,1762.84,0.0067,0.0317,Galloway,"Columbus, OH",Franklin County
76533,43119,OH,202608,1765.19,0.0013,0.0279,Galloway,"Columbus, OH",Franklin County
76534,43123,OH,202105,1221.22,,,Grove City,"Columbus, OH",Franklin County
76534,43123,OH,202106,1232.67,0.0094,,Grove City,"Columbus, OH",Franklin County
76534,43123,OH,202107,1272.25,0.0321,,Grove City,"Columbus, OH",Franklin County
76534,43123,OH,202108,1283.61,0.0089,,Grove City,"Columbus, OH",Franklin County
76534,43123,OH,202109,1287.93,0.0034,,Grove City,"Columbus, OH",Franklin County
76534,43123,OH,202110,1284.21,-0.0029,,Grove City,"Columbus, OH",Franklin County
76534,43123,OH,202111,1279.12,-0.004,,Grove City,"Columbus, OH",Franklin County
76534,43123,OH,202112,1259.32,-0.0155,,Grove City,"Columbus, OH",Franklin County
76534,43123,OH,202201,1254.78,-0.0036,,Grove City,"Columbus, OH",Franklin County
76534,43123,OH,202202,1261.56,0.0054,,Grove City,"Columbus, OH",Franklin County
76534,43123,OH,202203,1283.73,0.0176,,Grove City,"Columbus, OH",Franklin County
76534,43123,OH,202204,1296.31,0.0098,,Grove City,"Columbus, OH",Franklin County
76534,43123,OH,202205,1310.65,0.0111,0.0732,Grove City,"Columbus, OH",Franklin County
76534,43123,OH,202206,1342.95,0.0246,0.0895,Grove City,"Columbus, OH",Franklin County
76534,43123,OH,202207,1361.44,0.0138,0.0701,Grove City,"Columbus, OH",Franklin County
76534,43123,OH,202208,1379.95,0.0136,0.0751,Grove City,"Columbus, OH",Franklin County
76534,43123,OH,202209,1367.53,-0.009,0.0618,Grove City,"Columbus, OH",Franklin County
76534,43123,OH,202210,1349.95,-0.0129,0.0512,Grove City,"Columbus, OH",Franklin County
76534,43123,OH,202211,1330.76,-0.0142,0.0404,Grove City,"Columbus, OH",Franklin County
76534,43123,OH,202212,1336.61,0.0044,0.0614,Grove City,"Columbus, OH",Franklin County
76534,43123,OH,202301,1354.41,0.0133,0.0794,Grove City,"Columbus, OH",Franklin County
76534,43123,OH,202302,1369.58,0.0112,0.0856,Grove City,"Columbus, OH",Franklin County
76534,43123,OH,202303,1391.16,0.0158,0.0837,Grove City,"Columbus, OH",Franklin County
76534,43123,OH,202304,1403.51,0.0089,0.0827,Grove City,"Columbus, OH",Franklin County
76534,43123,OH,202305,1429.13,0.0182,0.0904,Grove City,"Columbus, OH",Franklin County
76534,43123,OH,202306,1413.41,-0.011,0.0525,Grove City,"Columbus, OH",Franklin County
76534,43123,OH,202307,1421.03,0.0054,0.0438,Grove City,"Columbus, OH",Franklin County
76534,43123,OH,202308,1420.62,-0.0003,0.0295,Grove City,"Columbus, OH",Franklin County
76534,43123,OH,202309,1429.85,0.0065,0.0456,Grove City,"Columbus, OH",Franklin County
76534,43123,OH,202310,1420.5,-0.0065,0.0523,Grove City,"Columbus, OH",Franklin County
76534,43123,OH,202311,1417.79,-0.0019,0.0654,Grove City,"Columbus, OH",Franklin County
76534,43123,OH,202312,1430.84,0.0092,0.0705,Grove City,"Columbus, OH",Franklin County
76534,43123,OH,202401,1458.17,0.0191,0.0766,Grove City,"Columbus, OH",Franklin County
76534,43123,OH,202402,1463.79,0.0039,0.0688,Grove City,"Columbus, OH",Franklin County
76534,43123,OH,202403,1472.71,0.0061,0.0586,Grove City,"Columbus, OH",Franklin County
76534,43123,OH,202404,1464.07,-0.0059,0.0432,Grove City,"Columbus, OH",Franklin County
76534,43123,OH,202405,1474.75,0.0073,0.0319,Grove City,"Columbus, OH",Franklin County
76534,43123,OH,202406,1475.32,0.0004,0.0438,Grove City,"Columbus, OH",Franklin County
76534,43123,OH,202407,1492.02,0.0113,0.05,Grove City,"Columbus, OH",Franklin County
76534,43123,OH,202408,1503.52,0.0077,0.0583,Grove City,"Columbus, OH",Franklin County
76534,43123,OH,202409,1499.84,-0.0024,0.0489,Grove City,"Columbus, OH",Franklin County
76534,43123,OH,202410,1494.51,-0.0036,0.0521,Grove City,"Columbus, OH",Franklin County
76534,43123,OH,202411,1496.9,0.0016,0.0558,Grove City,"Columbus, OH",Franklin County
76534,43123,OH,202412,1509.86,0.0087,0.0552,Grove City,"Columbus, OH",Franklin County
76534,43123,OH,202501,1513.49,0.0024,0.0379,Grove City,"Columbus, OH",Franklin County
76534,43123,OH,202502,1510.14,-0.0022,0.0317,Grove City,"Columbus, OH",Franklin County
76534,43123,OH,202503,1510.51,0.0002,0.0257,Grove City,"Columbus, OH",Franklin County
76534,43123,OH,202504,1517.68,0.0047,0.0366,Grove City,"Columbus, OH",Franklin County
76534,43123,OH,202505,1522.2,0.003,0.0322,Grove City,"Columbus, OH",Franklin County
76534,43123,OH,202506,1529.4,0.0047,0.0367,Grove City,"Columbus, OH",Franklin County
76534,43123,OH,202507,1524.61,-0.0031,0.0218,Grove City,"Columbus, OH",Franklin County
76534,43123,OH,202508,1534.31,0.0064,0.0205,Grove City,"Columbus, OH",Franklin County
76534,43123,OH,202509,1537.42,0.002,0.0251,Grove City,"Columbus, OH",Franklin County
76534,43123,OH,202510,1547.67,0.0067,0.0356,Grove City,"Columbus, OH",Franklin County
76534,43123,OH,202511,1550.98,0.0021,0.0361,Grove City,"Columbus, OH",Franklin County
76534,43123,OH,202512,1542.96,-0.0052,0.0219,Grove City,"Columbus, OH",Franklin County
76534,43123,OH,202601,1554.08,0.0072,0.0268,Grove City,"Columbus, OH",Franklin County
76534,43123,OH,202602,1554.94,0.0006,0.0297,Grove City,"Columbus, OH",Franklin County
76534,43123,OH,202603,1575.1,0.013,0.0428,Grove City,"Columbus, OH",Franklin County
76534,43123,OH,202604,1572.0,-0.002,0.0358,Grove City,"Columbus, OH",Franklin County
76534,43123,OH,202605,1573.28,0.0008,0.0336,Grove City,"Columbus, OH",Franklin County
76534,43123,OH,202606,1583.67,0.0066,0.0355,Grove City,"Columbus, OH",Franklin County
76534,43123,OH,202607,1600.07,0.0104,0.0495,Grove City,"Columbus, OH",Franklin County
76534,43123,OH,202608,1615.06,0.0094,0.0526,Grove City,"Columbus, OH",Franklin County
76535,43125,OH,202209,1339.22,,,Groveport,"Columbus, OH",Franklin County
76535,43125,OH,202210,1338.25,-0.0007,,Groveport,"Columbus, OH",Franklin County
76535,43125,OH,202211,1382.3,0.0329,,Groveport,"Columbus, OH",Franklin County
76535,43125,OH,202212,1367.91,-0.0104,,Groveport,"Columbus, OH",Franklin County
76535,43125,OH,202302,1335.19,-0.0239,,Groveport,"Columbus, OH",Franklin County
76535,43125,OH,202303,1352.26,0.0128,,Groveport,"Columbus, OH",Franklin County
76535,43125,OH,202304,1400.13,0.0354,,Groveport,"Columbus, OH",Franklin County
76535,43125,OH,202305,1363.71,-0.026,,Groveport,"Columbus, OH",Franklin County
76535,43125,OH,202306,1366.57,0.0021,,Groveport,"Columbus, OH",Franklin County
76535,43125,OH,202307,1350.85,-0.0115,,Groveport,"Columbus, OH",Franklin County
76535,43125,OH,202308,1355.32,0.0033,,Groveport,"Columbus, OH",Franklin County
76535,43125,OH,202309,1340.64,-0.0108,,Groveport,"Columbus, OH",Franklin County
76535,43125,OH,202310,1362.44,0.0163,0.0173,Groveport,"Columbus, OH",Franklin County
76535,43125,OH,202311,1384.92,0.0165,0.0349,Groveport,"Columbus, OH",Franklin County
76535,43125,OH,202312,1385.1,0.0001,0.002,Groveport,"Columbus, OH",Franklin County
76535,43125,OH,202401,1392.83,0.0056,0.0182,Groveport,"Columbus, OH",Franklin County
76535,43125,OH,202402,1388.73,-0.0029,0.0401,Groveport,"Columbus, OH",Franklin County
76535,43125,OH,202403,1415.91,0.0196,0.0471,Groveport,"Columbus, OH",Franklin County
76535,43125,OH,202404,1402.53,-0.0094,0.0017,Groveport,"Columbus, OH",Franklin County
76535,43125,OH,202405,1420.56,0.0129,0.0417,Groveport,"Columbus, OH",Franklin County
76535,43125,OH,202406,1435.77,0.0107,0.0506,Groveport,"Columbus, OH",Franklin County
76535,43125,OH,202407,1445.72,0.0069,0.0702,Groveport,"Columbus, OH",Franklin County
76535,43125,OH,202408,1410.81,-0.0241,0.0409,Groveport,"Columbus, OH",Franklin County
76535,43125,OH,202409,1386.15,-0.0175,0.0339,Groveport,"Columbus, OH",Franklin County
76535,43125,OH,202410,1379.29,-0.0049,0.0124,Groveport,"Columbus, OH",Franklin County
76535,43125,OH,202411,1398.77,0.0141,0.01,Groveport,"Columbus, OH",Franklin County
76535,43125,OH,202412,1408.82,0.0072,0.0171,Groveport,"Columbus, OH",Franklin County
76535,43125,OH,202501,1423.74,0.0106,0.0222,Groveport,"Columbus, OH",Franklin County
76535,43125,OH,202502,1435.46,0.0082,0.0337,Groveport,"Columbus, OH",Franklin County
76535,43125,OH,202503,1446.29,0.0075,0.0215,Groveport,"Columbus, OH",Franklin County
76535,43125,OH,202504,1429.98,-0.0113,0.0196,Groveport,"Columbus, OH",Franklin County
76535,43125,OH,202505,1434.39,0.0031,0.0097,Groveport,"Columbus, OH",Franklin County
76535,43125,OH,202506,1438.06,0.0026,0.0016,Groveport,"Columbus, OH",Franklin County
76535,43125,OH,202507,1455.3,0.012,0.0066,Groveport,"Columbus, OH",Franklin County
76535,43125,OH,202508,1433.17,-0.0152,0.0159,Groveport,"Columbus, OH",Franklin County
76535,43125,OH,202509,1425.39,-0.0054,0.0283,Groveport,"Columbus, OH",Franklin County
76535,43125,OH,202510,1420.62,-0.0033,0.03,Groveport,"Columbus, OH",Franklin County
76535,43125,OH,202511,1415.12,-0.0039,0.0117,Groveport,"Columbus, OH",Franklin County
76535,43125,OH,202512,1404.26,-0.0077,-0.0032,Groveport,"Columbus, OH",Franklin County
76535,43125,OH,202601,1418.82,0.0104,-0.0035,Groveport,"Columbus, OH",Franklin County
76535,43125,OH,202602,1463.3,0.0314,0.0194,Groveport,"Columbus, OH",Franklin County
76535,43125,OH,202603,1512.14,0.0334,0.0455,Groveport,"Columbus, OH",Franklin County
76535,43125,OH,202604,1540.56,0.0188,0.0773,Groveport,"Columbus, OH",Franklin County
76535,43125,OH,202605,1550.18,0.0062,0.0807,Groveport,"Columbus, OH",Franklin County
76535,43125,OH,202606,1540.32,-0.0064,0.0711,Groveport,"Columbus, OH",Franklin County
76535,43125,OH,202607,1507.86,-0.0211,0.0361,Groveport,"Columbus, OH",Franklin County
76535,43125,OH,202608,1494.69,-0.0087,0.0429,Groveport,"Columbus, OH",Franklin County
76539,43130,OH,202109,844.47,,,Lancaster,"Columbus, OH",Fairfield County
76539,43130,OH,202110,832.03,-0.0147,,Lancaster,"Columbus, OH",Fairfield County
76539,43130,OH,202111,834.51,0.003,,Lancaster,"Columbus, OH",Fairfield County
76539,43130,OH,202112,843.29,0.0105,,Lancaster,"Columbus, OH",Fairfield County
76539,43130,OH,202201,857.42,0.0167,,Lancaster,"Columbus, OH",Fairfield County
76539,43130,OH,202202,876.12,0.0218,,Lancaster,"Columbus, OH",Fairfield County
76539,43130,OH,202203,885.79,0.011,,Lancaster,"Columbus, OH",Fairfield County
76539,43130,OH,202204,918.57,0.037,,Lancaster,"Columbus, OH",Fairfield County
76539,43130,OH,202205,937.16,0.0202,,Lancaster,"Columbus, OH",Fairfield County
76539,43130,OH,202206,972.34,0.0375,,Lancaster,"Columbus, OH",Fairfield County
76539,43130,OH,202207,968.36,-0.0041,,Lancaster,"Columbus, OH",Fairfield County
76539,43130,OH,202208,984.08,0.0162,,Lancaster,"Columbus, OH",Fairfield County
76539,43130,OH,202209,998.54,0.0147,0.1824,Lancaster,"Columbus, OH",Fairfield County
76539,43130,OH,202210,1017.31,0.0188,0.2227,Lancaster,"Columbus, OH",Fairfield County
76539,43130,OH,202211,1004.36,-0.0127,0.2035,Lancaster,"Columbus, OH",Fairfield County
76539,43130,OH,202212,996.1,-0.0082,0.1812,Lancaster,"Columbus, OH",Fairfield County
76539,43130,OH,202301,983.4,-0.0127,0.1469,Lancaster,"Columbus, OH",Fairfield County
76539,43130,OH,202302,980.71,-0.0027,0.1194,Lancaster,"Columbus, OH",Fairfield County
76539,43130,OH,202303,975.68,-0.0051,0.1015,Lancaster,"Columbus, OH",Fairfield County
76539,43130,OH,202304,987.51,0.0121,0.075,Lancaster,"Columbus, OH",Fairfield County
76539,43130,OH,202305,1004.08,0.0168,0.0714,Lancaster,"Columbus, OH",Fairfield County
76539,43130,OH,202306,1011.64,0.0075,0.0404,Lancaster,"Columbus, OH",Fairfield County
76539,43130,OH,202307,1048.55,0.0365,0.0828,Lancaster,"Columbus, OH",Fairfield County
76539,43130,OH,202308,1082.07,0.032,0.0996,Lancaster,"Columbus, OH",Fairfield County
76539,43130,OH,202309,1093.01,0.0101,0.0946,Lancaster,"Columbus, OH",Fairfield County
76539,43130,OH,202310,1079.04,-0.0128,0.0607,Lancaster,"Columbus, OH",Fairfield County
76539,43130,OH,202311,1064.0,-0.0139,0.0594,Lancaster,"Columbus, OH",Fairfield County
76539,43130,OH,202312,1061.54,-0.0023,0.0657,Lancaster,"Columbus, OH",Fairfield County
76539,43130,OH,202401,1058.5,-0.0029,0.0764,Lancaster,"Columbus, OH",Fairfield County
76539,43130,OH,202402,1064.65,0.0058,0.0856,Lancaster,"Columbus, OH",Fairfield County
76539,43130,OH,202403,1082.98,0.0172,0.11,Lancaster,"Columbus, OH",Fairfield County
76539,43130,OH,202404,1098.16,0.014,0.1121,Lancaster,"Columbus, OH",Fairfield County
76539,43130,OH,202405,1127.32,0.0265,0.1227,Lancaster,"Columbus, OH",Fairfield County
76539,43130,OH,202406,1132.89,0.0049,0.1199,Lancaster,"Columbus, OH",Fairfield County
76539,43130,OH,202407,1165.47,0.0288,0.1115,Lancaster,"Columbus, OH",Fairfield County
76539,43130,OH,202408,1155.4,-0.0086,0.0678,Lancaster,"Columbus, OH",Fairfield County
76539,43130,OH,202409,1161.37,0.0052,0.0625,Lancaster,"Columbus, OH",Fairfield County
76539,43130,OH,202410,1138.83,-0.0194,0.0554,Lancaster,"Columbus, OH",Fairfield County
76539,43130,OH,202411,1149.55,0.0094,0.0804,Lancaster,"Columbus, OH",Fairfield County
76539,43130,OH,202412,1149.97,0.0004,0.0833,Lancaster,"Columbus, OH",Fairfield County
76539,43130,OH,202501,1149.12,-0.0007,0.0856,Lancaster,"Columbus, OH",Fairfield County
76539,43130,OH,202502,1126.71,-0.0195,0.0583,Lancaster,"Columbus, OH",Fairfield County
76539,43130,OH,202503,1145.57,0.0167,0.0578,Lancaster,"Columbus, OH",Fairfield County
76539,43130,OH,202504,1170.26,0.0216,0.0656,Lancaster,"Columbus, OH",Fairfield County
76539,43130,OH,202505,1211.03,0.0348,0.0743,Lancaster,"Columbus, OH",Fairfield County
76539,43130,OH,202506,1209.72,-0.0011,0.0678,Lancaster,"Columbus, OH",Fairfield County
76539,43130,OH,202507,1202.11,-0.0063,0.0314,Lancaster,"Columbus, OH",Fairfield County
76539,43130,OH,202508,1192.44,-0.008,0.0321,Lancaster,"Columbus, OH",Fairfield County
76539,43130,OH,202509,1206.45,0.0118,0.0388,Lancaster,"Columbus, OH",Fairfield County
76539,43130,OH,202510,1204.74,-0.0014,0.0579,Lancaster,"Columbus, OH",Fairfield County
76539,43130,OH,202511,1214.3,0.0079,0.0563,Lancaster,"Columbus, OH",Fairfield County
76539,43130,OH,202512,1212.56,-0.0014,0.0544,Lancaster,"Columbus, OH",Fairfield County
76539,43130,OH,202601,1225.61,0.0108,0.0666,Lancaster,"Columbus, OH",Fairfield County
76539,43130,OH,202602,1215.48,-0.0083,0.0788,Lancaster,"Columbus, OH",Fairfield County
76539,43130,OH,202603,1214.12,-0.0011,0.0598,Lancaster,"Columbus, OH",Fairfield County
76539,43130,OH,202604,1224.31,0.0084,0.0462,Lancaster,"Columbus, OH",Fairfield County
76539,43130,OH,202605,1251.65,0.0223,0.0335,Lancaster,"Columbus, OH",Fairfield County
76539,43130,OH,202606,1248.57,-0.0025,0.0321,Lancaster,"Columbus, OH",Fairfield County
76539,43130,OH,202607,1247.13,-0.0012,0.0375,Lancaster,"Columbus, OH",Fairfield County
76539,43130,OH,202608,1244.82,-0.0018,0.0439,Lancaster,"Columbus, OH",Fairfield County
76544,43140,OH,202608,1383.33,,,London,"Columbus, OH",Madison County
76550,43147,OH,202202,1619.4,,,Pickerington,"Columbus, OH",Fairfield County
76550,43147,OH,202203,1643.48,0.0149,,Pickerington,"Columbus, OH",Fairfield County
76550,43147,OH,202204,1627.86,-0.0095,,Pickerington,"Columbus, OH",Fairfield County
76550,43147,OH,202205,1658.57,0.0189,,Pickerington,"Columbus, OH",Fairfield County
76550,43147,OH,202206,1671.83,0.008,,Pickerington,"Columbus, OH",Fairfield County
76550,43147,OH,202207,1726.81,0.0329,,Pickerington,"Columbus, OH",Fairfield County
76550,43147,OH,202208,1770.6,0.0254,,Pickerington,"Columbus, OH",Fairfield County
76550,43147,OH,202209,1782.22,0.0066,,Pickerington,"Columbus, OH",Fairfield County
76550,43147,OH,202210,1781.97,-0.0001,,Pickerington,"Columbus, OH",Fairfield County
76550,43147,OH,202211,1780.3,-0.0009,,Pickerington,"Columbus, OH",Fairfield County
76550,43147,OH,202212,1777.82,-0.0014,,Pickerington,"Columbus, OH",Fairfield County
76550,43147,OH,202301,1770.48,-0.0041,,Pickerington,"Columbus, OH",Fairfield County
76550,43147,OH,202302,1777.9,0.0042,0.0979,Pickerington,"Columbus, OH",Fairfield County
76550,43147,OH,202303,1807.0,0.0164,0.0995,Pickerington,"Columbus, OH",Fairfield County
76550,43147,OH,202304,1806.78,-0.0001,0.1099,Pickerington,"Columbus, OH",Fairfield County
76550,43147,OH,202305,1771.19,-0.0197,0.0679,Pickerington,"Columbus, OH",Fairfield County
76550,43147,OH,202306,1774.61,0.0019,0.0615,Pickerington,"Columbus, OH",Fairfield County
76550,43147,OH,202307,1810.42,0.0202,0.0484,Pickerington,"Columbus, OH",Fairfield County
76550,43147,OH,202308,1850.92,0.0224,0.0454,Pickerington,"Columbus, OH",Fairfield County
76550,43147,OH,202309,1853.4,0.0013,0.0399,Pickerington,"Columbus, OH",Fairfield County
76550,43147,OH,202310,1853.06,-0.0002,0.0399,Pickerington,"Columbus, OH",Fairfield County
76550,43147,OH,202311,1845.02,-0.0043,0.0363,Pickerington,"Columbus, OH",Fairfield County
76550,43147,OH,202312,1842.52,-0.0014,0.0364,Pickerington,"Columbus, OH",Fairfield County
76550,43147,OH,202401,1832.85,-0.0053,0.0352,Pickerington,"Columbus, OH",Fairfield County
76550,43147,OH,202402,1829.81,-0.0017,0.0292,Pickerington,"Columbus, OH",Fairfield County
76550,43147,OH,202403,1849.87,0.011,0.0237,Pickerington,"Columbus, OH",Fairfield County
76550,43147,OH,202404,1856.71,0.0037,0.0276,Pickerington,"Columbus, OH",Fairfield County
76550,43147,OH,202405,1875.45,0.0101,0.0589,Pickerington,"Columbus, OH",Fairfield County
76550,43147,OH,202406,1887.26,0.0063,0.0635,Pickerington,"Columbus, OH",Fairfield County
76550,43147,OH,202407,1934.62,0.0251,0.0686,Pickerington,"Columbus, OH",Fairfield County
76550,43147,OH,202408,1954.3,0.0102,0.0559,Pickerington,"Columbus, OH",Fairfield County
76550,43147,OH,202409,1970.77,0.0084,0.0633,Pickerington,"Columbus, OH",Fairfield County
76550,43147,OH,202410,1949.34,-0.0109,0.052,Pickerington,"Columbus, OH",Fairfield County
76550,43147,OH,202411,1958.33,0.0046,0.0614,Pickerington,"Columbus, OH",Fairfield County
76550,43147,OH,202412,1916.23,-0.0215,0.04,Pickerington,"Columbus, OH",Fairfield County
76550,43147,OH,202501,1928.55,0.0064,0.0522,Pickerington,"Columbus, OH",Fairfield County
76550,43147,OH,202502,1919.41,-0.0047,0.049,Pickerington,"Columbus, OH",Fairfield County
76550,43147,OH,202503,1957.36,0.0198,0.0581,Pickerington,"Columbus, OH",Fairfield County
76550,43147,OH,202504,1973.85,0.0084,0.0631,Pickerington,"Columbus, OH",Fairfield County
76550,43147,OH,202505,2022.42,0.0246,0.0784,Pickerington,"Columbus, OH",Fairfield County
76550,43147,OH,202506,2037.37,0.0074,0.0795,Pickerington,"Columbus, OH",Fairfield County
76550,43147,OH,202507,2035.29,-0.001,0.052,Pickerington,"Columbus, OH",Fairfield County
76550,43147,OH,202508,2003.34,-0.0157,0.0251,Pickerington,"Columbus, OH",Fairfield County
76550,43147,OH,202509,1986.03,-0.0086,0.0077,Pickerington,"Columbus, OH",Fairfield County
76550,43147,OH,202510,1984.88,-0.0006,0.0182,Pickerington,"Columbus, OH",Fairfield County
76550,43147,OH,202511,2039.33,0.0274,0.0414,Pickerington,"Columbus, OH",Fairfield County
76550,43147,OH,202512,2074.55,0.0173,0.0826,Pickerington,"Columbus, OH",Fairfield County
76550,43147,OH,202601,2076.32,0.0009,0.0766,Pickerington,"Columbus, OH",Fairfield County
76550,43147,OH,202602,2026.43,-0.024,0.0558,Pickerington,"Columbus, OH",Fairfield County
76550,43147,OH,202603,2010.92,-0.0077,0.0274,Pickerington,"Columbus, OH",Fairfield County
76550,43147,OH,202604,2023.89,0.0065,0.0253,Pickerington,"Columbus, OH",Fairfield County
76550,43147,OH,202605,2046.1,0.011,0.0117,Pickerington,"Columbus, OH",Fairfield County
76550,43147,OH,202606,2051.21,0.0025,0.0068,Pickerington,"Columbus, OH",Fairfield County
76550,43147,OH,202607,2047.53,-0.0018,0.006,Pickerington,"Columbus, OH",Fairfield County
76550,43147,OH,202608,2030.4,-0.0084,0.0135,Pickerington,"Columbus, OH",Fairfield County
76562,43160,OH,202608,1100.0,,,Washington Court House,"Washington Court House, OH",Fayette County
76563,43162,OH,202607,2089.18,,,West Jefferson,"Columbus, OH",Madison County
76563,43162,OH,202608,2096.75,0.0036,,West Jefferson,"Columbus, OH",Madison County
76570,43201,OH,201501,1067.04,,,Columbus,"Columbus, OH",Franklin County
76570,43201,OH,201502,1061.17,-0.0055,,Columbus,"Columbus, OH",Franklin County
76570,43201,OH,201503,1066.08,0.0046,,Columbus,"Columbus, OH",Franklin County
76570,43201,OH,201504,1064.03,-0.0019,,Columbus,"Columbus, OH",Franklin County
76570,43201,OH,201505,1079.9,0.0149,,Columbus,"Columbus, OH",Franklin County
76570,43201,OH,201506,1069.47,-0.0097,,Columbus,"Columbus, OH",Franklin County
76570,43201,OH,201507,1065.13,-0.0041,,Columbus,"Columbus, OH",Franklin County
76570,43201,OH,201508,1068.4,0.0031,,Columbus,"Columbus, OH",Franklin County
76570,43201,OH,201509,1073.15,0.0044,,Columbus,"Columbus, OH",Franklin County
76570,43201,OH,201510,1111.28,0.0355,,Columbus,"Columbus, OH",Franklin County
76570,43201,OH,201511,1104.98,-0.0057,,Columbus,"Columbus, OH",Franklin County
76570,43201,OH,201512,1102.72,-0.002,,Columbus,"Columbus, OH",Franklin County
76570,43201,OH,201601,1106.97,0.0039,0.0374,Columbus,"Columbus, OH",Franklin County
76570,43201,OH,201602,1103.18,-0.0034,0.0396,Columbus,"Columbus, OH",Franklin County
76570,43201,OH,201603,1097.75,-0.0049,0.0297,Columbus,"Columbus, OH",Franklin County
76570,43201,OH,201604,1078.81,-0.0173,0.0139,Columbus,"Columbus, OH",Franklin County
76570,43201,OH,201605,1096.88,0.0168,0.0157,Columbus,"Columbus, OH",Franklin County
76570,43201,OH,201606,1128.63,0.0289,0.0553,Columbus,"Columbus, OH",Franklin County
76570,43201,OH,201607,1136.51,0.007,0.067,Columbus,"Columbus, OH",Franklin County
76570,43201,OH,201608,1111.86,-0.0217,0.0407,Columbus,"Columbus, OH",Franklin County
76570,43201,OH,201609,1089.48,-0.0201,0.0152,Columbus,"Columbus, OH",Franklin County
76570,43201,OH,201610,1085.86,-0.0033,-0.0229,Columbus,"Columbus, OH",Franklin County
76570,43201,OH,201611,1111.65,0.0238,0.006,Columbus,"Columbus, OH",Franklin County
76570,43201,OH,201612,1124.31,0.0114,0.0196,Columbus,"Columbus, OH",Franklin County
76570,43201,OH,201701,1140.61,0.0145,0.0304,Columbus,"Columbus, OH",Franklin County
76570,43201,OH,201702,1152.98,0.0108,0.0451,Columbus,"Columbus, OH",Franklin County
76570,43201,OH,201703,1160.45,0.0065,0.0571,Columbus,"Columbus, OH",Franklin County
76570,43201,OH,201704,1170.08,0.0083,0.0846,Columbus,"Columbus, OH",Franklin County
76570,43201,OH,201705,1158.5,-0.0099,0.0562,Columbus,"Columbus, OH",Franklin County
76570,43201,OH,201706,1138.81,-0.017,0.009,Columbus,"Columbus, OH",Franklin County
76570,43201,OH,201707,1124.87,-0.0122,-0.0102,Columbus,"Columbus, OH",Franklin County
76570,43201,OH,201708,1110.87,-0.0124,-0.0009,Columbus,"Columbus, OH",Franklin County
76570,43201,OH,201709,1137.97,0.0244,0.0445,Columbus,"Columbus, OH",Franklin County
76570,43201,OH,201710,1152.69,0.0129,0.0615,Columbus,"Columbus, OH",Franklin County
76570,43201,OH,201711,1179.74,0.0235,0.0612,Columbus,"Columbus, OH",Franklin County
76570,43201,OH,201712,1176.21,-0.003,0.0462,Columbus,"Columbus, OH",Franklin County
76570,43201,OH,201801,1181.27,0.0043,0.0356,Columbus,"Columbus, OH",Franklin County
76570,43201,OH,201802,1190.21,0.0076,0.0323,Columbus,"Columbus, OH",Franklin County
76570,43201,OH,201803,1197.94,0.0065,0.0323,Columbus,"Columbus, OH",Franklin County
76570,43201,OH,201804,1195.7,-0.0019,0.0219,Columbus,"Columbus, OH",Franklin County
76570,43201,OH,201805,1189.1,-0.0055,0.0264,Columbus,"Columbus, OH",Franklin County
76570,43201,OH,201806,1185.9,-0.0027,0.0413,Columbus,"Columbus, OH",Franklin County
76570,43201,OH,201807,1187.12,0.001,0.0553,Columbus,"Columbus, OH",Franklin County
76570,43201,OH,201808,1190.17,0.0026,0.0714,Columbus,"Columbus, OH",Franklin County
76570,43201,OH,201809,1200.84,0.009,0.0552,Columbus,"Columbus, OH",Franklin County
76570,43201,OH,201810,1211.49,0.0089,0.051,Columbus,"Columbus, OH",Franklin County
76570,43201,OH,201811,1214.53,0.0025,0.0295,Columbus,"Columbus, OH",Franklin County
76570,43201,OH,201812,1210.78,-0.0031,0.0294,Columbus,"Columbus, OH",Franklin County
76570,43201,OH,201901,1229.28,0.0153,0.0406,Columbus,"Columbus, OH",Franklin County
76570,43201,OH,201902,1230.3,0.0008,0.0337,Columbus,"Columbus, OH",Franklin County
76570,43201,OH,201903,1246.33,0.013,0.0404,Columbus,"Columbus, OH",Franklin County
76570,43201,OH,201904,1228.91,-0.014,0.0278,Columbus,"Columbus, OH",Franklin County
76570,43201,OH,201905,1244.7,0.0128,0.0468,Columbus,"Columbus, OH",Franklin County
76570,43201,OH,201906,1231.87,-0.0103,0.0388,Columbus,"Columbus, OH",Franklin County
76570,43201,OH,201907,1233.9,0.0016,0.0394,Columbus,"Columbus, OH",Franklin County
76570,43201,OH,201908,1233.25,-0.0005,0.0362,Columbus,"Columbus, OH",Franklin County
76570,43201,OH,201909,1251.0,0.0144,0.0418,Columbus,"Columbus, OH",Franklin County
76570,43201,OH,201910,1257.04,0.0048,0.0376,Columbus,"Columbus, OH",Franklin County
76570,43201,OH,201911,1262.15,0.0041,0.0392,Columbus,"Columbus, OH",Franklin County
76570,43201,OH,201912,1257.53,-0.0037,0.0386,Columbus,"Columbus, OH",Franklin County
76570,43201,OH,202001,1263.86,0.005,0.0281,Columbus,"Columbus, OH",Franklin County
76570,43201,OH,202002,1266.01,0.0017,0.029,Columbus,"Columbus, OH",Franklin County
76570,43201,OH,202003,1271.78,0.0046,0.0204,Columbus,"Columbus, OH",Franklin County
76570,43201,OH,202004,1274.23,0.0019,0.0369,Columbus,"Columbus, OH",Franklin County
76570,43201,OH,202005,1275.23,0.0008,0.0245,Columbus,"Columbus, OH",Franklin County
76570,43201,OH,202006,1285.6,0.0081,0.0436,Columbus,"Columbus, OH",Franklin County
76570,43201,OH,202007,1301.55,0.0124,0.0548,Columbus,"Columbus, OH",Franklin County
76570,43201,OH,202008,1300.21,-0.001,0.0543,Columbus,"Columbus, OH",Franklin County
76570,43201,OH,202009,1298.68,-0.0012,0.0381,Columbus,"Columbus, OH",Franklin County
76570,43201,OH,202010,1303.09,0.0034,0.0366,Columbus,"Columbus, OH",Franklin County
76570,43201,OH,202011,1314.03,0.0084,0.0411,Columbus,"Columbus, OH",Franklin County
76570,43201,OH,202012,1299.04,-0.0114,0.033,Columbus,"Columbus, OH",Franklin County
76570,43201,OH,202101,1289.12,-0.0076,0.02,Columbus,"Columbus, OH",Franklin County
76570,43201,OH,202102,1284.61,-0.0035,0.0147,Columbus,"Columbus, OH",Franklin County
76570,43201,OH,202103,1313.39,0.0224,0.0327,Columbus,"Columbus, OH",Franklin County
76570,43201,OH,202104,1318.54,0.0039,0.0348,Columbus,"Columbus, OH",Franklin County
76570,43201,OH,202105,1328.08,0.0072,0.0414,Columbus,"Columbus, OH",Franklin County
76570,43201,OH,202106,1326.59,-0.0011,0.0319,Columbus,"Columbus, OH",Franklin County
76570,43201,OH,202107,1336.31,0.0073,0.0267,Columbus,"Columbus, OH",Franklin County
76570,43201,OH,202108,1352.08,0.0118,0.0399,Columbus,"Columbus, OH",Franklin County
76570,43201,OH,202109,1366.93,0.011,0.0526,Columbus,"Columbus, OH",Franklin County
76570,43201,OH,202110,1374.46,0.0055,0.0548,Columbus,"Columbus, OH",Franklin County
76570,43201,OH,202111,1378.75,0.0031,0.0492,Columbus,"Columbus, OH",Franklin County
76570,43201,OH,202112,1379.31,0.0004,0.0618,Columbus,"Columbus, OH",Franklin County
76570,43201,OH,202201,1379.05,-0.0002,0.0698,Columbus,"Columbus, OH",Franklin County
76570,43201,OH,202202,1378.92,-0.0001,0.0734,Columbus,"Columbus, OH",Franklin County
76570,43201,OH,202203,1382.09,0.0023,0.0523,Columbus,"Columbus, OH",Franklin County
76570,43201,OH,202204,1405.68,0.0171,0.0661,Columbus,"Columbus, OH",Franklin County
76570,43201,OH,202205,1425.23,0.0139,0.0731,Columbus,"Columbus, OH",Franklin County
76570,43201,OH,202206,1445.97,0.0146,0.09,Columbus,"Columbus, OH",Franklin County
76570,43201,OH,202207,1463.89,0.0124,0.0955,Columbus,"Columbus, OH",Franklin County
76570,43201,OH,202208,1470.11,0.0042,0.0873,Columbus,"Columbus, OH",Franklin County
76570,43201,OH,202209,1480.04,0.0068,0.0827,Columbus,"Columbus, OH",Franklin County
76570,43201,OH,202210,1462.85,-0.0116,0.0643,Columbus,"Columbus, OH",Franklin County
76570,43201,OH,202211,1450.58,-0.0084,0.0521,Columbus,"Columbus, OH",Franklin County
76570,43201,OH,202212,1444.68,-0.0041,0.0474,Columbus,"Columbus, OH",Franklin County
76570,43201,OH,202301,1457.12,0.0086,0.0566,Columbus,"Columbus, OH",Franklin County
76570,43201,OH,202302,1479.32,0.0152,0.0728,Columbus,"Columbus, OH",Franklin County
76570,43201,OH,202303,1489.34,0.0068,0.0776,Columbus,"Columbus, OH",Franklin County
76570,43201,OH,202304,1497.07,0.0052,0.065,Columbus,"Columbus, OH",Franklin County
76570,43201,OH,202305,1494.99,-0.0014,0.0489,Columbus,"Columbus, OH",Franklin County
76570,43201,OH,202306,1489.17,-0.0039,0.0299,Columbus,"Columbus, OH",Franklin County
76570,43201,OH,202307,1488.01,-0.0008,0.0165,Columbus,"Columbus, OH",Franklin County
76570,43201,OH,202308,1508.08,0.0135,0.0258,Columbus,"Columbus, OH",Franklin County
76570,43201,OH,202309,1520.23,0.0081,0.0272,Columbus,"Columbus, OH",Franklin County
76570,43201,OH,202310,1531.54,0.0074,0.047,Columbus,"Columbus, OH",Franklin County
76570,43201,OH,202311,1535.31,0.0025,0.0584,Columbus,"Columbus, OH",Franklin County
76570,43201,OH,202312,1527.08,-0.0054,0.057,Columbus,"Columbus, OH",Franklin County
76570,43201,OH,202401,1526.27,-0.0005,0.0475,Columbus,"Columbus, OH",Franklin County
76570,43201,OH,202402,1531.12,0.0032,0.035,Columbus,"Columbus, OH",Franklin County
76570,43201,OH,202403,1557.2,0.017,0.0456,Columbus,"Columbus, OH",Franklin County
76570,43201,OH,202404,1559.92,0.0017,0.042,Columbus,"Columbus, OH",Franklin County
76570,43201,OH,202405,1549.43,-0.0067,0.0364,Columbus,"Columbus, OH",Franklin County
76570,43201,OH,202406,1543.85,-0.0036,0.0367,Columbus,"Columbus, OH",Franklin County
76570,43201,OH,202407,1542.42,-0.0009,0.0366,Columbus,"Columbus, OH",Franklin County
76570,43201,OH,202408,1562.69,0.0131,0.0362,Columbus,"Columbus, OH",Franklin County
76570,43201,OH,202409,1568.84,0.0039,0.032,Columbus,"Columbus, OH",Franklin County
76570,43201,OH,202410,1585.35,0.0105,0.0351,Columbus,"Columbus, OH",Franklin County
76570,43201,OH,202411,1577.25,-0.0051,0.0273,Columbus,"Columbus, OH",Franklin County
76570,43201,OH,202412,1557.48,-0.0125,0.0199,Columbus,"Columbus, OH",Franklin County
76570,43201,OH,202501,1554.75,-0.0018,0.0187,Columbus,"Columbus, OH",Franklin County
76570,43201,OH,202502,1555.78,0.0007,0.0161,Columbus,"Columbus, OH",Franklin County
76570,43201,OH,202503,1581.86,0.0168,0.0158,Columbus,"Columbus, OH",Franklin County
76570,43201,OH,202504,1590.66,0.0056,0.0197,Columbus,"Columbus, OH",Franklin County
76570,43201,OH,202505,1592.89,0.0014,0.0281,Columbus,"Columbus, OH",Franklin County
76570,43201,OH,202506,1600.47,0.0048,0.0367,Columbus,"Columbus, OH",Franklin County
76570,43201,OH,202507,1590.23,-0.0064,0.031,Columbus,"Columbus, OH",Franklin County
76570,43201,OH,202508,1601.69,0.0072,0.025,Columbus,"Columbus, OH",Franklin County
76570,43201,OH,202509,1611.92,0.0064,0.0275,Columbus,"Columbus, OH",Franklin County
76570,43201,OH,202510,1638.65,0.0166,0.0336,Columbus,"Columbus, OH",Franklin County
76570,43201,OH,202511,1629.59,-0.0055,0.0332,Columbus,"Columbus, OH",Franklin County
76570,43201,OH,202512,1619.53,-0.0062,0.0398,Columbus,"Columbus, OH",Franklin County
76570,43201,OH,202601,1602.42,-0.0106,0.0307,Columbus,"Columbus, OH",Franklin County
76570,43201,OH,202602,1614.19,0.0073,0.0375,Columbus,"Columbus, OH",Franklin County
76570,43201,OH,202603,1616.17,0.0012,0.0217,Columbus,"Columbus, OH",Franklin County
76570,43201,OH,202604,1616.9,0.0005,0.0165,Columbus,"Columbus, OH",Franklin County
76570,43201,OH,202605,1612.07,-0.003,0.012,Columbus,"Columbus, OH",Franklin County
76570,43201,OH,202606,1617.1,0.0031,0.0104,Columbus,"Columbus, OH",Franklin County
76570,43201,OH,202607,1636.85,0.0122,0.0293,Columbus,"Columbus, OH",Franklin County
76570,43201,OH,202608,1667.15,0.0185,0.0409,Columbus,"Columbus, OH",Franklin County
76571,43202,OH,201605,1065.36,,,Columbus,"Columbus, OH",Franklin County
76571,43202,OH,201606,1084.85,0.0183,,Columbus,"Columbus, OH",Franklin County
76571,43202,OH,201607,1082.87,-0.0018,,Columbus,"Columbus, OH",Franklin County
76571,43202,OH,201608,1077.57,-0.0049,,Columbus,"Columbus, OH",Franklin County
76571,43202,OH,201609,1062.01,-0.0144,,Columbus,"Columbus, OH",Franklin County
76571,43202,OH,201610,1074.53,0.0118,,Columbus,"Columbus, OH",Franklin County
76571,43202,OH,201611,1106.58,0.0298,,Columbus,"Columbus, OH",Franklin County
76571,43202,OH,201612,1129.87,0.021,,Columbus,"Columbus, OH",Franklin County
76571,43202,OH,201701,1120.1,-0.0086,,Columbus,"Columbus, OH",Franklin County
76571,43202,OH,201702,1108.19,-0.0106,,Columbus,"Columbus, OH",Franklin County
76571,43202,OH,201703,1112.85,0.0042,,Columbus,"Columbus, OH",Franklin County
76571,43202,OH,201704,1115.57,0.0024,,Columbus,"Columbus, OH",Franklin County
76571,43202,OH,201705,1121.43,0.0053,0.0526,Columbus,"Columbus, OH",Franklin County
76571,43202,OH,201706,1123.53,0.0019,0.0357,Columbus,"Columbus, OH",Franklin County
76571,43202,OH,201707,1119.91,-0.0032,0.0342,Columbus,"Columbus, OH",Franklin County
76571,43202,OH,201708,1109.34,-0.0094,0.0295,Columbus,"Columbus, OH",Franklin County
76571,43202,OH,201709,1103.74,-0.005,0.0393,Columbus,"Columbus, OH",Franklin County
76571,43202,OH,201710,1114.32,0.0096,0.037,Columbus,"Columbus, OH",Franklin County
76571,43202,OH,201711,1121.15,0.0061,0.0132,Columbus,"Columbus, OH",Franklin County
76571,43202,OH,201712,1131.2,0.009,0.0012,Columbus,"Columbus, OH",Franklin County
76571,43202,OH,201801,1138.19,0.0062,0.0162,Columbus,"Columbus, OH",Franklin County
76571,43202,OH,201802,1152.82,0.0128,0.0403,Columbus,"Columbus, OH",Franklin County
76571,43202,OH,201803,1170.9,0.0157,0.0522,Columbus,"Columbus, OH",Franklin County
76571,43202,OH,201804,1184.53,0.0116,0.0618,Columbus,"Columbus, OH",Franklin County
76571,43202,OH,201805,1176.78,-0.0065,0.0494,Columbus,"Columbus, OH",Franklin County
76571,43202,OH,201806,1174.58,-0.0019,0.0454,Columbus,"Columbus, OH",Franklin County
76571,43202,OH,201807,1160.26,-0.0122,0.036,Columbus,"Columbus, OH",Franklin County
76571,43202,OH,201808,1164.15,0.0034,0.0494,Columbus,"Columbus, OH",Franklin County
76571,43202,OH,201809,1162.65,-0.0013,0.0534,Columbus,"Columbus, OH",Franklin County
76571,43202,OH,201810,1176.35,0.0118,0.0557,Columbus,"Columbus, OH",Franklin County
76571,43202,OH,201811,1178.12,0.0015,0.0508,Columbus,"Columbus, OH",Franklin County
76571,43202,OH,201812,1186.22,0.0069,0.0486,Columbus,"Columbus, OH",Franklin County
76571,43202,OH,201901,1177.06,-0.0077,0.0341,Columbus,"Columbus, OH",Franklin County
76571,43202,OH,201902,1182.16,0.0043,0.0255,Columbus,"Columbus, OH",Franklin County
76571,43202,OH,201903,1182.73,0.0005,0.0101,Columbus,"Columbus, OH",Franklin County
76571,43202,OH,201904,1190.41,0.0065,0.005,Columbus,"Columbus, OH",Franklin County
76571,43202,OH,201905,1203.35,0.0109,0.0226,Columbus,"Columbus, OH",Franklin County
76571,43202,OH,201906,1205.78,0.002,0.0266,Columbus,"Columbus, OH",Franklin County
76571,43202,OH,201907,1211.51,0.0048,0.0442,Columbus,"Columbus, OH",Franklin County
76571,43202,OH,201908,1191.59,-0.0164,0.0236,Columbus,"Columbus, OH",Franklin County
76571,43202,OH,201909,1186.02,-0.0047,0.0201,Columbus,"Columbus, OH",Franklin County
76571,43202,OH,201910,1202.9,0.0142,0.0226,Columbus,"Columbus, OH",Franklin County
76571,43202,OH,201911,1222.03,0.0159,0.0373,Columbus,"Columbus, OH",Franklin County
76571,43202,OH,201912,1229.86,0.0064,0.0368,Columbus,"Columbus, OH",Franklin County
76571,43202,OH,202001,1218.23,-0.0095,0.035,Columbus,"Columbus, OH",Franklin County
76571,43202,OH,202002,1226.39,0.0067,0.0374,Columbus,"Columbus, OH",Franklin County
76571,43202,OH,202003,1223.82,-0.0021,0.0347,Columbus,"Columbus, OH",Franklin County
76571,43202,OH,202004,1228.17,0.0036,0.0317,Columbus,"Columbus, OH",Franklin County
76571,43202,OH,202005,1218.64,-0.0078,0.0127,Columbus,"Columbus, OH",Franklin County
76571,43202,OH,202006,1225.64,0.0057,0.0165,Columbus,"Columbus, OH",Franklin County
76571,43202,OH,202007,1214.81,-0.0088,0.0027,Columbus,"Columbus, OH",Franklin County
76571,43202,OH,202008,1212.65,-0.0018,0.0177,Columbus,"Columbus, OH",Franklin County
76571,43202,OH,202009,1213.84,0.001,0.0235,Columbus,"Columbus, OH",Franklin County
76571,43202,OH,202010,1226.23,0.0102,0.0194,Columbus,"Columbus, OH",Franklin County
76571,43202,OH,202011,1231.84,0.0046,0.008,Columbus,"Columbus, OH",Franklin County
76571,43202,OH,202012,1230.85,-0.0008,0.0008,Columbus,"Columbus, OH",Franklin County
76571,43202,OH,202101,1257.03,0.0213,0.0319,Columbus,"Columbus, OH",Franklin County
76571,43202,OH,202102,1276.51,0.0155,0.0409,Columbus,"Columbus, OH",Franklin County
76571,43202,OH,202103,1284.92,0.0066,0.0499,Columbus,"Columbus, OH",Franklin County
76571,43202,OH,202104,1275.31,-0.0075,0.0384,Columbus,"Columbus, OH",Franklin County
76571,43202,OH,202105,1289.59,0.0112,0.0582,Columbus,"Columbus, OH",Franklin County
76571,43202,OH,202106,1309.13,0.0151,0.0681,Columbus,"Columbus, OH",Franklin County
76571,43202,OH,202107,1310.88,0.0013,0.0791,Columbus,"Columbus, OH",Franklin County
76571,43202,OH,202108,1308.6,-0.0017,0.0791,Columbus,"Columbus, OH",Franklin County
76571,43202,OH,202109,1302.22,-0.0049,0.0728,Columbus,"Columbus, OH",Franklin County
76571,43202,OH,202110,1303.1,0.0007,0.0627,Columbus,"Columbus, OH",Franklin County
76571,43202,OH,202111,1305.21,0.0016,0.0596,Columbus,"Columbus, OH",Franklin County
76571,43202,OH,202112,1317.31,0.0093,0.0702,Columbus,"Columbus, OH",Franklin County
76571,43202,OH,202201,1334.76,0.0132,0.0618,Columbus,"Columbus, OH",Franklin County
76571,43202,OH,202202,1341.28,0.0049,0.0507,Columbus,"Columbus, OH",Franklin County
76571,43202,OH,202203,1358.49,0.0128,0.0573,Columbus,"Columbus, OH",Franklin County
76571,43202,OH,202204,1368.74,0.0075,0.0733,Columbus,"Columbus, OH",Franklin County
76571,43202,OH,202205,1379.75,0.008,0.0699,Columbus,"Columbus, OH",Franklin County
76571,43202,OH,202206,1373.94,-0.0042,0.0495,Columbus,"Columbus, OH",Franklin County
76571,43202,OH,202207,1370.71,-0.0023,0.0456,Columbus,"Columbus, OH",Franklin County
76571,43202,OH,202208,1379.69,0.0066,0.0543,Columbus,"Columbus, OH",Franklin County
76571,43202,OH,202209,1393.07,0.0097,0.0698,Columbus,"Columbus, OH",Franklin County
76571,43202,OH,202210,1392.6,-0.0003,0.0687,Columbus,"Columbus, OH",Franklin County
76571,43202,OH,202211,1371.43,-0.0152,0.0507,Columbus,"Columbus, OH",Franklin County
76571,43202,OH,202212,1374.78,0.0024,0.0436,Columbus,"Columbus, OH",Franklin County
76571,43202,OH,202301,1378.51,0.0027,0.0328,Columbus,"Columbus, OH",Franklin County
76571,43202,OH,202302,1404.15,0.0186,0.0469,Columbus,"Columbus, OH",Franklin County
76571,43202,OH,202303,1408.81,0.0033,0.037,Columbus,"Columbus, OH",Franklin County
76571,43202,OH,202304,1423.88,0.0107,0.0403,Columbus,"Columbus, OH",Franklin County
76571,43202,OH,202305,1424.47,0.0004,0.0324,Columbus,"Columbus, OH",Franklin County
76571,43202,OH,202306,1429.81,0.0037,0.0407,Columbus,"Columbus, OH",Franklin County
76571,43202,OH,202307,1444.53,0.0103,0.0539,Columbus,"Columbus, OH",Franklin County
76571,43202,OH,202308,1451.46,0.0048,0.052,Columbus,"Columbus, OH",Franklin County
76571,43202,OH,202309,1454.94,0.0024,0.0444,Columbus,"Columbus, OH",Franklin County
76571,43202,OH,202310,1446.03,-0.0061,0.0384,Columbus,"Columbus, OH",Franklin County
76571,43202,OH,202311,1450.58,0.0031,0.0577,Columbus,"Columbus, OH",Franklin County
76571,43202,OH,202312,1447.3,-0.0023,0.0528,Columbus,"Columbus, OH",Franklin County
76571,43202,OH,202401,1458.84,0.008,0.0583,Columbus,"Columbus, OH",Franklin County
76571,43202,OH,202402,1466.42,0.0052,0.0443,Columbus,"Columbus, OH",Franklin County
76571,43202,OH,202403,1478.85,0.0085,0.0497,Columbus,"Columbus, OH",Franklin County
76571,43202,OH,202404,1482.11,0.0022,0.0409,Columbus,"Columbus, OH",Franklin County
76571,43202,OH,202405,1491.99,0.0067,0.0474,Columbus,"Columbus, OH",Franklin County
76571,43202,OH,202406,1496.8,0.0032,0.0469,Columbus,"Columbus, OH",Franklin County
76571,43202,OH,202407,1495.43,-0.0009,0.0352,Columbus,"Columbus, OH",Franklin County
76571,43202,OH,202408,1491.79,-0.0024,0.0278,Columbus,"Columbus, OH",Franklin County
76571,43202,OH,202409,1498.05,0.0042,0.0296,Columbus,"Columbus, OH",Franklin County
76571,43202,OH,202410,1509.62,0.0077,0.044,Columbus,"Columbus, OH",Franklin County
76571,43202,OH,202411,1501.38,-0.0055,0.035,Columbus,"Columbus, OH",Franklin County
76571,43202,OH,202412,1498.1,-0.0022,0.0351,Columbus,"Columbus, OH",Franklin County
76571,43202,OH,202501,1499.6,0.001,0.0279,Columbus,"Columbus, OH",Franklin County
76571,43202,OH,202502,1515.75,0.0108,0.0336,Columbus,"Columbus, OH",Franklin County
76571,43202,OH,202503,1525.05,0.0061,0.0312,Columbus,"Columbus, OH",Franklin County
76571,43202,OH,202504,1534.5,0.0062,0.0353,Columbus,"Columbus, OH",Franklin County
76571,43202,OH,202505,1539.97,0.0036,0.0322,Columbus,"Columbus, OH",Franklin County
76571,43202,OH,202506,1538.49,-0.001,0.0279,Columbus,"Columbus, OH",Franklin County
76571,43202,OH,202507,1534.89,-0.0023,0.0264,Columbus,"Columbus, OH",Franklin County
76571,43202,OH,202508,1539.89,0.0033,0.0322,Columbus,"Columbus, OH",Franklin County
76571,43202,OH,202509,1553.23,0.0087,0.0368,Columbus,"Columbus, OH",Franklin County
76571,43202,OH,202510,1557.24,0.0026,0.0315,Columbus,"Columbus, OH",Franklin County
76571,43202,OH,202511,1516.83,-0.026,0.0103,Columbus,"Columbus, OH",Franklin County
76571,43202,OH,202512,1473.84,-0.0283,-0.0162,Columbus,"Columbus, OH",Franklin County
76571,43202,OH,202601,1445.93,-0.0189,-0.0358,Columbus,"Columbus, OH",Franklin County
76571,43202,OH,202603,1526.57,0.0558,0.0071,Columbus,"Columbus, OH",Franklin County
76571,43202,OH,202604,1560.5,0.0222,0.0232,Columbus,"Columbus, OH",Franklin County
76571,43202,OH,202605,1562.29,0.0011,0.0181,Columbus,"Columbus, OH",Franklin County
76571,43202,OH,202606,1583.36,0.0135,0.0282,Columbus,"Columbus, OH",Franklin County
76571,43202,OH,202607,1583.03,-0.0002,0.0289,Columbus,"Columbus, OH",Franklin County
76571,43202,OH,202608,1597.36,0.0091,0.0407,Columbus,"Columbus, OH",Franklin County
76572,43203,OH,202305,1083.66,,,Columbus,"Columbus, OH",Franklin County
76572,43203,OH,202306,1093.95,0.0095,,Columbus,"Columbus, OH",Franklin County
76572,43203,OH,202307,1075.47,-0.0169,,Columbus,"Columbus, OH",Franklin County
76572,43203,OH,202308,1072.22,-0.003,,Columbus,"Columbus, OH",Franklin County
76572,43203,OH,202309,1103.22,0.0289,,Columbus,"Columbus, OH",Franklin County
76572,43203,OH,202310,1101.48,-0.0016,,Columbus,"Columbus, OH",Franklin County
76572,43203,OH,202311,1097.87,-0.0033,,Columbus,"Columbus, OH",Franklin County
76572,43203,OH,202312,1082.51,-0.014,,Columbus,"Columbus, OH",Franklin County
76572,43203,OH,202401,1118.49,0.0332,,Columbus,"Columbus, OH",Franklin County
76572,43203,OH,202402,1142.93,0.0218,,Columbus,"Columbus, OH",Franklin County
76572,43203,OH,202403,1163.31,0.0178,,Columbus,"Columbus, OH",Franklin County
76572,43203,OH,202404,1156.31,-0.006,,Columbus,"Columbus, OH",Franklin County
76572,43203,OH,202405,1160.12,0.0033,0.0706,Columbus,"Columbus, OH",Franklin County
76572,43203,OH,202406,1158.92,-0.001,0.0594,Columbus,"Columbus, OH",Franklin County
76572,43203,OH,202407,1181.7,0.0197,0.0988,Columbus,"Columbus, OH",Franklin County
76572,43203,OH,202408,1171.68,-0.0085,0.0928,Columbus,"Columbus, OH",Franklin County
76572,43203,OH,202409,1180.55,0.0076,0.0701,Columbus,"Columbus, OH",Franklin County
76572,43203,OH,202410,1187.36,0.0058,0.078,Columbus,"Columbus, OH",Franklin County
76572,43203,OH,202411,1197.41,0.0085,0.0907,Columbus,"Columbus, OH",Franklin County
76572,43203,OH,202412,1191.98,-0.0045,0.1011,Columbus,"Columbus, OH",Franklin County
76572,43203,OH,202501,1180.61,-0.0095,0.0555,Columbus,"Columbus, OH",Franklin County
76572,43203,OH,202502,1185.96,0.0045,0.0377,Columbus,"Columbus, OH",Franklin County
76572,43203,OH,202503,1197.39,0.0096,0.0293,Columbus,"Columbus, OH",Franklin County
76572,43203,OH,202504,1208.42,0.0092,0.0451,Columbus,"Columbus, OH",Franklin County
76572,43203,OH,202505,1211.46,0.0025,0.0443,Columbus,"Columbus, OH",Franklin County
76572,43203,OH,202506,1210.51,-0.0008,0.0445,Columbus,"Columbus, OH",Franklin County
76572,43203,OH,202507,1206.45,-0.0034,0.0209,Columbus,"Columbus, OH",Franklin County
76572,43203,OH,202508,1222.26,0.0131,0.0432,Columbus,"Columbus, OH",Franklin County
76572,43203,OH,202509,1219.84,-0.002,0.0333,Columbus,"Columbus, OH",Franklin County
76572,43203,OH,202510,1204.18,-0.0128,0.0142,Columbus,"Columbus, OH",Franklin County
76572,43203,OH,202511,1213.95,0.0081,0.0138,Columbus,"Columbus, OH",Franklin County
76572,43203,OH,202512,1229.7,0.013,0.0316,Columbus,"Columbus, OH",Franklin County
76572,43203,OH,202601,1263.43,0.0274,0.0701,Columbus,"Columbus, OH",Franklin County
76572,43203,OH,202602,1257.17,-0.005,0.06,Columbus,"Columbus, OH",Franklin County
76572,43203,OH,202603,1252.09,-0.004,0.0457,Columbus,"Columbus, OH",Franklin County
76572,43203,OH,202604,1243.9,-0.0065,0.0294,Columbus,"Columbus, OH",Franklin County
76572,43203,OH,202605,1242.5,-0.0011,0.0256,Columbus,"Columbus, OH",Franklin County
76572,43203,OH,202606,1240.7,-0.0014,0.0249,Columbus,"Columbus, OH",Franklin County
76572,43203,OH,202607,1246.21,0.0044,0.033,Columbus,"Columbus, OH",Franklin County
76572,43203,OH,202608,1248.5,0.0018,0.0215,Columbus,"Columbus, OH",Franklin County
76573,43204,OH,201701,740.46,,,Columbus,"Columbus, OH",Franklin County
76573,43204,OH,201702,756.79,0.0221,,Columbus,"Columbus, OH",Franklin County
76573,43204,OH,201703,757.4,0.0008,,Columbus,"Columbus, OH",Franklin County
76573,43204,OH,201704,759.05,0.0022,,Columbus,"Columbus, OH",Franklin County
76573,43204,OH,201706,744.82,-0.0188,,Columbus,"Columbus, OH",Franklin County
76573,43204,OH,201707,746.35,0.0021,,Columbus,"Columbus, OH",Franklin County
76573,43204,OH,201708,758.77,0.0166,,Columbus,"Columbus, OH",Franklin County
76573,43204,OH,201709,771.89,0.0173,,Columbus,"Columbus, OH",Franklin County
76573,43204,OH,201710,776.72,0.0063,,Columbus,"Columbus, OH",Franklin County
76573,43204,OH,201711,784.33,0.0098,,Columbus,"Columbus, OH",Franklin County
76573,43204,OH,201712,791.14,0.0087,,Columbus,"Columbus, OH",Franklin County
76573,43204,OH,201801,807.9,0.0212,,Columbus,"Columbus, OH",Franklin County
76573,43204,OH,201802,800.55,-0.0091,0.0812,Columbus,"Columbus, OH",Franklin County
76573,43204,OH,201803,800.89,0.0004,0.0583,Columbus,"Columbus, OH",Franklin County
76573,43204,OH,201804,796.35,-0.0057,0.0514,Columbus,"Columbus, OH",Franklin County
76573,43204,OH,201805,826.84,0.0383,0.0893,Columbus,"Columbus, OH",Franklin County
76573,43204,OH,201806,853.02,0.0317,0.1453,Columbus,"Columbus, OH",Franklin County
76573,43204,OH,201807,850.76,-0.0026,0.1399,Columbus,"Columbus, OH",Franklin County
76573,43204,OH,201808,844.08,-0.0078,0.1124,Columbus,"Columbus, OH",Franklin County
76573,43204,OH,201810,861.6,0.0208,0.1162,Columbus,"Columbus, OH",Franklin County
76573,43204,OH,201811,856.01,-0.0065,0.1021,Columbus,"Columbus, OH",Franklin County
76573,43204,OH,201812,856.51,0.0006,0.092,Columbus,"Columbus, OH",Franklin County
76573,43204,OH,201901,855.52,-0.0012,0.0814,Columbus,"Columbus, OH",Franklin County
76573,43204,OH,201902,879.18,0.0277,0.0882,Columbus,"Columbus, OH",Franklin County
76573,43204,OH,201903,893.69,0.0165,0.1163,Columbus,"Columbus, OH",Franklin County
76573,43204,OH,201904,890.08,-0.004,0.1114,Columbus,"Columbus, OH",Franklin County
76573,43204,OH,201905,891.07,0.0011,0.1189,Columbus,"Columbus, OH",Franklin County
76573,43204,OH,201906,888.43,-0.003,0.0745,Columbus,"Columbus, OH",Franklin County
76573,43204,OH,201907,896.92,0.0096,0.0515,Columbus,"Columbus, OH",Franklin County
76573,43204,OH,201908,893.7,-0.0036,0.0505,Columbus,"Columbus, OH",Franklin County
76573,43204,OH,201909,895.68,0.0022,0.0611,Columbus,"Columbus, OH",Franklin County
76573,43204,OH,201910,908.93,0.0148,0.0549,Columbus,"Columbus, OH",Franklin County
76573,43204,OH,201911,901.05,-0.0087,0.0526,Columbus,"Columbus, OH",Franklin County
76573,43204,OH,201912,904.14,0.0034,0.0556,Columbus,"Columbus, OH",Franklin County
76573,43204,OH,202001,921.87,0.0196,0.0776,Columbus,"Columbus, OH",Franklin County
76573,43204,OH,202002,952.68,0.0334,0.0836,Columbus,"Columbus, OH",Franklin County
76573,43204,OH,202003,981.94,0.0307,0.0988,Columbus,"Columbus, OH",Franklin County
76573,43204,OH,202004,983.66,0.0017,0.1051,Columbus,"Columbus, OH",Franklin County
76573,43204,OH,202005,993.91,0.0104,0.1154,Columbus,"Columbus, OH",Franklin County
76573,43204,OH,202006,1001.94,0.0081,0.1278,Columbus,"Columbus, OH",Franklin County
76573,43204,OH,202007,1019.51,0.0175,0.1367,Columbus,"Columbus, OH",Franklin County
76573,43204,OH,202009,1017.81,-0.0017,0.1389,Columbus,"Columbus, OH",Franklin County
76573,43204,OH,202010,1025.1,0.0072,0.1445,Columbus,"Columbus, OH",Franklin County
76573,43204,OH,202011,1026.0,0.0009,0.1288,Columbus,"Columbus, OH",Franklin County
76573,43204,OH,202012,1016.03,-0.0097,0.1276,Columbus,"Columbus, OH",Franklin County
76573,43204,OH,202101,1023.68,0.0075,0.1322,Columbus,"Columbus, OH",Franklin County
76573,43204,OH,202102,1047.36,0.0231,0.1361,Columbus,"Columbus, OH",Franklin County
76573,43204,OH,202103,1065.84,0.0176,0.1188,Columbus,"Columbus, OH",Franklin County
76573,43204,OH,202104,1077.87,0.0113,0.0977,Columbus,"Columbus, OH",Franklin County
76573,43204,OH,202105,1086.15,0.0077,0.1042,Columbus,"Columbus, OH",Franklin County
76573,43204,OH,202106,1109.21,0.0212,0.116,Columbus,"Columbus, OH",Franklin County
76573,43204,OH,202107,1109.38,0.0002,0.1072,Columbus,"Columbus, OH",Franklin County
76573,43204,OH,202108,1116.72,0.0066,0.0954,Columbus,"Columbus, OH",Franklin County
76573,43204,OH,202109,1118.92,0.002,0.0993,Columbus,"Columbus, OH",Franklin County
76573,43204,OH,202110,1129.68,0.0096,0.102,Columbus,"Columbus, OH",Franklin County
76573,43204,OH,202111,1135.26,0.0049,0.1065,Columbus,"Columbus, OH",Franklin County
76573,43204,OH,202112,1141.83,0.0058,0.1238,Columbus,"Columbus, OH",Franklin County
76573,43204,OH,202201,1140.41,-0.0012,0.114,Columbus,"Columbus, OH",Franklin County
76573,43204,OH,202202,1141.27,0.0008,0.0897,Columbus,"Columbus, OH",Franklin County
76573,43204,OH,202203,1150.6,0.0082,0.0795,Columbus,"Columbus, OH",Franklin County
76573,43204,OH,202204,1160.02,0.0082,0.0762,Columbus,"Columbus, OH",Franklin County
76573,43204,OH,202205,1175.77,0.0136,0.0825,Columbus,"Columbus, OH",Franklin County
76573,43204,OH,202206,1205.62,0.0254,0.0869,Columbus,"Columbus, OH",Franklin County
76573,43204,OH,202207,1247.3,0.0346,0.1243,Columbus,"Columbus, OH",Franklin County
76573,43204,OH,202208,1256.39,0.0073,0.1251,Columbus,"Columbus, OH",Franklin County
76573,43204,OH,202209,1247.64,-0.007,0.115,Columbus,"Columbus, OH",Franklin County
76573,43204,OH,202210,1206.43,-0.033,0.0679,Columbus,"Columbus, OH",Franklin County
76573,43204,OH,202211,1201.62,-0.004,0.0585,Columbus,"Columbus, OH",Franklin County
76573,43204,OH,202212,1192.77,-0.0074,0.0446,Columbus,"Columbus, OH",Franklin County
76573,43204,OH,202301,1199.31,0.0055,0.0516,Columbus,"Columbus, OH",Franklin County
76573,43204,OH,202302,1190.19,-0.0076,0.0429,Columbus,"Columbus, OH",Franklin County
76573,43204,OH,202303,1211.69,0.0181,0.0531,Columbus,"Columbus, OH",Franklin County
76573,43204,OH,202304,1225.45,0.0114,0.0564,Columbus,"Columbus, OH",Franklin County
76573,43204,OH,202305,1263.52,0.0311,0.0746,Columbus,"Columbus, OH",Franklin County
76573,43204,OH,202306,1276.39,0.0102,0.0587,Columbus,"Columbus, OH",Franklin County
76573,43204,OH,202307,1300.81,0.0191,0.0429,Columbus,"Columbus, OH",Franklin County
76573,43204,OH,202308,1281.32,-0.015,0.0198,Columbus,"Columbus, OH",Franklin County
76573,43204,OH,202309,1250.03,-0.0244,0.0019,Columbus,"Columbus, OH",Franklin County
76573,43204,OH,202310,1227.85,-0.0177,0.0178,Columbus,"Columbus, OH",Franklin County
76573,43204,OH,202311,1240.01,0.0099,0.0319,Columbus,"Columbus, OH",Franklin County
76573,43204,OH,202312,1249.11,0.0073,0.0472,Columbus,"Columbus, OH",Franklin County
76573,43204,OH,202401,1255.66,0.0052,0.047,Columbus,"Columbus, OH",Franklin County
76573,43204,OH,202402,1239.83,-0.0126,0.0417,Columbus,"Columbus, OH",Franklin County
76573,43204,OH,202403,1245.79,0.0048,0.0281,Columbus,"Columbus, OH",Franklin County
76573,43204,OH,202404,1258.14,0.0099,0.0267,Columbus,"Columbus, OH",Franklin County
76573,43204,OH,202405,1287.85,0.0236,0.0193,Columbus,"Columbus, OH",Franklin County
76573,43204,OH,202406,1313.15,0.0196,0.0288,Columbus,"Columbus, OH",Franklin County
76573,43204,OH,202407,1326.87,0.0104,0.02,Columbus,"Columbus, OH",Franklin County
76573,43204,OH,202408,1344.73,0.0135,0.0495,Columbus,"Columbus, OH",Franklin County
76573,43204,OH,202409,1348.7,0.003,0.0789,Columbus,"Columbus, OH",Franklin County
76573,43204,OH,202410,1339.45,-0.0069,0.0909,Columbus,"Columbus, OH",Franklin County
76573,43204,OH,202411,1335.64,-0.0028,0.0771,Columbus,"Columbus, OH",Franklin County
76573,43204,OH,202412,1342.88,0.0054,0.0751,Columbus,"Columbus, OH",Franklin County
76573,43204,OH,202501,1354.7,0.0088,0.0789,Columbus,"Columbus, OH",Franklin County
76573,43204,OH,202502,1338.26,-0.0121,0.0794,Columbus,"Columbus, OH",Franklin County
76573,43204,OH,202503,1333.15,-0.0038,0.0701,Columbus,"Columbus, OH",Franklin County
76573,43204,OH,202504,1343.98,0.0081,0.0682,Columbus,"Columbus, OH",Franklin County
76573,43204,OH,202505,1374.67,0.0228,0.0674,Columbus,"Columbus, OH",Franklin County
76573,43204,OH,202506,1387.44,0.0093,0.0566,Columbus,"Columbus, OH",Franklin County
76573,43204,OH,202507,1396.1,0.0062,0.0522,Columbus,"Columbus, OH",Franklin County
76573,43204,OH,202508,1386.82,-0.0066,0.0313,Columbus,"Columbus, OH",Franklin County
76573,43204,OH,202509,1392.0,0.0037,0.0321,Columbus,"Columbus, OH",Franklin County
76573,43204,OH,202510,1390.36,-0.0012,0.038,Columbus,"Columbus, OH",Franklin County
76573,43204,OH,202511,1392.47,0.0015,0.0425,Columbus,"Columbus, OH",Franklin County
76573,43204,OH,202512,1376.93,-0.0112,0.0254,Columbus,"Columbus, OH",Franklin County
76573,43204,OH,202601,1363.7,-0.0096,0.0066,Columbus,"Columbus, OH",Franklin County
76573,43204,OH,202602,1366.15,0.0018,0.0208,Columbus,"Columbus, OH",Franklin County
76573,43204,OH,202603,1391.38,0.0185,0.0437,Columbus,"Columbus, OH",Franklin County
76573,43204,OH,202604,1415.0,0.017,0.0528,Columbus,"Columbus, OH",Franklin County
76573,43204,OH,202605,1410.6,-0.0031,0.0261,Columbus,"Columbus, OH",Franklin County
76573,43204,OH,202606,1396.45,-0.01,0.0065,Columbus,"Columbus, OH",Franklin County
76573,43204,OH,202607,1383.24,-0.0095,-0.0092,Columbus,"Columbus, OH",Franklin County
76573,43204,OH,202608,1391.77,0.0062,0.0036,Columbus,"Columbus, OH",Franklin County
76574,43205,OH,201711,760.95,,,Columbus,"Columbus, OH",Franklin County
76574,43205,OH,201712,764.4,0.0045,,Columbus,"Columbus, OH",Franklin County
76574,43205,OH,201801,775.47,0.0145,,Columbus,"Columbus, OH",Franklin County
76574,43205,OH,201803,800.73,0.0326,,Columbus,"Columbus, OH",Franklin County
76574,43205,OH,201804,825.62,0.0311,,Columbus,"Columbus, OH",Franklin County
76574,43205,OH,201805,855.46,0.0361,,Columbus,"Columbus, OH",Franklin County
76574,43205,OH,201806,861.03,0.0065,,Columbus,"Columbus, OH",Franklin County
76574,43205,OH,201807,849.66,-0.0132,,Columbus,"Columbus, OH",Franklin County
76574,43205,OH,201808,838.13,-0.0136,,Columbus,"Columbus, OH",Franklin County
76574,43205,OH,201809,851.54,0.016,,Columbus,"Columbus, OH",Franklin County
76574,43205,OH,201810,852.75,0.0014,,Columbus,"Columbus, OH",Franklin County
76574,43205,OH,201811,875.59,0.0268,,Columbus,"Columbus, OH",Franklin County
76574,43205,OH,201812,871.58,-0.0046,0.1454,Columbus,"Columbus, OH",Franklin County
76574,43205,OH,201901,872.23,0.0007,0.1411,Columbus,"Columbus, OH",Franklin County
76574,43205,OH,201903,864.83,-0.0085,0.1152,Columbus,"Columbus, OH",Franklin County
76574,43205,OH,201904,877.78,0.015,0.0962,Columbus,"Columbus, OH",Franklin County
76574,43205,OH,201905,882.67,0.0056,0.0691,Columbus,"Columbus, OH",Franklin County
76574,43205,OH,201906,902.65,0.0226,0.0552,Columbus,"Columbus, OH",Franklin County
76574,43205,OH,201907,901.14,-0.0017,0.0466,Columbus,"Columbus, OH",Franklin County
76574,43205,OH,201908,918.79,0.0196,0.0814,Columbus,"Columbus, OH",Franklin County
76574,43205,OH,201909,911.7,-0.0077,0.0878,Columbus,"Columbus, OH",Franklin County
76574,43205,OH,201910,922.62,0.012,0.0835,Columbus,"Columbus, OH",Franklin County
76574,43205,OH,201911,918.98,-0.004,0.0777,Columbus,"Columbus, OH",Franklin County
76574,43205,OH,201912,926.68,0.0084,0.0584,Columbus,"Columbus, OH",Franklin County
76574,43205,OH,202001,933.19,0.007,0.0707,Columbus,"Columbus, OH",Franklin County
76574,43205,OH,202002,931.73,-0.0016,0.0682,Columbus,"Columbus, OH",Franklin County
76574,43205,OH,202003,926.16,-0.006,0.0709,Columbus,"Columbus, OH",Franklin County
76574,43205,OH,202004,940.81,0.0158,0.0718,Columbus,"Columbus, OH",Franklin County
76574,43205,OH,202005,965.4,0.0261,0.0937,Columbus,"Columbus, OH",Franklin County
76574,43205,OH,202006,979.91,0.015,0.0856,Columbus,"Columbus, OH",Franklin County
76574,43205,OH,202007,991.16,0.0115,0.0999,Columbus,"Columbus, OH",Franklin County
76574,43205,OH,202008,984.13,-0.0071,0.0711,Columbus,"Columbus, OH",Franklin County
76574,43205,OH,202009,993.28,0.0093,0.0895,Columbus,"Columbus, OH",Franklin County
76574,43205,OH,202010,978.99,-0.0144,0.0611,Columbus,"Columbus, OH",Franklin County
76574,43205,OH,202011,984.3,0.0054,0.0711,Columbus,"Columbus, OH",Franklin County
76574,43205,OH,202012,983.45,-0.0009,0.0613,Columbus,"Columbus, OH",Franklin County
76574,43205,OH,202101,999.64,0.0165,0.0712,Columbus,"Columbus, OH",Franklin County
76574,43205,OH,202102,1009.49,0.0099,0.0835,Columbus,"Columbus, OH",Franklin County
76574,43205,OH,202103,1022.93,0.0133,0.1045,Columbus,"Columbus, OH",Franklin County
76574,43205,OH,202104,1038.02,0.0148,0.1033,Columbus,"Columbus, OH",Franklin County
76574,43205,OH,202105,1054.31,0.0157,0.0921,Columbus,"Columbus, OH",Franklin County
76574,43205,OH,202106,1062.59,0.0079,0.0844,Columbus,"Columbus, OH",Franklin County
76574,43205,OH,202107,1076.09,0.0127,0.0857,Columbus,"Columbus, OH",Franklin County
76574,43205,OH,202108,1079.63,0.0033,0.097,Columbus,"Columbus, OH",Franklin County
76574,43205,OH,202110,1084.47,0.0045,0.0918,Columbus,"Columbus, OH",Franklin County
76574,43205,OH,202111,1075.25,-0.0085,0.0983,Columbus,"Columbus, OH",Franklin County
76574,43205,OH,202112,1101.56,0.0245,0.1191,Columbus,"Columbus, OH",Franklin County
76574,43205,OH,202201,1124.42,0.0207,0.1433,Columbus,"Columbus, OH",Franklin County
76574,43205,OH,202202,1144.21,0.0176,0.1446,Columbus,"Columbus, OH",Franklin County
76574,43205,OH,202203,1163.09,0.0165,0.1522,Columbus,"Columbus, OH",Franklin County
76574,43205,OH,202204,1186.08,0.0198,0.1595,Columbus,"Columbus, OH",Franklin County
76574,43205,OH,202205,1216.19,0.0254,0.1716,Columbus,"Columbus, OH",Franklin County
76574,43205,OH,202206,1187.55,-0.0235,0.1264,Columbus,"Columbus, OH",Franklin County
76574,43205,OH,202207,1165.4,-0.0187,0.0967,Columbus,"Columbus, OH",Franklin County
76574,43205,OH,202208,1172.92,0.0065,0.09,Columbus,"Columbus, OH",Franklin County
76574,43205,OH,202209,1195.35,0.0191,0.1072,Columbus,"Columbus, OH",Franklin County
76574,43205,OH,202210,1196.28,0.0008,0.1031,Columbus,"Columbus, OH",Franklin County
76574,43205,OH,202211,1224.13,0.0233,0.1385,Columbus,"Columbus, OH",Franklin County
76574,43205,OH,202212,1214.17,-0.0081,0.1022,Columbus,"Columbus, OH",Franklin County
76574,43205,OH,202301,1253.52,0.0324,0.1148,Columbus,"Columbus, OH",Franklin County
76574,43205,OH,202302,1236.41,-0.0136,0.0806,Columbus,"Columbus, OH",Franklin County
76574,43205,OH,202303,1265.46,0.0235,0.088,Columbus,"Columbus, OH",Franklin County
76574,43205,OH,202304,1259.73,-0.0045,0.0621,Columbus,"Columbus, OH",Franklin County
76574,43205,OH,202305,1255.36,-0.0035,0.0322,Columbus,"Columbus, OH",Franklin County
76574,43205,OH,202306,1239.54,-0.0126,0.0438,Columbus,"Columbus, OH",Franklin County
76574,43205,OH,202307,1224.69,-0.012,0.0509,Columbus,"Columbus, OH",Franklin County
76574,43205,OH,202308,1226.72,0.0017,0.0459,Columbus,"Columbus, OH",Franklin County
76574,43205,OH,202309,1249.99,0.019,0.0457,Columbus,"Columbus, OH",Franklin County
76574,43205,OH,202310,1261.18,0.009,0.0542,Columbus,"Columbus, OH",Franklin County
76574,43205,OH,202311,1275.74,0.0115,0.0422,Columbus,"Columbus, OH",Franklin County
76574,43205,OH,202312,1257.91,-0.014,0.036,Columbus,"Columbus, OH",Franklin County
76574,43205,OH,202401,1262.62,0.0037,0.0073,Columbus,"Columbus, OH",Franklin County
76574,43205,OH,202402,1252.35,-0.0081,0.0129,Columbus,"Columbus, OH",Franklin County
76574,43205,OH,202403,1268.63,0.013,0.0025,Columbus,"Columbus, OH",Franklin County
76574,43205,OH,202404,1294.64,0.0205,0.0277,Columbus,"Columbus, OH",Franklin County
76574,43205,OH,202405,1315.08,0.0158,0.0476,Columbus,"Columbus, OH",Franklin County
76574,43205,OH,202406,1326.48,0.0087,0.0701,Columbus,"Columbus, OH",Franklin County
76574,43205,OH,202407,1326.46,-0.0,0.0831,Columbus,"Columbus, OH",Franklin County
76574,43205,OH,202408,1323.7,-0.0021,0.0791,Columbus,"Columbus, OH",Franklin County
76574,43205,OH,202409,1323.75,0.0,0.059,Columbus,"Columbus, OH",Franklin County
76574,43205,OH,202410,1309.55,-0.0107,0.0384,Columbus,"Columbus, OH",Franklin County
76574,43205,OH,202411,1314.86,0.0041,0.0307,Columbus,"Columbus, OH",Franklin County
76574,43205,OH,202412,1312.74,-0.0016,0.0436,Columbus,"Columbus, OH",Franklin County
76574,43205,OH,202501,1326.73,0.0107,0.0508,Columbus,"Columbus, OH",Franklin County
76574,43205,OH,202502,1331.84,0.0039,0.0635,Columbus,"Columbus, OH",Franklin County
76574,43205,OH,202503,1349.47,0.0132,0.0637,Columbus,"Columbus, OH",Franklin County
76574,43205,OH,202504,1354.88,0.004,0.0465,Columbus,"Columbus, OH",Franklin County
76574,43205,OH,202505,1358.83,0.0029,0.0333,Columbus,"Columbus, OH",Franklin County
76574,43205,OH,202506,1355.04,-0.0028,0.0215,Columbus,"Columbus, OH",Franklin County
76574,43205,OH,202507,1353.55,-0.0011,0.0204,Columbus,"Columbus, OH",Franklin County
76574,43205,OH,202508,1357.25,0.0027,0.0253,Columbus,"Columbus, OH",Franklin County
76574,43205,OH,202509,1369.13,0.0088,0.0343,Columbus,"Columbus, OH",Franklin County
76574,43205,OH,202510,1366.1,-0.0022,0.0432,Columbus,"Columbus, OH",Franklin County
76574,43205,OH,202511,1352.82,-0.0097,0.0289,Columbus,"Columbus, OH",Franklin County
76574,43205,OH,202512,1336.17,-0.0123,0.0178,Columbus,"Columbus, OH",Franklin County
76574,43205,OH,202601,1350.8,0.0109,0.0181,Columbus,"Columbus, OH",Franklin County
76574,43205,OH,202602,1359.61,0.0065,0.0208,Columbus,"Columbus, OH",Franklin County
76574,43205,OH,202603,1360.54,0.0007,0.0082,Columbus,"Columbus, OH",Franklin County
76574,43205,OH,202604,1370.04,0.007,0.0112,Columbus,"Columbus, OH",Franklin County
76574,43205,OH,202605,1378.62,0.0063,0.0146,Columbus,"Columbus, OH",Franklin County
76574,43205,OH,202606,1390.0,0.0082,0.0258,Columbus,"Columbus, OH",Franklin County
76574,43205,OH,202607,1391.61,0.0012,0.0281,Columbus,"Columbus, OH",Franklin County
76574,43205,OH,202608,1387.83,-0.0027,0.0225,Columbus,"Columbus, OH",Franklin County
76575,43206,OH,201607,835.2,,,Columbus,"Columbus, OH",Franklin County
76575,43206,OH,201608,812.1,-0.0277,,Columbus,"Columbus, OH",Franklin County
76575,43206,OH,201609,811.28,-0.001,,Columbus,"Columbus, OH",Franklin County
76575,43206,OH,201610,793.37,-0.0221,,Columbus,"Columbus, OH",Franklin County
76575,43206,OH,201611,800.11,0.0085,,Columbus,"Columbus, OH",Franklin County
76575,43206,OH,201612,826.5,0.033,,Columbus,"Columbus, OH",Franklin County
76575,43206,OH,201701,846.3,0.024,,Columbus,"Columbus, OH",Franklin County
76575,43206,OH,201702,853.1,0.008,,Columbus,"Columbus, OH",Franklin County
76575,43206,OH,201703,867.68,0.0171,,Columbus,"Columbus, OH",Franklin County
76575,43206,OH,201704,887.24,0.0225,,Columbus,"Columbus, OH",Franklin County
76575,43206,OH,201705,909.15,0.0247,,Columbus,"Columbus, OH",Franklin County
76575,43206,OH,201706,913.15,0.0044,,Columbus,"Columbus, OH",Franklin County
76575,43206,OH,201707,898.8,-0.0157,0.0762,Columbus,"Columbus, OH",Franklin County
76575,43206,OH,201708,906.22,0.0082,0.1159,Columbus,"Columbus, OH",Franklin County
76575,43206,OH,201709,900.41,-0.0064,0.1099,Columbus,"Columbus, OH",Franklin County
76575,43206,OH,201710,927.07,0.0296,0.1685,Columbus,"Columbus, OH",Franklin County
76575,43206,OH,201711,923.27,-0.0041,0.1539,Columbus,"Columbus, OH",Franklin County
76575,43206,OH,201712,923.78,0.0006,0.1177,Columbus,"Columbus, OH",Franklin County
76575,43206,OH,201801,931.58,0.0084,0.1008,Columbus,"Columbus, OH",Franklin County
76575,43206,OH,201802,946.54,0.0161,0.1095,Columbus,"Columbus, OH",Franklin County
76575,43206,OH,201803,975.35,0.0304,0.1241,Columbus,"Columbus, OH",Franklin County
76575,43206,OH,201804,985.09,0.01,0.1103,Columbus,"Columbus, OH",Franklin County
76575,43206,OH,201805,991.03,0.006,0.0901,Columbus,"Columbus, OH",Franklin County
76575,43206,OH,201806,994.2,0.0032,0.0888,Columbus,"Columbus, OH",Franklin County
76575,43206,OH,201807,997.53,0.0033,0.1098,Columbus,"Columbus, OH",Franklin County
76575,43206,OH,201808,1019.5,0.022,0.125,Columbus,"Columbus, OH",Franklin County
76575,43206,OH,201809,1006.12,-0.0131,0.1174,Columbus,"Columbus, OH",Franklin County
76575,43206,OH,201810,1008.55,0.0024,0.0879,Columbus,"Columbus, OH",Franklin County
76575,43206,OH,201811,1016.43,0.0078,0.1009,Columbus,"Columbus, OH",Franklin County
76575,43206,OH,201812,1028.21,0.0116,0.113,Columbus,"Columbus, OH",Franklin County
76575,43206,OH,201901,1020.56,-0.0074,0.0955,Columbus,"Columbus, OH",Franklin County
76575,43206,OH,201902,1016.17,-0.0043,0.0736,Columbus,"Columbus, OH",Franklin County
76575,43206,OH,201903,1048.03,0.0313,0.0745,Columbus,"Columbus, OH",Franklin County
76575,43206,OH,201904,1079.4,0.0299,0.0957,Columbus,"Columbus, OH",Franklin County
76575,43206,OH,201905,1092.1,0.0118,0.102,Columbus,"Columbus, OH",Franklin County
76575,43206,OH,201906,1088.35,-0.0034,0.0947,Columbus,"Columbus, OH",Franklin County
76575,43206,OH,201907,1089.76,0.0013,0.0925,Columbus,"Columbus, OH",Franklin County
76575,43206,OH,201908,1100.14,0.0095,0.0791,Columbus,"Columbus, OH",Franklin County
76575,43206,OH,201909,1095.29,-0.0044,0.0886,Columbus,"Columbus, OH",Franklin County
76575,43206,OH,201910,1088.59,-0.0061,0.0794,Columbus,"Columbus, OH",Franklin County
76575,43206,OH,201911,1080.17,-0.0077,0.0627,Columbus,"Columbus, OH",Franklin County
76575,43206,OH,201912,1093.08,0.0119,0.0631,Columbus,"Columbus, OH",Franklin County
76575,43206,OH,202001,1113.05,0.0183,0.0906,Columbus,"Columbus, OH",Franklin County
76575,43206,OH,202002,1117.92,0.0044,0.1001,Columbus,"Columbus, OH",Franklin County
76575,43206,OH,202003,1122.82,0.0044,0.0714,Columbus,"Columbus, OH",Franklin County
76575,43206,OH,202004,1131.19,0.0075,0.048,Columbus,"Columbus, OH",Franklin County
76575,43206,OH,202005,1152.16,0.0185,0.055,Columbus,"Columbus, OH",Franklin County
76575,43206,OH,202006,1151.7,-0.0004,0.0582,Columbus,"Columbus, OH",Franklin County
76575,43206,OH,202007,1148.85,-0.0025,0.0542,Columbus,"Columbus, OH",Franklin County
76575,43206,OH,202008,1155.31,0.0056,0.0502,Columbus,"Columbus, OH",Franklin County
76575,43206,OH,202009,1170.95,0.0135,0.0691,Columbus,"Columbus, OH",Franklin County
76575,43206,OH,202010,1186.49,0.0133,0.0899,Columbus,"Columbus, OH",Franklin County
76575,43206,OH,202011,1174.34,-0.0102,0.0872,Columbus,"Columbus, OH",Franklin County
76575,43206,OH,202012,1155.58,-0.016,0.0572,Columbus,"Columbus, OH",Franklin County
76575,43206,OH,202101,1169.62,0.0121,0.0508,Columbus,"Columbus, OH",Franklin County
76575,43206,OH,202102,1203.82,0.0292,0.0768,Columbus,"Columbus, OH",Franklin County
76575,43206,OH,202103,1258.44,0.0454,0.1208,Columbus,"Columbus, OH",Franklin County
76575,43206,OH,202104,1264.43,0.0048,0.1178,Columbus,"Columbus, OH",Franklin County
76575,43206,OH,202105,1275.75,0.009,0.1073,Columbus,"Columbus, OH",Franklin County
76575,43206,OH,202106,1276.34,0.0005,0.1082,Columbus,"Columbus, OH",Franklin County
76575,43206,OH,202107,1277.18,0.0007,0.1117,Columbus,"Columbus, OH",Franklin County
76575,43206,OH,202108,1291.16,0.0109,0.1176,Columbus,"Columbus, OH",Franklin County
76575,43206,OH,202109,1300.24,0.007,0.1104,Columbus,"Columbus, OH",Franklin County
76575,43206,OH,202110,1305.04,0.0037,0.0999,Columbus,"Columbus, OH",Franklin County
76575,43206,OH,202111,1290.29,-0.0113,0.0987,Columbus,"Columbus, OH",Franklin County
76575,43206,OH,202112,1288.36,-0.0015,0.1149,Columbus,"Columbus, OH",Franklin County
76575,43206,OH,202201,1314.53,0.0203,0.1239,Columbus,"Columbus, OH",Franklin County
76575,43206,OH,202202,1339.91,0.0193,0.113,Columbus,"Columbus, OH",Franklin County
76575,43206,OH,202203,1375.54,0.0266,0.093,Columbus,"Columbus, OH",Franklin County
76575,43206,OH,202204,1392.44,0.0123,0.1012,Columbus,"Columbus, OH",Franklin County
76575,43206,OH,202205,1405.8,0.0096,0.1019,Columbus,"Columbus, OH",Franklin County
76575,43206,OH,202206,1420.19,0.0102,0.1127,Columbus,"Columbus, OH",Franklin County
76575,43206,OH,202207,1433.79,0.0096,0.1226,Columbus,"Columbus, OH",Franklin County
76575,43206,OH,202208,1439.8,0.0042,0.1151,Columbus,"Columbus, OH",Franklin County
76575,43206,OH,202209,1431.01,-0.0061,0.1006,Columbus,"Columbus, OH",Franklin County
76575,43206,OH,202210,1445.84,0.0104,0.1079,Columbus,"Columbus, OH",Franklin County
76575,43206,OH,202211,1452.37,0.0045,0.1256,Columbus,"Columbus, OH",Franklin County
76575,43206,OH,202212,1447.0,-0.0037,0.1231,Columbus,"Columbus, OH",Franklin County
76575,43206,OH,202301,1420.8,-0.0181,0.0809,Columbus,"Columbus, OH",Franklin County
76575,43206,OH,202302,1427.36,0.0046,0.0653,Columbus,"Columbus, OH",Franklin County
76575,43206,OH,202303,1451.94,0.0172,0.0555,Columbus,"Columbus, OH",Franklin County
76575,43206,OH,202304,1469.54,0.0121,0.0554,Columbus,"Columbus, OH",Franklin County
76575,43206,OH,202305,1485.17,0.0106,0.0565,Columbus,"Columbus, OH",Franklin County
76575,43206,OH,202306,1499.96,0.01,0.0562,Columbus,"Columbus, OH",Franklin County
76575,43206,OH,202307,1515.5,0.0104,0.057,Columbus,"Columbus, OH",Franklin County
76575,43206,OH,202308,1511.9,-0.0024,0.0501,Columbus,"Columbus, OH",Franklin County
76575,43206,OH,202309,1505.71,-0.0041,0.0522,Columbus,"Columbus, OH",Franklin County
76575,43206,OH,202310,1514.46,0.0058,0.0475,Columbus,"Columbus, OH",Franklin County
76575,43206,OH,202311,1523.35,0.0059,0.0489,Columbus,"Columbus, OH",Franklin County
76575,43206,OH,202312,1527.49,0.0027,0.0556,Columbus,"Columbus, OH",Franklin County
76575,43206,OH,202401,1518.27,-0.006,0.0686,Columbus,"Columbus, OH",Franklin County
76575,43206,OH,202402,1527.21,0.0059,0.07,Columbus,"Columbus, OH",Franklin County
76575,43206,OH,202403,1530.19,0.002,0.0539,Columbus,"Columbus, OH",Franklin County
76575,43206,OH,202404,1555.29,0.0164,0.0584,Columbus,"Columbus, OH",Franklin County
76575,43206,OH,202405,1556.94,0.0011,0.0483,Columbus,"Columbus, OH",Franklin County
76575,43206,OH,202406,1572.82,0.0102,0.0486,Columbus,"Columbus, OH",Franklin County
76575,43206,OH,202407,1573.63,0.0005,0.0384,Columbus,"Columbus, OH",Franklin County
76575,43206,OH,202408,1588.22,0.0093,0.0505,Columbus,"Columbus, OH",Franklin County
76575,43206,OH,202409,1600.28,0.0076,0.0628,Columbus,"Columbus, OH",Franklin County
76575,43206,OH,202410,1599.06,-0.0008,0.0559,Columbus,"Columbus, OH",Franklin County
76575,43206,OH,202411,1595.42,-0.0023,0.0473,Columbus,"Columbus, OH",Franklin County
76575,43206,OH,202412,1602.73,0.0046,0.0493,Columbus,"Columbus, OH",Franklin County
76575,43206,OH,202501,1603.65,0.0006,0.0562,Columbus,"Columbus, OH",Franklin County
76575,43206,OH,202502,1616.32,0.0079,0.0583,Columbus,"Columbus, OH",Franklin County
76575,43206,OH,202503,1607.18,-0.0057,0.0503,Columbus,"Columbus, OH",Franklin County
76575,43206,OH,202504,1615.67,0.0053,0.0388,Columbus,"Columbus, OH",Franklin County
76575,43206,OH,202505,1619.71,0.0025,0.0403,Columbus,"Columbus, OH",Franklin County
76575,43206,OH,202506,1634.64,0.0092,0.0393,Columbus,"Columbus, OH",Franklin County
76575,43206,OH,202507,1655.39,0.0127,0.052,Columbus,"Columbus, OH",Franklin County
76575,43206,OH,202508,1651.07,-0.0026,0.0396,Columbus,"Columbus, OH",Franklin County
76575,43206,OH,202509,1648.7,-0.0014,0.0303,Columbus,"Columbus, OH",Franklin County
76575,43206,OH,202510,1664.78,0.0098,0.0411,Columbus,"Columbus, OH",Franklin County
76575,43206,OH,202511,1680.5,0.0094,0.0533,Columbus,"Columbus, OH",Franklin County
76575,43206,OH,202512,1705.69,0.015,0.0642,Columbus,"Columbus, OH",Franklin County
76575,43206,OH,202601,1695.88,-0.0058,0.0575,Columbus,"Columbus, OH",Franklin County
76575,43206,OH,202602,1674.29,-0.0127,0.0359,Columbus,"Columbus, OH",Franklin County
76575,43206,OH,202603,1658.44,-0.0095,0.0319,Columbus,"Columbus, OH",Franklin County
76575,43206,OH,202604,1668.98,0.0064,0.033,Columbus,"Columbus, OH",Franklin County
76575,43206,OH,202605,1697.92,0.0173,0.0483,Columbus,"Columbus, OH",Franklin County
76575,43206,OH,202606,1712.24,0.0084,0.0475,Columbus,"Columbus, OH",Franklin County
76575,43206,OH,202607,1714.99,0.0016,0.036,Columbus,"Columbus, OH",Franklin County
76575,43206,OH,202608,1729.42,0.0084,0.0475,Columbus,"Columbus, OH",Franklin County
76576,43207,OH,201709,731.16,,,Columbus,"Columbus, OH",Franklin County
76576,43207,OH,201710,719.28,-0.0162,,Columbus,"Columbus, OH",Franklin County
76576,43207,OH,201711,721.26,0.0028,,Columbus,"Columbus, OH",Franklin County
76576,43207,OH,201712,735.92,0.0203,,Columbus,"Columbus, OH",Franklin County
76576,43207,OH,201801,747.69,0.016,,Columbus,"Columbus, OH",Franklin County
76576,43207,OH,201802,763.83,0.0216,,Columbus,"Columbus, OH",Franklin County
76576,43207,OH,201803,766.56,0.0036,,Columbus,"Columbus, OH",Franklin County
76576,43207,OH,201804,765.44,-0.0015,,Columbus,"Columbus, OH",Franklin County
76576,43207,OH,201805,770.91,0.0072,,Columbus,"Columbus, OH",Franklin County
76576,43207,OH,201806,786.93,0.0208,,Columbus,"Columbus, OH",Franklin County
76576,43207,OH,201807,801.16,0.0181,,Columbus,"Columbus, OH",Franklin County
76576,43207,OH,201808,796.32,-0.006,,Columbus,"Columbus, OH",Franklin County
76576,43207,OH,201809,785.5,-0.0136,0.0743,Columbus,"Columbus, OH",Franklin County
76576,43207,OH,201810,777.94,-0.0096,0.0816,Columbus,"Columbus, OH",Franklin County
76576,43207,OH,201811,781.07,0.004,0.0829,Columbus,"Columbus, OH",Franklin County
76576,43207,OH,201812,780.56,-0.0007,0.0607,Columbus,"Columbus, OH",Franklin County
76576,43207,OH,201901,780.59,0.0,0.044,Columbus,"Columbus, OH",Franklin County
76576,43207,OH,201902,776.41,-0.0053,0.0165,Columbus,"Columbus, OH",Franklin County
76576,43207,OH,201903,780.97,0.0059,0.0188,Columbus,"Columbus, OH",Franklin County
76576,43207,OH,201904,800.92,0.0255,0.0464,Columbus,"Columbus, OH",Franklin County
76576,43207,OH,201905,815.66,0.0184,0.0581,Columbus,"Columbus, OH",Franklin County
76576,43207,OH,201906,831.03,0.0188,0.056,Columbus,"Columbus, OH",Franklin County
76576,43207,OH,201907,833.92,0.0035,0.0409,Columbus,"Columbus, OH",Franklin County
76576,43207,OH,201908,830.88,-0.0036,0.0434,Columbus,"Columbus, OH",Franklin County
76576,43207,OH,201909,833.59,0.0033,0.0612,Columbus,"Columbus, OH",Franklin County
76576,43207,OH,201910,837.91,0.0052,0.0771,Columbus,"Columbus, OH",Franklin County
76576,43207,OH,201911,835.89,-0.0024,0.0702,Columbus,"Columbus, OH",Franklin County
76576,43207,OH,201912,835.36,-0.0006,0.0702,Columbus,"Columbus, OH",Franklin County
76576,43207,OH,202001,830.43,-0.0059,0.0638,Columbus,"Columbus, OH",Franklin County
76576,43207,OH,202002,833.52,0.0037,0.0736,Columbus,"Columbus, OH",Franklin County
76576,43207,OH,202003,846.97,0.0161,0.0845,Columbus,"Columbus, OH",Franklin County
76576,43207,OH,202004,861.73,0.0174,0.0759,Columbus,"Columbus, OH",Franklin County
76576,43207,OH,202005,884.89,0.0269,0.0849,Columbus,"Columbus, OH",Franklin County
76576,43207,OH,202006,900.84,0.018,0.084,Columbus,"Columbus, OH",Franklin County
76576,43207,OH,202007,911.82,0.0122,0.0934,Columbus,"Columbus, OH",Franklin County
76576,43207,OH,202008,927.13,0.0168,0.1158,Columbus,"Columbus, OH",Franklin County
76576,43207,OH,202009,918.67,-0.0091,0.1021,Columbus,"Columbus, OH",Franklin County
76576,43207,OH,202010,916.33,-0.0026,0.0936,Columbus,"Columbus, OH",Franklin County
76576,43207,OH,202011,914.78,-0.0017,0.0944,Columbus,"Columbus, OH",Franklin County
76576,43207,OH,202012,899.39,-0.0168,0.0767,Columbus,"Columbus, OH",Franklin County
76576,43207,OH,202101,910.01,0.0118,0.0958,Columbus,"Columbus, OH",Franklin County
76576,43207,OH,202102,916.58,0.0072,0.0997,Columbus,"Columbus, OH",Franklin County
76576,43207,OH,202103,944.51,0.0305,0.1152,Columbus,"Columbus, OH",Franklin County
76576,43207,OH,202104,960.0,0.0164,0.114,Columbus,"Columbus, OH",Franklin County
76576,43207,OH,202105,960.17,0.0002,0.0851,Columbus,"Columbus, OH",Franklin County
76576,43207,OH,202106,962.94,0.0029,0.0689,Columbus,"Columbus, OH",Franklin County
76576,43207,OH,202107,967.61,0.0049,0.0612,Columbus,"Columbus, OH",Franklin County
76576,43207,OH,202108,976.58,0.0093,0.0533,Columbus,"Columbus, OH",Franklin County
76576,43207,OH,202109,987.69,0.0114,0.0751,Columbus,"Columbus, OH",Franklin County
76576,43207,OH,202110,994.14,0.0065,0.0849,Columbus,"Columbus, OH",Franklin County
76576,43207,OH,202111,1012.05,0.018,0.1063,Columbus,"Columbus, OH",Franklin County
76576,43207,OH,202112,1020.69,0.0085,0.1349,Columbus,"Columbus, OH",Franklin County
76576,43207,OH,202201,1019.91,-0.0008,0.1208,Columbus,"Columbus, OH",Franklin County
76576,43207,OH,202202,1022.14,0.0022,0.1152,Columbus,"Columbus, OH",Franklin County
76576,43207,OH,202203,1029.26,0.007,0.0897,Columbus,"Columbus, OH",Franklin County
76576,43207,OH,202204,1044.44,0.0147,0.088,Columbus,"Columbus, OH",Franklin County
76576,43207,OH,202205,1056.09,0.0112,0.0999,Columbus,"Columbus, OH",Franklin County
76576,43207,OH,202206,1067.2,0.0105,0.1083,Columbus,"Columbus, OH",Franklin County
76576,43207,OH,202207,1066.55,-0.0006,0.1023,Columbus,"Columbus, OH",Franklin County
76576,43207,OH,202208,1074.6,0.0075,0.1004,Columbus,"Columbus, OH",Franklin County
76576,43207,OH,202209,1080.52,0.0055,0.094,Columbus,"Columbus, OH",Franklin County
76576,43207,OH,202210,1081.71,0.0011,0.0881,Columbus,"Columbus, OH",Franklin County
76576,43207,OH,202211,1079.26,-0.0023,0.0664,Columbus,"Columbus, OH",Franklin County
76576,43207,OH,202212,1071.88,-0.0068,0.0501,Columbus,"Columbus, OH",Franklin County
76576,43207,OH,202301,1087.92,0.015,0.0667,Columbus,"Columbus, OH",Franklin County
76576,43207,OH,202302,1083.53,-0.004,0.0601,Columbus,"Columbus, OH",Franklin County
76576,43207,OH,202303,1095.28,0.0108,0.0641,Columbus,"Columbus, OH",Franklin County
76576,43207,OH,202304,1097.23,0.0018,0.0505,Columbus,"Columbus, OH",Franklin County
76576,43207,OH,202305,1109.82,0.0115,0.0509,Columbus,"Columbus, OH",Franklin County
76576,43207,OH,202306,1112.02,0.002,0.042,Columbus,"Columbus, OH",Franklin County
76576,43207,OH,202307,1109.56,-0.0022,0.0403,Columbus,"Columbus, OH",Franklin County
76576,43207,OH,202308,1122.29,0.0115,0.0444,Columbus,"Columbus, OH",Franklin County
76576,43207,OH,202309,1127.01,0.0042,0.043,Columbus,"Columbus, OH",Franklin County
76576,43207,OH,202310,1135.92,0.0079,0.0501,Columbus,"Columbus, OH",Franklin County
76576,43207,OH,202311,1124.85,-0.0097,0.0422,Columbus,"Columbus, OH",Franklin County
76576,43207,OH,202312,1124.32,-0.0005,0.0489,Columbus,"Columbus, OH",Franklin County
76576,43207,OH,202401,1127.42,0.0028,0.0363,Columbus,"Columbus, OH",Franklin County
76576,43207,OH,202402,1135.83,0.0075,0.0483,Columbus,"Columbus, OH",Franklin County
76576,43207,OH,202403,1145.68,0.0087,0.046,Columbus,"Columbus, OH",Franklin County
76576,43207,OH,202404,1157.11,0.01,0.0546,Columbus,"Columbus, OH",Franklin County
76576,43207,OH,202405,1166.68,0.0083,0.0512,Columbus,"Columbus, OH",Franklin County
76576,43207,OH,202406,1185.05,0.0157,0.0657,Columbus,"Columbus, OH",Franklin County
76576,43207,OH,202407,1187.47,0.002,0.0702,Columbus,"Columbus, OH",Franklin County
76576,43207,OH,202408,1186.72,-0.0006,0.0574,Columbus,"Columbus, OH",Franklin County
76576,43207,OH,202409,1184.56,-0.0018,0.0511,Columbus,"Columbus, OH",Franklin County
76576,43207,OH,202410,1199.39,0.0125,0.0559,Columbus,"Columbus, OH",Franklin County
76576,43207,OH,202411,1209.95,0.0088,0.0757,Columbus,"Columbus, OH",Franklin County
76576,43207,OH,202412,1205.76,-0.0035,0.0724,Columbus,"Columbus, OH",Franklin County
76576,43207,OH,202501,1196.73,-0.0075,0.0615,Columbus,"Columbus, OH",Franklin County
76576,43207,OH,202502,1210.87,0.0118,0.0661,Columbus,"Columbus, OH",Franklin County
76576,43207,OH,202503,1222.72,0.0098,0.0672,Columbus,"Columbus, OH",Franklin County
76576,43207,OH,202504,1243.39,0.0169,0.0746,Columbus,"Columbus, OH",Franklin County
76576,43207,OH,202505,1252.41,0.0073,0.0735,Columbus,"Columbus, OH",Franklin County
76576,43207,OH,202506,1265.26,0.0103,0.0677,Columbus,"Columbus, OH",Franklin County
76576,43207,OH,202507,1260.78,-0.0035,0.0617,Columbus,"Columbus, OH",Franklin County
76576,43207,OH,202508,1246.56,-0.0113,0.0504,Columbus,"Columbus, OH",Franklin County
76576,43207,OH,202509,1241.9,-0.0037,0.0484,Columbus,"Columbus, OH",Franklin County
76576,43207,OH,202510,1238.82,-0.0025,0.0329,Columbus,"Columbus, OH",Franklin County
76576,43207,OH,202511,1242.01,0.0026,0.0265,Columbus,"Columbus, OH",Franklin County
76576,43207,OH,202512,1246.45,0.0036,0.0337,Columbus,"Columbus, OH",Franklin County
76576,43207,OH,202601,1253.2,0.0054,0.0472,Columbus,"Columbus, OH",Franklin County
76576,43207,OH,202602,1254.48,0.001,0.036,Columbus,"Columbus, OH",Franklin County
76576,43207,OH,202603,1256.09,0.0013,0.0273,Columbus,"Columbus, OH",Franklin County
76576,43207,OH,202604,1251.09,-0.004,0.0062,Columbus,"Columbus, OH",Franklin County
76576,43207,OH,202605,1260.93,0.0079,0.0068,Columbus,"Columbus, OH",Franklin County
76576,43207,OH,202606,1269.16,0.0065,0.0031,Columbus,"Columbus, OH",Franklin County
76576,43207,OH,202607,1291.53,0.0176,0.0244,Columbus,"Columbus, OH",Franklin County
76576,43207,OH,202608,1297.79,0.0048,0.0411,Columbus,"Columbus, OH",Franklin County
76577,43209,OH,202501,1276.67,,,Bexley,"Columbus, OH",Franklin County
76577,43209,OH,202502,1262.02,-0.0115,,Bexley,"Columbus, OH",Franklin County
76577,43209,OH,202503,1265.43,0.0027,,Bexley,"Columbus, OH",Franklin County
76577,43209,OH,202504,1264.03,-0.0011,,Bexley,"Columbus, OH",Franklin County
76577,43209,OH,202505,1290.49,0.0209,,Bexley,"Columbus, OH",Franklin County
76577,43209,OH,202506,1310.1,0.0152,,Bexley,"Columbus, OH",Franklin County
76577,43209,OH,202507,1311.78,0.0013,,Bexley,"Columbus, OH",Franklin County
76577,43209,OH,202508,1277.85,-0.0259,,Bexley,"Columbus, OH",Franklin County
76577,43209,OH,202509,1287.84,0.0078,,Bexley,"Columbus, OH",Franklin County
76577,43209,OH,202510,1322.88,0.0272,,Bexley,"Columbus, OH",Franklin County
76577,43209,OH,202511,1363.82,0.0309,,Bexley,"Columbus, OH",Franklin County
76577,43209,OH,202512,1306.64,-0.0419,,Bexley,"Columbus, OH",Franklin County
76577,43209,OH,202601,1264.63,-0.0322,-0.0094,Bexley,"Columbus, OH",Franklin County
76577,43209,OH,202602,1297.76,0.0262,0.0283,Bexley,"Columbus, OH",Franklin County
76577,43209,OH,202603,1366.37,0.0529,0.0798,Bexley,"Columbus, OH",Franklin County
76577,43209,OH,202604,1392.97,0.0195,0.102,Bexley,"Columbus, OH",Franklin County
76577,43209,OH,202605,1346.17,-0.0336,0.0431,Bexley,"Columbus, OH",Franklin County
76577,43209,OH,202606,1323.16,-0.0171,0.01,Bexley,"Columbus, OH",Franklin County
76577,43209,OH,202607,1317.91,-0.004,0.0047,Bexley,"Columbus, OH",Franklin County
76577,43209,OH,202608,1338.13,0.0153,0.0472,Bexley,"Columbus, OH",Franklin County
76579,43211,OH,202103,867.29,,,Columbus,"Columbus, OH",Franklin County
76579,43211,OH,202104,890.71,0.027,,Columbus,"Columbus, OH",Franklin County
76579,43211,OH,202105,906.58,0.0178,,Columbus,"Columbus, OH",Franklin County
76579,43211,OH,202106,917.06,0.0116,,Columbus,"Columbus, OH",Franklin County
76579,43211,OH,202107,912.6,-0.0049,,Columbus,"Columbus, OH",Franklin County
76579,43211,OH,202108,924.06,0.0126,,Columbus,"Columbus, OH",Franklin County
76579,43211,OH,202109,938.18,0.0153,,Columbus,"Columbus, OH",Franklin County
76579,43211,OH,202110,960.99,0.0243,,Columbus,"Columbus, OH",Franklin County
76579,43211,OH,202111,975.65,0.0153,,Columbus,"Columbus, OH",Franklin County
76579,43211,OH,202112,982.02,0.0065,,Columbus,"Columbus, OH",Franklin County
76579,43211,OH,202201,972.76,-0.0094,,Columbus,"Columbus, OH",Franklin County
76579,43211,OH,202202,976.88,0.0042,,Columbus,"Columbus, OH",Franklin County
76579,43211,OH,202203,991.66,0.0151,0.1434,Columbus,"Columbus, OH",Franklin County
76579,43211,OH,202204,995.62,0.004,0.1178,Columbus,"Columbus, OH",Franklin County
76579,43211,OH,202205,998.81,0.0032,0.1017,Columbus,"Columbus, OH",Franklin County
76579,43211,OH,202206,997.65,-0.0012,0.0879,Columbus,"Columbus, OH",Franklin County
76579,43211,OH,202207,1016.78,0.0192,0.1141,Columbus,"Columbus, OH",Franklin County
76579,43211,OH,202208,1035.43,0.0184,0.1205,Columbus,"Columbus, OH",Franklin County
76579,43211,OH,202209,1037.07,0.0016,0.1054,Columbus,"Columbus, OH",Franklin County
76579,43211,OH,202210,1038.3,0.0012,0.0804,Columbus,"Columbus, OH",Franklin County
76579,43211,OH,202211,1033.93,-0.0042,0.0597,Columbus,"Columbus, OH",Franklin County
76579,43211,OH,202212,1049.74,0.0153,0.069,Columbus,"Columbus, OH",Franklin County
76579,43211,OH,202301,1067.05,0.0165,0.0969,Columbus,"Columbus, OH",Franklin County
76579,43211,OH,202302,1072.46,0.0051,0.0978,Columbus,"Columbus, OH",Franklin County
76579,43211,OH,202303,1067.59,-0.0045,0.0766,Columbus,"Columbus, OH",Franklin County
76579,43211,OH,202304,1067.16,-0.0004,0.0718,Columbus,"Columbus, OH",Franklin County
76579,43211,OH,202305,1076.61,0.0089,0.0779,Columbus,"Columbus, OH",Franklin County
76579,43211,OH,202306,1078.39,0.0017,0.0809,Columbus,"Columbus, OH",Franklin County
76579,43211,OH,202307,1087.06,0.008,0.0691,Columbus,"Columbus, OH",Franklin County
76579,43211,OH,202308,1092.63,0.0051,0.0552,Columbus,"Columbus, OH",Franklin County
76579,43211,OH,202309,1119.81,0.0249,0.0798,Columbus,"Columbus, OH",Franklin County
76579,43211,OH,202310,1119.34,-0.0004,0.0781,Columbus,"Columbus, OH",Franklin County
76579,43211,OH,202311,1121.49,0.0019,0.0847,Columbus,"Columbus, OH",Franklin County
76579,43211,OH,202312,1122.08,0.0005,0.0689,Columbus,"Columbus, OH",Franklin County
76579,43211,OH,202401,1122.32,0.0002,0.0518,Columbus,"Columbus, OH",Franklin County
76579,43211,OH,202402,1137.93,0.0139,0.061,Columbus,"Columbus, OH",Franklin County
76579,43211,OH,202403,1155.33,0.0153,0.0822,Columbus,"Columbus, OH",Franklin County
76579,43211,OH,202404,1168.89,0.0117,0.0953,Columbus,"Columbus, OH",Franklin County
76579,43211,OH,202405,1182.46,0.0116,0.0983,Columbus,"Columbus, OH",Franklin County
76579,43211,OH,202406,1186.51,0.0034,0.1003,Columbus,"Columbus, OH",Franklin County
76579,43211,OH,202407,1207.82,0.018,0.1111,Columbus,"Columbus, OH",Franklin County
76579,43211,OH,202408,1207.89,0.0001,0.1055,Columbus,"Columbus, OH",Franklin County
76579,43211,OH,202409,1200.37,-0.0062,0.0719,Columbus,"Columbus, OH",Franklin County
76579,43211,OH,202410,1199.72,-0.0005,0.0718,Columbus,"Columbus, OH",Franklin County
76579,43211,OH,202411,1207.37,0.0064,0.0766,Columbus,"Columbus, OH",Franklin County
76579,43211,OH,202412,1215.42,0.0067,0.0832,Columbus,"Columbus, OH",Franklin County
76579,43211,OH,202501,1216.02,0.0005,0.0835,Columbus,"Columbus, OH",Franklin County
76579,43211,OH,202502,1200.81,-0.0125,0.0553,Columbus,"Columbus, OH",Franklin County
76579,43211,OH,202503,1209.04,0.0069,0.0465,Columbus,"Columbus, OH",Franklin County
76579,43211,OH,202504,1217.76,0.0072,0.0418,Columbus,"Columbus, OH",Franklin County
76579,43211,OH,202505,1238.87,0.0173,0.0477,Columbus,"Columbus, OH",Franklin County
76579,43211,OH,202506,1249.46,0.0085,0.0531,Columbus,"Columbus, OH",Franklin County
76579,43211,OH,202507,1248.76,-0.0006,0.0339,Columbus,"Columbus, OH",Franklin County
76579,43211,OH,202508,1260.98,0.0098,0.0439,Columbus,"Columbus, OH",Franklin County
76579,43211,OH,202509,1263.78,0.0022,0.0528,Columbus,"Columbus, OH",Franklin County
76579,43211,OH,202510,1276.13,0.0098,0.0637,Columbus,"Columbus, OH",Franklin County
76579,43211,OH,202511,1256.65,-0.0153,0.0408,Columbus,"Columbus, OH",Franklin County
76579,43211,OH,202512,1244.34,-0.0098,0.0238,Columbus,"Columbus, OH",Franklin County
76579,43211,OH,202601,1222.86,-0.0173,0.0056,Columbus,"Columbus, OH",Franklin County
76579,43211,OH,202602,1232.91,0.0082,0.0267,Columbus,"Columbus, OH",Franklin County
76579,43211,OH,202603,1248.25,0.0124,0.0324,Columbus,"Columbus, OH",Franklin County
76579,43211,OH,202604,1269.16,0.0168,0.0422,Columbus,"Columbus, OH",Franklin County
76579,43211,OH,202605,1297.49,0.0223,0.0473,Columbus,"Columbus, OH",Franklin County
76579,43211,OH,202606,1305.39,0.0061,0.0448,Columbus,"Columbus, OH",Franklin County
76579,43211,OH,202607,1310.83,0.0042,0.0497,Columbus,"Columbus, OH",Franklin County
76579,43211,OH,202608,1288.55,-0.017,0.0219,Columbus,"Columbus, OH",Franklin County
76580,43212,OH,201801,1068.97,,,Columbus,"Columbus, OH",Franklin County
76580,43212,OH,201802,1071.5,0.0024,,Columbus,"Columbus, OH",Franklin County
76580,43212,OH,201803,1076.69,0.0048,,Columbus,"Columbus, OH",Franklin County
76580,43212,OH,201804,1084.59,0.0073,,Columbus,"Columbus, OH",Franklin County
76580,43212,OH,201805,1095.45,0.01,,Columbus,"Columbus, OH",Franklin County
76580,43212,OH,201806,1107.25,0.0108,,Columbus,"Columbus, OH",Franklin County
76580,43212,OH,201807,1111.31,0.0037,,Columbus,"Columbus, OH",Franklin County
76580,43212,OH,201808,1108.39,-0.0026,,Columbus,"Columbus, OH",Franklin County
76580,43212,OH,201809,1095.89,-0.0113,,Columbus,"Columbus, OH",Franklin County
76580,43212,OH,201810,1083.67,-0.0112,,Columbus,"Columbus, OH",Franklin County
76580,43212,OH,201811,1075.57,-0.0075,,Columbus,"Columbus, OH",Franklin County
76580,43212,OH,201812,1100.68,0.0233,,Columbus,"Columbus, OH",Franklin County
76580,43212,OH,201901,1100.5,-0.0002,0.0295,Columbus,"Columbus, OH",Franklin County
76580,43212,OH,201902,1112.42,0.0108,0.0382,Columbus,"Columbus, OH",Franklin County
76580,43212,OH,201903,1106.71,-0.0051,0.0279,Columbus,"Columbus, OH",Franklin County
76580,43212,OH,201904,1126.53,0.0179,0.0387,Columbus,"Columbus, OH",Franklin County
76580,43212,OH,201905,1127.02,0.0004,0.0288,Columbus,"Columbus, OH",Franklin County
76580,43212,OH,201906,1127.17,0.0001,0.018,Columbus,"Columbus, OH",Franklin County
76580,43212,OH,201907,1136.49,0.0083,0.0227,Columbus,"Columbus, OH",Franklin County
76580,43212,OH,201908,1136.32,-0.0001,0.0252,Columbus,"Columbus, OH",Franklin County
76580,43212,OH,201909,1118.86,-0.0154,0.021,Columbus,"Columbus, OH",Franklin County
76580,43212,OH,201910,1097.12,-0.0194,0.0124,Columbus,"Columbus, OH",Franklin County
76580,43212,OH,201911,1092.71,-0.004,0.0159,Columbus,"Columbus, OH",Franklin County
76580,43212,OH,201912,1113.06,0.0186,0.0113,Columbus,"Columbus, OH",Franklin County
76580,43212,OH,202001,1104.77,-0.0075,0.0039,Columbus,"Columbus, OH",Franklin County
76580,43212,OH,202002,1108.04,0.003,-0.0039,Columbus,"Columbus, OH",Franklin County
76580,43212,OH,202003,1116.4,0.0075,0.0088,Columbus,"Columbus, OH",Franklin County
76580,43212,OH,202004,1144.94,0.0256,0.0163,Columbus,"Columbus, OH",Franklin County
76580,43212,OH,202005,1160.18,0.0133,0.0294,Columbus,"Columbus, OH",Franklin County
76580,43212,OH,202006,1161.32,0.001,0.0303,Columbus,"Columbus, OH",Franklin County
76580,43212,OH,202007,1159.36,-0.0017,0.0201,Columbus,"Columbus, OH",Franklin County
76580,43212,OH,202008,1160.02,0.0006,0.0209,Columbus,"Columbus, OH",Franklin County
76580,43212,OH,202009,1142.95,-0.0147,0.0215,Columbus,"Columbus, OH",Franklin County
76580,43212,OH,202010,1156.27,0.0117,0.0539,Columbus,"Columbus, OH",Franklin County
76580,43212,OH,202011,1148.58,-0.0066,0.0511,Columbus,"Columbus, OH",Franklin County
76580,43212,OH,202012,1151.69,0.0027,0.0347,Columbus,"Columbus, OH",Franklin County
76580,43212,OH,202101,1148.23,-0.003,0.0393,Columbus,"Columbus, OH",Franklin County
76580,43212,OH,202102,1157.2,0.0078,0.0444,Columbus,"Columbus, OH",Franklin County
76580,43212,OH,202103,1177.63,0.0177,0.0548,Columbus,"Columbus, OH",Franklin County
76580,43212,OH,202104,1181.75,0.0035,0.0321,Columbus,"Columbus, OH",Franklin County
76580,43212,OH,202105,1200.62,0.016,0.0349,Columbus,"Columbus, OH",Franklin County
76580,43212,OH,202106,1216.62,0.0133,0.0476,Columbus,"Columbus, OH",Franklin County
76580,43212,OH,202107,1238.13,0.0177,0.0679,Columbus,"Columbus, OH",Franklin County
76580,43212,OH,202108,1234.3,-0.0031,0.064,Columbus,"Columbus, OH",Franklin County
76580,43212,OH,202109,1229.7,-0.0037,0.0759,Columbus,"Columbus, OH",Franklin County
76580,43212,OH,202110,1234.5,0.0039,0.0677,Columbus,"Columbus, OH",Franklin County
76580,43212,OH,202111,1240.07,0.0045,0.0797,Columbus,"Columbus, OH",Franklin County
76580,43212,OH,202112,1263.46,0.0189,0.0971,Columbus,"Columbus, OH",Franklin County
76580,43212,OH,202201,1260.33,-0.0025,0.0976,Columbus,"Columbus, OH",Franklin County
76580,43212,OH,202202,1267.19,0.0054,0.095,Columbus,"Columbus, OH",Franklin County
76580,43212,OH,202203,1248.32,-0.0149,0.06,Columbus,"Columbus, OH",Franklin County
76580,43212,OH,202204,1250.88,0.002,0.0585,Columbus,"Columbus, OH",Franklin County
76580,43212,OH,202205,1274.57,0.0189,0.0616,Columbus,"Columbus, OH",Franklin County
76580,43212,OH,202206,1300.02,0.02,0.0686,Columbus,"Columbus, OH",Franklin County
76580,43212,OH,202207,1321.59,0.0166,0.0674,Columbus,"Columbus, OH",Franklin County
76580,43212,OH,202208,1328.85,0.0055,0.0766,Columbus,"Columbus, OH",Franklin County
76580,43212,OH,202209,1334.58,0.0043,0.0853,Columbus,"Columbus, OH",Franklin County
76580,43212,OH,202210,1332.82,-0.0013,0.0796,Columbus,"Columbus, OH",Franklin County
76580,43212,OH,202211,1338.21,0.004,0.0791,Columbus,"Columbus, OH",Franklin County
76580,43212,OH,202212,1343.19,0.0037,0.0631,Columbus,"Columbus, OH",Franklin County
76580,43212,OH,202301,1345.26,0.0015,0.0674,Columbus,"Columbus, OH",Franklin County
76580,43212,OH,202302,1334.06,-0.0083,0.0528,Columbus,"Columbus, OH",Franklin County
76580,43212,OH,202303,1337.41,0.0025,0.0714,Columbus,"Columbus, OH",Franklin County
76580,43212,OH,202304,1353.98,0.0124,0.0824,Columbus,"Columbus, OH",Franklin County
76580,43212,OH,202305,1371.59,0.013,0.0761,Columbus,"Columbus, OH",Franklin County
76580,43212,OH,202306,1375.31,0.0027,0.0579,Columbus,"Columbus, OH",Franklin County
76580,43212,OH,202307,1371.02,-0.0031,0.0374,Columbus,"Columbus, OH",Franklin County
76580,43212,OH,202308,1393.33,0.0163,0.0485,Columbus,"Columbus, OH",Franklin County
76580,43212,OH,202309,1405.22,0.0085,0.0529,Columbus,"Columbus, OH",Franklin County
76580,43212,OH,202310,1405.5,0.0002,0.0545,Columbus,"Columbus, OH",Franklin County
76580,43212,OH,202311,1371.14,-0.0244,0.0246,Columbus,"Columbus, OH",Franklin County
76580,43212,OH,202312,1358.02,-0.0096,0.011,Columbus,"Columbus, OH",Franklin County
76580,43212,OH,202401,1358.07,0.0,0.0095,Columbus,"Columbus, OH",Franklin County
76580,43212,OH,202402,1374.24,0.0119,0.0301,Columbus,"Columbus, OH",Franklin County
76580,43212,OH,202403,1376.73,0.0018,0.0294,Columbus,"Columbus, OH",Franklin County
76580,43212,OH,202404,1394.71,0.0131,0.0301,Columbus,"Columbus, OH",Franklin County
76580,43212,OH,202405,1411.6,0.0121,0.0292,Columbus,"Columbus, OH",Franklin County
76580,43212,OH,202406,1427.11,0.011,0.0377,Columbus,"Columbus, OH",Franklin County
76580,43212,OH,202407,1412.97,-0.0099,0.0306,Columbus,"Columbus, OH",Franklin County
76580,43212,OH,202408,1404.48,-0.006,0.008,Columbus,"Columbus, OH",Franklin County
76580,43212,OH,202409,1413.2,0.0062,0.0057,Columbus,"Columbus, OH",Franklin County
76580,43212,OH,202410,1412.51,-0.0005,0.005,Columbus,"Columbus, OH",Franklin County
76580,43212,OH,202411,1390.56,-0.0155,0.0142,Columbus,"Columbus, OH",Franklin County
76580,43212,OH,202412,1386.07,-0.0032,0.0207,Columbus,"Columbus, OH",Franklin County
76580,43212,OH,202501,1422.33,0.0262,0.0473,Columbus,"Columbus, OH",Franklin County
76580,43212,OH,202502,1462.19,0.028,0.064,Columbus,"Columbus, OH",Franklin County
76580,43212,OH,202503,1470.15,0.0054,0.0679,Columbus,"Columbus, OH",Franklin County
76580,43212,OH,202504,1464.45,-0.0039,0.05,Columbus,"Columbus, OH",Franklin County
76580,43212,OH,202505,1467.89,0.0023,0.0399,Columbus,"Columbus, OH",Franklin County
76580,43212,OH,202506,1479.05,0.0076,0.0364,Columbus,"Columbus, OH",Franklin County
76580,43212,OH,202507,1475.35,-0.0025,0.0442,Columbus,"Columbus, OH",Franklin County
76580,43212,OH,202508,1479.54,0.0028,0.0534,Columbus,"Columbus, OH",Franklin County
76580,43212,OH,202509,1473.06,-0.0044,0.0424,Columbus,"Columbus, OH",Franklin County
76580,43212,OH,202510,1467.5,-0.0038,0.0389,Columbus,"Columbus, OH",Franklin County
76580,43212,OH,202511,1447.73,-0.0135,0.0411,Columbus,"Columbus, OH",Franklin County
76580,43212,OH,202512,1460.66,0.0089,0.0538,Columbus,"Columbus, OH",Franklin County
76580,43212,OH,202601,1472.14,0.0079,0.035,Columbus,"Columbus, OH",Franklin County
76580,43212,OH,202602,1491.96,0.0135,0.0204,Columbus,"Columbus, OH",Franklin County
76580,43212,OH,202603,1493.8,0.0012,0.0161,Columbus,"Columbus, OH",Franklin County
76580,43212,OH,202604,1505.61,0.0079,0.0281,Columbus,"Columbus, OH",Franklin County
76580,43212,OH,202605,1516.2,0.007,0.0329,Columbus,"Columbus, OH",Franklin County
76580,43212,OH,202606,1520.31,0.0027,0.0279,Columbus,"Columbus, OH",Franklin County
76580,43212,OH,202607,1506.0,-0.0094,0.0208,Columbus,"Columbus, OH",Franklin County
76580,43212,OH,202608,1508.66,0.0018,0.0197,Columbus,"Columbus, OH",Franklin County
76581,43213,OH,202301,1160.07,,,Whitehall,"Columbus, OH",Franklin County
76581,43213,OH,202302,1157.22,-0.0025,,Whitehall,"Columbus, OH",Franklin County
76581,43213,OH,202303,1131.61,-0.0221,,Whitehall,"Columbus, OH",Franklin County
76581,43213,OH,202304,1146.48,0.0131,,Whitehall,"Columbus, OH",Franklin County
76581,43213,OH,202305,1168.15,0.0189,,Whitehall,"Columbus, OH",Franklin County
76581,43213,OH,202306,1182.63,0.0124,,Whitehall,"Columbus, OH",Franklin County
76581,43213,OH,202307,1200.6,0.0152,,Whitehall,"Columbus, OH",Franklin County
76581,43213,OH,202308,1220.35,0.0164,,Whitehall,"Columbus, OH",Franklin County
76581,43213,OH,202309,1244.96,0.0202,,Whitehall,"Columbus, OH",Franklin County
76581,43213,OH,202310,1256.58,0.0093,,Whitehall,"Columbus, OH",Franklin County
76581,43213,OH,202311,1239.66,-0.0135,,Whitehall,"Columbus, OH",Franklin County
76581,43213,OH,202312,1232.29,-0.0059,,Whitehall,"Columbus, OH",Franklin County
76581,43213,OH,202401,1213.44,-0.0153,0.046,Whitehall,"Columbus, OH",Franklin County
76581,43213,OH,202402,1226.79,0.011,0.0601,Whitehall,"Columbus, OH",Franklin County
76581,43213,OH,202403,1224.08,-0.0022,0.0817,Whitehall,"Columbus, OH",Franklin County
76581,43213,OH,202404,1239.41,0.0125,0.0811,Whitehall,"Columbus, OH",Franklin County
76581,43213,OH,202405,1251.67,0.0099,0.0715,Whitehall,"Columbus, OH",Franklin County
76581,43213,OH,202406,1282.13,0.0243,0.0841,Whitehall,"Columbus, OH",Franklin County
76581,43213,OH,202407,1301.48,0.0151,0.084,Whitehall,"Columbus, OH",Franklin County
76581,43213,OH,202408,1289.07,-0.0095,0.0563,Whitehall,"Columbus, OH",Franklin County
76581,43213,OH,202409,1271.52,-0.0136,0.0213,Whitehall,"Columbus, OH",Franklin County
76581,43213,OH,202410,1279.7,0.0064,0.0184,Whitehall,"Columbus, OH",Franklin County
76581,43213,OH,202411,1292.68,0.0101,0.0428,Whitehall,"Columbus, OH",Franklin County
76581,43213,OH,202412,1318.3,0.0198,0.0698,Whitehall,"Columbus, OH",Franklin County
76581,43213,OH,202502,1354.17,0.0272,0.116,Whitehall,"Columbus, OH",Franklin County
76581,43213,OH,202503,1341.28,-0.0095,0.0933,Whitehall,"Columbus, OH",Franklin County
76581,43213,OH,202504,1332.72,-0.0064,0.0888,Whitehall,"Columbus, OH",Franklin County
76581,43213,OH,202505,1352.85,0.0151,0.0915,Whitehall,"Columbus, OH",Franklin County
76581,43213,OH,202506,1375.16,0.0165,0.0987,Whitehall,"Columbus, OH",Franklin County
76581,43213,OH,202507,1391.81,0.0121,0.0855,Whitehall,"Columbus, OH",Franklin County
76581,43213,OH,202508,1403.63,0.0085,0.0785,Whitehall,"Columbus, OH",Franklin County
76581,43213,OH,202509,1413.6,0.0071,0.0966,Whitehall,"Columbus, OH",Franklin County
76581,43213,OH,202510,1399.81,-0.0098,0.1009,Whitehall,"Columbus, OH",Franklin County
76581,43213,OH,202511,1388.58,-0.008,0.0851,Whitehall,"Columbus, OH",Franklin County
76581,43213,OH,202512,1359.0,-0.0213,0.0513,Whitehall,"Columbus, OH",Franklin County
76581,43213,OH,202601,1350.43,-0.0063,0.0244,Whitehall,"Columbus, OH",Franklin County
76581,43213,OH,202602,1350.22,-0.0002,-0.0029,Whitehall,"Columbus, OH",Franklin County
76581,43213,OH,202603,1369.03,0.0139,0.0207,Whitehall,"Columbus, OH",Franklin County
76581,43213,OH,202604,1378.58,0.007,0.0344,Whitehall,"Columbus, OH",Franklin County
76581,43213,OH,202605,1374.64,-0.0029,0.0161,Whitehall,"Columbus, OH",Franklin County
76581,43213,OH,202606,1380.32,0.0041,0.0038,Whitehall,"Columbus, OH",Franklin County
76581,43213,OH,202607,1387.55,0.0052,-0.0031,Whitehall,"Columbus, OH",Franklin County
76581,43213,OH,202608,1400.25,0.0091,-0.0024,Whitehall,"Columbus, OH",Franklin County
76582,43214,OH,202112,1378.82,,,Columbus,"Columbus, OH",Franklin County
76582,43214,OH,202201,1394.5,0.0114,,Columbus,"Columbus, OH",Franklin County
76582,43214,OH,202202,1386.18,-0.006,,Columbus,"Columbus, OH",Franklin County
76582,43214,OH,202203,1366.01,-0.0145,,Columbus,"Columbus, OH",Franklin County
76582,43214,OH,202204,1383.88,0.0131,,Columbus,"Columbus, OH",Franklin County
76582,43214,OH,202205,1447.27,0.0458,,Columbus,"Columbus, OH",Franklin County
76582,43214,OH,202206,1516.42,0.0478,,Columbus,"Columbus, OH",Franklin County
76582,43214,OH,202207,1542.86,0.0174,,Columbus,"Columbus, OH",Franklin County
76582,43214,OH,202208,1513.27,-0.0192,,Columbus,"Columbus, OH",Franklin County
76582,43214,OH,202209,1471.45,-0.0276,,Columbus,"Columbus, OH",Franklin County
76582,43214,OH,202210,1431.08,-0.0274,,Columbus,"Columbus, OH",Franklin County
76582,43214,OH,202211,1414.74,-0.0114,,Columbus,"Columbus, OH",Franklin County
76582,43214,OH,202212,1439.63,0.0176,0.0441,Columbus,"Columbus, OH",Franklin County
76582,43214,OH,202301,1470.9,0.0217,0.0548,Columbus,"Columbus, OH",Franklin County
76582,43214,OH,202302,1512.88,0.0285,0.0914,Columbus,"Columbus, OH",Franklin County
76582,43214,OH,202303,1532.62,0.0131,0.122,Columbus,"Columbus, OH",Franklin County
76582,43214,OH,202304,1562.63,0.0196,0.1292,Columbus,"Columbus, OH",Franklin County
76582,43214,OH,202305,1569.01,0.0041,0.0841,Columbus,"Columbus, OH",Franklin County
76582,43214,OH,202306,1592.39,0.0149,0.0501,Columbus,"Columbus, OH",Franklin County
76582,43214,OH,202307,1592.48,0.0001,0.0322,Columbus,"Columbus, OH",Franklin County
76582,43214,OH,202308,1576.21,-0.0102,0.0416,Columbus,"Columbus, OH",Franklin County
76582,43214,OH,202309,1547.59,-0.0182,0.0517,Columbus,"Columbus, OH",Franklin County
76582,43214,OH,202310,1519.67,-0.018,0.0619,Columbus,"Columbus, OH",Franklin County
76582,43214,OH,202311,1526.41,0.0044,0.0789,Columbus,"Columbus, OH",Franklin County
76582,43214,OH,202312,1537.43,0.0072,0.0679,Columbus,"Columbus, OH",Franklin County
76582,43214,OH,202401,1546.35,0.0058,0.0513,Columbus,"Columbus, OH",Franklin County
76582,43214,OH,202402,1511.75,-0.0224,-0.0007,Columbus,"Columbus, OH",Franklin County
76582,43214,OH,202403,1511.19,-0.0004,-0.014,Columbus,"Columbus, OH",Franklin County
76582,43214,OH,202404,1534.45,0.0154,-0.018,Columbus,"Columbus, OH",Franklin County
76582,43214,OH,202405,1604.75,0.0458,0.0228,Columbus,"Columbus, OH",Franklin County
76582,43214,OH,202406,1648.91,0.0275,0.0355,Columbus,"Columbus, OH",Franklin County
76582,43214,OH,202407,1659.72,0.0066,0.0422,Columbus,"Columbus, OH",Franklin County
76582,43214,OH,202408,1643.94,-0.0095,0.043,Columbus,"Columbus, OH",Franklin County
76582,43214,OH,202409,1602.86,-0.025,0.0357,Columbus,"Columbus, OH",Franklin County
76582,43214,OH,202410,1579.97,-0.0143,0.0397,Columbus,"Columbus, OH",Franklin County
76582,43214,OH,202411,1548.83,-0.0197,0.0147,Columbus,"Columbus, OH",Franklin County
76582,43214,OH,202412,1539.39,-0.0061,0.0013,Columbus,"Columbus, OH",Franklin County
76582,43214,OH,202501,1523.42,-0.0104,-0.0148,Columbus,"Columbus, OH",Franklin County
76582,43214,OH,202502,1566.16,0.0281,0.036,Columbus,"Columbus, OH",Franklin County
76582,43214,OH,202503,1620.38,0.0346,0.0723,Columbus,"Columbus, OH",Franklin County
76582,43214,OH,202504,1686.03,0.0405,0.0988,Columbus,"Columbus, OH",Franklin County
76582,43214,OH,202505,1711.91,0.0153,0.0668,Columbus,"Columbus, OH",Franklin County
76582,43214,OH,202506,1689.45,-0.0131,0.0246,Columbus,"Columbus, OH",Franklin County
76582,43214,OH,202507,1641.56,-0.0283,-0.0109,Columbus,"Columbus, OH",Franklin County
76582,43214,OH,202508,1613.71,-0.017,-0.0184,Columbus,"Columbus, OH",Franklin County
76582,43214,OH,202509,1617.92,0.0026,0.0094,Columbus,"Columbus, OH",Franklin County
76582,43214,OH,202510,1659.44,0.0257,0.0503,Columbus,"Columbus, OH",Franklin County
76582,43214,OH,202511,1661.65,0.0013,0.0728,Columbus,"Columbus, OH",Franklin County
76582,43214,OH,202512,1647.41,-0.0086,0.0702,Columbus,"Columbus, OH",Franklin County
76582,43214,OH,202601,1621.83,-0.0155,0.0646,Columbus,"Columbus, OH",Franklin County
76582,43214,OH,202602,1651.34,0.0182,0.0544,Columbus,"Columbus, OH",Franklin County
76582,43214,OH,202603,1678.35,0.0164,0.0358,Columbus,"Columbus, OH",Franklin County
76582,43214,OH,202604,1723.56,0.0269,0.0223,Columbus,"Columbus, OH",Franklin County
76582,43214,OH,202605,1707.73,-0.0092,-0.0024,Columbus,"Columbus, OH",Franklin County
76582,43214,OH,202606,1701.16,-0.0038,0.0069,Columbus,"Columbus, OH",Franklin County
76582,43214,OH,202607,1671.37,-0.0175,0.0182,Columbus,"Columbus, OH",Franklin County
76582,43214,OH,202608,1640.66,-0.0184,0.0167,Columbus,"Columbus, OH",Franklin County
76583,43215,OH,201810,1208.29,,,Columbus,"Columbus, OH",Franklin County
76583,43215,OH,201811,1203.15,-0.0043,,Columbus,"Columbus, OH",Franklin County
76583,43215,OH,201812,1216.98,0.0115,,Columbus,"Columbus, OH",Franklin County
76583,43215,OH,201901,1247.73,0.0253,,Columbus,"Columbus, OH",Franklin County
76583,43215,OH,201902,1256.94,0.0074,,Columbus,"Columbus, OH",Franklin County
76583,43215,OH,201903,1251.77,-0.0041,,Columbus,"Columbus, OH",Franklin County
76583,43215,OH,201904,1248.63,-0.0025,,Columbus,"Columbus, OH",Franklin County
76583,43215,OH,201905,1255.97,0.0059,,Columbus,"Columbus, OH",Franklin County
76583,43215,OH,201906,1254.69,-0.001,,Columbus,"Columbus, OH",Franklin County
76583,43215,OH,201907,1264.03,0.0074,,Columbus,"Columbus, OH",Franklin County
76583,43215,OH,201908,1256.39,-0.006,,Columbus,"Columbus, OH",Franklin County
76583,43215,OH,201909,1301.64,0.036,,Columbus,"Columbus, OH",Franklin County
76583,43215,OH,201910,1294.22,-0.0057,0.0711,Columbus,"Columbus, OH",Franklin County
76583,43215,OH,201911,1299.23,0.0039,0.0799,Columbus,"Columbus, OH",Franklin County
76583,43215,OH,201912,1269.15,-0.0232,0.0429,Columbus,"Columbus, OH",Franklin County
76583,43215,OH,202001,1287.07,0.0141,0.0315,Columbus,"Columbus, OH",Franklin County
76583,43215,OH,202002,1299.99,0.01,0.0343,Columbus,"Columbus, OH",Franklin County
76583,43215,OH,202003,1324.39,0.0188,0.058,Columbus,"Columbus, OH",Franklin County
76583,43215,OH,202004,1309.92,-0.0109,0.0491,Columbus,"Columbus, OH",Franklin County
76583,43215,OH,202005,1303.36,-0.005,0.0377,Columbus,"Columbus, OH",Franklin County
76583,43215,OH,202006,1284.35,-0.0146,0.0236,Columbus,"Columbus, OH",Franklin County
76583,43215,OH,202007,1299.95,0.0122,0.0284,Columbus,"Columbus, OH",Franklin County
76583,43215,OH,202008,1295.92,-0.0031,0.0315,Columbus,"Columbus, OH",Franklin County
76583,43215,OH,202009,1278.53,-0.0134,-0.0178,Columbus,"Columbus, OH",Franklin County
76583,43215,OH,202010,1251.59,-0.0211,-0.0329,Columbus,"Columbus, OH",Franklin County
76583,43215,OH,202011,1252.05,0.0004,-0.0363,Columbus,"Columbus, OH",Franklin County
76583,43215,OH,202012,1246.57,-0.0044,-0.0178,Columbus,"Columbus, OH",Franklin County
76583,43215,OH,202101,1251.25,0.0038,-0.0278,Columbus,"Columbus, OH",Franklin County
76583,43215,OH,202102,1238.86,-0.0099,-0.047,Columbus,"Columbus, OH",Franklin County
76583,43215,OH,202103,1254.33,0.0125,-0.0529,Columbus,"Columbus, OH",Franklin County
76583,43215,OH,202104,1281.53,0.0217,-0.0217,Columbus,"Columbus, OH",Franklin County
76583,43215,OH,202105,1364.66,0.0649,0.047,Columbus,"Columbus, OH",Franklin County
76583,43215,OH,202106,1385.32,0.0151,0.0786,Columbus,"Columbus, OH",Franklin County
76583,43215,OH,202107,1413.91,0.0206,0.0877,Columbus,"Columbus, OH",Franklin County
76583,43215,OH,202108,1390.89,-0.0163,0.0733,Columbus,"Columbus, OH",Franklin County
76583,43215,OH,202109,1410.62,0.0142,0.1033,Columbus,"Columbus, OH",Franklin County
76583,43215,OH,202110,1386.79,-0.0169,0.108,Columbus,"Columbus, OH",Franklin County
76583,43215,OH,202111,1402.46,0.0113,0.1201,Columbus,"Columbus, OH",Franklin County
76583,43215,OH,202112,1404.34,0.0013,0.1266,Columbus,"Columbus, OH",Franklin County
76583,43215,OH,202201,1412.94,0.0061,0.1292,Columbus,"Columbus, OH",Franklin County
76583,43215,OH,202202,1405.08,-0.0056,0.1342,Columbus,"Columbus, OH",Franklin County
76583,43215,OH,202203,1413.9,0.0063,0.1272,Columbus,"Columbus, OH",Franklin County
76583,43215,OH,202204,1438.6,0.0175,0.1226,Columbus,"Columbus, OH",Franklin County
76583,43215,OH,202205,1450.99,0.0086,0.0633,Columbus,"Columbus, OH",Franklin County
76583,43215,OH,202206,1463.85,0.0089,0.0567,Columbus,"Columbus, OH",Franklin County
76583,43215,OH,202207,1481.87,0.0123,0.0481,Columbus,"Columbus, OH",Franklin County
76583,43215,OH,202208,1482.76,0.0006,0.0661,Columbus,"Columbus, OH",Franklin County
76583,43215,OH,202209,1471.97,-0.0073,0.0435,Columbus,"Columbus, OH",Franklin County
76583,43215,OH,202210,1455.22,-0.0114,0.0493,Columbus,"Columbus, OH",Franklin County
76583,43215,OH,202211,1432.76,-0.0154,0.0216,Columbus,"Columbus, OH",Franklin County
76583,43215,OH,202212,1452.04,0.0135,0.034,Columbus,"Columbus, OH",Franklin County
76583,43215,OH,202301,1453.26,0.0008,0.0285,Columbus,"Columbus, OH",Franklin County
76583,43215,OH,202302,1476.83,0.0162,0.0511,Columbus,"Columbus, OH",Franklin County
76583,43215,OH,202303,1469.62,-0.0049,0.0394,Columbus,"Columbus, OH",Franklin County
76583,43215,OH,202304,1485.73,0.011,0.0328,Columbus,"Columbus, OH",Franklin County
76583,43215,OH,202305,1511.96,0.0177,0.042,Columbus,"Columbus, OH",Franklin County
76583,43215,OH,202306,1532.53,0.0136,0.0469,Columbus,"Columbus, OH",Franklin County
76583,43215,OH,202307,1544.81,0.008,0.0425,Columbus,"Columbus, OH",Franklin County
76583,43215,OH,202308,1535.25,-0.0062,0.0354,Columbus,"Columbus, OH",Franklin County
76583,43215,OH,202309,1534.85,-0.0003,0.0427,Columbus,"Columbus, OH",Franklin County
76583,43215,OH,202310,1526.0,-0.0058,0.0486,Columbus,"Columbus, OH",Franklin County
76583,43215,OH,202311,1506.19,-0.013,0.0512,Columbus,"Columbus, OH",Franklin County
76583,43215,OH,202312,1482.84,-0.0155,0.0212,Columbus,"Columbus, OH",Franklin County
76583,43215,OH,202401,1454.01,-0.0194,0.0005,Columbus,"Columbus, OH",Franklin County
76583,43215,OH,202402,1457.25,0.0022,-0.0133,Columbus,"Columbus, OH",Franklin County
76583,43215,OH,202403,1440.42,-0.0115,-0.0199,Columbus,"Columbus, OH",Franklin County
76583,43215,OH,202404,1456.0,0.0108,-0.02,Columbus,"Columbus, OH",Franklin County
76583,43215,OH,202405,1466.33,0.0071,-0.0302,Columbus,"Columbus, OH",Franklin County
76583,43215,OH,202406,1498.95,0.0222,-0.0219,Columbus,"Columbus, OH",Franklin County
76583,43215,OH,202407,1518.64,0.0131,-0.0169,Columbus,"Columbus, OH",Franklin County
76583,43215,OH,202408,1529.24,0.007,-0.0039,Columbus,"Columbus, OH",Franklin County
76583,43215,OH,202409,1525.28,-0.0026,-0.0062,Columbus,"Columbus, OH",Franklin County
76583,43215,OH,202410,1480.77,-0.0292,-0.0296,Columbus,"Columbus, OH",Franklin County
76583,43215,OH,202411,1481.72,0.0006,-0.0162,Columbus,"Columbus, OH",Franklin County
76583,43215,OH,202412,1478.71,-0.002,-0.0028,Columbus,"Columbus, OH",Franklin County
76583,43215,OH,202501,1518.68,0.027,0.0445,Columbus,"Columbus, OH",Franklin County
76583,43215,OH,202502,1514.97,-0.0024,0.0396,Columbus,"Columbus, OH",Franklin County
76583,43215,OH,202503,1535.44,0.0135,0.066,Columbus,"Columbus, OH",Franklin County
76583,43215,OH,202504,1539.34,0.0025,0.0572,Columbus,"Columbus, OH",Franklin County
76583,43215,OH,202505,1556.15,0.0109,0.0613,Columbus,"Columbus, OH",Franklin County
76583,43215,OH,202506,1559.93,0.0024,0.0407,Columbus,"Columbus, OH",Franklin County
76583,43215,OH,202507,1562.8,0.0018,0.0291,Columbus,"Columbus, OH",Franklin County
76583,43215,OH,202508,1561.11,-0.0011,0.0208,Columbus,"Columbus, OH",Franklin County
76583,43215,OH,202509,1555.42,-0.0036,0.0198,Columbus,"Columbus, OH",Franklin County
76583,43215,OH,202510,1549.83,-0.0036,0.0466,Columbus,"Columbus, OH",Franklin County
76583,43215,OH,202511,1521.01,-0.0186,0.0265,Columbus,"Columbus, OH",Franklin County
76583,43215,OH,202512,1504.44,-0.0109,0.0174,Columbus,"Columbus, OH",Franklin County
76583,43215,OH,202601,1489.73,-0.0098,-0.0191,Columbus,"Columbus, OH",Franklin County
76583,43215,OH,202602,1510.89,0.0142,-0.0027,Columbus,"Columbus, OH",Franklin County
76583,43215,OH,202603,1532.53,0.0143,-0.0019,Columbus,"Columbus, OH",Franklin County
76583,43215,OH,202604,1552.06,0.0127,0.0083,Columbus,"Columbus, OH",Franklin County
76583,43215,OH,202605,1555.2,0.002,-0.0006,Columbus,"Columbus, OH",Franklin County
76583,43215,OH,202606,1561.38,0.004,0.0009,Columbus,"Columbus, OH",Franklin County
76583,43215,OH,202607,1566.44,0.0032,0.0023,Columbus,"Columbus, OH",Franklin County
76583,43215,OH,202608,1579.16,0.0081,0.0116,Columbus,"Columbus, OH",Franklin County
76587,43219,OH,202102,965.99,,,Columbus,"Columbus, OH",Franklin County
76587,43219,OH,202103,974.6,0.0089,,Columbus,"Columbus, OH",Franklin County
76587,43219,OH,202104,997.31,0.0233,,Columbus,"Columbus, OH",Franklin County
76587,43219,OH,202105,1031.48,0.0343,,Columbus,"Columbus, OH",Franklin County
76587,43219,OH,202106,1059.51,0.0272,,Columbus,"Columbus, OH",Franklin County
76587,43219,OH,202107,1076.37,0.0159,,Columbus,"Columbus, OH",Franklin County
76587,43219,OH,202108,1100.7,0.0226,,Columbus,"Columbus, OH",Franklin County
76587,43219,OH,202109,1119.5,0.0171,,Columbus,"Columbus, OH",Franklin County
76587,43219,OH,202110,1117.97,-0.0014,,Columbus,"Columbus, OH",Franklin County
76587,43219,OH,202111,1098.3,-0.0176,,Columbus,"Columbus, OH",Franklin County
76587,43219,OH,202112,1093.22,-0.0046,,Columbus,"Columbus, OH",Franklin County
76587,43219,OH,202201,1101.13,0.0072,,Columbus,"Columbus, OH",Franklin County
76587,43219,OH,202202,1121.43,0.0184,0.1609,Columbus,"Columbus, OH",Franklin County
76587,43219,OH,202203,1130.34,0.0079,0.1598,Columbus,"Columbus, OH",Franklin County
76587,43219,OH,202204,1150.9,0.0182,0.154,Columbus,"Columbus, OH",Franklin County
76587,43219,OH,202205,1157.86,0.006,0.1225,Columbus,"Columbus, OH",Franklin County
76587,43219,OH,202206,1176.51,0.0161,0.1104,Columbus,"Columbus, OH",Franklin County
76587,43219,OH,202207,1181.83,0.0045,0.098,Columbus,"Columbus, OH",Franklin County
76587,43219,OH,202208,1199.56,0.015,0.0898,Columbus,"Columbus, OH",Franklin County
76587,43219,OH,202209,1210.74,0.0093,0.0815,Columbus,"Columbus, OH",Franklin County
76587,43219,OH,202210,1225.98,0.0126,0.0966,Columbus,"Columbus, OH",Franklin County
76587,43219,OH,202211,1221.03,-0.004,0.1117,Columbus,"Columbus, OH",Franklin County
76587,43219,OH,202212,1188.26,-0.0268,0.0869,Columbus,"Columbus, OH",Franklin County
76587,43219,OH,202301,1156.49,-0.0267,0.0503,Columbus,"Columbus, OH",Franklin County
76587,43219,OH,202302,1143.51,-0.0112,0.0197,Columbus,"Columbus, OH",Franklin County
76587,43219,OH,202303,1150.46,0.0061,0.0178,Columbus,"Columbus, OH",Franklin County
76587,43219,OH,202304,1172.37,0.019,0.0187,Columbus,"Columbus, OH",Franklin County
76587,43219,OH,202305,1196.82,0.0209,0.0336,Columbus,"Columbus, OH",Franklin County
76587,43219,OH,202306,1210.38,0.0113,0.0288,Columbus,"Columbus, OH",Franklin County
76587,43219,OH,202307,1224.35,0.0115,0.036,Columbus,"Columbus, OH",Franklin County
76587,43219,OH,202308,1247.98,0.0193,0.0404,Columbus,"Columbus, OH",Franklin County
76587,43219,OH,202309,1233.87,-0.0113,0.0191,Columbus,"Columbus, OH",Franklin County
76587,43219,OH,202310,1217.0,-0.0137,-0.0073,Columbus,"Columbus, OH",Franklin County
76587,43219,OH,202311,1195.83,-0.0174,-0.0206,Columbus,"Columbus, OH",Franklin County
76587,43219,OH,202312,1197.11,0.0011,0.0074,Columbus,"Columbus, OH",Franklin County
76587,43219,OH,202401,1170.95,-0.0219,0.0125,Columbus,"Columbus, OH",Franklin County
76587,43219,OH,202402,1135.29,-0.0305,-0.0072,Columbus,"Columbus, OH",Franklin County
76587,43219,OH,202403,1141.66,0.0056,-0.0077,Columbus,"Columbus, OH",Franklin County
76587,43219,OH,202404,1171.1,0.0258,-0.0011,Columbus,"Columbus, OH",Franklin County
76587,43219,OH,202405,1213.48,0.0362,0.0139,Columbus,"Columbus, OH",Franklin County
76587,43219,OH,202406,1228.67,0.0125,0.0151,Columbus,"Columbus, OH",Franklin County
76587,43219,OH,202407,1244.17,0.0126,0.0162,Columbus,"Columbus, OH",Franklin County
76587,43219,OH,202408,1259.37,0.0122,0.0091,Columbus,"Columbus, OH",Franklin County
76587,43219,OH,202409,1266.68,0.0058,0.0266,Columbus,"Columbus, OH",Franklin County
76587,43219,OH,202410,1263.44,-0.0026,0.0382,Columbus,"Columbus, OH",Franklin County
76587,43219,OH,202411,1237.77,-0.0203,0.0351,Columbus,"Columbus, OH",Franklin County
76587,43219,OH,202412,1244.78,0.0057,0.0398,Columbus,"Columbus, OH",Franklin County
76587,43219,OH,202501,1250.01,0.0042,0.0675,Columbus,"Columbus, OH",Franklin County
76587,43219,OH,202502,1268.96,0.0152,0.1177,Columbus,"Columbus, OH",Franklin County
76587,43219,OH,202503,1280.73,0.0093,0.1218,Columbus,"Columbus, OH",Franklin County
76587,43219,OH,202504,1280.57,-0.0001,0.0935,Columbus,"Columbus, OH",Franklin County
76587,43219,OH,202505,1287.64,0.0055,0.0611,Columbus,"Columbus, OH",Franklin County
76587,43219,OH,202506,1276.42,-0.0087,0.0389,Columbus,"Columbus, OH",Franklin County
76587,43219,OH,202507,1269.18,-0.0057,0.0201,Columbus,"Columbus, OH",Franklin County
76587,43219,OH,202508,1237.23,-0.0252,-0.0176,Columbus,"Columbus, OH",Franklin County
76587,43219,OH,202509,1242.93,0.0046,-0.0187,Columbus,"Columbus, OH",Franklin County
76587,43219,OH,202510,1254.63,0.0094,-0.007,Columbus,"Columbus, OH",Franklin County
76587,43219,OH,202511,1271.98,0.0138,0.0276,Columbus,"Columbus, OH",Franklin County
76587,43219,OH,202512,1249.76,-0.0175,0.004,Columbus,"Columbus, OH",Franklin County
76587,43219,OH,202601,1243.52,-0.005,-0.0052,Columbus,"Columbus, OH",Franklin County
76587,43219,OH,202602,1237.39,-0.0049,-0.0249,Columbus,"Columbus, OH",Franklin County
76587,43219,OH,202603,1270.75,0.027,-0.0078,Columbus,"Columbus, OH",Franklin County
76587,43219,OH,202604,1281.45,0.0084,0.0007,Columbus,"Columbus, OH",Franklin County
76587,43219,OH,202605,1299.6,0.0142,0.0093,Columbus,"Columbus, OH",Franklin County
76587,43219,OH,202606,1287.84,-0.009,0.0089,Columbus,"Columbus, OH",Franklin County
76587,43219,OH,202607,1285.95,-0.0015,0.0132,Columbus,"Columbus, OH",Franklin County
76587,43219,OH,202608,1314.01,0.0218,0.0621,Columbus,"Columbus, OH",Franklin County
76588,43220,OH,202011,1038.8,,,Upper Arlington,"Columbus, OH",Franklin County
76588,43220,OH,202012,1029.94,-0.0085,,Upper Arlington,"Columbus, OH",Franklin County
76588,43220,OH,202101,1027.71,-0.0022,,Upper Arlington,"Columbus, OH",Franklin County
76588,43220,OH,202102,1021.99,-0.0056,,Upper Arlington,"Columbus, OH",Franklin County
76588,43220,OH,202103,1034.43,0.0122,,Upper Arlington,"Columbus, OH",Franklin County
76588,43220,OH,202104,1032.74,-0.0016,,Upper Arlington,"Columbus, OH",Franklin County
76588,43220,OH,202105,1032.52,-0.0002,,Upper Arlington,"Columbus, OH",Franklin County
76588,43220,OH,202106,1054.24,0.021,,Upper Arlington,"Columbus, OH",Franklin County
76588,43220,OH,202107,1094.4,0.0381,,Upper Arlington,"Columbus, OH",Franklin County
76588,43220,OH,202108,1135.04,0.0371,,Upper Arlington,"Columbus, OH",Franklin County
76588,43220,OH,202109,1165.34,0.0267,,Upper Arlington,"Columbus, OH",Franklin County
76588,43220,OH,202110,1168.07,0.0023,,Upper Arlington,"Columbus, OH",Franklin County
76588,43220,OH,202111,1184.72,0.0143,0.1405,Upper Arlington,"Columbus, OH",Franklin County
76588,43220,OH,202112,1183.91,-0.0007,0.1495,Upper Arlington,"Columbus, OH",Franklin County
76588,43220,OH,202201,1173.33,-0.0089,0.1417,Upper Arlington,"Columbus, OH",Franklin County
76588,43220,OH,202202,1167.34,-0.0051,0.1422,Upper Arlington,"Columbus, OH",Franklin County
76588,43220,OH,202203,1158.21,-0.0078,0.1197,Upper Arlington,"Columbus, OH",Franklin County
76588,43220,OH,202204,1181.31,0.0199,0.1439,Upper Arlington,"Columbus, OH",Franklin County
76588,43220,OH,202205,1178.14,-0.0027,0.141,Upper Arlington,"Columbus, OH",Franklin County
76588,43220,OH,202206,1211.25,0.0281,0.1489,Upper Arlington,"Columbus, OH",Franklin County
76588,43220,OH,202207,1225.94,0.0121,0.1202,Upper Arlington,"Columbus, OH",Franklin County
76588,43220,OH,202208,1233.71,0.0063,0.0869,Upper Arlington,"Columbus, OH",Franklin County
76588,43220,OH,202209,1243.67,0.0081,0.0672,Upper Arlington,"Columbus, OH",Franklin County
76588,43220,OH,202210,1243.49,-0.0001,0.0646,Upper Arlington,"Columbus, OH",Franklin County
76588,43220,OH,202211,1257.04,0.0109,0.061,Upper Arlington,"Columbus, OH",Franklin County
76588,43220,OH,202212,1247.16,-0.0079,0.0534,Upper Arlington,"Columbus, OH",Franklin County
76588,43220,OH,202301,1239.16,-0.0064,0.0561,Upper Arlington,"Columbus, OH",Franklin County
76588,43220,OH,202302,1226.75,-0.01,0.0509,Upper Arlington,"Columbus, OH",Franklin County
76588,43220,OH,202303,1231.3,0.0037,0.0631,Upper Arlington,"Columbus, OH",Franklin County
76588,43220,OH,202304,1239.25,0.0065,0.0491,Upper Arlington,"Columbus, OH",Franklin County
76588,43220,OH,202305,1266.03,0.0216,0.0746,Upper Arlington,"Columbus, OH",Franklin County
76588,43220,OH,202306,1262.17,-0.0031,0.042,Upper Arlington,"Columbus, OH",Franklin County
76588,43220,OH,202307,1278.89,0.0133,0.0432,Upper Arlington,"Columbus, OH",Franklin County
76588,43220,OH,202308,1281.78,0.0023,0.039,Upper Arlington,"Columbus, OH",Franklin County
76588,43220,OH,202309,1316.18,0.0268,0.0583,Upper Arlington,"Columbus, OH",Franklin County
76588,43220,OH,202310,1290.84,-0.0193,0.0381,Upper Arlington,"Columbus, OH",Franklin County
76588,43220,OH,202311,1269.56,-0.0165,0.01,Upper Arlington,"Columbus, OH",Franklin County
76588,43220,OH,202312,1214.79,-0.0431,-0.026,Upper Arlington,"Columbus, OH",Franklin County
76588,43220,OH,202401,1238.53,0.0195,-0.0005,Upper Arlington,"Columbus, OH",Franklin County
76588,43220,OH,202402,1249.57,0.0089,0.0186,Upper Arlington,"Columbus, OH",Franklin County
76588,43220,OH,202403,1273.37,0.019,0.0342,Upper Arlington,"Columbus, OH",Franklin County
76588,43220,OH,202404,1249.16,-0.019,0.008,Upper Arlington,"Columbus, OH",Franklin County
76588,43220,OH,202405,1234.42,-0.0118,-0.025,Upper Arlington,"Columbus, OH",Franklin County
76588,43220,OH,202406,1267.43,0.0267,0.0042,Upper Arlington,"Columbus, OH",Franklin County
76588,43220,OH,202407,1312.66,0.0357,0.0264,Upper Arlington,"Columbus, OH",Franklin County
76588,43220,OH,202408,1326.44,0.0105,0.0348,Upper Arlington,"Columbus, OH",Franklin County
76588,43220,OH,202409,1297.66,-0.0217,-0.0141,Upper Arlington,"Columbus, OH",Franklin County
76588,43220,OH,202410,1271.52,-0.0201,-0.015,Upper Arlington,"Columbus, OH",Franklin County
76588,43220,OH,202411,1272.61,0.0009,0.0024,Upper Arlington,"Columbus, OH",Franklin County
76588,43220,OH,202412,1305.42,0.0258,0.0746,Upper Arlington,"Columbus, OH",Franklin County
76588,43220,OH,202501,1317.9,0.0096,0.0641,Upper Arlington,"Columbus, OH",Franklin County
76588,43220,OH,202502,1338.4,0.0156,0.0711,Upper Arlington,"Columbus, OH",Franklin County
76588,43220,OH,202503,1327.52,-0.0081,0.0425,Upper Arlington,"Columbus, OH",Franklin County
76588,43220,OH,202504,1318.1,-0.0071,0.0552,Upper Arlington,"Columbus, OH",Franklin County
76588,43220,OH,202505,1300.4,-0.0134,0.0535,Upper Arlington,"Columbus, OH",Franklin County
76588,43220,OH,202506,1292.92,-0.0058,0.0201,Upper Arlington,"Columbus, OH",Franklin County
76588,43220,OH,202507,1313.38,0.0158,0.0005,Upper Arlington,"Columbus, OH",Franklin County
76588,43220,OH,202508,1334.42,0.016,0.006,Upper Arlington,"Columbus, OH",Franklin County
76588,43220,OH,202509,1322.53,-0.0089,0.0192,Upper Arlington,"Columbus, OH",Franklin County
76588,43220,OH,202510,1292.18,-0.0229,0.0162,Upper Arlington,"Columbus, OH",Franklin County
76588,43220,OH,202511,1276.68,-0.012,0.0032,Upper Arlington,"Columbus, OH",Franklin County
76588,43220,OH,202512,1263.3,-0.0105,-0.0323,Upper Arlington,"Columbus, OH",Franklin County
76588,43220,OH,202601,1255.0,-0.0066,-0.0477,Upper Arlington,"Columbus, OH",Franklin County
76588,43220,OH,202602,1265.05,0.008,-0.0548,Upper Arlington,"Columbus, OH",Franklin County
76588,43220,OH,202603,1270.94,0.0047,-0.0426,Upper Arlington,"Columbus, OH",Franklin County
76588,43220,OH,202604,1269.63,-0.001,-0.0368,Upper Arlington,"Columbus, OH",Franklin County
76588,43220,OH,202605,1264.46,-0.0041,-0.0276,Upper Arlington,"Columbus, OH",Franklin County
76588,43220,OH,202606,1271.16,0.0053,-0.0168,Upper Arlington,"Columbus, OH",Franklin County
76588,43220,OH,202607,1303.61,0.0255,-0.0074,Upper Arlington,"Columbus, OH",Franklin County
76588,43220,OH,202608,1312.96,0.0072,-0.0161,Upper Arlington,"Columbus, OH",Franklin County
76589,43221,OH,202012,1372.75,,,Upper Arlington,"Columbus, OH",Franklin County
76589,43221,OH,202101,1383.92,0.0081,,Upper Arlington,"Columbus, OH",Franklin County
76589,43221,OH,202102,1376.03,-0.0057,,Upper Arlington,"Columbus, OH",Franklin County
76589,43221,OH,202103,1386.8,0.0078,,Upper Arlington,"Columbus, OH",Franklin County
76589,43221,OH,202104,1378.81,-0.0058,,Upper Arlington,"Columbus, OH",Franklin County
76589,43221,OH,202105,1408.48,0.0215,,Upper Arlington,"Columbus, OH",Franklin County
76589,43221,OH,202106,1452.67,0.0314,,Upper Arlington,"Columbus, OH",Franklin County
76589,43221,OH,202107,1470.21,0.0121,,Upper Arlington,"Columbus, OH",Franklin County
76589,43221,OH,202108,1476.52,0.0043,,Upper Arlington,"Columbus, OH",Franklin County
76589,43221,OH,202110,1452.55,-0.0162,,Upper Arlington,"Columbus, OH",Franklin County
76589,43221,OH,202111,1460.96,0.0058,,Upper Arlington,"Columbus, OH",Franklin County
76589,43221,OH,202112,1482.71,0.0149,,Upper Arlington,"Columbus, OH",Franklin County
76589,43221,OH,202201,1484.94,0.0015,0.0817,Upper Arlington,"Columbus, OH",Franklin County
76589,43221,OH,202202,1489.94,0.0034,0.0766,Upper Arlington,"Columbus, OH",Franklin County
76589,43221,OH,202203,1503.45,0.0091,0.0926,Upper Arlington,"Columbus, OH",Franklin County
76589,43221,OH,202204,1544.47,0.0273,0.1137,Upper Arlington,"Columbus, OH",Franklin County
76589,43221,OH,202205,1567.39,0.0148,0.1368,Upper Arlington,"Columbus, OH",Franklin County
76589,43221,OH,202206,1582.17,0.0094,0.1233,Upper Arlington,"Columbus, OH",Franklin County
76589,43221,OH,202207,1589.68,0.0047,0.0943,Upper Arlington,"Columbus, OH",Franklin County
76589,43221,OH,202208,1591.12,0.0009,0.0822,Upper Arlington,"Columbus, OH",Franklin County
76589,43221,OH,202209,1599.55,0.0053,0.0833,Upper Arlington,"Columbus, OH",Franklin County
76589,43221,OH,202210,1584.83,-0.0092,0.0911,Upper Arlington,"Columbus, OH",Franklin County
76589,43221,OH,202211,1620.2,0.0223,0.109,Upper Arlington,"Columbus, OH",Franklin County
76589,43221,OH,202212,1607.95,-0.0076,0.0845,Upper Arlington,"Columbus, OH",Franklin County
76589,43221,OH,202301,1625.31,0.0108,0.0945,Upper Arlington,"Columbus, OH",Franklin County
76589,43221,OH,202302,1577.46,-0.0294,0.0587,Upper Arlington,"Columbus, OH",Franklin County
76589,43221,OH,202303,1618.29,0.0259,0.0764,Upper Arlington,"Columbus, OH",Franklin County
76589,43221,OH,202304,1634.16,0.0098,0.0581,Upper Arlington,"Columbus, OH",Franklin County
76589,43221,OH,202305,1680.48,0.0283,0.0722,Upper Arlington,"Columbus, OH",Franklin County
76589,43221,OH,202306,1686.22,0.0034,0.0658,Upper Arlington,"Columbus, OH",Franklin County
76589,43221,OH,202307,1704.46,0.0108,0.0722,Upper Arlington,"Columbus, OH",Franklin County
76589,43221,OH,202308,1699.47,-0.0029,0.0681,Upper Arlington,"Columbus, OH",Franklin County
76589,43221,OH,202309,1708.4,0.0053,0.068,Upper Arlington,"Columbus, OH",Franklin County
76589,43221,OH,202310,1688.67,-0.0115,0.0655,Upper Arlington,"Columbus, OH",Franklin County
76589,43221,OH,202311,1689.38,0.0004,0.0427,Upper Arlington,"Columbus, OH",Franklin County
76589,43221,OH,202312,1677.11,-0.0073,0.043,Upper Arlington,"Columbus, OH",Franklin County
76589,43221,OH,202401,1702.5,0.0151,0.0475,Upper Arlington,"Columbus, OH",Franklin County
76589,43221,OH,202402,1724.58,0.013,0.0933,Upper Arlington,"Columbus, OH",Franklin County
76589,43221,OH,202403,1749.06,0.0142,0.0808,Upper Arlington,"Columbus, OH",Franklin County
76589,43221,OH,202404,1741.04,-0.0046,0.0654,Upper Arlington,"Columbus, OH",Franklin County
76589,43221,OH,202405,1749.89,0.0051,0.0413,Upper Arlington,"Columbus, OH",Franklin County
76589,43221,OH,202406,1769.98,0.0115,0.0497,Upper Arlington,"Columbus, OH",Franklin County
76589,43221,OH,202407,1790.14,0.0114,0.0503,Upper Arlington,"Columbus, OH",Franklin County
76589,43221,OH,202408,1775.92,-0.0079,0.045,Upper Arlington,"Columbus, OH",Franklin County
76589,43221,OH,202409,1737.6,-0.0216,0.0171,Upper Arlington,"Columbus, OH",Franklin County
76589,43221,OH,202410,1719.02,-0.0107,0.018,Upper Arlington,"Columbus, OH",Franklin County
76589,43221,OH,202411,1726.72,0.0045,0.0221,Upper Arlington,"Columbus, OH",Franklin County
76589,43221,OH,202412,1753.52,0.0155,0.0456,Upper Arlington,"Columbus, OH",Franklin County
76589,43221,OH,202501,1777.45,0.0136,0.044,Upper Arlington,"Columbus, OH",Franklin County
76589,43221,OH,202502,1809.61,0.0181,0.0493,Upper Arlington,"Columbus, OH",Franklin County
76589,43221,OH,202503,1806.89,-0.0015,0.0331,Upper Arlington,"Columbus, OH",Franklin County
76589,43221,OH,202504,1818.59,0.0065,0.0445,Upper Arlington,"Columbus, OH",Franklin County
76589,43221,OH,202505,1820.68,0.0012,0.0405,Upper Arlington,"Columbus, OH",Franklin County
76589,43221,OH,202506,1847.05,0.0145,0.0435,Upper Arlington,"Columbus, OH",Franklin County
76589,43221,OH,202507,1832.39,-0.0079,0.0236,Upper Arlington,"Columbus, OH",Franklin County
76589,43221,OH,202508,1831.05,-0.0007,0.031,Upper Arlington,"Columbus, OH",Franklin County
76589,43221,OH,202509,1820.4,-0.0058,0.0476,Upper Arlington,"Columbus, OH",Franklin County
76589,43221,OH,202510,1809.86,-0.0058,0.0528,Upper Arlington,"Columbus, OH",Franklin County
76589,43221,OH,202511,1787.16,-0.0125,0.035,Upper Arlington,"Columbus, OH",Franklin County
76589,43221,OH,202512,1778.64,-0.0048,0.0143,Upper Arlington,"Columbus, OH",Franklin County
76589,43221,OH,202601,1803.75,0.0141,0.0148,Upper Arlington,"Columbus, OH",Franklin County
76589,43221,OH,202602,1842.88,0.0217,0.0184,Upper Arlington,"Columbus, OH",Franklin County
76589,43221,OH,202603,1873.17,0.0164,0.0367,Upper Arlington,"Columbus, OH",Franklin County
76589,43221,OH,202604,1896.81,0.0126,0.043,Upper Arlington,"Columbus, OH",Franklin County
76589,43221,OH,202605,1876.48,-0.0107,0.0306,Upper Arlington,"Columbus, OH",Franklin County
76589,43221,OH,202606,1872.13,-0.0023,0.0136,Upper Arlington,"Columbus, OH",Franklin County
76589,43221,OH,202607,1847.19,-0.0133,0.0081,Upper Arlington,"Columbus, OH",Franklin County
76589,43221,OH,202608,1850.78,0.0019,0.0108,Upper Arlington,"Columbus, OH",Franklin County
76590,43222,OH,202603,1282.49,,,Columbus,"Columbus, OH",Franklin County
76590,43222,OH,202604,1337.13,0.0426,,Columbus,"Columbus, OH",Franklin County
76590,43222,OH,202605,1353.99,0.0126,,Columbus,"Columbus, OH",Franklin County
76590,43222,OH,202606,1332.57,-0.0158,,Columbus,"Columbus, OH",Franklin County
76590,43222,OH,202607,1313.8,-0.0141,,Columbus,"Columbus, OH",Franklin County
76590,43222,OH,202608,1308.07,-0.0044,,Columbus,"Columbus, OH",Franklin County
76591,43223,OH,202202,1029.1,,,Columbus,"Columbus, OH",Franklin County
76591,43223,OH,202203,1038.94,0.0096,,Columbus,"Columbus, OH",Franklin County
76591,43223,OH,202204,1016.29,-0.0218,,Columbus,"Columbus, OH",Franklin County
76591,43223,OH,202205,1036.98,0.0204,,Columbus,"Columbus, OH",Franklin County
76591,43223,OH,202206,1056.13,0.0185,,Columbus,"Columbus, OH",Franklin County
76591,43223,OH,202207,1085.57,0.0279,,Columbus,"Columbus, OH",Franklin County
76591,43223,OH,202208,1093.3,0.0071,,Columbus,"Columbus, OH",Franklin County
76591,43223,OH,202209,1091.11,-0.002,,Columbus,"Columbus, OH",Franklin County
76591,43223,OH,202211,1085.66,-0.005,,Columbus,"Columbus, OH",Franklin County
76591,43223,OH,202212,1079.46,-0.0057,,Columbus,"Columbus, OH",Franklin County
76591,43223,OH,202301,1077.73,-0.0016,,Columbus,"Columbus, OH",Franklin County
76591,43223,OH,202302,1089.51,0.0109,,Columbus,"Columbus, OH",Franklin County
76591,43223,OH,202303,1098.13,0.0079,0.0671,Columbus,"Columbus, OH",Franklin County
76591,43223,OH,202304,1130.16,0.0292,0.0878,Columbus,"Columbus, OH",Franklin County
76591,43223,OH,202305,1128.95,-0.0011,0.1109,Columbus,"Columbus, OH",Franklin County
76591,43223,OH,202306,1161.11,0.0285,0.1197,Columbus,"Columbus, OH",Franklin County
76591,43223,OH,202307,1127.79,-0.0287,0.0679,Columbus,"Columbus, OH",Franklin County
76591,43223,OH,202308,1141.81,0.0124,0.0518,Columbus,"Columbus, OH",Franklin County
76591,43223,OH,202309,1132.04,-0.0086,0.0354,Columbus,"Columbus, OH",Franklin County
76591,43223,OH,202310,1159.34,0.0241,0.0625,Columbus,"Columbus, OH",Franklin County
76591,43223,OH,202311,1185.8,0.0228,0.0922,Columbus,"Columbus, OH",Franklin County
76591,43223,OH,202312,1205.91,0.017,0.1171,Columbus,"Columbus, OH",Franklin County
76591,43223,OH,202401,1188.67,-0.0143,0.1029,Columbus,"Columbus, OH",Franklin County
76591,43223,OH,202402,1191.25,0.0022,0.0934,Columbus,"Columbus, OH",Franklin County
76591,43223,OH,202403,1193.02,0.0015,0.0864,Columbus,"Columbus, OH",Franklin County
76591,43223,OH,202404,1227.72,0.0291,0.0863,Columbus,"Columbus, OH",Franklin County
76591,43223,OH,202405,1236.0,0.0067,0.0948,Columbus,"Columbus, OH",Franklin County
76591,43223,OH,202406,1250.1,0.0114,0.0766,Columbus,"Columbus, OH",Franklin County
76591,43223,OH,202407,1257.67,0.0061,0.1152,Columbus,"Columbus, OH",Franklin County
76591,43223,OH,202408,1254.22,-0.0027,0.0984,Columbus,"Columbus, OH",Franklin County
76591,43223,OH,202409,1261.92,0.0061,0.1147,Columbus,"Columbus, OH",Franklin County
76591,43223,OH,202410,1252.32,-0.0076,0.0802,Columbus,"Columbus, OH",Franklin County
76591,43223,OH,202411,1247.41,-0.0039,0.052,Columbus,"Columbus, OH",Franklin County
76591,43223,OH,202412,1246.6,-0.0007,0.0337,Columbus,"Columbus, OH",Franklin County
76591,43223,OH,202501,1266.1,0.0156,0.0651,Columbus,"Columbus, OH",Franklin County
76591,43223,OH,202502,1273.11,0.0055,0.0687,Columbus,"Columbus, OH",Franklin County
76591,43223,OH,202503,1275.05,0.0015,0.0688,Columbus,"Columbus, OH",Franklin County
76591,43223,OH,202504,1255.88,-0.015,0.0229,Columbus,"Columbus, OH",Franklin County
76591,43223,OH,202505,1259.24,0.0027,0.0188,Columbus,"Columbus, OH",Franklin County
76591,43223,OH,202506,1261.37,0.0017,0.009,Columbus,"Columbus, OH",Franklin County
76591,43223,OH,202507,1277.21,0.0126,0.0155,Columbus,"Columbus, OH",Franklin County
76591,43223,OH,202508,1287.68,0.0082,0.0267,Columbus,"Columbus, OH",Franklin County
76591,43223,OH,202509,1295.26,0.0059,0.0264,Columbus,"Columbus, OH",Franklin County
76591,43223,OH,202510,1308.28,0.01,0.0447,Columbus,"Columbus, OH",Franklin County
76591,43223,OH,202511,1307.68,-0.0005,0.0483,Columbus,"Columbus, OH",Franklin County
76591,43223,OH,202512,1310.1,0.0019,0.0509,Columbus,"Columbus, OH",Franklin County
76591,43223,OH,202601,1314.5,0.0034,0.0382,Columbus,"Columbus, OH",Franklin County
76591,43223,OH,202602,1319.42,0.0037,0.0364,Columbus,"Columbus, OH",Franklin County
76591,43223,OH,202603,1332.38,0.0098,0.045,Columbus,"Columbus, OH",Franklin County
76591,43223,OH,202604,1318.04,-0.0108,0.0495,Columbus,"Columbus, OH",Franklin County
76591,43223,OH,202605,1334.06,0.0122,0.0594,Columbus,"Columbus, OH",Franklin County
76591,43223,OH,202606,1342.94,0.0067,0.0647,Columbus,"Columbus, OH",Franklin County
76591,43223,OH,202607,1380.05,0.0276,0.0805,Columbus,"Columbus, OH",Franklin County
76591,43223,OH,202608,1372.73,-0.0053,0.066,Columbus,"Columbus, OH",Franklin County
76592,43224,OH,202205,984.07,,,Columbus,"Columbus, OH",Franklin County
76592,43224,OH,202206,990.56,0.0066,,Columbus,"Columbus, OH",Franklin County
76592,43224,OH,202207,1010.85,0.0205,,Columbus,"Columbus, OH",Franklin County
76592,43224,OH,202208,1013.4,0.0025,,Columbus,"Columbus, OH",Franklin County
76592,43224,OH,202209,1026.74,0.0132,,Columbus,"Columbus, OH",Franklin County
76592,43224,OH,202210,1026.49,-0.0002,,Columbus,"Columbus, OH",Franklin County
76592,43224,OH,202211,1032.85,0.0062,,Columbus,"Columbus, OH",Franklin County
76592,43224,OH,202212,1028.06,-0.0046,,Columbus,"Columbus, OH",Franklin County
76592,43224,OH,202301,1030.36,0.0022,,Columbus,"Columbus, OH",Franklin County
76592,43224,OH,202302,1036.02,0.0055,,Columbus,"Columbus, OH",Franklin County
76592,43224,OH,202303,1036.02,0.0,,Columbus,"Columbus, OH",Franklin County
76592,43224,OH,202304,1040.15,0.004,,Columbus,"Columbus, OH",Franklin County
76592,43224,OH,202305,1046.63,0.0062,0.0636,Columbus,"Columbus, OH",Franklin County
76592,43224,OH,202306,1049.44,0.0027,0.0594,Columbus,"Columbus, OH",Franklin County
76592,43224,OH,202307,1046.9,-0.0024,0.0357,Columbus,"Columbus, OH",Franklin County
76592,43224,OH,202308,1045.74,-0.0011,0.0319,Columbus,"Columbus, OH",Franklin County
76592,43224,OH,202309,1053.46,0.0074,0.026,Columbus,"Columbus, OH",Franklin County
76592,43224,OH,202310,1064.06,0.0101,0.0366,Columbus,"Columbus, OH",Franklin County
76592,43224,OH,202311,1055.06,-0.0085,0.0215,Columbus,"Columbus, OH",Franklin County
76592,43224,OH,202312,1064.29,0.0087,0.0352,Columbus,"Columbus, OH",Franklin County
76592,43224,OH,202401,1058.51,-0.0054,0.0273,Columbus,"Columbus, OH",Franklin County
76592,43224,OH,202402,1080.66,0.0209,0.0431,Columbus,"Columbus, OH",Franklin County
76592,43224,OH,202403,1091.9,0.0104,0.0539,Columbus,"Columbus, OH",Franklin County
76592,43224,OH,202404,1107.46,0.0143,0.0647,Columbus,"Columbus, OH",Franklin County
76592,43224,OH,202405,1107.86,0.0004,0.0585,Columbus,"Columbus, OH",Franklin County
76592,43224,OH,202406,1094.39,-0.0122,0.0428,Columbus,"Columbus, OH",Franklin County
76592,43224,OH,202407,1092.22,-0.002,0.0433,Columbus,"Columbus, OH",Franklin County
76592,43224,OH,202408,1098.09,0.0054,0.0501,Columbus,"Columbus, OH",Franklin County
76592,43224,OH,202409,1107.71,0.0088,0.0515,Columbus,"Columbus, OH",Franklin County
76592,43224,OH,202410,1130.55,0.0206,0.0625,Columbus,"Columbus, OH",Franklin County
76592,43224,OH,202411,1128.72,-0.0016,0.0698,Columbus,"Columbus, OH",Franklin County
76592,43224,OH,202412,1137.02,0.0073,0.0683,Columbus,"Columbus, OH",Franklin County
76592,43224,OH,202501,1121.47,-0.0137,0.0595,Columbus,"Columbus, OH",Franklin County
76592,43224,OH,202502,1134.41,0.0115,0.0497,Columbus,"Columbus, OH",Franklin County
76592,43224,OH,202503,1131.55,-0.0025,0.0363,Columbus,"Columbus, OH",Franklin County
76592,43224,OH,202504,1149.24,0.0156,0.0377,Columbus,"Columbus, OH",Franklin County
76592,43224,OH,202505,1152.61,0.0029,0.0404,Columbus,"Columbus, OH",Franklin County
76592,43224,OH,202506,1168.36,0.0137,0.0676,Columbus,"Columbus, OH",Franklin County
76592,43224,OH,202507,1162.91,-0.0047,0.0647,Columbus,"Columbus, OH",Franklin County
76592,43224,OH,202508,1165.75,0.0024,0.0616,Columbus,"Columbus, OH",Franklin County
76592,43224,OH,202509,1169.71,0.0034,0.056,Columbus,"Columbus, OH",Franklin County
76592,43224,OH,202510,1173.06,0.0029,0.0376,Columbus,"Columbus, OH",Franklin County
76592,43224,OH,202511,1166.84,-0.0053,0.0338,Columbus,"Columbus, OH",Franklin County
76592,43224,OH,202512,1182.79,0.0137,0.0403,Columbus,"Columbus, OH",Franklin County
76592,43224,OH,202601,1179.58,-0.0027,0.0518,Columbus,"Columbus, OH",Franklin County
76592,43224,OH,202602,1188.0,0.0071,0.0472,Columbus,"Columbus, OH",Franklin County
76592,43224,OH,202603,1175.94,-0.0102,0.0392,Columbus,"Columbus, OH",Franklin County
76592,43224,OH,202604,1171.34,-0.0039,0.0192,Columbus,"Columbus, OH",Franklin County
76592,43224,OH,202605,1165.8,-0.0047,0.0114,Columbus,"Columbus, OH",Franklin County
76592,43224,OH,202606,1161.74,-0.0035,-0.0057,Columbus,"Columbus, OH",Franklin County
76592,43224,OH,202607,1176.83,0.013,0.012,Columbus,"Columbus, OH",Franklin County
76592,43224,OH,202608,1168.13,-0.0074,0.002,Columbus,"Columbus, OH",Franklin County
76594,43227,OH,202108,1136.23,,,Columbus,"Columbus, OH",Franklin County
76594,43227,OH,202109,1137.75,0.0013,,Columbus,"Columbus, OH",Franklin County
76594,43227,OH,202110,1128.84,-0.0078,,Columbus,"Columbus, OH",Franklin County
76594,43227,OH,202111,1122.03,-0.006,,Columbus,"Columbus, OH",Franklin County
76594,43227,OH,202112,1106.92,-0.0135,,Columbus,"Columbus, OH",Franklin County
76594,43227,OH,202201,1113.87,0.0063,,Columbus,"Columbus, OH",Franklin County
76594,43227,OH,202202,1127.62,0.0123,,Columbus,"Columbus, OH",Franklin County
76594,43227,OH,202203,1142.04,0.0128,,Columbus,"Columbus, OH",Franklin County
76594,43227,OH,202204,1171.8,0.0261,,Columbus,"Columbus, OH",Franklin County
76594,43227,OH,202205,1181.09,0.0079,,Columbus,"Columbus, OH",Franklin County
76594,43227,OH,202206,1222.24,0.0348,,Columbus,"Columbus, OH",Franklin County
76594,43227,OH,202207,1218.06,-0.0034,,Columbus,"Columbus, OH",Franklin County
76594,43227,OH,202208,1239.51,0.0176,0.0909,Columbus,"Columbus, OH",Franklin County
76594,43227,OH,202209,1208.21,-0.0253,0.0619,Columbus,"Columbus, OH",Franklin County
76594,43227,OH,202210,1200.96,-0.006,0.0639,Columbus,"Columbus, OH",Franklin County
76594,43227,OH,202211,1189.01,-0.01,0.0597,Columbus,"Columbus, OH",Franklin County
76594,43227,OH,202212,1204.84,0.0133,0.0885,Columbus,"Columbus, OH",Franklin County
76594,43227,OH,202301,1210.64,0.0048,0.0869,Columbus,"Columbus, OH",Franklin County
76594,43227,OH,202302,1228.4,0.0147,0.0894,Columbus,"Columbus, OH",Franklin County
76594,43227,OH,202303,1231.35,0.0024,0.0782,Columbus,"Columbus, OH",Franklin County
76594,43227,OH,202304,1254.8,0.019,0.0708,Columbus,"Columbus, OH",Franklin County
76594,43227,OH,202305,1270.7,0.0127,0.0759,Columbus,"Columbus, OH",Franklin County
76594,43227,OH,202306,1268.51,-0.0017,0.0379,Columbus,"Columbus, OH",Franklin County
76594,43227,OH,202307,1259.85,-0.0068,0.0343,Columbus,"Columbus, OH",Franklin County
76594,43227,OH,202308,1270.18,0.0082,0.0247,Columbus,"Columbus, OH",Franklin County
76594,43227,OH,202309,1329.01,0.0463,0.1,Columbus,"Columbus, OH",Franklin County
76594,43227,OH,202310,1315.58,-0.0101,0.0954,Columbus,"Columbus, OH",Franklin County
76594,43227,OH,202311,1305.27,-0.0078,0.0978,Columbus,"Columbus, OH",Franklin County
76594,43227,OH,202312,1273.4,-0.0244,0.0569,Columbus,"Columbus, OH",Franklin County
76594,43227,OH,202401,1302.11,0.0226,0.0756,Columbus,"Columbus, OH",Franklin County
76594,43227,OH,202402,1318.09,0.0123,0.073,Columbus,"Columbus, OH",Franklin County
76594,43227,OH,202403,1328.4,0.0078,0.0788,Columbus,"Columbus, OH",Franklin County
76594,43227,OH,202404,1329.02,0.0005,0.0591,Columbus,"Columbus, OH",Franklin County
76594,43227,OH,202405,1356.34,0.0206,0.0674,Columbus,"Columbus, OH",Franklin County
76594,43227,OH,202406,1380.99,0.0182,0.0887,Columbus,"Columbus, OH",Franklin County
76594,43227,OH,202407,1392.94,0.0087,0.1056,Columbus,"Columbus, OH",Franklin County
76594,43227,OH,202408,1374.86,-0.013,0.0824,Columbus,"Columbus, OH",Franklin County
76594,43227,OH,202409,1354.23,-0.015,0.019,Columbus,"Columbus, OH",Franklin County
76594,43227,OH,202410,1365.84,0.0086,0.0382,Columbus,"Columbus, OH",Franklin County
76594,43227,OH,202411,1362.56,-0.0024,0.0439,Columbus,"Columbus, OH",Franklin County
76594,43227,OH,202412,1376.22,0.01,0.0807,Columbus,"Columbus, OH",Franklin County
76594,43227,OH,202501,1378.74,0.0018,0.0588,Columbus,"Columbus, OH",Franklin County
76594,43227,OH,202502,1396.2,0.0127,0.0593,Columbus,"Columbus, OH",Franklin County
76594,43227,OH,202503,1411.54,0.011,0.0626,Columbus,"Columbus, OH",Franklin County
76594,43227,OH,202504,1422.54,0.0078,0.0704,Columbus,"Columbus, OH",Franklin County
76594,43227,OH,202505,1429.22,0.0047,0.0537,Columbus,"Columbus, OH",Franklin County
76594,43227,OH,202506,1433.97,0.0033,0.0384,Columbus,"Columbus, OH",Franklin County
76594,43227,OH,202507,1451.84,0.0125,0.0423,Columbus,"Columbus, OH",Franklin County
76594,43227,OH,202508,1458.12,0.0043,0.0606,Columbus,"Columbus, OH",Franklin County
76594,43227,OH,202509,1457.46,-0.0005,0.0762,Columbus,"Columbus, OH",Franklin County
76594,43227,OH,202510,1446.21,-0.0077,0.0588,Columbus,"Columbus, OH",Franklin County
76594,43227,OH,202511,1401.75,-0.0307,0.0288,Columbus,"Columbus, OH",Franklin County
76594,43227,OH,202512,1397.28,-0.0032,0.0153,Columbus,"Columbus, OH",Franklin County
76594,43227,OH,202601,1402.93,0.004,0.0175,Columbus,"Columbus, OH",Franklin County
76594,43227,OH,202602,1455.35,0.0374,0.0424,Columbus,"Columbus, OH",Franklin County
76594,43227,OH,202603,1484.32,0.0199,0.0516,Columbus,"Columbus, OH",Franklin County
76594,43227,OH,202604,1483.14,-0.0008,0.0426,Columbus,"Columbus, OH",Franklin County
76594,43227,OH,202605,1485.05,0.0013,0.0391,Columbus,"Columbus, OH",Franklin County
76594,43227,OH,202606,1499.33,0.0096,0.0456,Columbus,"Columbus, OH",Franklin County
76594,43227,OH,202607,1514.83,0.0103,0.0434,Columbus,"Columbus, OH",Franklin County
76594,43227,OH,202608,1542.22,0.0181,0.0577,Columbus,"Columbus, OH",Franklin County
76595,43228,OH,202011,957.33,,,Columbus,"Columbus, OH",Franklin County
76595,43228,OH,202012,943.51,-0.0144,,Columbus,"Columbus, OH",Franklin County
76595,43228,OH,202101,941.84,-0.0018,,Columbus,"Columbus, OH",Franklin County
76595,43228,OH,202102,927.07,-0.0157,,Columbus,"Columbus, OH",Franklin County
76595,43228,OH,202103,937.8,0.0116,,Columbus,"Columbus, OH",Franklin County
76595,43228,OH,202104,946.21,0.009,,Columbus,"Columbus, OH",Franklin County
76595,43228,OH,202105,967.89,0.0229,,Columbus,"Columbus, OH",Franklin County
76595,43228,OH,202106,984.38,0.017,,Columbus,"Columbus, OH",Franklin County
76595,43228,OH,202107,1016.81,0.0329,,Columbus,"Columbus, OH",Franklin County
76595,43228,OH,202108,1034.65,0.0175,,Columbus,"Columbus, OH",Franklin County
76595,43228,OH,202109,1054.22,0.0189,,Columbus,"Columbus, OH",Franklin County
76595,43228,OH,202110,1052.81,-0.0013,,Columbus,"Columbus, OH",Franklin County
76595,43228,OH,202111,1055.2,0.0023,0.1022,Columbus,"Columbus, OH",Franklin County
76595,43228,OH,202112,1067.85,0.012,0.1318,Columbus,"Columbus, OH",Franklin County
76595,43228,OH,202201,1063.68,-0.0039,0.1294,Columbus,"Columbus, OH",Franklin County
76595,43228,OH,202202,1065.77,0.002,0.1496,Columbus,"Columbus, OH",Franklin County
76595,43228,OH,202203,1067.19,0.0013,0.138,Columbus,"Columbus, OH",Franklin County
76595,43228,OH,202204,1077.7,0.0098,0.139,Columbus,"Columbus, OH",Franklin County
76595,43228,OH,202205,1101.58,0.0222,0.1381,Columbus,"Columbus, OH",Franklin County
76595,43228,OH,202206,1127.52,0.0236,0.1454,Columbus,"Columbus, OH",Franklin County
76595,43228,OH,202207,1152.86,0.0225,0.1338,Columbus,"Columbus, OH",Franklin County
76595,43228,OH,202208,1159.75,0.006,0.1209,Columbus,"Columbus, OH",Franklin County
76595,43228,OH,202209,1153.99,-0.005,0.0946,Columbus,"Columbus, OH",Franklin County
76595,43228,OH,202210,1150.69,-0.0029,0.093,Columbus,"Columbus, OH",Franklin County
76595,43228,OH,202211,1159.92,0.008,0.0992,Columbus,"Columbus, OH",Franklin County
76595,43228,OH,202212,1170.45,0.0091,0.0961,Columbus,"Columbus, OH",Franklin County
76595,43228,OH,202301,1165.66,-0.0041,0.0959,Columbus,"Columbus, OH",Franklin County
76595,43228,OH,202302,1153.81,-0.0102,0.0826,Columbus,"Columbus, OH",Franklin County
76595,43228,OH,202303,1168.98,0.0132,0.0954,Columbus,"Columbus, OH",Franklin County
76595,43228,OH,202304,1183.95,0.0128,0.0986,Columbus,"Columbus, OH",Franklin County
76595,43228,OH,202305,1196.29,0.0104,0.086,Columbus,"Columbus, OH",Franklin County
76595,43228,OH,202306,1181.08,-0.0127,0.0475,Columbus,"Columbus, OH",Franklin County
76595,43228,OH,202307,1191.66,0.009,0.0337,Columbus,"Columbus, OH",Franklin County
76595,43228,OH,202308,1199.73,0.0068,0.0345,Columbus,"Columbus, OH",Franklin County
76595,43228,OH,202309,1205.12,0.0045,0.0443,Columbus,"Columbus, OH",Franklin County
76595,43228,OH,202310,1200.58,-0.0038,0.0434,Columbus,"Columbus, OH",Franklin County
76595,43228,OH,202311,1188.13,-0.0104,0.0243,Columbus,"Columbus, OH",Franklin County
76595,43228,OH,202312,1197.03,0.0075,0.0227,Columbus,"Columbus, OH",Franklin County
76595,43228,OH,202401,1199.51,0.0021,0.029,Columbus,"Columbus, OH",Franklin County
76595,43228,OH,202402,1215.91,0.0137,0.0538,Columbus,"Columbus, OH",Franklin County
76595,43228,OH,202403,1210.3,-0.0046,0.0353,Columbus,"Columbus, OH",Franklin County
76595,43228,OH,202404,1231.7,0.0177,0.0403,Columbus,"Columbus, OH",Franklin County
76595,43228,OH,202405,1261.25,0.024,0.0543,Columbus,"Columbus, OH",Franklin County
76595,43228,OH,202406,1280.22,0.015,0.0839,Columbus,"Columbus, OH",Franklin County
76595,43228,OH,202407,1276.01,-0.0033,0.0708,Columbus,"Columbus, OH",Franklin County
76595,43228,OH,202408,1264.29,-0.0092,0.0538,Columbus,"Columbus, OH",Franklin County
76595,43228,OH,202409,1260.42,-0.0031,0.0459,Columbus,"Columbus, OH",Franklin County
76595,43228,OH,202410,1260.54,0.0001,0.0499,Columbus,"Columbus, OH",Franklin County
76595,43228,OH,202411,1256.49,-0.0032,0.0575,Columbus,"Columbus, OH",Franklin County
76595,43228,OH,202412,1255.75,-0.0006,0.0491,Columbus,"Columbus, OH",Franklin County
76595,43228,OH,202501,1244.91,-0.0086,0.0378,Columbus,"Columbus, OH",Franklin County
76595,43228,OH,202502,1251.09,0.005,0.0289,Columbus,"Columbus, OH",Franklin County
76595,43228,OH,202503,1263.19,0.0097,0.0437,Columbus,"Columbus, OH",Franklin County
76595,43228,OH,202504,1275.29,0.0096,0.0354,Columbus,"Columbus, OH",Franklin County
76595,43228,OH,202505,1278.04,0.0022,0.0133,Columbus,"Columbus, OH",Franklin County
76595,43228,OH,202506,1273.54,-0.0035,-0.0052,Columbus,"Columbus, OH",Franklin County
76595,43228,OH,202507,1279.69,0.0048,0.0029,Columbus,"Columbus, OH",Franklin County
76595,43228,OH,202508,1272.71,-0.0055,0.0067,Columbus,"Columbus, OH",Franklin County
76595,43228,OH,202509,1262.94,-0.0077,0.002,Columbus,"Columbus, OH",Franklin County
76595,43228,OH,202510,1258.87,-0.0032,-0.0013,Columbus,"Columbus, OH",Franklin County
76595,43228,OH,202511,1253.52,-0.0042,-0.0024,Columbus,"Columbus, OH",Franklin County
76595,43228,OH,202512,1253.41,-0.0001,-0.0019,Columbus,"Columbus, OH",Franklin County
76595,43228,OH,202601,1247.92,-0.0044,0.0024,Columbus,"Columbus, OH",Franklin County
76595,43228,OH,202602,1253.18,0.0042,0.0017,Columbus,"Columbus, OH",Franklin County
76595,43228,OH,202603,1246.71,-0.0052,-0.0131,Columbus,"Columbus, OH",Franklin County
76595,43228,OH,202604,1247.11,0.0003,-0.0221,Columbus,"Columbus, OH",Franklin County
76595,43228,OH,202605,1242.94,-0.0033,-0.0275,Columbus,"Columbus, OH",Franklin County
76595,43228,OH,202606,1253.35,0.0084,-0.0159,Columbus,"Columbus, OH",Franklin County
76595,43228,OH,202607,1255.33,0.0016,-0.019,Columbus,"Columbus, OH",Franklin County
76595,43228,OH,202608,1272.6,0.0138,-0.0001,Columbus,"Columbus, OH",Franklin County
76596,43229,OH,202203,1076.71,,,Columbus,"Columbus, OH",Franklin County
76596,43229,OH,202204,1092.13,0.0143,,Columbus,"Columbus, OH",Franklin County
76596,43229,OH,202205,1100.72,0.0079,,Columbus,"Columbus, OH",Franklin County
76596,43229,OH,202206,1135.71,0.0318,,Columbus,"Columbus, OH",Franklin County
76596,43229,OH,202207,1151.22,0.0137,,Columbus,"Columbus, OH",Franklin County
76596,43229,OH,202208,1172.03,0.0181,,Columbus,"Columbus, OH",Franklin County
76596,43229,OH,202209,1153.57,-0.0157,,Columbus,"Columbus, OH",Franklin County
76596,43229,OH,202210,1154.66,0.0009,,Columbus,"Columbus, OH",Franklin County
76596,43229,OH,202211,1127.94,-0.0231,,Columbus,"Columbus, OH",Franklin County
76596,43229,OH,202212,1137.7,0.0087,,Columbus,"Columbus, OH",Franklin County
76596,43229,OH,202301,1121.01,-0.0147,,Columbus,"Columbus, OH",Franklin County
76596,43229,OH,202302,1135.17,0.0126,,Columbus,"Columbus, OH",Franklin County
76596,43229,OH,202303,1121.44,-0.0121,0.0415,Columbus,"Columbus, OH",Franklin County
76596,43229,OH,202304,1123.32,0.0017,0.0286,Columbus,"Columbus, OH",Franklin County
76596,43229,OH,202305,1121.77,-0.0014,0.0191,Columbus,"Columbus, OH",Franklin County
76596,43229,OH,202306,1141.94,0.018,0.0055,Columbus,"Columbus, OH",Franklin County
76596,43229,OH,202307,1164.38,0.0196,0.0114,Columbus,"Columbus, OH",Franklin County
76596,43229,OH,202308,1197.81,0.0287,0.022,Columbus,"Columbus, OH",Franklin County
76596,43229,OH,202309,1200.81,0.0025,0.0409,Columbus,"Columbus, OH",Franklin County
76596,43229,OH,202310,1228.5,0.0231,0.064,Columbus,"Columbus, OH",Franklin County
76596,43229,OH,202311,1222.79,-0.0047,0.0841,Columbus,"Columbus, OH",Franklin County
76596,43229,OH,202312,1231.5,0.0071,0.0824,Columbus,"Columbus, OH",Franklin County
76596,43229,OH,202401,1227.04,-0.0036,0.0946,Columbus,"Columbus, OH",Franklin County
76596,43229,OH,202402,1232.45,0.0044,0.0857,Columbus,"Columbus, OH",Franklin County
76596,43229,OH,202403,1223.15,-0.0075,0.0907,Columbus,"Columbus, OH",Franklin County
76596,43229,OH,202404,1203.11,-0.0164,0.071,Columbus,"Columbus, OH",Franklin County
76596,43229,OH,202405,1196.48,-0.0055,0.0666,Columbus,"Columbus, OH",Franklin County
76596,43229,OH,202406,1211.16,0.0123,0.0606,Columbus,"Columbus, OH",Franklin County
76596,43229,OH,202407,1224.26,0.0108,0.0514,Columbus,"Columbus, OH",Franklin County
76596,43229,OH,202408,1238.4,0.0116,0.0339,Columbus,"Columbus, OH",Franklin County
76596,43229,OH,202409,1252.43,0.0113,0.043,Columbus,"Columbus, OH",Franklin County
76596,43229,OH,202410,1259.91,0.006,0.0256,Columbus,"Columbus, OH",Franklin County
76596,43229,OH,202411,1266.15,0.005,0.0355,Columbus,"Columbus, OH",Franklin County
76596,43229,OH,202412,1266.29,0.0001,0.0282,Columbus,"Columbus, OH",Franklin County
76596,43229,OH,202501,1280.47,0.0112,0.0435,Columbus,"Columbus, OH",Franklin County
76596,43229,OH,202502,1285.83,0.0042,0.0433,Columbus,"Columbus, OH",Franklin County
76596,43229,OH,202503,1305.13,0.015,0.067,Columbus,"Columbus, OH",Franklin County
76596,43229,OH,202504,1294.19,-0.0084,0.0757,Columbus,"Columbus, OH",Franklin County
76596,43229,OH,202505,1303.75,0.0074,0.0897,Columbus,"Columbus, OH",Franklin County
76596,43229,OH,202506,1299.76,-0.0031,0.0732,Columbus,"Columbus, OH",Franklin County
76596,43229,OH,202507,1314.71,0.0115,0.0739,Columbus,"Columbus, OH",Franklin County
76596,43229,OH,202508,1287.54,-0.0207,0.0397,Columbus,"Columbus, OH",Franklin County
76596,43229,OH,202509,1280.82,-0.0052,0.0227,Columbus,"Columbus, OH",Franklin County
76596,43229,OH,202510,1290.96,0.0079,0.0246,Columbus,"Columbus, OH",Franklin County
76596,43229,OH,202511,1318.86,0.0216,0.0416,Columbus,"Columbus, OH",Franklin County
76596,43229,OH,202512,1325.37,0.0049,0.0467,Columbus,"Columbus, OH",Franklin County
76596,43229,OH,202601,1320.68,-0.0035,0.0314,Columbus,"Columbus, OH",Franklin County
76596,43229,OH,202602,1326.43,0.0044,0.0316,Columbus,"Columbus, OH",Franklin County
76596,43229,OH,202603,1345.71,0.0145,0.0311,Columbus,"Columbus, OH",Franklin County
76596,43229,OH,202604,1341.32,-0.0033,0.0364,Columbus,"Columbus, OH",Franklin County
76596,43229,OH,202606,1339.16,-0.0016,0.0272,Columbus,"Columbus, OH",Franklin County
76596,43229,OH,202607,1348.72,0.0071,0.0377,Columbus,"Columbus, OH",Franklin County
76596,43229,OH,202608,1334.89,-0.0103,0.0154,Columbus,"Columbus, OH",Franklin County
76597,43230,OH,202012,1150.71,,,Gahanna,"Columbus, OH",Franklin County
76597,43230,OH,202101,1145.46,-0.0046,,Gahanna,"Columbus, OH",Franklin County
76597,43230,OH,202103,1145.94,0.0004,,Gahanna,"Columbus, OH",Franklin County
76597,43230,OH,202104,1165.26,0.0169,,Gahanna,"Columbus, OH",Franklin County
76597,43230,OH,202105,1183.71,0.0158,,Gahanna,"Columbus, OH",Franklin County
76597,43230,OH,202106,1196.13,0.0105,,Gahanna,"Columbus, OH",Franklin County
76597,43230,OH,202107,1203.35,0.006,,Gahanna,"Columbus, OH",Franklin County
76597,43230,OH,202108,1208.73,0.0045,,Gahanna,"Columbus, OH",Franklin County
76597,43230,OH,202109,1223.9,0.0126,,Gahanna,"Columbus, OH",Franklin County
76597,43230,OH,202110,1231.45,0.0062,,Gahanna,"Columbus, OH",Franklin County
76597,43230,OH,202111,1237.37,0.0048,,Gahanna,"Columbus, OH",Franklin County
76597,43230,OH,202112,1229.27,-0.0065,,Gahanna,"Columbus, OH",Franklin County
76597,43230,OH,202201,1235.58,0.0051,0.0738,Gahanna,"Columbus, OH",Franklin County
76597,43230,OH,202202,1243.27,0.0062,0.0854,Gahanna,"Columbus, OH",Franklin County
76597,43230,OH,202203,1265.03,0.0175,0.1039,Gahanna,"Columbus, OH",Franklin County
76597,43230,OH,202204,1275.98,0.0087,0.095,Gahanna,"Columbus, OH",Franklin County
76597,43230,OH,202205,1301.0,0.0196,0.0991,Gahanna,"Columbus, OH",Franklin County
76597,43230,OH,202206,1315.21,0.0109,0.0996,Gahanna,"Columbus, OH",Franklin County
76597,43230,OH,202207,1331.64,0.0125,0.1066,Gahanna,"Columbus, OH",Franklin County
76597,43230,OH,202208,1323.06,-0.0064,0.0946,Gahanna,"Columbus, OH",Franklin County
76597,43230,OH,202209,1326.64,0.0027,0.0839,Gahanna,"Columbus, OH",Franklin County
76597,43230,OH,202210,1311.78,-0.0112,0.0652,Gahanna,"Columbus, OH",Franklin County
76597,43230,OH,202211,1289.09,-0.0173,0.0418,Gahanna,"Columbus, OH",Franklin County
76597,43230,OH,202212,1287.6,-0.0012,0.0474,Gahanna,"Columbus, OH",Franklin County
76597,43230,OH,202301,1293.9,0.0049,0.0472,Gahanna,"Columbus, OH",Franklin County
76597,43230,OH,202302,1329.58,0.0276,0.0694,Gahanna,"Columbus, OH",Franklin County
76597,43230,OH,202303,1335.28,0.0043,0.0555,Gahanna,"Columbus, OH",Franklin County
76597,43230,OH,202304,1362.85,0.0207,0.0681,Gahanna,"Columbus, OH",Franklin County
76597,43230,OH,202305,1379.5,0.0122,0.0603,Gahanna,"Columbus, OH",Franklin County
76597,43230,OH,202306,1394.87,0.0111,0.0606,Gahanna,"Columbus, OH",Franklin County
76597,43230,OH,202307,1400.67,0.0042,0.0518,Gahanna,"Columbus, OH",Franklin County
76597,43230,OH,202308,1395.48,-0.0037,0.0547,Gahanna,"Columbus, OH",Franklin County
76597,43230,OH,202309,1402.23,0.0048,0.057,Gahanna,"Columbus, OH",Franklin County
76597,43230,OH,202310,1387.9,-0.0102,0.058,Gahanna,"Columbus, OH",Franklin County
76597,43230,OH,202311,1389.78,0.0014,0.0781,Gahanna,"Columbus, OH",Franklin County
76597,43230,OH,202312,1368.51,-0.0153,0.0628,Gahanna,"Columbus, OH",Franklin County
76597,43230,OH,202401,1372.45,0.0029,0.0607,Gahanna,"Columbus, OH",Franklin County
76597,43230,OH,202402,1385.43,0.0095,0.042,Gahanna,"Columbus, OH",Franklin County
76597,43230,OH,202403,1398.76,0.0096,0.0475,Gahanna,"Columbus, OH",Franklin County
76597,43230,OH,202404,1430.03,0.0224,0.0493,Gahanna,"Columbus, OH",Franklin County
76597,43230,OH,202405,1439.02,0.0063,0.0431,Gahanna,"Columbus, OH",Franklin County
76597,43230,OH,202406,1466.25,0.0189,0.0512,Gahanna,"Columbus, OH",Franklin County
76597,43230,OH,202407,1459.93,-0.0043,0.0423,Gahanna,"Columbus, OH",Franklin County
76597,43230,OH,202408,1466.69,0.0046,0.051,Gahanna,"Columbus, OH",Franklin County
76597,43230,OH,202409,1472.84,0.0042,0.0504,Gahanna,"Columbus, OH",Franklin County
76597,43230,OH,202410,1454.58,-0.0124,0.048,Gahanna,"Columbus, OH",Franklin County
76597,43230,OH,202411,1434.73,-0.0136,0.0323,Gahanna,"Columbus, OH",Franklin County
76597,43230,OH,202412,1420.26,-0.0101,0.0378,Gahanna,"Columbus, OH",Franklin County
76597,43230,OH,202501,1432.58,0.0087,0.0438,Gahanna,"Columbus, OH",Franklin County
76597,43230,OH,202502,1453.51,0.0146,0.0491,Gahanna,"Columbus, OH",Franklin County
76597,43230,OH,202503,1480.92,0.0189,0.0587,Gahanna,"Columbus, OH",Franklin County
76597,43230,OH,202504,1500.94,0.0135,0.0496,Gahanna,"Columbus, OH",Franklin County
76597,43230,OH,202505,1510.79,0.0066,0.0499,Gahanna,"Columbus, OH",Franklin County
76597,43230,OH,202506,1518.7,0.0052,0.0358,Gahanna,"Columbus, OH",Franklin County
76597,43230,OH,202507,1522.42,0.0025,0.0428,Gahanna,"Columbus, OH",Franklin County
76597,43230,OH,202508,1512.03,-0.0068,0.0309,Gahanna,"Columbus, OH",Franklin County
76597,43230,OH,202509,1503.78,-0.0055,0.021,Gahanna,"Columbus, OH",Franklin County
76597,43230,OH,202510,1473.99,-0.0198,0.0133,Gahanna,"Columbus, OH",Franklin County
76597,43230,OH,202511,1460.45,-0.0092,0.0179,Gahanna,"Columbus, OH",Franklin County
76597,43230,OH,202512,1442.45,-0.0123,0.0156,Gahanna,"Columbus, OH",Franklin County
76597,43230,OH,202601,1478.04,0.0247,0.0317,Gahanna,"Columbus, OH",Franklin County
76597,43230,OH,202602,1501.96,0.0162,0.0333,Gahanna,"Columbus, OH",Franklin County
76597,43230,OH,202603,1520.17,0.0121,0.0265,Gahanna,"Columbus, OH",Franklin County
76597,43230,OH,202604,1523.07,0.0019,0.0147,Gahanna,"Columbus, OH",Franklin County
76597,43230,OH,202605,1544.98,0.0144,0.0226,Gahanna,"Columbus, OH",Franklin County
76597,43230,OH,202606,1553.71,0.0057,0.0231,Gahanna,"Columbus, OH",Franklin County
76597,43230,OH,202607,1566.1,0.008,0.0287,Gahanna,"Columbus, OH",Franklin County
76597,43230,OH,202608,1557.16,-0.0057,0.0298,Gahanna,"Columbus, OH",Franklin County
76598,43231,OH,202510,1407.12,,,Minerva Park,"Columbus, OH",Franklin County
76598,43231,OH,202511,1422.98,0.0113,,Minerva Park,"Columbus, OH",Franklin County
76598,43231,OH,202512,1396.59,-0.0185,,Minerva Park,"Columbus, OH",Franklin County
76598,43231,OH,202601,1386.71,-0.0071,,Minerva Park,"Columbus, OH",Franklin County
76598,43231,OH,202602,1373.43,-0.0096,,Minerva Park,"Columbus, OH",Franklin County
76598,43231,OH,202603,1411.3,0.0276,,Minerva Park,"Columbus, OH",Franklin County
76598,43231,OH,202604,1460.58,0.0349,,Minerva Park,"Columbus, OH",Franklin County
76598,43231,OH,202605,1467.54,0.0048,,Minerva Park,"Columbus, OH",Franklin County
76598,43231,OH,202606,1478.24,0.0073,,Minerva Park,"Columbus, OH",Franklin County
76598,43231,OH,202607,1438.36,-0.027,,Minerva Park,"Columbus, OH",Franklin County
76598,43231,OH,202608,1464.49,0.0182,,Minerva Park,"Columbus, OH",Franklin County
76599,43232,OH,202206,1114.62,,,Columbus,"Columbus, OH",Franklin County
76599,43232,OH,202207,1120.41,0.0052,,Columbus,"Columbus, OH",Franklin County
76599,43232,OH,202208,1115.57,-0.0043,,Columbus,"Columbus, OH",Franklin County
76599,43232,OH,202209,1147.5,0.0286,,Columbus,"Columbus, OH",Franklin County
76599,43232,OH,202210,1152.66,0.0045,,Columbus,"Columbus, OH",Franklin County
76599,43232,OH,202211,1154.63,0.0017,,Columbus,"Columbus, OH",Franklin County
76599,43232,OH,202212,1147.25,-0.0064,,Columbus,"Columbus, OH",Franklin County
76599,43232,OH,202301,1137.5,-0.0085,,Columbus,"Columbus, OH",Franklin County
76599,43232,OH,202302,1135.82,-0.0015,,Columbus,"Columbus, OH",Franklin County
76599,43232,OH,202303,1123.49,-0.0109,,Columbus,"Columbus, OH",Franklin County
76599,43232,OH,202304,1143.8,0.0181,,Columbus,"Columbus, OH",Franklin County
76599,43232,OH,202305,1159.5,0.0137,,Columbus,"Columbus, OH",Franklin County
76599,43232,OH,202306,1173.11,0.0117,0.0525,Columbus,"Columbus, OH",Franklin County
76599,43232,OH,202307,1171.71,-0.0012,0.0458,Columbus,"Columbus, OH",Franklin County
76599,43232,OH,202308,1165.62,-0.0052,0.0449,Columbus,"Columbus, OH",Franklin County
76599,43232,OH,202309,1150.36,-0.0131,0.0025,Columbus,"Columbus, OH",Franklin County
76599,43232,OH,202310,1149.47,-0.0008,-0.0028,Columbus,"Columbus, OH",Franklin County
76599,43232,OH,202311,1158.82,0.0081,0.0036,Columbus,"Columbus, OH",Franklin County
76599,43232,OH,202312,1182.88,0.0208,0.0311,Columbus,"Columbus, OH",Franklin County
76599,43232,OH,202401,1195.5,0.0107,0.051,Columbus,"Columbus, OH",Franklin County
76599,43232,OH,202402,1216.03,0.0172,0.0706,Columbus,"Columbus, OH",Franklin County
76599,43232,OH,202403,1235.56,0.0161,0.0997,Columbus,"Columbus, OH",Franklin County
76599,43232,OH,202404,1230.83,-0.0038,0.0761,Columbus,"Columbus, OH",Franklin County
76599,43232,OH,202405,1226.4,-0.0036,0.0577,Columbus,"Columbus, OH",Franklin County
76599,43232,OH,202406,1234.85,0.0069,0.0526,Columbus,"Columbus, OH",Franklin County
76599,43232,OH,202407,1258.02,0.0188,0.0737,Columbus,"Columbus, OH",Franklin County
76599,43232,OH,202408,1279.0,0.0167,0.0973,Columbus,"Columbus, OH",Franklin County
76599,43232,OH,202409,1272.18,-0.0053,0.1059,Columbus,"Columbus, OH",Franklin County
76599,43232,OH,202410,1269.18,-0.0024,0.1041,Columbus,"Columbus, OH",Franklin County
76599,43232,OH,202411,1256.37,-0.0101,0.0842,Columbus,"Columbus, OH",Franklin County
76599,43232,OH,202412,1263.57,0.0057,0.0682,Columbus,"Columbus, OH",Franklin County
76599,43232,OH,202501,1260.34,-0.0026,0.0542,Columbus,"Columbus, OH",Franklin County
76599,43232,OH,202502,1290.82,0.0242,0.0615,Columbus,"Columbus, OH",Franklin County
76599,43232,OH,202503,1302.31,0.0089,0.054,Columbus,"Columbus, OH",Franklin County
76599,43232,OH,202504,1329.89,0.0212,0.0805,Columbus,"Columbus, OH",Franklin County
76599,43232,OH,202505,1328.59,-0.001,0.0833,Columbus,"Columbus, OH",Franklin County
76599,43232,OH,202506,1335.29,0.005,0.0813,Columbus,"Columbus, OH",Franklin County
76599,43232,OH,202507,1340.67,0.004,0.0657,Columbus,"Columbus, OH",Franklin County
76599,43232,OH,202508,1330.94,-0.0073,0.0406,Columbus,"Columbus, OH",Franklin County
76599,43232,OH,202509,1324.36,-0.0049,0.041,Columbus,"Columbus, OH",Franklin County
76599,43232,OH,202510,1312.94,-0.0086,0.0345,Columbus,"Columbus, OH",Franklin County
76599,43232,OH,202511,1317.95,0.0038,0.049,Columbus,"Columbus, OH",Franklin County
76599,43232,OH,202512,1315.89,-0.0016,0.0414,Columbus,"Columbus, OH",Franklin County
76599,43232,OH,202601,1311.6,-0.0033,0.0407,Columbus,"Columbus, OH",Franklin County
76599,43232,OH,202602,1319.66,0.0061,0.0223,Columbus,"Columbus, OH",Franklin County
76599,43232,OH,202603,1333.2,0.0103,0.0237,Columbus,"Columbus, OH",Franklin County
76599,43232,OH,202604,1343.74,0.0079,0.0104,Columbus,"Columbus, OH",Franklin County
76599,43232,OH,202605,1340.91,-0.0021,0.0093,Columbus,"Columbus, OH",Franklin County
76599,43232,OH,202606,1342.5,0.0012,0.0054,Columbus,"Columbus, OH",Franklin County
76599,43232,OH,202607,1349.04,0.0049,0.0062,Columbus,"Columbus, OH",Franklin County
76599,43232,OH,202608,1355.98,0.0051,0.0188,Columbus,"Columbus, OH",Franklin County
76601,43235,OH,202009,1099.76,,,Columbus,"Columbus, OH",Franklin County
76601,43235,OH,202010,1096.46,-0.003,,Columbus,"Columbus, OH",Franklin County
76601,43235,OH,202011,1100.79,0.004,,Columbus,"Columbus, OH",Franklin County
76601,43235,OH,202012,1097.21,-0.0032,,Columbus,"Columbus, OH",Franklin County
76601,43235,OH,202101,1093.41,-0.0035,,Columbus,"Columbus, OH",Franklin County
76601,43235,OH,202102,1101.69,0.0076,,Columbus,"Columbus, OH",Franklin County
76601,43235,OH,202103,1121.06,0.0176,,Columbus,"Columbus, OH",Franklin County
76601,43235,OH,202104,1135.2,0.0126,,Columbus,"Columbus, OH",Franklin County
76601,43235,OH,202105,1154.55,0.017,,Columbus,"Columbus, OH",Franklin County
76601,43235,OH,202106,1172.93,0.0159,,Columbus,"Columbus, OH",Franklin County
76601,43235,OH,202107,1189.55,0.0142,,Columbus,"Columbus, OH",Franklin County
76601,43235,OH,202108,1197.04,0.0063,,Columbus,"Columbus, OH",Franklin County
76601,43235,OH,202109,1210.79,0.0115,0.101,Columbus,"Columbus, OH",Franklin County
76601,43235,OH,202110,1217.01,0.0051,0.1099,Columbus,"Columbus, OH",Franklin County
76601,43235,OH,202111,1215.09,-0.0016,0.1038,Columbus,"Columbus, OH",Franklin County
76601,43235,OH,202112,1213.71,-0.0011,0.1062,Columbus,"Columbus, OH",Franklin County
76601,43235,OH,202201,1222.56,0.0073,0.1181,Columbus,"Columbus, OH",Franklin County
76601,43235,OH,202202,1243.21,0.0169,0.1285,Columbus,"Columbus, OH",Franklin County
76601,43235,OH,202203,1254.98,0.0095,0.1195,Columbus,"Columbus, OH",Franklin County
76601,43235,OH,202204,1264.0,0.0072,0.1135,Columbus,"Columbus, OH",Franklin County
76601,43235,OH,202205,1272.79,0.007,0.1024,Columbus,"Columbus, OH",Franklin County
76601,43235,OH,202206,1306.95,0.0268,0.1143,Columbus,"Columbus, OH",Franklin County
76601,43235,OH,202207,1325.92,0.0145,0.1146,Columbus,"Columbus, OH",Franklin County
76601,43235,OH,202208,1340.9,0.0113,0.1202,Columbus,"Columbus, OH",Franklin County
76601,43235,OH,202209,1321.38,-0.0146,0.0913,Columbus,"Columbus, OH",Franklin County
76601,43235,OH,202210,1319.41,-0.0015,0.0841,Columbus,"Columbus, OH",Franklin County
76601,43235,OH,202211,1291.7,-0.021,0.0631,Columbus,"Columbus, OH",Franklin County
76601,43235,OH,202212,1289.31,-0.0018,0.0623,Columbus,"Columbus, OH",Franklin County
76601,43235,OH,202301,1284.95,-0.0034,0.051,Columbus,"Columbus, OH",Franklin County
76601,43235,OH,202302,1284.03,-0.0007,0.0328,Columbus,"Columbus, OH",Franklin County
76601,43235,OH,202303,1297.76,0.0107,0.0341,Columbus,"Columbus, OH",Franklin County
76601,43235,OH,202304,1303.74,0.0046,0.0314,Columbus,"Columbus, OH",Franklin County
76601,43235,OH,202305,1338.16,0.0264,0.0514,Columbus,"Columbus, OH",Franklin County
76601,43235,OH,202306,1346.32,0.0061,0.0301,Columbus,"Columbus, OH",Franklin County
76601,43235,OH,202307,1353.08,0.005,0.0205,Columbus,"Columbus, OH",Franklin County
76601,43235,OH,202308,1345.87,-0.0053,0.0037,Columbus,"Columbus, OH",Franklin County
76601,43235,OH,202309,1334.35,-0.0086,0.0098,Columbus,"Columbus, OH",Franklin County
76601,43235,OH,202310,1329.27,-0.0038,0.0075,Columbus,"Columbus, OH",Franklin County
76601,43235,OH,202311,1325.65,-0.0027,0.0263,Columbus,"Columbus, OH",Franklin County
76601,43235,OH,202312,1340.81,0.0114,0.0399,Columbus,"Columbus, OH",Franklin County
76601,43235,OH,202401,1347.47,0.005,0.0486,Columbus,"Columbus, OH",Franklin County
76601,43235,OH,202402,1362.09,0.0109,0.0608,Columbus,"Columbus, OH",Franklin County
76601,43235,OH,202403,1351.68,-0.0076,0.0415,Columbus,"Columbus, OH",Franklin County
76601,43235,OH,202404,1367.42,0.0116,0.0488,Columbus,"Columbus, OH",Franklin County
76601,43235,OH,202405,1377.32,0.0072,0.0293,Columbus,"Columbus, OH",Franklin County
76601,43235,OH,202406,1392.24,0.0108,0.0341,Columbus,"Columbus, OH",Franklin County
76601,43235,OH,202407,1384.98,-0.0052,0.0236,Columbus,"Columbus, OH",Franklin County
76601,43235,OH,202408,1384.9,-0.0001,0.029,Columbus,"Columbus, OH",Franklin County
76601,43235,OH,202409,1385.37,0.0003,0.0382,Columbus,"Columbus, OH",Franklin County
76601,43235,OH,202410,1390.29,0.0036,0.0459,Columbus,"Columbus, OH",Franklin County
76601,43235,OH,202411,1399.17,0.0064,0.0555,Columbus,"Columbus, OH",Franklin County
76601,43235,OH,202412,1395.99,-0.0023,0.0412,Columbus,"Columbus, OH",Franklin County
76601,43235,OH,202501,1395.69,-0.0002,0.0358,Columbus,"Columbus, OH",Franklin County
76601,43235,OH,202502,1379.2,-0.0118,0.0126,Columbus,"Columbus, OH",Franklin County
76601,43235,OH,202503,1385.12,0.0043,0.0247,Columbus,"Columbus, OH",Franklin County
76601,43235,OH,202504,1396.67,0.0083,0.0214,Columbus,"Columbus, OH",Franklin County
76601,43235,OH,202505,1410.57,0.0099,0.0241,Columbus,"Columbus, OH",Franklin County
76601,43235,OH,202506,1418.16,0.0054,0.0186,Columbus,"Columbus, OH",Franklin County
76601,43235,OH,202507,1406.25,-0.0084,0.0154,Columbus,"Columbus, OH",Franklin County
76601,43235,OH,202508,1394.71,-0.0082,0.0071,Columbus,"Columbus, OH",Franklin County
76601,43235,OH,202509,1373.26,-0.0154,-0.0087,Columbus,"Columbus, OH",Franklin County
76601,43235,OH,202510,1371.66,-0.0012,-0.0134,Columbus,"Columbus, OH",Franklin County
76601,43235,OH,202511,1379.71,0.0059,-0.0139,Columbus,"Columbus, OH",Franklin County
76601,43235,OH,202512,1391.0,0.0082,-0.0036,Columbus,"Columbus, OH",Franklin County
76601,43235,OH,202601,1391.05,0.0,-0.0033,Columbus,"Columbus, OH",Franklin County
76601,43235,OH,202602,1387.75,-0.0024,0.0062,Columbus,"Columbus, OH",Franklin County
76601,43235,OH,202603,1382.83,-0.0035,-0.0017,Columbus,"Columbus, OH",Franklin County
76601,43235,OH,202604,1406.14,0.0169,0.0068,Columbus,"Columbus, OH",Franklin County
76601,43235,OH,202605,1415.01,0.0063,0.0031,Columbus,"Columbus, OH",Franklin County
76601,43235,OH,202606,1426.2,0.0079,0.0057,Columbus,"Columbus, OH",Franklin County
76601,43235,OH,202607,1426.37,0.0001,0.0143,Columbus,"Columbus, OH",Franklin County
76601,43235,OH,202608,1435.98,0.0067,0.0296,Columbus,"Columbus, OH",Franklin County
76603,43240,OH,202112,1247.19,,,Columbus,"Columbus, OH",Delaware County
76603,43240,OH,202201,1262.99,0.0127,,Columbus,"Columbus, OH",Delaware County
76603,43240,OH,202202,1252.28,-0.0085,,Columbus,"Columbus, OH",Delaware County
76603,43240,OH,202203,1236.78,-0.0124,,Columbus,"Columbus, OH",Delaware County
76603,43240,OH,202204,1256.28,0.0158,,Columbus,"Columbus, OH",Delaware County
76603,43240,OH,202205,1291.75,0.0282,,Columbus,"Columbus, OH",Delaware County
76603,43240,OH,202206,1323.66,0.0247,,Columbus,"Columbus, OH",Delaware County
76603,43240,OH,202207,1363.39,0.03,,Columbus,"Columbus, OH",Delaware County
76603,43240,OH,202208,1383.94,0.0151,,Columbus,"Columbus, OH",Delaware County
76603,43240,OH,202209,1389.02,0.0037,,Columbus,"Columbus, OH",Delaware County
76603,43240,OH,202210,1348.13,-0.0294,,Columbus,"Columbus, OH",Delaware County
76603,43240,OH,202211,1314.31,-0.0251,,Columbus,"Columbus, OH",Delaware County
76603,43240,OH,202212,1290.8,-0.0179,0.035,Columbus,"Columbus, OH",Delaware County
76603,43240,OH,202301,1291.69,0.0007,0.0227,Columbus,"Columbus, OH",Delaware County
76603,43240,OH,202302,1285.61,-0.0047,0.0266,Columbus,"Columbus, OH",Delaware County
76603,43240,OH,202303,1311.86,0.0204,0.0607,Columbus,"Columbus, OH",Delaware County
76603,43240,OH,202304,1321.1,0.007,0.0516,Columbus,"Columbus, OH",Delaware County
76603,43240,OH,202305,1373.17,0.0394,0.063,Columbus,"Columbus, OH",Delaware County
76603,43240,OH,202306,1413.03,0.029,0.0675,Columbus,"Columbus, OH",Delaware County
76603,43240,OH,202307,1432.69,0.0139,0.0508,Columbus,"Columbus, OH",Delaware County
76603,43240,OH,202308,1420.6,-0.0084,0.0265,Columbus,"Columbus, OH",Delaware County
76603,43240,OH,202309,1385.05,-0.025,-0.0029,Columbus,"Columbus, OH",Delaware County
76603,43240,OH,202310,1363.04,-0.0159,0.0111,Columbus,"Columbus, OH",Delaware County
76603,43240,OH,202311,1326.62,-0.0267,0.0094,Columbus,"Columbus, OH",Delaware County
76603,43240,OH,202312,1297.32,-0.0221,0.0051,Columbus,"Columbus, OH",Delaware County
76603,43240,OH,202401,1309.82,0.0096,0.014,Columbus,"Columbus, OH",Delaware County
76603,43240,OH,202402,1346.71,0.0282,0.0475,Columbus,"Columbus, OH",Delaware County
76603,43240,OH,202403,1388.99,0.0314,0.0588,Columbus,"Columbus, OH",Delaware County
76603,43240,OH,202404,1418.05,0.0209,0.0734,Columbus,"Columbus, OH",Delaware County
76603,43240,OH,202405,1433.54,0.0109,0.044,Columbus,"Columbus, OH",Delaware County
76603,43240,OH,202406,1450.04,0.0115,0.0262,Columbus,"Columbus, OH",Delaware County
76603,43240,OH,202407,1431.76,-0.0126,-0.0007,Columbus,"Columbus, OH",Delaware County
76603,43240,OH,202408,1415.76,-0.0112,-0.0034,Columbus,"Columbus, OH",Delaware County
76603,43240,OH,202409,1416.74,0.0007,0.0229,Columbus,"Columbus, OH",Delaware County
76603,43240,OH,202410,1412.37,-0.0031,0.0362,Columbus,"Columbus, OH",Delaware County
76603,43240,OH,202411,1436.36,0.017,0.0827,Columbus,"Columbus, OH",Delaware County
76603,43240,OH,202412,1431.28,-0.0035,0.1033,Columbus,"Columbus, OH",Delaware County
76603,43240,OH,202501,1458.21,0.0188,0.1133,Columbus,"Columbus, OH",Delaware County
76603,43240,OH,202502,1431.25,-0.0185,0.0628,Columbus,"Columbus, OH",Delaware County
76603,43240,OH,202503,1444.47,0.0092,0.0399,Columbus,"Columbus, OH",Delaware County
76603,43240,OH,202504,1448.87,0.003,0.0217,Columbus,"Columbus, OH",Delaware County
76603,43240,OH,202505,1501.19,0.0361,0.0472,Columbus,"Columbus, OH",Delaware County
76603,43240,OH,202506,1514.1,0.0086,0.0442,Columbus,"Columbus, OH",Delaware County
76603,43240,OH,202507,1502.35,-0.0078,0.0493,Columbus,"Columbus, OH",Delaware County
76603,43240,OH,202508,1483.97,-0.0122,0.0482,Columbus,"Columbus, OH",Delaware County
76603,43240,OH,202509,1476.49,-0.005,0.0422,Columbus,"Columbus, OH",Delaware County
76603,43240,OH,202510,1469.9,-0.0045,0.0407,Columbus,"Columbus, OH",Delaware County
76603,43240,OH,202511,1439.27,-0.0208,0.002,Columbus,"Columbus, OH",Delaware County
76603,43240,OH,202512,1421.39,-0.0124,-0.0069,Columbus,"Columbus, OH",Delaware County
76603,43240,OH,202601,1447.59,0.0184,-0.0073,Columbus,"Columbus, OH",Delaware County
76603,43240,OH,202602,1482.1,0.0238,0.0355,Columbus,"Columbus, OH",Delaware County
76603,43240,OH,202603,1501.14,0.0128,0.0392,Columbus,"Columbus, OH",Delaware County
76603,43240,OH,202604,1484.22,-0.0113,0.0244,Columbus,"Columbus, OH",Delaware County
76603,43240,OH,202605,1473.41,-0.0073,-0.0185,Columbus,"Columbus, OH",Delaware County
76603,43240,OH,202606,1479.86,0.0044,-0.0226,Columbus,"Columbus, OH",Delaware County
76603,43240,OH,202607,1514.0,0.0231,0.0078,Columbus,"Columbus, OH",Delaware County
76603,43240,OH,202608,1548.4,0.0227,0.0434,Columbus,"Columbus, OH",Delaware County
76617,43302,OH,202511,1170.36,,,Marion,"Marion, OH",Marion County
76617,43302,OH,202512,1160.84,-0.0081,,Marion,"Marion, OH",Marion County
76617,43302,OH,202601,1181.97,0.0182,,Marion,"Marion, OH",Marion County
76617,43302,OH,202602,1214.71,0.0277,,Marion,"Marion, OH",Marion County
76617,43302,OH,202603,1293.77,0.0651,,Marion,"Marion, OH",Marion County
76617,43302,OH,202604,1311.43,0.0137,,Marion,"Marion, OH",Marion County
76617,43302,OH,202605,1311.42,-0.0,,Marion,"Marion, OH",Marion County
76617,43302,OH,202606,1235.83,-0.0576,,Marion,"Marion, OH",Marion County
76617,43302,OH,202608,1211.08,-0.02,,Marion,"Marion, OH",Marion County
76735,43537,OH,202602,1662.99,,,Maumee,"Toledo, OH",Lucas County
76735,43537,OH,202603,1673.14,0.0061,,Maumee,"Toledo, OH",Lucas County
76735,43537,OH,202604,1658.65,-0.0087,,Maumee,"Toledo, OH",Lucas County
76735,43537,OH,202605,1665.19,0.0039,,Maumee,"Toledo, OH",Lucas County
76735,43537,OH,202606,1674.28,0.0055,,Maumee,"Toledo, OH",Lucas County
76735,43537,OH,202607,1689.11,0.0089,,Maumee,"Toledo, OH",Lucas County
76735,43537,OH,202608,1676.28,-0.0076,,Maumee,"Toledo, OH",Lucas County
76745,43551,OH,202203,1455.95,,,Perrysburg,"Toledo, OH",Wood County
76745,43551,OH,202204,1475.09,0.0131,,Perrysburg,"Toledo, OH",Wood County
76745,43551,OH,202205,1499.43,0.0165,,Perrysburg,"Toledo, OH",Wood County
76745,43551,OH,202206,1555.89,0.0377,,Perrysburg,"Toledo, OH",Wood County
76745,43551,OH,202207,1629.62,0.0474,,Perrysburg,"Toledo, OH",Wood County
76745,43551,OH,202208,1668.05,0.0236,,Perrysburg,"Toledo, OH",Wood County
76745,43551,OH,202209,1644.64,-0.014,,Perrysburg,"Toledo, OH",Wood County
76745,43551,OH,202210,1578.82,-0.04,,Perrysburg,"Toledo, OH",Wood County
76745,43551,OH,202211,1531.02,-0.0303,,Perrysburg,"Toledo, OH",Wood County
76745,43551,OH,202212,1490.41,-0.0265,,Perrysburg,"Toledo, OH",Wood County
76745,43551,OH,202301,1481.22,-0.0062,,Perrysburg,"Toledo, OH",Wood County
76745,43551,OH,202302,1461.6,-0.0132,,Perrysburg,"Toledo, OH",Wood County
76745,43551,OH,202303,1479.64,0.0123,0.0163,Perrysburg,"Toledo, OH",Wood County
76745,43551,OH,202304,1501.08,0.0145,0.0176,Perrysburg,"Toledo, OH",Wood County
76745,43551,OH,202305,1527.67,0.0177,0.0188,Perrysburg,"Toledo, OH",Wood County
76745,43551,OH,202306,1550.44,0.0149,-0.0035,Perrysburg,"Toledo, OH",Wood County
76745,43551,OH,202307,1572.11,0.014,-0.0353,Perrysburg,"Toledo, OH",Wood County
76745,43551,OH,202308,1581.97,0.0063,-0.0516,Perrysburg,"Toledo, OH",Wood County
76745,43551,OH,202309,1580.51,-0.0009,-0.039,Perrysburg,"Toledo, OH",Wood County
76745,43551,OH,202310,1574.26,-0.004,-0.0029,Perrysburg,"Toledo, OH",Wood County
76745,43551,OH,202311,1569.56,-0.003,0.0252,Perrysburg,"Toledo, OH",Wood County
76745,43551,OH,202312,1561.54,-0.0051,0.0477,Perrysburg,"Toledo, OH",Wood County
76745,43551,OH,202401,1552.98,-0.0055,0.0484,Perrysburg,"Toledo, OH",Wood County
76745,43551,OH,202402,1550.5,-0.0016,0.0608,Perrysburg,"Toledo, OH",Wood County
76745,43551,OH,202403,1550.7,0.0001,0.048,Perrysburg,"Toledo, OH",Wood County
76745,43551,OH,202404,1574.72,0.0155,0.0491,Perrysburg,"Toledo, OH",Wood County
76745,43551,OH,202405,1598.75,0.0153,0.0465,Perrysburg,"Toledo, OH",Wood County
76745,43551,OH,202406,1609.7,0.0068,0.0382,Perrysburg,"Toledo, OH",Wood County
76745,43551,OH,202407,1609.48,-0.0001,0.0238,Perrysburg,"Toledo, OH",Wood County
76745,43551,OH,202408,1608.68,-0.0005,0.0169,Perrysburg,"Toledo, OH",Wood County
76745,43551,OH,202409,1611.4,0.0017,0.0195,Perrysburg,"Toledo, OH",Wood County
76745,43551,OH,202410,1585.33,-0.0162,0.007,Perrysburg,"Toledo, OH",Wood County
76745,43551,OH,202411,1580.39,-0.0031,0.0069,Perrysburg,"Toledo, OH",Wood County
76745,43551,OH,202412,1560.49,-0.0126,-0.0007,Perrysburg,"Toledo, OH",Wood County
76745,43551,OH,202501,1537.11,-0.015,-0.0102,Perrysburg,"Toledo, OH",Wood County
76745,43551,OH,202502,1501.26,-0.0233,-0.0318,Perrysburg,"Toledo, OH",Wood County
76745,43551,OH,202503,1492.01,-0.0062,-0.0378,Perrysburg,"Toledo, OH",Wood County
76745,43551,OH,202504,1529.16,0.0249,-0.0289,Perrysburg,"Toledo, OH",Wood County
76745,43551,OH,202505,1572.62,0.0284,-0.0163,Perrysburg,"Toledo, OH",Wood County
76745,43551,OH,202506,1592.59,0.0127,-0.0106,Perrysburg,"Toledo, OH",Wood County
76745,43551,OH,202507,1586.4,-0.0039,-0.0143,Perrysburg,"Toledo, OH",Wood County
76745,43551,OH,202508,1586.48,0.0,-0.0138,Perrysburg,"Toledo, OH",Wood County
76745,43551,OH,202509,1593.25,0.0043,-0.0113,Perrysburg,"Toledo, OH",Wood County
76745,43551,OH,202510,1601.33,0.0051,0.0101,Perrysburg,"Toledo, OH",Wood County
76745,43551,OH,202511,1574.63,-0.0167,-0.0036,Perrysburg,"Toledo, OH",Wood County
76745,43551,OH,202512,1533.85,-0.0259,-0.0171,Perrysburg,"Toledo, OH",Wood County
76745,43551,OH,202601,1516.44,-0.0113,-0.0134,Perrysburg,"Toledo, OH",Wood County
76745,43551,OH,202602,1535.91,0.0128,0.0231,Perrysburg,"Toledo, OH",Wood County
76745,43551,OH,202603,1574.98,0.0254,0.0556,Perrysburg,"Toledo, OH",Wood County
76745,43551,OH,202604,1612.39,0.0238,0.0544,Perrysburg,"Toledo, OH",Wood County
76745,43551,OH,202605,1631.7,0.012,0.0376,Perrysburg,"Toledo, OH",Wood County
76745,43551,OH,202606,1653.26,0.0132,0.0381,Perrysburg,"Toledo, OH",Wood County
76745,43551,OH,202607,1648.98,-0.0026,0.0394,Perrysburg,"Toledo, OH",Wood County
76745,43551,OH,202608,1645.56,-0.0021,0.0372,Perrysburg,"Toledo, OH",Wood County
76753,43560,OH,202511,1742.9,,,Sylvania,"Toledo, OH",Lucas County
76753,43560,OH,202512,1780.86,0.0218,,Sylvania,"Toledo, OH",Lucas County
76753,43560,OH,202601,1819.66,0.0218,,Sylvania,"Toledo, OH",Lucas County
76753,43560,OH,202602,1789.92,-0.0163,,Sylvania,"Toledo, OH",Lucas County
76753,43560,OH,202603,1791.65,0.001,,Sylvania,"Toledo, OH",Lucas County
76753,43560,OH,202604,1848.27,0.0316,,Sylvania,"Toledo, OH",Lucas County
76753,43560,OH,202605,1937.88,0.0485,,Sylvania,"Toledo, OH",Lucas County
76753,43560,OH,202606,1961.41,0.0121,,Sylvania,"Toledo, OH",Lucas County
76753,43560,OH,202607,1993.83,0.0165,,Sylvania,"Toledo, OH",Lucas County
76753,43560,OH,202608,1993.12,-0.0004,,Sylvania,"Toledo, OH",Lucas County
76763,43604,OH,202603,1559.0,,,Toledo,"Toledo, OH",Lucas County
76763,43604,OH,202604,1575.7,0.0107,,Toledo,"Toledo, OH",Lucas County
76763,43604,OH,202605,1646.68,0.045,,Toledo,"Toledo, OH",Lucas County
76763,43604,OH,202606,1619.39,-0.0166,,Toledo,"Toledo, OH",Lucas County
76763,43604,OH,202607,1627.72,0.0051,,Toledo,"Toledo, OH",Lucas County
76763,43604,OH,202608,1623.06,-0.0029,,Toledo,"Toledo, OH",Lucas County
76764,43605,OH,202203,1020.54,,,Toledo,"Toledo, OH",Lucas County
76764,43605,OH,202204,1047.08,0.026,,Toledo,"Toledo, OH",Lucas County
76764,43605,OH,202205,1078.98,0.0305,,Toledo,"Toledo, OH",Lucas County
76764,43605,OH,202206,1049.31,-0.0275,,Toledo,"Toledo, OH",Lucas County
76764,43605,OH,202207,1016.18,-0.0316,,Toledo,"Toledo, OH",Lucas County
76764,43605,OH,202208,1021.22,0.005,,Toledo,"Toledo, OH",Lucas County
76764,43605,OH,202209,1021.54,0.0003,,Toledo,"Toledo, OH",Lucas County
76764,43605,OH,202210,1017.47,-0.004,,Toledo,"Toledo, OH",Lucas County
76764,43605,OH,202211,986.67,-0.0303,,Toledo,"Toledo, OH",Lucas County
76764,43605,OH,202212,968.99,-0.0179,,Toledo,"Toledo, OH",Lucas County
76764,43605,OH,202301,997.81,0.0297,,Toledo,"Toledo, OH",Lucas County
76764,43605,OH,202302,1004.66,0.0069,,Toledo,"Toledo, OH",Lucas County
76764,43605,OH,202303,1021.45,0.0167,0.0009,Toledo,"Toledo, OH",Lucas County
76764,43605,OH,202304,1027.34,0.0058,-0.0188,Toledo,"Toledo, OH",Lucas County
76764,43605,OH,202305,1042.23,0.0145,-0.0341,Toledo,"Toledo, OH",Lucas County
76764,43605,OH,202306,1035.03,-0.0069,-0.0136,Toledo,"Toledo, OH",Lucas County
76764,43605,OH,202307,1026.73,-0.008,0.0104,Toledo,"Toledo, OH",Lucas County
76764,43605,OH,202308,1012.15,-0.0142,-0.0089,Toledo,"Toledo, OH",Lucas County
76764,43605,OH,202309,1016.95,0.0047,-0.0045,Toledo,"Toledo, OH",Lucas County
76764,43605,OH,202310,1007.41,-0.0094,-0.0099,Toledo,"Toledo, OH",Lucas County
76764,43605,OH,202311,1011.14,0.0037,0.0248,Toledo,"Toledo, OH",Lucas County
76764,43605,OH,202312,1018.56,0.0073,0.0512,Toledo,"Toledo, OH",Lucas County
76764,43605,OH,202401,1046.22,0.0272,0.0485,Toledo,"Toledo, OH",Lucas County
76764,43605,OH,202402,1057.46,0.0107,0.0526,Toledo,"Toledo, OH",Lucas County
76764,43605,OH,202403,1073.81,0.0155,0.0513,Toledo,"Toledo, OH",Lucas County
76764,43605,OH,202404,1060.76,-0.0121,0.0325,Toledo,"Toledo, OH",Lucas County
76764,43605,OH,202405,1075.88,0.0143,0.0323,Toledo,"Toledo, OH",Lucas County
76764,43605,OH,202406,1057.05,-0.0175,0.0213,Toledo,"Toledo, OH",Lucas County
76764,43605,OH,202407,1068.21,0.0106,0.0404,Toledo,"Toledo, OH",Lucas County
76764,43605,OH,202408,1061.92,-0.0059,0.0492,Toledo,"Toledo, OH",Lucas County
76764,43605,OH,202409,1087.18,0.0238,0.0691,Toledo,"Toledo, OH",Lucas County
76764,43605,OH,202410,1091.16,0.0037,0.0831,Toledo,"Toledo, OH",Lucas County
76764,43605,OH,202411,1095.9,0.0043,0.0838,Toledo,"Toledo, OH",Lucas County
76764,43605,OH,202412,1079.43,-0.015,0.0598,Toledo,"Toledo, OH",Lucas County
76764,43605,OH,202501,1079.25,-0.0002,0.0316,Toledo,"Toledo, OH",Lucas County
76764,43605,OH,202502,1087.17,0.0073,0.0281,Toledo,"Toledo, OH",Lucas County
76764,43605,OH,202503,1105.19,0.0166,0.0292,Toledo,"Toledo, OH",Lucas County
76764,43605,OH,202504,1129.6,0.0221,0.0649,Toledo,"Toledo, OH",Lucas County
76764,43605,OH,202505,1126.52,-0.0027,0.0471,Toledo,"Toledo, OH",Lucas County
76764,43605,OH,202506,1118.09,-0.0075,0.0577,Toledo,"Toledo, OH",Lucas County
76764,43605,OH,202507,1099.78,-0.0164,0.0295,Toledo,"Toledo, OH",Lucas County
76764,43605,OH,202508,1106.79,0.0064,0.0423,Toledo,"Toledo, OH",Lucas County
76764,43605,OH,202509,1135.87,0.0263,0.0448,Toledo,"Toledo, OH",Lucas County
76764,43605,OH,202510,1162.7,0.0236,0.0656,Toledo,"Toledo, OH",Lucas County
76764,43605,OH,202511,1193.38,0.0264,0.0889,Toledo,"Toledo, OH",Lucas County
76764,43605,OH,202512,1204.13,0.009,0.1155,Toledo,"Toledo, OH",Lucas County
76764,43605,OH,202601,1196.62,-0.0062,0.1088,Toledo,"Toledo, OH",Lucas County
76764,43605,OH,202602,1177.18,-0.0162,0.0828,Toledo,"Toledo, OH",Lucas County
76764,43605,OH,202603,1162.65,-0.0123,0.052,Toledo,"Toledo, OH",Lucas County
76764,43605,OH,202604,1150.84,-0.0102,0.0188,Toledo,"Toledo, OH",Lucas County
76764,43605,OH,202605,1145.89,-0.0043,0.0172,Toledo,"Toledo, OH",Lucas County
76764,43605,OH,202606,1162.86,0.0148,0.04,Toledo,"Toledo, OH",Lucas County
76764,43605,OH,202607,1179.39,0.0142,0.0724,Toledo,"Toledo, OH",Lucas County
76764,43605,OH,202608,1202.09,0.0192,0.0861,Toledo,"Toledo, OH",Lucas County
76765,43606,OH,202305,952.02,,,Toledo,"Toledo, OH",Lucas County
76765,43606,OH,202306,944.86,-0.0075,,Toledo,"Toledo, OH",Lucas County
76765,43606,OH,202307,938.98,-0.0062,,Toledo,"Toledo, OH",Lucas County
76765,43606,OH,202308,951.9,0.0138,,Toledo,"Toledo, OH",Lucas County
76765,43606,OH,202309,959.06,0.0075,,Toledo,"Toledo, OH",Lucas County
76765,43606,OH,202310,945.11,-0.0145,,Toledo,"Toledo, OH",Lucas County
76765,43606,OH,202311,912.56,-0.0344,,Toledo,"Toledo, OH",Lucas County
76765,43606,OH,202312,917.72,0.0057,,Toledo,"Toledo, OH",Lucas County
76765,43606,OH,202401,941.18,0.0256,,Toledo,"Toledo, OH",Lucas County
76765,43606,OH,202402,959.62,0.0196,,Toledo,"Toledo, OH",Lucas County
76765,43606,OH,202403,942.93,-0.0174,,Toledo,"Toledo, OH",Lucas County
76765,43606,OH,202404,936.06,-0.0073,,Toledo,"Toledo, OH",Lucas County
76765,43606,OH,202405,961.2,0.0269,0.0096,Toledo,"Toledo, OH",Lucas County
76765,43606,OH,202406,981.76,0.0214,0.0391,Toledo,"Toledo, OH",Lucas County
76765,43606,OH,202407,1001.5,0.0201,0.0666,Toledo,"Toledo, OH",Lucas County
76765,43606,OH,202408,1004.5,0.003,0.0553,Toledo,"Toledo, OH",Lucas County
76765,43606,OH,202409,1014.82,0.0103,0.0581,Toledo,"Toledo, OH",Lucas County
76765,43606,OH,202410,1012.98,-0.0018,0.0718,Toledo,"Toledo, OH",Lucas County
76765,43606,OH,202411,1021.67,0.0086,0.1196,Toledo,"Toledo, OH",Lucas County
76765,43606,OH,202412,1021.44,-0.0002,0.113,Toledo,"Toledo, OH",Lucas County
76765,43606,OH,202501,1032.83,0.0111,0.0974,Toledo,"Toledo, OH",Lucas County
76765,43606,OH,202502,1040.28,0.0072,0.0841,Toledo,"Toledo, OH",Lucas County
76765,43606,OH,202503,1042.0,0.0017,0.1051,Toledo,"Toledo, OH",Lucas County
76765,43606,OH,202504,1045.95,0.0038,0.1174,Toledo,"Toledo, OH",Lucas County
76765,43606,OH,202505,1029.55,-0.0157,0.0711,Toledo,"Toledo, OH",Lucas County
76765,43606,OH,202506,1032.86,0.0032,0.052,Toledo,"Toledo, OH",Lucas County
76765,43606,OH,202507,1018.21,-0.0142,0.0167,Toledo,"Toledo, OH",Lucas County
76765,43606,OH,202508,1028.53,0.0101,0.0239,Toledo,"Toledo, OH",Lucas County
76765,43606,OH,202509,1043.54,0.0146,0.0283,Toledo,"Toledo, OH",Lucas County
76765,43606,OH,202510,1073.64,0.0288,0.0599,Toledo,"Toledo, OH",Lucas County
76765,43606,OH,202511,1084.87,0.0105,0.0619,Toledo,"Toledo, OH",Lucas County
76765,43606,OH,202512,1087.86,0.0028,0.065,Toledo,"Toledo, OH",Lucas County
76765,43606,OH,202601,1062.73,-0.0231,0.0289,Toledo,"Toledo, OH",Lucas County
76765,43606,OH,202602,1067.97,0.0049,0.0266,Toledo,"Toledo, OH",Lucas County
76765,43606,OH,202603,1067.86,-0.0001,0.0248,Toledo,"Toledo, OH",Lucas County
76765,43606,OH,202604,1088.28,0.0191,0.0405,Toledo,"Toledo, OH",Lucas County
76765,43606,OH,202605,1105.62,0.0159,0.0739,Toledo,"Toledo, OH",Lucas County
76765,43606,OH,202606,1120.86,0.0138,0.0852,Toledo,"Toledo, OH",Lucas County
76765,43606,OH,202607,1125.53,0.0042,0.1054,Toledo,"Toledo, OH",Lucas County
76765,43606,OH,202608,1127.33,0.0016,0.0961,Toledo,"Toledo, OH",Lucas County
76766,43607,OH,202210,862.06,,,Toledo,"Toledo, OH",Lucas County
76766,43607,OH,202211,869.35,0.0085,,Toledo,"Toledo, OH",Lucas County
76766,43607,OH,202212,841.12,-0.0325,,Toledo,"Toledo, OH",Lucas County
76766,43607,OH,202301,880.41,0.0467,,Toledo,"Toledo, OH",Lucas County
76766,43607,OH,202302,881.93,0.0017,,Toledo,"Toledo, OH",Lucas County
76766,43607,OH,202303,917.8,0.0407,,Toledo,"Toledo, OH",Lucas County
76766,43607,OH,202304,912.28,-0.006,,Toledo,"Toledo, OH",Lucas County
76766,43607,OH,202305,914.56,0.0025,,Toledo,"Toledo, OH",Lucas County
76766,43607,OH,202306,922.18,0.0083,,Toledo,"Toledo, OH",Lucas County
76766,43607,OH,202307,927.39,0.0057,,Toledo,"Toledo, OH",Lucas County
76766,43607,OH,202308,926.66,-0.0008,,Toledo,"Toledo, OH",Lucas County
76766,43607,OH,202309,906.11,-0.0222,,Toledo,"Toledo, OH",Lucas County
76766,43607,OH,202310,906.74,0.0007,0.0518,Toledo,"Toledo, OH",Lucas County
76766,43607,OH,202311,906.46,-0.0003,0.0427,Toledo,"Toledo, OH",Lucas County
76766,43607,OH,202312,950.3,0.0484,0.1298,Toledo,"Toledo, OH",Lucas County
76766,43607,OH,202401,970.1,0.0208,0.1019,Toledo,"Toledo, OH",Lucas County
76766,43607,OH,202402,989.43,0.0199,0.1219,Toledo,"Toledo, OH",Lucas County
76766,43607,OH,202403,962.69,-0.027,0.0489,Toledo,"Toledo, OH",Lucas County
76766,43607,OH,202404,956.79,-0.0061,0.0488,Toledo,"Toledo, OH",Lucas County
76766,43607,OH,202405,953.8,-0.0031,0.0429,Toledo,"Toledo, OH",Lucas County
76766,43607,OH,202406,958.46,0.0049,0.0393,Toledo,"Toledo, OH",Lucas County
76766,43607,OH,202407,958.63,0.0002,0.0337,Toledo,"Toledo, OH",Lucas County
76766,43607,OH,202408,972.83,0.0148,0.0498,Toledo,"Toledo, OH",Lucas County
76766,43607,OH,202409,993.77,0.0215,0.0967,Toledo,"Toledo, OH",Lucas County
76766,43607,OH,202410,1030.32,0.0368,0.1363,Toledo,"Toledo, OH",Lucas County
76766,43607,OH,202411,1029.81,-0.0005,0.1361,Toledo,"Toledo, OH",Lucas County
76766,43607,OH,202412,1037.37,0.0073,0.0916,Toledo,"Toledo, OH",Lucas County
76766,43607,OH,202501,1007.87,-0.0284,0.0389,Toledo,"Toledo, OH",Lucas County
76766,43607,OH,202502,1018.93,0.011,0.0298,Toledo,"Toledo, OH",Lucas County
76766,43607,OH,202503,1016.13,-0.0027,0.0555,Toledo,"Toledo, OH",Lucas County
76766,43607,OH,202504,1030.99,0.0146,0.0776,Toledo,"Toledo, OH",Lucas County
76766,43607,OH,202505,1026.13,-0.0047,0.0758,Toledo,"Toledo, OH",Lucas County
76766,43607,OH,202506,1024.85,-0.0012,0.0693,Toledo,"Toledo, OH",Lucas County
76766,43607,OH,202507,1025.9,0.001,0.0702,Toledo,"Toledo, OH",Lucas County
76766,43607,OH,202508,1023.16,-0.0027,0.0517,Toledo,"Toledo, OH",Lucas County
76766,43607,OH,202509,1015.81,-0.0072,0.0222,Toledo,"Toledo, OH",Lucas County
76766,43607,OH,202510,1031.59,0.0155,0.0012,Toledo,"Toledo, OH",Lucas County
76766,43607,OH,202511,1039.25,0.0074,0.0092,Toledo,"Toledo, OH",Lucas County
76766,43607,OH,202512,1054.05,0.0142,0.0161,Toledo,"Toledo, OH",Lucas County
76766,43607,OH,202601,1058.18,0.0039,0.0499,Toledo,"Toledo, OH",Lucas County
76766,43607,OH,202602,1102.29,0.0417,0.0818,Toledo,"Toledo, OH",Lucas County
76766,43607,OH,202603,1097.07,-0.0047,0.0797,Toledo,"Toledo, OH",Lucas County
76766,43607,OH,202604,1072.5,-0.0224,0.0403,Toledo,"Toledo, OH",Lucas County
76766,43607,OH,202605,1052.61,-0.0185,0.0258,Toledo,"Toledo, OH",Lucas County
76766,43607,OH,202606,1065.98,0.0127,0.0401,Toledo,"Toledo, OH",Lucas County
76766,43607,OH,202607,1091.82,0.0242,0.0643,Toledo,"Toledo, OH",Lucas County
76766,43607,OH,202608,1124.66,0.0301,0.0992,Toledo,"Toledo, OH",Lucas County
76767,43608,OH,202501,931.63,,,Toledo,"Toledo, OH",Lucas County
76767,43608,OH,202502,941.88,0.011,,Toledo,"Toledo, OH",Lucas County
76767,43608,OH,202503,929.71,-0.0129,,Toledo,"Toledo, OH",Lucas County
76767,43608,OH,202504,928.14,-0.0017,,Toledo,"Toledo, OH",Lucas County
76767,43608,OH,202505,945.64,0.0189,,Toledo,"Toledo, OH",Lucas County
76767,43608,OH,202506,943.38,-0.0024,,Toledo,"Toledo, OH",Lucas County
76767,43608,OH,202507,969.84,0.028,,Toledo,"Toledo, OH",Lucas County
76767,43608,OH,202508,990.23,0.021,,Toledo,"Toledo, OH",Lucas County
76767,43608,OH,202509,987.9,-0.0024,,Toledo,"Toledo, OH",Lucas County
76767,43608,OH,202510,950.54,-0.0378,,Toledo,"Toledo, OH",Lucas County
76767,43608,OH,202511,937.26,-0.014,,Toledo,"Toledo, OH",Lucas County
76767,43608,OH,202512,932.18,-0.0054,,Toledo,"Toledo, OH",Lucas County
76767,43608,OH,202601,940.25,0.0087,0.0093,Toledo,"Toledo, OH",Lucas County
76767,43608,OH,202602,943.14,0.0031,0.0013,Toledo,"Toledo, OH",Lucas County
76767,43608,OH,202603,962.19,0.0202,0.0349,Toledo,"Toledo, OH",Lucas County
76767,43608,OH,202604,972.96,0.0112,0.0483,Toledo,"Toledo, OH",Lucas County
76767,43608,OH,202605,984.38,0.0117,0.041,Toledo,"Toledo, OH",Lucas County
76767,43608,OH,202606,980.44,-0.004,0.0393,Toledo,"Toledo, OH",Lucas County
76767,43608,OH,202607,990.36,0.0101,0.0212,Toledo,"Toledo, OH",Lucas County
76767,43608,OH,202608,1009.08,0.0189,0.019,Toledo,"Toledo, OH",Lucas County
76768,43609,OH,202210,834.64,,,Toledo,"Toledo, OH",Lucas County
76768,43609,OH,202211,827.9,-0.0081,,Toledo,"Toledo, OH",Lucas County
76768,43609,OH,202212,826.62,-0.0016,,Toledo,"Toledo, OH",Lucas County
76768,43609,OH,202301,826.6,-0.0,,Toledo,"Toledo, OH",Lucas County
76768,43609,OH,202303,863.89,0.0451,,Toledo,"Toledo, OH",Lucas County
76768,43609,OH,202304,872.3,0.0097,,Toledo,"Toledo, OH",Lucas County
76768,43609,OH,202305,879.15,0.0078,,Toledo,"Toledo, OH",Lucas County
76768,43609,OH,202306,877.12,-0.0023,,Toledo,"Toledo, OH",Lucas County
76768,43609,OH,202307,892.35,0.0174,,Toledo,"Toledo, OH",Lucas County
76768,43609,OH,202308,887.75,-0.0052,,Toledo,"Toledo, OH",Lucas County
76768,43609,OH,202309,905.32,0.0198,,Toledo,"Toledo, OH",Lucas County
76768,43609,OH,202310,890.74,-0.0161,,Toledo,"Toledo, OH",Lucas County
76768,43609,OH,202311,891.37,0.0007,0.068,Toledo,"Toledo, OH",Lucas County
76768,43609,OH,202312,858.06,-0.0374,0.0364,Toledo,"Toledo, OH",Lucas County
76768,43609,OH,202401,874.8,0.0195,0.0583,Toledo,"Toledo, OH",Lucas County
76768,43609,OH,202402,884.47,0.0111,0.07,Toledo,"Toledo, OH",Lucas County
76768,43609,OH,202403,925.28,0.0461,0.0711,Toledo,"Toledo, OH",Lucas County
76768,43609,OH,202404,934.19,0.0096,0.0709,Toledo,"Toledo, OH",Lucas County
76768,43609,OH,202405,936.9,0.0029,0.0657,Toledo,"Toledo, OH",Lucas County
76768,43609,OH,202406,923.27,-0.0145,0.0526,Toledo,"Toledo, OH",Lucas County
76768,43609,OH,202407,917.67,-0.0061,0.0284,Toledo,"Toledo, OH",Lucas County
76768,43609,OH,202408,944.27,0.029,0.0637,Toledo,"Toledo, OH",Lucas County
76768,43609,OH,202409,955.07,0.0114,0.0549,Toledo,"Toledo, OH",Lucas County
76768,43609,OH,202410,951.79,-0.0034,0.0685,Toledo,"Toledo, OH",Lucas County
76768,43609,OH,202411,943.74,-0.0085,0.0588,Toledo,"Toledo, OH",Lucas County
76768,43609,OH,202412,937.71,-0.0064,0.0928,Toledo,"Toledo, OH",Lucas County
76768,43609,OH,202501,966.48,0.0307,0.1048,Toledo,"Toledo, OH",Lucas County
76768,43609,OH,202502,955.24,-0.0116,0.08,Toledo,"Toledo, OH",Lucas County
76768,43609,OH,202503,976.23,0.022,0.0551,Toledo,"Toledo, OH",Lucas County
76768,43609,OH,202504,958.11,-0.0186,0.0256,Toledo,"Toledo, OH",Lucas County
76768,43609,OH,202505,982.53,0.0255,0.0487,Toledo,"Toledo, OH",Lucas County
76768,43609,OH,202506,1000.64,0.0184,0.0838,Toledo,"Toledo, OH",Lucas County
76768,43609,OH,202507,1007.99,0.0073,0.0984,Toledo,"Toledo, OH",Lucas County
76768,43609,OH,202508,1010.09,0.0021,0.0697,Toledo,"Toledo, OH",Lucas County
76768,43609,OH,202509,1000.47,-0.0095,0.0475,Toledo,"Toledo, OH",Lucas County
76768,43609,OH,202510,1017.54,0.0171,0.0691,Toledo,"Toledo, OH",Lucas County
76768,43609,OH,202511,1005.46,-0.0119,0.0654,Toledo,"Toledo, OH",Lucas County
76768,43609,OH,202512,1003.35,-0.0021,0.07,Toledo,"Toledo, OH",Lucas County
76768,43609,OH,202601,1015.15,0.0118,0.0504,Toledo,"Toledo, OH",Lucas County
76768,43609,OH,202602,1040.48,0.0249,0.0892,Toledo,"Toledo, OH",Lucas County
76768,43609,OH,202603,1046.41,0.0057,0.0719,Toledo,"Toledo, OH",Lucas County
76768,43609,OH,202604,1037.51,-0.0085,0.0829,Toledo,"Toledo, OH",Lucas County
76768,43609,OH,202605,1024.9,-0.0121,0.0431,Toledo,"Toledo, OH",Lucas County
76768,43609,OH,202606,1035.43,0.0103,0.0348,Toledo,"Toledo, OH",Lucas County
76768,43609,OH,202607,1050.28,0.0143,0.042,Toledo,"Toledo, OH",Lucas County
76768,43609,OH,202608,1060.02,0.0093,0.0494,Toledo,"Toledo, OH",Lucas County
76769,43610,OH,202608,975.0,,,Toledo,"Toledo, OH",Lucas County
76770,43611,OH,202608,1260.42,,,Toledo,"Toledo, OH",Lucas County
76771,43612,OH,202106,778.02,,,Toledo,"Toledo, OH",Lucas County
76771,43612,OH,202107,794.63,0.0213,,Toledo,"Toledo, OH",Lucas County
76771,43612,OH,202108,785.33,-0.0117,,Toledo,"Toledo, OH",Lucas County
76771,43612,OH,202109,789.98,0.0059,,Toledo,"Toledo, OH",Lucas County
76771,43612,OH,202110,792.34,0.003,,Toledo,"Toledo, OH",Lucas County
76771,43612,OH,202111,819.23,0.0339,,Toledo,"Toledo, OH",Lucas County
76771,43612,OH,202112,821.89,0.0033,,Toledo,"Toledo, OH",Lucas County
76771,43612,OH,202201,832.66,0.0131,,Toledo,"Toledo, OH",Lucas County
76771,43612,OH,202202,815.12,-0.0211,,Toledo,"Toledo, OH",Lucas County
76771,43612,OH,202203,833.67,0.0228,,Toledo,"Toledo, OH",Lucas County
76771,43612,OH,202204,846.2,0.015,,Toledo,"Toledo, OH",Lucas County
76771,43612,OH,202205,870.64,0.0289,,Toledo,"Toledo, OH",Lucas County
76771,43612,OH,202206,892.09,0.0246,0.1466,Toledo,"Toledo, OH",Lucas County
76771,43612,OH,202207,906.23,0.0159,0.1405,Toledo,"Toledo, OH",Lucas County
76771,43612,OH,202208,904.96,-0.0014,0.1523,Toledo,"Toledo, OH",Lucas County
76771,43612,OH,202209,885.87,-0.0211,0.1214,Toledo,"Toledo, OH",Lucas County
76771,43612,OH,202210,883.55,-0.0026,0.1151,Toledo,"Toledo, OH",Lucas County
76771,43612,OH,202211,883.67,0.0001,0.0787,Toledo,"Toledo, OH",Lucas County
76771,43612,OH,202212,900.02,0.0185,0.0951,Toledo,"Toledo, OH",Lucas County
76771,43612,OH,202301,884.99,-0.0167,0.0628,Toledo,"Toledo, OH",Lucas County
76771,43612,OH,202302,905.67,0.0234,0.1111,Toledo,"Toledo, OH",Lucas County
76771,43612,OH,202303,915.78,0.0112,0.0985,Toledo,"Toledo, OH",Lucas County
76771,43612,OH,202304,925.18,0.0103,0.0933,Toledo,"Toledo, OH",Lucas County
76771,43612,OH,202305,925.88,0.0008,0.0634,Toledo,"Toledo, OH",Lucas County
76771,43612,OH,202306,915.98,-0.0107,0.0268,Toledo,"Toledo, OH",Lucas County
76771,43612,OH,202307,936.56,0.0225,0.0335,Toledo,"Toledo, OH",Lucas County
76771,43612,OH,202308,944.51,0.0085,0.0437,Toledo,"Toledo, OH",Lucas County
76771,43612,OH,202309,950.81,0.0067,0.0733,Toledo,"Toledo, OH",Lucas County
76771,43612,OH,202310,948.77,-0.0021,0.0738,Toledo,"Toledo, OH",Lucas County
76771,43612,OH,202311,942.9,-0.0062,0.067,Toledo,"Toledo, OH",Lucas County
76771,43612,OH,202312,950.09,0.0076,0.0556,Toledo,"Toledo, OH",Lucas County
76771,43612,OH,202401,946.65,-0.0036,0.0697,Toledo,"Toledo, OH",Lucas County
76771,43612,OH,202402,945.0,-0.0017,0.0434,Toledo,"Toledo, OH",Lucas County
76771,43612,OH,202403,949.09,0.0043,0.0364,Toledo,"Toledo, OH",Lucas County
76771,43612,OH,202404,972.94,0.0251,0.0516,Toledo,"Toledo, OH",Lucas County
76771,43612,OH,202405,990.4,0.0179,0.0697,Toledo,"Toledo, OH",Lucas County
76771,43612,OH,202406,996.87,0.0065,0.0883,Toledo,"Toledo, OH",Lucas County
76771,43612,OH,202407,999.59,0.0027,0.0673,Toledo,"Toledo, OH",Lucas County
76771,43612,OH,202408,1005.45,0.0059,0.0645,Toledo,"Toledo, OH",Lucas County
76771,43612,OH,202409,1008.47,0.003,0.0606,Toledo,"Toledo, OH",Lucas County
76771,43612,OH,202410,1011.49,0.003,0.0661,Toledo,"Toledo, OH",Lucas County
76771,43612,OH,202411,1006.38,-0.0051,0.0673,Toledo,"Toledo, OH",Lucas County
76771,43612,OH,202412,1004.66,-0.0017,0.0574,Toledo,"Toledo, OH",Lucas County
76771,43612,OH,202501,1006.54,0.0019,0.0633,Toledo,"Toledo, OH",Lucas County
76771,43612,OH,202502,1007.2,0.0007,0.0658,Toledo,"Toledo, OH",Lucas County
76771,43612,OH,202503,1013.48,0.0062,0.0678,Toledo,"Toledo, OH",Lucas County
76771,43612,OH,202504,1015.27,0.0018,0.0435,Toledo,"Toledo, OH",Lucas County
76771,43612,OH,202505,1034.18,0.0186,0.0442,Toledo,"Toledo, OH",Lucas County
76771,43612,OH,202506,1033.95,-0.0002,0.0372,Toledo,"Toledo, OH",Lucas County
76771,43612,OH,202507,1033.23,-0.0007,0.0336,Toledo,"Toledo, OH",Lucas County
76771,43612,OH,202508,1025.78,-0.0072,0.0202,Toledo,"Toledo, OH",Lucas County
76771,43612,OH,202509,1036.27,0.0102,0.0276,Toledo,"Toledo, OH",Lucas County
76771,43612,OH,202510,1055.19,0.0183,0.0432,Toledo,"Toledo, OH",Lucas County
76771,43612,OH,202511,1067.29,0.0115,0.0605,Toledo,"Toledo, OH",Lucas County
76771,43612,OH,202512,1073.98,0.0063,0.069,Toledo,"Toledo, OH",Lucas County
76771,43612,OH,202601,1066.63,-0.0068,0.0597,Toledo,"Toledo, OH",Lucas County
76771,43612,OH,202602,1072.48,0.0055,0.0648,Toledo,"Toledo, OH",Lucas County
76771,43612,OH,202603,1068.13,-0.0041,0.0539,Toledo,"Toledo, OH",Lucas County
76771,43612,OH,202604,1065.56,-0.0024,0.0495,Toledo,"Toledo, OH",Lucas County
76771,43612,OH,202605,1069.87,0.004,0.0345,Toledo,"Toledo, OH",Lucas County
76771,43612,OH,202606,1077.79,0.0074,0.0424,Toledo,"Toledo, OH",Lucas County
76771,43612,OH,202607,1075.18,-0.0024,0.0406,Toledo,"Toledo, OH",Lucas County
76771,43612,OH,202608,1065.99,-0.0085,0.0392,Toledo,"Toledo, OH",Lucas County
76772,43613,OH,202205,779.99,,,Toledo,"Toledo, OH",Lucas County
76772,43613,OH,202206,810.41,0.039,,Toledo,"Toledo, OH",Lucas County
76772,43613,OH,202207,815.99,0.0069,,Toledo,"Toledo, OH",Lucas County
76772,43613,OH,202208,830.42,0.0177,,Toledo,"Toledo, OH",Lucas County
76772,43613,OH,202209,812.81,-0.0212,,Toledo,"Toledo, OH",Lucas County
76772,43613,OH,202210,815.4,0.0032,,Toledo,"Toledo, OH",Lucas County
76772,43613,OH,202211,804.08,-0.0139,,Toledo,"Toledo, OH",Lucas County
76772,43613,OH,202212,811.55,0.0093,,Toledo,"Toledo, OH",Lucas County
76772,43613,OH,202301,810.45,-0.0014,,Toledo,"Toledo, OH",Lucas County
76772,43613,OH,202302,823.32,0.0159,,Toledo,"Toledo, OH",Lucas County
76772,43613,OH,202303,823.53,0.0003,,Toledo,"Toledo, OH",Lucas County
76772,43613,OH,202304,831.58,0.0098,,Toledo,"Toledo, OH",Lucas County
76772,43613,OH,202305,823.41,-0.0098,0.0557,Toledo,"Toledo, OH",Lucas County
76772,43613,OH,202306,822.28,-0.0014,0.0146,Toledo,"Toledo, OH",Lucas County
76772,43613,OH,202307,833.79,0.014,0.0218,Toledo,"Toledo, OH",Lucas County
76772,43613,OH,202308,850.07,0.0195,0.0237,Toledo,"Toledo, OH",Lucas County
76772,43613,OH,202309,865.18,0.0178,0.0644,Toledo,"Toledo, OH",Lucas County
76772,43613,OH,202310,859.65,-0.0064,0.0543,Toledo,"Toledo, OH",Lucas County
76772,43613,OH,202311,857.94,-0.002,0.067,Toledo,"Toledo, OH",Lucas County
76772,43613,OH,202312,845.98,-0.0139,0.0424,Toledo,"Toledo, OH",Lucas County
76772,43613,OH,202401,846.65,0.0008,0.0447,Toledo,"Toledo, OH",Lucas County
76772,43613,OH,202402,861.44,0.0175,0.0463,Toledo,"Toledo, OH",Lucas County
76772,43613,OH,202403,880.88,0.0226,0.0696,Toledo,"Toledo, OH",Lucas County
76772,43613,OH,202404,895.36,0.0164,0.0767,Toledo,"Toledo, OH",Lucas County
76772,43613,OH,202405,882.08,-0.0148,0.0713,Toledo,"Toledo, OH",Lucas County
76772,43613,OH,202406,893.69,0.0132,0.0868,Toledo,"Toledo, OH",Lucas County
76772,43613,OH,202407,898.08,0.0049,0.0771,Toledo,"Toledo, OH",Lucas County
76772,43613,OH,202408,910.15,0.0134,0.0707,Toledo,"Toledo, OH",Lucas County
76772,43613,OH,202409,899.11,-0.0121,0.0392,Toledo,"Toledo, OH",Lucas County
76772,43613,OH,202410,900.64,0.0017,0.0477,Toledo,"Toledo, OH",Lucas County
76772,43613,OH,202411,897.39,-0.0036,0.046,Toledo,"Toledo, OH",Lucas County
76772,43613,OH,202412,898.65,0.0014,0.0623,Toledo,"Toledo, OH",Lucas County
76772,43613,OH,202501,905.37,0.0075,0.0694,Toledo,"Toledo, OH",Lucas County
76772,43613,OH,202502,927.2,0.0241,0.0763,Toledo,"Toledo, OH",Lucas County
76772,43613,OH,202503,934.81,0.0082,0.0612,Toledo,"Toledo, OH",Lucas County
76772,43613,OH,202504,949.54,0.0158,0.0605,Toledo,"Toledo, OH",Lucas County
76772,43613,OH,202505,931.45,-0.0191,0.056,Toledo,"Toledo, OH",Lucas County
76772,43613,OH,202506,939.85,0.009,0.0516,Toledo,"Toledo, OH",Lucas County
76772,43613,OH,202507,920.71,-0.0204,0.0252,Toledo,"Toledo, OH",Lucas County
76772,43613,OH,202508,933.83,0.0143,0.026,Toledo,"Toledo, OH",Lucas County
76772,43613,OH,202509,934.27,0.0005,0.0391,Toledo,"Toledo, OH",Lucas County
76772,43613,OH,202510,934.54,0.0003,0.0376,Toledo,"Toledo, OH",Lucas County
76772,43613,OH,202511,935.92,0.0015,0.0429,Toledo,"Toledo, OH",Lucas County
76772,43613,OH,202512,954.02,0.0193,0.0616,Toledo,"Toledo, OH",Lucas County
76772,43613,OH,202601,971.13,0.0179,0.0726,Toledo,"Toledo, OH",Lucas County
76772,43613,OH,202602,978.57,0.0077,0.0554,Toledo,"Toledo, OH",Lucas County
76772,43613,OH,202603,966.63,-0.0122,0.034,Toledo,"Toledo, OH",Lucas County
76772,43613,OH,202604,973.39,0.007,0.0251,Toledo,"Toledo, OH",Lucas County
76772,43613,OH,202605,978.01,0.0047,0.05,Toledo,"Toledo, OH",Lucas County
76772,43613,OH,202606,981.53,0.0036,0.0444,Toledo,"Toledo, OH",Lucas County
76772,43613,OH,202607,979.3,-0.0023,0.0636,Toledo,"Toledo, OH",Lucas County
76772,43613,OH,202608,990.54,0.0115,0.0607,Toledo,"Toledo, OH",Lucas County
76773,43614,OH,202404,1048.85,,,Toledo,"Toledo, OH",Lucas County
76773,43614,OH,202405,1071.87,0.0219,,Toledo,"Toledo, OH",Lucas County
76773,43614,OH,202406,1096.67,0.0231,,Toledo,"Toledo, OH",Lucas County
76773,43614,OH,202407,1088.68,-0.0073,,Toledo,"Toledo, OH",Lucas County
76773,43614,OH,202408,1099.06,0.0095,,Toledo,"Toledo, OH",Lucas County
76773,43614,OH,202409,1097.8,-0.0011,,Toledo,"Toledo, OH",Lucas County
76773,43614,OH,202410,1104.96,0.0065,,Toledo,"Toledo, OH",Lucas County
76773,43614,OH,202411,1099.4,-0.005,,Toledo,"Toledo, OH",Lucas County
76773,43614,OH,202412,1140.79,0.0376,,Toledo,"Toledo, OH",Lucas County
76773,43614,OH,202501,1144.6,0.0033,,Toledo,"Toledo, OH",Lucas County
76773,43614,OH,202502,1144.56,-0.0,,Toledo,"Toledo, OH",Lucas County
76773,43614,OH,202503,1107.98,-0.032,,Toledo,"Toledo, OH",Lucas County
76773,43614,OH,202504,1114.06,0.0055,0.0622,Toledo,"Toledo, OH",Lucas County
76773,43614,OH,202505,1109.56,-0.004,0.0352,Toledo,"Toledo, OH",Lucas County
76773,43614,OH,202506,1133.58,0.0216,0.0337,Toledo,"Toledo, OH",Lucas County
76773,43614,OH,202507,1158.23,0.0217,0.0639,Toledo,"Toledo, OH",Lucas County
76773,43614,OH,202508,1215.17,0.0492,0.1056,Toledo,"Toledo, OH",Lucas County
76773,43614,OH,202509,1190.12,-0.0206,0.0841,Toledo,"Toledo, OH",Lucas County
76773,43614,OH,202510,1161.03,-0.0244,0.0507,Toledo,"Toledo, OH",Lucas County
76773,43614,OH,202511,1135.84,-0.0217,0.0331,Toledo,"Toledo, OH",Lucas County
76773,43614,OH,202512,1140.25,0.0039,-0.0005,Toledo,"Toledo, OH",Lucas County
76773,43614,OH,202601,1175.78,0.0312,0.0272,Toledo,"Toledo, OH",Lucas County
76773,43614,OH,202602,1175.23,-0.0005,0.0268,Toledo,"Toledo, OH",Lucas County
76773,43614,OH,202603,1201.06,0.022,0.084,Toledo,"Toledo, OH",Lucas County
76773,43614,OH,202604,1187.22,-0.0115,0.0657,Toledo,"Toledo, OH",Lucas County
76773,43614,OH,202605,1210.38,0.0195,0.0909,Toledo,"Toledo, OH",Lucas County
76773,43614,OH,202606,1191.73,-0.0154,0.0513,Toledo,"Toledo, OH",Lucas County
76773,43614,OH,202607,1211.51,0.0166,0.046,Toledo,"Toledo, OH",Lucas County
76773,43614,OH,202608,1192.39,-0.0158,-0.0187,Toledo,"Toledo, OH",Lucas County
76774,43615,OH,202111,1089.57,,,Toledo,"Toledo, OH",Lucas County
76774,43615,OH,202112,1100.0,0.0096,,Toledo,"Toledo, OH",Lucas County
76774,43615,OH,202201,1105.44,0.005,,Toledo,"Toledo, OH",Lucas County
76774,43615,OH,202202,1095.67,-0.0088,,Toledo,"Toledo, OH",Lucas County
76774,43615,OH,202203,1095.72,0.0,,Toledo,"Toledo, OH",Lucas County
76774,43615,OH,202204,1106.22,0.0096,,Toledo,"Toledo, OH",Lucas County
76774,43615,OH,202205,1138.07,0.0288,,Toledo,"Toledo, OH",Lucas County
76774,43615,OH,202206,1164.48,0.0232,,Toledo,"Toledo, OH",Lucas County
76774,43615,OH,202207,1192.45,0.024,,Toledo,"Toledo, OH",Lucas County
76774,43615,OH,202208,1177.26,-0.0127,,Toledo,"Toledo, OH",Lucas County
76774,43615,OH,202209,1146.14,-0.0264,,Toledo,"Toledo, OH",Lucas County
76774,43615,OH,202210,1104.49,-0.0363,,Toledo,"Toledo, OH",Lucas County
76774,43615,OH,202211,1080.64,-0.0216,-0.0082,Toledo,"Toledo, OH",Lucas County
76774,43615,OH,202212,1085.68,0.0047,-0.013,Toledo,"Toledo, OH",Lucas County
76774,43615,OH,202301,1090.45,0.0044,-0.0136,Toledo,"Toledo, OH",Lucas County
76774,43615,OH,202302,1110.28,0.0182,0.0133,Toledo,"Toledo, OH",Lucas County
76774,43615,OH,202303,1126.68,0.0148,0.0283,Toledo,"Toledo, OH",Lucas County
76774,43615,OH,202304,1141.57,0.0132,0.032,Toledo,"Toledo, OH",Lucas County
76774,43615,OH,202305,1128.16,-0.0117,-0.0087,Toledo,"Toledo, OH",Lucas County
76774,43615,OH,202306,1122.38,-0.0051,-0.0362,Toledo,"Toledo, OH",Lucas County
76774,43615,OH,202307,1140.85,0.0165,-0.0433,Toledo,"Toledo, OH",Lucas County
76774,43615,OH,202308,1160.9,0.0176,-0.0139,Toledo,"Toledo, OH",Lucas County
76774,43615,OH,202309,1178.91,0.0155,0.0286,Toledo,"Toledo, OH",Lucas County
76774,43615,OH,202310,1170.72,-0.0069,0.06,Toledo,"Toledo, OH",Lucas County
76774,43615,OH,202311,1169.91,-0.0007,0.0826,Toledo,"Toledo, OH",Lucas County
76774,43615,OH,202312,1183.22,0.0114,0.0898,Toledo,"Toledo, OH",Lucas County
76774,43615,OH,202401,1180.55,-0.0023,0.0826,Toledo,"Toledo, OH",Lucas County
76774,43615,OH,202402,1185.13,0.0039,0.0674,Toledo,"Toledo, OH",Lucas County
76774,43615,OH,202403,1166.54,-0.0157,0.0354,Toledo,"Toledo, OH",Lucas County
76774,43615,OH,202404,1186.46,0.0171,0.0393,Toledo,"Toledo, OH",Lucas County
76774,43615,OH,202405,1198.94,0.0105,0.0627,Toledo,"Toledo, OH",Lucas County
76774,43615,OH,202406,1208.29,0.0078,0.0765,Toledo,"Toledo, OH",Lucas County
76774,43615,OH,202407,1211.07,0.0023,0.0615,Toledo,"Toledo, OH",Lucas County
76774,43615,OH,202408,1217.4,0.0052,0.0487,Toledo,"Toledo, OH",Lucas County
76774,43615,OH,202409,1219.46,0.0017,0.0344,Toledo,"Toledo, OH",Lucas County
76774,43615,OH,202410,1207.53,-0.0098,0.0314,Toledo,"Toledo, OH",Lucas County
76774,43615,OH,202411,1217.51,0.0083,0.0407,Toledo,"Toledo, OH",Lucas County
76774,43615,OH,202412,1235.75,0.015,0.0444,Toledo,"Toledo, OH",Lucas County
76774,43615,OH,202501,1240.96,0.0042,0.0512,Toledo,"Toledo, OH",Lucas County
76774,43615,OH,202502,1236.36,-0.0037,0.0432,Toledo,"Toledo, OH",Lucas County
76774,43615,OH,202503,1241.47,0.0041,0.0642,Toledo,"Toledo, OH",Lucas County
76774,43615,OH,202504,1254.38,0.0104,0.0572,Toledo,"Toledo, OH",Lucas County
76774,43615,OH,202505,1258.14,0.003,0.0494,Toledo,"Toledo, OH",Lucas County
76774,43615,OH,202506,1247.69,-0.0083,0.0326,Toledo,"Toledo, OH",Lucas County
76774,43615,OH,202507,1243.21,-0.0036,0.0265,Toledo,"Toledo, OH",Lucas County
76774,43615,OH,202508,1238.05,-0.0041,0.017,Toledo,"Toledo, OH",Lucas County
76774,43615,OH,202509,1225.75,-0.0099,0.0052,Toledo,"Toledo, OH",Lucas County
76774,43615,OH,202510,1233.16,0.006,0.0212,Toledo,"Toledo, OH",Lucas County
76774,43615,OH,202511,1239.21,0.0049,0.0178,Toledo,"Toledo, OH",Lucas County
76774,43615,OH,202512,1251.87,0.0102,0.013,Toledo,"Toledo, OH",Lucas County
76774,43615,OH,202601,1261.36,0.0076,0.0164,Toledo,"Toledo, OH",Lucas County
76774,43615,OH,202602,1254.14,-0.0057,0.0144,Toledo,"Toledo, OH",Lucas County
76774,43615,OH,202603,1266.98,0.0102,0.0205,Toledo,"Toledo, OH",Lucas County
76774,43615,OH,202604,1264.14,-0.0022,0.0078,Toledo,"Toledo, OH",Lucas County
76774,43615,OH,202605,1284.84,0.0164,0.0212,Toledo,"Toledo, OH",Lucas County
76774,43615,OH,202606,1285.39,0.0004,0.0302,Toledo,"Toledo, OH",Lucas County
76774,43615,OH,202607,1293.98,0.0067,0.0408,Toledo,"Toledo, OH",Lucas County
76774,43615,OH,202608,1299.74,0.0045,0.0498,Toledo,"Toledo, OH",Lucas County
76780,43623,OH,202603,962.1,,,Toledo,"Toledo, OH",Lucas County
76780,43623,OH,202604,996.1,0.0353,,Toledo,"Toledo, OH",Lucas County
76780,43623,OH,202605,1028.54,0.0326,,Toledo,"Toledo, OH",Lucas County
76780,43623,OH,202606,1054.2,0.0249,,Toledo,"Toledo, OH",Lucas County
76780,43623,OH,202607,1035.68,-0.0176,,Toledo,"Toledo, OH",Lucas County
76780,43623,OH,202608,1029.61,-0.0059,,Toledo,"Toledo, OH",Lucas County
76796,43701,OH,202304,858.21,,,Zanesville,"Zanesville, OH",Muskingum County
76796,43701,OH,202305,884.26,0.0304,,Zanesville,"Zanesville, OH",Muskingum County
76796,43701,OH,202307,886.38,0.0024,,Zanesville,"Zanesville, OH",Muskingum County
76796,43701,OH,202308,873.48,-0.0146,,Zanesville,"Zanesville, OH",Muskingum County
76796,43701,OH,202309,877.74,0.0049,,Zanesville,"Zanesville, OH",Muskingum County
76796,43701,OH,202310,889.43,0.0133,,Zanesville,"Zanesville, OH",Muskingum County
76796,43701,OH,202311,882.23,-0.0081,,Zanesville,"Zanesville, OH",Muskingum County
76796,43701,OH,202401,894.69,0.0141,,Zanesville,"Zanesville, OH",Muskingum County
76796,43701,OH,202402,909.5,0.0166,,Zanesville,"Zanesville, OH",Muskingum County
76796,43701,OH,202403,921.13,0.0128,,Zanesville,"Zanesville, OH",Muskingum County
76796,43701,OH,202404,910.8,-0.0112,,Zanesville,"Zanesville, OH",Muskingum County
76796,43701,OH,202405,912.83,0.0022,,Zanesville,"Zanesville, OH",Muskingum County
76796,43701,OH,202406,913.72,0.001,0.0647,Zanesville,"Zanesville, OH",Muskingum County
76796,43701,OH,202407,910.25,-0.0038,0.0294,Zanesville,"Zanesville, OH",Muskingum County
76796,43701,OH,202408,921.13,0.012,0.0392,Zanesville,"Zanesville, OH",Muskingum County
76796,43701,OH,202409,916.14,-0.0054,0.0488,Zanesville,"Zanesville, OH",Muskingum County
76796,43701,OH,202410,948.9,0.0358,0.0811,Zanesville,"Zanesville, OH",Muskingum County
76796,43701,OH,202411,950.61,0.0018,0.0688,Zanesville,"Zanesville, OH",Muskingum County
76796,43701,OH,202412,959.65,0.0095,0.0878,Zanesville,"Zanesville, OH",Muskingum County
76796,43701,OH,202501,963.34,0.0038,0.0767,Zanesville,"Zanesville, OH",Muskingum County
76796,43701,OH,202502,961.01,-0.0024,0.0566,Zanesville,"Zanesville, OH",Muskingum County
76796,43701,OH,202503,965.81,0.005,0.0485,Zanesville,"Zanesville, OH",Muskingum County
76796,43701,OH,202504,957.61,-0.0085,0.0514,Zanesville,"Zanesville, OH",Muskingum County
76796,43701,OH,202505,971.4,0.0144,0.0642,Zanesville,"Zanesville, OH",Muskingum County
76796,43701,OH,202506,992.48,0.0217,0.0862,Zanesville,"Zanesville, OH",Muskingum County
76796,43701,OH,202507,1017.29,0.025,0.1176,Zanesville,"Zanesville, OH",Muskingum County
76796,43701,OH,202508,1021.07,0.0037,0.1085,Zanesville,"Zanesville, OH",Muskingum County
76796,43701,OH,202509,1016.93,-0.0041,0.11,Zanesville,"Zanesville, OH",Muskingum County
76796,43701,OH,202510,1007.31,-0.0095,0.0616,Zanesville,"Zanesville, OH",Muskingum County
76796,43701,OH,202511,1008.45,0.0011,0.0608,Zanesville,"Zanesville, OH",Muskingum County
76796,43701,OH,202512,987.21,-0.0211,0.0287,Zanesville,"Zanesville, OH",Muskingum County
76796,43701,OH,202601,973.84,-0.0135,0.0109,Zanesville,"Zanesville, OH",Muskingum County
76796,43701,OH,202602,962.16,-0.012,0.0012,Zanesville,"Zanesville, OH",Muskingum County
76796,43701,OH,202603,1006.05,0.0456,0.0417,Zanesville,"Zanesville, OH",Muskingum County
76796,43701,OH,202604,1026.95,0.0208,0.0724,Zanesville,"Zanesville, OH",Muskingum County
76796,43701,OH,202605,1037.15,0.0099,0.0677,Zanesville,"Zanesville, OH",Muskingum County
76796,43701,OH,202606,1014.64,-0.0217,0.0223,Zanesville,"Zanesville, OH",Muskingum County
76796,43701,OH,202607,1008.64,-0.0059,-0.0085,Zanesville,"Zanesville, OH",Muskingum County
76796,43701,OH,202608,1020.91,0.0122,-0.0002,Zanesville,"Zanesville, OH",Muskingum County
76941,44011,OH,202601,2079.55,,,Avon,"Cleveland-Elyria, OH",Lorain County
76941,44011,OH,202602,2066.45,-0.0063,,Avon,"Cleveland-Elyria, OH",Lorain County
76941,44011,OH,202603,2024.39,-0.0204,,Avon,"Cleveland-Elyria, OH",Lorain County
76941,44011,OH,202604,2001.83,-0.0111,,Avon,"Cleveland-Elyria, OH",Lorain County
76941,44011,OH,202605,1987.4,-0.0072,,Avon,"Cleveland-Elyria, OH",Lorain County
76941,44011,OH,202606,2018.4,0.0156,,Avon,"Cleveland-Elyria, OH",Lorain County
76941,44011,OH,202607,2083.64,0.0323,,Avon,"Cleveland-Elyria, OH",Lorain County
76941,44011,OH,202608,2116.5,0.0158,,Avon,"Cleveland-Elyria, OH",Lorain County
76942,44012,OH,202605,2254.56,,,Avon Lake,"Cleveland-Elyria, OH",Lorain County
76942,44012,OH,202606,2234.26,-0.009,,Avon Lake,"Cleveland-Elyria, OH",Lorain County
76942,44012,OH,202607,2289.38,0.0247,,Avon Lake,"Cleveland-Elyria, OH",Lorain County
76942,44012,OH,202608,2259.33,-0.0131,,Avon Lake,"Cleveland-Elyria, OH",Lorain County
76943,44017,OH,202602,1246.51,,,Berea,"Cleveland-Elyria, OH",Cuyahoga County
76943,44017,OH,202603,1218.35,-0.0226,,Berea,"Cleveland-Elyria, OH",Cuyahoga County
76943,44017,OH,202604,1257.27,0.0319,,Berea,"Cleveland-Elyria, OH",Cuyahoga County
76943,44017,OH,202605,1269.88,0.01,,Berea,"Cleveland-Elyria, OH",Cuyahoga County
76943,44017,OH,202606,1295.28,0.02,,Berea,"Cleveland-Elyria, OH",Cuyahoga County
76943,44017,OH,202607,1301.34,0.0047,,Berea,"Cleveland-Elyria, OH",Cuyahoga County
76943,44017,OH,202608,1320.0,0.0143,,Berea,"Cleveland-Elyria, OH",Cuyahoga County
76945,44022,OH,202608,2550.0,,,Chagrin Falls,"Cleveland-Elyria, OH",Cuyahoga County
76953,44035,OH,202109,982.41,,,Elyria,"Cleveland-Elyria, OH",Lorain County
76953,44035,OH,202110,976.48,-0.006,,Elyria,"Cleveland-Elyria, OH",Lorain County
76953,44035,OH,202111,994.65,0.0186,,Elyria,"Cleveland-Elyria, OH",Lorain County
76953,44035,OH,202201,994.83,0.0002,,Elyria,"Cleveland-Elyria, OH",Lorain County
76953,44035,OH,202202,999.38,0.0046,,Elyria,"Cleveland-Elyria, OH",Lorain County
76953,44035,OH,202203,1011.17,0.0118,,Elyria,"Cleveland-Elyria, OH",Lorain County
76953,44035,OH,202204,1003.13,-0.008,,Elyria,"Cleveland-Elyria, OH",Lorain County
76953,44035,OH,202205,1006.83,0.0037,,Elyria,"Cleveland-Elyria, OH",Lorain County
76953,44035,OH,202206,1016.15,0.0093,,Elyria,"Cleveland-Elyria, OH",Lorain County
76953,44035,OH,202207,1054.45,0.0377,,Elyria,"Cleveland-Elyria, OH",Lorain County
76953,44035,OH,202208,1069.97,0.0147,,Elyria,"Cleveland-Elyria, OH",Lorain County
76953,44035,OH,202209,1091.95,0.0205,,Elyria,"Cleveland-Elyria, OH",Lorain County
76953,44035,OH,202210,1082.75,-0.0084,0.1021,Elyria,"Cleveland-Elyria, OH",Lorain County
76953,44035,OH,202211,1076.89,-0.0054,0.1028,Elyria,"Cleveland-Elyria, OH",Lorain County
76953,44035,OH,202212,1059.76,-0.0159,0.0655,Elyria,"Cleveland-Elyria, OH",Lorain County
76953,44035,OH,202301,1075.03,0.0144,0.0806,Elyria,"Cleveland-Elyria, OH",Lorain County
76953,44035,OH,202302,1098.69,0.022,0.0994,Elyria,"Cleveland-Elyria, OH",Lorain County
76953,44035,OH,202303,1098.35,-0.0003,0.0862,Elyria,"Cleveland-Elyria, OH",Lorain County
76953,44035,OH,202304,1094.11,-0.0039,0.0907,Elyria,"Cleveland-Elyria, OH",Lorain County
76953,44035,OH,202305,1086.76,-0.0067,0.0794,Elyria,"Cleveland-Elyria, OH",Lorain County
76953,44035,OH,202306,1099.28,0.0115,0.0818,Elyria,"Cleveland-Elyria, OH",Lorain County
76953,44035,OH,202307,1106.65,0.0067,0.0495,Elyria,"Cleveland-Elyria, OH",Lorain County
76953,44035,OH,202308,1103.45,-0.0029,0.0313,Elyria,"Cleveland-Elyria, OH",Lorain County
76953,44035,OH,202309,1120.95,0.0159,0.0266,Elyria,"Cleveland-Elyria, OH",Lorain County
76953,44035,OH,202310,1135.76,0.0132,0.049,Elyria,"Cleveland-Elyria, OH",Lorain County
76953,44035,OH,202311,1153.8,0.0159,0.0714,Elyria,"Cleveland-Elyria, OH",Lorain County
76953,44035,OH,202312,1143.5,-0.0089,0.079,Elyria,"Cleveland-Elyria, OH",Lorain County
76953,44035,OH,202401,1152.11,0.0075,0.0717,Elyria,"Cleveland-Elyria, OH",Lorain County
76953,44035,OH,202402,1147.47,-0.004,0.0444,Elyria,"Cleveland-Elyria, OH",Lorain County
76953,44035,OH,202403,1152.9,0.0047,0.0497,Elyria,"Cleveland-Elyria, OH",Lorain County
76953,44035,OH,202404,1151.03,-0.0016,0.052,Elyria,"Cleveland-Elyria, OH",Lorain County
76953,44035,OH,202405,1157.62,0.0057,0.0652,Elyria,"Cleveland-Elyria, OH",Lorain County
76953,44035,OH,202406,1154.14,-0.003,0.0499,Elyria,"Cleveland-Elyria, OH",Lorain County
76953,44035,OH,202407,1163.44,0.0081,0.0513,Elyria,"Cleveland-Elyria, OH",Lorain County
76953,44035,OH,202408,1188.0,0.0211,0.0766,Elyria,"Cleveland-Elyria, OH",Lorain County
76953,44035,OH,202409,1198.06,0.0085,0.0688,Elyria,"Cleveland-Elyria, OH",Lorain County
76953,44035,OH,202410,1185.62,-0.0104,0.0439,Elyria,"Cleveland-Elyria, OH",Lorain County
76953,44035,OH,202411,1164.25,-0.018,0.0091,Elyria,"Cleveland-Elyria, OH",Lorain County
76953,44035,OH,202412,1173.84,0.0082,0.0265,Elyria,"Cleveland-Elyria, OH",Lorain County
76953,44035,OH,202501,1180.52,0.0057,0.0247,Elyria,"Cleveland-Elyria, OH",Lorain County
76953,44035,OH,202502,1194.55,0.0119,0.041,Elyria,"Cleveland-Elyria, OH",Lorain County
76953,44035,OH,202503,1194.84,0.0002,0.0364,Elyria,"Cleveland-Elyria, OH",Lorain County
76953,44035,OH,202504,1226.52,0.0265,0.0656,Elyria,"Cleveland-Elyria, OH",Lorain County
76953,44035,OH,202505,1224.71,-0.0015,0.058,Elyria,"Cleveland-Elyria, OH",Lorain County
76953,44035,OH,202506,1232.43,0.0063,0.0678,Elyria,"Cleveland-Elyria, OH",Lorain County
76953,44035,OH,202507,1222.14,-0.0084,0.0505,Elyria,"Cleveland-Elyria, OH",Lorain County
76953,44035,OH,202508,1227.59,0.0045,0.0333,Elyria,"Cleveland-Elyria, OH",Lorain County
76953,44035,OH,202509,1237.19,0.0078,0.0327,Elyria,"Cleveland-Elyria, OH",Lorain County
76953,44035,OH,202510,1231.62,-0.0045,0.0388,Elyria,"Cleveland-Elyria, OH",Lorain County
76953,44035,OH,202511,1249.42,0.0145,0.0732,Elyria,"Cleveland-Elyria, OH",Lorain County
76953,44035,OH,202512,1245.78,-0.0029,0.0613,Elyria,"Cleveland-Elyria, OH",Lorain County
76953,44035,OH,202601,1258.0,0.0098,0.0656,Elyria,"Cleveland-Elyria, OH",Lorain County
76953,44035,OH,202602,1251.3,-0.0053,0.0475,Elyria,"Cleveland-Elyria, OH",Lorain County
76953,44035,OH,202603,1269.91,0.0149,0.0628,Elyria,"Cleveland-Elyria, OH",Lorain County
76953,44035,OH,202604,1261.21,-0.0068,0.0283,Elyria,"Cleveland-Elyria, OH",Lorain County
76953,44035,OH,202605,1275.06,0.011,0.0411,Elyria,"Cleveland-Elyria, OH",Lorain County
76953,44035,OH,202606,1272.45,-0.002,0.0325,Elyria,"Cleveland-Elyria, OH",Lorain County
76953,44035,OH,202607,1291.86,0.0153,0.057,Elyria,"Cleveland-Elyria, OH",Lorain County
76953,44035,OH,202608,1291.78,-0.0001,0.0523,Elyria,"Cleveland-Elyria, OH",Lorain County
76955,44039,OH,202602,2084.37,,,North Ridgeville,"Cleveland-Elyria, OH",Lorain County
76955,44039,OH,202603,2131.47,0.0226,,North Ridgeville,"Cleveland-Elyria, OH",Lorain County
76955,44039,OH,202604,2101.33,-0.0141,,North Ridgeville,"Cleveland-Elyria, OH",Lorain County
76955,44039,OH,202605,2120.84,0.0093,,North Ridgeville,"Cleveland-Elyria, OH",Lorain County
76955,44039,OH,202606,2115.75,-0.0024,,North Ridgeville,"Cleveland-Elyria, OH",Lorain County
76955,44039,OH,202607,2138.66,0.0108,,North Ridgeville,"Cleveland-Elyria, OH",Lorain County
76955,44039,OH,202608,2153.33,0.0069,,North Ridgeville,"Cleveland-Elyria, OH",Lorain County
76965,44052,OH,202303,791.77,,,Lorain,"Cleveland-Elyria, OH",Lorain County
76965,44052,OH,202304,808.1,0.0206,,Lorain,"Cleveland-Elyria, OH",Lorain County
76965,44052,OH,202305,823.61,0.0192,,Lorain,"Cleveland-Elyria, OH",Lorain County
76965,44052,OH,202306,835.99,0.015,,Lorain,"Cleveland-Elyria, OH",Lorain County
76965,44052,OH,202307,851.08,0.0181,,Lorain,"Cleveland-Elyria, OH",Lorain County
76965,44052,OH,202308,870.47,0.0228,,Lorain,"Cleveland-Elyria, OH",Lorain County
76965,44052,OH,202309,863.3,-0.0082,,Lorain,"Cleveland-Elyria, OH",Lorain County
76965,44052,OH,202310,884.69,0.0248,,Lorain,"Cleveland-Elyria, OH",Lorain County
76965,44052,OH,202311,890.47,0.0065,,Lorain,"Cleveland-Elyria, OH",Lorain County
76965,44052,OH,202312,920.37,0.0336,,Lorain,"Cleveland-Elyria, OH",Lorain County
76965,44052,OH,202401,918.9,-0.0016,,Lorain,"Cleveland-Elyria, OH",Lorain County
76965,44052,OH,202402,911.85,-0.0077,,Lorain,"Cleveland-Elyria, OH",Lorain County
76965,44052,OH,202403,929.03,0.0188,0.1734,Lorain,"Cleveland-Elyria, OH",Lorain County
76965,44052,OH,202404,932.12,0.0033,0.1535,Lorain,"Cleveland-Elyria, OH",Lorain County
76965,44052,OH,202405,962.6,0.0327,0.1688,Lorain,"Cleveland-Elyria, OH",Lorain County
76965,44052,OH,202406,932.61,-0.0312,0.1156,Lorain,"Cleveland-Elyria, OH",Lorain County
76965,44052,OH,202407,945.07,0.0134,0.1104,Lorain,"Cleveland-Elyria, OH",Lorain County
76965,44052,OH,202408,949.58,0.0048,0.0909,Lorain,"Cleveland-Elyria, OH",Lorain County
76965,44052,OH,202409,982.74,0.0349,0.1383,Lorain,"Cleveland-Elyria, OH",Lorain County
76965,44052,OH,202410,998.79,0.0163,0.129,Lorain,"Cleveland-Elyria, OH",Lorain County
76965,44052,OH,202411,996.34,-0.0025,0.1189,Lorain,"Cleveland-Elyria, OH",Lorain County
76965,44052,OH,202412,1027.83,0.0316,0.1168,Lorain,"Cleveland-Elyria, OH",Lorain County
76965,44052,OH,202501,1039.04,0.0109,0.1307,Lorain,"Cleveland-Elyria, OH",Lorain County
76965,44052,OH,202502,1035.94,-0.003,0.1361,Lorain,"Cleveland-Elyria, OH",Lorain County
76965,44052,OH,202503,1029.24,-0.0065,0.1079,Lorain,"Cleveland-Elyria, OH",Lorain County
76965,44052,OH,202504,1019.51,-0.0095,0.0938,Lorain,"Cleveland-Elyria, OH",Lorain County
76965,44052,OH,202505,1049.94,0.0298,0.0907,Lorain,"Cleveland-Elyria, OH",Lorain County
76965,44052,OH,202506,1068.96,0.0181,0.1462,Lorain,"Cleveland-Elyria, OH",Lorain County
76965,44052,OH,202507,1079.23,0.0096,0.142,Lorain,"Cleveland-Elyria, OH",Lorain County
76965,44052,OH,202508,1059.35,-0.0184,0.1156,Lorain,"Cleveland-Elyria, OH",Lorain County
76965,44052,OH,202509,1062.42,0.0029,0.0811,Lorain,"Cleveland-Elyria, OH",Lorain County
76965,44052,OH,202510,1056.9,-0.0052,0.0582,Lorain,"Cleveland-Elyria, OH",Lorain County
76965,44052,OH,202511,1061.89,0.0047,0.0658,Lorain,"Cleveland-Elyria, OH",Lorain County
76965,44052,OH,202512,1051.66,-0.0096,0.0232,Lorain,"Cleveland-Elyria, OH",Lorain County
76965,44052,OH,202601,1072.27,0.0196,0.032,Lorain,"Cleveland-Elyria, OH",Lorain County
76965,44052,OH,202602,1080.58,0.0077,0.0431,Lorain,"Cleveland-Elyria, OH",Lorain County
76965,44052,OH,202603,1082.2,0.0015,0.0515,Lorain,"Cleveland-Elyria, OH",Lorain County
76965,44052,OH,202604,1078.41,-0.0035,0.0578,Lorain,"Cleveland-Elyria, OH",Lorain County
76965,44052,OH,202605,1099.08,0.0192,0.0468,Lorain,"Cleveland-Elyria, OH",Lorain County
76965,44052,OH,202606,1107.98,0.0081,0.0365,Lorain,"Cleveland-Elyria, OH",Lorain County
76965,44052,OH,202607,1093.61,-0.013,0.0133,Lorain,"Cleveland-Elyria, OH",Lorain County
76965,44052,OH,202608,1076.58,-0.0156,0.0163,Lorain,"Cleveland-Elyria, OH",Lorain County
76968,44055,OH,202509,1091.61,,,Lorain,"Cleveland-Elyria, OH",Lorain County
76968,44055,OH,202510,1110.68,0.0175,,Lorain,"Cleveland-Elyria, OH",Lorain County
76968,44055,OH,202511,1188.14,0.0697,,Lorain,"Cleveland-Elyria, OH",Lorain County
76968,44055,OH,202512,1207.59,0.0164,,Lorain,"Cleveland-Elyria, OH",Lorain County
76968,44055,OH,202601,1233.35,0.0213,,Lorain,"Cleveland-Elyria, OH",Lorain County
76968,44055,OH,202602,1234.74,0.0011,,Lorain,"Cleveland-Elyria, OH",Lorain County
76968,44055,OH,202603,1306.13,0.0578,,Lorain,"Cleveland-Elyria, OH",Lorain County
76968,44055,OH,202604,1307.56,0.0011,,Lorain,"Cleveland-Elyria, OH",Lorain County
76968,44055,OH,202605,1242.2,-0.05,,Lorain,"Cleveland-Elyria, OH",Lorain County
76968,44055,OH,202606,1174.28,-0.0547,,Lorain,"Cleveland-Elyria, OH",Lorain County
76968,44055,OH,202607,1160.78,-0.0115,,Lorain,"Cleveland-Elyria, OH",Lorain County
76968,44055,OH,202608,1193.94,0.0286,,Lorain,"Cleveland-Elyria, OH",Lorain County
76969,44056,OH,202607,2313.79,,,Macedonia,"Akron, OH",Summit County
76969,44056,OH,202608,2389.75,0.0328,,Macedonia,"Akron, OH",Summit County
76971,44060,OH,202410,1522.57,,,Mentor,"Cleveland-Elyria, OH",Lake County
76971,44060,OH,202411,1504.36,-0.012,,Mentor,"Cleveland-Elyria, OH",Lake County
76971,44060,OH,202412,1499.23,-0.0034,,Mentor,"Cleveland-Elyria, OH",Lake County
76971,44060,OH,202501,1500.6,0.0009,,Mentor,"Cleveland-Elyria, OH",Lake County
76971,44060,OH,202502,1524.03,0.0156,,Mentor,"Cleveland-Elyria, OH",Lake County
76971,44060,OH,202503,1545.16,0.0139,,Mentor,"Cleveland-Elyria, OH",Lake County
76971,44060,OH,202504,1557.52,0.008,,Mentor,"Cleveland-Elyria, OH",Lake County
76971,44060,OH,202505,1564.66,0.0046,,Mentor,"Cleveland-Elyria, OH",Lake County
76971,44060,OH,202506,1558.38,-0.004,,Mentor,"Cleveland-Elyria, OH",Lake County
76971,44060,OH,202507,1545.58,-0.0082,,Mentor,"Cleveland-Elyria, OH",Lake County
76971,44060,OH,202508,1582.06,0.0236,,Mentor,"Cleveland-Elyria, OH",Lake County
76971,44060,OH,202509,1586.37,0.0027,,Mentor,"Cleveland-Elyria, OH",Lake County
76971,44060,OH,202510,1595.05,0.0055,0.0476,Mentor,"Cleveland-Elyria, OH",Lake County
76971,44060,OH,202511,1594.03,-0.0006,0.0596,Mentor,"Cleveland-Elyria, OH",Lake County
76971,44060,OH,202512,1635.36,0.0259,0.0908,Mentor,"Cleveland-Elyria, OH",Lake County
76971,44060,OH,202601,1649.83,0.0088,0.0994,Mentor,"Cleveland-Elyria, OH",Lake County
76971,44060,OH,202602,1637.34,-0.0076,0.0744,Mentor,"Cleveland-Elyria, OH",Lake County
76971,44060,OH,202603,1616.67,-0.0126,0.0463,Mentor,"Cleveland-Elyria, OH",Lake County
76971,44060,OH,202604,1643.97,0.0169,0.0555,Mentor,"Cleveland-Elyria, OH",Lake County
76971,44060,OH,202605,1665.83,0.0133,0.0647,Mentor,"Cleveland-Elyria, OH",Lake County
76971,44060,OH,202606,1676.46,0.0064,0.0758,Mentor,"Cleveland-Elyria, OH",Lake County
76971,44060,OH,202607,1656.58,-0.0119,0.0718,Mentor,"Cleveland-Elyria, OH",Lake County
76971,44060,OH,202608,1658.41,0.0011,0.0483,Mentor,"Cleveland-Elyria, OH",Lake County
76978,44070,OH,202503,1693.01,,,North Olmsted,"Cleveland-Elyria, OH",Cuyahoga County
76978,44070,OH,202504,1711.88,0.0111,,North Olmsted,"Cleveland-Elyria, OH",Cuyahoga County
76978,44070,OH,202505,1729.65,0.0104,,North Olmsted,"Cleveland-Elyria, OH",Cuyahoga County
76978,44070,OH,202506,1754.05,0.0141,,North Olmsted,"Cleveland-Elyria, OH",Cuyahoga County
76978,44070,OH,202507,1759.57,0.0031,,North Olmsted,"Cleveland-Elyria, OH",Cuyahoga County
76978,44070,OH,202508,1770.64,0.0063,,North Olmsted,"Cleveland-Elyria, OH",Cuyahoga County
76978,44070,OH,202509,1759.95,-0.006,,North Olmsted,"Cleveland-Elyria, OH",Cuyahoga County
76978,44070,OH,202510,1770.47,0.006,,North Olmsted,"Cleveland-Elyria, OH",Cuyahoga County
76978,44070,OH,202511,1786.96,0.0093,,North Olmsted,"Cleveland-Elyria, OH",Cuyahoga County
76978,44070,OH,202512,1774.96,-0.0067,,North Olmsted,"Cleveland-Elyria, OH",Cuyahoga County
76978,44070,OH,202601,1781.13,0.0035,,North Olmsted,"Cleveland-Elyria, OH",Cuyahoga County
76978,44070,OH,202602,1755.65,-0.0143,,North Olmsted,"Cleveland-Elyria, OH",Cuyahoga County
76978,44070,OH,202603,1744.73,-0.0062,0.0305,North Olmsted,"Cleveland-Elyria, OH",Cuyahoga County
76978,44070,OH,202604,1750.66,0.0034,0.0227,North Olmsted,"Cleveland-Elyria, OH",Cuyahoga County
76978,44070,OH,202605,1795.65,0.0257,0.0382,North Olmsted,"Cleveland-Elyria, OH",Cuyahoga County
76978,44070,OH,202606,1851.37,0.031,0.0555,North Olmsted,"Cleveland-Elyria, OH",Cuyahoga County
76978,44070,OH,202607,1854.22,0.0015,0.0538,North Olmsted,"Cleveland-Elyria, OH",Cuyahoga County
76978,44070,OH,202608,1843.5,-0.0058,0.0412,North Olmsted,"Cleveland-Elyria, OH",Cuyahoga County
76983,44077,OH,202312,1290.44,,,Painesville,"Cleveland-Elyria, OH",Lake County
76983,44077,OH,202401,1337.23,0.0363,,Painesville,"Cleveland-Elyria, OH",Lake County
76983,44077,OH,202402,1361.55,0.0182,,Painesville,"Cleveland-Elyria, OH",Lake County
76983,44077,OH,202403,1393.83,0.0237,,Painesville,"Cleveland-Elyria, OH",Lake County
76983,44077,OH,202404,1372.9,-0.015,,Painesville,"Cleveland-Elyria, OH",Lake County
76983,44077,OH,202405,1344.53,-0.0207,,Painesville,"Cleveland-Elyria, OH",Lake County
76983,44077,OH,202406,1361.64,0.0127,,Painesville,"Cleveland-Elyria, OH",Lake County
76983,44077,OH,202407,1397.25,0.0262,,Painesville,"Cleveland-Elyria, OH",Lake County
76983,44077,OH,202408,1408.69,0.0082,,Painesville,"Cleveland-Elyria, OH",Lake County
76983,44077,OH,202409,1379.26,-0.0209,,Painesville,"Cleveland-Elyria, OH",Lake County
76983,44077,OH,202410,1361.06,-0.0132,,Painesville,"Cleveland-Elyria, OH",Lake County
76983,44077,OH,202411,1390.06,0.0213,,Painesville,"Cleveland-Elyria, OH",Lake County
76983,44077,OH,202412,1412.41,0.0161,0.0945,Painesville,"Cleveland-Elyria, OH",Lake County
76983,44077,OH,202501,1406.27,-0.0043,0.0516,Painesville,"Cleveland-Elyria, OH",Lake County
76983,44077,OH,202502,1375.88,-0.0216,0.0105,Painesville,"Cleveland-Elyria, OH",Lake County
76983,44077,OH,202503,1383.82,0.0058,-0.0072,Painesville,"Cleveland-Elyria, OH",Lake County
76983,44077,OH,202504,1390.24,0.0046,0.0126,Painesville,"Cleveland-Elyria, OH",Lake County
76983,44077,OH,202505,1401.62,0.0082,0.0425,Painesville,"Cleveland-Elyria, OH",Lake County
76983,44077,OH,202506,1399.12,-0.0018,0.0275,Painesville,"Cleveland-Elyria, OH",Lake County
76983,44077,OH,202507,1403.03,0.0028,0.0041,Painesville,"Cleveland-Elyria, OH",Lake County
76983,44077,OH,202508,1415.5,0.0089,0.0048,Painesville,"Cleveland-Elyria, OH",Lake County
76983,44077,OH,202509,1434.43,0.0134,0.04,Painesville,"Cleveland-Elyria, OH",Lake County
76983,44077,OH,202510,1444.51,0.007,0.0613,Painesville,"Cleveland-Elyria, OH",Lake County
76983,44077,OH,202511,1427.95,-0.0115,0.0273,Painesville,"Cleveland-Elyria, OH",Lake County
76983,44077,OH,202512,1449.73,0.0153,0.0264,Painesville,"Cleveland-Elyria, OH",Lake County
76983,44077,OH,202601,1467.77,0.0124,0.0437,Painesville,"Cleveland-Elyria, OH",Lake County
76983,44077,OH,202602,1467.23,-0.0004,0.0664,Painesville,"Cleveland-Elyria, OH",Lake County
76983,44077,OH,202603,1439.86,-0.0187,0.0405,Painesville,"Cleveland-Elyria, OH",Lake County
76983,44077,OH,202604,1495.67,0.0388,0.0758,Painesville,"Cleveland-Elyria, OH",Lake County
76983,44077,OH,202605,1528.23,0.0218,0.0903,Painesville,"Cleveland-Elyria, OH",Lake County
76983,44077,OH,202606,1550.71,0.0147,0.1083,Painesville,"Cleveland-Elyria, OH",Lake County
76983,44077,OH,202607,1494.33,-0.0364,0.0651,Painesville,"Cleveland-Elyria, OH",Lake County
76983,44077,OH,202608,1477.98,-0.0109,0.0441,Painesville,"Cleveland-Elyria, OH",Lake County
76990,44087,OH,202608,1947.5,,,Twinsburg,"Akron, OH",Summit County
76992,44089,OH,202608,1994.83,,,Vermilion,"Sandusky, OH",Erie County
76994,44092,OH,202309,950.95,,,Wickliffe,"Cleveland-Elyria, OH",Lake County
76994,44092,OH,202312,945.27,-0.006,,Wickliffe,"Cleveland-Elyria, OH",Lake County
76994,44092,OH,202401,953.94,0.0092,,Wickliffe,"Cleveland-Elyria, OH",Lake County
76994,44092,OH,202402,952.79,-0.0012,,Wickliffe,"Cleveland-Elyria, OH",Lake County
76994,44092,OH,202403,951.52,-0.0013,,Wickliffe,"Cleveland-Elyria, OH",Lake County
76994,44092,OH,202404,956.07,0.0048,,Wickliffe,"Cleveland-Elyria, OH",Lake County
76994,44092,OH,202405,983.81,0.029,,Wickliffe,"Cleveland-Elyria, OH",Lake County
76994,44092,OH,202406,1008.56,0.0252,,Wickliffe,"Cleveland-Elyria, OH",Lake County
76994,44092,OH,202407,1014.41,0.0058,,Wickliffe,"Cleveland-Elyria, OH",Lake County
76994,44092,OH,202408,1000.8,-0.0134,,Wickliffe,"Cleveland-Elyria, OH",Lake County
76994,44092,OH,202409,988.48,-0.0123,,Wickliffe,"Cleveland-Elyria, OH",Lake County
76994,44092,OH,202410,990.78,0.0023,,Wickliffe,"Cleveland-Elyria, OH",Lake County
76994,44092,OH,202411,1002.12,0.0115,0.0538,Wickliffe,"Cleveland-Elyria, OH",Lake County
76994,44092,OH,202412,1004.3,0.0022,0.0624,Wickliffe,"Cleveland-Elyria, OH",Lake County
76994,44092,OH,202501,1020.26,0.0159,0.0695,Wickliffe,"Cleveland-Elyria, OH",Lake County
76994,44092,OH,202502,1002.87,-0.017,0.0526,Wickliffe,"Cleveland-Elyria, OH",Lake County
76994,44092,OH,202503,1015.69,0.0128,0.0674,Wickliffe,"Cleveland-Elyria, OH",Lake County
76994,44092,OH,202504,1007.18,-0.0084,0.0535,Wickliffe,"Cleveland-Elyria, OH",Lake County
76994,44092,OH,202505,1065.14,0.0575,0.0827,Wickliffe,"Cleveland-Elyria, OH",Lake County
76994,44092,OH,202506,1077.15,0.0113,0.068,Wickliffe,"Cleveland-Elyria, OH",Lake County
76994,44092,OH,202507,1082.59,0.005,0.0672,Wickliffe,"Cleveland-Elyria, OH",Lake County
76994,44092,OH,202508,1039.24,-0.04,0.0384,Wickliffe,"Cleveland-Elyria, OH",Lake County
76994,44092,OH,202509,1050.65,0.011,0.0629,Wickliffe,"Cleveland-Elyria, OH",Lake County
76994,44092,OH,202510,1050.52,-0.0001,0.0603,Wickliffe,"Cleveland-Elyria, OH",Lake County
76994,44092,OH,202511,1064.37,0.0132,0.0621,Wickliffe,"Cleveland-Elyria, OH",Lake County
76994,44092,OH,202512,1055.67,-0.0082,0.0512,Wickliffe,"Cleveland-Elyria, OH",Lake County
76994,44092,OH,202601,1053.75,-0.0018,0.0328,Wickliffe,"Cleveland-Elyria, OH",Lake County
76994,44092,OH,202603,1085.92,0.0305,0.0828,Wickliffe,"Cleveland-Elyria, OH",Lake County
76994,44092,OH,202604,1106.14,0.0186,0.0891,Wickliffe,"Cleveland-Elyria, OH",Lake County
76994,44092,OH,202605,1101.74,-0.004,0.0939,Wickliffe,"Cleveland-Elyria, OH",Lake County
76994,44092,OH,202606,1093.75,-0.0073,0.0269,Wickliffe,"Cleveland-Elyria, OH",Lake County
76994,44092,OH,202607,1091.24,-0.0023,0.0131,Wickliffe,"Cleveland-Elyria, OH",Lake County
76994,44092,OH,202608,1074.85,-0.015,-0.0071,Wickliffe,"Cleveland-Elyria, OH",Lake County
76996,44094,OH,202012,948.94,,,Willoughby,"Cleveland-Elyria, OH",Lake County
76996,44094,OH,202101,940.66,-0.0087,,Willoughby,"Cleveland-Elyria, OH",Lake County
76996,44094,OH,202102,932.4,-0.0088,,Willoughby,"Cleveland-Elyria, OH",Lake County
76996,44094,OH,202103,950.9,0.0198,,Willoughby,"Cleveland-Elyria, OH",Lake County
76996,44094,OH,202104,963.71,0.0135,,Willoughby,"Cleveland-Elyria, OH",Lake County
76996,44094,OH,202105,978.06,0.0149,,Willoughby,"Cleveland-Elyria, OH",Lake County
76996,44094,OH,202106,972.25,-0.0059,,Willoughby,"Cleveland-Elyria, OH",Lake County
76996,44094,OH,202107,982.87,0.0109,,Willoughby,"Cleveland-Elyria, OH",Lake County
76996,44094,OH,202108,991.35,0.0086,,Willoughby,"Cleveland-Elyria, OH",Lake County
76996,44094,OH,202109,1002.78,0.0115,,Willoughby,"Cleveland-Elyria, OH",Lake County
76996,44094,OH,202110,1005.45,0.0027,,Willoughby,"Cleveland-Elyria, OH",Lake County
76996,44094,OH,202111,1010.2,0.0047,,Willoughby,"Cleveland-Elyria, OH",Lake County
76996,44094,OH,202112,1023.02,0.0127,0.0781,Willoughby,"Cleveland-Elyria, OH",Lake County
76996,44094,OH,202201,1037.84,0.0145,0.1033,Willoughby,"Cleveland-Elyria, OH",Lake County
76996,44094,OH,202202,1049.86,0.0116,0.126,Willoughby,"Cleveland-Elyria, OH",Lake County
76996,44094,OH,202203,1051.33,0.0014,0.1056,Willoughby,"Cleveland-Elyria, OH",Lake County
76996,44094,OH,202204,1062.31,0.0104,0.1023,Willoughby,"Cleveland-Elyria, OH",Lake County
76996,44094,OH,202205,1071.44,0.0086,0.0955,Willoughby,"Cleveland-Elyria, OH",Lake County
76996,44094,OH,202206,1101.95,0.0285,0.1334,Willoughby,"Cleveland-Elyria, OH",Lake County
76996,44094,OH,202207,1118.17,0.0147,0.1377,Willoughby,"Cleveland-Elyria, OH",Lake County
76996,44094,OH,202208,1127.82,0.0086,0.1377,Willoughby,"Cleveland-Elyria, OH",Lake County
76996,44094,OH,202209,1117.55,-0.0091,0.1145,Willoughby,"Cleveland-Elyria, OH",Lake County
76996,44094,OH,202210,1111.15,-0.0057,0.1051,Willoughby,"Cleveland-Elyria, OH",Lake County
76996,44094,OH,202211,1100.4,-0.0097,0.0893,Willoughby,"Cleveland-Elyria, OH",Lake County
76996,44094,OH,202212,1090.01,-0.0094,0.0655,Willoughby,"Cleveland-Elyria, OH",Lake County
76996,44094,OH,202301,1079.04,-0.0101,0.0397,Willoughby,"Cleveland-Elyria, OH",Lake County
76996,44094,OH,202302,1094.39,0.0142,0.0424,Willoughby,"Cleveland-Elyria, OH",Lake County
76996,44094,OH,202303,1113.26,0.0172,0.0589,Willoughby,"Cleveland-Elyria, OH",Lake County
76996,44094,OH,202304,1136.86,0.0212,0.0702,Willoughby,"Cleveland-Elyria, OH",Lake County
76996,44094,OH,202305,1136.27,-0.0005,0.0605,Willoughby,"Cleveland-Elyria, OH",Lake County
76996,44094,OH,202306,1122.7,-0.0119,0.0188,Willoughby,"Cleveland-Elyria, OH",Lake County
76996,44094,OH,202307,1128.26,0.005,0.009,Willoughby,"Cleveland-Elyria, OH",Lake County
76996,44094,OH,202308,1133.09,0.0043,0.0047,Willoughby,"Cleveland-Elyria, OH",Lake County
76996,44094,OH,202309,1148.42,0.0135,0.0276,Willoughby,"Cleveland-Elyria, OH",Lake County
76996,44094,OH,202310,1145.75,-0.0023,0.0311,Willoughby,"Cleveland-Elyria, OH",Lake County
76996,44094,OH,202311,1152.93,0.0063,0.0477,Willoughby,"Cleveland-Elyria, OH",Lake County
76996,44094,OH,202312,1151.55,-0.0012,0.0565,Willoughby,"Cleveland-Elyria, OH",Lake County
76996,44094,OH,202401,1149.92,-0.0014,0.0657,Willoughby,"Cleveland-Elyria, OH",Lake County
76996,44094,OH,202402,1166.68,0.0146,0.0661,Willoughby,"Cleveland-Elyria, OH",Lake County
76996,44094,OH,202403,1184.9,0.0156,0.0644,Willoughby,"Cleveland-Elyria, OH",Lake County
76996,44094,OH,202404,1209.74,0.021,0.0641,Willoughby,"Cleveland-Elyria, OH",Lake County
76996,44094,OH,202405,1209.34,-0.0003,0.0643,Willoughby,"Cleveland-Elyria, OH",Lake County
76996,44094,OH,202406,1223.24,0.0115,0.0896,Willoughby,"Cleveland-Elyria, OH",Lake County
76996,44094,OH,202407,1227.73,0.0037,0.0882,Willoughby,"Cleveland-Elyria, OH",Lake County
76996,44094,OH,202408,1242.15,0.0117,0.0963,Willoughby,"Cleveland-Elyria, OH",Lake County
76996,44094,OH,202409,1238.63,-0.0028,0.0785,Willoughby,"Cleveland-Elyria, OH",Lake County
76996,44094,OH,202410,1236.37,-0.0018,0.0791,Willoughby,"Cleveland-Elyria, OH",Lake County
76996,44094,OH,202411,1227.8,-0.0069,0.0649,Willoughby,"Cleveland-Elyria, OH",Lake County
76996,44094,OH,202412,1232.5,0.0038,0.0703,Willoughby,"Cleveland-Elyria, OH",Lake County
76996,44094,OH,202501,1241.82,0.0076,0.0799,Willoughby,"Cleveland-Elyria, OH",Lake County
76996,44094,OH,202502,1248.66,0.0055,0.0703,Willoughby,"Cleveland-Elyria, OH",Lake County
76996,44094,OH,202503,1254.59,0.0047,0.0588,Willoughby,"Cleveland-Elyria, OH",Lake County
76996,44094,OH,202504,1249.24,-0.0043,0.0327,Willoughby,"Cleveland-Elyria, OH",Lake County
76996,44094,OH,202505,1272.39,0.0185,0.0521,Willoughby,"Cleveland-Elyria, OH",Lake County
76996,44094,OH,202506,1287.3,0.0117,0.0524,Willoughby,"Cleveland-Elyria, OH",Lake County
76996,44094,OH,202507,1300.95,0.0106,0.0596,Willoughby,"Cleveland-Elyria, OH",Lake County
76996,44094,OH,202508,1292.92,-0.0062,0.0409,Willoughby,"Cleveland-Elyria, OH",Lake County
76996,44094,OH,202509,1294.71,0.0014,0.0453,Willoughby,"Cleveland-Elyria, OH",Lake County
76996,44094,OH,202510,1295.97,0.001,0.0482,Willoughby,"Cleveland-Elyria, OH",Lake County
76996,44094,OH,202511,1299.1,0.0024,0.0581,Willoughby,"Cleveland-Elyria, OH",Lake County
76996,44094,OH,202512,1301.89,0.0021,0.0563,Willoughby,"Cleveland-Elyria, OH",Lake County
76996,44094,OH,202601,1300.91,-0.0008,0.0476,Willoughby,"Cleveland-Elyria, OH",Lake County
76996,44094,OH,202602,1316.33,0.0119,0.0542,Willoughby,"Cleveland-Elyria, OH",Lake County
76996,44094,OH,202603,1304.36,-0.0091,0.0397,Willoughby,"Cleveland-Elyria, OH",Lake County
76996,44094,OH,202604,1343.38,0.0299,0.0754,Willoughby,"Cleveland-Elyria, OH",Lake County
76996,44094,OH,202605,1334.54,-0.0066,0.0488,Willoughby,"Cleveland-Elyria, OH",Lake County
76996,44094,OH,202606,1365.72,0.0234,0.0609,Willoughby,"Cleveland-Elyria, OH",Lake County
76996,44094,OH,202607,1351.69,-0.0103,0.039,Willoughby,"Cleveland-Elyria, OH",Lake County
76996,44094,OH,202608,1381.59,0.0221,0.0686,Willoughby,"Cleveland-Elyria, OH",Lake County
76997,44095,OH,202502,1206.95,,,Eastlake,"Cleveland-Elyria, OH",Lake County
76997,44095,OH,202503,1228.38,0.0178,,Eastlake,"Cleveland-Elyria, OH",Lake County
76997,44095,OH,202504,1240.5,0.0099,,Eastlake,"Cleveland-Elyria, OH",Lake County
76997,44095,OH,202505,1243.17,0.0022,,Eastlake,"Cleveland-Elyria, OH",Lake County
76997,44095,OH,202506,1263.34,0.0162,,Eastlake,"Cleveland-Elyria, OH",Lake County
76997,44095,OH,202507,1248.88,-0.0114,,Eastlake,"Cleveland-Elyria, OH",Lake County
76997,44095,OH,202508,1258.9,0.008,,Eastlake,"Cleveland-Elyria, OH",Lake County
76997,44095,OH,202509,1243.28,-0.0124,,Eastlake,"Cleveland-Elyria, OH",Lake County
76997,44095,OH,202510,1244.88,0.0013,,Eastlake,"Cleveland-Elyria, OH",Lake County
76997,44095,OH,202511,1258.09,0.0106,,Eastlake,"Cleveland-Elyria, OH",Lake County
76997,44095,OH,202512,1265.41,0.0058,,Eastlake,"Cleveland-Elyria, OH",Lake County
76997,44095,OH,202601,1269.5,0.0032,,Eastlake,"Cleveland-Elyria, OH",Lake County
76997,44095,OH,202602,1278.94,0.0074,0.0596,Eastlake,"Cleveland-Elyria, OH",Lake County
76997,44095,OH,202603,1297.16,0.0142,0.056,Eastlake,"Cleveland-Elyria, OH",Lake County
76997,44095,OH,202604,1302.55,0.0042,0.05,Eastlake,"Cleveland-Elyria, OH",Lake County
76997,44095,OH,202605,1298.47,-0.0031,0.0445,Eastlake,"Cleveland-Elyria, OH",Lake County
76997,44095,OH,202606,1288.33,-0.0078,0.0198,Eastlake,"Cleveland-Elyria, OH",Lake County
76997,44095,OH,202607,1306.72,0.0143,0.0463,Eastlake,"Cleveland-Elyria, OH",Lake County
76997,44095,OH,202608,1307.33,0.0005,0.0385,Eastlake,"Cleveland-Elyria, OH",Lake County
77002,44102,OH,201803,802.42,,,Cleveland,"Cleveland-Elyria, OH",Cuyahoga County
77002,44102,OH,201804,795.61,-0.0085,,Cleveland,"Cleveland-Elyria, OH",Cuyahoga County
77002,44102,OH,201805,787.24,-0.0105,,Cleveland,"Cleveland-Elyria, OH",Cuyahoga County
77002,44102,OH,201806,786.01,-0.0016,,Cleveland,"Cleveland-Elyria, OH",Cuyahoga County
77002,44102,OH,201807,808.08,0.0281,,Cleveland,"Cleveland-Elyria, OH",Cuyahoga County
77002,44102,OH,201808,820.56,0.0154,,Cleveland,"Cleveland-Elyria, OH",Cuyahoga County
77002,44102,OH,201809,828.9,0.0102,,Cleveland,"Cleveland-Elyria, OH",Cuyahoga County
77002,44102,OH,201810,822.83,-0.0073,,Cleveland,"Cleveland-Elyria, OH",Cuyahoga County
77002,44102,OH,201811,820.67,-0.0026,,Cleveland,"Cleveland-Elyria, OH",Cuyahoga County
77002,44102,OH,201812,800.51,-0.0246,,Cleveland,"Cleveland-Elyria, OH",Cuyahoga County
77002,44102,OH,201901,810.73,0.0128,,Cleveland,"Cleveland-Elyria, OH",Cuyahoga County
77002,44102,OH,201902,820.22,0.0117,,Cleveland,"Cleveland-Elyria, OH",Cuyahoga County
77002,44102,OH,201903,840.5,0.0247,0.0475,Cleveland,"Cleveland-Elyria, OH",Cuyahoga County
77002,44102,OH,201904,843.16,0.0032,0.0598,Cleveland,"Cleveland-Elyria, OH",Cuyahoga County
77002,44102,OH,201905,859.25,0.0191,0.0915,Cleveland,"Cleveland-Elyria, OH",Cuyahoga County
77002,44102,OH,201906,866.82,0.0088,0.1028,Cleveland,"Cleveland-Elyria, OH",Cuyahoga County
77002,44102,OH,201907,865.39,-0.0017,0.0709,Cleveland,"Cleveland-Elyria, OH",Cuyahoga County
77002,44102,OH,201908,864.14,-0.0014,0.0531,Cleveland,"Cleveland-Elyria, OH",Cuyahoga County
77002,44102,OH,201909,867.36,0.0037,0.0464,Cleveland,"Cleveland-Elyria, OH",Cuyahoga County
77002,44102,OH,201910,876.34,0.0104,0.065,Cleveland,"Cleveland-Elyria, OH",Cuyahoga County
77002,44102,OH,201911,868.69,-0.0087,0.0585,Cleveland,"Cleveland-Elyria, OH",Cuyahoga County
77002,44102,OH,201912,875.01,0.0073,0.0931,Cleveland,"Cleveland-Elyria, OH",Cuyahoga County
77002,44102,OH,202001,868.16,-0.0078,0.0708,Cleveland,"Cleveland-Elyria, OH",Cuyahoga County
77002,44102,OH,202002,880.63,0.0144,0.0736,Cleveland,"Cleveland-Elyria, OH",Cuyahoga County
77002,44102,OH,202003,879.01,-0.0018,0.0458,Cleveland,"Cleveland-Elyria, OH",Cuyahoga County
77002,44102,OH,202004,893.68,0.0167,0.0599,Cleveland,"Cleveland-Elyria, OH",Cuyahoga County
77002,44102,OH,202005,896.06,0.0027,0.0428,Cleveland,"Cleveland-Elyria, OH",Cuyahoga County
77002,44102,OH,202006,913.0,0.0189,0.0533,Cleveland,"Cleveland-Elyria, OH",Cuyahoga County
77002,44102,OH,202007,918.01,0.0055,0.0608,Cleveland,"Cleveland-Elyria, OH",Cuyahoga County
77002,44102,OH,202008,933.74,0.0171,0.0805,Cleveland,"Cleveland-Elyria, OH",Cuyahoga County
77002,44102,OH,202009,935.23,0.0016,0.0782,Cleveland,"Cleveland-Elyria, OH",Cuyahoga County
77002,44102,OH,202010,941.88,0.0071,0.0748,Cleveland,"Cleveland-Elyria, OH",Cuyahoga County
77002,44102,OH,202011,929.1,-0.0136,0.0695,Cleveland,"Cleveland-Elyria, OH",Cuyahoga County
77002,44102,OH,202012,927.11,-0.0021,0.0596,Cleveland,"Cleveland-Elyria, OH",Cuyahoga County
77002,44102,OH,202101,930.27,0.0034,0.0715,Cleveland,"Cleveland-Elyria, OH",Cuyahoga County
77002,44102,OH,202102,958.72,0.0306,0.0887,Cleveland,"Cleveland-Elyria, OH",Cuyahoga County
77002,44102,OH,202103,977.73,0.0198,0.1123,Cleveland,"Cleveland-Elyria, OH",Cuyahoga County
77002,44102,OH,202104,992.15,0.0147,0.1102,Cleveland,"Cleveland-Elyria, OH",Cuyahoga County
77002,44102,OH,202105,992.69,0.0005,0.1078,Cleveland,"Cleveland-Elyria, OH",Cuyahoga County
77002,44102,OH,202106,1004.13,0.0115,0.0998,Cleveland,"Cleveland-Elyria, OH",Cuyahoga County
77002,44102,OH,202107,1005.82,0.0017,0.0957,Cleveland,"Cleveland-Elyria, OH",Cuyahoga County
77002,44102,OH,202108,1013.09,0.0072,0.085,Cleveland,"Cleveland-Elyria, OH",Cuyahoga County
77002,44102,OH,202109,1006.98,-0.006,0.0767,Cleveland,"Cleveland-Elyria, OH",Cuyahoga County
77002,44102,OH,202110,1011.59,0.0046,0.074,Cleveland,"Cleveland-Elyria, OH",Cuyahoga County
77002,44102,OH,202111,1020.41,0.0087,0.0983,Cleveland,"Cleveland-Elyria, OH",Cuyahoga County
77002,44102,OH,202112,1031.23,0.0106,0.1123,Cleveland,"Cleveland-Elyria, OH",Cuyahoga County
77002,44102,OH,202201,1031.72,0.0005,0.1091,Cleveland,"Cleveland-Elyria, OH",Cuyahoga County
77002,44102,OH,202202,1042.78,0.0107,0.0877,Cleveland,"Cleveland-Elyria, OH",Cuyahoga County
77002,44102,OH,202203,1058.88,0.0154,0.083,Cleveland,"Cleveland-Elyria, OH",Cuyahoga County
77002,44102,OH,202204,1085.47,0.0251,0.0941,Cleveland,"Cleveland-Elyria, OH",Cuyahoga County
77002,44102,OH,202205,1090.01,0.0042,0.098,Cleveland,"Cleveland-Elyria, OH",Cuyahoga County
77002,44102,OH,202206,1096.41,0.0059,0.0919,Cleveland,"Cleveland-Elyria, OH",Cuyahoga County
77002,44102,OH,202207,1098.82,0.0022,0.0925,Cleveland,"Cleveland-Elyria, OH",Cuyahoga County
77002,44102,OH,202208,1107.9,0.0083,0.0936,Cleveland,"Cleveland-Elyria, OH",Cuyahoga County
77002,44102,OH,202209,1110.29,0.0022,0.1026,Cleveland,"Cleveland-Elyria, OH",Cuyahoga County
77002,44102,OH,202210,1112.65,0.0021,0.0999,Cleveland,"Cleveland-Elyria, OH",Cuyahoga County
77002,44102,OH,202211,1118.47,0.0052,0.0961,Cleveland,"Cleveland-Elyria, OH",Cuyahoga County
77002,44102,OH,202212,1133.15,0.0131,0.0988,Cleveland,"Cleveland-Elyria, OH",Cuyahoga County
77002,44102,OH,202301,1131.36,-0.0016,0.0966,Cleveland,"Cleveland-Elyria, OH",Cuyahoga County
77002,44102,OH,202302,1119.0,-0.0109,0.0731,Cleveland,"Cleveland-Elyria, OH",Cuyahoga County
77002,44102,OH,202303,1116.1,-0.0026,0.054,Cleveland,"Cleveland-Elyria, OH",Cuyahoga County
77002,44102,OH,202304,1141.82,0.023,0.0519,Cleveland,"Cleveland-Elyria, OH",Cuyahoga County
77002,44102,OH,202305,1168.41,0.0233,0.0719,Cleveland,"Cleveland-Elyria, OH",Cuyahoga County
77002,44102,OH,202306,1174.83,0.0055,0.0715,Cleveland,"Cleveland-Elyria, OH",Cuyahoga County
77002,44102,OH,202307,1170.43,-0.0037,0.0652,Cleveland,"Cleveland-Elyria, OH",Cuyahoga County
77002,44102,OH,202308,1162.65,-0.0066,0.0494,Cleveland,"Cleveland-Elyria, OH",Cuyahoga County
77002,44102,OH,202309,1168.59,0.0051,0.0525,Cleveland,"Cleveland-Elyria, OH",Cuyahoga County
77002,44102,OH,202310,1167.93,-0.0006,0.0497,Cleveland,"Cleveland-Elyria, OH",Cuyahoga County
77002,44102,OH,202311,1173.92,0.0051,0.0496,Cleveland,"Cleveland-Elyria, OH",Cuyahoga County
77002,44102,OH,202312,1176.39,0.0021,0.0382,Cleveland,"Cleveland-Elyria, OH",Cuyahoga County
77002,44102,OH,202401,1184.32,0.0067,0.0468,Cleveland,"Cleveland-Elyria, OH",Cuyahoga County
77002,44102,OH,202402,1191.34,0.0059,0.0647,Cleveland,"Cleveland-Elyria, OH",Cuyahoga County
77002,44102,OH,202403,1205.29,0.0117,0.0799,Cleveland,"Cleveland-Elyria, OH",Cuyahoga County
77002,44102,OH,202404,1221.91,0.0138,0.0701,Cleveland,"Cleveland-Elyria, OH",Cuyahoga County
77002,44102,OH,202405,1230.19,0.0068,0.0529,Cleveland,"Cleveland-Elyria, OH",Cuyahoga County
77002,44102,OH,202406,1229.36,-0.0007,0.0464,Cleveland,"Cleveland-Elyria, OH",Cuyahoga County
77002,44102,OH,202407,1225.41,-0.0032,0.047,Cleveland,"Cleveland-Elyria, OH",Cuyahoga County
77002,44102,OH,202408,1226.43,0.0008,0.0549,Cleveland,"Cleveland-Elyria, OH",Cuyahoga County
77002,44102,OH,202409,1233.41,0.0057,0.0555,Cleveland,"Cleveland-Elyria, OH",Cuyahoga County
77002,44102,OH,202410,1234.31,0.0007,0.0568,Cleveland,"Cleveland-Elyria, OH",Cuyahoga County
77002,44102,OH,202411,1234.15,-0.0001,0.0513,Cleveland,"Cleveland-Elyria, OH",Cuyahoga County
77002,44102,OH,202412,1234.57,0.0003,0.0495,Cleveland,"Cleveland-Elyria, OH",Cuyahoga County
77002,44102,OH,202501,1241.84,0.0059,0.0486,Cleveland,"Cleveland-Elyria, OH",Cuyahoga County
77002,44102,OH,202502,1237.66,-0.0034,0.0389,Cleveland,"Cleveland-Elyria, OH",Cuyahoga County
77002,44102,OH,202503,1239.87,0.0018,0.0287,Cleveland,"Cleveland-Elyria, OH",Cuyahoga County
77002,44102,OH,202504,1236.89,-0.0024,0.0123,Cleveland,"Cleveland-Elyria, OH",Cuyahoga County
77002,44102,OH,202505,1262.15,0.0204,0.026,Cleveland,"Cleveland-Elyria, OH",Cuyahoga County
77002,44102,OH,202506,1266.14,0.0032,0.0299,Cleveland,"Cleveland-Elyria, OH",Cuyahoga County
77002,44102,OH,202507,1287.97,0.0172,0.051,Cleveland,"Cleveland-Elyria, OH",Cuyahoga County
77002,44102,OH,202508,1290.92,0.0023,0.0526,Cleveland,"Cleveland-Elyria, OH",Cuyahoga County
77002,44102,OH,202509,1309.38,0.0143,0.0616,Cleveland,"Cleveland-Elyria, OH",Cuyahoga County
77002,44102,OH,202510,1309.42,0.0,0.0609,Cleveland,"Cleveland-Elyria, OH",Cuyahoga County
77002,44102,OH,202511,1305.0,-0.0034,0.0574,Cleveland,"Cleveland-Elyria, OH",Cuyahoga County
77002,44102,OH,202512,1296.99,-0.0061,0.0506,Cleveland,"Cleveland-Elyria, OH",Cuyahoga County
77002,44102,OH,202601,1283.13,-0.0107,0.0332,Cleveland,"Cleveland-Elyria, OH",Cuyahoga County
77002,44102,OH,202602,1320.45,0.0291,0.0669,Cleveland,"Cleveland-Elyria, OH",Cuyahoga County
77002,44102,OH,202603,1320.87,0.0003,0.0653,Cleveland,"Cleveland-Elyria, OH",Cuyahoga County
77002,44102,OH,202604,1335.56,0.0111,0.0798,Cleveland,"Cleveland-Elyria, OH",Cuyahoga County
77002,44102,OH,202605,1331.53,-0.003,0.055,Cleveland,"Cleveland-Elyria, OH",Cuyahoga County
77002,44102,OH,202606,1333.34,0.0014,0.0531,Cleveland,"Cleveland-Elyria, OH",Cuyahoga County
77002,44102,OH,202607,1345.56,0.0092,0.0447,Cleveland,"Cleveland-Elyria, OH",Cuyahoga County
77002,44102,OH,202608,1329.43,-0.012,0.0298,Cleveland,"Cleveland-Elyria, OH",Cuyahoga County
77003,44103,OH,202501,926.87,,,Cleveland,"Cleveland-Elyria, OH",Cuyahoga County
77003,44103,OH,202502,943.53,0.018,,Cleveland,"Cleveland-Elyria, OH",Cuyahoga County
77003,44103,OH,202503,966.28,0.0241,,Cleveland,"Cleveland-Elyria, OH",Cuyahoga County
77003,44103,OH,202504,963.31,-0.0031,,Cleveland,"Cleveland-Elyria, OH",Cuyahoga County
77003,44103,OH,202505,963.33,0.0,,Cleveland,"Cleveland-Elyria, OH",Cuyahoga County
77003,44103,OH,202506,987.26,0.0248,,Cleveland,"Cleveland-Elyria, OH",Cuyahoga County
77003,44103,OH,202507,997.07,0.0099,,Cleveland,"Cleveland-Elyria, OH",Cuyahoga County
77003,44103,OH,202508,1042.87,0.0459,,Cleveland,"Cleveland-Elyria, OH",Cuyahoga County
77003,44103,OH,202509,1043.4,0.0005,,Cleveland,"Cleveland-Elyria, OH",Cuyahoga County
77003,44103,OH,202510,1014.77,-0.0274,,Cleveland,"Cleveland-Elyria, OH",Cuyahoga County
77003,44103,OH,202511,996.77,-0.0177,,Cleveland,"Cleveland-Elyria, OH",Cuyahoga County
77003,44103,OH,202512,1005.18,0.0084,,Cleveland,"Cleveland-Elyria, OH",Cuyahoga County
77003,44103,OH,202601,1027.51,0.0222,0.1086,Cleveland,"Cleveland-Elyria, OH",Cuyahoga County
77003,44103,OH,202602,1011.48,-0.0156,0.072,Cleveland,"Cleveland-Elyria, OH",Cuyahoga County
77003,44103,OH,202603,977.97,-0.0331,0.0121,Cleveland,"Cleveland-Elyria, OH",Cuyahoga County
77003,44103,OH,202604,996.46,0.0189,0.0344,Cleveland,"Cleveland-Elyria, OH",Cuyahoga County
77003,44103,OH,202605,1023.15,0.0268,0.0621,Cleveland,"Cleveland-Elyria, OH",Cuyahoga County
77003,44103,OH,202606,1060.38,0.0364,0.0741,Cleveland,"Cleveland-Elyria, OH",Cuyahoga County
77003,44103,OH,202607,1055.74,-0.0044,0.0588,Cleveland,"Cleveland-Elyria, OH",Cuyahoga County
77003,44103,OH,202608,1053.35,-0.0023,0.0101,Cleveland,"Cleveland-Elyria, OH",Cuyahoga County
77004,44104,OH,202601,1217.44,,,Cleveland,"Cleveland-Elyria, OH",Cuyahoga County
77004,44104,OH,202602,1175.12,-0.0348,,Cleveland,"Cleveland-Elyria, OH",Cuyahoga County
77004,44104,OH,202603,1219.21,0.0375,,Cleveland,"Cleveland-Elyria, OH",Cuyahoga County
77004,44104,OH,202604,1215.15,-0.0033,,Cleveland,"Cleveland-Elyria, OH",Cuyahoga County
77004,44104,OH,202605,1200.12,-0.0124,,Cleveland,"Cleveland-Elyria, OH",Cuyahoga County
77004,44104,OH,202606,1183.31,-0.014,,Cleveland,"Cleveland-Elyria, OH",Cuyahoga County
77004,44104,OH,202607,1197.1,0.0117,,Cleveland,"Cleveland-Elyria, OH",Cuyahoga County
77004,44104,OH,202608,1201.19,0.0034,,Cleveland,"Cleveland-Elyria, OH",Cuyahoga County
77005,44105,OH,202202,817.72,,,Cleveland,"Cleveland-Elyria, OH",Cuyahoga County
77005,44105,OH,202203,823.03,0.0065,,Cleveland,"Cleveland-Elyria, OH",Cuyahoga County
77005,44105,OH,202204,837.87,0.018,,Cleveland,"Cleveland-Elyria, OH",Cuyahoga County
77005,44105,OH,202205,824.74,-0.0157,,Cleveland,"Cleveland-Elyria, OH",Cuyahoga County
77005,44105,OH,202206,833.33,0.0104,,Cleveland,"Cleveland-Elyria, OH",Cuyahoga County
77005,44105,OH,202207,838.41,0.0061,,Cleveland,"Cleveland-Elyria, OH",Cuyahoga County
77005,44105,OH,202208,835.8,-0.0031,,Cleveland,"Cleveland-Elyria, OH",Cuyahoga County
77005,44105,OH,202209,838.17,0.0028,,Cleveland,"Cleveland-Elyria, OH",Cuyahoga County
77005,44105,OH,202210,839.6,0.0017,,Cleveland,"Cleveland-Elyria, OH",Cuyahoga County
77005,44105,OH,202211,862.53,0.0273,,Cleveland,"Cleveland-Elyria, OH",Cuyahoga County
77005,44105,OH,202212,869.78,0.0084,,Cleveland,"Cleveland-Elyria, OH",Cuyahoga County
77005,44105,OH,202301,863.65,-0.007,,Cleveland,"Cleveland-Elyria, OH",Cuyahoga County
77005,44105,OH,202302,861.77,-0.0022,0.0539,Cleveland,"Cleveland-Elyria, OH",Cuyahoga County
77005,44105,OH,202303,880.53,0.0218,0.0699,Cleveland,"Cleveland-Elyria, OH",Cuyahoga County
77005,44105,OH,202304,915.97,0.0402,0.0932,Cleveland,"Cleveland-Elyria, OH",Cuyahoga County
77005,44105,OH,202305,910.93,-0.0055,0.1045,Cleveland,"Cleveland-Elyria, OH",Cuyahoga County
77005,44105,OH,202306,901.41,-0.0104,0.0817,Cleveland,"Cleveland-Elyria, OH",Cuyahoga County
77005,44105,OH,202307,912.96,0.0128,0.0889,Cleveland,"Cleveland-Elyria, OH",Cuyahoga County
77005,44105,OH,202308,926.95,0.0153,0.1091,Cleveland,"Cleveland-Elyria, OH",Cuyahoga County
77005,44105,OH,202309,925.23,-0.0019,0.1039,Cleveland,"Cleveland-Elyria, OH",Cuyahoga County
77005,44105,OH,202310,927.82,0.0028,0.1051,Cleveland,"Cleveland-Elyria, OH",Cuyahoga County
77005,44105,OH,202311,949.22,0.0231,0.1005,Cleveland,"Cleveland-Elyria, OH",Cuyahoga County
77005,44105,OH,202312,980.39,0.0328,0.1272,Cleveland,"Cleveland-Elyria, OH",Cuyahoga County
77005,44105,OH,202401,989.82,0.0096,0.1461,Cleveland,"Cleveland-Elyria, OH",Cuyahoga County
77005,44105,OH,202402,1002.49,0.0128,0.1633,Cleveland,"Cleveland-Elyria, OH",Cuyahoga County
77005,44105,OH,202403,1022.99,0.0204,0.1618,Cleveland,"Cleveland-Elyria, OH",Cuyahoga County
77005,44105,OH,202404,1043.97,0.0205,0.1397,Cleveland,"Cleveland-Elyria, OH",Cuyahoga County
77005,44105,OH,202405,1051.1,0.0068,0.1539,Cleveland,"Cleveland-Elyria, OH",Cuyahoga County
77005,44105,OH,202406,1031.88,-0.0183,0.1447,Cleveland,"Cleveland-Elyria, OH",Cuyahoga County
77005,44105,OH,202407,1024.09,-0.0076,0.1217,Cleveland,"Cleveland-Elyria, OH",Cuyahoga County
77005,44105,OH,202408,1040.94,0.0165,0.123,Cleveland,"Cleveland-Elyria, OH",Cuyahoga County
77005,44105,OH,202409,1066.01,0.0241,0.1522,Cleveland,"Cleveland-Elyria, OH",Cuyahoga County
77005,44105,OH,202410,1078.25,0.0115,0.1621,Cleveland,"Cleveland-Elyria, OH",Cuyahoga County
77005,44105,OH,202411,1061.48,-0.0156,0.1183,Cleveland,"Cleveland-Elyria, OH",Cuyahoga County
77005,44105,OH,202412,1082.32,0.0196,0.104,Cleveland,"Cleveland-Elyria, OH",Cuyahoga County
77005,44105,OH,202501,1086.19,0.0036,0.0974,Cleveland,"Cleveland-Elyria, OH",Cuyahoga County
77005,44105,OH,202502,1087.87,0.0015,0.0852,Cleveland,"Cleveland-Elyria, OH",Cuyahoga County
77005,44105,OH,202503,1098.68,0.0099,0.074,Cleveland,"Cleveland-Elyria, OH",Cuyahoga County
77005,44105,OH,202504,1118.7,0.0182,0.0716,Cleveland,"Cleveland-Elyria, OH",Cuyahoga County
77005,44105,OH,202505,1139.46,0.0186,0.0841,Cleveland,"Cleveland-Elyria, OH",Cuyahoga County
77005,44105,OH,202506,1146.61,0.0063,0.1112,Cleveland,"Cleveland-Elyria, OH",Cuyahoga County
77005,44105,OH,202507,1132.74,-0.0121,0.1061,Cleveland,"Cleveland-Elyria, OH",Cuyahoga County
77005,44105,OH,202508,1128.36,-0.0039,0.084,Cleveland,"Cleveland-Elyria, OH",Cuyahoga County
77005,44105,OH,202509,1124.29,-0.0036,0.0547,Cleveland,"Cleveland-Elyria, OH",Cuyahoga County
77005,44105,OH,202510,1149.75,0.0226,0.0663,Cleveland,"Cleveland-Elyria, OH",Cuyahoga County
77005,44105,OH,202511,1168.0,0.0159,0.1003,Cleveland,"Cleveland-Elyria, OH",Cuyahoga County
77005,44105,OH,202512,1163.77,-0.0036,0.0753,Cleveland,"Cleveland-Elyria, OH",Cuyahoga County
77005,44105,OH,202601,1147.07,-0.0143,0.056,Cleveland,"Cleveland-Elyria, OH",Cuyahoga County
77005,44105,OH,202602,1162.02,0.013,0.0682,Cleveland,"Cleveland-Elyria, OH",Cuyahoga County
77005,44105,OH,202603,1173.56,0.0099,0.0682,Cleveland,"Cleveland-Elyria, OH",Cuyahoga County
77005,44105,OH,202604,1163.96,-0.0082,0.0405,Cleveland,"Cleveland-Elyria, OH",Cuyahoga County
77005,44105,OH,202605,1168.9,0.0042,0.0258,Cleveland,"Cleveland-Elyria, OH",Cuyahoga County
77005,44105,OH,202606,1181.19,0.0105,0.0302,Cleveland,"Cleveland-Elyria, OH",Cuyahoga County
77005,44105,OH,202607,1208.72,0.0233,0.0671,Cleveland,"Cleveland-Elyria, OH",Cuyahoga County
77005,44105,OH,202608,1199.15,-0.0079,0.0627,Cleveland,"Cleveland-Elyria, OH",Cuyahoga County
77006,44106,OH,201911,1048.5,,,Cleveland,"Cleveland-Elyria, OH",Cuyahoga County
77006,44106,OH,201912,1049.25,0.0007,,Cleveland,"Cleveland-Elyria, OH",Cuyahoga County
77006,44106,OH,202001,1046.8,-0.0023,,Cleveland,"Cleveland-Elyria, OH",Cuyahoga County
77006,44106,OH,202002,1072.97,0.025,,Cleveland,"Cleveland-Elyria, OH",Cuyahoga County
77006,44106,OH,202003,1089.29,0.0152,,Cleveland,"Cleveland-Elyria, OH",Cuyahoga County
77006,44106,OH,202004,1093.43,0.0038,,Cleveland,"Cleveland-Elyria, OH",Cuyahoga County
77006,44106,OH,202005,1080.08,-0.0122,,Cleveland,"Cleveland-Elyria, OH",Cuyahoga County
77006,44106,OH,202006,1079.63,-0.0004,,Cleveland,"Cleveland-Elyria, OH",Cuyahoga County
77006,44106,OH,202007,1072.04,-0.007,,Cleveland,"Cleveland-Elyria, OH",Cuyahoga County
77006,44106,OH,202008,1076.85,0.0045,,Cleveland,"Cleveland-Elyria, OH",Cuyahoga County
77006,44106,OH,202009,1068.17,-0.0081,,Cleveland,"Cleveland-Elyria, OH",Cuyahoga County
77006,44106,OH,202010,1081.47,0.0125,,Cleveland,"Cleveland-Elyria, OH",Cuyahoga County
77006,44106,OH,202011,1079.51,-0.0018,0.0296,Cleveland,"Cleveland-Elyria, OH",Cuyahoga County
77006,44106,OH,202012,1089.67,0.0094,0.0385,Cleveland,"Cleveland-Elyria, OH",Cuyahoga County
77006,44106,OH,202101,1091.47,0.0017,0.0427,Cleveland,"Cleveland-Elyria, OH",Cuyahoga County
77006,44106,OH,202102,1090.78,-0.0006,0.0166,Cleveland,"Cleveland-Elyria, OH",Cuyahoga County
77006,44106,OH,202103,1103.51,0.0117,0.0131,Cleveland,"Cleveland-Elyria, OH",Cuyahoga County
77006,44106,OH,202104,1111.38,0.0071,0.0164,Cleveland,"Cleveland-Elyria, OH",Cuyahoga County
77006,44106,OH,202105,1125.7,0.0129,0.0422,Cleveland,"Cleveland-Elyria, OH",Cuyahoga County
77006,44106,OH,202106,1127.49,0.0016,0.0443,Cleveland,"Cleveland-Elyria, OH",Cuyahoga County
77006,44106,OH,202107,1134.54,0.0062,0.0583,Cleveland,"Cleveland-Elyria, OH",Cuyahoga County
77006,44106,OH,202108,1128.91,-0.005,0.0483,Cleveland,"Cleveland-Elyria, OH",Cuyahoga County
77006,44106,OH,202109,1147.89,0.0168,0.0746,Cleveland,"Cleveland-Elyria, OH",Cuyahoga County
77006,44106,OH,202110,1178.96,0.0271,0.0901,Cleveland,"Cleveland-Elyria, OH",Cuyahoga County
77006,44106,OH,202111,1194.82,0.0135,0.1068,Cleveland,"Cleveland-Elyria, OH",Cuyahoga County
77006,44106,OH,202112,1195.87,0.0009,0.0975,Cleveland,"Cleveland-Elyria, OH",Cuyahoga County
77006,44106,OH,202201,1157.33,-0.0322,0.0603,Cleveland,"Cleveland-Elyria, OH",Cuyahoga County
77006,44106,OH,202202,1173.71,0.0142,0.076,Cleveland,"Cleveland-Elyria, OH",Cuyahoga County
77006,44106,OH,202203,1187.36,0.0116,0.076,Cleveland,"Cleveland-Elyria, OH",Cuyahoga County
77006,44106,OH,202204,1213.09,0.0217,0.0915,Cleveland,"Cleveland-Elyria, OH",Cuyahoga County
77006,44106,OH,202205,1226.55,0.0111,0.0896,Cleveland,"Cleveland-Elyria, OH",Cuyahoga County
77006,44106,OH,202206,1228.8,0.0018,0.0899,Cleveland,"Cleveland-Elyria, OH",Cuyahoga County
77006,44106,OH,202207,1243.14,0.0117,0.0957,Cleveland,"Cleveland-Elyria, OH",Cuyahoga County
77006,44106,OH,202208,1247.64,0.0036,0.1052,Cleveland,"Cleveland-Elyria, OH",Cuyahoga County
77006,44106,OH,202209,1254.86,0.0058,0.0932,Cleveland,"Cleveland-Elyria, OH",Cuyahoga County
77006,44106,OH,202210,1262.21,0.0059,0.0706,Cleveland,"Cleveland-Elyria, OH",Cuyahoga County
77006,44106,OH,202211,1261.19,-0.0008,0.0555,Cleveland,"Cleveland-Elyria, OH",Cuyahoga County
77006,44106,OH,202212,1276.81,0.0124,0.0677,Cleveland,"Cleveland-Elyria, OH",Cuyahoga County
77006,44106,OH,202301,1290.76,0.0109,0.1153,Cleveland,"Cleveland-Elyria, OH",Cuyahoga County
77006,44106,OH,202302,1297.23,0.005,0.1052,Cleveland,"Cleveland-Elyria, OH",Cuyahoga County
77006,44106,OH,202303,1297.47,0.0002,0.0927,Cleveland,"Cleveland-Elyria, OH",Cuyahoga County
77006,44106,OH,202304,1289.87,-0.0059,0.0633,Cleveland,"Cleveland-Elyria, OH",Cuyahoga County
77006,44106,OH,202305,1287.73,-0.0017,0.0499,Cleveland,"Cleveland-Elyria, OH",Cuyahoga County
77006,44106,OH,202306,1278.54,-0.0071,0.0405,Cleveland,"Cleveland-Elyria, OH",Cuyahoga County
77006,44106,OH,202307,1276.8,-0.0014,0.0271,Cleveland,"Cleveland-Elyria, OH",Cuyahoga County
77006,44106,OH,202308,1287.88,0.0087,0.0323,Cleveland,"Cleveland-Elyria, OH",Cuyahoga County
77006,44106,OH,202309,1295.93,0.0062,0.0327,Cleveland,"Cleveland-Elyria, OH",Cuyahoga County
77006,44106,OH,202310,1312.12,0.0125,0.0395,Cleveland,"Cleveland-Elyria, OH",Cuyahoga County
77006,44106,OH,202311,1292.53,-0.0149,0.0249,Cleveland,"Cleveland-Elyria, OH",Cuyahoga County
77006,44106,OH,202312,1317.81,0.0196,0.0321,Cleveland,"Cleveland-Elyria, OH",Cuyahoga County
77006,44106,OH,202401,1298.97,-0.0143,0.0064,Cleveland,"Cleveland-Elyria, OH",Cuyahoga County
77006,44106,OH,202402,1333.06,0.0262,0.0276,Cleveland,"Cleveland-Elyria, OH",Cuyahoga County
77006,44106,OH,202403,1323.31,-0.0073,0.0199,Cleveland,"Cleveland-Elyria, OH",Cuyahoga County
77006,44106,OH,202404,1338.39,0.0114,0.0376,Cleveland,"Cleveland-Elyria, OH",Cuyahoga County
77006,44106,OH,202405,1351.4,0.0097,0.0494,Cleveland,"Cleveland-Elyria, OH",Cuyahoga County
77006,44106,OH,202406,1360.46,0.0067,0.0641,Cleveland,"Cleveland-Elyria, OH",Cuyahoga County
77006,44106,OH,202407,1369.16,0.0064,0.0723,Cleveland,"Cleveland-Elyria, OH",Cuyahoga County
77006,44106,OH,202408,1371.2,0.0015,0.0647,Cleveland,"Cleveland-Elyria, OH",Cuyahoga County
77006,44106,OH,202409,1362.64,-0.0062,0.0515,Cleveland,"Cleveland-Elyria, OH",Cuyahoga County
77006,44106,OH,202410,1367.74,0.0037,0.0424,Cleveland,"Cleveland-Elyria, OH",Cuyahoga County
77006,44106,OH,202411,1382.33,0.0107,0.0695,Cleveland,"Cleveland-Elyria, OH",Cuyahoga County
77006,44106,OH,202412,1409.85,0.0199,0.0698,Cleveland,"Cleveland-Elyria, OH",Cuyahoga County
77006,44106,OH,202501,1410.87,0.0007,0.0861,Cleveland,"Cleveland-Elyria, OH",Cuyahoga County
77006,44106,OH,202502,1404.04,-0.0048,0.0532,Cleveland,"Cleveland-Elyria, OH",Cuyahoga County
77006,44106,OH,202503,1413.01,0.0064,0.0678,Cleveland,"Cleveland-Elyria, OH",Cuyahoga County
77006,44106,OH,202504,1437.43,0.0173,0.074,Cleveland,"Cleveland-Elyria, OH",Cuyahoga County
77006,44106,OH,202505,1430.84,-0.0046,0.0588,Cleveland,"Cleveland-Elyria, OH",Cuyahoga County
77006,44106,OH,202506,1427.56,-0.0023,0.0493,Cleveland,"Cleveland-Elyria, OH",Cuyahoga County
77006,44106,OH,202507,1422.02,-0.0039,0.0386,Cleveland,"Cleveland-Elyria, OH",Cuyahoga County
77006,44106,OH,202508,1428.25,0.0044,0.0416,Cleveland,"Cleveland-Elyria, OH",Cuyahoga County
77006,44106,OH,202509,1431.27,0.0021,0.0504,Cleveland,"Cleveland-Elyria, OH",Cuyahoga County
77006,44106,OH,202510,1429.93,-0.0009,0.0455,Cleveland,"Cleveland-Elyria, OH",Cuyahoga County
77006,44106,OH,202511,1438.28,0.0058,0.0405,Cleveland,"Cleveland-Elyria, OH",Cuyahoga County
77006,44106,OH,202512,1494.24,0.0389,0.0599,Cleveland,"Cleveland-Elyria, OH",Cuyahoga County
77006,44106,OH,202601,1514.16,0.0133,0.0732,Cleveland,"Cleveland-Elyria, OH",Cuyahoga County
77006,44106,OH,202602,1528.86,0.0097,0.0889,Cleveland,"Cleveland-Elyria, OH",Cuyahoga County
77006,44106,OH,202603,1472.61,-0.0368,0.0422,Cleveland,"Cleveland-Elyria, OH",Cuyahoga County
77006,44106,OH,202604,1464.08,-0.0058,0.0185,Cleveland,"Cleveland-Elyria, OH",Cuyahoga County
77006,44106,OH,202605,1454.43,-0.0066,0.0165,Cleveland,"Cleveland-Elyria, OH",Cuyahoga County
77006,44106,OH,202606,1459.86,0.0037,0.0226,Cleveland,"Cleveland-Elyria, OH",Cuyahoga County
77006,44106,OH,202607,1464.03,0.0029,0.0295,Cleveland,"Cleveland-Elyria, OH",Cuyahoga County
77006,44106,OH,202608,1479.59,0.0106,0.0359,Cleveland,"Cleveland-Elyria, OH",Cuyahoga County
77007,44107,OH,201601,728.38,,,Lakewood,"Cleveland-Elyria, OH",Cuyahoga County
77007,44107,OH,201602,742.27,0.0191,,Lakewood,"Cleveland-Elyria, OH",Cuyahoga County
77007,44107,OH,201603,766.79,0.033,,Lakewood,"Cleveland-Elyria, OH",Cuyahoga County
77007,44107,OH,201604,773.6,0.0089,,Lakewood,"Cleveland-Elyria, OH",Cuyahoga County
77007,44107,OH,201605,772.45,-0.0015,,Lakewood,"Cleveland-Elyria, OH",Cuyahoga County
77007,44107,OH,201606,784.8,0.016,,Lakewood,"Cleveland-Elyria, OH",Cuyahoga County
77007,44107,OH,201607,794.23,0.012,,Lakewood,"Cleveland-Elyria, OH",Cuyahoga County
77007,44107,OH,201608,820.39,0.0329,,Lakewood,"Cleveland-Elyria, OH",Cuyahoga County
77007,44107,OH,201609,810.08,-0.0126,,Lakewood,"Cleveland-Elyria, OH",Cuyahoga County
77007,44107,OH,201610,839.18,0.0359,,Lakewood,"Cleveland-Elyria, OH",Cuyahoga County
77007,44107,OH,201611,819.97,-0.0229,,Lakewood,"Cleveland-Elyria, OH",Cuyahoga County
77007,44107,OH,201612,824.41,0.0054,,Lakewood,"Cleveland-Elyria, OH",Cuyahoga County
77007,44107,OH,201701,821.58,-0.0034,0.128,Lakewood,"Cleveland-Elyria, OH",Cuyahoga County
77007,44107,OH,201702,825.09,0.0043,0.1116,Lakewood,"Cleveland-Elyria, OH",Cuyahoga County
77007,44107,OH,201703,816.09,-0.0109,0.0643,Lakewood,"Cleveland-Elyria, OH",Cuyahoga County
77007,44107,OH,201704,812.42,-0.0045,0.0502,Lakewood,"Cleveland-Elyria, OH",Cuyahoga County
77007,44107,OH,201705,834.84,0.0276,0.0808,Lakewood,"Cleveland-Elyria, OH",Cuyahoga County
77007,44107,OH,201706,857.77,0.0275,0.093,Lakewood,"Cleveland-Elyria, OH",Cuyahoga County
77007,44107,OH,201707,865.57,0.0091,0.0898,Lakewood,"Cleveland-Elyria, OH",Cuyahoga County
77007,44107,OH,201708,860.62,-0.0057,0.049,Lakewood,"Cleveland-Elyria, OH",Cuyahoga County
77007,44107,OH,201709,848.65,-0.0139,0.0476,Lakewood,"Cleveland-Elyria, OH",Cuyahoga County
77007,44107,OH,201710,846.88,-0.0021,0.0092,Lakewood,"Cleveland-Elyria, OH",Cuyahoga County
77007,44107,OH,201711,850.06,0.0038,0.0367,Lakewood,"Cleveland-Elyria, OH",Cuyahoga County
77007,44107,OH,201712,855.8,0.0067,0.0381,Lakewood,"Cleveland-Elyria, OH",Cuyahoga County
77007,44107,OH,201801,858.35,0.003,0.0448,Lakewood,"Cleveland-Elyria, OH",Cuyahoga County
77007,44107,OH,201802,868.82,0.0122,0.053,Lakewood,"Cleveland-Elyria, OH",Cuyahoga County
77007,44107,OH,201803,887.87,0.0219,0.088,Lakewood,"Cleveland-Elyria, OH",Cuyahoga County
77007,44107,OH,201804,897.39,0.0107,0.1046,Lakewood,"Cleveland-Elyria, OH",Cuyahoga County
77007,44107,OH,201805,894.56,-0.0031,0.0715,Lakewood,"Cleveland-Elyria, OH",Cuyahoga County
77007,44107,OH,201806,889.79,-0.0053,0.0373,Lakewood,"Cleveland-Elyria, OH",Cuyahoga County
77007,44107,OH,201807,891.3,0.0017,0.0297,Lakewood,"Cleveland-Elyria, OH",Cuyahoga County
77007,44107,OH,201808,887.05,-0.0048,0.0307,Lakewood,"Cleveland-Elyria, OH",Cuyahoga County
77007,44107,OH,201809,877.62,-0.0106,0.0341,Lakewood,"Cleveland-Elyria, OH",Cuyahoga County
77007,44107,OH,201810,884.92,0.0083,0.0449,Lakewood,"Cleveland-Elyria, OH",Cuyahoga County
77007,44107,OH,201811,898.9,0.0158,0.0575,Lakewood,"Cleveland-Elyria, OH",Cuyahoga County
77007,44107,OH,201812,908.81,0.011,0.0619,Lakewood,"Cleveland-Elyria, OH",Cuyahoga County
77007,44107,OH,201901,910.38,0.0017,0.0606,Lakewood,"Cleveland-Elyria, OH",Cuyahoga County
77007,44107,OH,201902,913.2,0.0031,0.0511,Lakewood,"Cleveland-Elyria, OH",Cuyahoga County
77007,44107,OH,201903,929.1,0.0174,0.0464,Lakewood,"Cleveland-Elyria, OH",Cuyahoga County
77007,44107,OH,201904,944.63,0.0167,0.0526,Lakewood,"Cleveland-Elyria, OH",Cuyahoga County
77007,44107,OH,201905,950.37,0.0061,0.0624,Lakewood,"Cleveland-Elyria, OH",Cuyahoga County
77007,44107,OH,201906,952.24,0.002,0.0702,Lakewood,"Cleveland-Elyria, OH",Cuyahoga County
77007,44107,OH,201907,942.68,-0.01,0.0576,Lakewood,"Cleveland-Elyria, OH",Cuyahoga County
77007,44107,OH,201908,946.68,0.0042,0.0672,Lakewood,"Cleveland-Elyria, OH",Cuyahoga County
77007,44107,OH,201909,955.23,0.009,0.0884,Lakewood,"Cleveland-Elyria, OH",Cuyahoga County
77007,44107,OH,201910,960.58,0.0056,0.0855,Lakewood,"Cleveland-Elyria, OH",Cuyahoga County
77007,44107,OH,201911,955.28,-0.0055,0.0627,Lakewood,"Cleveland-Elyria, OH",Cuyahoga County
77007,44107,OH,201912,944.73,-0.011,0.0395,Lakewood,"Cleveland-Elyria, OH",Cuyahoga County
77007,44107,OH,202001,947.58,0.003,0.0409,Lakewood,"Cleveland-Elyria, OH",Cuyahoga County
77007,44107,OH,202002,959.03,0.0121,0.0502,Lakewood,"Cleveland-Elyria, OH",Cuyahoga County
77007,44107,OH,202003,968.4,0.0098,0.0423,Lakewood,"Cleveland-Elyria, OH",Cuyahoga County
77007,44107,OH,202004,978.13,0.01,0.0355,Lakewood,"Cleveland-Elyria, OH",Cuyahoga County
77007,44107,OH,202005,981.82,0.0038,0.0331,Lakewood,"Cleveland-Elyria, OH",Cuyahoga County
77007,44107,OH,202006,994.46,0.0129,0.0443,Lakewood,"Cleveland-Elyria, OH",Cuyahoga County
77007,44107,OH,202007,995.39,0.0009,0.0559,Lakewood,"Cleveland-Elyria, OH",Cuyahoga County
77007,44107,OH,202008,1013.65,0.0183,0.0707,Lakewood,"Cleveland-Elyria, OH",Cuyahoga County
77007,44107,OH,202009,1010.75,-0.0029,0.0581,Lakewood,"Cleveland-Elyria, OH",Cuyahoga County
77007,44107,OH,202010,1017.46,0.0066,0.0592,Lakewood,"Cleveland-Elyria, OH",Cuyahoga County
77007,44107,OH,202011,1006.96,-0.0103,0.0541,Lakewood,"Cleveland-Elyria, OH",Cuyahoga County
77007,44107,OH,202012,1020.51,0.0135,0.0802,Lakewood,"Cleveland-Elyria, OH",Cuyahoga County
77007,44107,OH,202101,1031.04,0.0103,0.0881,Lakewood,"Cleveland-Elyria, OH",Cuyahoga County
77007,44107,OH,202102,1044.68,0.0132,0.0893,Lakewood,"Cleveland-Elyria, OH",Cuyahoga County
77007,44107,OH,202103,1043.55,-0.0011,0.0776,Lakewood,"Cleveland-Elyria, OH",Cuyahoga County
77007,44107,OH,202104,1055.36,0.0113,0.079,Lakewood,"Cleveland-Elyria, OH",Cuyahoga County
77007,44107,OH,202105,1065.05,0.0092,0.0848,Lakewood,"Cleveland-Elyria, OH",Cuyahoga County
77007,44107,OH,202106,1077.9,0.0121,0.0839,Lakewood,"Cleveland-Elyria, OH",Cuyahoga County
77007,44107,OH,202107,1084.45,0.0061,0.0895,Lakewood,"Cleveland-Elyria, OH",Cuyahoga County
77007,44107,OH,202108,1093.85,0.0087,0.0791,Lakewood,"Cleveland-Elyria, OH",Cuyahoga County
77007,44107,OH,202109,1099.47,0.0051,0.0878,Lakewood,"Cleveland-Elyria, OH",Cuyahoga County
77007,44107,OH,202110,1099.05,-0.0004,0.0802,Lakewood,"Cleveland-Elyria, OH",Cuyahoga County
77007,44107,OH,202111,1102.72,0.0033,0.0951,Lakewood,"Cleveland-Elyria, OH",Cuyahoga County
77007,44107,OH,202112,1102.2,-0.0005,0.08,Lakewood,"Cleveland-Elyria, OH",Cuyahoga County
77007,44107,OH,202201,1118.24,0.0146,0.0846,Lakewood,"Cleveland-Elyria, OH",Cuyahoga County
77007,44107,OH,202202,1130.57,0.011,0.0822,Lakewood,"Cleveland-Elyria, OH",Cuyahoga County
77007,44107,OH,202203,1146.76,0.0143,0.0989,Lakewood,"Cleveland-Elyria, OH",Cuyahoga County
77007,44107,OH,202204,1149.84,0.0027,0.0895,Lakewood,"Cleveland-Elyria, OH",Cuyahoga County
77007,44107,OH,202205,1162.23,0.0108,0.0912,Lakewood,"Cleveland-Elyria, OH",Cuyahoga County
77007,44107,OH,202206,1172.35,0.0087,0.0876,Lakewood,"Cleveland-Elyria, OH",Cuyahoga County
77007,44107,OH,202207,1194.48,0.0189,0.1015,Lakewood,"Cleveland-Elyria, OH",Cuyahoga County
77007,44107,OH,202208,1200.69,0.0052,0.0977,Lakewood,"Cleveland-Elyria, OH",Cuyahoga County
77007,44107,OH,202209,1213.94,0.011,0.1041,Lakewood,"Cleveland-Elyria, OH",Cuyahoga County
77007,44107,OH,202210,1212.18,-0.0014,0.1029,Lakewood,"Cleveland-Elyria, OH",Cuyahoga County
77007,44107,OH,202211,1209.01,-0.0026,0.0964,Lakewood,"Cleveland-Elyria, OH",Cuyahoga County
77007,44107,OH,202212,1208.94,-0.0001,0.0968,Lakewood,"Cleveland-Elyria, OH",Cuyahoga County
77007,44107,OH,202301,1202.22,-0.0056,0.0751,Lakewood,"Cleveland-Elyria, OH",Cuyahoga County
77007,44107,OH,202302,1206.48,0.0035,0.0671,Lakewood,"Cleveland-Elyria, OH",Cuyahoga County
77007,44107,OH,202303,1207.41,0.0008,0.0529,Lakewood,"Cleveland-Elyria, OH",Cuyahoga County
77007,44107,OH,202304,1216.18,0.0073,0.0577,Lakewood,"Cleveland-Elyria, OH",Cuyahoga County
77007,44107,OH,202305,1227.4,0.0092,0.0561,Lakewood,"Cleveland-Elyria, OH",Cuyahoga County
77007,44107,OH,202306,1232.37,0.004,0.0512,Lakewood,"Cleveland-Elyria, OH",Cuyahoga County
77007,44107,OH,202307,1247.12,0.012,0.0441,Lakewood,"Cleveland-Elyria, OH",Cuyahoga County
77007,44107,OH,202308,1249.61,0.002,0.0407,Lakewood,"Cleveland-Elyria, OH",Cuyahoga County
77007,44107,OH,202309,1254.41,0.0038,0.0333,Lakewood,"Cleveland-Elyria, OH",Cuyahoga County
77007,44107,OH,202310,1258.11,0.0029,0.0379,Lakewood,"Cleveland-Elyria, OH",Cuyahoga County
77007,44107,OH,202311,1261.6,0.0028,0.0435,Lakewood,"Cleveland-Elyria, OH",Cuyahoga County
77007,44107,OH,202312,1267.42,0.0046,0.0484,Lakewood,"Cleveland-Elyria, OH",Cuyahoga County
77007,44107,OH,202401,1261.88,-0.0044,0.0496,Lakewood,"Cleveland-Elyria, OH",Cuyahoga County
77007,44107,OH,202402,1262.3,0.0003,0.0463,Lakewood,"Cleveland-Elyria, OH",Cuyahoga County
77007,44107,OH,202403,1260.95,-0.0011,0.0443,Lakewood,"Cleveland-Elyria, OH",Cuyahoga County
77007,44107,OH,202404,1271.95,0.0087,0.0459,Lakewood,"Cleveland-Elyria, OH",Cuyahoga County
77007,44107,OH,202405,1281.07,0.0072,0.0437,Lakewood,"Cleveland-Elyria, OH",Cuyahoga County
77007,44107,OH,202406,1284.25,0.0025,0.0421,Lakewood,"Cleveland-Elyria, OH",Cuyahoga County
77007,44107,OH,202407,1291.9,0.006,0.0359,Lakewood,"Cleveland-Elyria, OH",Cuyahoga County
77007,44107,OH,202408,1300.06,0.0063,0.0404,Lakewood,"Cleveland-Elyria, OH",Cuyahoga County
77007,44107,OH,202409,1322.52,0.0173,0.0543,Lakewood,"Cleveland-Elyria, OH",Cuyahoga County
77007,44107,OH,202410,1325.06,0.0019,0.0532,Lakewood,"Cleveland-Elyria, OH",Cuyahoga County
77007,44107,OH,202411,1327.56,0.0019,0.0523,Lakewood,"Cleveland-Elyria, OH",Cuyahoga County
77007,44107,OH,202412,1326.35,-0.0009,0.0465,Lakewood,"Cleveland-Elyria, OH",Cuyahoga County
77007,44107,OH,202501,1328.16,0.0014,0.0525,Lakewood,"Cleveland-Elyria, OH",Cuyahoga County
77007,44107,OH,202502,1327.31,-0.0006,0.0515,Lakewood,"Cleveland-Elyria, OH",Cuyahoga County
77007,44107,OH,202503,1328.37,0.0008,0.0535,Lakewood,"Cleveland-Elyria, OH",Cuyahoga County
77007,44107,OH,202504,1325.72,-0.002,0.0423,Lakewood,"Cleveland-Elyria, OH",Cuyahoga County
77007,44107,OH,202505,1336.49,0.0081,0.0433,Lakewood,"Cleveland-Elyria, OH",Cuyahoga County
77007,44107,OH,202506,1341.93,0.0041,0.0449,Lakewood,"Cleveland-Elyria, OH",Cuyahoga County
77007,44107,OH,202507,1355.29,0.01,0.0491,Lakewood,"Cleveland-Elyria, OH",Cuyahoga County
77007,44107,OH,202508,1365.39,0.0075,0.0503,Lakewood,"Cleveland-Elyria, OH",Cuyahoga County
77007,44107,OH,202509,1358.45,-0.0051,0.0272,Lakewood,"Cleveland-Elyria, OH",Cuyahoga County
77007,44107,OH,202510,1365.86,0.0055,0.0308,Lakewood,"Cleveland-Elyria, OH",Cuyahoga County
77007,44107,OH,202511,1361.62,-0.0031,0.0257,Lakewood,"Cleveland-Elyria, OH",Cuyahoga County
77007,44107,OH,202512,1384.95,0.0171,0.0442,Lakewood,"Cleveland-Elyria, OH",Cuyahoga County
77007,44107,OH,202601,1398.54,0.0098,0.053,Lakewood,"Cleveland-Elyria, OH",Cuyahoga County
77007,44107,OH,202602,1404.34,0.0041,0.058,Lakewood,"Cleveland-Elyria, OH",Cuyahoga County
77007,44107,OH,202603,1398.39,-0.0042,0.0527,Lakewood,"Cleveland-Elyria, OH",Cuyahoga County
77007,44107,OH,202604,1385.96,-0.0089,0.0454,Lakewood,"Cleveland-Elyria, OH",Cuyahoga County
77007,44107,OH,202605,1383.42,-0.0018,0.0351,Lakewood,"Cleveland-Elyria, OH",Cuyahoga County
77007,44107,OH,202606,1386.66,0.0023,0.0333,Lakewood,"Cleveland-Elyria, OH",Cuyahoga County
77007,44107,OH,202607,1401.39,0.0106,0.034,Lakewood,"Cleveland-Elyria, OH",Cuyahoga County
77007,44107,OH,202608,1410.79,0.0067,0.0332,Lakewood,"Cleveland-Elyria, OH",Cuyahoga County
77008,44108,OH,202312,1000.49,,,Cleveland,"Cleveland-Elyria, OH",Cuyahoga County
77008,44108,OH,202401,1021.93,0.0214,,Cleveland,"Cleveland-Elyria, OH",Cuyahoga County
77008,44108,OH,202402,1069.47,0.0465,,Cleveland,"Cleveland-Elyria, OH",Cuyahoga County
77008,44108,OH,202403,1043.9,-0.0239,,Cleveland,"Cleveland-Elyria, OH",Cuyahoga County
77008,44108,OH,202404,1088.81,0.043,,Cleveland,"Cleveland-Elyria, OH",Cuyahoga County
77008,44108,OH,202405,1077.89,-0.01,,Cleveland,"Cleveland-Elyria, OH",Cuyahoga County
77008,44108,OH,202406,1104.96,0.0251,,Cleveland,"Cleveland-Elyria, OH",Cuyahoga County
77008,44108,OH,202407,1109.03,0.0037,,Cleveland,"Cleveland-Elyria, OH",Cuyahoga County
77008,44108,OH,202408,1118.4,0.0084,,Cleveland,"Cleveland-Elyria, OH",Cuyahoga County
77008,44108,OH,202409,1116.82,-0.0014,,Cleveland,"Cleveland-Elyria, OH",Cuyahoga County
77008,44108,OH,202410,1103.65,-0.0118,,Cleveland,"Cleveland-Elyria, OH",Cuyahoga County
77008,44108,OH,202411,1096.21,-0.0067,,Cleveland,"Cleveland-Elyria, OH",Cuyahoga County
77008,44108,OH,202412,1106.6,0.0095,0.1061,Cleveland,"Cleveland-Elyria, OH",Cuyahoga County
77008,44108,OH,202501,1135.52,0.0261,0.1111,Cleveland,"Cleveland-Elyria, OH",Cuyahoga County
77008,44108,OH,202502,1122.18,-0.0117,0.0493,Cleveland,"Cleveland-Elyria, OH",Cuyahoga County
77008,44108,OH,202503,1120.08,-0.0019,0.073,Cleveland,"Cleveland-Elyria, OH",Cuyahoga County
77008,44108,OH,202504,1132.23,0.0109,0.0399,Cleveland,"Cleveland-Elyria, OH",Cuyahoga County
77008,44108,OH,202505,1151.84,0.0173,0.0686,Cleveland,"Cleveland-Elyria, OH",Cuyahoga County
77008,44108,OH,202506,1159.2,0.0064,0.0491,Cleveland,"Cleveland-Elyria, OH",Cuyahoga County
77008,44108,OH,202507,1151.36,-0.0068,0.0382,Cleveland,"Cleveland-Elyria, OH",Cuyahoga County
77008,44108,OH,202508,1177.36,0.0226,0.0527,Cleveland,"Cleveland-Elyria, OH",Cuyahoga County
77008,44108,OH,202509,1196.85,0.0166,0.0717,Cleveland,"Cleveland-Elyria, OH",Cuyahoga County
77008,44108,OH,202510,1178.42,-0.0154,0.0677,Cleveland,"Cleveland-Elyria, OH",Cuyahoga County
77008,44108,OH,202511,1159.39,-0.0161,0.0576,Cleveland,"Cleveland-Elyria, OH",Cuyahoga County
77008,44108,OH,202512,1144.96,-0.0124,0.0347,Cleveland,"Cleveland-Elyria, OH",Cuyahoga County
77008,44108,OH,202601,1155.03,0.0088,0.0172,Cleveland,"Cleveland-Elyria, OH",Cuyahoga County
77008,44108,OH,202602,1165.39,0.009,0.0385,Cleveland,"Cleveland-Elyria, OH",Cuyahoga County
77008,44108,OH,202603,1151.51,-0.0119,0.0281,Cleveland,"Cleveland-Elyria, OH",Cuyahoga County
77008,44108,OH,202604,1185.01,0.0291,0.0466,Cleveland,"Cleveland-Elyria, OH",Cuyahoga County
77008,44108,OH,202605,1207.99,0.0194,0.0487,Cleveland,"Cleveland-Elyria, OH",Cuyahoga County
77008,44108,OH,202606,1235.35,0.0226,0.0657,Cleveland,"Cleveland-Elyria, OH",Cuyahoga County
77008,44108,OH,202607,1212.53,-0.0185,0.0531,Cleveland,"Cleveland-Elyria, OH",Cuyahoga County
77008,44108,OH,202608,1205.07,-0.0062,0.0235,Cleveland,"Cleveland-Elyria, OH",Cuyahoga County
77009,44109,OH,201812,636.16,,,Cleveland,"Cleveland-Elyria, OH",Cuyahoga County
77009,44109,OH,201901,657.04,0.0328,,Cleveland,"Cleveland-Elyria, OH",Cuyahoga County
77009,44109,OH,201902,651.76,-0.008,,Cleveland,"Cleveland-Elyria, OH",Cuyahoga County
77009,44109,OH,201903,660.54,0.0135,,Cleveland,"Cleveland-Elyria, OH",Cuyahoga County
77009,44109,OH,201904,661.92,0.0021,,Cleveland,"Cleveland-Elyria, OH",Cuyahoga County
77009,44109,OH,201905,671.64,0.0147,,Cleveland,"Cleveland-Elyria, OH",Cuyahoga County
77009,44109,OH,201906,677.19,0.0083,,Cleveland,"Cleveland-Elyria, OH",Cuyahoga County
77009,44109,OH,201907,690.69,0.0199,,Cleveland,"Cleveland-Elyria, OH",Cuyahoga County
77009,44109,OH,201908,695.39,0.0068,,Cleveland,"Cleveland-Elyria, OH",Cuyahoga County
77009,44109,OH,201909,690.23,-0.0074,,Cleveland,"Cleveland-Elyria, OH",Cuyahoga County
77009,44109,OH,201910,660.9,-0.0425,,Cleveland,"Cleveland-Elyria, OH",Cuyahoga County
77009,44109,OH,201911,647.1,-0.0209,,Cleveland,"Cleveland-Elyria, OH",Cuyahoga County
77009,44109,OH,201912,649.74,0.0041,0.0214,Cleveland,"Cleveland-Elyria, OH",Cuyahoga County
77009,44109,OH,202001,665.36,0.024,0.0127,Cleveland,"Cleveland-Elyria, OH",Cuyahoga County
77009,44109,OH,202002,667.94,0.0039,0.0248,Cleveland,"Cleveland-Elyria, OH",Cuyahoga County
77009,44109,OH,202003,689.05,0.0316,0.0432,Cleveland,"Cleveland-Elyria, OH",Cuyahoga County
77009,44109,OH,202004,703.67,0.0212,0.0631,Cleveland,"Cleveland-Elyria, OH",Cuyahoga County
77009,44109,OH,202005,724.1,0.029,0.0781,Cleveland,"Cleveland-Elyria, OH",Cuyahoga County
77009,44109,OH,202006,730.65,0.009,0.0789,Cleveland,"Cleveland-Elyria, OH",Cuyahoga County
77009,44109,OH,202007,736.34,0.0078,0.0661,Cleveland,"Cleveland-Elyria, OH",Cuyahoga County
77009,44109,OH,202008,721.24,-0.0205,0.0372,Cleveland,"Cleveland-Elyria, OH",Cuyahoga County
77009,44109,OH,202009,721.47,0.0003,0.0453,Cleveland,"Cleveland-Elyria, OH",Cuyahoga County
77009,44109,OH,202010,735.75,0.0198,0.1133,Cleveland,"Cleveland-Elyria, OH",Cuyahoga County
77009,44109,OH,202011,753.67,0.0244,0.1647,Cleveland,"Cleveland-Elyria, OH",Cuyahoga County
77009,44109,OH,202012,756.12,0.0033,0.1637,Cleveland,"Cleveland-Elyria, OH",Cuyahoga County
77009,44109,OH,202101,739.13,-0.0225,0.1109,Cleveland,"Cleveland-Elyria, OH",Cuyahoga County
77009,44109,OH,202102,760.82,0.0293,0.1391,Cleveland,"Cleveland-Elyria, OH",Cuyahoga County
77009,44109,OH,202103,769.78,0.0118,0.1172,Cleveland,"Cleveland-Elyria, OH",Cuyahoga County
77009,44109,OH,202104,793.09,0.0303,0.1271,Cleveland,"Cleveland-Elyria, OH",Cuyahoga County
77009,44109,OH,202105,799.07,0.0075,0.1035,Cleveland,"Cleveland-Elyria, OH",Cuyahoga County
77009,44109,OH,202106,822.15,0.0289,0.1252,Cleveland,"Cleveland-Elyria, OH",Cuyahoga County
77009,44109,OH,202107,849.03,0.0327,0.153,Cleveland,"Cleveland-Elyria, OH",Cuyahoga County
77009,44109,OH,202108,848.8,-0.0003,0.1769,Cleveland,"Cleveland-Elyria, OH",Cuyahoga County
77009,44109,OH,202109,823.79,-0.0295,0.1418,Cleveland,"Cleveland-Elyria, OH",Cuyahoga County
77009,44109,OH,202110,799.37,-0.0296,0.0865,Cleveland,"Cleveland-Elyria, OH",Cuyahoga County
77009,44109,OH,202111,796.21,-0.004,0.0564,Cleveland,"Cleveland-Elyria, OH",Cuyahoga County
77009,44109,OH,202112,814.8,0.0233,0.0776,Cleveland,"Cleveland-Elyria, OH",Cuyahoga County
77009,44109,OH,202201,826.27,0.0141,0.1179,Cleveland,"Cleveland-Elyria, OH",Cuyahoga County
77009,44109,OH,202202,828.08,0.0022,0.0884,Cleveland,"Cleveland-Elyria, OH",Cuyahoga County
77009,44109,OH,202203,844.51,0.0198,0.0971,Cleveland,"Cleveland-Elyria, OH",Cuyahoga County
77009,44109,OH,202204,881.28,0.0435,0.1112,Cleveland,"Cleveland-Elyria, OH",Cuyahoga County
77009,44109,OH,202205,908.82,0.0313,0.1373,Cleveland,"Cleveland-Elyria, OH",Cuyahoga County
77009,44109,OH,202206,910.34,0.0017,0.1073,Cleveland,"Cleveland-Elyria, OH",Cuyahoga County
77009,44109,OH,202207,889.17,-0.0233,0.0473,Cleveland,"Cleveland-Elyria, OH",Cuyahoga County
77009,44109,OH,202208,892.91,0.0042,0.052,Cleveland,"Cleveland-Elyria, OH",Cuyahoga County
77009,44109,OH,202209,890.44,-0.0028,0.0809,Cleveland,"Cleveland-Elyria, OH",Cuyahoga County
77009,44109,OH,202210,915.05,0.0276,0.1447,Cleveland,"Cleveland-Elyria, OH",Cuyahoga County
77009,44109,OH,202211,922.76,0.0084,0.1589,Cleveland,"Cleveland-Elyria, OH",Cuyahoga County
77009,44109,OH,202212,925.93,0.0034,0.1364,Cleveland,"Cleveland-Elyria, OH",Cuyahoga County
77009,44109,OH,202301,896.68,-0.0316,0.0852,Cleveland,"Cleveland-Elyria, OH",Cuyahoga County
77009,44109,OH,202302,894.5,-0.0024,0.0802,Cleveland,"Cleveland-Elyria, OH",Cuyahoga County
77009,44109,OH,202303,892.9,-0.0018,0.0573,Cleveland,"Cleveland-Elyria, OH",Cuyahoga County
77009,44109,OH,202304,916.66,0.0266,0.0401,Cleveland,"Cleveland-Elyria, OH",Cuyahoga County
77009,44109,OH,202305,921.24,0.005,0.0137,Cleveland,"Cleveland-Elyria, OH",Cuyahoga County
77009,44109,OH,202306,928.2,0.0076,0.0196,Cleveland,"Cleveland-Elyria, OH",Cuyahoga County
77009,44109,OH,202307,920.86,-0.0079,0.0356,Cleveland,"Cleveland-Elyria, OH",Cuyahoga County
77009,44109,OH,202308,937.85,0.0184,0.0503,Cleveland,"Cleveland-Elyria, OH",Cuyahoga County
77009,44109,OH,202309,942.13,0.0046,0.0581,Cleveland,"Cleveland-Elyria, OH",Cuyahoga County
77009,44109,OH,202310,967.03,0.0264,0.0568,Cleveland,"Cleveland-Elyria, OH",Cuyahoga County
77009,44109,OH,202311,965.13,-0.002,0.0459,Cleveland,"Cleveland-Elyria, OH",Cuyahoga County
77009,44109,OH,202312,988.6,0.0243,0.0677,Cleveland,"Cleveland-Elyria, OH",Cuyahoga County
77009,44109,OH,202401,989.31,0.0007,0.1033,Cleveland,"Cleveland-Elyria, OH",Cuyahoga County
77009,44109,OH,202402,990.67,0.0014,0.1075,Cleveland,"Cleveland-Elyria, OH",Cuyahoga County
77009,44109,OH,202403,992.95,0.0023,0.1121,Cleveland,"Cleveland-Elyria, OH",Cuyahoga County
77009,44109,OH,202404,993.09,0.0001,0.0834,Cleveland,"Cleveland-Elyria, OH",Cuyahoga County
77009,44109,OH,202405,1004.35,0.0113,0.0902,Cleveland,"Cleveland-Elyria, OH",Cuyahoga County
77009,44109,OH,202406,1001.49,-0.0029,0.079,Cleveland,"Cleveland-Elyria, OH",Cuyahoga County
77009,44109,OH,202407,1025.62,0.0241,0.1138,Cleveland,"Cleveland-Elyria, OH",Cuyahoga County
77009,44109,OH,202408,1030.16,0.0044,0.0984,Cleveland,"Cleveland-Elyria, OH",Cuyahoga County
77009,44109,OH,202409,1039.52,0.0091,0.1034,Cleveland,"Cleveland-Elyria, OH",Cuyahoga County
77009,44109,OH,202410,1013.69,-0.0249,0.0483,Cleveland,"Cleveland-Elyria, OH",Cuyahoga County
77009,44109,OH,202411,1024.81,0.011,0.0618,Cleveland,"Cleveland-Elyria, OH",Cuyahoga County
77009,44109,OH,202412,1023.72,-0.0011,0.0355,Cleveland,"Cleveland-Elyria, OH",Cuyahoga County
77009,44109,OH,202501,1041.21,0.0171,0.0525,Cleveland,"Cleveland-Elyria, OH",Cuyahoga County
77009,44109,OH,202502,1044.17,0.0028,0.054,Cleveland,"Cleveland-Elyria, OH",Cuyahoga County
77009,44109,OH,202503,1057.3,0.0126,0.0648,Cleveland,"Cleveland-Elyria, OH",Cuyahoga County
77009,44109,OH,202504,1072.51,0.0144,0.08,Cleveland,"Cleveland-Elyria, OH",Cuyahoga County
77009,44109,OH,202505,1082.87,0.0097,0.0782,Cleveland,"Cleveland-Elyria, OH",Cuyahoga County
77009,44109,OH,202506,1098.28,0.0142,0.0966,Cleveland,"Cleveland-Elyria, OH",Cuyahoga County
77009,44109,OH,202507,1091.03,-0.0066,0.0638,Cleveland,"Cleveland-Elyria, OH",Cuyahoga County
77009,44109,OH,202508,1088.93,-0.0019,0.057,Cleveland,"Cleveland-Elyria, OH",Cuyahoga County
77009,44109,OH,202509,1088.11,-0.0007,0.0467,Cleveland,"Cleveland-Elyria, OH",Cuyahoga County
77009,44109,OH,202510,1098.75,0.0098,0.0839,Cleveland,"Cleveland-Elyria, OH",Cuyahoga County
77009,44109,OH,202511,1091.41,-0.0067,0.065,Cleveland,"Cleveland-Elyria, OH",Cuyahoga County
77009,44109,OH,202512,1091.31,-0.0001,0.066,Cleveland,"Cleveland-Elyria, OH",Cuyahoga County
77009,44109,OH,202601,1111.53,0.0185,0.0675,Cleveland,"Cleveland-Elyria, OH",Cuyahoga County
77009,44109,OH,202602,1122.79,0.0101,0.0753,Cleveland,"Cleveland-Elyria, OH",Cuyahoga County
77009,44109,OH,202603,1135.31,0.0112,0.0738,Cleveland,"Cleveland-Elyria, OH",Cuyahoga County
77009,44109,OH,202604,1116.48,-0.0166,0.041,Cleveland,"Cleveland-Elyria, OH",Cuyahoga County
77009,44109,OH,202605,1137.49,0.0188,0.0504,Cleveland,"Cleveland-Elyria, OH",Cuyahoga County
77009,44109,OH,202606,1141.47,0.0035,0.0393,Cleveland,"Cleveland-Elyria, OH",Cuyahoga County
77009,44109,OH,202607,1145.34,0.0034,0.0498,Cleveland,"Cleveland-Elyria, OH",Cuyahoga County
77009,44109,OH,202608,1120.67,-0.0215,0.0291,Cleveland,"Cleveland-Elyria, OH",Cuyahoga County
77010,44110,OH,202206,749.73,,,Cleveland,"Cleveland-Elyria, OH",Cuyahoga County
77010,44110,OH,202207,750.03,0.0004,,Cleveland,"Cleveland-Elyria, OH",Cuyahoga County
77010,44110,OH,202208,732.86,-0.0229,,Cleveland,"Cleveland-Elyria, OH",Cuyahoga County
77010,44110,OH,202209,723.96,-0.0121,,Cleveland,"Cleveland-Elyria, OH",Cuyahoga County
77010,44110,OH,202210,760.95,0.0511,,Cleveland,"Cleveland-Elyria, OH",Cuyahoga County
77010,44110,OH,202211,751.67,-0.0122,,Cleveland,"Cleveland-Elyria, OH",Cuyahoga County
77010,44110,OH,202212,788.26,0.0487,,Cleveland,"Cleveland-Elyria, OH",Cuyahoga County
77010,44110,OH,202302,797.05,0.0112,,Cleveland,"Cleveland-Elyria, OH",Cuyahoga County
77010,44110,OH,202303,818.47,0.0269,,Cleveland,"Cleveland-Elyria, OH",Cuyahoga County
77010,44110,OH,202304,840.21,0.0266,,Cleveland,"Cleveland-Elyria, OH",Cuyahoga County
77010,44110,OH,202305,847.09,0.0082,,Cleveland,"Cleveland-Elyria, OH",Cuyahoga County
77010,44110,OH,202306,840.05,-0.0083,,Cleveland,"Cleveland-Elyria, OH",Cuyahoga County
77010,44110,OH,202307,834.23,-0.0069,0.1127,Cleveland,"Cleveland-Elyria, OH",Cuyahoga County
77010,44110,OH,202308,848.44,0.017,0.1312,Cleveland,"Cleveland-Elyria, OH",Cuyahoga County
77010,44110,OH,202310,856.19,0.0091,0.1683,Cleveland,"Cleveland-Elyria, OH",Cuyahoga County
77010,44110,OH,202311,862.2,0.007,0.1909,Cleveland,"Cleveland-Elyria, OH",Cuyahoga County
77010,44110,OH,202312,864.84,0.0031,0.1365,Cleveland,"Cleveland-Elyria, OH",Cuyahoga County
77010,44110,OH,202402,899.2,0.0397,0.1963,Cleveland,"Cleveland-Elyria, OH",Cuyahoga County
77010,44110,OH,202403,922.3,0.0257,0.17,Cleveland,"Cleveland-Elyria, OH",Cuyahoga County
77010,44110,OH,202404,939.77,0.0189,0.1791,Cleveland,"Cleveland-Elyria, OH",Cuyahoga County
77010,44110,OH,202405,961.57,0.0232,0.1748,Cleveland,"Cleveland-Elyria, OH",Cuyahoga County
77010,44110,OH,202406,979.97,0.0191,0.1663,Cleveland,"Cleveland-Elyria, OH",Cuyahoga County
77010,44110,OH,202407,955.96,-0.0245,0.1285,Cleveland,"Cleveland-Elyria, OH",Cuyahoga County
77010,44110,OH,202408,941.24,-0.0154,0.1205,Cleveland,"Cleveland-Elyria, OH",Cuyahoga County
77010,44110,OH,202409,955.97,0.0156,0.1459,Cleveland,"Cleveland-Elyria, OH",Cuyahoga County
77010,44110,OH,202410,985.03,0.0304,0.161,Cleveland,"Cleveland-Elyria, OH",Cuyahoga County
77010,44110,OH,202411,996.43,0.0116,0.1638,Cleveland,"Cleveland-Elyria, OH",Cuyahoga County
77010,44110,OH,202412,983.51,-0.013,0.1407,Cleveland,"Cleveland-Elyria, OH",Cuyahoga County
77010,44110,OH,202501,970.07,-0.0137,0.1217,Cleveland,"Cleveland-Elyria, OH",Cuyahoga County
77010,44110,OH,202502,937.58,-0.0335,0.0427,Cleveland,"Cleveland-Elyria, OH",Cuyahoga County
77010,44110,OH,202503,945.94,0.0089,0.0256,Cleveland,"Cleveland-Elyria, OH",Cuyahoga County
77010,44110,OH,202504,960.26,0.0151,0.0218,Cleveland,"Cleveland-Elyria, OH",Cuyahoga County
77010,44110,OH,202505,1008.26,0.05,0.0486,Cleveland,"Cleveland-Elyria, OH",Cuyahoga County
77010,44110,OH,202506,1000.19,-0.008,0.0206,Cleveland,"Cleveland-Elyria, OH",Cuyahoga County
77010,44110,OH,202508,1000.75,0.0006,0.0469,Cleveland,"Cleveland-Elyria, OH",Cuyahoga County
77010,44110,OH,202509,1019.36,0.0186,0.083,Cleveland,"Cleveland-Elyria, OH",Cuyahoga County
77010,44110,OH,202510,1026.05,0.0066,0.0733,Cleveland,"Cleveland-Elyria, OH",Cuyahoga County
77010,44110,OH,202511,1031.19,0.005,0.0469,Cleveland,"Cleveland-Elyria, OH",Cuyahoga County
77010,44110,OH,202512,1004.66,-0.0257,0.0083,Cleveland,"Cleveland-Elyria, OH",Cuyahoga County
77010,44110,OH,202601,1034.79,0.03,0.0521,Cleveland,"Cleveland-Elyria, OH",Cuyahoga County
77010,44110,OH,202602,1040.52,0.0055,0.0726,Cleveland,"Cleveland-Elyria, OH",Cuyahoga County
77010,44110,OH,202603,1072.65,0.0309,0.1441,Cleveland,"Cleveland-Elyria, OH",Cuyahoga County
77010,44110,OH,202604,1070.57,-0.0019,0.1318,Cleveland,"Cleveland-Elyria, OH",Cuyahoga County
77010,44110,OH,202605,1061.7,-0.0083,0.1056,Cleveland,"Cleveland-Elyria, OH",Cuyahoga County
77010,44110,OH,202606,1069.92,0.0077,0.0612,Cleveland,"Cleveland-Elyria, OH",Cuyahoga County
77010,44110,OH,202607,1074.99,0.0047,0.0748,Cleveland,"Cleveland-Elyria, OH",Cuyahoga County
77010,44110,OH,202608,1102.89,0.026,0.1021,Cleveland,"Cleveland-Elyria, OH",Cuyahoga County
77011,44111,OH,202112,904.0,,,Cleveland,"Cleveland-Elyria, OH",Cuyahoga County
77011,44111,OH,202201,912.7,0.0096,,Cleveland,"Cleveland-Elyria, OH",Cuyahoga County
77011,44111,OH,202202,949.66,0.0405,,Cleveland,"Cleveland-Elyria, OH",Cuyahoga County
77011,44111,OH,202203,940.15,-0.01,,Cleveland,"Cleveland-Elyria, OH",Cuyahoga County
77011,44111,OH,202204,941.54,0.0015,,Cleveland,"Cleveland-Elyria, OH",Cuyahoga County
77011,44111,OH,202205,952.78,0.0119,,Cleveland,"Cleveland-Elyria, OH",Cuyahoga County
77011,44111,OH,202206,978.09,0.0266,,Cleveland,"Cleveland-Elyria, OH",Cuyahoga County
77011,44111,OH,202207,990.11,0.0123,,Cleveland,"Cleveland-Elyria, OH",Cuyahoga County
77011,44111,OH,202208,981.0,-0.0092,,Cleveland,"Cleveland-Elyria, OH",Cuyahoga County
77011,44111,OH,202209,977.32,-0.0038,,Cleveland,"Cleveland-Elyria, OH",Cuyahoga County
77011,44111,OH,202210,992.54,0.0156,,Cleveland,"Cleveland-Elyria, OH",Cuyahoga County
77011,44111,OH,202211,1000.22,0.0077,,Cleveland,"Cleveland-Elyria, OH",Cuyahoga County
77011,44111,OH,202212,1014.65,0.0144,0.1224,Cleveland,"Cleveland-Elyria, OH",Cuyahoga County
77011,44111,OH,202301,1008.42,-0.0061,0.1049,Cleveland,"Cleveland-Elyria, OH",Cuyahoga County
77011,44111,OH,202302,1017.95,0.0095,0.0719,Cleveland,"Cleveland-Elyria, OH",Cuyahoga County
77011,44111,OH,202303,1009.72,-0.0081,0.074,Cleveland,"Cleveland-Elyria, OH",Cuyahoga County
77011,44111,OH,202304,1022.68,0.0128,0.0862,Cleveland,"Cleveland-Elyria, OH",Cuyahoga County
77011,44111,OH,202305,1030.05,0.0072,0.0811,Cleveland,"Cleveland-Elyria, OH",Cuyahoga County
77011,44111,OH,202306,1038.71,0.0084,0.062,Cleveland,"Cleveland-Elyria, OH",Cuyahoga County
77011,44111,OH,202307,1038.55,-0.0002,0.0489,Cleveland,"Cleveland-Elyria, OH",Cuyahoga County
77011,44111,OH,202308,1033.58,-0.0048,0.0536,Cleveland,"Cleveland-Elyria, OH",Cuyahoga County
77011,44111,OH,202309,1042.19,0.0083,0.0664,Cleveland,"Cleveland-Elyria, OH",Cuyahoga County
77011,44111,OH,202310,1041.79,-0.0004,0.0496,Cleveland,"Cleveland-Elyria, OH",Cuyahoga County
77011,44111,OH,202311,1059.7,0.0172,0.0595,Cleveland,"Cleveland-Elyria, OH",Cuyahoga County
77011,44111,OH,202312,1069.67,0.0094,0.0542,Cleveland,"Cleveland-Elyria, OH",Cuyahoga County
77011,44111,OH,202401,1084.83,0.0142,0.0758,Cleveland,"Cleveland-Elyria, OH",Cuyahoga County
77011,44111,OH,202402,1085.17,0.0003,0.066,Cleveland,"Cleveland-Elyria, OH",Cuyahoga County
77011,44111,OH,202403,1085.51,0.0003,0.0751,Cleveland,"Cleveland-Elyria, OH",Cuyahoga County
77011,44111,OH,202404,1069.26,-0.015,0.0455,Cleveland,"Cleveland-Elyria, OH",Cuyahoga County
77011,44111,OH,202405,1093.77,0.0229,0.0619,Cleveland,"Cleveland-Elyria, OH",Cuyahoga County
77011,44111,OH,202406,1096.26,0.0023,0.0554,Cleveland,"Cleveland-Elyria, OH",Cuyahoga County
77011,44111,OH,202407,1114.04,0.0162,0.0727,Cleveland,"Cleveland-Elyria, OH",Cuyahoga County
77011,44111,OH,202408,1103.66,-0.0093,0.0678,Cleveland,"Cleveland-Elyria, OH",Cuyahoga County
77011,44111,OH,202409,1119.58,0.0144,0.0743,Cleveland,"Cleveland-Elyria, OH",Cuyahoga County
77011,44111,OH,202410,1128.05,0.0076,0.0828,Cleveland,"Cleveland-Elyria, OH",Cuyahoga County
77011,44111,OH,202411,1139.49,0.0101,0.0753,Cleveland,"Cleveland-Elyria, OH",Cuyahoga County
77011,44111,OH,202412,1153.1,0.0119,0.078,Cleveland,"Cleveland-Elyria, OH",Cuyahoga County
77011,44111,OH,202501,1166.71,0.0118,0.0755,Cleveland,"Cleveland-Elyria, OH",Cuyahoga County
77011,44111,OH,202502,1166.41,-0.0003,0.0749,Cleveland,"Cleveland-Elyria, OH",Cuyahoga County
77011,44111,OH,202503,1172.83,0.0055,0.0804,Cleveland,"Cleveland-Elyria, OH",Cuyahoga County
77011,44111,OH,202504,1164.09,-0.0075,0.0887,Cleveland,"Cleveland-Elyria, OH",Cuyahoga County
77011,44111,OH,202505,1172.55,0.0073,0.072,Cleveland,"Cleveland-Elyria, OH",Cuyahoga County
77011,44111,OH,202506,1161.61,-0.0093,0.0596,Cleveland,"Cleveland-Elyria, OH",Cuyahoga County
77011,44111,OH,202507,1184.85,0.02,0.0636,Cleveland,"Cleveland-Elyria, OH",Cuyahoga County
77011,44111,OH,202508,1177.38,-0.0063,0.0668,Cleveland,"Cleveland-Elyria, OH",Cuyahoga County
77011,44111,OH,202509,1208.31,0.0263,0.0793,Cleveland,"Cleveland-Elyria, OH",Cuyahoga County
77011,44111,OH,202510,1216.51,0.0068,0.0784,Cleveland,"Cleveland-Elyria, OH",Cuyahoga County
77011,44111,OH,202511,1211.52,-0.0041,0.0632,Cleveland,"Cleveland-Elyria, OH",Cuyahoga County
77011,44111,OH,202512,1205.13,-0.0053,0.0451,Cleveland,"Cleveland-Elyria, OH",Cuyahoga County
77011,44111,OH,202601,1215.15,0.0083,0.0415,Cleveland,"Cleveland-Elyria, OH",Cuyahoga County
77011,44111,OH,202602,1264.8,0.0409,0.0844,Cleveland,"Cleveland-Elyria, OH",Cuyahoga County
77011,44111,OH,202603,1245.83,-0.015,0.0622,Cleveland,"Cleveland-Elyria, OH",Cuyahoga County
77011,44111,OH,202604,1255.16,0.0075,0.0782,Cleveland,"Cleveland-Elyria, OH",Cuyahoga County
77011,44111,OH,202605,1252.98,-0.0017,0.0686,Cleveland,"Cleveland-Elyria, OH",Cuyahoga County
77011,44111,OH,202606,1284.13,0.0249,0.1055,Cleveland,"Cleveland-Elyria, OH",Cuyahoga County
77011,44111,OH,202607,1277.83,-0.0049,0.0785,Cleveland,"Cleveland-Elyria, OH",Cuyahoga County
77011,44111,OH,202608,1268.44,-0.0074,0.0773,Cleveland,"Cleveland-Elyria, OH",Cuyahoga County
77012,44112,OH,202306,761.85,,,East Cleveland,"Cleveland-Elyria, OH",Cuyahoga County
77012,44112,OH,202307,782.75,0.0274,,East Cleveland,"Cleveland-Elyria, OH",Cuyahoga County
77012,44112,OH,202308,778.46,-0.0055,,East Cleveland,"Cleveland-Elyria, OH",Cuyahoga County
77012,44112,OH,202309,785.51,0.0091,,East Cleveland,"Cleveland-Elyria, OH",Cuyahoga County
77012,44112,OH,202310,777.91,-0.0097,,East Cleveland,"Cleveland-Elyria, OH",Cuyahoga County
77012,44112,OH,202311,789.49,0.0149,,East Cleveland,"Cleveland-Elyria, OH",Cuyahoga County
77012,44112,OH,202312,779.56,-0.0126,,East Cleveland,"Cleveland-Elyria, OH",Cuyahoga County
77012,44112,OH,202401,801.87,0.0286,,East Cleveland,"Cleveland-Elyria, OH",Cuyahoga County
77012,44112,OH,202402,810.02,0.0102,,East Cleveland,"Cleveland-Elyria, OH",Cuyahoga County
77012,44112,OH,202403,804.92,-0.0063,,East Cleveland,"Cleveland-Elyria, OH",Cuyahoga County
77012,44112,OH,202404,786.57,-0.0228,,East Cleveland,"Cleveland-Elyria, OH",Cuyahoga County
77012,44112,OH,202405,795.97,0.012,,East Cleveland,"Cleveland-Elyria, OH",Cuyahoga County
77012,44112,OH,202406,824.69,0.0361,0.0825,East Cleveland,"Cleveland-Elyria, OH",Cuyahoga County
77012,44112,OH,202407,844.97,0.0246,0.0795,East Cleveland,"Cleveland-Elyria, OH",Cuyahoga County
77012,44112,OH,202408,846.89,0.0023,0.0879,East Cleveland,"Cleveland-Elyria, OH",Cuyahoga County
77012,44112,OH,202409,838.72,-0.0097,0.0677,East Cleveland,"Cleveland-Elyria, OH",Cuyahoga County
77012,44112,OH,202410,831.01,-0.0092,0.0683,East Cleveland,"Cleveland-Elyria, OH",Cuyahoga County
77012,44112,OH,202411,837.77,0.0081,0.0612,East Cleveland,"Cleveland-Elyria, OH",Cuyahoga County
77012,44112,OH,202412,877.65,0.0476,0.1258,East Cleveland,"Cleveland-Elyria, OH",Cuyahoga County
77012,44112,OH,202501,892.2,0.0166,0.1127,East Cleveland,"Cleveland-Elyria, OH",Cuyahoga County
77012,44112,OH,202502,904.53,0.0138,0.1167,East Cleveland,"Cleveland-Elyria, OH",Cuyahoga County
77012,44112,OH,202503,890.15,-0.0159,0.1059,East Cleveland,"Cleveland-Elyria, OH",Cuyahoga County
77012,44112,OH,202504,897.02,0.0077,0.1404,East Cleveland,"Cleveland-Elyria, OH",Cuyahoga County
77012,44112,OH,202505,881.26,-0.0176,0.1072,East Cleveland,"Cleveland-Elyria, OH",Cuyahoga County
77012,44112,OH,202506,857.37,-0.0271,0.0396,East Cleveland,"Cleveland-Elyria, OH",Cuyahoga County
77012,44112,OH,202507,857.12,-0.0003,0.0144,East Cleveland,"Cleveland-Elyria, OH",Cuyahoga County
77012,44112,OH,202508,865.86,0.0102,0.0224,East Cleveland,"Cleveland-Elyria, OH",Cuyahoga County
77012,44112,OH,202509,894.74,0.0334,0.0668,East Cleveland,"Cleveland-Elyria, OH",Cuyahoga County
77012,44112,OH,202510,909.45,0.0164,0.0944,East Cleveland,"Cleveland-Elyria, OH",Cuyahoga County
77012,44112,OH,202511,892.74,-0.0184,0.0656,East Cleveland,"Cleveland-Elyria, OH",Cuyahoga County
77012,44112,OH,202512,908.26,0.0174,0.0349,East Cleveland,"Cleveland-Elyria, OH",Cuyahoga County
77012,44112,OH,202601,903.84,-0.0049,0.013,East Cleveland,"Cleveland-Elyria, OH",Cuyahoga County
77012,44112,OH,202602,954.37,0.0559,0.0551,East Cleveland,"Cleveland-Elyria, OH",Cuyahoga County
77012,44112,OH,202603,942.59,-0.0123,0.0589,East Cleveland,"Cleveland-Elyria, OH",Cuyahoga County
77012,44112,OH,202604,942.82,0.0002,0.0511,East Cleveland,"Cleveland-Elyria, OH",Cuyahoga County
77012,44112,OH,202605,919.39,-0.0249,0.0433,East Cleveland,"Cleveland-Elyria, OH",Cuyahoga County
77012,44112,OH,202606,925.69,0.0068,0.0797,East Cleveland,"Cleveland-Elyria, OH",Cuyahoga County
77012,44112,OH,202607,919.9,-0.0063,0.0732,East Cleveland,"Cleveland-Elyria, OH",Cuyahoga County
77012,44112,OH,202608,946.96,0.0294,0.0937,East Cleveland,"Cleveland-Elyria, OH",Cuyahoga County
77013,44113,OH,201801,1114.33,,,Cleveland,"Cleveland-Elyria, OH",Cuyahoga County
77013,44113,OH,201802,1148.76,0.0309,,Cleveland,"Cleveland-Elyria, OH",Cuyahoga County
77013,44113,OH,201803,1232.44,0.0728,,Cleveland,"Cleveland-Elyria, OH",Cuyahoga County
77013,44113,OH,201804,1259.86,0.0222,,Cleveland,"Cleveland-Elyria, OH",Cuyahoga County
77013,44113,OH,201805,1256.85,-0.0024,,Cleveland,"Cleveland-Elyria, OH",Cuyahoga County
77013,44113,OH,201806,1255.29,-0.0012,,Cleveland,"Cleveland-Elyria, OH",Cuyahoga County
77013,44113,OH,201807,1239.77,-0.0124,,Cleveland,"Cleveland-Elyria, OH",Cuyahoga County
77013,44113,OH,201808,1226.75,-0.0105,,Cleveland,"Cleveland-Elyria, OH",Cuyahoga County
77013,44113,OH,201809,1220.49,-0.0051,,Cleveland,"Cleveland-Elyria, OH",Cuyahoga County
77013,44113,OH,201810,1229.11,0.0071,,Cleveland,"Cleveland-Elyria, OH",Cuyahoga County
77013,44113,OH,201811,1243.62,0.0118,,Cleveland,"Cleveland-Elyria, OH",Cuyahoga County
77013,44113,OH,201812,1265.43,0.0175,,Cleveland,"Cleveland-Elyria, OH",Cuyahoga County
77013,44113,OH,201901,1294.27,0.0228,0.1615,Cleveland,"Cleveland-Elyria, OH",Cuyahoga County
77013,44113,OH,201902,1322.13,0.0215,0.1509,Cleveland,"Cleveland-Elyria, OH",Cuyahoga County
77013,44113,OH,201903,1306.38,-0.0119,0.06,Cleveland,"Cleveland-Elyria, OH",Cuyahoga County
77013,44113,OH,201904,1297.65,-0.0067,0.03,Cleveland,"Cleveland-Elyria, OH",Cuyahoga County
77013,44113,OH,201905,1281.48,-0.0125,0.0196,Cleveland,"Cleveland-Elyria, OH",Cuyahoga County
77013,44113,OH,201906,1286.16,0.0037,0.0246,Cleveland,"Cleveland-Elyria, OH",Cuyahoga County
77013,44113,OH,201907,1261.37,-0.0193,0.0174,Cleveland,"Cleveland-Elyria, OH",Cuyahoga County
77013,44113,OH,201908,1267.36,0.0047,0.0331,Cleveland,"Cleveland-Elyria, OH",Cuyahoga County
77013,44113,OH,201909,1267.67,0.0002,0.0387,Cleveland,"Cleveland-Elyria, OH",Cuyahoga County
77013,44113,OH,201910,1324.64,0.0449,0.0777,Cleveland,"Cleveland-Elyria, OH",Cuyahoga County
77013,44113,OH,201911,1304.85,-0.0149,0.0492,Cleveland,"Cleveland-Elyria, OH",Cuyahoga County
77013,44113,OH,201912,1320.07,0.0117,0.0432,Cleveland,"Cleveland-Elyria, OH",Cuyahoga County
77013,44113,OH,202001,1288.7,-0.0238,-0.0043,Cleveland,"Cleveland-Elyria, OH",Cuyahoga County
77013,44113,OH,202002,1298.25,0.0074,-0.0181,Cleveland,"Cleveland-Elyria, OH",Cuyahoga County
77013,44113,OH,202003,1287.97,-0.0079,-0.0141,Cleveland,"Cleveland-Elyria, OH",Cuyahoga County
77013,44113,OH,202004,1301.95,0.0109,0.0033,Cleveland,"Cleveland-Elyria, OH",Cuyahoga County
77013,44113,OH,202005,1304.41,0.0019,0.0179,Cleveland,"Cleveland-Elyria, OH",Cuyahoga County
77013,44113,OH,202006,1311.76,0.0056,0.0199,Cleveland,"Cleveland-Elyria, OH",Cuyahoga County
77013,44113,OH,202007,1292.11,-0.015,0.0244,Cleveland,"Cleveland-Elyria, OH",Cuyahoga County
77013,44113,OH,202008,1317.33,0.0195,0.0394,Cleveland,"Cleveland-Elyria, OH",Cuyahoga County
77013,44113,OH,202009,1310.97,-0.0048,0.0342,Cleveland,"Cleveland-Elyria, OH",Cuyahoga County
77013,44113,OH,202010,1304.72,-0.0048,-0.015,Cleveland,"Cleveland-Elyria, OH",Cuyahoga County
77013,44113,OH,202011,1272.81,-0.0245,-0.0246,Cleveland,"Cleveland-Elyria, OH",Cuyahoga County
77013,44113,OH,202012,1261.64,-0.0088,-0.0443,Cleveland,"Cleveland-Elyria, OH",Cuyahoga County
77013,44113,OH,202101,1261.91,0.0002,-0.0208,Cleveland,"Cleveland-Elyria, OH",Cuyahoga County
77013,44113,OH,202102,1270.27,0.0066,-0.0216,Cleveland,"Cleveland-Elyria, OH",Cuyahoga County
77013,44113,OH,202103,1301.84,0.0249,0.0108,Cleveland,"Cleveland-Elyria, OH",Cuyahoga County
77013,44113,OH,202104,1305.72,0.003,0.0029,Cleveland,"Cleveland-Elyria, OH",Cuyahoga County
77013,44113,OH,202105,1332.75,0.0207,0.0217,Cleveland,"Cleveland-Elyria, OH",Cuyahoga County
77013,44113,OH,202106,1323.41,-0.007,0.0089,Cleveland,"Cleveland-Elyria, OH",Cuyahoga County
77013,44113,OH,202107,1378.09,0.0413,0.0665,Cleveland,"Cleveland-Elyria, OH",Cuyahoga County
77013,44113,OH,202108,1374.41,-0.0027,0.0433,Cleveland,"Cleveland-Elyria, OH",Cuyahoga County
77013,44113,OH,202109,1413.93,0.0288,0.0785,Cleveland,"Cleveland-Elyria, OH",Cuyahoga County
77013,44113,OH,202110,1396.39,-0.0124,0.0703,Cleveland,"Cleveland-Elyria, OH",Cuyahoga County
77013,44113,OH,202111,1403.3,0.005,0.1025,Cleveland,"Cleveland-Elyria, OH",Cuyahoga County
77013,44113,OH,202112,1388.12,-0.0108,0.1003,Cleveland,"Cleveland-Elyria, OH",Cuyahoga County
77013,44113,OH,202201,1395.26,0.0051,0.1057,Cleveland,"Cleveland-Elyria, OH",Cuyahoga County
77013,44113,OH,202202,1421.1,0.0185,0.1187,Cleveland,"Cleveland-Elyria, OH",Cuyahoga County
77013,44113,OH,202203,1440.04,0.0133,0.1062,Cleveland,"Cleveland-Elyria, OH",Cuyahoga County
77013,44113,OH,202204,1470.14,0.0209,0.1259,Cleveland,"Cleveland-Elyria, OH",Cuyahoga County
77013,44113,OH,202205,1481.67,0.0078,0.1117,Cleveland,"Cleveland-Elyria, OH",Cuyahoga County
77013,44113,OH,202206,1487.94,0.0042,0.1243,Cleveland,"Cleveland-Elyria, OH",Cuyahoga County
77013,44113,OH,202207,1506.52,0.0125,0.0932,Cleveland,"Cleveland-Elyria, OH",Cuyahoga County
77013,44113,OH,202208,1528.04,0.0143,0.1118,Cleveland,"Cleveland-Elyria, OH",Cuyahoga County
77013,44113,OH,202209,1550.87,0.0149,0.0969,Cleveland,"Cleveland-Elyria, OH",Cuyahoga County
77013,44113,OH,202210,1542.3,-0.0055,0.1045,Cleveland,"Cleveland-Elyria, OH",Cuyahoga County
77013,44113,OH,202211,1511.46,-0.02,0.0771,Cleveland,"Cleveland-Elyria, OH",Cuyahoga County
77013,44113,OH,202212,1487.02,-0.0162,0.0712,Cleveland,"Cleveland-Elyria, OH",Cuyahoga County
77013,44113,OH,202301,1484.26,-0.0019,0.0638,Cleveland,"Cleveland-Elyria, OH",Cuyahoga County
77013,44113,OH,202302,1469.34,-0.0101,0.0339,Cleveland,"Cleveland-Elyria, OH",Cuyahoga County
77013,44113,OH,202303,1485.06,0.0107,0.0313,Cleveland,"Cleveland-Elyria, OH",Cuyahoga County
77013,44113,OH,202304,1492.51,0.005,0.0152,Cleveland,"Cleveland-Elyria, OH",Cuyahoga County
77013,44113,OH,202305,1534.67,0.0282,0.0358,Cleveland,"Cleveland-Elyria, OH",Cuyahoga County
77013,44113,OH,202306,1537.24,0.0017,0.0331,Cleveland,"Cleveland-Elyria, OH",Cuyahoga County
77013,44113,OH,202307,1542.34,0.0033,0.0238,Cleveland,"Cleveland-Elyria, OH",Cuyahoga County
77013,44113,OH,202308,1538.22,-0.0027,0.0067,Cleveland,"Cleveland-Elyria, OH",Cuyahoga County
77013,44113,OH,202309,1539.01,0.0005,-0.0076,Cleveland,"Cleveland-Elyria, OH",Cuyahoga County
77013,44113,OH,202310,1531.47,-0.0049,-0.007,Cleveland,"Cleveland-Elyria, OH",Cuyahoga County
77013,44113,OH,202311,1521.56,-0.0065,0.0067,Cleveland,"Cleveland-Elyria, OH",Cuyahoga County
77013,44113,OH,202312,1548.34,0.0176,0.0412,Cleveland,"Cleveland-Elyria, OH",Cuyahoga County
77013,44113,OH,202401,1567.1,0.0121,0.0558,Cleveland,"Cleveland-Elyria, OH",Cuyahoga County
77013,44113,OH,202402,1586.08,0.0121,0.0794,Cleveland,"Cleveland-Elyria, OH",Cuyahoga County
77013,44113,OH,202403,1554.03,-0.0202,0.0464,Cleveland,"Cleveland-Elyria, OH",Cuyahoga County
77013,44113,OH,202404,1570.21,0.0104,0.0521,Cleveland,"Cleveland-Elyria, OH",Cuyahoga County
77013,44113,OH,202405,1596.62,0.0168,0.0404,Cleveland,"Cleveland-Elyria, OH",Cuyahoga County
77013,44113,OH,202406,1638.86,0.0265,0.0661,Cleveland,"Cleveland-Elyria, OH",Cuyahoga County
77013,44113,OH,202407,1640.73,0.0011,0.0638,Cleveland,"Cleveland-Elyria, OH",Cuyahoga County
77013,44113,OH,202408,1639.56,-0.0007,0.0659,Cleveland,"Cleveland-Elyria, OH",Cuyahoga County
77013,44113,OH,202409,1619.66,-0.0121,0.0524,Cleveland,"Cleveland-Elyria, OH",Cuyahoga County
77013,44113,OH,202410,1608.79,-0.0067,0.0505,Cleveland,"Cleveland-Elyria, OH",Cuyahoga County
77013,44113,OH,202411,1608.82,0.0,0.0573,Cleveland,"Cleveland-Elyria, OH",Cuyahoga County
77013,44113,OH,202412,1616.89,0.005,0.0443,Cleveland,"Cleveland-Elyria, OH",Cuyahoga County
77013,44113,OH,202501,1640.89,0.0148,0.0471,Cleveland,"Cleveland-Elyria, OH",Cuyahoga County
77013,44113,OH,202502,1643.53,0.0016,0.0362,Cleveland,"Cleveland-Elyria, OH",Cuyahoga County
77013,44113,OH,202503,1649.66,0.0037,0.0615,Cleveland,"Cleveland-Elyria, OH",Cuyahoga County
77013,44113,OH,202504,1634.2,-0.0094,0.0408,Cleveland,"Cleveland-Elyria, OH",Cuyahoga County
77013,44113,OH,202505,1635.32,0.0007,0.0242,Cleveland,"Cleveland-Elyria, OH",Cuyahoga County
77013,44113,OH,202506,1644.69,0.0057,0.0036,Cleveland,"Cleveland-Elyria, OH",Cuyahoga County
77013,44113,OH,202507,1659.66,0.0091,0.0115,Cleveland,"Cleveland-Elyria, OH",Cuyahoga County
77013,44113,OH,202508,1669.28,0.0058,0.0181,Cleveland,"Cleveland-Elyria, OH",Cuyahoga County
77013,44113,OH,202509,1661.55,-0.0046,0.0259,Cleveland,"Cleveland-Elyria, OH",Cuyahoga County
77013,44113,OH,202510,1669.84,0.005,0.0379,Cleveland,"Cleveland-Elyria, OH",Cuyahoga County
77013,44113,OH,202511,1653.65,-0.0097,0.0279,Cleveland,"Cleveland-Elyria, OH",Cuyahoga County
77013,44113,OH,202512,1654.48,0.0005,0.0232,Cleveland,"Cleveland-Elyria, OH",Cuyahoga County
77013,44113,OH,202601,1654.14,-0.0002,0.0081,Cleveland,"Cleveland-Elyria, OH",Cuyahoga County
77013,44113,OH,202602,1686.47,0.0195,0.0261,Cleveland,"Cleveland-Elyria, OH",Cuyahoga County
77013,44113,OH,202603,1704.8,0.0109,0.0334,Cleveland,"Cleveland-Elyria, OH",Cuyahoga County
77013,44113,OH,202604,1709.99,0.003,0.0464,Cleveland,"Cleveland-Elyria, OH",Cuyahoga County
77013,44113,OH,202605,1707.56,-0.0014,0.0442,Cleveland,"Cleveland-Elyria, OH",Cuyahoga County
77013,44113,OH,202606,1705.8,-0.001,0.0372,Cleveland,"Cleveland-Elyria, OH",Cuyahoga County
77013,44113,OH,202607,1696.37,-0.0055,0.0221,Cleveland,"Cleveland-Elyria, OH",Cuyahoga County
77013,44113,OH,202608,1691.02,-0.0032,0.013,Cleveland,"Cleveland-Elyria, OH",Cuyahoga County
77014,44114,OH,202305,1446.74,,,Cleveland,"Cleveland-Elyria, OH",Cuyahoga County
77014,44114,OH,202306,1465.41,0.0129,,Cleveland,"Cleveland-Elyria, OH",Cuyahoga County
77014,44114,OH,202307,1458.2,-0.0049,,Cleveland,"Cleveland-Elyria, OH",Cuyahoga County
77014,44114,OH,202308,1462.43,0.0029,,Cleveland,"Cleveland-Elyria, OH",Cuyahoga County
77014,44114,OH,202309,1461.22,-0.0008,,Cleveland,"Cleveland-Elyria, OH",Cuyahoga County
77014,44114,OH,202310,1484.35,0.0158,,Cleveland,"Cleveland-Elyria, OH",Cuyahoga County
77014,44114,OH,202311,1503.78,0.0131,,Cleveland,"Cleveland-Elyria, OH",Cuyahoga County
77014,44114,OH,202312,1499.42,-0.0029,,Cleveland,"Cleveland-Elyria, OH",Cuyahoga County
77014,44114,OH,202401,1497.43,-0.0013,,Cleveland,"Cleveland-Elyria, OH",Cuyahoga County
77014,44114,OH,202402,1503.27,0.0039,,Cleveland,"Cleveland-Elyria, OH",Cuyahoga County
77014,44114,OH,202403,1498.27,-0.0033,,Cleveland,"Cleveland-Elyria, OH",Cuyahoga County
77014,44114,OH,202404,1496.81,-0.001,,Cleveland,"Cleveland-Elyria, OH",Cuyahoga County
77014,44114,OH,202405,1492.66,-0.0028,0.0317,Cleveland,"Cleveland-Elyria, OH",Cuyahoga County
77014,44114,OH,202406,1503.36,0.0072,0.0259,Cleveland,"Cleveland-Elyria, OH",Cuyahoga County
77014,44114,OH,202407,1507.6,0.0028,0.0339,Cleveland,"Cleveland-Elyria, OH",Cuyahoga County
77014,44114,OH,202408,1503.5,-0.0027,0.0281,Cleveland,"Cleveland-Elyria, OH",Cuyahoga County
77014,44114,OH,202409,1485.71,-0.0118,0.0168,Cleveland,"Cleveland-Elyria, OH",Cuyahoga County
77014,44114,OH,202410,1496.87,0.0075,0.0084,Cleveland,"Cleveland-Elyria, OH",Cuyahoga County
77014,44114,OH,202411,1496.57,-0.0002,-0.0048,Cleveland,"Cleveland-Elyria, OH",Cuyahoga County
77014,44114,OH,202412,1510.65,0.0094,0.0075,Cleveland,"Cleveland-Elyria, OH",Cuyahoga County
77014,44114,OH,202501,1514.22,0.0024,0.0112,Cleveland,"Cleveland-Elyria, OH",Cuyahoga County
77014,44114,OH,202502,1525.19,0.0073,0.0146,Cleveland,"Cleveland-Elyria, OH",Cuyahoga County
77014,44114,OH,202503,1571.01,0.03,0.0486,Cleveland,"Cleveland-Elyria, OH",Cuyahoga County
77014,44114,OH,202504,1579.12,0.0052,0.055,Cleveland,"Cleveland-Elyria, OH",Cuyahoga County
77014,44114,OH,202505,1593.48,0.0091,0.0675,Cleveland,"Cleveland-Elyria, OH",Cuyahoga County
77014,44114,OH,202506,1571.98,-0.0135,0.0456,Cleveland,"Cleveland-Elyria, OH",Cuyahoga County
77014,44114,OH,202507,1570.02,-0.0012,0.0414,Cleveland,"Cleveland-Elyria, OH",Cuyahoga County
77014,44114,OH,202508,1560.31,-0.0062,0.0378,Cleveland,"Cleveland-Elyria, OH",Cuyahoga County
77014,44114,OH,202509,1553.56,-0.0043,0.0457,Cleveland,"Cleveland-Elyria, OH",Cuyahoga County
77014,44114,OH,202510,1530.38,-0.0149,0.0224,Cleveland,"Cleveland-Elyria, OH",Cuyahoga County
77014,44114,OH,202511,1541.63,0.0074,0.0301,Cleveland,"Cleveland-Elyria, OH",Cuyahoga County
77014,44114,OH,202512,1548.72,0.0046,0.0252,Cleveland,"Cleveland-Elyria, OH",Cuyahoga County
77014,44114,OH,202601,1562.76,0.0091,0.0321,Cleveland,"Cleveland-Elyria, OH",Cuyahoga County
77014,44114,OH,202602,1558.28,-0.0029,0.0217,Cleveland,"Cleveland-Elyria, OH",Cuyahoga County
77014,44114,OH,202603,1537.66,-0.0132,-0.0212,Cleveland,"Cleveland-Elyria, OH",Cuyahoga County
77014,44114,OH,202604,1549.52,0.0077,-0.0187,Cleveland,"Cleveland-Elyria, OH",Cuyahoga County
77014,44114,OH,202605,1556.84,0.0047,-0.023,Cleveland,"Cleveland-Elyria, OH",Cuyahoga County
77014,44114,OH,202606,1595.73,0.025,0.0151,Cleveland,"Cleveland-Elyria, OH",Cuyahoga County
77014,44114,OH,202607,1610.78,0.0094,0.026,Cleveland,"Cleveland-Elyria, OH",Cuyahoga County
77014,44114,OH,202608,1625.86,0.0094,0.042,Cleveland,"Cleveland-Elyria, OH",Cuyahoga County
77015,44115,OH,202107,1460.48,,,Cleveland,"Cleveland-Elyria, OH",Cuyahoga County
77015,44115,OH,202108,1495.09,0.0237,,Cleveland,"Cleveland-Elyria, OH",Cuyahoga County
77015,44115,OH,202109,1468.34,-0.0179,,Cleveland,"Cleveland-Elyria, OH",Cuyahoga County
77015,44115,OH,202110,1513.75,0.0309,,Cleveland,"Cleveland-Elyria, OH",Cuyahoga County
77015,44115,OH,202111,1502.55,-0.0074,,Cleveland,"Cleveland-Elyria, OH",Cuyahoga County
77015,44115,OH,202112,1525.03,0.015,,Cleveland,"Cleveland-Elyria, OH",Cuyahoga County
77015,44115,OH,202201,1458.88,-0.0434,,Cleveland,"Cleveland-Elyria, OH",Cuyahoga County
77015,44115,OH,202202,1485.03,0.0179,,Cleveland,"Cleveland-Elyria, OH",Cuyahoga County
77015,44115,OH,202203,1508.27,0.0156,,Cleveland,"Cleveland-Elyria, OH",Cuyahoga County
77015,44115,OH,202204,1522.25,0.0093,,Cleveland,"Cleveland-Elyria, OH",Cuyahoga County
77015,44115,OH,202205,1524.84,0.0017,,Cleveland,"Cleveland-Elyria, OH",Cuyahoga County
77015,44115,OH,202206,1528.02,0.0021,,Cleveland,"Cleveland-Elyria, OH",Cuyahoga County
77015,44115,OH,202207,1528.83,0.0005,0.0468,Cleveland,"Cleveland-Elyria, OH",Cuyahoga County
77015,44115,OH,202208,1509.39,-0.0127,0.0096,Cleveland,"Cleveland-Elyria, OH",Cuyahoga County
77015,44115,OH,202209,1500.02,-0.0062,0.0216,Cleveland,"Cleveland-Elyria, OH",Cuyahoga County
77015,44115,OH,202210,1441.84,-0.0388,-0.0475,Cleveland,"Cleveland-Elyria, OH",Cuyahoga County
77015,44115,OH,202211,1440.52,-0.0009,-0.0413,Cleveland,"Cleveland-Elyria, OH",Cuyahoga County
77015,44115,OH,202212,1445.77,0.0036,-0.052,Cleveland,"Cleveland-Elyria, OH",Cuyahoga County
77015,44115,OH,202301,1544.32,0.0682,0.0586,Cleveland,"Cleveland-Elyria, OH",Cuyahoga County
77015,44115,OH,202302,1581.47,0.0241,0.0649,Cleveland,"Cleveland-Elyria, OH",Cuyahoga County
77015,44115,OH,202303,1571.98,-0.006,0.0422,Cleveland,"Cleveland-Elyria, OH",Cuyahoga County
77015,44115,OH,202304,1517.34,-0.0348,-0.0032,Cleveland,"Cleveland-Elyria, OH",Cuyahoga County
77015,44115,OH,202305,1509.87,-0.0049,-0.0098,Cleveland,"Cleveland-Elyria, OH",Cuyahoga County
77015,44115,OH,202306,1547.44,0.0249,0.0127,Cleveland,"Cleveland-Elyria, OH",Cuyahoga County
77015,44115,OH,202307,1609.12,0.0399,0.0525,Cleveland,"Cleveland-Elyria, OH",Cuyahoga County
77015,44115,OH,202308,1645.35,0.0225,0.0901,Cleveland,"Cleveland-Elyria, OH",Cuyahoga County
77015,44115,OH,202309,1631.85,-0.0082,0.0879,Cleveland,"Cleveland-Elyria, OH",Cuyahoga County
77015,44115,OH,202310,1596.95,-0.0214,0.1076,Cleveland,"Cleveland-Elyria, OH",Cuyahoga County
77015,44115,OH,202311,1579.5,-0.0109,0.0965,Cleveland,"Cleveland-Elyria, OH",Cuyahoga County
77015,44115,OH,202312,1562.53,-0.0107,0.0808,Cleveland,"Cleveland-Elyria, OH",Cuyahoga County
77015,44115,OH,202401,1602.44,0.0255,0.0376,Cleveland,"Cleveland-Elyria, OH",Cuyahoga County
77015,44115,OH,202402,1598.06,-0.0027,0.0105,Cleveland,"Cleveland-Elyria, OH",Cuyahoga County
77015,44115,OH,202403,1630.92,0.0206,0.0375,Cleveland,"Cleveland-Elyria, OH",Cuyahoga County
77015,44115,OH,202404,1626.72,-0.0026,0.0721,Cleveland,"Cleveland-Elyria, OH",Cuyahoga County
77015,44115,OH,202405,1643.59,0.0104,0.0886,Cleveland,"Cleveland-Elyria, OH",Cuyahoga County
77015,44115,OH,202406,1638.44,-0.0031,0.0588,Cleveland,"Cleveland-Elyria, OH",Cuyahoga County
77015,44115,OH,202407,1631.98,-0.0039,0.0142,Cleveland,"Cleveland-Elyria, OH",Cuyahoga County
77015,44115,OH,202408,1635.55,0.0022,-0.006,Cleveland,"Cleveland-Elyria, OH",Cuyahoga County
77015,44115,OH,202409,1635.65,0.0001,0.0023,Cleveland,"Cleveland-Elyria, OH",Cuyahoga County
77015,44115,OH,202410,1607.11,-0.0174,0.0064,Cleveland,"Cleveland-Elyria, OH",Cuyahoga County
77015,44115,OH,202411,1573.59,-0.0209,-0.0037,Cleveland,"Cleveland-Elyria, OH",Cuyahoga County
77015,44115,OH,202412,1561.28,-0.0078,-0.0008,Cleveland,"Cleveland-Elyria, OH",Cuyahoga County
77015,44115,OH,202501,1587.97,0.0171,-0.009,Cleveland,"Cleveland-Elyria, OH",Cuyahoga County
77015,44115,OH,202502,1626.37,0.0242,0.0177,Cleveland,"Cleveland-Elyria, OH",Cuyahoga County
77015,44115,OH,202503,1617.32,-0.0056,-0.0083,Cleveland,"Cleveland-Elyria, OH",Cuyahoga County
77015,44115,OH,202504,1626.66,0.0058,-0.0,Cleveland,"Cleveland-Elyria, OH",Cuyahoga County
77015,44115,OH,202505,1635.3,0.0053,-0.005,Cleveland,"Cleveland-Elyria, OH",Cuyahoga County
77015,44115,OH,202506,1660.55,0.0154,0.0135,Cleveland,"Cleveland-Elyria, OH",Cuyahoga County
77015,44115,OH,202507,1675.37,0.0089,0.0266,Cleveland,"Cleveland-Elyria, OH",Cuyahoga County
77015,44115,OH,202508,1663.24,-0.0072,0.0169,Cleveland,"Cleveland-Elyria, OH",Cuyahoga County
77015,44115,OH,202509,1684.97,0.0131,0.0302,Cleveland,"Cleveland-Elyria, OH",Cuyahoga County
77015,44115,OH,202510,1667.73,-0.0102,0.0377,Cleveland,"Cleveland-Elyria, OH",Cuyahoga County
77015,44115,OH,202511,1695.7,0.0168,0.0776,Cleveland,"Cleveland-Elyria, OH",Cuyahoga County
77015,44115,OH,202512,1688.56,-0.0042,0.0815,Cleveland,"Cleveland-Elyria, OH",Cuyahoga County
77015,44115,OH,202601,1709.81,0.0126,0.0767,Cleveland,"Cleveland-Elyria, OH",Cuyahoga County
77015,44115,OH,202602,1696.58,-0.0077,0.0432,Cleveland,"Cleveland-Elyria, OH",Cuyahoga County
77015,44115,OH,202603,1672.15,-0.0144,0.0339,Cleveland,"Cleveland-Elyria, OH",Cuyahoga County
77015,44115,OH,202604,1657.65,-0.0087,0.0191,Cleveland,"Cleveland-Elyria, OH",Cuyahoga County
77015,44115,OH,202605,1648.14,-0.0057,0.0078,Cleveland,"Cleveland-Elyria, OH",Cuyahoga County
77015,44115,OH,202606,1677.38,0.0177,0.0101,Cleveland,"Cleveland-Elyria, OH",Cuyahoga County
77015,44115,OH,202607,1681.64,0.0025,0.0037,Cleveland,"Cleveland-Elyria, OH",Cuyahoga County
77015,44115,OH,202608,1700.79,0.0114,0.0226,Cleveland,"Cleveland-Elyria, OH",Cuyahoga County
77016,44116,OH,202602,1463.23,,,Rocky River,"Cleveland-Elyria, OH",Cuyahoga County
77016,44116,OH,202603,1480.06,0.0115,,Rocky River,"Cleveland-Elyria, OH",Cuyahoga County
77016,44116,OH,202604,1462.0,-0.0122,,Rocky River,"Cleveland-Elyria, OH",Cuyahoga County
77016,44116,OH,202605,1480.95,0.013,,Rocky River,"Cleveland-Elyria, OH",Cuyahoga County
77016,44116,OH,202606,1476.29,-0.0031,,Rocky River,"Cleveland-Elyria, OH",Cuyahoga County
77016,44116,OH,202607,1498.29,0.0149,,Rocky River,"Cleveland-Elyria, OH",Cuyahoga County
77016,44116,OH,202608,1515.39,0.0114,,Rocky River,"Cleveland-Elyria, OH",Cuyahoga County
77017,44117,OH,202606,1172.11,,,Euclid,"Cleveland-Elyria, OH",Cuyahoga County
77017,44117,OH,202608,1193.75,0.0185,,Euclid,"Cleveland-Elyria, OH",Cuyahoga County
77018,44118,OH,201509,878.82,,,University Heights,"Cleveland-Elyria, OH",Cuyahoga County
77018,44118,OH,201510,883.04,0.0048,,University Heights,"Cleveland-Elyria, OH",Cuyahoga County
77018,44118,OH,201511,868.74,-0.0162,,University Heights,"Cleveland-Elyria, OH",Cuyahoga County
77018,44118,OH,201512,856.58,-0.014,,University Heights,"Cleveland-Elyria, OH",Cuyahoga County
77018,44118,OH,201601,844.87,-0.0137,,University Heights,"Cleveland-Elyria, OH",Cuyahoga County
77018,44118,OH,201602,840.4,-0.0053,,University Heights,"Cleveland-Elyria, OH",Cuyahoga County
77018,44118,OH,201603,849.2,0.0105,,University Heights,"Cleveland-Elyria, OH",Cuyahoga County
77018,44118,OH,201604,857.5,0.0098,,University Heights,"Cleveland-Elyria, OH",Cuyahoga County
77018,44118,OH,201605,870.36,0.015,,University Heights,"Cleveland-Elyria, OH",Cuyahoga County
77018,44118,OH,201606,860.18,-0.0117,,University Heights,"Cleveland-Elyria, OH",Cuyahoga County
77018,44118,OH,201607,860.49,0.0004,,University Heights,"Cleveland-Elyria, OH",Cuyahoga County
77018,44118,OH,201608,851.68,-0.0102,,University Heights,"Cleveland-Elyria, OH",Cuyahoga County
77018,44118,OH,201609,872.43,0.0244,-0.0073,University Heights,"Cleveland-Elyria, OH",Cuyahoga County
77018,44118,OH,201610,878.76,0.0073,-0.0048,University Heights,"Cleveland-Elyria, OH",Cuyahoga County
77018,44118,OH,201611,863.71,-0.0171,-0.0058,University Heights,"Cleveland-Elyria, OH",Cuyahoga County
77018,44118,OH,201612,854.21,-0.011,-0.0028,University Heights,"Cleveland-Elyria, OH",Cuyahoga County
77018,44118,OH,201701,850.88,-0.0039,0.0071,University Heights,"Cleveland-Elyria, OH",Cuyahoga County
77018,44118,OH,201702,877.24,0.031,0.0438,University Heights,"Cleveland-Elyria, OH",Cuyahoga County
77018,44118,OH,201703,894.64,0.0198,0.0535,University Heights,"Cleveland-Elyria, OH",Cuyahoga County
77018,44118,OH,201704,906.12,0.0128,0.0567,University Heights,"Cleveland-Elyria, OH",Cuyahoga County
77018,44118,OH,201705,914.86,0.0096,0.0511,University Heights,"Cleveland-Elyria, OH",Cuyahoga County
77018,44118,OH,201706,911.5,-0.0037,0.0597,University Heights,"Cleveland-Elyria, OH",Cuyahoga County
77018,44118,OH,201707,914.52,0.0033,0.0628,University Heights,"Cleveland-Elyria, OH",Cuyahoga County
77018,44118,OH,201708,910.7,-0.0042,0.0693,University Heights,"Cleveland-Elyria, OH",Cuyahoga County
77018,44118,OH,201709,909.64,-0.0012,0.0426,University Heights,"Cleveland-Elyria, OH",Cuyahoga County
77018,44118,OH,201710,896.01,-0.015,0.0196,University Heights,"Cleveland-Elyria, OH",Cuyahoga County
77018,44118,OH,201711,889.81,-0.0069,0.0302,University Heights,"Cleveland-Elyria, OH",Cuyahoga County
77018,44118,OH,201712,876.11,-0.0154,0.0256,University Heights,"Cleveland-Elyria, OH",Cuyahoga County
77018,44118,OH,201801,880.53,0.005,0.0348,University Heights,"Cleveland-Elyria, OH",Cuyahoga County
77018,44118,OH,201802,894.21,0.0155,0.0193,University Heights,"Cleveland-Elyria, OH",Cuyahoga County
77018,44118,OH,201803,914.93,0.0232,0.0227,University Heights,"Cleveland-Elyria, OH",Cuyahoga County
77018,44118,OH,201804,927.18,0.0134,0.0232,University Heights,"Cleveland-Elyria, OH",Cuyahoga County
77018,44118,OH,201805,931.88,0.0051,0.0186,University Heights,"Cleveland-Elyria, OH",Cuyahoga County
77018,44118,OH,201806,929.8,-0.0022,0.0201,University Heights,"Cleveland-Elyria, OH",Cuyahoga County
77018,44118,OH,201807,931.82,0.0022,0.0189,University Heights,"Cleveland-Elyria, OH",Cuyahoga County
77018,44118,OH,201808,923.59,-0.0088,0.0142,University Heights,"Cleveland-Elyria, OH",Cuyahoga County
77018,44118,OH,201809,923.54,-0.0001,0.0153,University Heights,"Cleveland-Elyria, OH",Cuyahoga County
77018,44118,OH,201810,925.05,0.0016,0.0324,University Heights,"Cleveland-Elyria, OH",Cuyahoga County
77018,44118,OH,201811,931.41,0.0069,0.0468,University Heights,"Cleveland-Elyria, OH",Cuyahoga County
77018,44118,OH,201812,939.0,0.0082,0.0718,University Heights,"Cleveland-Elyria, OH",Cuyahoga County
77018,44118,OH,201901,937.09,-0.002,0.0642,University Heights,"Cleveland-Elyria, OH",Cuyahoga County
77018,44118,OH,201902,952.49,0.0164,0.0652,University Heights,"Cleveland-Elyria, OH",Cuyahoga County
77018,44118,OH,201903,962.65,0.0107,0.0522,University Heights,"Cleveland-Elyria, OH",Cuyahoga County
77018,44118,OH,201904,970.57,0.0082,0.0468,University Heights,"Cleveland-Elyria, OH",Cuyahoga County
77018,44118,OH,201905,968.44,-0.0022,0.0392,University Heights,"Cleveland-Elyria, OH",Cuyahoga County
77018,44118,OH,201906,980.51,0.0125,0.0545,University Heights,"Cleveland-Elyria, OH",Cuyahoga County
77018,44118,OH,201907,986.48,0.0061,0.0587,University Heights,"Cleveland-Elyria, OH",Cuyahoga County
77018,44118,OH,201908,988.61,0.0022,0.0704,University Heights,"Cleveland-Elyria, OH",Cuyahoga County
77018,44118,OH,201909,967.02,-0.0218,0.0471,University Heights,"Cleveland-Elyria, OH",Cuyahoga County
77018,44118,OH,201910,959.88,-0.0074,0.0377,University Heights,"Cleveland-Elyria, OH",Cuyahoga County
77018,44118,OH,201911,937.27,-0.0236,0.0063,University Heights,"Cleveland-Elyria, OH",Cuyahoga County
77018,44118,OH,201912,945.2,0.0085,0.0066,University Heights,"Cleveland-Elyria, OH",Cuyahoga County
77018,44118,OH,202001,940.57,-0.0049,0.0037,University Heights,"Cleveland-Elyria, OH",Cuyahoga County
77018,44118,OH,202002,962.25,0.0231,0.0102,University Heights,"Cleveland-Elyria, OH",Cuyahoga County
77018,44118,OH,202003,971.81,0.0099,0.0095,University Heights,"Cleveland-Elyria, OH",Cuyahoga County
77018,44118,OH,202004,993.25,0.0221,0.0234,University Heights,"Cleveland-Elyria, OH",Cuyahoga County
77018,44118,OH,202005,1001.77,0.0086,0.0344,University Heights,"Cleveland-Elyria, OH",Cuyahoga County
77018,44118,OH,202006,1012.46,0.0107,0.0326,University Heights,"Cleveland-Elyria, OH",Cuyahoga County
77018,44118,OH,202007,1024.04,0.0114,0.0381,University Heights,"Cleveland-Elyria, OH",Cuyahoga County
77018,44118,OH,202008,1030.26,0.0061,0.0421,University Heights,"Cleveland-Elyria, OH",Cuyahoga County
77018,44118,OH,202009,1035.3,0.0049,0.0706,University Heights,"Cleveland-Elyria, OH",Cuyahoga County
77018,44118,OH,202010,1037.4,0.002,0.0808,University Heights,"Cleveland-Elyria, OH",Cuyahoga County
77018,44118,OH,202011,1024.73,-0.0122,0.0933,University Heights,"Cleveland-Elyria, OH",Cuyahoga County
77018,44118,OH,202012,1017.9,-0.0067,0.0769,University Heights,"Cleveland-Elyria, OH",Cuyahoga County
77018,44118,OH,202101,1022.78,0.0048,0.0874,University Heights,"Cleveland-Elyria, OH",Cuyahoga County
77018,44118,OH,202102,1048.08,0.0247,0.0892,University Heights,"Cleveland-Elyria, OH",Cuyahoga County
77018,44118,OH,202103,1077.28,0.0279,0.1085,University Heights,"Cleveland-Elyria, OH",Cuyahoga County
77018,44118,OH,202104,1088.56,0.0105,0.096,University Heights,"Cleveland-Elyria, OH",Cuyahoga County
77018,44118,OH,202105,1096.84,0.0076,0.0949,University Heights,"Cleveland-Elyria, OH",Cuyahoga County
77018,44118,OH,202106,1095.03,-0.0017,0.0815,University Heights,"Cleveland-Elyria, OH",Cuyahoga County
77018,44118,OH,202107,1119.32,0.0222,0.093,University Heights,"Cleveland-Elyria, OH",Cuyahoga County
77018,44118,OH,202108,1133.92,0.013,0.1006,University Heights,"Cleveland-Elyria, OH",Cuyahoga County
77018,44118,OH,202109,1148.03,0.0125,0.1089,University Heights,"Cleveland-Elyria, OH",Cuyahoga County
77018,44118,OH,202110,1142.52,-0.0048,0.1013,University Heights,"Cleveland-Elyria, OH",Cuyahoga County
77018,44118,OH,202111,1139.14,-0.003,0.1116,University Heights,"Cleveland-Elyria, OH",Cuyahoga County
77018,44118,OH,202112,1129.9,-0.0081,0.11,University Heights,"Cleveland-Elyria, OH",Cuyahoga County
77018,44118,OH,202201,1130.24,0.0003,0.1051,University Heights,"Cleveland-Elyria, OH",Cuyahoga County
77018,44118,OH,202202,1132.9,0.0024,0.0809,University Heights,"Cleveland-Elyria, OH",Cuyahoga County
77018,44118,OH,202203,1161.94,0.0256,0.0786,University Heights,"Cleveland-Elyria, OH",Cuyahoga County
77018,44118,OH,202204,1186.76,0.0214,0.0902,University Heights,"Cleveland-Elyria, OH",Cuyahoga County
77018,44118,OH,202205,1215.86,0.0245,0.1085,University Heights,"Cleveland-Elyria, OH",Cuyahoga County
77018,44118,OH,202206,1222.44,0.0054,0.1164,University Heights,"Cleveland-Elyria, OH",Cuyahoga County
77018,44118,OH,202207,1225.36,0.0024,0.0947,University Heights,"Cleveland-Elyria, OH",Cuyahoga County
77018,44118,OH,202208,1246.87,0.0176,0.0996,University Heights,"Cleveland-Elyria, OH",Cuyahoga County
77018,44118,OH,202209,1260.89,0.0112,0.0983,University Heights,"Cleveland-Elyria, OH",Cuyahoga County
77018,44118,OH,202210,1263.95,0.0024,0.1063,University Heights,"Cleveland-Elyria, OH",Cuyahoga County
77018,44118,OH,202211,1263.22,-0.0006,0.1089,University Heights,"Cleveland-Elyria, OH",Cuyahoga County
77018,44118,OH,202212,1253.82,-0.0074,0.1097,University Heights,"Cleveland-Elyria, OH",Cuyahoga County
77018,44118,OH,202301,1258.76,0.0039,0.1137,University Heights,"Cleveland-Elyria, OH",Cuyahoga County
77018,44118,OH,202302,1261.49,0.0022,0.1135,University Heights,"Cleveland-Elyria, OH",Cuyahoga County
77018,44118,OH,202303,1278.9,0.0138,0.1007,University Heights,"Cleveland-Elyria, OH",Cuyahoga County
77018,44118,OH,202304,1289.27,0.0081,0.0864,University Heights,"Cleveland-Elyria, OH",Cuyahoga County
77018,44118,OH,202305,1292.16,0.0022,0.0628,University Heights,"Cleveland-Elyria, OH",Cuyahoga County
77018,44118,OH,202306,1280.76,-0.0088,0.0477,University Heights,"Cleveland-Elyria, OH",Cuyahoga County
77018,44118,OH,202307,1265.27,-0.0121,0.0326,University Heights,"Cleveland-Elyria, OH",Cuyahoga County
77018,44118,OH,202308,1276.02,0.0085,0.0234,University Heights,"Cleveland-Elyria, OH",Cuyahoga County
77018,44118,OH,202309,1286.92,0.0085,0.0206,University Heights,"Cleveland-Elyria, OH",Cuyahoga County
77018,44118,OH,202310,1296.09,0.0071,0.0254,University Heights,"Cleveland-Elyria, OH",Cuyahoga County
77018,44118,OH,202311,1298.52,0.0019,0.0279,University Heights,"Cleveland-Elyria, OH",Cuyahoga County
77018,44118,OH,202312,1317.69,0.0148,0.0509,University Heights,"Cleveland-Elyria, OH",Cuyahoga County
77018,44118,OH,202401,1338.13,0.0155,0.0631,University Heights,"Cleveland-Elyria, OH",Cuyahoga County
77018,44118,OH,202402,1334.23,-0.0029,0.0577,University Heights,"Cleveland-Elyria, OH",Cuyahoga County
77018,44118,OH,202403,1339.9,0.0043,0.0477,University Heights,"Cleveland-Elyria, OH",Cuyahoga County
77018,44118,OH,202404,1344.75,0.0036,0.043,University Heights,"Cleveland-Elyria, OH",Cuyahoga County
77018,44118,OH,202405,1365.16,0.0152,0.0565,University Heights,"Cleveland-Elyria, OH",Cuyahoga County
77018,44118,OH,202406,1377.57,0.0091,0.0756,University Heights,"Cleveland-Elyria, OH",Cuyahoga County
77018,44118,OH,202407,1381.32,0.0027,0.0917,University Heights,"Cleveland-Elyria, OH",Cuyahoga County
77018,44118,OH,202408,1377.82,-0.0025,0.0798,University Heights,"Cleveland-Elyria, OH",Cuyahoga County
77018,44118,OH,202409,1366.78,-0.008,0.0621,University Heights,"Cleveland-Elyria, OH",Cuyahoga County
77018,44118,OH,202410,1372.19,0.004,0.0587,University Heights,"Cleveland-Elyria, OH",Cuyahoga County
77018,44118,OH,202411,1388.62,0.012,0.0694,University Heights,"Cleveland-Elyria, OH",Cuyahoga County
77018,44118,OH,202412,1384.56,-0.0029,0.0507,University Heights,"Cleveland-Elyria, OH",Cuyahoga County
77018,44118,OH,202501,1405.27,0.015,0.0502,University Heights,"Cleveland-Elyria, OH",Cuyahoga County
77018,44118,OH,202502,1402.04,-0.0023,0.0508,University Heights,"Cleveland-Elyria, OH",Cuyahoga County
77018,44118,OH,202503,1434.53,0.0232,0.0706,University Heights,"Cleveland-Elyria, OH",Cuyahoga County
77018,44118,OH,202504,1430.21,-0.003,0.0635,University Heights,"Cleveland-Elyria, OH",Cuyahoga County
77018,44118,OH,202505,1432.6,0.0017,0.0494,University Heights,"Cleveland-Elyria, OH",Cuyahoga County
77018,44118,OH,202506,1431.09,-0.0011,0.0388,University Heights,"Cleveland-Elyria, OH",Cuyahoga County
77018,44118,OH,202507,1430.09,-0.0007,0.0353,University Heights,"Cleveland-Elyria, OH",Cuyahoga County
77018,44118,OH,202508,1435.91,0.0041,0.0422,University Heights,"Cleveland-Elyria, OH",Cuyahoga County
77018,44118,OH,202509,1456.69,0.0145,0.0658,University Heights,"Cleveland-Elyria, OH",Cuyahoga County
77018,44118,OH,202510,1466.67,0.0069,0.0689,University Heights,"Cleveland-Elyria, OH",Cuyahoga County
77018,44118,OH,202511,1456.28,-0.0071,0.0487,University Heights,"Cleveland-Elyria, OH",Cuyahoga County
77018,44118,OH,202512,1450.4,-0.004,0.0476,University Heights,"Cleveland-Elyria, OH",Cuyahoga County
77018,44118,OH,202601,1470.7,0.014,0.0466,University Heights,"Cleveland-Elyria, OH",Cuyahoga County
77018,44118,OH,202602,1507.93,0.0253,0.0755,University Heights,"Cleveland-Elyria, OH",Cuyahoga County
77018,44118,OH,202603,1510.18,0.0015,0.0527,University Heights,"Cleveland-Elyria, OH",Cuyahoga County
77018,44118,OH,202604,1493.45,-0.0111,0.0442,University Heights,"Cleveland-Elyria, OH",Cuyahoga County
77018,44118,OH,202605,1499.95,0.0044,0.047,University Heights,"Cleveland-Elyria, OH",Cuyahoga County
77018,44118,OH,202606,1504.32,0.0029,0.0512,University Heights,"Cleveland-Elyria, OH",Cuyahoga County
77018,44118,OH,202607,1544.52,0.0267,0.08,University Heights,"Cleveland-Elyria, OH",Cuyahoga County
77018,44118,OH,202608,1558.08,0.0088,0.0851,University Heights,"Cleveland-Elyria, OH",Cuyahoga County
77019,44119,OH,202503,967.54,,,Cleveland,"Cleveland-Elyria, OH",Cuyahoga County
77019,44119,OH,202504,983.14,0.0161,,Cleveland,"Cleveland-Elyria, OH",Cuyahoga County
77019,44119,OH,202505,1036.08,0.0538,,Cleveland,"Cleveland-Elyria, OH",Cuyahoga County
77019,44119,OH,202506,1063.24,0.0262,,Cleveland,"Cleveland-Elyria, OH",Cuyahoga County
77019,44119,OH,202507,1059.44,-0.0036,,Cleveland,"Cleveland-Elyria, OH",Cuyahoga County
77019,44119,OH,202508,1054.24,-0.0049,,Cleveland,"Cleveland-Elyria, OH",Cuyahoga County
77019,44119,OH,202509,1057.59,0.0032,,Cleveland,"Cleveland-Elyria, OH",Cuyahoga County
77019,44119,OH,202510,1077.07,0.0184,,Cleveland,"Cleveland-Elyria, OH",Cuyahoga County
77019,44119,OH,202511,1094.42,0.0161,,Cleveland,"Cleveland-Elyria, OH",Cuyahoga County
77019,44119,OH,202512,1124.78,0.0277,,Cleveland,"Cleveland-Elyria, OH",Cuyahoga County
77019,44119,OH,202601,1137.27,0.0111,,Cleveland,"Cleveland-Elyria, OH",Cuyahoga County
77019,44119,OH,202602,1153.83,0.0146,,Cleveland,"Cleveland-Elyria, OH",Cuyahoga County
77019,44119,OH,202603,1116.23,-0.0326,0.1537,Cleveland,"Cleveland-Elyria, OH",Cuyahoga County
77019,44119,OH,202604,1095.46,-0.0186,0.1142,Cleveland,"Cleveland-Elyria, OH",Cuyahoga County
77019,44119,OH,202605,1042.12,-0.0487,0.0058,Cleveland,"Cleveland-Elyria, OH",Cuyahoga County
77019,44119,OH,202606,1049.86,0.0074,-0.0126,Cleveland,"Cleveland-Elyria, OH",Cuyahoga County
77019,44119,OH,202607,1071.59,0.0207,0.0115,Cleveland,"Cleveland-Elyria, OH",Cuyahoga County
77019,44119,OH,202608,1128.61,0.0532,0.0705,Cleveland,"Cleveland-Elyria, OH",Cuyahoga County
77020,44120,OH,201901,585.62,,,Shaker Heights,"Cleveland-Elyria, OH",Cuyahoga County
77020,44120,OH,201902,585.92,0.0005,,Shaker Heights,"Cleveland-Elyria, OH",Cuyahoga County
77020,44120,OH,201903,592.24,0.0108,,Shaker Heights,"Cleveland-Elyria, OH",Cuyahoga County
77020,44120,OH,201904,610.08,0.0301,,Shaker Heights,"Cleveland-Elyria, OH",Cuyahoga County
77020,44120,OH,201905,613.75,0.006,,Shaker Heights,"Cleveland-Elyria, OH",Cuyahoga County
77020,44120,OH,201906,625.18,0.0186,,Shaker Heights,"Cleveland-Elyria, OH",Cuyahoga County
77020,44120,OH,201907,614.8,-0.0166,,Shaker Heights,"Cleveland-Elyria, OH",Cuyahoga County
77020,44120,OH,201908,637.71,0.0373,,Shaker Heights,"Cleveland-Elyria, OH",Cuyahoga County
77020,44120,OH,201909,635.35,-0.0037,,Shaker Heights,"Cleveland-Elyria, OH",Cuyahoga County
77020,44120,OH,201910,636.3,0.0015,,Shaker Heights,"Cleveland-Elyria, OH",Cuyahoga County
77020,44120,OH,201911,629.56,-0.0106,,Shaker Heights,"Cleveland-Elyria, OH",Cuyahoga County
77020,44120,OH,201912,632.73,0.005,,Shaker Heights,"Cleveland-Elyria, OH",Cuyahoga County
77020,44120,OH,202001,641.24,0.0134,0.095,Shaker Heights,"Cleveland-Elyria, OH",Cuyahoga County
77020,44120,OH,202002,640.14,-0.0017,0.0925,Shaker Heights,"Cleveland-Elyria, OH",Cuyahoga County
77020,44120,OH,202003,642.67,0.004,0.0852,Shaker Heights,"Cleveland-Elyria, OH",Cuyahoga County
77020,44120,OH,202004,655.08,0.0193,0.0738,Shaker Heights,"Cleveland-Elyria, OH",Cuyahoga County
77020,44120,OH,202005,664.92,0.015,0.0834,Shaker Heights,"Cleveland-Elyria, OH",Cuyahoga County
77020,44120,OH,202007,663.98,-0.0014,0.0621,Shaker Heights,"Cleveland-Elyria, OH",Cuyahoga County
77020,44120,OH,202008,680.03,0.0242,0.1061,Shaker Heights,"Cleveland-Elyria, OH",Cuyahoga County
77020,44120,OH,202009,690.78,0.0158,0.0832,Shaker Heights,"Cleveland-Elyria, OH",Cuyahoga County
77020,44120,OH,202010,693.13,0.0034,0.0909,Shaker Heights,"Cleveland-Elyria, OH",Cuyahoga County
77020,44120,OH,202011,687.89,-0.0076,0.0811,Shaker Heights,"Cleveland-Elyria, OH",Cuyahoga County
77020,44120,OH,202012,696.36,0.0123,0.1061,Shaker Heights,"Cleveland-Elyria, OH",Cuyahoga County
77020,44120,OH,202101,696.98,0.0009,0.1015,Shaker Heights,"Cleveland-Elyria, OH",Cuyahoga County
77020,44120,OH,202102,703.65,0.0096,0.0973,Shaker Heights,"Cleveland-Elyria, OH",Cuyahoga County
77020,44120,OH,202103,716.04,0.0176,0.1186,Shaker Heights,"Cleveland-Elyria, OH",Cuyahoga County
77020,44120,OH,202104,731.36,0.0214,0.138,Shaker Heights,"Cleveland-Elyria, OH",Cuyahoga County
77020,44120,OH,202105,747.35,0.0219,0.1409,Shaker Heights,"Cleveland-Elyria, OH",Cuyahoga County
77020,44120,OH,202106,751.75,0.0059,0.1306,Shaker Heights,"Cleveland-Elyria, OH",Cuyahoga County
77020,44120,OH,202107,759.78,0.0107,0.1443,Shaker Heights,"Cleveland-Elyria, OH",Cuyahoga County
77020,44120,OH,202108,765.51,0.0075,0.1257,Shaker Heights,"Cleveland-Elyria, OH",Cuyahoga County
77020,44120,OH,202109,758.74,-0.0088,0.0984,Shaker Heights,"Cleveland-Elyria, OH",Cuyahoga County
77020,44120,OH,202110,782.07,0.0308,0.1283,Shaker Heights,"Cleveland-Elyria, OH",Cuyahoga County
77020,44120,OH,202111,770.02,-0.0154,0.1194,Shaker Heights,"Cleveland-Elyria, OH",Cuyahoga County
77020,44120,OH,202112,762.99,-0.0091,0.0957,Shaker Heights,"Cleveland-Elyria, OH",Cuyahoga County
77020,44120,OH,202201,753.3,-0.0127,0.0808,Shaker Heights,"Cleveland-Elyria, OH",Cuyahoga County
77020,44120,OH,202202,777.24,0.0318,0.1046,Shaker Heights,"Cleveland-Elyria, OH",Cuyahoga County
77020,44120,OH,202203,826.81,0.0638,0.1547,Shaker Heights,"Cleveland-Elyria, OH",Cuyahoga County
77020,44120,OH,202204,825.95,-0.001,0.1293,Shaker Heights,"Cleveland-Elyria, OH",Cuyahoga County
77020,44120,OH,202205,832.5,0.0079,0.1139,Shaker Heights,"Cleveland-Elyria, OH",Cuyahoga County
77020,44120,OH,202206,832.67,0.0002,0.1076,Shaker Heights,"Cleveland-Elyria, OH",Cuyahoga County
77020,44120,OH,202207,865.95,0.04,0.1397,Shaker Heights,"Cleveland-Elyria, OH",Cuyahoga County
77020,44120,OH,202208,853.84,-0.014,0.1154,Shaker Heights,"Cleveland-Elyria, OH",Cuyahoga County
77020,44120,OH,202209,845.05,-0.0103,0.1137,Shaker Heights,"Cleveland-Elyria, OH",Cuyahoga County
77020,44120,OH,202210,858.81,0.0163,0.0981,Shaker Heights,"Cleveland-Elyria, OH",Cuyahoga County
77020,44120,OH,202211,855.98,-0.0033,0.1116,Shaker Heights,"Cleveland-Elyria, OH",Cuyahoga County
77020,44120,OH,202212,874.86,0.0221,0.1466,Shaker Heights,"Cleveland-Elyria, OH",Cuyahoga County
77020,44120,OH,202301,850.55,-0.0278,0.1291,Shaker Heights,"Cleveland-Elyria, OH",Cuyahoga County
77020,44120,OH,202302,887.28,0.0432,0.1416,Shaker Heights,"Cleveland-Elyria, OH",Cuyahoga County
77020,44120,OH,202303,899.65,0.0139,0.0881,Shaker Heights,"Cleveland-Elyria, OH",Cuyahoga County
77020,44120,OH,202304,914.51,0.0165,0.1072,Shaker Heights,"Cleveland-Elyria, OH",Cuyahoga County
77020,44120,OH,202305,923.08,0.0094,0.1088,Shaker Heights,"Cleveland-Elyria, OH",Cuyahoga County
77020,44120,OH,202306,929.9,0.0074,0.1168,Shaker Heights,"Cleveland-Elyria, OH",Cuyahoga County
77020,44120,OH,202307,949.24,0.0208,0.0962,Shaker Heights,"Cleveland-Elyria, OH",Cuyahoga County
77020,44120,OH,202308,953.48,0.0045,0.1167,Shaker Heights,"Cleveland-Elyria, OH",Cuyahoga County
77020,44120,OH,202309,971.45,0.0188,0.1496,Shaker Heights,"Cleveland-Elyria, OH",Cuyahoga County
77020,44120,OH,202310,977.28,0.006,0.1379,Shaker Heights,"Cleveland-Elyria, OH",Cuyahoga County
77020,44120,OH,202311,1029.29,0.0532,0.2025,Shaker Heights,"Cleveland-Elyria, OH",Cuyahoga County
77020,44120,OH,202312,1036.3,0.0068,0.1845,Shaker Heights,"Cleveland-Elyria, OH",Cuyahoga County
77020,44120,OH,202401,1035.65,-0.0006,0.2176,Shaker Heights,"Cleveland-Elyria, OH",Cuyahoga County
77020,44120,OH,202402,1001.52,-0.033,0.1288,Shaker Heights,"Cleveland-Elyria, OH",Cuyahoga County
77020,44120,OH,202403,1017.78,0.0162,0.1313,Shaker Heights,"Cleveland-Elyria, OH",Cuyahoga County
77020,44120,OH,202404,1040.46,0.0223,0.1377,Shaker Heights,"Cleveland-Elyria, OH",Cuyahoga County
77020,44120,OH,202405,1047.47,0.0067,0.1348,Shaker Heights,"Cleveland-Elyria, OH",Cuyahoga County
77020,44120,OH,202406,1041.0,-0.0062,0.1195,Shaker Heights,"Cleveland-Elyria, OH",Cuyahoga County
77020,44120,OH,202407,1052.02,0.0106,0.1083,Shaker Heights,"Cleveland-Elyria, OH",Cuyahoga County
77020,44120,OH,202408,1052.66,0.0006,0.104,Shaker Heights,"Cleveland-Elyria, OH",Cuyahoga County
77020,44120,OH,202409,1056.75,0.0039,0.0878,Shaker Heights,"Cleveland-Elyria, OH",Cuyahoga County
77020,44120,OH,202410,1066.12,0.0089,0.0909,Shaker Heights,"Cleveland-Elyria, OH",Cuyahoga County
77020,44120,OH,202411,1109.9,0.0411,0.0783,Shaker Heights,"Cleveland-Elyria, OH",Cuyahoga County
77020,44120,OH,202412,1130.68,0.0187,0.0911,Shaker Heights,"Cleveland-Elyria, OH",Cuyahoga County
77020,44120,OH,202501,1141.79,0.0098,0.1025,Shaker Heights,"Cleveland-Elyria, OH",Cuyahoga County
77020,44120,OH,202502,1118.63,-0.0203,0.1169,Shaker Heights,"Cleveland-Elyria, OH",Cuyahoga County
77020,44120,OH,202503,1108.96,-0.0086,0.0896,Shaker Heights,"Cleveland-Elyria, OH",Cuyahoga County
77020,44120,OH,202504,1107.02,-0.0017,0.064,Shaker Heights,"Cleveland-Elyria, OH",Cuyahoga County
77020,44120,OH,202505,1111.12,0.0037,0.0608,Shaker Heights,"Cleveland-Elyria, OH",Cuyahoga County
77020,44120,OH,202506,1117.2,0.0055,0.0732,Shaker Heights,"Cleveland-Elyria, OH",Cuyahoga County
77020,44120,OH,202507,1112.41,-0.0043,0.0574,Shaker Heights,"Cleveland-Elyria, OH",Cuyahoga County
77020,44120,OH,202508,1102.04,-0.0093,0.0469,Shaker Heights,"Cleveland-Elyria, OH",Cuyahoga County
77020,44120,OH,202509,1118.42,0.0149,0.0584,Shaker Heights,"Cleveland-Elyria, OH",Cuyahoga County
77020,44120,OH,202510,1128.08,0.0086,0.0581,Shaker Heights,"Cleveland-Elyria, OH",Cuyahoga County
77020,44120,OH,202511,1148.5,0.0181,0.0348,Shaker Heights,"Cleveland-Elyria, OH",Cuyahoga County
77020,44120,OH,202512,1159.5,0.0096,0.0255,Shaker Heights,"Cleveland-Elyria, OH",Cuyahoga County
77020,44120,OH,202601,1171.16,0.0101,0.0257,Shaker Heights,"Cleveland-Elyria, OH",Cuyahoga County
77020,44120,OH,202602,1170.59,-0.0005,0.0465,Shaker Heights,"Cleveland-Elyria, OH",Cuyahoga County
77020,44120,OH,202603,1156.05,-0.0124,0.0425,Shaker Heights,"Cleveland-Elyria, OH",Cuyahoga County
77020,44120,OH,202604,1150.96,-0.0044,0.0397,Shaker Heights,"Cleveland-Elyria, OH",Cuyahoga County
77020,44120,OH,202605,1165.49,0.0126,0.0489,Shaker Heights,"Cleveland-Elyria, OH",Cuyahoga County
77020,44120,OH,202606,1157.26,-0.0071,0.0359,Shaker Heights,"Cleveland-Elyria, OH",Cuyahoga County
77020,44120,OH,202607,1152.74,-0.0039,0.0363,Shaker Heights,"Cleveland-Elyria, OH",Cuyahoga County
77020,44120,OH,202608,1148.8,-0.0034,0.0424,Shaker Heights,"Cleveland-Elyria, OH",Cuyahoga County
77021,44121,OH,202201,1267.77,,,Cleveland Heights,"Cleveland-Elyria, OH",Cuyahoga County
77021,44121,OH,202202,1304.92,0.0293,,Cleveland Heights,"Cleveland-Elyria, OH",Cuyahoga County
77021,44121,OH,202203,1351.46,0.0357,,Cleveland Heights,"Cleveland-Elyria, OH",Cuyahoga County
77021,44121,OH,202204,1352.28,0.0006,,Cleveland Heights,"Cleveland-Elyria, OH",Cuyahoga County
77021,44121,OH,202205,1357.73,0.004,,Cleveland Heights,"Cleveland-Elyria, OH",Cuyahoga County
77021,44121,OH,202206,1317.74,-0.0295,,Cleveland Heights,"Cleveland-Elyria, OH",Cuyahoga County
77021,44121,OH,202207,1331.45,0.0104,,Cleveland Heights,"Cleveland-Elyria, OH",Cuyahoga County
77021,44121,OH,202208,1349.4,0.0135,,Cleveland Heights,"Cleveland-Elyria, OH",Cuyahoga County
77021,44121,OH,202209,1370.55,0.0157,,Cleveland Heights,"Cleveland-Elyria, OH",Cuyahoga County
77021,44121,OH,202210,1367.12,-0.0025,,Cleveland Heights,"Cleveland-Elyria, OH",Cuyahoga County
77021,44121,OH,202211,1348.99,-0.0133,,Cleveland Heights,"Cleveland-Elyria, OH",Cuyahoga County
77021,44121,OH,202212,1339.49,-0.007,,Cleveland Heights,"Cleveland-Elyria, OH",Cuyahoga County
77021,44121,OH,202301,1358.12,0.0139,0.0713,Cleveland Heights,"Cleveland-Elyria, OH",Cuyahoga County
77021,44121,OH,202302,1357.35,-0.0006,0.0402,Cleveland Heights,"Cleveland-Elyria, OH",Cuyahoga County
77021,44121,OH,202303,1362.43,0.0037,0.0081,Cleveland Heights,"Cleveland-Elyria, OH",Cuyahoga County
77021,44121,OH,202304,1355.7,-0.0049,0.0025,Cleveland Heights,"Cleveland-Elyria, OH",Cuyahoga County
77021,44121,OH,202305,1373.29,0.013,0.0115,Cleveland Heights,"Cleveland-Elyria, OH",Cuyahoga County
77021,44121,OH,202306,1365.22,-0.0059,0.036,Cleveland Heights,"Cleveland-Elyria, OH",Cuyahoga County
77021,44121,OH,202307,1369.32,0.003,0.0284,Cleveland Heights,"Cleveland-Elyria, OH",Cuyahoga County
77021,44121,OH,202308,1387.86,0.0135,0.0285,Cleveland Heights,"Cleveland-Elyria, OH",Cuyahoga County
77021,44121,OH,202309,1424.86,0.0267,0.0396,Cleveland Heights,"Cleveland-Elyria, OH",Cuyahoga County
77021,44121,OH,202310,1443.63,0.0132,0.056,Cleveland Heights,"Cleveland-Elyria, OH",Cuyahoga County
77021,44121,OH,202311,1413.26,-0.021,0.0476,Cleveland Heights,"Cleveland-Elyria, OH",Cuyahoga County
77021,44121,OH,202312,1399.25,-0.0099,0.0446,Cleveland Heights,"Cleveland-Elyria, OH",Cuyahoga County
77021,44121,OH,202401,1397.62,-0.0012,0.0291,Cleveland Heights,"Cleveland-Elyria, OH",Cuyahoga County
77021,44121,OH,202402,1424.02,0.0189,0.0491,Cleveland Heights,"Cleveland-Elyria, OH",Cuyahoga County
77021,44121,OH,202403,1469.96,0.0323,0.0789,Cleveland Heights,"Cleveland-Elyria, OH",Cuyahoga County
77021,44121,OH,202404,1503.49,0.0228,0.109,Cleveland Heights,"Cleveland-Elyria, OH",Cuyahoga County
77021,44121,OH,202405,1520.29,0.0112,0.107,Cleveland Heights,"Cleveland-Elyria, OH",Cuyahoga County
77021,44121,OH,202406,1518.59,-0.0011,0.1123,Cleveland Heights,"Cleveland-Elyria, OH",Cuyahoga County
77021,44121,OH,202407,1518.15,-0.0003,0.1087,Cleveland Heights,"Cleveland-Elyria, OH",Cuyahoga County
77021,44121,OH,202408,1539.39,0.014,0.1092,Cleveland Heights,"Cleveland-Elyria, OH",Cuyahoga County
77021,44121,OH,202409,1543.91,0.0029,0.0835,Cleveland Heights,"Cleveland-Elyria, OH",Cuyahoga County
77021,44121,OH,202410,1540.24,-0.0024,0.0669,Cleveland Heights,"Cleveland-Elyria, OH",Cuyahoga County
77021,44121,OH,202411,1540.18,-0.0,0.0898,Cleveland Heights,"Cleveland-Elyria, OH",Cuyahoga County
77021,44121,OH,202412,1554.61,0.0094,0.111,Cleveland Heights,"Cleveland-Elyria, OH",Cuyahoga County
77021,44121,OH,202501,1564.78,0.0065,0.1196,Cleveland Heights,"Cleveland-Elyria, OH",Cuyahoga County
77021,44121,OH,202502,1570.19,0.0035,0.1026,Cleveland Heights,"Cleveland-Elyria, OH",Cuyahoga County
77021,44121,OH,202503,1574.2,0.0026,0.0709,Cleveland Heights,"Cleveland-Elyria, OH",Cuyahoga County
77021,44121,OH,202504,1610.44,0.023,0.0711,Cleveland Heights,"Cleveland-Elyria, OH",Cuyahoga County
77021,44121,OH,202505,1616.8,0.004,0.0635,Cleveland Heights,"Cleveland-Elyria, OH",Cuyahoga County
77021,44121,OH,202506,1630.77,0.0086,0.0739,Cleveland Heights,"Cleveland-Elyria, OH",Cuyahoga County
77021,44121,OH,202507,1598.66,-0.0197,0.053,Cleveland Heights,"Cleveland-Elyria, OH",Cuyahoga County
77021,44121,OH,202508,1599.74,0.0007,0.0392,Cleveland Heights,"Cleveland-Elyria, OH",Cuyahoga County
77021,44121,OH,202509,1588.59,-0.007,0.0289,Cleveland Heights,"Cleveland-Elyria, OH",Cuyahoga County
77021,44121,OH,202510,1635.58,0.0296,0.0619,Cleveland Heights,"Cleveland-Elyria, OH",Cuyahoga County
77021,44121,OH,202511,1674.03,0.0235,0.0869,Cleveland Heights,"Cleveland-Elyria, OH",Cuyahoga County
77021,44121,OH,202512,1672.25,-0.0011,0.0757,Cleveland Heights,"Cleveland-Elyria, OH",Cuyahoga County
77021,44121,OH,202601,1663.12,-0.0055,0.0628,Cleveland Heights,"Cleveland-Elyria, OH",Cuyahoga County
77021,44121,OH,202602,1641.45,-0.013,0.0454,Cleveland Heights,"Cleveland-Elyria, OH",Cuyahoga County
77021,44121,OH,202603,1678.39,0.0225,0.0662,Cleveland Heights,"Cleveland-Elyria, OH",Cuyahoga County
77021,44121,OH,202604,1663.74,-0.0087,0.0331,Cleveland Heights,"Cleveland-Elyria, OH",Cuyahoga County
77021,44121,OH,202605,1686.65,0.0138,0.0432,Cleveland Heights,"Cleveland-Elyria, OH",Cuyahoga County
77021,44121,OH,202606,1657.76,-0.0171,0.0166,Cleveland Heights,"Cleveland-Elyria, OH",Cuyahoga County
77021,44121,OH,202607,1675.48,0.0107,0.0481,Cleveland Heights,"Cleveland-Elyria, OH",Cuyahoga County
77021,44121,OH,202608,1659.64,-0.0095,0.0374,Cleveland Heights,"Cleveland-Elyria, OH",Cuyahoga County
77022,44122,OH,201909,1470.18,,,Shaker Heights,"Cleveland-Elyria, OH",Cuyahoga County
77022,44122,OH,201910,1459.75,-0.0071,,Shaker Heights,"Cleveland-Elyria, OH",Cuyahoga County
77022,44122,OH,201911,1448.2,-0.0079,,Shaker Heights,"Cleveland-Elyria, OH",Cuyahoga County
77022,44122,OH,201912,1459.11,0.0075,,Shaker Heights,"Cleveland-Elyria, OH",Cuyahoga County
77022,44122,OH,202001,1450.37,-0.006,,Shaker Heights,"Cleveland-Elyria, OH",Cuyahoga County
77022,44122,OH,202002,1487.66,0.0257,,Shaker Heights,"Cleveland-Elyria, OH",Cuyahoga County
77022,44122,OH,202003,1495.08,0.005,,Shaker Heights,"Cleveland-Elyria, OH",Cuyahoga County
77022,44122,OH,202004,1527.27,0.0215,,Shaker Heights,"Cleveland-Elyria, OH",Cuyahoga County
77022,44122,OH,202005,1505.58,-0.0142,,Shaker Heights,"Cleveland-Elyria, OH",Cuyahoga County
77022,44122,OH,202006,1499.21,-0.0042,,Shaker Heights,"Cleveland-Elyria, OH",Cuyahoga County
77022,44122,OH,202007,1494.43,-0.0032,,Shaker Heights,"Cleveland-Elyria, OH",Cuyahoga County
77022,44122,OH,202008,1517.01,0.0151,,Shaker Heights,"Cleveland-Elyria, OH",Cuyahoga County
77022,44122,OH,202009,1502.63,-0.0095,0.0221,Shaker Heights,"Cleveland-Elyria, OH",Cuyahoga County
77022,44122,OH,202010,1491.37,-0.0075,0.0217,Shaker Heights,"Cleveland-Elyria, OH",Cuyahoga County
77022,44122,OH,202011,1500.52,0.0061,0.0361,Shaker Heights,"Cleveland-Elyria, OH",Cuyahoga County
77022,44122,OH,202012,1505.48,0.0033,0.0318,Shaker Heights,"Cleveland-Elyria, OH",Cuyahoga County
77022,44122,OH,202101,1552.77,0.0314,0.0706,Shaker Heights,"Cleveland-Elyria, OH",Cuyahoga County
77022,44122,OH,202102,1548.83,-0.0025,0.0411,Shaker Heights,"Cleveland-Elyria, OH",Cuyahoga County
77022,44122,OH,202103,1586.45,0.0243,0.0611,Shaker Heights,"Cleveland-Elyria, OH",Cuyahoga County
77022,44122,OH,202104,1580.87,-0.0035,0.0351,Shaker Heights,"Cleveland-Elyria, OH",Cuyahoga County
77022,44122,OH,202105,1611.67,0.0195,0.0705,Shaker Heights,"Cleveland-Elyria, OH",Cuyahoga County
77022,44122,OH,202106,1615.21,0.0022,0.0774,Shaker Heights,"Cleveland-Elyria, OH",Cuyahoga County
77022,44122,OH,202107,1630.07,0.0092,0.0908,Shaker Heights,"Cleveland-Elyria, OH",Cuyahoga County
77022,44122,OH,202108,1648.43,0.0113,0.0866,Shaker Heights,"Cleveland-Elyria, OH",Cuyahoga County
77022,44122,OH,202109,1674.04,0.0155,0.1141,Shaker Heights,"Cleveland-Elyria, OH",Cuyahoga County
77022,44122,OH,202110,1676.11,0.0012,0.1239,Shaker Heights,"Cleveland-Elyria, OH",Cuyahoga County
77022,44122,OH,202111,1658.92,-0.0103,0.1056,Shaker Heights,"Cleveland-Elyria, OH",Cuyahoga County
77022,44122,OH,202112,1676.82,0.0108,0.1138,Shaker Heights,"Cleveland-Elyria, OH",Cuyahoga County
77022,44122,OH,202201,1694.96,0.0108,0.0916,Shaker Heights,"Cleveland-Elyria, OH",Cuyahoga County
77022,44122,OH,202202,1716.92,0.013,0.1085,Shaker Heights,"Cleveland-Elyria, OH",Cuyahoga County
77022,44122,OH,202203,1691.55,-0.0148,0.0662,Shaker Heights,"Cleveland-Elyria, OH",Cuyahoga County
77022,44122,OH,202204,1711.64,0.0119,0.0827,Shaker Heights,"Cleveland-Elyria, OH",Cuyahoga County
77022,44122,OH,202205,1742.45,0.018,0.0811,Shaker Heights,"Cleveland-Elyria, OH",Cuyahoga County
77022,44122,OH,202206,1785.08,0.0245,0.1052,Shaker Heights,"Cleveland-Elyria, OH",Cuyahoga County
77022,44122,OH,202207,1747.88,-0.0208,0.0723,Shaker Heights,"Cleveland-Elyria, OH",Cuyahoga County
77022,44122,OH,202208,1693.26,-0.0313,0.0272,Shaker Heights,"Cleveland-Elyria, OH",Cuyahoga County
77022,44122,OH,202209,1681.03,-0.0072,0.0042,Shaker Heights,"Cleveland-Elyria, OH",Cuyahoga County
77022,44122,OH,202210,1709.81,0.0171,0.0201,Shaker Heights,"Cleveland-Elyria, OH",Cuyahoga County
77022,44122,OH,202211,1753.41,0.0255,0.057,Shaker Heights,"Cleveland-Elyria, OH",Cuyahoga County
77022,44122,OH,202212,1814.29,0.0347,0.082,Shaker Heights,"Cleveland-Elyria, OH",Cuyahoga County
77022,44122,OH,202301,1837.23,0.0126,0.0839,Shaker Heights,"Cleveland-Elyria, OH",Cuyahoga County
77022,44122,OH,202302,1832.11,-0.0028,0.0671,Shaker Heights,"Cleveland-Elyria, OH",Cuyahoga County
77022,44122,OH,202303,1770.26,-0.0338,0.0465,Shaker Heights,"Cleveland-Elyria, OH",Cuyahoga County
77022,44122,OH,202304,1775.73,0.0031,0.0374,Shaker Heights,"Cleveland-Elyria, OH",Cuyahoga County
77022,44122,OH,202305,1798.21,0.0127,0.032,Shaker Heights,"Cleveland-Elyria, OH",Cuyahoga County
77022,44122,OH,202306,1843.04,0.0249,0.0325,Shaker Heights,"Cleveland-Elyria, OH",Cuyahoga County
77022,44122,OH,202307,1844.65,0.0009,0.0554,Shaker Heights,"Cleveland-Elyria, OH",Cuyahoga County
77022,44122,OH,202308,1847.03,0.0013,0.0908,Shaker Heights,"Cleveland-Elyria, OH",Cuyahoga County
77022,44122,OH,202309,1876.44,0.0159,0.1162,Shaker Heights,"Cleveland-Elyria, OH",Cuyahoga County
77022,44122,OH,202310,1910.29,0.018,0.1173,Shaker Heights,"Cleveland-Elyria, OH",Cuyahoga County
77022,44122,OH,202311,1937.62,0.0143,0.1051,Shaker Heights,"Cleveland-Elyria, OH",Cuyahoga County
77022,44122,OH,202312,1890.38,-0.0244,0.0419,Shaker Heights,"Cleveland-Elyria, OH",Cuyahoga County
77022,44122,OH,202401,1859.0,-0.0166,0.0119,Shaker Heights,"Cleveland-Elyria, OH",Cuyahoga County
77022,44122,OH,202402,1853.19,-0.0031,0.0115,Shaker Heights,"Cleveland-Elyria, OH",Cuyahoga County
77022,44122,OH,202403,1873.28,0.0108,0.0582,Shaker Heights,"Cleveland-Elyria, OH",Cuyahoga County
77022,44122,OH,202404,1895.92,0.0121,0.0677,Shaker Heights,"Cleveland-Elyria, OH",Cuyahoga County
77022,44122,OH,202405,1911.35,0.0081,0.0629,Shaker Heights,"Cleveland-Elyria, OH",Cuyahoga County
77022,44122,OH,202406,1958.55,0.0247,0.0627,Shaker Heights,"Cleveland-Elyria, OH",Cuyahoga County
77022,44122,OH,202407,1998.81,0.0206,0.0836,Shaker Heights,"Cleveland-Elyria, OH",Cuyahoga County
77022,44122,OH,202408,1960.61,-0.0191,0.0615,Shaker Heights,"Cleveland-Elyria, OH",Cuyahoga County
77022,44122,OH,202409,1916.79,-0.0224,0.0215,Shaker Heights,"Cleveland-Elyria, OH",Cuyahoga County
77022,44122,OH,202410,1902.41,-0.0075,-0.0041,Shaker Heights,"Cleveland-Elyria, OH",Cuyahoga County
77022,44122,OH,202411,1932.94,0.016,-0.0024,Shaker Heights,"Cleveland-Elyria, OH",Cuyahoga County
77022,44122,OH,202412,1943.83,0.0056,0.0283,Shaker Heights,"Cleveland-Elyria, OH",Cuyahoga County
77022,44122,OH,202501,1956.75,0.0066,0.0526,Shaker Heights,"Cleveland-Elyria, OH",Cuyahoga County
77022,44122,OH,202502,1978.56,0.0111,0.0677,Shaker Heights,"Cleveland-Elyria, OH",Cuyahoga County
77022,44122,OH,202503,2002.51,0.0121,0.069,Shaker Heights,"Cleveland-Elyria, OH",Cuyahoga County
77022,44122,OH,202504,1985.23,-0.0086,0.0471,Shaker Heights,"Cleveland-Elyria, OH",Cuyahoga County
77022,44122,OH,202505,1982.3,-0.0015,0.0371,Shaker Heights,"Cleveland-Elyria, OH",Cuyahoga County
77022,44122,OH,202506,1981.26,-0.0005,0.0116,Shaker Heights,"Cleveland-Elyria, OH",Cuyahoga County
77022,44122,OH,202507,1980.07,-0.0006,-0.0094,Shaker Heights,"Cleveland-Elyria, OH",Cuyahoga County
77022,44122,OH,202508,1953.27,-0.0135,-0.0037,Shaker Heights,"Cleveland-Elyria, OH",Cuyahoga County
77022,44122,OH,202509,1950.92,-0.0012,0.0178,Shaker Heights,"Cleveland-Elyria, OH",Cuyahoga County
77022,44122,OH,202510,1966.34,0.0079,0.0336,Shaker Heights,"Cleveland-Elyria, OH",Cuyahoga County
77022,44122,OH,202511,1979.07,0.0065,0.0239,Shaker Heights,"Cleveland-Elyria, OH",Cuyahoga County
77022,44122,OH,202512,2004.83,0.013,0.0314,Shaker Heights,"Cleveland-Elyria, OH",Cuyahoga County
77022,44122,OH,202601,2029.65,0.0124,0.0373,Shaker Heights,"Cleveland-Elyria, OH",Cuyahoga County
77022,44122,OH,202602,2057.37,0.0137,0.0398,Shaker Heights,"Cleveland-Elyria, OH",Cuyahoga County
77022,44122,OH,202603,2024.65,-0.0159,0.0111,Shaker Heights,"Cleveland-Elyria, OH",Cuyahoga County
77022,44122,OH,202604,2019.92,-0.0023,0.0175,Shaker Heights,"Cleveland-Elyria, OH",Cuyahoga County
77022,44122,OH,202605,2027.17,0.0036,0.0226,Shaker Heights,"Cleveland-Elyria, OH",Cuyahoga County
77022,44122,OH,202606,2042.51,0.0076,0.0309,Shaker Heights,"Cleveland-Elyria, OH",Cuyahoga County
77022,44122,OH,202607,2029.98,-0.0061,0.0252,Shaker Heights,"Cleveland-Elyria, OH",Cuyahoga County
77022,44122,OH,202608,2039.56,0.0047,0.0442,Shaker Heights,"Cleveland-Elyria, OH",Cuyahoga County
77023,44123,OH,202205,840.52,,,Euclid,"Cleveland-Elyria, OH",Cuyahoga County
77023,44123,OH,202206,830.27,-0.0122,,Euclid,"Cleveland-Elyria, OH",Cuyahoga County
77023,44123,OH,202207,838.13,0.0095,,Euclid,"Cleveland-Elyria, OH",Cuyahoga County
77023,44123,OH,202208,840.88,0.0033,,Euclid,"Cleveland-Elyria, OH",Cuyahoga County
77023,44123,OH,202209,855.41,0.0173,,Euclid,"Cleveland-Elyria, OH",Cuyahoga County
77023,44123,OH,202210,860.73,0.0062,,Euclid,"Cleveland-Elyria, OH",Cuyahoga County
77023,44123,OH,202211,845.94,-0.0172,,Euclid,"Cleveland-Elyria, OH",Cuyahoga County
77023,44123,OH,202212,838.0,-0.0094,,Euclid,"Cleveland-Elyria, OH",Cuyahoga County
77023,44123,OH,202301,827.44,-0.0126,,Euclid,"Cleveland-Elyria, OH",Cuyahoga County
77023,44123,OH,202302,846.94,0.0236,,Euclid,"Cleveland-Elyria, OH",Cuyahoga County
77023,44123,OH,202303,845.82,-0.0013,,Euclid,"Cleveland-Elyria, OH",Cuyahoga County
77023,44123,OH,202304,861.78,0.0189,,Euclid,"Cleveland-Elyria, OH",Cuyahoga County
77023,44123,OH,202305,865.86,0.0047,0.0301,Euclid,"Cleveland-Elyria, OH",Cuyahoga County
77023,44123,OH,202306,890.12,0.028,0.0721,Euclid,"Cleveland-Elyria, OH",Cuyahoga County
77023,44123,OH,202307,907.55,0.0196,0.0828,Euclid,"Cleveland-Elyria, OH",Cuyahoga County
77023,44123,OH,202308,913.19,0.0062,0.086,Euclid,"Cleveland-Elyria, OH",Cuyahoga County
77023,44123,OH,202309,909.51,-0.004,0.0632,Euclid,"Cleveland-Elyria, OH",Cuyahoga County
77023,44123,OH,202310,893.85,-0.0172,0.0385,Euclid,"Cleveland-Elyria, OH",Cuyahoga County
77023,44123,OH,202311,895.98,0.0024,0.0592,Euclid,"Cleveland-Elyria, OH",Cuyahoga County
77023,44123,OH,202312,901.42,0.0061,0.0757,Euclid,"Cleveland-Elyria, OH",Cuyahoga County
77023,44123,OH,202401,911.58,0.0113,0.1017,Euclid,"Cleveland-Elyria, OH",Cuyahoga County
77023,44123,OH,202402,909.7,-0.0021,0.0741,Euclid,"Cleveland-Elyria, OH",Cuyahoga County
77023,44123,OH,202403,912.04,0.0026,0.0783,Euclid,"Cleveland-Elyria, OH",Cuyahoga County
77023,44123,OH,202404,917.92,0.0064,0.0651,Euclid,"Cleveland-Elyria, OH",Cuyahoga County
77023,44123,OH,202405,921.67,0.0041,0.0645,Euclid,"Cleveland-Elyria, OH",Cuyahoga County
77023,44123,OH,202406,933.17,0.0125,0.0484,Euclid,"Cleveland-Elyria, OH",Cuyahoga County
77023,44123,OH,202407,938.61,0.0058,0.0342,Euclid,"Cleveland-Elyria, OH",Cuyahoga County
77023,44123,OH,202408,946.97,0.0089,0.037,Euclid,"Cleveland-Elyria, OH",Cuyahoga County
77023,44123,OH,202409,960.65,0.0144,0.0562,Euclid,"Cleveland-Elyria, OH",Cuyahoga County
77023,44123,OH,202410,955.79,-0.0051,0.0693,Euclid,"Cleveland-Elyria, OH",Cuyahoga County
77023,44123,OH,202411,972.47,0.0175,0.0854,Euclid,"Cleveland-Elyria, OH",Cuyahoga County
77023,44123,OH,202412,965.56,-0.0071,0.0712,Euclid,"Cleveland-Elyria, OH",Cuyahoga County
77023,44123,OH,202501,973.1,0.0078,0.0675,Euclid,"Cleveland-Elyria, OH",Cuyahoga County
77023,44123,OH,202502,962.53,-0.0109,0.0581,Euclid,"Cleveland-Elyria, OH",Cuyahoga County
77023,44123,OH,202503,964.01,0.0015,0.057,Euclid,"Cleveland-Elyria, OH",Cuyahoga County
77023,44123,OH,202504,981.14,0.0178,0.0689,Euclid,"Cleveland-Elyria, OH",Cuyahoga County
77023,44123,OH,202505,992.85,0.0119,0.0772,Euclid,"Cleveland-Elyria, OH",Cuyahoga County
77023,44123,OH,202506,1000.43,0.0076,0.0721,Euclid,"Cleveland-Elyria, OH",Cuyahoga County
77023,44123,OH,202507,987.51,-0.0129,0.0521,Euclid,"Cleveland-Elyria, OH",Cuyahoga County
77023,44123,OH,202508,974.58,-0.0131,0.0292,Euclid,"Cleveland-Elyria, OH",Cuyahoga County
77023,44123,OH,202509,982.39,0.008,0.0226,Euclid,"Cleveland-Elyria, OH",Cuyahoga County
77023,44123,OH,202510,988.06,0.0058,0.0338,Euclid,"Cleveland-Elyria, OH",Cuyahoga County
77023,44123,OH,202511,1013.42,0.0257,0.0421,Euclid,"Cleveland-Elyria, OH",Cuyahoga County
77023,44123,OH,202512,1010.07,-0.0033,0.0461,Euclid,"Cleveland-Elyria, OH",Cuyahoga County
77023,44123,OH,202601,1023.07,0.0129,0.0514,Euclid,"Cleveland-Elyria, OH",Cuyahoga County
77023,44123,OH,202602,1008.57,-0.0142,0.0478,Euclid,"Cleveland-Elyria, OH",Cuyahoga County
77023,44123,OH,202603,1012.06,0.0035,0.0498,Euclid,"Cleveland-Elyria, OH",Cuyahoga County
77023,44123,OH,202604,1018.64,0.0065,0.0382,Euclid,"Cleveland-Elyria, OH",Cuyahoga County
77023,44123,OH,202605,1035.0,0.0161,0.0424,Euclid,"Cleveland-Elyria, OH",Cuyahoga County
77023,44123,OH,202606,1037.58,0.0025,0.0371,Euclid,"Cleveland-Elyria, OH",Cuyahoga County
77023,44123,OH,202607,1040.13,0.0025,0.0533,Euclid,"Cleveland-Elyria, OH",Cuyahoga County
77023,44123,OH,202608,1039.3,-0.0008,0.0664,Euclid,"Cleveland-Elyria, OH",Cuyahoga County
77024,44124,OH,202203,1363.67,,,Mayfield Heights,"Cleveland-Elyria, OH",Cuyahoga County
77024,44124,OH,202204,1348.45,-0.0112,,Mayfield Heights,"Cleveland-Elyria, OH",Cuyahoga County
77024,44124,OH,202205,1339.77,-0.0064,,Mayfield Heights,"Cleveland-Elyria, OH",Cuyahoga County
77024,44124,OH,202206,1351.31,0.0086,,Mayfield Heights,"Cleveland-Elyria, OH",Cuyahoga County
77024,44124,OH,202207,1387.08,0.0265,,Mayfield Heights,"Cleveland-Elyria, OH",Cuyahoga County
77024,44124,OH,202208,1410.17,0.0167,,Mayfield Heights,"Cleveland-Elyria, OH",Cuyahoga County
77024,44124,OH,202209,1425.96,0.0112,,Mayfield Heights,"Cleveland-Elyria, OH",Cuyahoga County
77024,44124,OH,202210,1419.5,-0.0045,,Mayfield Heights,"Cleveland-Elyria, OH",Cuyahoga County
77024,44124,OH,202211,1392.27,-0.0192,,Mayfield Heights,"Cleveland-Elyria, OH",Cuyahoga County
77024,44124,OH,202212,1373.84,-0.0132,,Mayfield Heights,"Cleveland-Elyria, OH",Cuyahoga County
77024,44124,OH,202301,1368.99,-0.0035,,Mayfield Heights,"Cleveland-Elyria, OH",Cuyahoga County
77024,44124,OH,202302,1391.18,0.0162,,Mayfield Heights,"Cleveland-Elyria, OH",Cuyahoga County
77024,44124,OH,202303,1426.77,0.0256,0.0463,Mayfield Heights,"Cleveland-Elyria, OH",Cuyahoga County
77024,44124,OH,202304,1452.32,0.0179,0.077,Mayfield Heights,"Cleveland-Elyria, OH",Cuyahoga County
77024,44124,OH,202305,1442.59,-0.0067,0.0767,Mayfield Heights,"Cleveland-Elyria, OH",Cuyahoga County
77024,44124,OH,202306,1436.39,-0.0043,0.063,Mayfield Heights,"Cleveland-Elyria, OH",Cuyahoga County
77024,44124,OH,202307,1440.59,0.0029,0.0386,Mayfield Heights,"Cleveland-Elyria, OH",Cuyahoga County
77024,44124,OH,202308,1461.81,0.0147,0.0366,Mayfield Heights,"Cleveland-Elyria, OH",Cuyahoga County
77024,44124,OH,202309,1447.28,-0.0099,0.015,Mayfield Heights,"Cleveland-Elyria, OH",Cuyahoga County
77024,44124,OH,202310,1429.31,-0.0124,0.0069,Mayfield Heights,"Cleveland-Elyria, OH",Cuyahoga County
77024,44124,OH,202311,1425.23,-0.0029,0.0237,Mayfield Heights,"Cleveland-Elyria, OH",Cuyahoga County
77024,44124,OH,202312,1429.24,0.0028,0.0403,Mayfield Heights,"Cleveland-Elyria, OH",Cuyahoga County
77024,44124,OH,202401,1424.82,-0.0031,0.0408,Mayfield Heights,"Cleveland-Elyria, OH",Cuyahoga County
77024,44124,OH,202402,1423.37,-0.001,0.0231,Mayfield Heights,"Cleveland-Elyria, OH",Cuyahoga County
77024,44124,OH,202403,1434.1,0.0075,0.0051,Mayfield Heights,"Cleveland-Elyria, OH",Cuyahoga County
77024,44124,OH,202404,1448.93,0.0103,-0.0023,Mayfield Heights,"Cleveland-Elyria, OH",Cuyahoga County
77024,44124,OH,202405,1477.4,0.0196,0.0241,Mayfield Heights,"Cleveland-Elyria, OH",Cuyahoga County
77024,44124,OH,202406,1506.58,0.0197,0.0489,Mayfield Heights,"Cleveland-Elyria, OH",Cuyahoga County
77024,44124,OH,202407,1523.83,0.0115,0.0578,Mayfield Heights,"Cleveland-Elyria, OH",Cuyahoga County
77024,44124,OH,202408,1517.78,-0.004,0.0383,Mayfield Heights,"Cleveland-Elyria, OH",Cuyahoga County
77024,44124,OH,202409,1504.66,-0.0086,0.0396,Mayfield Heights,"Cleveland-Elyria, OH",Cuyahoga County
77024,44124,OH,202410,1503.69,-0.0006,0.052,Mayfield Heights,"Cleveland-Elyria, OH",Cuyahoga County
77024,44124,OH,202411,1503.06,-0.0004,0.0546,Mayfield Heights,"Cleveland-Elyria, OH",Cuyahoga County
77024,44124,OH,202412,1496.86,-0.0041,0.0473,Mayfield Heights,"Cleveland-Elyria, OH",Cuyahoga County
77024,44124,OH,202501,1503.18,0.0042,0.055,Mayfield Heights,"Cleveland-Elyria, OH",Cuyahoga County
77024,44124,OH,202502,1518.92,0.0105,0.0671,Mayfield Heights,"Cleveland-Elyria, OH",Cuyahoga County
77024,44124,OH,202503,1520.44,0.001,0.0602,Mayfield Heights,"Cleveland-Elyria, OH",Cuyahoga County
77024,44124,OH,202504,1526.16,0.0038,0.0533,Mayfield Heights,"Cleveland-Elyria, OH",Cuyahoga County
77024,44124,OH,202505,1522.91,-0.0021,0.0308,Mayfield Heights,"Cleveland-Elyria, OH",Cuyahoga County
77024,44124,OH,202506,1541.91,0.0125,0.0235,Mayfield Heights,"Cleveland-Elyria, OH",Cuyahoga County
77024,44124,OH,202507,1548.43,0.0042,0.0161,Mayfield Heights,"Cleveland-Elyria, OH",Cuyahoga County
77024,44124,OH,202508,1553.82,0.0035,0.0237,Mayfield Heights,"Cleveland-Elyria, OH",Cuyahoga County
77024,44124,OH,202509,1551.23,-0.0017,0.031,Mayfield Heights,"Cleveland-Elyria, OH",Cuyahoga County
77024,44124,OH,202510,1539.55,-0.0075,0.0238,Mayfield Heights,"Cleveland-Elyria, OH",Cuyahoga County
77024,44124,OH,202511,1553.54,0.0091,0.0336,Mayfield Heights,"Cleveland-Elyria, OH",Cuyahoga County
77024,44124,OH,202512,1562.92,0.006,0.0441,Mayfield Heights,"Cleveland-Elyria, OH",Cuyahoga County
77024,44124,OH,202601,1569.82,0.0044,0.0443,Mayfield Heights,"Cleveland-Elyria, OH",Cuyahoga County
77024,44124,OH,202602,1577.1,0.0046,0.0383,Mayfield Heights,"Cleveland-Elyria, OH",Cuyahoga County
77024,44124,OH,202603,1591.49,0.0091,0.0467,Mayfield Heights,"Cleveland-Elyria, OH",Cuyahoga County
77024,44124,OH,202604,1615.21,0.0149,0.0584,Mayfield Heights,"Cleveland-Elyria, OH",Cuyahoga County
77024,44124,OH,202605,1624.0,0.0054,0.0664,Mayfield Heights,"Cleveland-Elyria, OH",Cuyahoga County
77024,44124,OH,202606,1644.16,0.0124,0.0663,Mayfield Heights,"Cleveland-Elyria, OH",Cuyahoga County
77024,44124,OH,202607,1640.62,-0.0022,0.0595,Mayfield Heights,"Cleveland-Elyria, OH",Cuyahoga County
77024,44124,OH,202608,1638.38,-0.0014,0.0544,Mayfield Heights,"Cleveland-Elyria, OH",Cuyahoga County
77025,44125,OH,202205,1087.77,,,Garfield Heights,"Cleveland-Elyria, OH",Cuyahoga County
77025,44125,OH,202206,1067.45,-0.0187,,Garfield Heights,"Cleveland-Elyria, OH",Cuyahoga County
77025,44125,OH,202207,1079.49,0.0113,,Garfield Heights,"Cleveland-Elyria, OH",Cuyahoga County
77025,44125,OH,202208,1077.1,-0.0022,,Garfield Heights,"Cleveland-Elyria, OH",Cuyahoga County
77025,44125,OH,202209,1084.41,0.0068,,Garfield Heights,"Cleveland-Elyria, OH",Cuyahoga County
77025,44125,OH,202210,1064.82,-0.0181,,Garfield Heights,"Cleveland-Elyria, OH",Cuyahoga County
77025,44125,OH,202211,1055.93,-0.0084,,Garfield Heights,"Cleveland-Elyria, OH",Cuyahoga County
77025,44125,OH,202212,1064.36,0.008,,Garfield Heights,"Cleveland-Elyria, OH",Cuyahoga County
77025,44125,OH,202301,1078.12,0.0129,,Garfield Heights,"Cleveland-Elyria, OH",Cuyahoga County
77025,44125,OH,202302,1093.31,0.0141,,Garfield Heights,"Cleveland-Elyria, OH",Cuyahoga County
77025,44125,OH,202303,1100.04,0.0062,,Garfield Heights,"Cleveland-Elyria, OH",Cuyahoga County
77025,44125,OH,202304,1120.16,0.0183,,Garfield Heights,"Cleveland-Elyria, OH",Cuyahoga County
77025,44125,OH,202305,1125.19,0.0045,0.0344,Garfield Heights,"Cleveland-Elyria, OH",Cuyahoga County
77025,44125,OH,202306,1124.0,-0.0011,0.053,Garfield Heights,"Cleveland-Elyria, OH",Cuyahoga County
77025,44125,OH,202307,1124.9,0.0008,0.0421,Garfield Heights,"Cleveland-Elyria, OH",Cuyahoga County
77025,44125,OH,202308,1123.92,-0.0009,0.0435,Garfield Heights,"Cleveland-Elyria, OH",Cuyahoga County
77025,44125,OH,202309,1133.52,0.0085,0.0453,Garfield Heights,"Cleveland-Elyria, OH",Cuyahoga County
77025,44125,OH,202310,1129.75,-0.0033,0.061,Garfield Heights,"Cleveland-Elyria, OH",Cuyahoga County
77025,44125,OH,202311,1144.38,0.0129,0.0838,Garfield Heights,"Cleveland-Elyria, OH",Cuyahoga County
77025,44125,OH,202312,1153.66,0.0081,0.0839,Garfield Heights,"Cleveland-Elyria, OH",Cuyahoga County
77025,44125,OH,202401,1171.91,0.0158,0.087,Garfield Heights,"Cleveland-Elyria, OH",Cuyahoga County
77025,44125,OH,202402,1172.42,0.0004,0.0724,Garfield Heights,"Cleveland-Elyria, OH",Cuyahoga County
77025,44125,OH,202403,1177.59,0.0044,0.0705,Garfield Heights,"Cleveland-Elyria, OH",Cuyahoga County
77025,44125,OH,202404,1201.89,0.0206,0.073,Garfield Heights,"Cleveland-Elyria, OH",Cuyahoga County
77025,44125,OH,202405,1226.27,0.0203,0.0898,Garfield Heights,"Cleveland-Elyria, OH",Cuyahoga County
77025,44125,OH,202406,1251.92,0.0209,0.1138,Garfield Heights,"Cleveland-Elyria, OH",Cuyahoga County
77025,44125,OH,202407,1236.34,-0.0124,0.0991,Garfield Heights,"Cleveland-Elyria, OH",Cuyahoga County
77025,44125,OH,202408,1249.21,0.0104,0.1115,Garfield Heights,"Cleveland-Elyria, OH",Cuyahoga County
77025,44125,OH,202409,1253.34,0.0033,0.1057,Garfield Heights,"Cleveland-Elyria, OH",Cuyahoga County
77025,44125,OH,202410,1253.57,0.0002,0.1096,Garfield Heights,"Cleveland-Elyria, OH",Cuyahoga County
77025,44125,OH,202411,1260.16,0.0053,0.1012,Garfield Heights,"Cleveland-Elyria, OH",Cuyahoga County
77025,44125,OH,202412,1253.22,-0.0055,0.0863,Garfield Heights,"Cleveland-Elyria, OH",Cuyahoga County
77025,44125,OH,202501,1292.46,0.0313,0.1029,Garfield Heights,"Cleveland-Elyria, OH",Cuyahoga County
77025,44125,OH,202502,1326.51,0.0263,0.1314,Garfield Heights,"Cleveland-Elyria, OH",Cuyahoga County
77025,44125,OH,202503,1358.37,0.024,0.1535,Garfield Heights,"Cleveland-Elyria, OH",Cuyahoga County
77025,44125,OH,202504,1357.67,-0.0005,0.1296,Garfield Heights,"Cleveland-Elyria, OH",Cuyahoga County
77025,44125,OH,202505,1338.48,-0.0141,0.0915,Garfield Heights,"Cleveland-Elyria, OH",Cuyahoga County
77025,44125,OH,202506,1344.53,0.0045,0.074,Garfield Heights,"Cleveland-Elyria, OH",Cuyahoga County
77025,44125,OH,202507,1355.39,0.0081,0.0963,Garfield Heights,"Cleveland-Elyria, OH",Cuyahoga County
77025,44125,OH,202508,1373.14,0.0131,0.0992,Garfield Heights,"Cleveland-Elyria, OH",Cuyahoga County
77025,44125,OH,202509,1404.11,0.0226,0.1203,Garfield Heights,"Cleveland-Elyria, OH",Cuyahoga County
77025,44125,OH,202510,1414.18,0.0072,0.1281,Garfield Heights,"Cleveland-Elyria, OH",Cuyahoga County
77025,44125,OH,202511,1405.1,-0.0064,0.115,Garfield Heights,"Cleveland-Elyria, OH",Cuyahoga County
77025,44125,OH,202512,1393.33,-0.0084,0.1118,Garfield Heights,"Cleveland-Elyria, OH",Cuyahoga County
77025,44125,OH,202601,1411.3,0.0129,0.0919,Garfield Heights,"Cleveland-Elyria, OH",Cuyahoga County
77025,44125,OH,202602,1414.53,0.0023,0.0664,Garfield Heights,"Cleveland-Elyria, OH",Cuyahoga County
77025,44125,OH,202603,1426.95,0.0088,0.0505,Garfield Heights,"Cleveland-Elyria, OH",Cuyahoga County
77025,44125,OH,202604,1434.67,0.0054,0.0567,Garfield Heights,"Cleveland-Elyria, OH",Cuyahoga County
77025,44125,OH,202605,1473.0,0.0267,0.1005,Garfield Heights,"Cleveland-Elyria, OH",Cuyahoga County
77025,44125,OH,202606,1459.85,-0.0089,0.0858,Garfield Heights,"Cleveland-Elyria, OH",Cuyahoga County
77025,44125,OH,202607,1450.01,-0.0067,0.0698,Garfield Heights,"Cleveland-Elyria, OH",Cuyahoga County
77025,44125,OH,202608,1436.83,-0.0091,0.0464,Garfield Heights,"Cleveland-Elyria, OH",Cuyahoga County
77026,44126,OH,202605,1274.75,,,Fairview Park,"Cleveland-Elyria, OH",Cuyahoga County
77026,44126,OH,202607,1267.04,-0.0061,,Fairview Park,"Cleveland-Elyria, OH",Cuyahoga County
77026,44126,OH,202608,1304.42,0.0295,,Fairview Park,"Cleveland-Elyria, OH",Cuyahoga County
77028,44128,OH,202304,1005.79,,,Warrensville Heights,"Cleveland-Elyria, OH",Cuyahoga County
77028,44128,OH,202305,1069.82,0.0637,,Warrensville Heights,"Cleveland-Elyria, OH",Cuyahoga County
77028,44128,OH,202306,1040.47,-0.0274,,Warrensville Heights,"Cleveland-Elyria, OH",Cuyahoga County
77028,44128,OH,202307,1041.0,0.0005,,Warrensville Heights,"Cleveland-Elyria, OH",Cuyahoga County
77028,44128,OH,202308,1012.99,-0.0269,,Warrensville Heights,"Cleveland-Elyria, OH",Cuyahoga County
77028,44128,OH,202309,1021.36,0.0083,,Warrensville Heights,"Cleveland-Elyria, OH",Cuyahoga County
77028,44128,OH,202310,1019.12,-0.0022,,Warrensville Heights,"Cleveland-Elyria, OH",Cuyahoga County
77028,44128,OH,202311,1050.53,0.0308,,Warrensville Heights,"Cleveland-Elyria, OH",Cuyahoga County
77028,44128,OH,202312,1032.88,-0.0168,,Warrensville Heights,"Cleveland-Elyria, OH",Cuyahoga County
77028,44128,OH,202401,1053.19,0.0197,,Warrensville Heights,"Cleveland-Elyria, OH",Cuyahoga County
77028,44128,OH,202402,1067.33,0.0134,,Warrensville Heights,"Cleveland-Elyria, OH",Cuyahoga County
77028,44128,OH,202403,1094.51,0.0255,,Warrensville Heights,"Cleveland-Elyria, OH",Cuyahoga County
77028,44128,OH,202404,1116.08,0.0197,0.1096,Warrensville Heights,"Cleveland-Elyria, OH",Cuyahoga County
77028,44128,OH,202405,1129.88,0.0124,0.0561,Warrensville Heights,"Cleveland-Elyria, OH",Cuyahoga County
77028,44128,OH,202406,1170.69,0.0361,0.1252,Warrensville Heights,"Cleveland-Elyria, OH",Cuyahoga County
77028,44128,OH,202407,1181.35,0.0091,0.1348,Warrensville Heights,"Cleveland-Elyria, OH",Cuyahoga County
77028,44128,OH,202408,1180.01,-0.0011,0.1649,Warrensville Heights,"Cleveland-Elyria, OH",Cuyahoga County
77028,44128,OH,202409,1151.98,-0.0238,0.1279,Warrensville Heights,"Cleveland-Elyria, OH",Cuyahoga County
77028,44128,OH,202410,1141.25,-0.0093,0.1198,Warrensville Heights,"Cleveland-Elyria, OH",Cuyahoga County
77028,44128,OH,202411,1142.27,0.0009,0.0873,Warrensville Heights,"Cleveland-Elyria, OH",Cuyahoga County
77028,44128,OH,202412,1153.67,0.01,0.1169,Warrensville Heights,"Cleveland-Elyria, OH",Cuyahoga County
77028,44128,OH,202501,1141.5,-0.0105,0.0839,Warrensville Heights,"Cleveland-Elyria, OH",Cuyahoga County
77028,44128,OH,202502,1143.93,0.0021,0.0718,Warrensville Heights,"Cleveland-Elyria, OH",Cuyahoga County
77028,44128,OH,202503,1149.12,0.0045,0.0499,Warrensville Heights,"Cleveland-Elyria, OH",Cuyahoga County
77028,44128,OH,202504,1188.35,0.0341,0.0648,Warrensville Heights,"Cleveland-Elyria, OH",Cuyahoga County
77028,44128,OH,202505,1197.66,0.0078,0.06,Warrensville Heights,"Cleveland-Elyria, OH",Cuyahoga County
77028,44128,OH,202506,1210.62,0.0108,0.0341,Warrensville Heights,"Cleveland-Elyria, OH",Cuyahoga County
77028,44128,OH,202507,1214.51,0.0032,0.0281,Warrensville Heights,"Cleveland-Elyria, OH",Cuyahoga County
77028,44128,OH,202508,1230.95,0.0135,0.0432,Warrensville Heights,"Cleveland-Elyria, OH",Cuyahoga County
77028,44128,OH,202509,1209.64,-0.0173,0.05,Warrensville Heights,"Cleveland-Elyria, OH",Cuyahoga County
77028,44128,OH,202510,1195.26,-0.0119,0.0473,Warrensville Heights,"Cleveland-Elyria, OH",Cuyahoga County
77028,44128,OH,202511,1193.02,-0.0019,0.0444,Warrensville Heights,"Cleveland-Elyria, OH",Cuyahoga County
77028,44128,OH,202512,1258.62,0.055,0.091,Warrensville Heights,"Cleveland-Elyria, OH",Cuyahoga County
77028,44128,OH,202601,1285.29,0.0212,0.126,Warrensville Heights,"Cleveland-Elyria, OH",Cuyahoga County
77028,44128,OH,202602,1283.31,-0.0015,0.1218,Warrensville Heights,"Cleveland-Elyria, OH",Cuyahoga County
77028,44128,OH,202603,1272.38,-0.0085,0.1073,Warrensville Heights,"Cleveland-Elyria, OH",Cuyahoga County
77028,44128,OH,202604,1279.06,0.0052,0.0763,Warrensville Heights,"Cleveland-Elyria, OH",Cuyahoga County
77028,44128,OH,202605,1335.58,0.0442,0.1152,Warrensville Heights,"Cleveland-Elyria, OH",Cuyahoga County
77028,44128,OH,202606,1361.62,0.0195,0.1247,Warrensville Heights,"Cleveland-Elyria, OH",Cuyahoga County
77028,44128,OH,202607,1395.67,0.025,0.1492,Warrensville Heights,"Cleveland-Elyria, OH",Cuyahoga County
77028,44128,OH,202608,1356.39,-0.0281,0.1019,Warrensville Heights,"Cleveland-Elyria, OH",Cuyahoga County
77029,44129,OH,202207,964.75,,,Parma,"Cleveland-Elyria, OH",Cuyahoga County
77029,44129,OH,202208,976.24,0.0119,,Parma,"Cleveland-Elyria, OH",Cuyahoga County
77029,44129,OH,202209,997.39,0.0217,,Parma,"Cleveland-Elyria, OH",Cuyahoga County
77029,44129,OH,202210,1038.52,0.0412,,Parma,"Cleveland-Elyria, OH",Cuyahoga County
77029,44129,OH,202211,1058.26,0.019,,Parma,"Cleveland-Elyria, OH",Cuyahoga County
77029,44129,OH,202212,1052.13,-0.0058,,Parma,"Cleveland-Elyria, OH",Cuyahoga County
77029,44129,OH,202301,1044.29,-0.0075,,Parma,"Cleveland-Elyria, OH",Cuyahoga County
77029,44129,OH,202302,1028.61,-0.015,,Parma,"Cleveland-Elyria, OH",Cuyahoga County
77029,44129,OH,202303,1018.76,-0.0096,,Parma,"Cleveland-Elyria, OH",Cuyahoga County
77029,44129,OH,202304,1006.5,-0.012,,Parma,"Cleveland-Elyria, OH",Cuyahoga County
77029,44129,OH,202305,988.25,-0.0181,,Parma,"Cleveland-Elyria, OH",Cuyahoga County
77029,44129,OH,202306,997.77,0.0096,,Parma,"Cleveland-Elyria, OH",Cuyahoga County
77029,44129,OH,202307,1018.91,0.0212,0.0561,Parma,"Cleveland-Elyria, OH",Cuyahoga County
77029,44129,OH,202308,1055.98,0.0364,0.0817,Parma,"Cleveland-Elyria, OH",Cuyahoga County
77029,44129,OH,202309,1066.74,0.0102,0.0695,Parma,"Cleveland-Elyria, OH",Cuyahoga County
77029,44129,OH,202310,1047.84,-0.0177,0.009,Parma,"Cleveland-Elyria, OH",Cuyahoga County
77029,44129,OH,202311,1062.83,0.0143,0.0043,Parma,"Cleveland-Elyria, OH",Cuyahoga County
77029,44129,OH,202312,1079.76,0.0159,0.0263,Parma,"Cleveland-Elyria, OH",Cuyahoga County
77029,44129,OH,202401,1120.41,0.0376,0.0729,Parma,"Cleveland-Elyria, OH",Cuyahoga County
77029,44129,OH,202402,1117.39,-0.0027,0.0863,Parma,"Cleveland-Elyria, OH",Cuyahoga County
77029,44129,OH,202403,1079.71,-0.0337,0.0598,Parma,"Cleveland-Elyria, OH",Cuyahoga County
77029,44129,OH,202404,1074.65,-0.0047,0.0677,Parma,"Cleveland-Elyria, OH",Cuyahoga County
77029,44129,OH,202405,1084.51,0.0092,0.0974,Parma,"Cleveland-Elyria, OH",Cuyahoga County
77029,44129,OH,202406,1117.44,0.0304,0.1199,Parma,"Cleveland-Elyria, OH",Cuyahoga County
77029,44129,OH,202407,1115.72,-0.0015,0.095,Parma,"Cleveland-Elyria, OH",Cuyahoga County
77029,44129,OH,202408,1105.95,-0.0088,0.0473,Parma,"Cleveland-Elyria, OH",Cuyahoga County
77029,44129,OH,202409,1136.16,0.0273,0.0651,Parma,"Cleveland-Elyria, OH",Cuyahoga County
77029,44129,OH,202410,1176.26,0.0353,0.1226,Parma,"Cleveland-Elyria, OH",Cuyahoga County
77029,44129,OH,202411,1208.43,0.0273,0.137,Parma,"Cleveland-Elyria, OH",Cuyahoga County
77029,44129,OH,202412,1194.85,-0.0112,0.1066,Parma,"Cleveland-Elyria, OH",Cuyahoga County
77029,44129,OH,202501,1195.07,0.0002,0.0666,Parma,"Cleveland-Elyria, OH",Cuyahoga County
77029,44129,OH,202502,1178.89,-0.0135,0.055,Parma,"Cleveland-Elyria, OH",Cuyahoga County
77029,44129,OH,202503,1186.16,0.0062,0.0986,Parma,"Cleveland-Elyria, OH",Cuyahoga County
77029,44129,OH,202504,1170.97,-0.0128,0.0896,Parma,"Cleveland-Elyria, OH",Cuyahoga County
77029,44129,OH,202505,1155.73,-0.013,0.0657,Parma,"Cleveland-Elyria, OH",Cuyahoga County
77029,44129,OH,202506,1133.41,-0.0193,0.0143,Parma,"Cleveland-Elyria, OH",Cuyahoga County
77029,44129,OH,202507,1118.31,-0.0133,0.0023,Parma,"Cleveland-Elyria, OH",Cuyahoga County
77029,44129,OH,202508,1121.01,0.0024,0.0136,Parma,"Cleveland-Elyria, OH",Cuyahoga County
77029,44129,OH,202509,1127.05,0.0054,-0.008,Parma,"Cleveland-Elyria, OH",Cuyahoga County
77029,44129,OH,202510,1170.99,0.039,-0.0045,Parma,"Cleveland-Elyria, OH",Cuyahoga County
77029,44129,OH,202511,1172.36,0.0012,-0.0298,Parma,"Cleveland-Elyria, OH",Cuyahoga County
77029,44129,OH,202512,1186.06,0.0117,-0.0074,Parma,"Cleveland-Elyria, OH",Cuyahoga County
77029,44129,OH,202601,1168.99,-0.0144,-0.0218,Parma,"Cleveland-Elyria, OH",Cuyahoga County
77029,44129,OH,202602,1215.17,0.0395,0.0308,Parma,"Cleveland-Elyria, OH",Cuyahoga County
77029,44129,OH,202603,1236.23,0.0173,0.0422,Parma,"Cleveland-Elyria, OH",Cuyahoga County
77029,44129,OH,202604,1246.06,0.0079,0.0641,Parma,"Cleveland-Elyria, OH",Cuyahoga County
77029,44129,OH,202605,1248.74,0.0021,0.0805,Parma,"Cleveland-Elyria, OH",Cuyahoga County
77029,44129,OH,202606,1261.02,0.0098,0.1126,Parma,"Cleveland-Elyria, OH",Cuyahoga County
77029,44129,OH,202607,1268.09,0.0056,0.1339,Parma,"Cleveland-Elyria, OH",Cuyahoga County
77029,44129,OH,202608,1256.32,-0.0093,0.1207,Parma,"Cleveland-Elyria, OH",Cuyahoga County
77030,44130,OH,202102,900.4,,,Parma Heights,"Cleveland-Elyria, OH",Cuyahoga County
77030,44130,OH,202103,912.37,0.0133,,Parma Heights,"Cleveland-Elyria, OH",Cuyahoga County
77030,44130,OH,202104,925.03,0.0139,,Parma Heights,"Cleveland-Elyria, OH",Cuyahoga County
77030,44130,OH,202105,934.84,0.0106,,Parma Heights,"Cleveland-Elyria, OH",Cuyahoga County
77030,44130,OH,202106,945.72,0.0116,,Parma Heights,"Cleveland-Elyria, OH",Cuyahoga County
77030,44130,OH,202107,978.65,0.0348,,Parma Heights,"Cleveland-Elyria, OH",Cuyahoga County
77030,44130,OH,202108,1005.95,0.0279,,Parma Heights,"Cleveland-Elyria, OH",Cuyahoga County
77030,44130,OH,202109,1023.22,0.0172,,Parma Heights,"Cleveland-Elyria, OH",Cuyahoga County
77030,44130,OH,202110,1007.17,-0.0157,,Parma Heights,"Cleveland-Elyria, OH",Cuyahoga County
77030,44130,OH,202111,995.22,-0.0119,,Parma Heights,"Cleveland-Elyria, OH",Cuyahoga County
77030,44130,OH,202112,1008.14,0.013,,Parma Heights,"Cleveland-Elyria, OH",Cuyahoga County
77030,44130,OH,202201,1014.53,0.0063,,Parma Heights,"Cleveland-Elyria, OH",Cuyahoga County
77030,44130,OH,202202,1014.39,-0.0001,0.1266,Parma Heights,"Cleveland-Elyria, OH",Cuyahoga County
77030,44130,OH,202203,987.94,-0.0261,0.0828,Parma Heights,"Cleveland-Elyria, OH",Cuyahoga County
77030,44130,OH,202204,994.05,0.0062,0.0746,Parma Heights,"Cleveland-Elyria, OH",Cuyahoga County
77030,44130,OH,202205,1016.96,0.023,0.0878,Parma Heights,"Cleveland-Elyria, OH",Cuyahoga County
77030,44130,OH,202206,1043.84,0.0264,0.1038,Parma Heights,"Cleveland-Elyria, OH",Cuyahoga County
77030,44130,OH,202207,1069.84,0.0249,0.0932,Parma Heights,"Cleveland-Elyria, OH",Cuyahoga County
77030,44130,OH,202208,1072.1,0.0021,0.0658,Parma Heights,"Cleveland-Elyria, OH",Cuyahoga County
77030,44130,OH,202209,1074.93,0.0026,0.0505,Parma Heights,"Cleveland-Elyria, OH",Cuyahoga County
77030,44130,OH,202210,1067.25,-0.0071,0.0596,Parma Heights,"Cleveland-Elyria, OH",Cuyahoga County
77030,44130,OH,202211,1087.37,0.0189,0.0926,Parma Heights,"Cleveland-Elyria, OH",Cuyahoga County
77030,44130,OH,202212,1091.01,0.0034,0.0822,Parma Heights,"Cleveland-Elyria, OH",Cuyahoga County
77030,44130,OH,202301,1099.25,0.0075,0.0835,Parma Heights,"Cleveland-Elyria, OH",Cuyahoga County
77030,44130,OH,202302,1069.33,-0.0272,0.0542,Parma Heights,"Cleveland-Elyria, OH",Cuyahoga County
77030,44130,OH,202303,1068.89,-0.0004,0.0819,Parma Heights,"Cleveland-Elyria, OH",Cuyahoga County
77030,44130,OH,202304,1065.47,-0.0032,0.0718,Parma Heights,"Cleveland-Elyria, OH",Cuyahoga County
77030,44130,OH,202305,1102.45,0.0347,0.0841,Parma Heights,"Cleveland-Elyria, OH",Cuyahoga County
77030,44130,OH,202306,1121.19,0.017,0.0741,Parma Heights,"Cleveland-Elyria, OH",Cuyahoga County
77030,44130,OH,202307,1140.06,0.0168,0.0656,Parma Heights,"Cleveland-Elyria, OH",Cuyahoga County
77030,44130,OH,202308,1126.39,-0.012,0.0506,Parma Heights,"Cleveland-Elyria, OH",Cuyahoga County
77030,44130,OH,202309,1116.46,-0.0088,0.0386,Parma Heights,"Cleveland-Elyria, OH",Cuyahoga County
77030,44130,OH,202310,1116.79,0.0003,0.0464,Parma Heights,"Cleveland-Elyria, OH",Cuyahoga County
77030,44130,OH,202311,1131.14,0.0128,0.0403,Parma Heights,"Cleveland-Elyria, OH",Cuyahoga County
77030,44130,OH,202312,1150.31,0.017,0.0543,Parma Heights,"Cleveland-Elyria, OH",Cuyahoga County
77030,44130,OH,202401,1137.49,-0.0111,0.0348,Parma Heights,"Cleveland-Elyria, OH",Cuyahoga County
77030,44130,OH,202402,1132.48,-0.0044,0.0591,Parma Heights,"Cleveland-Elyria, OH",Cuyahoga County
77030,44130,OH,202403,1126.82,-0.005,0.0542,Parma Heights,"Cleveland-Elyria, OH",Cuyahoga County
77030,44130,OH,202404,1143.25,0.0146,0.073,Parma Heights,"Cleveland-Elyria, OH",Cuyahoga County
77030,44130,OH,202405,1151.73,0.0074,0.0447,Parma Heights,"Cleveland-Elyria, OH",Cuyahoga County
77030,44130,OH,202406,1169.16,0.0151,0.0428,Parma Heights,"Cleveland-Elyria, OH",Cuyahoga County
77030,44130,OH,202407,1183.99,0.0127,0.0385,Parma Heights,"Cleveland-Elyria, OH",Cuyahoga County
77030,44130,OH,202408,1186.05,0.0017,0.053,Parma Heights,"Cleveland-Elyria, OH",Cuyahoga County
77030,44130,OH,202409,1188.47,0.002,0.0645,Parma Heights,"Cleveland-Elyria, OH",Cuyahoga County
77030,44130,OH,202410,1192.67,0.0035,0.0679,Parma Heights,"Cleveland-Elyria, OH",Cuyahoga County
77030,44130,OH,202411,1191.28,-0.0012,0.0532,Parma Heights,"Cleveland-Elyria, OH",Cuyahoga County
77030,44130,OH,202412,1200.37,0.0076,0.0435,Parma Heights,"Cleveland-Elyria, OH",Cuyahoga County
77030,44130,OH,202501,1212.04,0.0097,0.0655,Parma Heights,"Cleveland-Elyria, OH",Cuyahoga County
77030,44130,OH,202502,1218.75,0.0055,0.0762,Parma Heights,"Cleveland-Elyria, OH",Cuyahoga County
77030,44130,OH,202503,1213.68,-0.0042,0.0771,Parma Heights,"Cleveland-Elyria, OH",Cuyahoga County
77030,44130,OH,202504,1208.28,-0.0045,0.0569,Parma Heights,"Cleveland-Elyria, OH",Cuyahoga County
77030,44130,OH,202505,1223.35,0.0125,0.0622,Parma Heights,"Cleveland-Elyria, OH",Cuyahoga County
77030,44130,OH,202506,1234.71,0.0093,0.0561,Parma Heights,"Cleveland-Elyria, OH",Cuyahoga County
77030,44130,OH,202507,1234.09,-0.0005,0.0423,Parma Heights,"Cleveland-Elyria, OH",Cuyahoga County
77030,44130,OH,202508,1235.13,0.0008,0.0414,Parma Heights,"Cleveland-Elyria, OH",Cuyahoga County
77030,44130,OH,202509,1230.85,-0.0035,0.0357,Parma Heights,"Cleveland-Elyria, OH",Cuyahoga County
77030,44130,OH,202510,1244.54,0.0111,0.0435,Parma Heights,"Cleveland-Elyria, OH",Cuyahoga County
77030,44130,OH,202511,1256.97,0.01,0.0551,Parma Heights,"Cleveland-Elyria, OH",Cuyahoga County
77030,44130,OH,202512,1255.44,-0.0012,0.0459,Parma Heights,"Cleveland-Elyria, OH",Cuyahoga County
77030,44130,OH,202601,1249.36,-0.0048,0.0308,Parma Heights,"Cleveland-Elyria, OH",Cuyahoga County
77030,44130,OH,202602,1232.1,-0.0138,0.011,Parma Heights,"Cleveland-Elyria, OH",Cuyahoga County
77030,44130,OH,202603,1246.8,0.0119,0.0273,Parma Heights,"Cleveland-Elyria, OH",Cuyahoga County
77030,44130,OH,202604,1256.45,0.0077,0.0399,Parma Heights,"Cleveland-Elyria, OH",Cuyahoga County
77030,44130,OH,202605,1270.35,0.0111,0.0384,Parma Heights,"Cleveland-Elyria, OH",Cuyahoga County
77030,44130,OH,202606,1280.09,0.0077,0.0368,Parma Heights,"Cleveland-Elyria, OH",Cuyahoga County
77030,44130,OH,202607,1273.78,-0.0049,0.0322,Parma Heights,"Cleveland-Elyria, OH",Cuyahoga County
77030,44130,OH,202608,1272.02,-0.0014,0.0299,Parma Heights,"Cleveland-Elyria, OH",Cuyahoga County
77032,44132,OH,202405,1118.24,,,Euclid,"Cleveland-Elyria, OH",Cuyahoga County
77032,44132,OH,202406,1118.28,0.0,,Euclid,"Cleveland-Elyria, OH",Cuyahoga County
77032,44132,OH,202407,1158.16,0.0357,,Euclid,"Cleveland-Elyria, OH",Cuyahoga County
77032,44132,OH,202408,1167.88,0.0084,,Euclid,"Cleveland-Elyria, OH",Cuyahoga County
77032,44132,OH,202409,1163.85,-0.0035,,Euclid,"Cleveland-Elyria, OH",Cuyahoga County
77032,44132,OH,202410,1161.97,-0.0016,,Euclid,"Cleveland-Elyria, OH",Cuyahoga County
77032,44132,OH,202411,1158.05,-0.0034,,Euclid,"Cleveland-Elyria, OH",Cuyahoga County
77032,44132,OH,202412,1198.41,0.0349,,Euclid,"Cleveland-Elyria, OH",Cuyahoga County
77032,44132,OH,202501,1223.26,0.0207,,Euclid,"Cleveland-Elyria, OH",Cuyahoga County
77032,44132,OH,202502,1275.57,0.0428,,Euclid,"Cleveland-Elyria, OH",Cuyahoga County
77032,44132,OH,202503,1229.08,-0.0364,,Euclid,"Cleveland-Elyria, OH",Cuyahoga County
77032,44132,OH,202504,1225.27,-0.0031,,Euclid,"Cleveland-Elyria, OH",Cuyahoga County
77032,44132,OH,202505,1240.97,0.0128,0.1098,Euclid,"Cleveland-Elyria, OH",Cuyahoga County
77032,44132,OH,202506,1277.14,0.0291,0.1421,Euclid,"Cleveland-Elyria, OH",Cuyahoga County
77032,44132,OH,202507,1236.46,-0.0319,0.0676,Euclid,"Cleveland-Elyria, OH",Cuyahoga County
77032,44132,OH,202508,1230.94,-0.0045,0.054,Euclid,"Cleveland-Elyria, OH",Cuyahoga County
77032,44132,OH,202509,1305.26,0.0604,0.1215,Euclid,"Cleveland-Elyria, OH",Cuyahoga County
77032,44132,OH,202510,1381.28,0.0582,0.1887,Euclid,"Cleveland-Elyria, OH",Cuyahoga County
77032,44132,OH,202511,1397.6,0.0118,0.2069,Euclid,"Cleveland-Elyria, OH",Cuyahoga County
77032,44132,OH,202512,1265.24,-0.0947,0.0558,Euclid,"Cleveland-Elyria, OH",Cuyahoga County
77032,44132,OH,202601,1288.01,0.018,0.0529,Euclid,"Cleveland-Elyria, OH",Cuyahoga County
77032,44132,OH,202602,1315.86,0.0216,0.0316,Euclid,"Cleveland-Elyria, OH",Cuyahoga County
77032,44132,OH,202603,1428.48,0.0856,0.1622,Euclid,"Cleveland-Elyria, OH",Cuyahoga County
77032,44132,OH,202604,1426.66,-0.0013,0.1644,Euclid,"Cleveland-Elyria, OH",Cuyahoga County
77032,44132,OH,202605,1406.68,-0.014,0.1335,Euclid,"Cleveland-Elyria, OH",Cuyahoga County
77032,44132,OH,202606,1371.31,-0.0251,0.0737,Euclid,"Cleveland-Elyria, OH",Cuyahoga County
77032,44132,OH,202607,1371.47,0.0001,0.1092,Euclid,"Cleveland-Elyria, OH",Cuyahoga County
77032,44132,OH,202608,1391.25,0.0144,0.1302,Euclid,"Cleveland-Elyria, OH",Cuyahoga County
77033,44133,OH,202603,1638.11,,,North Royalton,"Cleveland-Elyria, OH",Cuyahoga County
77033,44133,OH,202604,1695.75,0.0352,,North Royalton,"Cleveland-Elyria, OH",Cuyahoga County
77033,44133,OH,202605,1823.79,0.0755,,North Royalton,"Cleveland-Elyria, OH",Cuyahoga County
77033,44133,OH,202606,1840.74,0.0093,,North Royalton,"Cleveland-Elyria, OH",Cuyahoga County
77033,44133,OH,202607,1796.17,-0.0242,,North Royalton,"Cleveland-Elyria, OH",Cuyahoga County
77033,44133,OH,202608,1777.4,-0.0105,,North Royalton,"Cleveland-Elyria, OH",Cuyahoga County
77034,44134,OH,201903,925.96,,,Parma,"Cleveland-Elyria, OH",Cuyahoga County
77034,44134,OH,201904,941.22,0.0165,,Parma,"Cleveland-Elyria, OH",Cuyahoga County
77034,44134,OH,201905,951.58,0.011,,Parma,"Cleveland-Elyria, OH",Cuyahoga County
77034,44134,OH,201906,957.63,0.0064,,Parma,"Cleveland-Elyria, OH",Cuyahoga County
77034,44134,OH,201907,967.36,0.0102,,Parma,"Cleveland-Elyria, OH",Cuyahoga County
77034,44134,OH,201908,949.11,-0.0189,,Parma,"Cleveland-Elyria, OH",Cuyahoga County
77034,44134,OH,201909,957.06,0.0084,,Parma,"Cleveland-Elyria, OH",Cuyahoga County
77034,44134,OH,201910,947.83,-0.0096,,Parma,"Cleveland-Elyria, OH",Cuyahoga County
77034,44134,OH,201911,937.94,-0.0104,,Parma,"Cleveland-Elyria, OH",Cuyahoga County
77034,44134,OH,201912,932.39,-0.0059,,Parma,"Cleveland-Elyria, OH",Cuyahoga County
77034,44134,OH,202001,937.99,0.006,,Parma,"Cleveland-Elyria, OH",Cuyahoga County
77034,44134,OH,202002,960.13,0.0236,,Parma,"Cleveland-Elyria, OH",Cuyahoga County
77034,44134,OH,202003,967.45,0.0076,0.0448,Parma,"Cleveland-Elyria, OH",Cuyahoga County
77034,44134,OH,202004,972.87,0.0056,0.0336,Parma,"Cleveland-Elyria, OH",Cuyahoga County
77034,44134,OH,202005,994.84,0.0226,0.0455,Parma,"Cleveland-Elyria, OH",Cuyahoga County
77034,44134,OH,202006,1016.22,0.0215,0.0612,Parma,"Cleveland-Elyria, OH",Cuyahoga County
77034,44134,OH,202007,1052.17,0.0354,0.0877,Parma,"Cleveland-Elyria, OH",Cuyahoga County
77034,44134,OH,202008,1071.34,0.0182,0.1288,Parma,"Cleveland-Elyria, OH",Cuyahoga County
77034,44134,OH,202009,1065.04,-0.0059,0.1128,Parma,"Cleveland-Elyria, OH",Cuyahoga County
77034,44134,OH,202010,1036.21,-0.0271,0.0932,Parma,"Cleveland-Elyria, OH",Cuyahoga County
77034,44134,OH,202011,1032.69,-0.0034,0.101,Parma,"Cleveland-Elyria, OH",Cuyahoga County
77034,44134,OH,202012,1048.62,0.0154,0.1247,Parma,"Cleveland-Elyria, OH",Cuyahoga County
77034,44134,OH,202101,1064.8,0.0154,0.1352,Parma,"Cleveland-Elyria, OH",Cuyahoga County
77034,44134,OH,202102,1077.47,0.0119,0.1222,Parma,"Cleveland-Elyria, OH",Cuyahoga County
77034,44134,OH,202103,1105.38,0.0259,0.1426,Parma,"Cleveland-Elyria, OH",Cuyahoga County
77034,44134,OH,202104,1128.76,0.0211,0.1602,Parma,"Cleveland-Elyria, OH",Cuyahoga County
77034,44134,OH,202105,1140.68,0.0106,0.1466,Parma,"Cleveland-Elyria, OH",Cuyahoga County
77034,44134,OH,202106,1138.72,-0.0017,0.1205,Parma,"Cleveland-Elyria, OH",Cuyahoga County
77034,44134,OH,202107,1157.19,0.0162,0.0998,Parma,"Cleveland-Elyria, OH",Cuyahoga County
77034,44134,OH,202108,1167.69,0.0091,0.0899,Parma,"Cleveland-Elyria, OH",Cuyahoga County
77034,44134,OH,202109,1183.18,0.0133,0.1109,Parma,"Cleveland-Elyria, OH",Cuyahoga County
77034,44134,OH,202110,1169.32,-0.0117,0.1285,Parma,"Cleveland-Elyria, OH",Cuyahoga County
77034,44134,OH,202111,1143.4,-0.0222,0.1072,Parma,"Cleveland-Elyria, OH",Cuyahoga County
77034,44134,OH,202112,1116.57,-0.0235,0.0648,Parma,"Cleveland-Elyria, OH",Cuyahoga County
77034,44134,OH,202201,1126.56,0.0089,0.058,Parma,"Cleveland-Elyria, OH",Cuyahoga County
77034,44134,OH,202202,1146.7,0.0179,0.0643,Parma,"Cleveland-Elyria, OH",Cuyahoga County
77034,44134,OH,202203,1173.41,0.0233,0.0615,Parma,"Cleveland-Elyria, OH",Cuyahoga County
77034,44134,OH,202204,1197.34,0.0204,0.0608,Parma,"Cleveland-Elyria, OH",Cuyahoga County
77034,44134,OH,202205,1239.6,0.0353,0.0867,Parma,"Cleveland-Elyria, OH",Cuyahoga County
77034,44134,OH,202206,1276.52,0.0298,0.121,Parma,"Cleveland-Elyria, OH",Cuyahoga County
77034,44134,OH,202207,1281.79,0.0041,0.1077,Parma,"Cleveland-Elyria, OH",Cuyahoga County
77034,44134,OH,202208,1270.36,-0.0089,0.0879,Parma,"Cleveland-Elyria, OH",Cuyahoga County
77034,44134,OH,202209,1247.05,-0.0184,0.054,Parma,"Cleveland-Elyria, OH",Cuyahoga County
77034,44134,OH,202210,1270.34,0.0187,0.0864,Parma,"Cleveland-Elyria, OH",Cuyahoga County
77034,44134,OH,202211,1286.44,0.0127,0.1251,Parma,"Cleveland-Elyria, OH",Cuyahoga County
77034,44134,OH,202212,1277.04,-0.0073,0.1437,Parma,"Cleveland-Elyria, OH",Cuyahoga County
77034,44134,OH,202301,1245.72,-0.0245,0.1058,Parma,"Cleveland-Elyria, OH",Cuyahoga County
77034,44134,OH,202302,1221.07,-0.0198,0.0649,Parma,"Cleveland-Elyria, OH",Cuyahoga County
77034,44134,OH,202303,1210.17,-0.0089,0.0313,Parma,"Cleveland-Elyria, OH",Cuyahoga County
77034,44134,OH,202304,1214.63,0.0037,0.0144,Parma,"Cleveland-Elyria, OH",Cuyahoga County
77034,44134,OH,202305,1220.78,0.0051,-0.0152,Parma,"Cleveland-Elyria, OH",Cuyahoga County
77034,44134,OH,202306,1237.97,0.0141,-0.0302,Parma,"Cleveland-Elyria, OH",Cuyahoga County
77034,44134,OH,202307,1235.71,-0.0018,-0.036,Parma,"Cleveland-Elyria, OH",Cuyahoga County
77034,44134,OH,202308,1254.35,0.0151,-0.0126,Parma,"Cleveland-Elyria, OH",Cuyahoga County
77034,44134,OH,202309,1276.5,0.0177,0.0236,Parma,"Cleveland-Elyria, OH",Cuyahoga County
77034,44134,OH,202310,1287.26,0.0084,0.0133,Parma,"Cleveland-Elyria, OH",Cuyahoga County
77034,44134,OH,202311,1302.94,0.0122,0.0128,Parma,"Cleveland-Elyria, OH",Cuyahoga County
77034,44134,OH,202312,1337.58,0.0266,0.0474,Parma,"Cleveland-Elyria, OH",Cuyahoga County
77034,44134,OH,202401,1356.27,0.014,0.0887,Parma,"Cleveland-Elyria, OH",Cuyahoga County
77034,44134,OH,202402,1378.68,0.0165,0.1291,Parma,"Cleveland-Elyria, OH",Cuyahoga County
77034,44134,OH,202403,1354.17,-0.0178,0.119,Parma,"Cleveland-Elyria, OH",Cuyahoga County
77034,44134,OH,202404,1345.94,-0.0061,0.1081,Parma,"Cleveland-Elyria, OH",Cuyahoga County
77034,44134,OH,202405,1340.58,-0.004,0.0981,Parma,"Cleveland-Elyria, OH",Cuyahoga County
77034,44134,OH,202406,1369.39,0.0215,0.1062,Parma,"Cleveland-Elyria, OH",Cuyahoga County
77034,44134,OH,202407,1386.07,0.0122,0.1217,Parma,"Cleveland-Elyria, OH",Cuyahoga County
77034,44134,OH,202408,1408.43,0.0161,0.1228,Parma,"Cleveland-Elyria, OH",Cuyahoga County
77034,44134,OH,202409,1421.52,0.0093,0.1136,Parma,"Cleveland-Elyria, OH",Cuyahoga County
77034,44134,OH,202410,1445.48,0.0169,0.1229,Parma,"Cleveland-Elyria, OH",Cuyahoga County
77034,44134,OH,202411,1423.32,-0.0153,0.0924,Parma,"Cleveland-Elyria, OH",Cuyahoga County
77034,44134,OH,202412,1395.14,-0.0198,0.043,Parma,"Cleveland-Elyria, OH",Cuyahoga County
77034,44134,OH,202501,1438.14,0.0308,0.0604,Parma,"Cleveland-Elyria, OH",Cuyahoga County
77034,44134,OH,202502,1460.26,0.0154,0.0592,Parma,"Cleveland-Elyria, OH",Cuyahoga County
77034,44134,OH,202503,1446.32,-0.0096,0.068,Parma,"Cleveland-Elyria, OH",Cuyahoga County
77034,44134,OH,202504,1437.16,-0.0063,0.0678,Parma,"Cleveland-Elyria, OH",Cuyahoga County
77034,44134,OH,202505,1453.42,0.0113,0.0842,Parma,"Cleveland-Elyria, OH",Cuyahoga County
77034,44134,OH,202506,1518.86,0.045,0.1092,Parma,"Cleveland-Elyria, OH",Cuyahoga County
77034,44134,OH,202507,1532.02,0.0087,0.1053,Parma,"Cleveland-Elyria, OH",Cuyahoga County
77034,44134,OH,202508,1551.0,0.0124,0.1012,Parma,"Cleveland-Elyria, OH",Cuyahoga County
77034,44134,OH,202509,1534.21,-0.0108,0.0793,Parma,"Cleveland-Elyria, OH",Cuyahoga County
77034,44134,OH,202510,1496.4,-0.0246,0.0352,Parma,"Cleveland-Elyria, OH",Cuyahoga County
77034,44134,OH,202511,1502.96,0.0044,0.056,Parma,"Cleveland-Elyria, OH",Cuyahoga County
77034,44134,OH,202512,1504.64,0.0011,0.0785,Parma,"Cleveland-Elyria, OH",Cuyahoga County
77034,44134,OH,202601,1515.51,0.0072,0.0538,Parma,"Cleveland-Elyria, OH",Cuyahoga County
77034,44134,OH,202602,1488.04,-0.0181,0.019,Parma,"Cleveland-Elyria, OH",Cuyahoga County
77034,44134,OH,202603,1594.02,0.0712,0.1021,Parma,"Cleveland-Elyria, OH",Cuyahoga County
77034,44134,OH,202604,1658.87,0.0407,0.1543,Parma,"Cleveland-Elyria, OH",Cuyahoga County
77034,44134,OH,202605,1716.19,0.0346,0.1808,Parma,"Cleveland-Elyria, OH",Cuyahoga County
77034,44134,OH,202606,1655.94,-0.0351,0.0902,Parma,"Cleveland-Elyria, OH",Cuyahoga County
77034,44134,OH,202607,1654.08,-0.0011,0.0797,Parma,"Cleveland-Elyria, OH",Cuyahoga County
77034,44134,OH,202608,1664.44,0.0063,0.0731,Parma,"Cleveland-Elyria, OH",Cuyahoga County
77035,44135,OH,202311,1229.4,,,Cleveland,"Cleveland-Elyria, OH",Cuyahoga County
77035,44135,OH,202312,1227.51,-0.0015,,Cleveland,"Cleveland-Elyria, OH",Cuyahoga County
77035,44135,OH,202401,1221.33,-0.005,,Cleveland,"Cleveland-Elyria, OH",Cuyahoga County
77035,44135,OH,202402,1225.91,0.0038,,Cleveland,"Cleveland-Elyria, OH",Cuyahoga County
77035,44135,OH,202403,1249.8,0.0195,,Cleveland,"Cleveland-Elyria, OH",Cuyahoga County
77035,44135,OH,202404,1257.76,0.0064,,Cleveland,"Cleveland-Elyria, OH",Cuyahoga County
77035,44135,OH,202406,1267.16,0.0075,,Cleveland,"Cleveland-Elyria, OH",Cuyahoga County
77035,44135,OH,202407,1291.43,0.0192,,Cleveland,"Cleveland-Elyria, OH",Cuyahoga County
77035,44135,OH,202408,1274.41,-0.0132,,Cleveland,"Cleveland-Elyria, OH",Cuyahoga County
77035,44135,OH,202409,1282.56,0.0064,,Cleveland,"Cleveland-Elyria, OH",Cuyahoga County
77035,44135,OH,202410,1265.13,-0.0136,,Cleveland,"Cleveland-Elyria, OH",Cuyahoga County
77035,44135,OH,202411,1320.85,0.044,,Cleveland,"Cleveland-Elyria, OH",Cuyahoga County
77035,44135,OH,202412,1334.58,0.0104,0.0856,Cleveland,"Cleveland-Elyria, OH",Cuyahoga County
77035,44135,OH,202501,1348.23,0.0102,0.0983,Cleveland,"Cleveland-Elyria, OH",Cuyahoga County
77035,44135,OH,202502,1296.3,-0.0385,0.0614,Cleveland,"Cleveland-Elyria, OH",Cuyahoga County
77035,44135,OH,202503,1297.67,0.0011,0.0585,Cleveland,"Cleveland-Elyria, OH",Cuyahoga County
77035,44135,OH,202504,1306.19,0.0066,0.0451,Cleveland,"Cleveland-Elyria, OH",Cuyahoga County
77035,44135,OH,202505,1316.44,0.0078,0.0467,Cleveland,"Cleveland-Elyria, OH",Cuyahoga County
77035,44135,OH,202506,1319.26,0.0021,0.0411,Cleveland,"Cleveland-Elyria, OH",Cuyahoga County
77035,44135,OH,202507,1340.12,0.0158,0.0377,Cleveland,"Cleveland-Elyria, OH",Cuyahoga County
77035,44135,OH,202508,1341.03,0.0007,0.0523,Cleveland,"Cleveland-Elyria, OH",Cuyahoga County
77035,44135,OH,202509,1369.81,0.0215,0.068,Cleveland,"Cleveland-Elyria, OH",Cuyahoga County
77035,44135,OH,202510,1388.67,0.0138,0.0976,Cleveland,"Cleveland-Elyria, OH",Cuyahoga County
77035,44135,OH,202511,1391.75,0.0022,0.0537,Cleveland,"Cleveland-Elyria, OH",Cuyahoga County
77035,44135,OH,202512,1397.41,0.0041,0.0471,Cleveland,"Cleveland-Elyria, OH",Cuyahoga County
77035,44135,OH,202601,1400.31,0.0021,0.0386,Cleveland,"Cleveland-Elyria, OH",Cuyahoga County
77035,44135,OH,202602,1389.01,-0.0081,0.0715,Cleveland,"Cleveland-Elyria, OH",Cuyahoga County
77035,44135,OH,202603,1369.97,-0.0137,0.0557,Cleveland,"Cleveland-Elyria, OH",Cuyahoga County
77035,44135,OH,202604,1342.57,-0.02,0.0279,Cleveland,"Cleveland-Elyria, OH",Cuyahoga County
77035,44135,OH,202605,1367.69,0.0187,0.0389,Cleveland,"Cleveland-Elyria, OH",Cuyahoga County
77035,44135,OH,202606,1405.76,0.0278,0.0656,Cleveland,"Cleveland-Elyria, OH",Cuyahoga County
77035,44135,OH,202607,1445.99,0.0286,0.079,Cleveland,"Cleveland-Elyria, OH",Cuyahoga County
77035,44135,OH,202608,1462.92,0.0117,0.0909,Cleveland,"Cleveland-Elyria, OH",Cuyahoga County
77037,44137,OH,202207,1019.95,,,Maple Heights,"Cleveland-Elyria, OH",Cuyahoga County
77037,44137,OH,202208,1024.83,0.0048,,Maple Heights,"Cleveland-Elyria, OH",Cuyahoga County
77037,44137,OH,202209,1058.4,0.0328,,Maple Heights,"Cleveland-Elyria, OH",Cuyahoga County
77037,44137,OH,202210,1040.33,-0.0171,,Maple Heights,"Cleveland-Elyria, OH",Cuyahoga County
77037,44137,OH,202211,1035.21,-0.0049,,Maple Heights,"Cleveland-Elyria, OH",Cuyahoga County
77037,44137,OH,202212,1022.57,-0.0122,,Maple Heights,"Cleveland-Elyria, OH",Cuyahoga County
77037,44137,OH,202301,1008.31,-0.0139,,Maple Heights,"Cleveland-Elyria, OH",Cuyahoga County
77037,44137,OH,202302,1004.28,-0.004,,Maple Heights,"Cleveland-Elyria, OH",Cuyahoga County
77037,44137,OH,202303,1018.23,0.0139,,Maple Heights,"Cleveland-Elyria, OH",Cuyahoga County
77037,44137,OH,202304,1065.25,0.0462,,Maple Heights,"Cleveland-Elyria, OH",Cuyahoga County
77037,44137,OH,202305,1075.25,0.0094,,Maple Heights,"Cleveland-Elyria, OH",Cuyahoga County
77037,44137,OH,202306,1074.1,-0.0011,,Maple Heights,"Cleveland-Elyria, OH",Cuyahoga County
77037,44137,OH,202307,1050.05,-0.0224,0.0295,Maple Heights,"Cleveland-Elyria, OH",Cuyahoga County
77037,44137,OH,202308,1071.22,0.0202,0.0453,Maple Heights,"Cleveland-Elyria, OH",Cuyahoga County
77037,44137,OH,202309,1084.33,0.0122,0.0245,Maple Heights,"Cleveland-Elyria, OH",Cuyahoga County
77037,44137,OH,202310,1101.0,0.0154,0.0583,Maple Heights,"Cleveland-Elyria, OH",Cuyahoga County
77037,44137,OH,202311,1119.49,0.0168,0.0814,Maple Heights,"Cleveland-Elyria, OH",Cuyahoga County
77037,44137,OH,202312,1129.06,0.0085,0.1041,Maple Heights,"Cleveland-Elyria, OH",Cuyahoga County
77037,44137,OH,202401,1133.92,0.0043,0.1246,Maple Heights,"Cleveland-Elyria, OH",Cuyahoga County
77037,44137,OH,202402,1129.07,-0.0043,0.1243,Maple Heights,"Cleveland-Elyria, OH",Cuyahoga County
77037,44137,OH,202403,1131.82,0.0024,0.1116,Maple Heights,"Cleveland-Elyria, OH",Cuyahoga County
77037,44137,OH,202404,1137.51,0.005,0.0678,Maple Heights,"Cleveland-Elyria, OH",Cuyahoga County
77037,44137,OH,202405,1179.43,0.0369,0.0969,Maple Heights,"Cleveland-Elyria, OH",Cuyahoga County
77037,44137,OH,202406,1193.66,0.0121,0.1113,Maple Heights,"Cleveland-Elyria, OH",Cuyahoga County
77037,44137,OH,202407,1242.34,0.0408,0.1831,Maple Heights,"Cleveland-Elyria, OH",Cuyahoga County
77037,44137,OH,202408,1229.67,-0.0102,0.1479,Maple Heights,"Cleveland-Elyria, OH",Cuyahoga County
77037,44137,OH,202409,1264.91,0.0287,0.1665,Maple Heights,"Cleveland-Elyria, OH",Cuyahoga County
77037,44137,OH,202410,1245.09,-0.0157,0.1309,Maple Heights,"Cleveland-Elyria, OH",Cuyahoga County
77037,44137,OH,202411,1255.49,0.0084,0.1215,Maple Heights,"Cleveland-Elyria, OH",Cuyahoga County
77037,44137,OH,202412,1235.12,-0.0162,0.0939,Maple Heights,"Cleveland-Elyria, OH",Cuyahoga County
77037,44137,OH,202501,1247.06,0.0097,0.0998,Maple Heights,"Cleveland-Elyria, OH",Cuyahoga County
77037,44137,OH,202502,1287.74,0.0326,0.1405,Maple Heights,"Cleveland-Elyria, OH",Cuyahoga County
77037,44137,OH,202503,1316.4,0.0223,0.1631,Maple Heights,"Cleveland-Elyria, OH",Cuyahoga County
77037,44137,OH,202504,1352.92,0.0277,0.1894,Maple Heights,"Cleveland-Elyria, OH",Cuyahoga County
77037,44137,OH,202505,1349.14,-0.0028,0.1439,Maple Heights,"Cleveland-Elyria, OH",Cuyahoga County
77037,44137,OH,202506,1356.78,0.0057,0.1367,Maple Heights,"Cleveland-Elyria, OH",Cuyahoga County
77037,44137,OH,202507,1377.79,0.0155,0.109,Maple Heights,"Cleveland-Elyria, OH",Cuyahoga County
77037,44137,OH,202508,1376.25,-0.0011,0.1192,Maple Heights,"Cleveland-Elyria, OH",Cuyahoga County
77037,44137,OH,202509,1396.46,0.0147,0.104,Maple Heights,"Cleveland-Elyria, OH",Cuyahoga County
77037,44137,OH,202510,1411.77,0.011,0.1339,Maple Heights,"Cleveland-Elyria, OH",Cuyahoga County
77037,44137,OH,202511,1405.51,-0.0044,0.1195,Maple Heights,"Cleveland-Elyria, OH",Cuyahoga County
77037,44137,OH,202512,1426.31,0.0148,0.1548,Maple Heights,"Cleveland-Elyria, OH",Cuyahoga County
77037,44137,OH,202601,1457.2,0.0217,0.1685,Maple Heights,"Cleveland-Elyria, OH",Cuyahoga County
77037,44137,OH,202602,1469.67,0.0086,0.1413,Maple Heights,"Cleveland-Elyria, OH",Cuyahoga County
77037,44137,OH,202603,1495.63,0.0177,0.1362,Maple Heights,"Cleveland-Elyria, OH",Cuyahoga County
77037,44137,OH,202604,1430.87,-0.0433,0.0576,Maple Heights,"Cleveland-Elyria, OH",Cuyahoga County
77037,44137,OH,202605,1455.25,0.017,0.0786,Maple Heights,"Cleveland-Elyria, OH",Cuyahoga County
77037,44137,OH,202606,1448.86,-0.0044,0.0679,Maple Heights,"Cleveland-Elyria, OH",Cuyahoga County
77037,44137,OH,202607,1510.79,0.0427,0.0965,Maple Heights,"Cleveland-Elyria, OH",Cuyahoga County
77037,44137,OH,202608,1560.61,0.033,0.134,Maple Heights,"Cleveland-Elyria, OH",Cuyahoga County
77038,44138,OH,202606,1960.03,,,Olmsted Falls,"Cleveland-Elyria, OH",Cuyahoga County
77038,44138,OH,202607,2008.28,0.0246,,Olmsted Falls,"Cleveland-Elyria, OH",Cuyahoga County
77038,44138,OH,202608,1966.31,-0.0209,,Olmsted Falls,"Cleveland-Elyria, OH",Cuyahoga County
77039,44139,OH,202603,2186.09,,,Solon,"Cleveland-Elyria, OH",Cuyahoga County
77039,44139,OH,202605,2594.0,0.1866,,Solon,"Cleveland-Elyria, OH",Cuyahoga County
77039,44139,OH,202606,2621.59,0.0106,,Solon,"Cleveland-Elyria, OH",Cuyahoga County
77039,44139,OH,202607,2661.41,0.0152,,Solon,"Cleveland-Elyria, OH",Cuyahoga County
77039,44139,OH,202608,2643.75,-0.0066,,Solon,"Cleveland-Elyria, OH",Cuyahoga County
77043,44143,OH,202606,1717.54,,,Highland Heights,"Cleveland-Elyria, OH",Cuyahoga County
77043,44143,OH,202607,1629.9,-0.051,,Highland Heights,"Cleveland-Elyria, OH",Cuyahoga County
77043,44143,OH,202608,1644.17,0.0088,,Highland Heights,"Cleveland-Elyria, OH",Cuyahoga County
77044,44144,OH,202608,1289.58,,,Brooklyn,"Cleveland-Elyria, OH",Cuyahoga County
77045,44145,OH,202310,1779.9,,,Westlake,"Cleveland-Elyria, OH",Cuyahoga County
77045,44145,OH,202311,1781.35,0.0008,,Westlake,"Cleveland-Elyria, OH",Cuyahoga County
77045,44145,OH,202312,1740.35,-0.023,,Westlake,"Cleveland-Elyria, OH",Cuyahoga County
77045,44145,OH,202401,1733.74,-0.0038,,Westlake,"Cleveland-Elyria, OH",Cuyahoga County
77045,44145,OH,202402,1741.5,0.0045,,Westlake,"Cleveland-Elyria, OH",Cuyahoga County
77045,44145,OH,202403,1761.63,0.0116,,Westlake,"Cleveland-Elyria, OH",Cuyahoga County
77045,44145,OH,202404,1773.85,0.0069,,Westlake,"Cleveland-Elyria, OH",Cuyahoga County
77045,44145,OH,202405,1795.8,0.0124,,Westlake,"Cleveland-Elyria, OH",Cuyahoga County
77045,44145,OH,202406,1831.52,0.0199,,Westlake,"Cleveland-Elyria, OH",Cuyahoga County
77045,44145,OH,202407,1818.99,-0.0068,,Westlake,"Cleveland-Elyria, OH",Cuyahoga County
77045,44145,OH,202408,1782.3,-0.0202,,Westlake,"Cleveland-Elyria, OH",Cuyahoga County
77045,44145,OH,202409,1762.58,-0.0111,,Westlake,"Cleveland-Elyria, OH",Cuyahoga County
77045,44145,OH,202410,1792.53,0.017,0.0071,Westlake,"Cleveland-Elyria, OH",Cuyahoga County
77045,44145,OH,202411,1808.82,0.0091,0.0154,Westlake,"Cleveland-Elyria, OH",Cuyahoga County
77045,44145,OH,202412,1834.59,0.0142,0.0542,Westlake,"Cleveland-Elyria, OH",Cuyahoga County
77045,44145,OH,202501,1834.73,0.0001,0.0582,Westlake,"Cleveland-Elyria, OH",Cuyahoga County
77045,44145,OH,202502,1882.8,0.0262,0.0811,Westlake,"Cleveland-Elyria, OH",Cuyahoga County
77045,44145,OH,202503,1910.98,0.015,0.0848,Westlake,"Cleveland-Elyria, OH",Cuyahoga County
77045,44145,OH,202504,1931.76,0.0109,0.089,Westlake,"Cleveland-Elyria, OH",Cuyahoga County
77045,44145,OH,202505,1913.26,-0.0096,0.0654,Westlake,"Cleveland-Elyria, OH",Cuyahoga County
77045,44145,OH,202506,1900.56,-0.0066,0.0377,Westlake,"Cleveland-Elyria, OH",Cuyahoga County
77045,44145,OH,202507,1868.24,-0.017,0.0271,Westlake,"Cleveland-Elyria, OH",Cuyahoga County
77045,44145,OH,202508,1852.81,-0.0083,0.0396,Westlake,"Cleveland-Elyria, OH",Cuyahoga County
77045,44145,OH,202509,1852.95,0.0001,0.0513,Westlake,"Cleveland-Elyria, OH",Cuyahoga County
77045,44145,OH,202510,1833.26,-0.0106,0.0227,Westlake,"Cleveland-Elyria, OH",Cuyahoga County
77045,44145,OH,202511,1799.87,-0.0182,-0.005,Westlake,"Cleveland-Elyria, OH",Cuyahoga County
77045,44145,OH,202512,1813.22,0.0074,-0.0116,Westlake,"Cleveland-Elyria, OH",Cuyahoga County
77045,44145,OH,202601,1834.1,0.0115,-0.0003,Westlake,"Cleveland-Elyria, OH",Cuyahoga County
77045,44145,OH,202602,1923.83,0.0489,0.0218,Westlake,"Cleveland-Elyria, OH",Cuyahoga County
77045,44145,OH,202603,1925.19,0.0007,0.0074,Westlake,"Cleveland-Elyria, OH",Cuyahoga County
77045,44145,OH,202604,1966.86,0.0216,0.0182,Westlake,"Cleveland-Elyria, OH",Cuyahoga County
77045,44145,OH,202605,1940.81,-0.0132,0.0144,Westlake,"Cleveland-Elyria, OH",Cuyahoga County
77045,44145,OH,202606,1931.17,-0.005,0.0161,Westlake,"Cleveland-Elyria, OH",Cuyahoga County
77045,44145,OH,202607,1909.45,-0.0112,0.0221,Westlake,"Cleveland-Elyria, OH",Cuyahoga County
77045,44145,OH,202608,1898.15,-0.0059,0.0245,Westlake,"Cleveland-Elyria, OH",Cuyahoga County
77046,44146,OH,202302,857.94,,,Bedford,"Cleveland-Elyria, OH",Cuyahoga County
77046,44146,OH,202303,899.51,0.0484,,Bedford,"Cleveland-Elyria, OH",Cuyahoga County
77046,44146,OH,202304,950.37,0.0566,,Bedford,"Cleveland-Elyria, OH",Cuyahoga County
77046,44146,OH,202305,959.89,0.01,,Bedford,"Cleveland-Elyria, OH",Cuyahoga County
77046,44146,OH,202306,930.88,-0.0302,,Bedford,"Cleveland-Elyria, OH",Cuyahoga County
77046,44146,OH,202307,928.78,-0.0023,,Bedford,"Cleveland-Elyria, OH",Cuyahoga County
77046,44146,OH,202308,930.99,0.0024,,Bedford,"Cleveland-Elyria, OH",Cuyahoga County
77046,44146,OH,202309,943.64,0.0136,,Bedford,"Cleveland-Elyria, OH",Cuyahoga County
77046,44146,OH,202310,934.53,-0.0097,,Bedford,"Cleveland-Elyria, OH",Cuyahoga County
77046,44146,OH,202311,934.98,0.0005,,Bedford,"Cleveland-Elyria, OH",Cuyahoga County
77046,44146,OH,202312,934.45,-0.0006,,Bedford,"Cleveland-Elyria, OH",Cuyahoga County
77046,44146,OH,202401,930.36,-0.0044,,Bedford,"Cleveland-Elyria, OH",Cuyahoga County
77046,44146,OH,202402,919.16,-0.012,0.0714,Bedford,"Cleveland-Elyria, OH",Cuyahoga County
77046,44146,OH,202403,931.43,0.0133,0.0355,Bedford,"Cleveland-Elyria, OH",Cuyahoga County
77046,44146,OH,202404,954.05,0.0243,0.0039,Bedford,"Cleveland-Elyria, OH",Cuyahoga County
77046,44146,OH,202405,964.26,0.0107,0.0046,Bedford,"Cleveland-Elyria, OH",Cuyahoga County
77046,44146,OH,202406,966.31,0.0021,0.0381,Bedford,"Cleveland-Elyria, OH",Cuyahoga County
77046,44146,OH,202407,964.56,-0.0018,0.0385,Bedford,"Cleveland-Elyria, OH",Cuyahoga County
77046,44146,OH,202408,977.44,0.0134,0.0499,Bedford,"Cleveland-Elyria, OH",Cuyahoga County
77046,44146,OH,202409,978.78,0.0014,0.0372,Bedford,"Cleveland-Elyria, OH",Cuyahoga County
77046,44146,OH,202410,974.06,-0.0048,0.0423,Bedford,"Cleveland-Elyria, OH",Cuyahoga County
77046,44146,OH,202411,969.12,-0.0051,0.0365,Bedford,"Cleveland-Elyria, OH",Cuyahoga County
77046,44146,OH,202412,961.94,-0.0074,0.0294,Bedford,"Cleveland-Elyria, OH",Cuyahoga County
77046,44146,OH,202501,958.71,-0.0034,0.0305,Bedford,"Cleveland-Elyria, OH",Cuyahoga County
77046,44146,OH,202502,957.34,-0.0014,0.0415,Bedford,"Cleveland-Elyria, OH",Cuyahoga County
77046,44146,OH,202503,970.65,0.0139,0.0421,Bedford,"Cleveland-Elyria, OH",Cuyahoga County
77046,44146,OH,202504,987.19,0.017,0.0347,Bedford,"Cleveland-Elyria, OH",Cuyahoga County
77046,44146,OH,202505,1004.89,0.0179,0.0421,Bedford,"Cleveland-Elyria, OH",Cuyahoga County
77046,44146,OH,202506,1020.2,0.0152,0.0558,Bedford,"Cleveland-Elyria, OH",Cuyahoga County
77046,44146,OH,202507,1020.04,-0.0002,0.0575,Bedford,"Cleveland-Elyria, OH",Cuyahoga County
77046,44146,OH,202508,1024.17,0.0041,0.0478,Bedford,"Cleveland-Elyria, OH",Cuyahoga County
77046,44146,OH,202509,1022.18,-0.0019,0.0443,Bedford,"Cleveland-Elyria, OH",Cuyahoga County
77046,44146,OH,202510,1021.49,-0.0007,0.0487,Bedford,"Cleveland-Elyria, OH",Cuyahoga County
77046,44146,OH,202511,1026.1,0.0045,0.0588,Bedford,"Cleveland-Elyria, OH",Cuyahoga County
77046,44146,OH,202512,1025.64,-0.0004,0.0662,Bedford,"Cleveland-Elyria, OH",Cuyahoga County
77046,44146,OH,202601,1026.08,0.0004,0.0703,Bedford,"Cleveland-Elyria, OH",Cuyahoga County
77046,44146,OH,202602,1021.73,-0.0042,0.0673,Bedford,"Cleveland-Elyria, OH",Cuyahoga County
77046,44146,OH,202603,1026.47,0.0046,0.0575,Bedford,"Cleveland-Elyria, OH",Cuyahoga County
77046,44146,OH,202604,1033.2,0.0066,0.0466,Bedford,"Cleveland-Elyria, OH",Cuyahoga County
77046,44146,OH,202605,1038.59,0.0052,0.0335,Bedford,"Cleveland-Elyria, OH",Cuyahoga County
77046,44146,OH,202606,1034.16,-0.0043,0.0137,Bedford,"Cleveland-Elyria, OH",Cuyahoga County
77046,44146,OH,202607,1035.45,0.0013,0.0151,Bedford,"Cleveland-Elyria, OH",Cuyahoga County
77046,44146,OH,202608,1043.4,0.0077,0.0188,Bedford,"Cleveland-Elyria, OH",Cuyahoga County
77047,44147,OH,202608,1600.0,,,Broadview Heights,"Cleveland-Elyria, OH",Cuyahoga County
77048,44149,OH,202608,2649.5,,,Strongsville,"Cleveland-Elyria, OH",Cuyahoga County
77064,44202,OH,202605,2839.32,,,Aurora,"Akron, OH",Portage County
77064,44202,OH,202606,2814.18,-0.0089,,Aurora,"Akron, OH",Portage County
77064,44202,OH,202607,2692.56,-0.0432,,Aurora,"Akron, OH",Portage County
77064,44202,OH,202608,2705.11,0.0047,,Aurora,"Akron, OH",Portage County
77065,44203,OH,202311,1147.42,,,Barberton,"Akron, OH",Summit County
77065,44203,OH,202401,1177.66,0.0264,,Barberton,"Akron, OH",Summit County
77065,44203,OH,202402,1145.31,-0.0275,,Barberton,"Akron, OH",Summit County
77065,44203,OH,202403,1146.52,0.0011,,Barberton,"Akron, OH",Summit County
77065,44203,OH,202404,1174.21,0.0241,,Barberton,"Akron, OH",Summit County
77065,44203,OH,202405,1196.29,0.0188,,Barberton,"Akron, OH",Summit County
77065,44203,OH,202406,1205.91,0.008,,Barberton,"Akron, OH",Summit County
77065,44203,OH,202407,1198.39,-0.0062,,Barberton,"Akron, OH",Summit County
77065,44203,OH,202408,1203.71,0.0044,,Barberton,"Akron, OH",Summit County
77065,44203,OH,202409,1197.85,-0.0049,,Barberton,"Akron, OH",Summit County
77065,44203,OH,202410,1192.07,-0.0048,,Barberton,"Akron, OH",Summit County
77065,44203,OH,202411,1188.99,-0.0026,,Barberton,"Akron, OH",Summit County
77065,44203,OH,202412,1178.43,-0.0089,0.027,Barberton,"Akron, OH",Summit County
77065,44203,OH,202501,1183.92,0.0047,0.0053,Barberton,"Akron, OH",Summit County
77065,44203,OH,202502,1191.11,0.0061,0.04,Barberton,"Akron, OH",Summit County
77065,44203,OH,202503,1209.42,0.0154,0.0549,Barberton,"Akron, OH",Summit County
77065,44203,OH,202504,1199.55,-0.0082,0.0216,Barberton,"Akron, OH",Summit County
77065,44203,OH,202505,1208.83,0.0077,0.0105,Barberton,"Akron, OH",Summit County
77065,44203,OH,202506,1207.38,-0.0012,0.0012,Barberton,"Akron, OH",Summit County
77065,44203,OH,202507,1226.71,0.016,0.0236,Barberton,"Akron, OH",Summit County
77065,44203,OH,202508,1222.39,-0.0035,0.0155,Barberton,"Akron, OH",Summit County
77065,44203,OH,202509,1224.06,0.0014,0.0219,Barberton,"Akron, OH",Summit County
77065,44203,OH,202510,1222.77,-0.0011,0.0257,Barberton,"Akron, OH",Summit County
77065,44203,OH,202511,1236.54,0.0113,0.04,Barberton,"Akron, OH",Summit County
77065,44203,OH,202512,1242.32,0.0047,0.0542,Barberton,"Akron, OH",Summit County
77065,44203,OH,202601,1259.24,0.0136,0.0636,Barberton,"Akron, OH",Summit County
77065,44203,OH,202602,1259.89,0.0005,0.0577,Barberton,"Akron, OH",Summit County
77065,44203,OH,202603,1275.36,0.0123,0.0545,Barberton,"Akron, OH",Summit County
77065,44203,OH,202604,1267.25,-0.0064,0.0564,Barberton,"Akron, OH",Summit County
77065,44203,OH,202605,1288.32,0.0166,0.0658,Barberton,"Akron, OH",Summit County
77065,44203,OH,202606,1282.56,-0.0045,0.0623,Barberton,"Akron, OH",Summit County
77065,44203,OH,202607,1318.92,0.0284,0.0752,Barberton,"Akron, OH",Summit County
77065,44203,OH,202608,1319.53,0.0005,0.0795,Barberton,"Akron, OH",Summit County
77068,44212,OH,202508,1554.22,,,Brunswick,"Cleveland-Elyria, OH",Medina County
77068,44212,OH,202509,1554.8,0.0004,,Brunswick,"Cleveland-Elyria, OH",Medina County
77068,44212,OH,202510,1571.52,0.0108,,Brunswick,"Cleveland-Elyria, OH",Medina County
77068,44212,OH,202511,1557.6,-0.0089,,Brunswick,"Cleveland-Elyria, OH",Medina County
77068,44212,OH,202512,1579.48,0.014,,Brunswick,"Cleveland-Elyria, OH",Medina County
77068,44212,OH,202601,1611.72,0.0204,,Brunswick,"Cleveland-Elyria, OH",Medina County
77068,44212,OH,202602,1600.13,-0.0072,,Brunswick,"Cleveland-Elyria, OH",Medina County
77068,44212,OH,202603,1631.86,0.0198,,Brunswick,"Cleveland-Elyria, OH",Medina County
77068,44212,OH,202604,1627.57,-0.0026,,Brunswick,"Cleveland-Elyria, OH",Medina County
77068,44212,OH,202605,1644.72,0.0105,,Brunswick,"Cleveland-Elyria, OH",Medina County
77068,44212,OH,202606,1632.57,-0.0074,,Brunswick,"Cleveland-Elyria, OH",Medina County
77068,44212,OH,202607,1631.16,-0.0009,,Brunswick,"Cleveland-Elyria, OH",Medina County
77068,44212,OH,202608,1652.61,0.0132,0.0633,Brunswick,"Cleveland-Elyria, OH",Medina County
77073,44221,OH,201810,859.37,,,Cuyahoga Falls,"Akron, OH",Summit County
77073,44221,OH,201811,858.26,-0.0013,,Cuyahoga Falls,"Akron, OH",Summit County
77073,44221,OH,201812,869.34,0.0129,,Cuyahoga Falls,"Akron, OH",Summit County
77073,44221,OH,201901,877.21,0.0091,,Cuyahoga Falls,"Akron, OH",Summit County
77073,44221,OH,201903,865.65,-0.0132,,Cuyahoga Falls,"Akron, OH",Summit County
77073,44221,OH,201904,868.84,0.0037,,Cuyahoga Falls,"Akron, OH",Summit County
77073,44221,OH,201905,891.74,0.0264,,Cuyahoga Falls,"Akron, OH",Summit County
77073,44221,OH,201906,896.69,0.0056,,Cuyahoga Falls,"Akron, OH",Summit County
77073,44221,OH,201907,898.58,0.0021,,Cuyahoga Falls,"Akron, OH",Summit County
77073,44221,OH,201908,906.37,0.0087,,Cuyahoga Falls,"Akron, OH",Summit County
77073,44221,OH,201909,907.54,0.0013,,Cuyahoga Falls,"Akron, OH",Summit County
77073,44221,OH,201910,875.97,-0.0348,,Cuyahoga Falls,"Akron, OH",Summit County
77073,44221,OH,201911,873.82,-0.0025,0.0168,Cuyahoga Falls,"Akron, OH",Summit County
77073,44221,OH,201912,882.58,0.01,0.0283,Cuyahoga Falls,"Akron, OH",Summit County
77073,44221,OH,202001,930.74,0.0546,0.0706,Cuyahoga Falls,"Akron, OH",Summit County
77073,44221,OH,202002,928.59,-0.0023,0.0586,Cuyahoga Falls,"Akron, OH",Summit County
77073,44221,OH,202003,931.45,0.0031,0.076,Cuyahoga Falls,"Akron, OH",Summit County
77073,44221,OH,202004,929.59,-0.002,0.0699,Cuyahoga Falls,"Akron, OH",Summit County
77073,44221,OH,202005,936.03,0.0069,0.0497,Cuyahoga Falls,"Akron, OH",Summit County
77073,44221,OH,202006,949.0,0.0139,0.0583,Cuyahoga Falls,"Akron, OH",Summit County
77073,44221,OH,202007,960.5,0.0121,0.0689,Cuyahoga Falls,"Akron, OH",Summit County
77073,44221,OH,202008,965.54,0.0052,0.0653,Cuyahoga Falls,"Akron, OH",Summit County
77073,44221,OH,202009,974.01,0.0088,0.0733,Cuyahoga Falls,"Akron, OH",Summit County
77073,44221,OH,202010,977.58,0.0037,0.116,Cuyahoga Falls,"Akron, OH",Summit County
77073,44221,OH,202011,988.76,0.0114,0.1315,Cuyahoga Falls,"Akron, OH",Summit County
77073,44221,OH,202012,994.47,0.0058,0.1268,Cuyahoga Falls,"Akron, OH",Summit County
77073,44221,OH,202101,985.04,-0.0095,0.0583,Cuyahoga Falls,"Akron, OH",Summit County
77073,44221,OH,202102,997.17,0.0123,0.0739,Cuyahoga Falls,"Akron, OH",Summit County
77073,44221,OH,202103,985.73,-0.0115,0.0583,Cuyahoga Falls,"Akron, OH",Summit County
77073,44221,OH,202104,996.49,0.0109,0.072,Cuyahoga Falls,"Akron, OH",Summit County
77073,44221,OH,202105,1004.07,0.0076,0.0727,Cuyahoga Falls,"Akron, OH",Summit County
77073,44221,OH,202106,1036.49,0.0323,0.0922,Cuyahoga Falls,"Akron, OH",Summit County
77073,44221,OH,202107,1064.66,0.0272,0.1084,Cuyahoga Falls,"Akron, OH",Summit County
77073,44221,OH,202108,1076.9,0.0115,0.1153,Cuyahoga Falls,"Akron, OH",Summit County
77073,44221,OH,202109,1072.98,-0.0036,0.1016,Cuyahoga Falls,"Akron, OH",Summit County
77073,44221,OH,202110,1088.3,0.0143,0.1133,Cuyahoga Falls,"Akron, OH",Summit County
77073,44221,OH,202111,1100.91,0.0116,0.1134,Cuyahoga Falls,"Akron, OH",Summit County
77073,44221,OH,202112,1108.74,0.0071,0.1149,Cuyahoga Falls,"Akron, OH",Summit County
77073,44221,OH,202201,1100.41,-0.0075,0.1171,Cuyahoga Falls,"Akron, OH",Summit County
77073,44221,OH,202202,1094.93,-0.005,0.098,Cuyahoga Falls,"Akron, OH",Summit County
77073,44221,OH,202203,1100.7,0.0053,0.1166,Cuyahoga Falls,"Akron, OH",Summit County
77073,44221,OH,202204,1107.15,0.0059,0.1111,Cuyahoga Falls,"Akron, OH",Summit County
77073,44221,OH,202205,1135.73,0.0258,0.1311,Cuyahoga Falls,"Akron, OH",Summit County
77073,44221,OH,202206,1164.61,0.0254,0.1236,Cuyahoga Falls,"Akron, OH",Summit County
77073,44221,OH,202207,1189.86,0.0217,0.1176,Cuyahoga Falls,"Akron, OH",Summit County
77073,44221,OH,202208,1192.58,0.0023,0.1074,Cuyahoga Falls,"Akron, OH",Summit County
77073,44221,OH,202209,1201.2,0.0072,0.1195,Cuyahoga Falls,"Akron, OH",Summit County
77073,44221,OH,202210,1196.96,-0.0035,0.0998,Cuyahoga Falls,"Akron, OH",Summit County
77073,44221,OH,202211,1207.61,0.0089,0.0969,Cuyahoga Falls,"Akron, OH",Summit County
77073,44221,OH,202212,1218.97,0.0094,0.0994,Cuyahoga Falls,"Akron, OH",Summit County
77073,44221,OH,202301,1237.25,0.015,0.1244,Cuyahoga Falls,"Akron, OH",Summit County
77073,44221,OH,202302,1223.26,-0.0113,0.1172,Cuyahoga Falls,"Akron, OH",Summit County
77073,44221,OH,202303,1223.68,0.0003,0.1117,Cuyahoga Falls,"Akron, OH",Summit County
77073,44221,OH,202304,1246.36,0.0185,0.1257,Cuyahoga Falls,"Akron, OH",Summit County
77073,44221,OH,202305,1257.5,0.0089,0.1072,Cuyahoga Falls,"Akron, OH",Summit County
77073,44221,OH,202306,1273.92,0.0131,0.0939,Cuyahoga Falls,"Akron, OH",Summit County
77073,44221,OH,202307,1256.55,-0.0136,0.0561,Cuyahoga Falls,"Akron, OH",Summit County
77073,44221,OH,202308,1278.23,0.0173,0.0718,Cuyahoga Falls,"Akron, OH",Summit County
77073,44221,OH,202309,1269.83,-0.0066,0.0571,Cuyahoga Falls,"Akron, OH",Summit County
77073,44221,OH,202310,1267.61,-0.0017,0.059,Cuyahoga Falls,"Akron, OH",Summit County
77073,44221,OH,202311,1249.46,-0.0143,0.0347,Cuyahoga Falls,"Akron, OH",Summit County
77073,44221,OH,202312,1261.41,0.0096,0.0348,Cuyahoga Falls,"Akron, OH",Summit County
77073,44221,OH,202401,1288.74,0.0217,0.0416,Cuyahoga Falls,"Akron, OH",Summit County
77073,44221,OH,202402,1320.05,0.0243,0.0791,Cuyahoga Falls,"Akron, OH",Summit County
77073,44221,OH,202403,1336.44,0.0124,0.0921,Cuyahoga Falls,"Akron, OH",Summit County
77073,44221,OH,202404,1334.04,-0.0018,0.0703,Cuyahoga Falls,"Akron, OH",Summit County
77073,44221,OH,202405,1328.39,-0.0042,0.0564,Cuyahoga Falls,"Akron, OH",Summit County
77073,44221,OH,202406,1313.1,-0.0115,0.0308,Cuyahoga Falls,"Akron, OH",Summit County
77073,44221,OH,202407,1317.89,0.0036,0.0488,Cuyahoga Falls,"Akron, OH",Summit County
77073,44221,OH,202408,1325.39,0.0057,0.0369,Cuyahoga Falls,"Akron, OH",Summit County
77073,44221,OH,202409,1330.06,0.0035,0.0474,Cuyahoga Falls,"Akron, OH",Summit County
77073,44221,OH,202410,1325.48,-0.0034,0.0456,Cuyahoga Falls,"Akron, OH",Summit County
77073,44221,OH,202411,1332.17,0.0051,0.0662,Cuyahoga Falls,"Akron, OH",Summit County
77073,44221,OH,202412,1333.98,0.0014,0.0575,Cuyahoga Falls,"Akron, OH",Summit County
77073,44221,OH,202501,1353.08,0.0143,0.0499,Cuyahoga Falls,"Akron, OH",Summit County
77073,44221,OH,202502,1342.57,-0.0078,0.0171,Cuyahoga Falls,"Akron, OH",Summit County
77073,44221,OH,202503,1390.46,0.0357,0.0404,Cuyahoga Falls,"Akron, OH",Summit County
77073,44221,OH,202504,1400.13,0.007,0.0495,Cuyahoga Falls,"Akron, OH",Summit County
77073,44221,OH,202505,1422.5,0.016,0.0708,Cuyahoga Falls,"Akron, OH",Summit County
77073,44221,OH,202506,1376.03,-0.0327,0.0479,Cuyahoga Falls,"Akron, OH",Summit County
77073,44221,OH,202507,1359.19,-0.0122,0.0313,Cuyahoga Falls,"Akron, OH",Summit County
77073,44221,OH,202508,1378.32,0.0141,0.0399,Cuyahoga Falls,"Akron, OH",Summit County
77073,44221,OH,202509,1419.36,0.0298,0.0671,Cuyahoga Falls,"Akron, OH",Summit County
77073,44221,OH,202510,1421.9,0.0018,0.0727,Cuyahoga Falls,"Akron, OH",Summit County
77073,44221,OH,202511,1405.75,-0.0114,0.0552,Cuyahoga Falls,"Akron, OH",Summit County
77073,44221,OH,202512,1386.11,-0.014,0.0391,Cuyahoga Falls,"Akron, OH",Summit County
77073,44221,OH,202601,1404.45,0.0132,0.038,Cuyahoga Falls,"Akron, OH",Summit County
77073,44221,OH,202602,1428.05,0.0168,0.0637,Cuyahoga Falls,"Akron, OH",Summit County
77073,44221,OH,202603,1484.41,0.0395,0.0676,Cuyahoga Falls,"Akron, OH",Summit County
77073,44221,OH,202604,1503.35,0.0128,0.0737,Cuyahoga Falls,"Akron, OH",Summit County
77073,44221,OH,202605,1511.14,0.0052,0.0623,Cuyahoga Falls,"Akron, OH",Summit County
77073,44221,OH,202606,1476.31,-0.023,0.0729,Cuyahoga Falls,"Akron, OH",Summit County
77073,44221,OH,202607,1478.2,0.0013,0.0876,Cuyahoga Falls,"Akron, OH",Summit County
77073,44221,OH,202608,1468.93,-0.0063,0.0657,Cuyahoga Falls,"Akron, OH",Summit County
77075,44223,OH,202601,1396.0,,,Cuyahoga Falls,"Akron, OH",Summit County
77075,44223,OH,202602,1439.61,0.0312,,Cuyahoga Falls,"Akron, OH",Summit County
77075,44223,OH,202603,1420.21,-0.0135,,Cuyahoga Falls,"Akron, OH",Summit County
77075,44223,OH,202604,1466.73,0.0328,,Cuyahoga Falls,"Akron, OH",Summit County
77075,44223,OH,202605,1476.03,0.0063,,Cuyahoga Falls,"Akron, OH",Summit County
77075,44223,OH,202606,1526.07,0.0339,,Cuyahoga Falls,"Akron, OH",Summit County
77075,44223,OH,202607,1547.1,0.0138,,Cuyahoga Falls,"Akron, OH",Summit County
77075,44223,OH,202608,1548.33,0.0008,,Cuyahoga Falls,"Akron, OH",Summit County
77076,44224,OH,202502,1473.6,,,Stow,"Akron, OH",Summit County
77076,44224,OH,202503,1509.58,0.0244,,Stow,"Akron, OH",Summit County
77076,44224,OH,202504,1470.6,-0.0258,,Stow,"Akron, OH",Summit County
77076,44224,OH,202505,1478.37,0.0053,,Stow,"Akron, OH",Summit County
77076,44224,OH,202506,1466.95,-0.0077,,Stow,"Akron, OH",Summit County
77076,44224,OH,202507,1497.0,0.0205,,Stow,"Akron, OH",Summit County
77076,44224,OH,202508,1473.14,-0.0159,,Stow,"Akron, OH",Summit County
77076,44224,OH,202509,1494.11,0.0142,,Stow,"Akron, OH",Summit County
77076,44224,OH,202510,1480.95,-0.0088,,Stow,"Akron, OH",Summit County
77076,44224,OH,202511,1470.17,-0.0073,,Stow,"Akron, OH",Summit County
77076,44224,OH,202512,1509.07,0.0265,,Stow,"Akron, OH",Summit County
77076,44224,OH,202601,1561.27,0.0346,,Stow,"Akron, OH",Summit County
77076,44224,OH,202602,1642.84,0.0522,0.1149,Stow,"Akron, OH",Summit County
77076,44224,OH,202603,1625.99,-0.0103,0.0771,Stow,"Akron, OH",Summit County
77076,44224,OH,202604,1638.2,0.0075,0.114,Stow,"Akron, OH",Summit County
77076,44224,OH,202605,1619.62,-0.0113,0.0955,Stow,"Akron, OH",Summit County
77076,44224,OH,202606,1639.37,0.0122,0.1175,Stow,"Akron, OH",Summit County
77076,44224,OH,202607,1631.15,-0.005,0.0896,Stow,"Akron, OH",Summit County
77076,44224,OH,202608,1652.49,0.0131,0.1217,Stow,"Akron, OH",Summit County
77083,44236,OH,202605,2667.83,,,Hudson,"Akron, OH",Summit County
77083,44236,OH,202606,2716.93,0.0184,,Hudson,"Akron, OH",Summit County
77083,44236,OH,202607,2675.7,-0.0152,,Hudson,"Akron, OH",Summit County
77083,44236,OH,202608,2667.58,-0.003,,Hudson,"Akron, OH",Summit County
77085,44240,OH,202302,1163.51,,,Kent,"Akron, OH",Portage County
77085,44240,OH,202303,1158.61,-0.0042,,Kent,"Akron, OH",Portage County
77085,44240,OH,202304,1199.46,0.0353,,Kent,"Akron, OH",Portage County
77085,44240,OH,202305,1210.73,0.0094,,Kent,"Akron, OH",Portage County
77085,44240,OH,202306,1246.45,0.0295,,Kent,"Akron, OH",Portage County
77085,44240,OH,202307,1256.21,0.0078,,Kent,"Akron, OH",Portage County
77085,44240,OH,202308,1243.57,-0.0101,,Kent,"Akron, OH",Portage County
77085,44240,OH,202309,1236.97,-0.0053,,Kent,"Akron, OH",Portage County
77085,44240,OH,202310,1250.98,0.0113,,Kent,"Akron, OH",Portage County
77085,44240,OH,202311,1278.87,0.0223,,Kent,"Akron, OH",Portage County
77085,44240,OH,202312,1303.49,0.0192,,Kent,"Akron, OH",Portage County
77085,44240,OH,202401,1319.5,0.0123,,Kent,"Akron, OH",Portage County
77085,44240,OH,202402,1323.4,0.003,0.1374,Kent,"Akron, OH",Portage County
77085,44240,OH,202403,1326.8,0.0026,0.1452,Kent,"Akron, OH",Portage County
77085,44240,OH,202404,1318.77,-0.0061,0.0995,Kent,"Akron, OH",Portage County
77085,44240,OH,202405,1312.33,-0.0049,0.0839,Kent,"Akron, OH",Portage County
77085,44240,OH,202406,1333.95,0.0165,0.0702,Kent,"Akron, OH",Portage County
77085,44240,OH,202407,1331.62,-0.0017,0.06,Kent,"Akron, OH",Portage County
77085,44240,OH,202408,1361.55,0.0225,0.0949,Kent,"Akron, OH",Portage County
77085,44240,OH,202409,1354.42,-0.0052,0.095,Kent,"Akron, OH",Portage County
77085,44240,OH,202410,1365.98,0.0085,0.0919,Kent,"Akron, OH",Portage County
77085,44240,OH,202411,1355.42,-0.0077,0.0599,Kent,"Akron, OH",Portage County
77085,44240,OH,202412,1346.47,-0.0066,0.033,Kent,"Akron, OH",Portage County
77085,44240,OH,202501,1361.38,0.0111,0.0317,Kent,"Akron, OH",Portage County
77085,44240,OH,202502,1361.61,0.0002,0.0289,Kent,"Akron, OH",Portage County
77085,44240,OH,202503,1355.0,-0.0049,0.0213,Kent,"Akron, OH",Portage County
77085,44240,OH,202504,1360.29,0.0039,0.0315,Kent,"Akron, OH",Portage County
77085,44240,OH,202505,1375.61,0.0113,0.0482,Kent,"Akron, OH",Portage County
77085,44240,OH,202506,1407.25,0.023,0.0549,Kent,"Akron, OH",Portage County
77085,44240,OH,202507,1424.9,0.0125,0.07,Kent,"Akron, OH",Portage County
77085,44240,OH,202508,1451.3,0.0185,0.0659,Kent,"Akron, OH",Portage County
77085,44240,OH,202509,1461.11,0.0068,0.0788,Kent,"Akron, OH",Portage County
77085,44240,OH,202510,1455.63,-0.0037,0.0656,Kent,"Akron, OH",Portage County
77085,44240,OH,202511,1442.78,-0.0088,0.0645,Kent,"Akron, OH",Portage County
77085,44240,OH,202512,1440.85,-0.0013,0.0701,Kent,"Akron, OH",Portage County
77085,44240,OH,202601,1432.31,-0.0059,0.0521,Kent,"Akron, OH",Portage County
77085,44240,OH,202602,1457.02,0.0173,0.0701,Kent,"Akron, OH",Portage County
77085,44240,OH,202603,1458.43,0.001,0.0763,Kent,"Akron, OH",Portage County
77085,44240,OH,202604,1505.08,0.032,0.1064,Kent,"Akron, OH",Portage County
77085,44240,OH,202605,1487.53,-0.0117,0.0814,Kent,"Akron, OH",Portage County
77085,44240,OH,202606,1519.57,0.0215,0.0798,Kent,"Akron, OH",Portage County
77085,44240,OH,202607,1541.69,0.0146,0.082,Kent,"Akron, OH",Portage County
77085,44240,OH,202608,1578.81,0.0241,0.0879,Kent,"Akron, OH",Portage County
77086,44241,OH,202607,1486.46,,,Streetsboro,"Akron, OH",Portage County
77086,44241,OH,202608,1479.5,-0.0047,,Streetsboro,"Akron, OH",Portage County
77094,44256,OH,202208,1740.55,,,Medina,"Cleveland-Elyria, OH",Medina County
77094,44256,OH,202209,1733.81,-0.0039,,Medina,"Cleveland-Elyria, OH",Medina County
77094,44256,OH,202210,1696.11,-0.0217,,Medina,"Cleveland-Elyria, OH",Medina County
77094,44256,OH,202211,1642.9,-0.0314,,Medina,"Cleveland-Elyria, OH",Medina County
77094,44256,OH,202212,1636.4,-0.004,,Medina,"Cleveland-Elyria, OH",Medina County
77094,44256,OH,202301,1654.32,0.0109,,Medina,"Cleveland-Elyria, OH",Medina County
77094,44256,OH,202302,1699.97,0.0276,,Medina,"Cleveland-Elyria, OH",Medina County
77094,44256,OH,202303,1706.03,0.0036,,Medina,"Cleveland-Elyria, OH",Medina County
77094,44256,OH,202304,1714.18,0.0048,,Medina,"Cleveland-Elyria, OH",Medina County
77094,44256,OH,202305,1694.72,-0.0114,,Medina,"Cleveland-Elyria, OH",Medina County
77094,44256,OH,202306,1690.51,-0.0025,,Medina,"Cleveland-Elyria, OH",Medina County
77094,44256,OH,202307,1698.69,0.0048,,Medina,"Cleveland-Elyria, OH",Medina County
77094,44256,OH,202308,1716.64,0.0106,-0.0137,Medina,"Cleveland-Elyria, OH",Medina County
77094,44256,OH,202309,1735.56,0.011,0.001,Medina,"Cleveland-Elyria, OH",Medina County
77094,44256,OH,202310,1737.15,0.0009,0.0242,Medina,"Cleveland-Elyria, OH",Medina County
77094,44256,OH,202311,1769.57,0.0187,0.0771,Medina,"Cleveland-Elyria, OH",Medina County
77094,44256,OH,202312,1768.85,-0.0004,0.0809,Medina,"Cleveland-Elyria, OH",Medina County
77094,44256,OH,202401,1781.89,0.0074,0.0771,Medina,"Cleveland-Elyria, OH",Medina County
77094,44256,OH,202402,1801.4,0.011,0.0597,Medina,"Cleveland-Elyria, OH",Medina County
77094,44256,OH,202403,1831.45,0.0167,0.0735,Medina,"Cleveland-Elyria, OH",Medina County
77094,44256,OH,202404,1845.83,0.0078,0.0768,Medina,"Cleveland-Elyria, OH",Medina County
77094,44256,OH,202405,1827.96,-0.0097,0.0786,Medina,"Cleveland-Elyria, OH",Medina County
77094,44256,OH,202406,1834.8,0.0037,0.0854,Medina,"Cleveland-Elyria, OH",Medina County
77094,44256,OH,202407,1813.33,-0.0117,0.0675,Medina,"Cleveland-Elyria, OH",Medina County
77094,44256,OH,202408,1815.24,0.0011,0.0574,Medina,"Cleveland-Elyria, OH",Medina County
77094,44256,OH,202409,1805.47,-0.0054,0.0403,Medina,"Cleveland-Elyria, OH",Medina County
77094,44256,OH,202410,1810.66,0.0029,0.0423,Medina,"Cleveland-Elyria, OH",Medina County
77094,44256,OH,202411,1816.36,0.0031,0.0264,Medina,"Cleveland-Elyria, OH",Medina County
77094,44256,OH,202412,1823.14,0.0037,0.0307,Medina,"Cleveland-Elyria, OH",Medina County
77094,44256,OH,202501,1814.48,-0.0047,0.0183,Medina,"Cleveland-Elyria, OH",Medina County
77094,44256,OH,202502,1810.18,-0.0024,0.0049,Medina,"Cleveland-Elyria, OH",Medina County
77094,44256,OH,202503,1818.91,0.0048,-0.0069,Medina,"Cleveland-Elyria, OH",Medina County
77094,44256,OH,202504,1844.07,0.0138,-0.0009,Medina,"Cleveland-Elyria, OH",Medina County
77094,44256,OH,202505,1853.8,0.0053,0.0141,Medina,"Cleveland-Elyria, OH",Medina County
77094,44256,OH,202506,1857.9,0.0022,0.0126,Medina,"Cleveland-Elyria, OH",Medina County
77094,44256,OH,202507,1878.03,0.0108,0.0357,Medina,"Cleveland-Elyria, OH",Medina County
77094,44256,OH,202508,1887.33,0.005,0.0397,Medina,"Cleveland-Elyria, OH",Medina County
77094,44256,OH,202509,1897.73,0.0055,0.0511,Medina,"Cleveland-Elyria, OH",Medina County
77094,44256,OH,202510,1889.46,-0.0044,0.0435,Medina,"Cleveland-Elyria, OH",Medina County
77094,44256,OH,202511,1904.38,0.0079,0.0485,Medina,"Cleveland-Elyria, OH",Medina County
77094,44256,OH,202512,1909.49,0.0027,0.0474,Medina,"Cleveland-Elyria, OH",Medina County
77094,44256,OH,202601,1922.31,0.0067,0.0594,Medina,"Cleveland-Elyria, OH",Medina County
77094,44256,OH,202602,1933.94,0.0061,0.0684,Medina,"Cleveland-Elyria, OH",Medina County
77094,44256,OH,202603,1914.3,-0.0102,0.0524,Medina,"Cleveland-Elyria, OH",Medina County
77094,44256,OH,202604,1899.46,-0.0078,0.03,Medina,"Cleveland-Elyria, OH",Medina County
77094,44256,OH,202605,1894.92,-0.0024,0.0222,Medina,"Cleveland-Elyria, OH",Medina County
77094,44256,OH,202606,1912.52,0.0093,0.0294,Medina,"Cleveland-Elyria, OH",Medina County
77094,44256,OH,202607,1934.92,0.0117,0.0303,Medina,"Cleveland-Elyria, OH",Medina County
77094,44256,OH,202608,1924.8,-0.0052,0.0199,Medina,"Cleveland-Elyria, OH",Medina County
77109,44281,OH,202601,1688.42,,,Wadsworth,"Cleveland-Elyria, OH",Medina County
77109,44281,OH,202602,1679.4,-0.0053,,Wadsworth,"Cleveland-Elyria, OH",Medina County
77109,44281,OH,202603,1653.29,-0.0156,,Wadsworth,"Cleveland-Elyria, OH",Medina County
77109,44281,OH,202604,1655.24,0.0012,,Wadsworth,"Cleveland-Elyria, OH",Medina County
77109,44281,OH,202605,1672.85,0.0106,,Wadsworth,"Cleveland-Elyria, OH",Medina County
77109,44281,OH,202606,1675.04,0.0013,,Wadsworth,"Cleveland-Elyria, OH",Medina County
77109,44281,OH,202607,1680.56,0.0033,,Wadsworth,"Cleveland-Elyria, OH",Medina County
77109,44281,OH,202608,1704.02,0.014,,Wadsworth,"Cleveland-Elyria, OH",Medina County
77115,44301,OH,202412,1142.57,,,Akron,"Akron, OH",Summit County
77115,44301,OH,202501,1144.18,0.0014,,Akron,"Akron, OH",Summit County
77115,44301,OH,202502,1142.12,-0.0018,,Akron,"Akron, OH",Summit County
77115,44301,OH,202503,1150.53,0.0074,,Akron,"Akron, OH",Summit County
77115,44301,OH,202504,1152.38,0.0016,,Akron,"Akron, OH",Summit County
77115,44301,OH,202505,1190.45,0.033,,Akron,"Akron, OH",Summit County
77115,44301,OH,202506,1193.13,0.0022,,Akron,"Akron, OH",Summit County
77115,44301,OH,202507,1201.45,0.007,,Akron,"Akron, OH",Summit County
77115,44301,OH,202508,1167.21,-0.0285,,Akron,"Akron, OH",Summit County
77115,44301,OH,202509,1160.24,-0.006,,Akron,"Akron, OH",Summit County
77115,44301,OH,202510,1156.02,-0.0036,,Akron,"Akron, OH",Summit County
77115,44301,OH,202511,1167.41,0.0099,,Akron,"Akron, OH",Summit County
77115,44301,OH,202512,1171.57,0.0036,0.0254,Akron,"Akron, OH",Summit County
77115,44301,OH,202601,1171.88,0.0003,0.0242,Akron,"Akron, OH",Summit County
77115,44301,OH,202602,1202.83,0.0264,0.0532,Akron,"Akron, OH",Summit County
77115,44301,OH,202603,1210.92,0.0067,0.0525,Akron,"Akron, OH",Summit County
77115,44301,OH,202604,1205.35,-0.0046,0.046,Akron,"Akron, OH",Summit County
77115,44301,OH,202605,1250.23,0.0372,0.0502,Akron,"Akron, OH",Summit County
77115,44301,OH,202606,1261.32,0.0089,0.0572,Akron,"Akron, OH",Summit County
77115,44301,OH,202607,1281.25,0.0158,0.0664,Akron,"Akron, OH",Summit County
77115,44301,OH,202608,1229.73,-0.0402,0.0536,Akron,"Akron, OH",Summit County
77116,44302,OH,202507,1131.07,,,Akron,"Akron, OH",Summit County
77116,44302,OH,202508,1189.79,0.0519,,Akron,"Akron, OH",Summit County
77116,44302,OH,202509,1253.23,0.0533,,Akron,"Akron, OH",Summit County
77116,44302,OH,202510,1268.96,0.0126,,Akron,"Akron, OH",Summit County
77116,44302,OH,202511,1223.15,-0.0361,,Akron,"Akron, OH",Summit County
77116,44302,OH,202512,1154.78,-0.0559,,Akron,"Akron, OH",Summit County
77116,44302,OH,202601,1168.94,0.0123,,Akron,"Akron, OH",Summit County
77116,44302,OH,202602,1147.65,-0.0182,,Akron,"Akron, OH",Summit County
77116,44302,OH,202603,1180.63,0.0287,,Akron,"Akron, OH",Summit County
77116,44302,OH,202604,1147.66,-0.0279,,Akron,"Akron, OH",Summit County
77116,44302,OH,202605,1169.62,0.0191,,Akron,"Akron, OH",Summit County
77116,44302,OH,202608,1211.67,0.0359,,Akron,"Akron, OH",Summit County
77117,44303,OH,202607,1004.76,,,Akron,"Akron, OH",Summit County
77117,44303,OH,202608,1016.25,0.0114,,Akron,"Akron, OH",Summit County
77119,44305,OH,202110,861.37,,,Akron,"Akron, OH",Summit County
77119,44305,OH,202111,864.57,0.0037,,Akron,"Akron, OH",Summit County
77119,44305,OH,202112,856.46,-0.0094,,Akron,"Akron, OH",Summit County
77119,44305,OH,202201,866.34,0.0115,,Akron,"Akron, OH",Summit County
77119,44305,OH,202202,875.75,0.0109,,Akron,"Akron, OH",Summit County
77119,44305,OH,202203,894.09,0.0209,,Akron,"Akron, OH",Summit County
77119,44305,OH,202204,898.53,0.005,,Akron,"Akron, OH",Summit County
77119,44305,OH,202205,914.68,0.018,,Akron,"Akron, OH",Summit County
77119,44305,OH,202206,915.89,0.0013,,Akron,"Akron, OH",Summit County
77119,44305,OH,202207,940.86,0.0273,,Akron,"Akron, OH",Summit County
77119,44305,OH,202208,967.76,0.0286,,Akron,"Akron, OH",Summit County
77119,44305,OH,202209,989.4,0.0224,,Akron,"Akron, OH",Summit County
77119,44305,OH,202210,981.06,-0.0084,0.139,Akron,"Akron, OH",Summit County
77119,44305,OH,202211,962.09,-0.0193,0.1128,Akron,"Akron, OH",Summit County
77119,44305,OH,202212,980.55,0.0192,0.1449,Akron,"Akron, OH",Summit County
77119,44305,OH,202301,986.73,0.0063,0.139,Akron,"Akron, OH",Summit County
77119,44305,OH,202302,996.16,0.0095,0.1375,Akron,"Akron, OH",Summit County
77119,44305,OH,202303,978.07,-0.0182,0.0939,Akron,"Akron, OH",Summit County
77119,44305,OH,202304,993.52,0.0158,0.1057,Akron,"Akron, OH",Summit County
77119,44305,OH,202305,1011.04,0.0176,0.1054,Akron,"Akron, OH",Summit County
77119,44305,OH,202306,1037.06,0.0257,0.1323,Akron,"Akron, OH",Summit County
77119,44305,OH,202307,1046.47,0.0091,0.1123,Akron,"Akron, OH",Summit County
77119,44305,OH,202308,1027.49,-0.0181,0.0617,Akron,"Akron, OH",Summit County
77119,44305,OH,202309,1024.14,-0.0033,0.0351,Akron,"Akron, OH",Summit County
77119,44305,OH,202310,1023.27,-0.0008,0.043,Akron,"Akron, OH",Summit County
77119,44305,OH,202311,1030.58,0.0071,0.0712,Akron,"Akron, OH",Summit County
77119,44305,OH,202312,1027.47,-0.003,0.0479,Akron,"Akron, OH",Summit County
77119,44305,OH,202401,1038.38,0.0106,0.0523,Akron,"Akron, OH",Summit County
77119,44305,OH,202402,1030.69,-0.0074,0.0347,Akron,"Akron, OH",Summit County
77119,44305,OH,202403,1034.29,0.0035,0.0575,Akron,"Akron, OH",Summit County
77119,44305,OH,202404,1043.62,0.009,0.0504,Akron,"Akron, OH",Summit County
77119,44305,OH,202405,1101.0,0.055,0.089,Akron,"Akron, OH",Summit County
77119,44305,OH,202406,1139.83,0.0353,0.0991,Akron,"Akron, OH",Summit County
77119,44305,OH,202407,1150.04,0.009,0.099,Akron,"Akron, OH",Summit County
77119,44305,OH,202408,1125.56,-0.0213,0.0954,Akron,"Akron, OH",Summit County
77119,44305,OH,202409,1109.22,-0.0145,0.0831,Akron,"Akron, OH",Summit County
77119,44305,OH,202410,1084.7,-0.0221,0.06,Akron,"Akron, OH",Summit County
77119,44305,OH,202411,1095.12,0.0096,0.0626,Akron,"Akron, OH",Summit County
77119,44305,OH,202412,1099.35,0.0039,0.07,Akron,"Akron, OH",Summit County
77119,44305,OH,202501,1116.58,0.0157,0.0753,Akron,"Akron, OH",Summit County
77119,44305,OH,202502,1116.03,-0.0005,0.0828,Akron,"Akron, OH",Summit County
77119,44305,OH,202503,1107.46,-0.0077,0.0707,Akron,"Akron, OH",Summit County
77119,44305,OH,202504,1112.39,0.0044,0.0659,Akron,"Akron, OH",Summit County
77119,44305,OH,202505,1110.52,-0.0017,0.0086,Akron,"Akron, OH",Summit County
77119,44305,OH,202506,1117.8,0.0066,-0.0193,Akron,"Akron, OH",Summit County
77119,44305,OH,202507,1118.97,0.001,-0.027,Akron,"Akron, OH",Summit County
77119,44305,OH,202508,1139.01,0.0179,0.012,Akron,"Akron, OH",Summit County
77119,44305,OH,202509,1169.22,0.0265,0.0541,Akron,"Akron, OH",Summit County
77119,44305,OH,202510,1189.55,0.0174,0.0967,Akron,"Akron, OH",Summit County
77119,44305,OH,202511,1180.87,-0.0073,0.0783,Akron,"Akron, OH",Summit County
77119,44305,OH,202512,1176.3,-0.0039,0.07,Akron,"Akron, OH",Summit County
77119,44305,OH,202601,1178.18,0.0016,0.0552,Akron,"Akron, OH",Summit County
77119,44305,OH,202602,1167.66,-0.0089,0.0463,Akron,"Akron, OH",Summit County
77119,44305,OH,202603,1154.41,-0.0113,0.0424,Akron,"Akron, OH",Summit County
77119,44305,OH,202604,1137.28,-0.0148,0.0224,Akron,"Akron, OH",Summit County
77119,44305,OH,202605,1149.44,0.0107,0.035,Akron,"Akron, OH",Summit County
77119,44305,OH,202606,1171.56,0.0192,0.0481,Akron,"Akron, OH",Summit County
77119,44305,OH,202607,1193.42,0.0187,0.0665,Akron,"Akron, OH",Summit County
77119,44305,OH,202608,1191.9,-0.0013,0.0464,Akron,"Akron, OH",Summit County
77120,44306,OH,202303,775.69,,,Akron,"Akron, OH",Summit County
77120,44306,OH,202304,784.18,0.0109,,Akron,"Akron, OH",Summit County
77120,44306,OH,202305,782.35,-0.0023,,Akron,"Akron, OH",Summit County
77120,44306,OH,202306,809.75,0.035,,Akron,"Akron, OH",Summit County
77120,44306,OH,202307,805.56,-0.0052,,Akron,"Akron, OH",Summit County
77120,44306,OH,202308,828.38,0.0283,,Akron,"Akron, OH",Summit County
77120,44306,OH,202309,826.92,-0.0018,,Akron,"Akron, OH",Summit County
77120,44306,OH,202310,833.68,0.0082,,Akron,"Akron, OH",Summit County
77120,44306,OH,202311,813.45,-0.0243,,Akron,"Akron, OH",Summit County
77120,44306,OH,202312,840.47,0.0332,,Akron,"Akron, OH",Summit County
77120,44306,OH,202401,859.91,0.0231,,Akron,"Akron, OH",Summit County
77120,44306,OH,202402,888.31,0.033,,Akron,"Akron, OH",Summit County
77120,44306,OH,202403,862.86,-0.0286,0.1124,Akron,"Akron, OH",Summit County
77120,44306,OH,202404,861.66,-0.0014,0.0988,Akron,"Akron, OH",Summit County
77120,44306,OH,202405,855.23,-0.0075,0.0932,Akron,"Akron, OH",Summit County
77120,44306,OH,202406,880.16,0.0291,0.087,Akron,"Akron, OH",Summit County
77120,44306,OH,202407,884.63,0.0051,0.0982,Akron,"Akron, OH",Summit County
77120,44306,OH,202408,893.64,0.0102,0.0788,Akron,"Akron, OH",Summit County
77120,44306,OH,202409,904.56,0.0122,0.0939,Akron,"Akron, OH",Summit County
77120,44306,OH,202410,926.42,0.0242,0.1112,Akron,"Akron, OH",Summit County
77120,44306,OH,202411,926.64,0.0002,0.1391,Akron,"Akron, OH",Summit County
77120,44306,OH,202412,924.02,-0.0028,0.0994,Akron,"Akron, OH",Summit County
77120,44306,OH,202501,925.96,0.0021,0.0768,Akron,"Akron, OH",Summit County
77120,44306,OH,202502,932.28,0.0068,0.0495,Akron,"Akron, OH",Summit County
77120,44306,OH,202503,928.4,-0.0042,0.076,Akron,"Akron, OH",Summit County
77120,44306,OH,202504,896.95,-0.0339,0.041,Akron,"Akron, OH",Summit County
77120,44306,OH,202505,897.36,0.0004,0.0493,Akron,"Akron, OH",Summit County
77120,44306,OH,202506,922.2,0.0277,0.0478,Akron,"Akron, OH",Summit County
77120,44306,OH,202507,949.02,0.0291,0.0728,Akron,"Akron, OH",Summit County
77120,44306,OH,202508,977.93,0.0305,0.0943,Akron,"Akron, OH",Summit County
77120,44306,OH,202509,968.67,-0.0095,0.0709,Akron,"Akron, OH",Summit County
77120,44306,OH,202510,973.66,0.0051,0.051,Akron,"Akron, OH",Summit County
77120,44306,OH,202511,963.04,-0.0109,0.0393,Akron,"Akron, OH",Summit County
77120,44306,OH,202512,983.94,0.0217,0.0648,Akron,"Akron, OH",Summit County
77120,44306,OH,202601,980.48,-0.0035,0.0589,Akron,"Akron, OH",Summit County
77120,44306,OH,202602,986.92,0.0066,0.0586,Akron,"Akron, OH",Summit County
77120,44306,OH,202603,992.6,0.0058,0.0691,Akron,"Akron, OH",Summit County
77120,44306,OH,202604,993.29,0.0007,0.1074,Akron,"Akron, OH",Summit County
77120,44306,OH,202605,978.18,-0.0152,0.0901,Akron,"Akron, OH",Summit County
77120,44306,OH,202606,978.03,-0.0002,0.0605,Akron,"Akron, OH",Summit County
77120,44306,OH,202607,997.95,0.0204,0.0516,Akron,"Akron, OH",Summit County
77120,44306,OH,202608,1018.28,0.0204,0.0413,Akron,"Akron, OH",Summit County
77121,44307,OH,202608,1250.0,,,Akron,"Akron, OH",Summit County
77124,44310,OH,202312,1013.49,,,Akron,"Akron, OH",Summit County
77124,44310,OH,202401,1026.32,0.0127,,Akron,"Akron, OH",Summit County
77124,44310,OH,202402,1038.61,0.012,,Akron,"Akron, OH",Summit County
77124,44310,OH,202403,1022.6,-0.0154,,Akron,"Akron, OH",Summit County
77124,44310,OH,202404,1032.84,0.01,,Akron,"Akron, OH",Summit County
77124,44310,OH,202405,1053.35,0.0199,,Akron,"Akron, OH",Summit County
77124,44310,OH,202406,1077.88,0.0233,,Akron,"Akron, OH",Summit County
77124,44310,OH,202407,1091.32,0.0125,,Akron,"Akron, OH",Summit County
77124,44310,OH,202408,1088.45,-0.0026,,Akron,"Akron, OH",Summit County
77124,44310,OH,202409,1087.71,-0.0007,,Akron,"Akron, OH",Summit County
77124,44310,OH,202410,1062.59,-0.0231,,Akron,"Akron, OH",Summit County
77124,44310,OH,202411,1079.86,0.0163,,Akron,"Akron, OH",Summit County
77124,44310,OH,202412,1076.08,-0.0035,0.0618,Akron,"Akron, OH",Summit County
77124,44310,OH,202501,1088.29,0.0114,0.0604,Akron,"Akron, OH",Summit County
77124,44310,OH,202502,1086.66,-0.0015,0.0463,Akron,"Akron, OH",Summit County
77124,44310,OH,202503,1090.78,0.0038,0.0667,Akron,"Akron, OH",Summit County
77124,44310,OH,202504,1068.94,-0.02,0.0349,Akron,"Akron, OH",Summit County
77124,44310,OH,202505,1065.52,-0.0032,0.0116,Akron,"Akron, OH",Summit County
77124,44310,OH,202506,1065.75,0.0002,-0.0113,Akron,"Akron, OH",Summit County
77124,44310,OH,202507,1102.81,0.0348,0.0105,Akron,"Akron, OH",Summit County
77124,44310,OH,202508,1108.3,0.005,0.0182,Akron,"Akron, OH",Summit County
77124,44310,OH,202509,1121.57,0.012,0.0311,Akron,"Akron, OH",Summit County
77124,44310,OH,202510,1100.45,-0.0188,0.0356,Akron,"Akron, OH",Summit County
77124,44310,OH,202511,1093.06,-0.0067,0.0122,Akron,"Akron, OH",Summit County
77124,44310,OH,202512,1093.41,0.0003,0.0161,Akron,"Akron, OH",Summit County
77124,44310,OH,202601,1121.48,0.0257,0.0305,Akron,"Akron, OH",Summit County
77124,44310,OH,202602,1152.24,0.0274,0.0604,Akron,"Akron, OH",Summit County
77124,44310,OH,202603,1146.19,-0.0053,0.0508,Akron,"Akron, OH",Summit County
77124,44310,OH,202604,1149.31,0.0027,0.0752,Akron,"Akron, OH",Summit County
77124,44310,OH,202605,1121.58,-0.0241,0.0526,Akron,"Akron, OH",Summit County
77124,44310,OH,202606,1139.39,0.0159,0.0691,Akron,"Akron, OH",Summit County
77124,44310,OH,202607,1126.68,-0.0112,0.0216,Akron,"Akron, OH",Summit County
77124,44310,OH,202608,1159.83,0.0294,0.0465,Akron,"Akron, OH",Summit County
77125,44311,OH,202507,1008.73,,,Akron,"Akron, OH",Summit County
77125,44311,OH,202508,1009.07,0.0003,,Akron,"Akron, OH",Summit County
77125,44311,OH,202509,992.31,-0.0166,,Akron,"Akron, OH",Summit County
77125,44311,OH,202510,970.92,-0.0215,,Akron,"Akron, OH",Summit County
77125,44311,OH,202511,972.05,0.0012,,Akron,"Akron, OH",Summit County
77125,44311,OH,202512,975.68,0.0037,,Akron,"Akron, OH",Summit County
77125,44311,OH,202601,964.3,-0.0117,,Akron,"Akron, OH",Summit County
77125,44311,OH,202602,965.13,0.0009,,Akron,"Akron, OH",Summit County
77125,44311,OH,202603,992.71,0.0286,,Akron,"Akron, OH",Summit County
77125,44311,OH,202604,1028.5,0.0361,,Akron,"Akron, OH",Summit County
77125,44311,OH,202605,1039.44,0.0106,,Akron,"Akron, OH",Summit County
77125,44311,OH,202606,1042.25,0.0027,,Akron,"Akron, OH",Summit County
77125,44311,OH,202607,1048.3,0.0058,0.0392,Akron,"Akron, OH",Summit County
77125,44311,OH,202608,1076.33,0.0267,0.0667,Akron,"Akron, OH",Summit County
77126,44312,OH,202505,1249.77,,,Lakemore,"Akron, OH",Summit County
77126,44312,OH,202506,1279.62,0.0239,,Lakemore,"Akron, OH",Summit County
77126,44312,OH,202507,1286.68,0.0055,,Lakemore,"Akron, OH",Summit County
77126,44312,OH,202508,1315.21,0.0222,,Lakemore,"Akron, OH",Summit County
77126,44312,OH,202509,1336.01,0.0158,,Lakemore,"Akron, OH",Summit County
77126,44312,OH,202510,1330.29,-0.0043,,Lakemore,"Akron, OH",Summit County
77126,44312,OH,202511,1306.19,-0.0181,,Lakemore,"Akron, OH",Summit County
77126,44312,OH,202512,1253.01,-0.0407,,Lakemore,"Akron, OH",Summit County
77126,44312,OH,202601,1231.15,-0.0174,,Lakemore,"Akron, OH",Summit County
77126,44312,OH,202602,1245.4,0.0116,,Lakemore,"Akron, OH",Summit County
77126,44312,OH,202603,1281.9,0.0293,,Lakemore,"Akron, OH",Summit County
77126,44312,OH,202604,1304.86,0.0179,,Lakemore,"Akron, OH",Summit County
77126,44312,OH,202605,1337.14,0.0247,0.0699,Lakemore,"Akron, OH",Summit County
77126,44312,OH,202606,1352.33,0.0114,0.0568,Lakemore,"Akron, OH",Summit County
77126,44312,OH,202607,1365.27,0.0096,0.0611,Lakemore,"Akron, OH",Summit County
77126,44312,OH,202608,1360.67,-0.0034,0.0346,Lakemore,"Akron, OH",Summit County
77127,44313,OH,202306,1194.1,,,Akron,"Akron, OH",Summit County
77127,44313,OH,202307,1227.61,0.0281,,Akron,"Akron, OH",Summit County
77127,44313,OH,202308,1254.87,0.0222,,Akron,"Akron, OH",Summit County
77127,44313,OH,202309,1287.42,0.0259,,Akron,"Akron, OH",Summit County
77127,44313,OH,202310,1249.96,-0.0291,,Akron,"Akron, OH",Summit County
77127,44313,OH,202312,1194.12,-0.0447,,Akron,"Akron, OH",Summit County
77127,44313,OH,202401,1194.26,0.0001,,Akron,"Akron, OH",Summit County
77127,44313,OH,202402,1193.72,-0.0004,,Akron,"Akron, OH",Summit County
77127,44313,OH,202403,1204.76,0.0092,,Akron,"Akron, OH",Summit County
77127,44313,OH,202404,1238.02,0.0276,,Akron,"Akron, OH",Summit County
77127,44313,OH,202405,1268.13,0.0243,,Akron,"Akron, OH",Summit County
77127,44313,OH,202406,1283.73,0.0123,,Akron,"Akron, OH",Summit County
77127,44313,OH,202407,1299.47,0.0123,0.0882,Akron,"Akron, OH",Summit County
77127,44313,OH,202408,1295.77,-0.0028,0.0555,Akron,"Akron, OH",Summit County
77127,44313,OH,202409,1289.17,-0.0051,0.0273,Akron,"Akron, OH",Summit County
77127,44313,OH,202410,1279.2,-0.0077,-0.0064,Akron,"Akron, OH",Summit County
77127,44313,OH,202411,1272.0,-0.0056,0.0176,Akron,"Akron, OH",Summit County
77127,44313,OH,202412,1292.14,0.0158,0.0821,Akron,"Akron, OH",Summit County
77127,44313,OH,202501,1287.53,-0.0036,0.0781,Akron,"Akron, OH",Summit County
77127,44313,OH,202502,1331.46,0.0341,0.1154,Akron,"Akron, OH",Summit County
77127,44313,OH,202503,1317.41,-0.0106,0.0935,Akron,"Akron, OH",Summit County
77127,44313,OH,202504,1336.32,0.0144,0.0794,Akron,"Akron, OH",Summit County
77127,44313,OH,202505,1321.43,-0.0111,0.042,Akron,"Akron, OH",Summit County
77127,44313,OH,202506,1333.05,0.0088,0.0384,Akron,"Akron, OH",Summit County
77127,44313,OH,202507,1349.12,0.0121,0.0382,Akron,"Akron, OH",Summit County
77127,44313,OH,202508,1367.33,0.0135,0.0552,Akron,"Akron, OH",Summit County
77127,44313,OH,202509,1387.19,0.0145,0.076,Akron,"Akron, OH",Summit County
77127,44313,OH,202510,1385.35,-0.0013,0.083,Akron,"Akron, OH",Summit County
77127,44313,OH,202511,1358.65,-0.0193,0.0681,Akron,"Akron, OH",Summit County
77127,44313,OH,202512,1357.58,-0.0008,0.0506,Akron,"Akron, OH",Summit County
77127,44313,OH,202601,1378.61,0.0155,0.0707,Akron,"Akron, OH",Summit County
77127,44313,OH,202602,1390.91,0.0089,0.0447,Akron,"Akron, OH",Summit County
77127,44313,OH,202603,1420.91,0.0216,0.0786,Akron,"Akron, OH",Summit County
77127,44313,OH,202604,1408.37,-0.0088,0.0539,Akron,"Akron, OH",Summit County
77127,44313,OH,202605,1419.29,0.0078,0.0741,Akron,"Akron, OH",Summit County
77127,44313,OH,202606,1403.27,-0.0113,0.0527,Akron,"Akron, OH",Summit County
77127,44313,OH,202607,1427.2,0.0171,0.0579,Akron,"Akron, OH",Summit County
77127,44313,OH,202608,1429.95,0.0019,0.0458,Akron,"Akron, OH",Summit County
77128,44314,OH,202210,942.51,,,Akron,"Akron, OH",Summit County
77128,44314,OH,202211,964.42,0.0232,,Akron,"Akron, OH",Summit County
77128,44314,OH,202212,946.78,-0.0183,,Akron,"Akron, OH",Summit County
77128,44314,OH,202301,948.18,0.0015,,Akron,"Akron, OH",Summit County
77128,44314,OH,202302,918.7,-0.0311,,Akron,"Akron, OH",Summit County
77128,44314,OH,202303,914.65,-0.0044,,Akron,"Akron, OH",Summit County
77128,44314,OH,202305,927.2,0.0137,,Akron,"Akron, OH",Summit County
77128,44314,OH,202306,972.82,0.0492,,Akron,"Akron, OH",Summit County
77128,44314,OH,202307,1002.36,0.0304,,Akron,"Akron, OH",Summit County
77128,44314,OH,202308,1010.09,0.0077,,Akron,"Akron, OH",Summit County
77128,44314,OH,202309,983.03,-0.0268,,Akron,"Akron, OH",Summit County
77128,44314,OH,202310,978.24,-0.0049,,Akron,"Akron, OH",Summit County
77128,44314,OH,202311,970.55,-0.0079,0.0297,Akron,"Akron, OH",Summit County
77128,44314,OH,202312,995.16,0.0254,0.0319,Akron,"Akron, OH",Summit County
77128,44314,OH,202401,1011.79,0.0167,0.0687,Akron,"Akron, OH",Summit County
77128,44314,OH,202402,1036.02,0.0239,0.0926,Akron,"Akron, OH",Summit County
77128,44314,OH,202403,1018.12,-0.0173,0.1082,Akron,"Akron, OH",Summit County
77128,44314,OH,202404,1013.16,-0.0049,0.1077,Akron,"Akron, OH",Summit County
77128,44314,OH,202405,1012.74,-0.0004,0.0923,Akron,"Akron, OH",Summit County
77128,44314,OH,202407,1052.25,0.039,0.0816,Akron,"Akron, OH",Summit County
77128,44314,OH,202408,1057.83,0.0053,0.0553,Akron,"Akron, OH",Summit County
77128,44314,OH,202409,1039.82,-0.017,0.0294,Akron,"Akron, OH",Summit County
77128,44314,OH,202410,1032.06,-0.0075,0.0499,Akron,"Akron, OH",Summit County
77128,44314,OH,202411,1028.43,-0.0035,0.0513,Akron,"Akron, OH",Summit County
77128,44314,OH,202412,1067.48,0.038,0.0999,Akron,"Akron, OH",Summit County
77128,44314,OH,202501,1085.7,0.0171,0.091,Akron,"Akron, OH",Summit County
77128,44314,OH,202502,1119.77,0.0314,0.1067,Akron,"Akron, OH",Summit County
77128,44314,OH,202503,1091.83,-0.025,0.0539,Akron,"Akron, OH",Summit County
77128,44314,OH,202504,1093.82,0.0018,0.0744,Akron,"Akron, OH",Summit County
77128,44314,OH,202505,1084.84,-0.0082,0.0708,Akron,"Akron, OH",Summit County
77128,44314,OH,202506,1095.41,0.0097,0.0816,Akron,"Akron, OH",Summit County
77128,44314,OH,202507,1107.61,0.0111,0.0526,Akron,"Akron, OH",Summit County
77128,44314,OH,202508,1107.21,-0.0004,0.0467,Akron,"Akron, OH",Summit County
77128,44314,OH,202509,1099.2,-0.0072,0.0571,Akron,"Akron, OH",Summit County
77128,44314,OH,202510,1101.49,0.0021,0.0673,Akron,"Akron, OH",Summit County
77128,44314,OH,202511,1106.48,0.0045,0.0759,Akron,"Akron, OH",Summit County
77128,44314,OH,202512,1103.92,-0.0023,0.0341,Akron,"Akron, OH",Summit County
77128,44314,OH,202601,1094.02,-0.009,0.0077,Akron,"Akron, OH",Summit County
77128,44314,OH,202602,1104.82,0.0099,-0.0133,Akron,"Akron, OH",Summit County
77128,44314,OH,202603,1128.62,0.0215,0.0337,Akron,"Akron, OH",Summit County
77128,44314,OH,202604,1135.93,0.0065,0.0385,Akron,"Akron, OH",Summit County
77128,44314,OH,202605,1144.31,0.0074,0.0548,Akron,"Akron, OH",Summit County
77128,44314,OH,202606,1147.42,0.0027,0.0475,Akron,"Akron, OH",Summit County
77128,44314,OH,202607,1146.7,-0.0006,0.0353,Akron,"Akron, OH",Summit County
77128,44314,OH,202608,1141.63,-0.0044,0.0311,Akron,"Akron, OH",Summit County
77132,44319,OH,202606,1462.23,,,Akron,"Akron, OH",Summit County
77132,44319,OH,202607,1490.7,0.0195,,Akron,"Akron, OH",Summit County
77132,44319,OH,202608,1518.0,0.0183,,Akron,"Akron, OH",Summit County
77133,44320,OH,202308,966.54,,,Akron,"Akron, OH",Summit County
77133,44320,OH,202309,978.48,0.0124,,Akron,"Akron, OH",Summit County
77133,44320,OH,202310,997.8,0.0197,,Akron,"Akron, OH",Summit County
77133,44320,OH,202311,996.97,-0.0008,,Akron,"Akron, OH",Summit County
77133,44320,OH,202312,1017.41,0.0205,,Akron,"Akron, OH",Summit County
77133,44320,OH,202401,1028.9,0.0113,,Akron,"Akron, OH",Summit County
77133,44320,OH,202402,1051.01,0.0215,,Akron,"Akron, OH",Summit County
77133,44320,OH,202403,1051.4,0.0004,,Akron,"Akron, OH",Summit County
77133,44320,OH,202404,1034.4,-0.0162,,Akron,"Akron, OH",Summit County
77133,44320,OH,202405,1010.69,-0.0229,,Akron,"Akron, OH",Summit County
77133,44320,OH,202406,1011.39,0.0007,,Akron,"Akron, OH",Summit County
77133,44320,OH,202407,1039.51,0.0278,,Akron,"Akron, OH",Summit County
77133,44320,OH,202408,1092.45,0.0509,0.1303,Akron,"Akron, OH",Summit County
77133,44320,OH,202409,1080.45,-0.011,0.1042,Akron,"Akron, OH",Summit County
77133,44320,OH,202410,1074.4,-0.0056,0.0768,Akron,"Akron, OH",Summit County
77133,44320,OH,202411,1054.88,-0.0182,0.0581,Akron,"Akron, OH",Summit County
77133,44320,OH,202412,1070.69,0.015,0.0524,Akron,"Akron, OH",Summit County
77133,44320,OH,202501,1067.53,-0.0029,0.0375,Akron,"Akron, OH",Summit County
77133,44320,OH,202502,1067.53,0.0,0.0157,Akron,"Akron, OH",Summit County
77133,44320,OH,202503,1082.28,0.0138,0.0294,Akron,"Akron, OH",Summit County
77133,44320,OH,202504,1098.36,0.0149,0.0618,Akron,"Akron, OH",Summit County
77133,44320,OH,202505,1098.79,0.0004,0.0872,Akron,"Akron, OH",Summit County
77133,44320,OH,202506,1089.35,-0.0086,0.0771,Akron,"Akron, OH",Summit County
77133,44320,OH,202507,1082.69,-0.0061,0.0415,Akron,"Akron, OH",Summit County
77133,44320,OH,202508,1114.5,0.0294,0.0202,Akron,"Akron, OH",Summit County
77133,44320,OH,202509,1129.84,0.0138,0.0457,Akron,"Akron, OH",Summit County
77133,44320,OH,202510,1145.15,0.0136,0.0658,Akron,"Akron, OH",Summit County
77133,44320,OH,202511,1132.78,-0.0108,0.0738,Akron,"Akron, OH",Summit County
77133,44320,OH,202512,1145.57,0.0113,0.0699,Akron,"Akron, OH",Summit County
77133,44320,OH,202601,1145.26,-0.0003,0.0728,Akron,"Akron, OH",Summit County
77133,44320,OH,202602,1141.45,-0.0033,0.0692,Akron,"Akron, OH",Summit County
77133,44320,OH,202603,1115.13,-0.0231,0.0304,Akron,"Akron, OH",Summit County
77133,44320,OH,202604,1108.6,-0.0059,0.0093,Akron,"Akron, OH",Summit County
77133,44320,OH,202605,1129.91,0.0192,0.0283,Akron,"Akron, OH",Summit County
77133,44320,OH,202606,1150.35,0.0181,0.056,Akron,"Akron, OH",Summit County
77133,44320,OH,202607,1175.49,0.0219,0.0857,Akron,"Akron, OH",Summit County
77133,44320,OH,202608,1157.48,-0.0153,0.0386,Akron,"Akron, OH",Summit County
77134,44321,OH,202602,2098.61,,,Copley,"Akron, OH",Summit County
77134,44321,OH,202603,2076.28,-0.0106,,Copley,"Akron, OH",Summit County
77134,44321,OH,202604,2059.45,-0.0081,,Copley,"Akron, OH",Summit County
77134,44321,OH,202605,2066.2,0.0033,,Copley,"Akron, OH",Summit County
77134,44321,OH,202606,2103.6,0.0181,,Copley,"Akron, OH",Summit County
77134,44321,OH,202607,2108.06,0.0021,,Copley,"Akron, OH",Summit County
77134,44321,OH,202608,2122.94,0.0071,,Copley,"Akron, OH",Summit County
77139,44333,OH,202608,1615.0,,,Fairlawn,"Akron, OH",Summit County
77151,44406,OH,202608,1350.0,,,Canfield,"Youngstown-Warren-Boardman, OH-PA",Mahoning County
77161,44420,OH,202608,972.5,,,Girard,"Youngstown-Warren-Boardman, OH-PA",Trumbull County
77182,44446,OH,202606,879.0,,,Niles,"Youngstown-Warren-Boardman, OH-PA",Trumbull County
77182,44446,OH,202607,893.8,0.0168,,Niles,"Youngstown-Warren-Boardman, OH-PA",Trumbull County
77182,44446,OH,202608,883.33,-0.0117,,Niles,"Youngstown-Warren-Boardman, OH-PA",Trumbull County
77190,44460,OH,202608,925.0,,,Salem,"Salem, OH",Columbiana County
77198,44485,OH,202606,966.07,,,Warren,"Youngstown-Warren-Boardman, OH-PA",Trumbull County
77198,44485,OH,202607,1026.37,0.0624,,Warren,"Youngstown-Warren-Boardman, OH-PA",Trumbull County
77198,44485,OH,202608,1053.33,0.0263,,Warren,"Youngstown-Warren-Boardman, OH-PA",Trumbull County
77216,44512,OH,202405,913.48,,,Boardman,"Youngstown-Warren-Boardman, OH-PA",Mahoning County
77216,44512,OH,202406,916.09,0.0029,,Boardman,"Youngstown-Warren-Boardman, OH-PA",Mahoning County
77216,44512,OH,202407,948.86,0.0358,,Boardman,"Youngstown-Warren-Boardman, OH-PA",Mahoning County
77216,44512,OH,202408,974.47,0.027,,Boardman,"Youngstown-Warren-Boardman, OH-PA",Mahoning County
77216,44512,OH,202409,972.88,-0.0016,,Boardman,"Youngstown-Warren-Boardman, OH-PA",Mahoning County
77216,44512,OH,202410,962.37,-0.0108,,Boardman,"Youngstown-Warren-Boardman, OH-PA",Mahoning County
77216,44512,OH,202411,959.56,-0.0029,,Boardman,"Youngstown-Warren-Boardman, OH-PA",Mahoning County
77216,44512,OH,202412,962.04,0.0026,,Boardman,"Youngstown-Warren-Boardman, OH-PA",Mahoning County
77216,44512,OH,202501,947.59,-0.015,,Boardman,"Youngstown-Warren-Boardman, OH-PA",Mahoning County
77216,44512,OH,202502,956.46,0.0094,,Boardman,"Youngstown-Warren-Boardman, OH-PA",Mahoning County
77216,44512,OH,202503,966.86,0.0109,,Boardman,"Youngstown-Warren-Boardman, OH-PA",Mahoning County
77216,44512,OH,202504,972.42,0.0058,,Boardman,"Youngstown-Warren-Boardman, OH-PA",Mahoning County
77216,44512,OH,202505,983.46,0.0113,0.0766,Boardman,"Youngstown-Warren-Boardman, OH-PA",Mahoning County
77216,44512,OH,202506,980.1,-0.0034,0.0699,Boardman,"Youngstown-Warren-Boardman, OH-PA",Mahoning County
77216,44512,OH,202507,981.48,0.0014,0.0344,Boardman,"Youngstown-Warren-Boardman, OH-PA",Mahoning County
77216,44512,OH,202508,982.56,0.0011,0.0083,Boardman,"Youngstown-Warren-Boardman, OH-PA",Mahoning County
77216,44512,OH,202509,1009.31,0.0272,0.0374,Boardman,"Youngstown-Warren-Boardman, OH-PA",Mahoning County
77216,44512,OH,202510,1026.34,0.0169,0.0665,Boardman,"Youngstown-Warren-Boardman, OH-PA",Mahoning County
77216,44512,OH,202511,1036.74,0.0101,0.0804,Boardman,"Youngstown-Warren-Boardman, OH-PA",Mahoning County
77216,44512,OH,202512,1028.49,-0.008,0.0691,Boardman,"Youngstown-Warren-Boardman, OH-PA",Mahoning County
77216,44512,OH,202601,1022.95,-0.0054,0.0795,Boardman,"Youngstown-Warren-Boardman, OH-PA",Mahoning County
77216,44512,OH,202602,1015.88,-0.0069,0.0621,Boardman,"Youngstown-Warren-Boardman, OH-PA",Mahoning County
77216,44512,OH,202603,1023.38,0.0074,0.0585,Boardman,"Youngstown-Warren-Boardman, OH-PA",Mahoning County
77216,44512,OH,202604,1050.58,0.0266,0.0804,Boardman,"Youngstown-Warren-Boardman, OH-PA",Mahoning County
77216,44512,OH,202605,1056.38,0.0055,0.0741,Boardman,"Youngstown-Warren-Boardman, OH-PA",Mahoning County
77216,44512,OH,202606,1045.97,-0.0099,0.0672,Boardman,"Youngstown-Warren-Boardman, OH-PA",Mahoning County
77216,44512,OH,202607,1017.79,-0.0269,0.037,Boardman,"Youngstown-Warren-Boardman, OH-PA",Mahoning County
77216,44512,OH,202608,1015.6,-0.0022,0.0336,Boardman,"Youngstown-Warren-Boardman, OH-PA",Mahoning County
77218,44514,OH,202603,1233.69,,,Poland,"Youngstown-Warren-Boardman, OH-PA",Mahoning County
77218,44514,OH,202604,1263.76,0.0244,,Poland,"Youngstown-Warren-Boardman, OH-PA",Mahoning County
77218,44514,OH,202605,1248.0,-0.0125,,Poland,"Youngstown-Warren-Boardman, OH-PA",Mahoning County
77218,44514,OH,202606,1255.44,0.006,,Poland,"Youngstown-Warren-Boardman, OH-PA",Mahoning County
77218,44514,OH,202607,1242.35,-0.0104,,Poland,"Youngstown-Warren-Boardman, OH-PA",Mahoning County
77218,44514,OH,202608,1308.94,0.0536,,Poland,"Youngstown-Warren-Boardman, OH-PA",Mahoning County
77219,44515,OH,202606,1179.29,,,Austintown,"Youngstown-Warren-Boardman, OH-PA",Mahoning County
77219,44515,OH,202607,1179.44,0.0001,,Austintown,"Youngstown-Warren-Boardman, OH-PA",Mahoning County
77219,44515,OH,202608,1233.33,0.0457,,Austintown,"Youngstown-Warren-Boardman, OH-PA",Mahoning County
77223,44601,OH,202512,811.39,,,Alliance,"Canton-Massillon, OH",Stark County
77223,44601,OH,202601,780.22,-0.0384,,Alliance,"Canton-Massillon, OH",Stark County
77223,44601,OH,202602,796.34,0.0207,,Alliance,"Canton-Massillon, OH",Stark County
77223,44601,OH,202603,805.96,0.0121,,Alliance,"Canton-Massillon, OH",Stark County
77223,44601,OH,202604,831.99,0.0323,,Alliance,"Canton-Massillon, OH",Stark County
77223,44601,OH,202605,811.11,-0.0251,,Alliance,"Canton-Massillon, OH",Stark County
77223,44601,OH,202606,797.29,-0.017,,Alliance,"Canton-Massillon, OH",Stark County
77223,44601,OH,202607,799.33,0.0026,,Alliance,"Canton-Massillon, OH",Stark County
77223,44601,OH,202608,810.64,0.0141,,Alliance,"Canton-Massillon, OH",Stark County
77256,44641,OH,202501,1392.7,,,Louisville,"Canton-Massillon, OH",Stark County
77256,44641,OH,202502,1420.16,0.0197,,Louisville,"Canton-Massillon, OH",Stark County
77256,44641,OH,202503,1426.87,0.0047,,Louisville,"Canton-Massillon, OH",Stark County
77256,44641,OH,202504,1452.52,0.018,,Louisville,"Canton-Massillon, OH",Stark County
77256,44641,OH,202505,1422.55,-0.0206,,Louisville,"Canton-Massillon, OH",Stark County
77256,44641,OH,202506,1417.69,-0.0034,,Louisville,"Canton-Massillon, OH",Stark County
77256,44641,OH,202507,1410.47,-0.0051,,Louisville,"Canton-Massillon, OH",Stark County
77256,44641,OH,202508,1428.36,0.0127,,Louisville,"Canton-Massillon, OH",Stark County
77256,44641,OH,202509,1445.06,0.0117,,Louisville,"Canton-Massillon, OH",Stark County
77256,44641,OH,202510,1438.04,-0.0049,,Louisville,"Canton-Massillon, OH",Stark County
77256,44641,OH,202601,1452.57,0.0101,,Louisville,"Canton-Massillon, OH",Stark County
77256,44641,OH,202602,1481.32,0.0198,,Louisville,"Canton-Massillon, OH",Stark County
77256,44641,OH,202603,1472.74,-0.0058,0.0575,Louisville,"Canton-Massillon, OH",Stark County
77256,44641,OH,202604,1521.43,0.0331,0.0713,Louisville,"Canton-Massillon, OH",Stark County
77256,44641,OH,202605,1532.74,0.0074,0.0742,Louisville,"Canton-Massillon, OH",Stark County
77256,44641,OH,202606,1588.69,0.0365,0.0938,Louisville,"Canton-Massillon, OH",Stark County
77256,44641,OH,202607,1584.82,-0.0024,0.1141,Louisville,"Canton-Massillon, OH",Stark County
77256,44641,OH,202608,1538.25,-0.0294,0.085,Louisville,"Canton-Massillon, OH",Stark County
77260,44646,OH,202202,769.18,,,Massillon,"Canton-Massillon, OH",Stark County
77260,44646,OH,202203,805.1,0.0467,,Massillon,"Canton-Massillon, OH",Stark County
77260,44646,OH,202204,826.56,0.0267,,Massillon,"Canton-Massillon, OH",Stark County
77260,44646,OH,202205,846.46,0.0241,,Massillon,"Canton-Massillon, OH",Stark County
77260,44646,OH,202206,854.13,0.0091,,Massillon,"Canton-Massillon, OH",Stark County
77260,44646,OH,202207,870.38,0.019,,Massillon,"Canton-Massillon, OH",Stark County
77260,44646,OH,202208,878.63,0.0095,,Massillon,"Canton-Massillon, OH",Stark County
77260,44646,OH,202209,877.22,-0.0016,,Massillon,"Canton-Massillon, OH",Stark County
77260,44646,OH,202210,883.82,0.0075,,Massillon,"Canton-Massillon, OH",Stark County
77260,44646,OH,202211,889.92,0.0069,,Massillon,"Canton-Massillon, OH",Stark County
77260,44646,OH,202301,867.39,-0.0253,,Massillon,"Canton-Massillon, OH",Stark County
77260,44646,OH,202302,858.37,-0.0104,,Massillon,"Canton-Massillon, OH",Stark County
77260,44646,OH,202303,883.78,0.0296,0.149,Massillon,"Canton-Massillon, OH",Stark County
77260,44646,OH,202304,899.12,0.0174,0.1168,Massillon,"Canton-Massillon, OH",Stark County
77260,44646,OH,202305,914.59,0.0172,0.1065,Massillon,"Canton-Massillon, OH",Stark County
77260,44646,OH,202306,907.09,-0.0082,0.0716,Massillon,"Canton-Massillon, OH",Stark County
77260,44646,OH,202307,909.76,0.0029,0.0651,Massillon,"Canton-Massillon, OH",Stark County
77260,44646,OH,202308,911.13,0.0015,0.0468,Massillon,"Canton-Massillon, OH",Stark County
77260,44646,OH,202309,921.09,0.0109,0.0483,Massillon,"Canton-Massillon, OH",Stark County
77260,44646,OH,202310,915.42,-0.0062,0.0435,Massillon,"Canton-Massillon, OH",Stark County
77260,44646,OH,202311,912.84,-0.0028,0.0328,Massillon,"Canton-Massillon, OH",Stark County
77260,44646,OH,202312,922.1,0.0101,0.0362,Massillon,"Canton-Massillon, OH",Stark County
77260,44646,OH,202401,940.79,0.0203,0.0846,Massillon,"Canton-Massillon, OH",Stark County
77260,44646,OH,202402,949.52,0.0093,0.1062,Massillon,"Canton-Massillon, OH",Stark County
77260,44646,OH,202403,949.0,-0.0005,0.0738,Massillon,"Canton-Massillon, OH",Stark County
77260,44646,OH,202404,967.27,0.0193,0.0758,Massillon,"Canton-Massillon, OH",Stark County
77260,44646,OH,202405,979.26,0.0124,0.0707,Massillon,"Canton-Massillon, OH",Stark County
77260,44646,OH,202406,972.26,-0.0071,0.0719,Massillon,"Canton-Massillon, OH",Stark County
77260,44646,OH,202407,955.92,-0.0168,0.0507,Massillon,"Canton-Massillon, OH",Stark County
77260,44646,OH,202408,949.6,-0.0066,0.0422,Massillon,"Canton-Massillon, OH",Stark County
77260,44646,OH,202409,975.71,0.0275,0.0593,Massillon,"Canton-Massillon, OH",Stark County
77260,44646,OH,202410,977.71,0.0021,0.0681,Massillon,"Canton-Massillon, OH",Stark County
77260,44646,OH,202411,998.4,0.0212,0.0937,Massillon,"Canton-Massillon, OH",Stark County
77260,44646,OH,202412,981.98,-0.0165,0.0649,Massillon,"Canton-Massillon, OH",Stark County
77260,44646,OH,202501,981.71,-0.0003,0.0435,Massillon,"Canton-Massillon, OH",Stark County
77260,44646,OH,202502,984.03,0.0024,0.0363,Massillon,"Canton-Massillon, OH",Stark County
77260,44646,OH,202503,1003.2,0.0195,0.0571,Massillon,"Canton-Massillon, OH",Stark County
77260,44646,OH,202504,1017.6,0.0144,0.052,Massillon,"Canton-Massillon, OH",Stark County
77260,44646,OH,202505,1000.24,-0.0171,0.0214,Massillon,"Canton-Massillon, OH",Stark County
77260,44646,OH,202506,1009.33,0.0091,0.0381,Massillon,"Canton-Massillon, OH",Stark County
77260,44646,OH,202507,1004.77,-0.0045,0.0511,Massillon,"Canton-Massillon, OH",Stark County
77260,44646,OH,202508,1020.92,0.0161,0.0751,Massillon,"Canton-Massillon, OH",Stark County
77260,44646,OH,202509,1019.08,-0.0018,0.0444,Massillon,"Canton-Massillon, OH",Stark County
77260,44646,OH,202510,1045.76,0.0262,0.0696,Massillon,"Canton-Massillon, OH",Stark County
77260,44646,OH,202511,1047.53,0.0017,0.0492,Massillon,"Canton-Massillon, OH",Stark County
77260,44646,OH,202512,1026.4,-0.0202,0.0452,Massillon,"Canton-Massillon, OH",Stark County
77260,44646,OH,202601,1010.34,-0.0156,0.0292,Massillon,"Canton-Massillon, OH",Stark County
77260,44646,OH,202602,1029.4,0.0189,0.0461,Massillon,"Canton-Massillon, OH",Stark County
77260,44646,OH,202603,1056.43,0.0263,0.0531,Massillon,"Canton-Massillon, OH",Stark County
77260,44646,OH,202604,1053.8,-0.0025,0.0356,Massillon,"Canton-Massillon, OH",Stark County
77260,44646,OH,202605,1059.93,0.0058,0.0597,Massillon,"Canton-Massillon, OH",Stark County
77260,44646,OH,202606,1060.87,0.0009,0.0511,Massillon,"Canton-Massillon, OH",Stark County
77260,44646,OH,202607,1100.96,0.0378,0.0957,Massillon,"Canton-Massillon, OH",Stark County
77260,44646,OH,202608,1099.49,-0.0013,0.077,Massillon,"Canton-Massillon, OH",Stark County
77261,44647,OH,202608,1047.5,,,Massillon,"Canton-Massillon, OH",Stark County
77291,44685,OH,202606,1851.34,,,Uniontown,"Akron, OH",Summit County
77291,44685,OH,202607,1877.86,0.0143,,Uniontown,"Akron, OH",Summit County
77291,44685,OH,202608,1867.97,-0.0053,,Uniontown,"Akron, OH",Summit County
77296,44691,OH,202402,1224.71,,,Wooster,"Wooster, OH",Wayne County
77296,44691,OH,202403,1224.87,0.0001,,Wooster,"Wooster, OH",Wayne County
77296,44691,OH,202404,1261.79,0.0301,,Wooster,"Wooster, OH",Wayne County
77296,44691,OH,202405,1262.45,0.0005,,Wooster,"Wooster, OH",Wayne County
77296,44691,OH,202406,1303.08,0.0322,,Wooster,"Wooster, OH",Wayne County
77296,44691,OH,202407,1303.67,0.0004,,Wooster,"Wooster, OH",Wayne County
77296,44691,OH,202408,1276.67,-0.0207,,Wooster,"Wooster, OH",Wayne County
77296,44691,OH,202409,1268.94,-0.0061,,Wooster,"Wooster, OH",Wayne County
77296,44691,OH,202410,1252.98,-0.0126,,Wooster,"Wooster, OH",Wayne County
77296,44691,OH,202411,1287.95,0.0279,,Wooster,"Wooster, OH",Wayne County
77296,44691,OH,202412,1312.4,0.019,,Wooster,"Wooster, OH",Wayne County
77296,44691,OH,202501,1310.43,-0.0015,,Wooster,"Wooster, OH",Wayne County
77296,44691,OH,202502,1310.33,-0.0001,0.0699,Wooster,"Wooster, OH",Wayne County
77296,44691,OH,202503,1280.88,-0.0225,0.0457,Wooster,"Wooster, OH",Wayne County
77296,44691,OH,202504,1285.3,0.0035,0.0186,Wooster,"Wooster, OH",Wayne County
77296,44691,OH,202505,1295.66,0.0081,0.0263,Wooster,"Wooster, OH",Wayne County
77296,44691,OH,202506,1313.96,0.0141,0.0083,Wooster,"Wooster, OH",Wayne County
77296,44691,OH,202507,1331.65,0.0135,0.0215,Wooster,"Wooster, OH",Wayne County
77296,44691,OH,202508,1370.79,0.0294,0.0737,Wooster,"Wooster, OH",Wayne County
77296,44691,OH,202509,1380.41,0.007,0.0878,Wooster,"Wooster, OH",Wayne County
77296,44691,OH,202510,1369.47,-0.0079,0.093,Wooster,"Wooster, OH",Wayne County
77296,44691,OH,202511,1344.23,-0.0184,0.0437,Wooster,"Wooster, OH",Wayne County
77296,44691,OH,202512,1329.31,-0.0111,0.0129,Wooster,"Wooster, OH",Wayne County
77296,44691,OH,202601,1351.33,0.0166,0.0312,Wooster,"Wooster, OH",Wayne County
77296,44691,OH,202602,1370.08,0.0139,0.0456,Wooster,"Wooster, OH",Wayne County
77296,44691,OH,202603,1387.64,0.0128,0.0834,Wooster,"Wooster, OH",Wayne County
77296,44691,OH,202604,1400.3,0.0091,0.0895,Wooster,"Wooster, OH",Wayne County
77296,44691,OH,202605,1381.87,-0.0132,0.0665,Wooster,"Wooster, OH",Wayne County
77296,44691,OH,202606,1371.14,-0.0078,0.0435,Wooster,"Wooster, OH",Wayne County
77296,44691,OH,202607,1343.41,-0.0202,0.0088,Wooster,"Wooster, OH",Wayne County
77296,44691,OH,202608,1369.33,0.0193,-0.0011,Wooster,"Wooster, OH",Wayne County
77303,44703,OH,202312,874.67,,,Canton,"Canton-Massillon, OH",Stark County
77303,44703,OH,202401,869.06,-0.0064,,Canton,"Canton-Massillon, OH",Stark County
77303,44703,OH,202402,891.7,0.0261,,Canton,"Canton-Massillon, OH",Stark County
77303,44703,OH,202403,862.39,-0.0329,,Canton,"Canton-Massillon, OH",Stark County
77303,44703,OH,202404,852.29,-0.0117,,Canton,"Canton-Massillon, OH",Stark County
77303,44703,OH,202405,844.95,-0.0086,,Canton,"Canton-Massillon, OH",Stark County
77303,44703,OH,202406,860.21,0.0181,,Canton,"Canton-Massillon, OH",Stark County
77303,44703,OH,202407,885.94,0.0299,,Canton,"Canton-Massillon, OH",Stark County
77303,44703,OH,202408,883.67,-0.0026,,Canton,"Canton-Massillon, OH",Stark County
77303,44703,OH,202409,871.78,-0.0135,,Canton,"Canton-Massillon, OH",Stark County
77303,44703,OH,202410,862.25,-0.0109,,Canton,"Canton-Massillon, OH",Stark County
77303,44703,OH,202411,885.05,0.0264,,Canton,"Canton-Massillon, OH",Stark County
77303,44703,OH,202412,905.54,0.0232,0.0353,Canton,"Canton-Massillon, OH",Stark County
77303,44703,OH,202501,919.79,0.0157,0.0584,Canton,"Canton-Massillon, OH",Stark County
77303,44703,OH,202502,912.9,-0.0075,0.0238,Canton,"Canton-Massillon, OH",Stark County
77303,44703,OH,202503,922.35,0.0104,0.0695,Canton,"Canton-Massillon, OH",Stark County
77303,44703,OH,202504,924.33,0.0021,0.0845,Canton,"Canton-Massillon, OH",Stark County
77303,44703,OH,202505,923.21,-0.0012,0.0926,Canton,"Canton-Massillon, OH",Stark County
77303,44703,OH,202506,932.59,0.0102,0.0841,Canton,"Canton-Massillon, OH",Stark County
77303,44703,OH,202507,944.63,0.0129,0.0662,Canton,"Canton-Massillon, OH",Stark County
77303,44703,OH,202508,963.4,0.0199,0.0902,Canton,"Canton-Massillon, OH",Stark County
77303,44703,OH,202509,967.84,0.0046,0.1102,Canton,"Canton-Massillon, OH",Stark County
77303,44703,OH,202510,973.3,0.0056,0.1288,Canton,"Canton-Massillon, OH",Stark County
77303,44703,OH,202511,961.86,-0.0118,0.0868,Canton,"Canton-Massillon, OH",Stark County
77303,44703,OH,202512,949.85,-0.0125,0.0489,Canton,"Canton-Massillon, OH",Stark County
77303,44703,OH,202601,947.41,-0.0026,0.03,Canton,"Canton-Massillon, OH",Stark County
77303,44703,OH,202602,947.41,0.0,0.0378,Canton,"Canton-Massillon, OH",Stark County
77303,44703,OH,202603,962.69,0.0161,0.0437,Canton,"Canton-Massillon, OH",Stark County
77303,44703,OH,202604,978.65,0.0166,0.0588,Canton,"Canton-Massillon, OH",Stark County
77303,44703,OH,202605,994.87,0.0166,0.0776,Canton,"Canton-Massillon, OH",Stark County
77303,44703,OH,202606,980.74,-0.0142,0.0516,Canton,"Canton-Massillon, OH",Stark County
77303,44703,OH,202607,954.78,-0.0265,0.0108,Canton,"Canton-Massillon, OH",Stark County
77303,44703,OH,202608,956.85,0.0022,-0.0068,Canton,"Canton-Massillon, OH",Stark County
77305,44705,OH,202404,828.06,,,Canton,"Canton-Massillon, OH",Stark County
77305,44705,OH,202405,869.96,0.0506,,Canton,"Canton-Massillon, OH",Stark County
77305,44705,OH,202406,881.12,0.0128,,Canton,"Canton-Massillon, OH",Stark County
77305,44705,OH,202407,886.1,0.0056,,Canton,"Canton-Massillon, OH",Stark County
77305,44705,OH,202408,887.54,0.0016,,Canton,"Canton-Massillon, OH",Stark County
77305,44705,OH,202409,885.36,-0.0025,,Canton,"Canton-Massillon, OH",Stark County
77305,44705,OH,202410,900.59,0.0172,,Canton,"Canton-Massillon, OH",Stark County
77305,44705,OH,202411,904.16,0.004,,Canton,"Canton-Massillon, OH",Stark County
77305,44705,OH,202412,890.29,-0.0153,,Canton,"Canton-Massillon, OH",Stark County
77305,44705,OH,202501,887.42,-0.0032,,Canton,"Canton-Massillon, OH",Stark County
77305,44705,OH,202502,906.42,0.0214,,Canton,"Canton-Massillon, OH",Stark County
77305,44705,OH,202503,948.86,0.0468,,Canton,"Canton-Massillon, OH",Stark County
77305,44705,OH,202504,972.82,0.0253,0.1748,Canton,"Canton-Massillon, OH",Stark County
77305,44705,OH,202505,955.19,-0.0181,0.098,Canton,"Canton-Massillon, OH",Stark County
77305,44705,OH,202506,963.64,0.0088,0.0937,Canton,"Canton-Massillon, OH",Stark County
77305,44705,OH,202507,948.44,-0.0158,0.0704,Canton,"Canton-Massillon, OH",Stark County
77305,44705,OH,202508,955.4,0.0073,0.0765,Canton,"Canton-Massillon, OH",Stark County
77305,44705,OH,202509,940.25,-0.0159,0.062,Canton,"Canton-Massillon, OH",Stark County
77305,44705,OH,202510,963.38,0.0246,0.0697,Canton,"Canton-Massillon, OH",Stark County
77305,44705,OH,202511,982.59,0.0199,0.0867,Canton,"Canton-Massillon, OH",Stark County
77305,44705,OH,202512,959.99,-0.023,0.0783,Canton,"Canton-Massillon, OH",Stark County
77305,44705,OH,202601,951.87,-0.0085,0.0726,Canton,"Canton-Massillon, OH",Stark County
77305,44705,OH,202602,923.16,-0.0302,0.0185,Canton,"Canton-Massillon, OH",Stark County
77305,44705,OH,202603,946.38,0.0252,-0.0026,Canton,"Canton-Massillon, OH",Stark County
77305,44705,OH,202604,932.94,-0.0142,-0.041,Canton,"Canton-Massillon, OH",Stark County
77305,44705,OH,202605,956.15,0.0249,0.001,Canton,"Canton-Massillon, OH",Stark County
77305,44705,OH,202606,964.66,0.0089,0.0011,Canton,"Canton-Massillon, OH",Stark County
77305,44705,OH,202607,1001.32,0.038,0.0558,Canton,"Canton-Massillon, OH",Stark County
77305,44705,OH,202608,993.44,-0.0079,0.0398,Canton,"Canton-Massillon, OH",Stark County
77306,44706,OH,202602,972.02,,,Canton,"Canton-Massillon, OH",Stark County
77306,44706,OH,202603,985.91,0.0143,,Canton,"Canton-Massillon, OH",Stark County
77306,44706,OH,202604,1055.48,0.0706,,Canton,"Canton-Massillon, OH",Stark County
77306,44706,OH,202605,1080.51,0.0237,,Canton,"Canton-Massillon, OH",Stark County
77306,44706,OH,202606,1083.75,0.003,,Canton,"Canton-Massillon, OH",Stark County
77306,44706,OH,202607,1076.93,-0.0063,,Canton,"Canton-Massillon, OH",Stark County
77306,44706,OH,202608,1059.17,-0.0165,,Canton,"Canton-Massillon, OH",Stark County
77308,44708,OH,202205,933.05,,,Canton,"Canton-Massillon, OH",Stark County
77308,44708,OH,202206,924.67,-0.009,,Canton,"Canton-Massillon, OH",Stark County
77308,44708,OH,202207,908.77,-0.0172,,Canton,"Canton-Massillon, OH",Stark County
77308,44708,OH,202208,897.46,-0.0124,,Canton,"Canton-Massillon, OH",Stark County
77308,44708,OH,202209,897.88,0.0005,,Canton,"Canton-Massillon, OH",Stark County
77308,44708,OH,202210,907.04,0.0102,,Canton,"Canton-Massillon, OH",Stark County
77308,44708,OH,202211,922.95,0.0175,,Canton,"Canton-Massillon, OH",Stark County
77308,44708,OH,202212,938.85,0.0172,,Canton,"Canton-Massillon, OH",Stark County
77308,44708,OH,202301,936.71,-0.0023,,Canton,"Canton-Massillon, OH",Stark County
77308,44708,OH,202302,943.99,0.0078,,Canton,"Canton-Massillon, OH",Stark County
77308,44708,OH,202303,943.61,-0.0004,,Canton,"Canton-Massillon, OH",Stark County
77308,44708,OH,202304,948.04,0.0047,,Canton,"Canton-Massillon, OH",Stark County
77308,44708,OH,202305,944.91,-0.0033,0.0127,Canton,"Canton-Massillon, OH",Stark County
77308,44708,OH,202306,952.69,0.0082,0.0303,Canton,"Canton-Massillon, OH",Stark County
77308,44708,OH,202307,963.69,0.0115,0.0604,Canton,"Canton-Massillon, OH",Stark County
77308,44708,OH,202308,960.86,-0.0029,0.0706,Canton,"Canton-Massillon, OH",Stark County
77308,44708,OH,202309,967.78,0.0072,0.0778,Canton,"Canton-Massillon, OH",Stark County
77308,44708,OH,202310,983.76,0.0165,0.0846,Canton,"Canton-Massillon, OH",Stark County
77308,44708,OH,202311,1001.1,0.0176,0.0847,Canton,"Canton-Massillon, OH",Stark County
77308,44708,OH,202312,1026.03,0.0249,0.0929,Canton,"Canton-Massillon, OH",Stark County
77308,44708,OH,202401,1012.31,-0.0134,0.0807,Canton,"Canton-Massillon, OH",Stark County
77308,44708,OH,202402,1037.39,0.0248,0.0989,Canton,"Canton-Massillon, OH",Stark County
77308,44708,OH,202403,1013.21,-0.0233,0.0738,Canton,"Canton-Massillon, OH",Stark County
77308,44708,OH,202404,1041.17,0.0276,0.0982,Canton,"Canton-Massillon, OH",Stark County
77308,44708,OH,202405,1033.77,-0.0071,0.094,Canton,"Canton-Massillon, OH",Stark County
77308,44708,OH,202406,1053.57,0.0192,0.1059,Canton,"Canton-Massillon, OH",Stark County
77308,44708,OH,202407,1044.62,-0.0085,0.084,Canton,"Canton-Massillon, OH",Stark County
77308,44708,OH,202408,1034.23,-0.01,0.0764,Canton,"Canton-Massillon, OH",Stark County
77308,44708,OH,202409,1036.5,0.0022,0.071,Canton,"Canton-Massillon, OH",Stark County
77308,44708,OH,202410,1056.41,0.0192,0.0739,Canton,"Canton-Massillon, OH",Stark County
77308,44708,OH,202411,1070.21,0.0131,0.069,Canton,"Canton-Massillon, OH",Stark County
77308,44708,OH,202412,1074.48,0.004,0.0472,Canton,"Canton-Massillon, OH",Stark County
77308,44708,OH,202501,1063.98,-0.0098,0.051,Canton,"Canton-Massillon, OH",Stark County
77308,44708,OH,202502,1066.5,0.0024,0.0281,Canton,"Canton-Massillon, OH",Stark County
77308,44708,OH,202503,1057.08,-0.0088,0.0433,Canton,"Canton-Massillon, OH",Stark County
77308,44708,OH,202504,1073.23,0.0153,0.0308,Canton,"Canton-Massillon, OH",Stark County
77308,44708,OH,202505,1096.65,0.0218,0.0608,Canton,"Canton-Massillon, OH",Stark County
77308,44708,OH,202506,1109.18,0.0114,0.0528,Canton,"Canton-Massillon, OH",Stark County
77308,44708,OH,202507,1096.84,-0.0111,0.05,Canton,"Canton-Massillon, OH",Stark County
77308,44708,OH,202508,1102.16,0.0049,0.0657,Canton,"Canton-Massillon, OH",Stark County
77308,44708,OH,202509,1113.92,0.0107,0.0747,Canton,"Canton-Massillon, OH",Stark County
77308,44708,OH,202510,1114.55,0.0006,0.055,Canton,"Canton-Massillon, OH",Stark County
77308,44708,OH,202511,1093.04,-0.0193,0.0213,Canton,"Canton-Massillon, OH",Stark County
77308,44708,OH,202512,1091.64,-0.0013,0.016,Canton,"Canton-Massillon, OH",Stark County
77308,44708,OH,202601,1103.6,0.011,0.0372,Canton,"Canton-Massillon, OH",Stark County
77308,44708,OH,202602,1120.38,0.0152,0.0505,Canton,"Canton-Massillon, OH",Stark County
77308,44708,OH,202603,1114.35,-0.0054,0.0542,Canton,"Canton-Massillon, OH",Stark County
77308,44708,OH,202604,1102.87,-0.0103,0.0276,Canton,"Canton-Massillon, OH",Stark County
77308,44708,OH,202605,1097.41,-0.0049,0.0007,Canton,"Canton-Massillon, OH",Stark County
77308,44708,OH,202606,1130.09,0.0298,0.0189,Canton,"Canton-Massillon, OH",Stark County
77308,44708,OH,202607,1155.6,0.0226,0.0536,Canton,"Canton-Massillon, OH",Stark County
77308,44708,OH,202608,1164.89,0.008,0.0569,Canton,"Canton-Massillon, OH",Stark County
77309,44709,OH,202401,1000.71,,,Canton,"Canton-Massillon, OH",Stark County
77309,44709,OH,202402,1008.65,0.0079,,Canton,"Canton-Massillon, OH",Stark County
77309,44709,OH,202403,994.85,-0.0137,,Canton,"Canton-Massillon, OH",Stark County
77309,44709,OH,202404,1018.74,0.024,,Canton,"Canton-Massillon, OH",Stark County
77309,44709,OH,202405,1031.95,0.013,,Canton,"Canton-Massillon, OH",Stark County
77309,44709,OH,202406,1053.81,0.0212,,Canton,"Canton-Massillon, OH",Stark County
77309,44709,OH,202407,1048.82,-0.0047,,Canton,"Canton-Massillon, OH",Stark County
77309,44709,OH,202408,1043.08,-0.0055,,Canton,"Canton-Massillon, OH",Stark County
77309,44709,OH,202409,1036.51,-0.0063,,Canton,"Canton-Massillon, OH",Stark County
77309,44709,OH,202410,1025.53,-0.0106,,Canton,"Canton-Massillon, OH",Stark County
77309,44709,OH,202412,1014.4,-0.0109,,Canton,"Canton-Massillon, OH",Stark County
77309,44709,OH,202501,1015.83,0.0014,,Canton,"Canton-Massillon, OH",Stark County
77309,44709,OH,202502,1028.64,0.0126,0.0279,Canton,"Canton-Massillon, OH",Stark County
77309,44709,OH,202503,1056.45,0.027,0.0474,Canton,"Canton-Massillon, OH",Stark County
77309,44709,OH,202504,1070.98,0.0138,0.0765,Canton,"Canton-Massillon, OH",Stark County
77309,44709,OH,202505,1068.67,-0.0022,0.049,Canton,"Canton-Massillon, OH",Stark County
77309,44709,OH,202506,1062.67,-0.0056,0.0298,Canton,"Canton-Massillon, OH",Stark County
77309,44709,OH,202507,1064.56,0.0018,0.0102,Canton,"Canton-Massillon, OH",Stark County
77309,44709,OH,202508,1075.39,0.0102,0.0253,Canton,"Canton-Massillon, OH",Stark County
77309,44709,OH,202509,1034.63,-0.0379,-0.0081,Canton,"Canton-Massillon, OH",Stark County
77309,44709,OH,202510,1035.78,0.0011,-0.0007,Canton,"Canton-Massillon, OH",Stark County
77309,44709,OH,202511,1039.37,0.0035,0.0135,Canton,"Canton-Massillon, OH",Stark County
77309,44709,OH,202512,1096.53,0.055,0.081,Canton,"Canton-Massillon, OH",Stark County
77309,44709,OH,202601,1065.27,-0.0285,0.0487,Canton,"Canton-Massillon, OH",Stark County
77309,44709,OH,202602,1088.49,0.0218,0.0582,Canton,"Canton-Massillon, OH",Stark County
77309,44709,OH,202603,1082.74,-0.0053,0.0249,Canton,"Canton-Massillon, OH",Stark County
77309,44709,OH,202604,1135.34,0.0486,0.0601,Canton,"Canton-Massillon, OH",Stark County
77309,44709,OH,202605,1139.36,0.0035,0.0661,Canton,"Canton-Massillon, OH",Stark County
77309,44709,OH,202606,1143.28,0.0034,0.0759,Canton,"Canton-Massillon, OH",Stark County
77309,44709,OH,202607,1160.14,0.0147,0.0898,Canton,"Canton-Massillon, OH",Stark County
77309,44709,OH,202608,1159.29,-0.0007,0.078,Canton,"Canton-Massillon, OH",Stark County
77310,44710,OH,202605,1263.9,,,Canton,"Canton-Massillon, OH",Stark County
77310,44710,OH,202607,1226.01,-0.03,,Canton,"Canton-Massillon, OH",Stark County
77310,44710,OH,202608,1208.33,-0.0144,,Canton,"Canton-Massillon, OH",Stark County
77315,44720,OH,202202,1169.72,,,North Canton,"Canton-Massillon, OH",Stark County
77315,44720,OH,202203,1183.28,0.0116,,North Canton,"Canton-Massillon, OH",Stark County
77315,44720,OH,202204,1219.15,0.0303,,North Canton,"Canton-Massillon, OH",Stark County
77315,44720,OH,202205,1241.69,0.0185,,North Canton,"Canton-Massillon, OH",Stark County
77315,44720,OH,202206,1272.42,0.0248,,North Canton,"Canton-Massillon, OH",Stark County
77315,44720,OH,202207,1310.58,0.03,,North Canton,"Canton-Massillon, OH",Stark County
77315,44720,OH,202208,1326.88,0.0124,,North Canton,"Canton-Massillon, OH",Stark County
77315,44720,OH,202209,1317.71,-0.0069,,North Canton,"Canton-Massillon, OH",Stark County
77315,44720,OH,202210,1297.34,-0.0155,,North Canton,"Canton-Massillon, OH",Stark County
77315,44720,OH,202211,1297.54,0.0002,,North Canton,"Canton-Massillon, OH",Stark County
77315,44720,OH,202212,1333.76,0.0279,,North Canton,"Canton-Massillon, OH",Stark County
77315,44720,OH,202301,1353.93,0.0151,,North Canton,"Canton-Massillon, OH",Stark County
77315,44720,OH,202302,1351.92,-0.0015,0.1558,North Canton,"Canton-Massillon, OH",Stark County
77315,44720,OH,202303,1326.66,-0.0187,0.1212,North Canton,"Canton-Massillon, OH",Stark County
77315,44720,OH,202304,1321.36,-0.004,0.0838,North Canton,"Canton-Massillon, OH",Stark County
77315,44720,OH,202305,1338.62,0.0131,0.0781,North Canton,"Canton-Massillon, OH",Stark County
77315,44720,OH,202306,1368.67,0.0225,0.0756,North Canton,"Canton-Massillon, OH",Stark County
77315,44720,OH,202307,1378.89,0.0075,0.0521,North Canton,"Canton-Massillon, OH",Stark County
77315,44720,OH,202308,1383.61,0.0034,0.0428,North Canton,"Canton-Massillon, OH",Stark County
77315,44720,OH,202309,1361.17,-0.0162,0.033,North Canton,"Canton-Massillon, OH",Stark County
77315,44720,OH,202310,1369.52,0.0061,0.0556,North Canton,"Canton-Massillon, OH",Stark County
77315,44720,OH,202311,1376.51,0.0051,0.0609,North Canton,"Canton-Massillon, OH",Stark County
77315,44720,OH,202312,1401.45,0.0181,0.0507,North Canton,"Canton-Massillon, OH",Stark County
77315,44720,OH,202401,1407.16,0.0041,0.0393,North Canton,"Canton-Massillon, OH",Stark County
77315,44720,OH,202402,1403.98,-0.0023,0.0385,North Canton,"Canton-Massillon, OH",Stark County
77315,44720,OH,202403,1425.18,0.0151,0.0743,North Canton,"Canton-Massillon, OH",Stark County
77315,44720,OH,202404,1444.61,0.0136,0.0933,North Canton,"Canton-Massillon, OH",Stark County
77315,44720,OH,202405,1460.2,0.0108,0.0908,North Canton,"Canton-Massillon, OH",Stark County
77315,44720,OH,202406,1445.11,-0.0103,0.0558,North Canton,"Canton-Massillon, OH",Stark County
77315,44720,OH,202407,1448.83,0.0026,0.0507,North Canton,"Canton-Massillon, OH",Stark County
77315,44720,OH,202408,1447.78,-0.0007,0.0464,North Canton,"Canton-Massillon, OH",Stark County
77315,44720,OH,202409,1438.01,-0.0067,0.0565,North Canton,"Canton-Massillon, OH",Stark County
77315,44720,OH,202410,1419.21,-0.0131,0.0363,North Canton,"Canton-Massillon, OH",Stark County
77315,44720,OH,202411,1420.31,0.0008,0.0318,North Canton,"Canton-Massillon, OH",Stark County
77315,44720,OH,202412,1414.99,-0.0037,0.0097,North Canton,"Canton-Massillon, OH",Stark County
77315,44720,OH,202501,1429.94,0.0106,0.0162,North Canton,"Canton-Massillon, OH",Stark County
77315,44720,OH,202502,1438.89,0.0063,0.0249,North Canton,"Canton-Massillon, OH",Stark County
77315,44720,OH,202503,1448.97,0.007,0.0167,North Canton,"Canton-Massillon, OH",Stark County
77315,44720,OH,202504,1455.41,0.0044,0.0075,North Canton,"Canton-Massillon, OH",Stark County
77315,44720,OH,202505,1453.55,-0.0013,-0.0046,North Canton,"Canton-Massillon, OH",Stark County
77315,44720,OH,202506,1464.28,0.0074,0.0133,North Canton,"Canton-Massillon, OH",Stark County
77315,44720,OH,202507,1465.56,0.0009,0.0115,North Canton,"Canton-Massillon, OH",Stark County
77315,44720,OH,202508,1470.8,0.0036,0.0159,North Canton,"Canton-Massillon, OH",Stark County
77315,44720,OH,202509,1462.57,-0.0056,0.0171,North Canton,"Canton-Massillon, OH",Stark County
77315,44720,OH,202510,1461.12,-0.001,0.0295,North Canton,"Canton-Massillon, OH",Stark County
77315,44720,OH,202511,1451.2,-0.0068,0.0218,North Canton,"Canton-Massillon, OH",Stark County
77315,44720,OH,202512,1453.31,0.0015,0.0271,North Canton,"Canton-Massillon, OH",Stark County
77315,44720,OH,202601,1455.37,0.0014,0.0178,North Canton,"Canton-Massillon, OH",Stark County
77315,44720,OH,202602,1454.87,-0.0003,0.0111,North Canton,"Canton-Massillon, OH",Stark County
77315,44720,OH,202603,1465.0,0.007,0.0111,North Canton,"Canton-Massillon, OH",Stark County
77315,44720,OH,202604,1475.87,0.0074,0.0141,North Canton,"Canton-Massillon, OH",Stark County
77315,44720,OH,202605,1520.41,0.0302,0.046,North Canton,"Canton-Massillon, OH",Stark County
77315,44720,OH,202606,1562.98,0.028,0.0674,North Canton,"Canton-Massillon, OH",Stark County
77315,44720,OH,202607,1590.71,0.0177,0.0854,North Canton,"Canton-Massillon, OH",Stark County
77315,44720,OH,202608,1582.18,-0.0054,0.0757,North Canton,"Canton-Massillon, OH",Stark County
77316,44721,OH,202608,1095.0,,,Canton,"Canton-Massillon, OH",Stark County
77326,44805,OH,202408,851.33,,,Ashland,"Ashland, OH",Ashland County
77326,44805,OH,202409,855.6,0.005,,Ashland,"Ashland, OH",Ashland County
77326,44805,OH,202410,866.02,0.0122,,Ashland,"Ashland, OH",Ashland County
77326,44805,OH,202411,862.34,-0.0043,,Ashland,"Ashland, OH",Ashland County
77326,44805,OH,202412,862.52,0.0002,,Ashland,"Ashland, OH",Ashland County
77326,44805,OH,202501,864.45,0.0022,,Ashland,"Ashland, OH",Ashland County
77326,44805,OH,202502,862.47,-0.0023,,Ashland,"Ashland, OH",Ashland County
77326,44805,OH,202503,868.46,0.0069,,Ashland,"Ashland, OH",Ashland County
77326,44805,OH,202504,869.8,0.0015,,Ashland,"Ashland, OH",Ashland County
77326,44805,OH,202505,868.97,-0.0009,,Ashland,"Ashland, OH",Ashland County
77326,44805,OH,202506,863.84,-0.0059,,Ashland,"Ashland, OH",Ashland County
77326,44805,OH,202507,890.74,0.0311,,Ashland,"Ashland, OH",Ashland County
77326,44805,OH,202508,886.44,-0.0048,0.0412,Ashland,"Ashland, OH",Ashland County
77326,44805,OH,202509,901.53,0.017,0.0537,Ashland,"Ashland, OH",Ashland County
77326,44805,OH,202510,882.02,-0.0216,0.0185,Ashland,"Ashland, OH",Ashland County
77326,44805,OH,202511,902.92,0.0237,0.0471,Ashland,"Ashland, OH",Ashland County
77326,44805,OH,202512,893.26,-0.0107,0.0356,Ashland,"Ashland, OH",Ashland County
77326,44805,OH,202601,916.6,0.0261,0.0603,Ashland,"Ashland, OH",Ashland County
77326,44805,OH,202602,916.31,-0.0003,0.0624,Ashland,"Ashland, OH",Ashland County
77326,44805,OH,202603,936.08,0.0216,0.0779,Ashland,"Ashland, OH",Ashland County
77326,44805,OH,202604,922.23,-0.0148,0.0603,Ashland,"Ashland, OH",Ashland County
77326,44805,OH,202605,933.28,0.012,0.074,Ashland,"Ashland, OH",Ashland County
77326,44805,OH,202606,920.76,-0.0134,0.0659,Ashland,"Ashland, OH",Ashland County
77326,44805,OH,202607,934.54,0.015,0.0492,Ashland,"Ashland, OH",Ashland County
77326,44805,OH,202608,932.71,-0.002,0.0522,Ashland,"Ashland, OH",Ashland County
77348,44839,OH,202608,1650.0,,,Huron,"Sandusky, OH",Erie County
77365,44857,OH,202607,1389.89,,,Norwalk,"Norwalk, OH",Huron County
77365,44857,OH,202608,1419.5,0.0213,,Norwalk,"Norwalk, OH",Huron County
77374,44870,OH,202506,1451.94,,,Sandusky,"Sandusky, OH",Erie County
77374,44870,OH,202507,1425.98,-0.0179,,Sandusky,"Sandusky, OH",Erie County
77374,44870,OH,202508,1451.84,0.0181,,Sandusky,"Sandusky, OH",Erie County
77374,44870,OH,202509,1456.27,0.0031,,Sandusky,"Sandusky, OH",Erie County
77374,44870,OH,202510,1506.71,0.0346,,Sandusky,"Sandusky, OH",Erie County
77374,44870,OH,202511,1524.79,0.012,,Sandusky,"Sandusky, OH",Erie County
77374,44870,OH,202512,1444.62,-0.0526,,Sandusky,"Sandusky, OH",Erie County
77374,44870,OH,202601,1436.53,-0.0056,,Sandusky,"Sandusky, OH",Erie County
77374,44870,OH,202602,1433.9,-0.0018,,Sandusky,"Sandusky, OH",Erie County
77374,44870,OH,202603,1517.27,0.0581,,Sandusky,"Sandusky, OH",Erie County
77374,44870,OH,202604,1567.87,0.0333,,Sandusky,"Sandusky, OH",Erie County
77374,44870,OH,202605,1622.39,0.0348,,Sandusky,"Sandusky, OH",Erie County
77374,44870,OH,202606,1674.91,0.0324,0.1536,Sandusky,"Sandusky, OH",Erie County
77374,44870,OH,202607,1702.28,0.0163,0.1938,Sandusky,"Sandusky, OH",Erie County
77374,44870,OH,202608,1679.02,-0.0137,0.1565,Sandusky,"Sandusky, OH",Erie County
77389,44903,OH,202605,925.03,,,Mansfield,"Mansfield, OH",Richland County
77389,44903,OH,202606,922.66,-0.0026,,Mansfield,"Mansfield, OH",Richland County
77389,44903,OH,202607,915.35,-0.0079,,Mansfield,"Mansfield, OH",Richland County
77389,44903,OH,202608,913.89,-0.0016,,Mansfield,"Mansfield, OH",Richland County
77393,44907,OH,202601,860.73,,,Mansfield,"Mansfield, OH",Richland County
77393,44907,OH,202602,863.07,0.0027,,Mansfield,"Mansfield, OH",Richland County
77393,44907,OH,202605,844.63,-0.0214,,Mansfield,"Mansfield, OH",Richland County
77393,44907,OH,202606,858.38,0.0163,,Mansfield,"Mansfield, OH",Richland County
77393,44907,OH,202607,864.93,0.0076,,Mansfield,"Mansfield, OH",Richland County
77393,44907,OH,202608,877.36,0.0144,,Mansfield,"Mansfield, OH",Richland County
77399,45005,OH,202205,848.63,,,Franklin,"Cincinnati, OH-KY-IN",Warren County
77399,45005,OH,202206,854.73,0.0072,,Franklin,"Cincinnati, OH-KY-IN",Warren County
77399,45005,OH,202207,855.03,0.0003,,Franklin,"Cincinnati, OH-KY-IN",Warren County
77399,45005,OH,202208,866.11,0.013,,Franklin,"Cincinnati, OH-KY-IN",Warren County
77399,45005,OH,202209,877.24,0.0128,,Franklin,"Cincinnati, OH-KY-IN",Warren County
77399,45005,OH,202210,875.88,-0.0016,,Franklin,"Cincinnati, OH-KY-IN",Warren County
77399,45005,OH,202211,882.48,0.0075,,Franklin,"Cincinnati, OH-KY-IN",Warren County
77399,45005,OH,202212,877.1,-0.0061,,Franklin,"Cincinnati, OH-KY-IN",Warren County
77399,45005,OH,202301,889.69,0.0144,,Franklin,"Cincinnati, OH-KY-IN",Warren County
77399,45005,OH,202302,891.65,0.0022,,Franklin,"Cincinnati, OH-KY-IN",Warren County
77399,45005,OH,202303,895.15,0.0039,,Franklin,"Cincinnati, OH-KY-IN",Warren County
77399,45005,OH,202304,889.32,-0.0065,,Franklin,"Cincinnati, OH-KY-IN",Warren County
77399,45005,OH,202305,888.51,-0.0009,0.047,Franklin,"Cincinnati, OH-KY-IN",Warren County
77399,45005,OH,202306,865.34,-0.0261,0.0124,Franklin,"Cincinnati, OH-KY-IN",Warren County
77399,45005,OH,202307,868.06,0.0031,0.0152,Franklin,"Cincinnati, OH-KY-IN",Warren County
77399,45005,OH,202308,893.8,0.0297,0.032,Franklin,"Cincinnati, OH-KY-IN",Warren County
77399,45005,OH,202309,939.21,0.0508,0.0706,Franklin,"Cincinnati, OH-KY-IN",Warren County
77399,45005,OH,202310,952.66,0.0143,0.0877,Franklin,"Cincinnati, OH-KY-IN",Warren County
77399,45005,OH,202311,936.92,-0.0165,0.0617,Franklin,"Cincinnati, OH-KY-IN",Warren County
77399,45005,OH,202312,918.99,-0.0191,0.0478,Franklin,"Cincinnati, OH-KY-IN",Warren County
77399,45005,OH,202401,926.01,0.0076,0.0408,Franklin,"Cincinnati, OH-KY-IN",Warren County
77399,45005,OH,202402,925.24,-0.0008,0.0377,Franklin,"Cincinnati, OH-KY-IN",Warren County
77399,45005,OH,202403,930.5,0.0057,0.0395,Franklin,"Cincinnati, OH-KY-IN",Warren County
77399,45005,OH,202404,943.96,0.0145,0.0614,Franklin,"Cincinnati, OH-KY-IN",Warren County
77399,45005,OH,202405,950.03,0.0064,0.0692,Franklin,"Cincinnati, OH-KY-IN",Warren County
77399,45005,OH,202406,959.0,0.0094,0.1082,Franklin,"Cincinnati, OH-KY-IN",Warren County
77399,45005,OH,202407,981.5,0.0235,0.1307,Franklin,"Cincinnati, OH-KY-IN",Warren County
77399,45005,OH,202408,988.75,0.0074,0.1062,Franklin,"Cincinnati, OH-KY-IN",Warren County
77399,45005,OH,202410,1141.78,0.1548,0.2157,Franklin,"Cincinnati, OH-KY-IN",Warren County
77399,45005,OH,202411,1192.31,0.0443,0.2516,Franklin,"Cincinnati, OH-KY-IN",Warren County
77399,45005,OH,202412,1148.78,-0.0365,0.2261,Franklin,"Cincinnati, OH-KY-IN",Warren County
77399,45005,OH,202501,1161.37,0.011,0.2637,Franklin,"Cincinnati, OH-KY-IN",Warren County
77399,45005,OH,202502,1200.22,0.0335,0.2961,Franklin,"Cincinnati, OH-KY-IN",Warren County
77399,45005,OH,202503,1170.99,-0.0244,0.2656,Franklin,"Cincinnati, OH-KY-IN",Warren County
77399,45005,OH,202504,1199.68,0.0245,0.2893,Franklin,"Cincinnati, OH-KY-IN",Warren County
77399,45005,OH,202505,1171.8,-0.0232,0.2414,Franklin,"Cincinnati, OH-KY-IN",Warren County
77399,45005,OH,202506,1133.8,-0.0324,0.1934,Franklin,"Cincinnati, OH-KY-IN",Warren County
77399,45005,OH,202507,1136.05,0.002,0.1846,Franklin,"Cincinnati, OH-KY-IN",Warren County
77399,45005,OH,202508,1196.41,0.0531,0.219,Franklin,"Cincinnati, OH-KY-IN",Warren County
77399,45005,OH,202509,1265.63,0.0579,0.28,Franklin,"Cincinnati, OH-KY-IN",Warren County
77399,45005,OH,202510,1266.61,0.0008,0.1093,Franklin,"Cincinnati, OH-KY-IN",Warren County
77399,45005,OH,202511,1213.78,-0.0417,0.018,Franklin,"Cincinnati, OH-KY-IN",Warren County
77399,45005,OH,202512,1180.12,-0.0277,0.0273,Franklin,"Cincinnati, OH-KY-IN",Warren County
77399,45005,OH,202601,1173.38,-0.0057,0.0103,Franklin,"Cincinnati, OH-KY-IN",Warren County
77399,45005,OH,202602,1183.47,0.0086,-0.014,Franklin,"Cincinnati, OH-KY-IN",Warren County
77399,45005,OH,202603,1204.11,0.0174,0.0283,Franklin,"Cincinnati, OH-KY-IN",Warren County
77399,45005,OH,202604,1216.49,0.0103,0.014,Franklin,"Cincinnati, OH-KY-IN",Warren County
77399,45005,OH,202605,1246.01,0.0243,0.0633,Franklin,"Cincinnati, OH-KY-IN",Warren County
77399,45005,OH,202606,1256.92,0.0088,0.1086,Franklin,"Cincinnati, OH-KY-IN",Warren County
77399,45005,OH,202607,1282.95,0.0207,0.1293,Franklin,"Cincinnati, OH-KY-IN",Warren County
77399,45005,OH,202608,1277.72,-0.0041,0.068,Franklin,"Cincinnati, OH-KY-IN",Warren County
77400,45011,OH,202207,1486.86,,,Hamilton,"Cincinnati, OH-KY-IN",Butler County
77400,45011,OH,202208,1515.63,0.0194,,Hamilton,"Cincinnati, OH-KY-IN",Butler County
77400,45011,OH,202209,1486.76,-0.019,,Hamilton,"Cincinnati, OH-KY-IN",Butler County
77400,45011,OH,202210,1514.18,0.0184,,Hamilton,"Cincinnati, OH-KY-IN",Butler County
77400,45011,OH,202211,1533.56,0.0128,,Hamilton,"Cincinnati, OH-KY-IN",Butler County
77400,45011,OH,202212,1557.56,0.0157,,Hamilton,"Cincinnati, OH-KY-IN",Butler County
77400,45011,OH,202301,1523.63,-0.0218,,Hamilton,"Cincinnati, OH-KY-IN",Butler County
77400,45011,OH,202302,1528.24,0.003,,Hamilton,"Cincinnati, OH-KY-IN",Butler County
77400,45011,OH,202303,1551.52,0.0152,,Hamilton,"Cincinnati, OH-KY-IN",Butler County
77400,45011,OH,202304,1584.81,0.0215,,Hamilton,"Cincinnati, OH-KY-IN",Butler County
77400,45011,OH,202305,1607.96,0.0146,,Hamilton,"Cincinnati, OH-KY-IN",Butler County
77400,45011,OH,202306,1655.24,0.0294,,Hamilton,"Cincinnati, OH-KY-IN",Butler County
77400,45011,OH,202307,1615.86,-0.0238,0.0868,Hamilton,"Cincinnati, OH-KY-IN",Butler County
77400,45011,OH,202308,1607.03,-0.0055,0.0603,Hamilton,"Cincinnati, OH-KY-IN",Butler County
77400,45011,OH,202309,1560.86,-0.0287,0.0498,Hamilton,"Cincinnati, OH-KY-IN",Butler County
77400,45011,OH,202310,1644.25,0.0534,0.0859,Hamilton,"Cincinnati, OH-KY-IN",Butler County
77400,45011,OH,202311,1656.23,0.0073,0.08,Hamilton,"Cincinnati, OH-KY-IN",Butler County
77400,45011,OH,202312,1749.85,0.0565,0.1235,Hamilton,"Cincinnati, OH-KY-IN",Butler County
77400,45011,OH,202401,1748.7,-0.0007,0.1477,Hamilton,"Cincinnati, OH-KY-IN",Butler County
77400,45011,OH,202402,1766.36,0.0101,0.1558,Hamilton,"Cincinnati, OH-KY-IN",Butler County
77400,45011,OH,202403,1721.97,-0.0251,0.1099,Hamilton,"Cincinnati, OH-KY-IN",Butler County
77400,45011,OH,202404,1734.59,0.0073,0.0945,Hamilton,"Cincinnati, OH-KY-IN",Butler County
77400,45011,OH,202405,1753.07,0.0107,0.0902,Hamilton,"Cincinnati, OH-KY-IN",Butler County
77400,45011,OH,202406,1802.06,0.0279,0.0887,Hamilton,"Cincinnati, OH-KY-IN",Butler County
77400,45011,OH,202407,1807.08,0.0028,0.1183,Hamilton,"Cincinnati, OH-KY-IN",Butler County
77400,45011,OH,202408,1846.69,0.0219,0.1491,Hamilton,"Cincinnati, OH-KY-IN",Butler County
77400,45011,OH,202409,1814.46,-0.0175,0.1625,Hamilton,"Cincinnati, OH-KY-IN",Butler County
77400,45011,OH,202410,1815.58,0.0006,0.1042,Hamilton,"Cincinnati, OH-KY-IN",Butler County
77400,45011,OH,202411,1792.72,-0.0126,0.0824,Hamilton,"Cincinnati, OH-KY-IN",Butler County
77400,45011,OH,202412,1790.36,-0.0013,0.0232,Hamilton,"Cincinnati, OH-KY-IN",Butler County
77400,45011,OH,202501,1809.54,0.0107,0.0348,Hamilton,"Cincinnati, OH-KY-IN",Butler County
77400,45011,OH,202502,1839.09,0.0163,0.0412,Hamilton,"Cincinnati, OH-KY-IN",Butler County
77400,45011,OH,202503,1852.41,0.0072,0.0758,Hamilton,"Cincinnati, OH-KY-IN",Butler County
77400,45011,OH,202504,1850.23,-0.0012,0.0667,Hamilton,"Cincinnati, OH-KY-IN",Butler County
77400,45011,OH,202505,1824.51,-0.0139,0.0408,Hamilton,"Cincinnati, OH-KY-IN",Butler County
77400,45011,OH,202506,1843.21,0.0102,0.0228,Hamilton,"Cincinnati, OH-KY-IN",Butler County
77400,45011,OH,202507,1881.72,0.0209,0.0413,Hamilton,"Cincinnati, OH-KY-IN",Butler County
77400,45011,OH,202508,1902.29,0.0109,0.0301,Hamilton,"Cincinnati, OH-KY-IN",Butler County
77400,45011,OH,202509,1882.12,-0.0106,0.0373,Hamilton,"Cincinnati, OH-KY-IN",Butler County
77400,45011,OH,202510,1894.29,0.0065,0.0434,Hamilton,"Cincinnati, OH-KY-IN",Butler County
77400,45011,OH,202511,1897.0,0.0014,0.0582,Hamilton,"Cincinnati, OH-KY-IN",Butler County
77400,45011,OH,202512,1931.05,0.0179,0.0786,Hamilton,"Cincinnati, OH-KY-IN",Butler County
77400,45011,OH,202601,1885.84,-0.0234,0.0422,Hamilton,"Cincinnati, OH-KY-IN",Butler County
77400,45011,OH,202602,1900.24,0.0076,0.0332,Hamilton,"Cincinnati, OH-KY-IN",Butler County
77400,45011,OH,202603,1888.68,-0.0061,0.0196,Hamilton,"Cincinnati, OH-KY-IN",Butler County
77400,45011,OH,202604,1919.04,0.0161,0.0372,Hamilton,"Cincinnati, OH-KY-IN",Butler County
77400,45011,OH,202605,1926.93,0.0041,0.0561,Hamilton,"Cincinnati, OH-KY-IN",Butler County
77400,45011,OH,202606,1955.9,0.015,0.0611,Hamilton,"Cincinnati, OH-KY-IN",Butler County
77400,45011,OH,202607,1917.27,-0.0198,0.0189,Hamilton,"Cincinnati, OH-KY-IN",Butler County
77400,45011,OH,202608,1936.65,0.0101,0.0181,Hamilton,"Cincinnati, OH-KY-IN",Butler County
77402,45013,OH,202305,1069.36,,,Hamilton,"Cincinnati, OH-KY-IN",Butler County
77402,45013,OH,202306,1067.49,-0.0018,,Hamilton,"Cincinnati, OH-KY-IN",Butler County
77402,45013,OH,202307,1077.03,0.0089,,Hamilton,"Cincinnati, OH-KY-IN",Butler County
77402,45013,OH,202308,1074.41,-0.0024,,Hamilton,"Cincinnati, OH-KY-IN",Butler County
77402,45013,OH,202309,1080.77,0.0059,,Hamilton,"Cincinnati, OH-KY-IN",Butler County
77402,45013,OH,202310,1106.89,0.0242,,Hamilton,"Cincinnati, OH-KY-IN",Butler County
77402,45013,OH,202311,1115.93,0.0082,,Hamilton,"Cincinnati, OH-KY-IN",Butler County
77402,45013,OH,202312,1138.6,0.0203,,Hamilton,"Cincinnati, OH-KY-IN",Butler County
77402,45013,OH,202401,1158.97,0.0179,,Hamilton,"Cincinnati, OH-KY-IN",Butler County
77402,45013,OH,202402,1149.25,-0.0084,,Hamilton,"Cincinnati, OH-KY-IN",Butler County
77402,45013,OH,202403,1142.48,-0.0059,,Hamilton,"Cincinnati, OH-KY-IN",Butler County
77402,45013,OH,202404,1125.3,-0.015,,Hamilton,"Cincinnati, OH-KY-IN",Butler County
77402,45013,OH,202405,1150.32,0.0222,0.0757,Hamilton,"Cincinnati, OH-KY-IN",Butler County
77402,45013,OH,202406,1163.96,0.0119,0.0904,Hamilton,"Cincinnati, OH-KY-IN",Butler County
77402,45013,OH,202407,1174.41,0.009,0.0904,Hamilton,"Cincinnati, OH-KY-IN",Butler County
77402,45013,OH,202408,1152.18,-0.0189,0.0724,Hamilton,"Cincinnati, OH-KY-IN",Butler County
77402,45013,OH,202409,1149.53,-0.0023,0.0636,Hamilton,"Cincinnati, OH-KY-IN",Butler County
77402,45013,OH,202410,1155.14,0.0049,0.0436,Hamilton,"Cincinnati, OH-KY-IN",Butler County
77402,45013,OH,202411,1169.94,0.0128,0.0484,Hamilton,"Cincinnati, OH-KY-IN",Butler County
77402,45013,OH,202412,1166.34,-0.0031,0.0244,Hamilton,"Cincinnati, OH-KY-IN",Butler County
77402,45013,OH,202501,1187.78,0.0184,0.0249,Hamilton,"Cincinnati, OH-KY-IN",Butler County
77402,45013,OH,202502,1189.45,0.0014,0.035,Hamilton,"Cincinnati, OH-KY-IN",Butler County
77402,45013,OH,202503,1226.23,0.0309,0.0733,Hamilton,"Cincinnati, OH-KY-IN",Butler County
77402,45013,OH,202504,1231.23,0.0041,0.0941,Hamilton,"Cincinnati, OH-KY-IN",Butler County
77402,45013,OH,202505,1245.82,0.0119,0.083,Hamilton,"Cincinnati, OH-KY-IN",Butler County
77402,45013,OH,202506,1232.85,-0.0104,0.0592,Hamilton,"Cincinnati, OH-KY-IN",Butler County
77402,45013,OH,202507,1225.2,-0.0062,0.0432,Hamilton,"Cincinnati, OH-KY-IN",Butler County
77402,45013,OH,202508,1225.94,0.0006,0.064,Hamilton,"Cincinnati, OH-KY-IN",Butler County
77402,45013,OH,202509,1223.96,-0.0016,0.0647,Hamilton,"Cincinnati, OH-KY-IN",Butler County
77402,45013,OH,202510,1235.66,0.0096,0.0697,Hamilton,"Cincinnati, OH-KY-IN",Butler County
77402,45013,OH,202511,1257.29,0.0175,0.0747,Hamilton,"Cincinnati, OH-KY-IN",Butler County
77402,45013,OH,202512,1251.56,-0.0046,0.0731,Hamilton,"Cincinnati, OH-KY-IN",Butler County
77402,45013,OH,202601,1247.41,-0.0033,0.0502,Hamilton,"Cincinnati, OH-KY-IN",Butler County
77402,45013,OH,202602,1257.78,0.0083,0.0575,Hamilton,"Cincinnati, OH-KY-IN",Butler County
77402,45013,OH,202603,1261.98,0.0033,0.0292,Hamilton,"Cincinnati, OH-KY-IN",Butler County
77402,45013,OH,202604,1272.89,0.0087,0.0338,Hamilton,"Cincinnati, OH-KY-IN",Butler County
77402,45013,OH,202605,1279.12,0.0049,0.0267,Hamilton,"Cincinnati, OH-KY-IN",Butler County
77402,45013,OH,202606,1303.8,0.0193,0.0575,Hamilton,"Cincinnati, OH-KY-IN",Butler County
77402,45013,OH,202607,1309.57,0.0044,0.0689,Hamilton,"Cincinnati, OH-KY-IN",Butler County
77402,45013,OH,202608,1308.33,-0.0009,0.0672,Hamilton,"Cincinnati, OH-KY-IN",Butler County
77403,45014,OH,202203,1108.38,,,Fairfield,"Cincinnati, OH-KY-IN",Butler County
77403,45014,OH,202204,1140.39,0.0289,,Fairfield,"Cincinnati, OH-KY-IN",Butler County
77403,45014,OH,202205,1148.22,0.0069,,Fairfield,"Cincinnati, OH-KY-IN",Butler County
77403,45014,OH,202206,1156.23,0.007,,Fairfield,"Cincinnati, OH-KY-IN",Butler County
77403,45014,OH,202207,1170.22,0.0121,,Fairfield,"Cincinnati, OH-KY-IN",Butler County
77403,45014,OH,202208,1182.4,0.0104,,Fairfield,"Cincinnati, OH-KY-IN",Butler County
77403,45014,OH,202209,1205.24,0.0193,,Fairfield,"Cincinnati, OH-KY-IN",Butler County
77403,45014,OH,202210,1200.37,-0.004,,Fairfield,"Cincinnati, OH-KY-IN",Butler County
77403,45014,OH,202211,1181.27,-0.0159,,Fairfield,"Cincinnati, OH-KY-IN",Butler County
77403,45014,OH,202212,1169.64,-0.0098,,Fairfield,"Cincinnati, OH-KY-IN",Butler County
77403,45014,OH,202301,1175.1,0.0047,,Fairfield,"Cincinnati, OH-KY-IN",Butler County
77403,45014,OH,202302,1178.51,0.0029,,Fairfield,"Cincinnati, OH-KY-IN",Butler County
77403,45014,OH,202303,1182.99,0.0038,0.0673,Fairfield,"Cincinnati, OH-KY-IN",Butler County
77403,45014,OH,202304,1194.7,0.0099,0.0476,Fairfield,"Cincinnati, OH-KY-IN",Butler County
77403,45014,OH,202305,1203.24,0.0071,0.0479,Fairfield,"Cincinnati, OH-KY-IN",Butler County
77403,45014,OH,202306,1225.88,0.0188,0.0602,Fairfield,"Cincinnati, OH-KY-IN",Butler County
77403,45014,OH,202307,1240.98,0.0123,0.0605,Fairfield,"Cincinnati, OH-KY-IN",Butler County
77403,45014,OH,202308,1254.46,0.0109,0.0609,Fairfield,"Cincinnati, OH-KY-IN",Butler County
77403,45014,OH,202309,1251.31,-0.0025,0.0382,Fairfield,"Cincinnati, OH-KY-IN",Butler County
77403,45014,OH,202310,1234.86,-0.0131,0.0287,Fairfield,"Cincinnati, OH-KY-IN",Butler County
77403,45014,OH,202311,1228.06,-0.0055,0.0396,Fairfield,"Cincinnati, OH-KY-IN",Butler County
77403,45014,OH,202312,1244.65,0.0135,0.0641,Fairfield,"Cincinnati, OH-KY-IN",Butler County
77403,45014,OH,202401,1230.68,-0.0112,0.0473,Fairfield,"Cincinnati, OH-KY-IN",Butler County
77403,45014,OH,202402,1222.29,-0.0068,0.0371,Fairfield,"Cincinnati, OH-KY-IN",Butler County
77403,45014,OH,202403,1209.19,-0.0107,0.0222,Fairfield,"Cincinnati, OH-KY-IN",Butler County
77403,45014,OH,202404,1224.88,0.013,0.0253,Fairfield,"Cincinnati, OH-KY-IN",Butler County
77403,45014,OH,202405,1220.63,-0.0035,0.0145,Fairfield,"Cincinnati, OH-KY-IN",Butler County
77403,45014,OH,202406,1215.81,-0.004,-0.0082,Fairfield,"Cincinnati, OH-KY-IN",Butler County
77403,45014,OH,202407,1216.64,0.0007,-0.0196,Fairfield,"Cincinnati, OH-KY-IN",Butler County
77403,45014,OH,202408,1243.18,0.0218,-0.009,Fairfield,"Cincinnati, OH-KY-IN",Butler County
77403,45014,OH,202409,1235.26,-0.0064,-0.0128,Fairfield,"Cincinnati, OH-KY-IN",Butler County
77403,45014,OH,202410,1246.65,0.0092,0.0095,Fairfield,"Cincinnati, OH-KY-IN",Butler County
77403,45014,OH,202411,1243.39,-0.0026,0.0125,Fairfield,"Cincinnati, OH-KY-IN",Butler County
77403,45014,OH,202412,1240.07,-0.0027,-0.0037,Fairfield,"Cincinnati, OH-KY-IN",Butler County
77403,45014,OH,202501,1227.86,-0.0098,-0.0023,Fairfield,"Cincinnati, OH-KY-IN",Butler County
77403,45014,OH,202502,1223.3,-0.0037,0.0008,Fairfield,"Cincinnati, OH-KY-IN",Butler County
77403,45014,OH,202503,1247.7,0.0199,0.0318,Fairfield,"Cincinnati, OH-KY-IN",Butler County
77403,45014,OH,202504,1269.7,0.0176,0.0366,Fairfield,"Cincinnati, OH-KY-IN",Butler County
77403,45014,OH,202505,1291.57,0.0172,0.0581,Fairfield,"Cincinnati, OH-KY-IN",Butler County
77403,45014,OH,202506,1298.36,0.0053,0.0679,Fairfield,"Cincinnati, OH-KY-IN",Butler County
77403,45014,OH,202507,1285.39,-0.01,0.0565,Fairfield,"Cincinnati, OH-KY-IN",Butler County
77403,45014,OH,202508,1284.98,-0.0003,0.0336,Fairfield,"Cincinnati, OH-KY-IN",Butler County
77403,45014,OH,202509,1276.41,-0.0067,0.0333,Fairfield,"Cincinnati, OH-KY-IN",Butler County
77403,45014,OH,202510,1266.06,-0.0081,0.0156,Fairfield,"Cincinnati, OH-KY-IN",Butler County
77403,45014,OH,202511,1251.08,-0.0118,0.0062,Fairfield,"Cincinnati, OH-KY-IN",Butler County
77403,45014,OH,202512,1256.93,0.0047,0.0136,Fairfield,"Cincinnati, OH-KY-IN",Butler County
77403,45014,OH,202601,1272.79,0.0126,0.0366,Fairfield,"Cincinnati, OH-KY-IN",Butler County
77403,45014,OH,202602,1280.42,0.006,0.0467,Fairfield,"Cincinnati, OH-KY-IN",Butler County
77403,45014,OH,202603,1278.05,-0.0019,0.0243,Fairfield,"Cincinnati, OH-KY-IN",Butler County
77403,45014,OH,202604,1290.67,0.0099,0.0165,Fairfield,"Cincinnati, OH-KY-IN",Butler County
77403,45014,OH,202605,1294.06,0.0026,0.0019,Fairfield,"Cincinnati, OH-KY-IN",Butler County
77403,45014,OH,202606,1301.61,0.0058,0.0025,Fairfield,"Cincinnati, OH-KY-IN",Butler County
77403,45014,OH,202607,1321.84,0.0155,0.0284,Fairfield,"Cincinnati, OH-KY-IN",Butler County
77403,45014,OH,202608,1336.16,0.0108,0.0398,Fairfield,"Cincinnati, OH-KY-IN",Butler County
77404,45015,OH,202608,1414.0,,,Hamilton,"Cincinnati, OH-KY-IN",Butler County
77412,45036,OH,202203,1442.54,,,Lebanon,"Cincinnati, OH-KY-IN",Warren County
77412,45036,OH,202204,1476.47,0.0235,,Lebanon,"Cincinnati, OH-KY-IN",Warren County
77412,45036,OH,202205,1477.69,0.0008,,Lebanon,"Cincinnati, OH-KY-IN",Warren County
77412,45036,OH,202206,1491.14,0.0091,,Lebanon,"Cincinnati, OH-KY-IN",Warren County
77412,45036,OH,202207,1539.6,0.0325,,Lebanon,"Cincinnati, OH-KY-IN",Warren County
77412,45036,OH,202208,1582.59,0.0279,,Lebanon,"Cincinnati, OH-KY-IN",Warren County
77412,45036,OH,202209,1565.32,-0.0109,,Lebanon,"Cincinnati, OH-KY-IN",Warren County
77412,45036,OH,202210,1535.52,-0.019,,Lebanon,"Cincinnati, OH-KY-IN",Warren County
77412,45036,OH,202211,1489.44,-0.03,,Lebanon,"Cincinnati, OH-KY-IN",Warren County
77412,45036,OH,202212,1497.11,0.0052,,Lebanon,"Cincinnati, OH-KY-IN",Warren County
77412,45036,OH,202301,1488.91,-0.0055,,Lebanon,"Cincinnati, OH-KY-IN",Warren County
77412,45036,OH,202302,1523.62,0.0233,,Lebanon,"Cincinnati, OH-KY-IN",Warren County
77412,45036,OH,202303,1521.91,-0.0011,0.055,Lebanon,"Cincinnati, OH-KY-IN",Warren County
77412,45036,OH,202304,1538.51,0.0109,0.042,Lebanon,"Cincinnati, OH-KY-IN",Warren County
77412,45036,OH,202305,1547.99,0.0062,0.0476,Lebanon,"Cincinnati, OH-KY-IN",Warren County
77412,45036,OH,202306,1577.67,0.0192,0.058,Lebanon,"Cincinnati, OH-KY-IN",Warren County
77412,45036,OH,202307,1610.32,0.0207,0.0459,Lebanon,"Cincinnati, OH-KY-IN",Warren County
77412,45036,OH,202308,1615.03,0.0029,0.0205,Lebanon,"Cincinnati, OH-KY-IN",Warren County
77412,45036,OH,202309,1590.9,-0.0149,0.0163,Lebanon,"Cincinnati, OH-KY-IN",Warren County
77412,45036,OH,202310,1542.57,-0.0304,0.0046,Lebanon,"Cincinnati, OH-KY-IN",Warren County
77412,45036,OH,202311,1546.62,0.0026,0.0384,Lebanon,"Cincinnati, OH-KY-IN",Warren County
77412,45036,OH,202312,1555.36,0.0057,0.0389,Lebanon,"Cincinnati, OH-KY-IN",Warren County
77412,45036,OH,202401,1594.49,0.0252,0.0709,Lebanon,"Cincinnati, OH-KY-IN",Warren County
77412,45036,OH,202402,1597.07,0.0016,0.0482,Lebanon,"Cincinnati, OH-KY-IN",Warren County
77412,45036,OH,202403,1601.05,0.0025,0.052,Lebanon,"Cincinnati, OH-KY-IN",Warren County
77412,45036,OH,202404,1608.37,0.0046,0.0454,Lebanon,"Cincinnati, OH-KY-IN",Warren County
77412,45036,OH,202405,1638.95,0.019,0.0588,Lebanon,"Cincinnati, OH-KY-IN",Warren County
77412,45036,OH,202406,1695.47,0.0345,0.0747,Lebanon,"Cincinnati, OH-KY-IN",Warren County
77412,45036,OH,202407,1710.03,0.0086,0.0619,Lebanon,"Cincinnati, OH-KY-IN",Warren County
77412,45036,OH,202408,1718.88,0.0052,0.0643,Lebanon,"Cincinnati, OH-KY-IN",Warren County
77412,45036,OH,202409,1698.77,-0.0117,0.0678,Lebanon,"Cincinnati, OH-KY-IN",Warren County
77412,45036,OH,202410,1696.75,-0.0012,0.1,Lebanon,"Cincinnati, OH-KY-IN",Warren County
77412,45036,OH,202411,1657.05,-0.0234,0.0714,Lebanon,"Cincinnati, OH-KY-IN",Warren County
77412,45036,OH,202412,1635.26,-0.0132,0.0514,Lebanon,"Cincinnati, OH-KY-IN",Warren County
77412,45036,OH,202501,1620.42,-0.0091,0.0163,Lebanon,"Cincinnati, OH-KY-IN",Warren County
77412,45036,OH,202502,1655.7,0.0218,0.0367,Lebanon,"Cincinnati, OH-KY-IN",Warren County
77412,45036,OH,202503,1679.96,0.0147,0.0493,Lebanon,"Cincinnati, OH-KY-IN",Warren County
77412,45036,OH,202504,1728.29,0.0288,0.0746,Lebanon,"Cincinnati, OH-KY-IN",Warren County
77412,45036,OH,202505,1738.02,0.0056,0.0605,Lebanon,"Cincinnati, OH-KY-IN",Warren County
77412,45036,OH,202506,1749.71,0.0067,0.032,Lebanon,"Cincinnati, OH-KY-IN",Warren County
77412,45036,OH,202507,1763.9,0.0081,0.0315,Lebanon,"Cincinnati, OH-KY-IN",Warren County
77412,45036,OH,202508,1807.51,0.0247,0.0516,Lebanon,"Cincinnati, OH-KY-IN",Warren County
77412,45036,OH,202509,1872.56,0.036,0.1023,Lebanon,"Cincinnati, OH-KY-IN",Warren County
77412,45036,OH,202510,1881.87,0.005,0.1091,Lebanon,"Cincinnati, OH-KY-IN",Warren County
77412,45036,OH,202511,1878.17,-0.002,0.1334,Lebanon,"Cincinnati, OH-KY-IN",Warren County
77412,45036,OH,202512,1840.44,-0.0201,0.1255,Lebanon,"Cincinnati, OH-KY-IN",Warren County
77412,45036,OH,202601,1833.95,-0.0035,0.1318,Lebanon,"Cincinnati, OH-KY-IN",Warren County
77412,45036,OH,202602,1811.58,-0.0122,0.0941,Lebanon,"Cincinnati, OH-KY-IN",Warren County
77412,45036,OH,202603,1825.73,0.0078,0.0868,Lebanon,"Cincinnati, OH-KY-IN",Warren County
77412,45036,OH,202604,1854.81,0.0159,0.0732,Lebanon,"Cincinnati, OH-KY-IN",Warren County
77412,45036,OH,202605,1889.32,0.0186,0.0871,Lebanon,"Cincinnati, OH-KY-IN",Warren County
77412,45036,OH,202606,1910.92,0.0114,0.0921,Lebanon,"Cincinnati, OH-KY-IN",Warren County
77412,45036,OH,202607,1877.13,-0.0177,0.0642,Lebanon,"Cincinnati, OH-KY-IN",Warren County
77412,45036,OH,202608,1871.57,-0.003,0.0354,Lebanon,"Cincinnati, OH-KY-IN",Warren County
77413,45039,OH,202005,1259.83,,,Maineville,"Cincinnati, OH-KY-IN",Warren County
77413,45039,OH,202006,1267.84,0.0064,,Maineville,"Cincinnati, OH-KY-IN",Warren County
77413,45039,OH,202007,1264.78,-0.0024,,Maineville,"Cincinnati, OH-KY-IN",Warren County
77413,45039,OH,202008,1278.41,0.0108,,Maineville,"Cincinnati, OH-KY-IN",Warren County
77413,45039,OH,202009,1288.23,0.0077,,Maineville,"Cincinnati, OH-KY-IN",Warren County
77413,45039,OH,202010,1330.8,0.033,,Maineville,"Cincinnati, OH-KY-IN",Warren County
77413,45039,OH,202011,1344.66,0.0104,,Maineville,"Cincinnati, OH-KY-IN",Warren County
77413,45039,OH,202012,1348.69,0.003,,Maineville,"Cincinnati, OH-KY-IN",Warren County
77413,45039,OH,202101,1332.5,-0.012,,Maineville,"Cincinnati, OH-KY-IN",Warren County
77413,45039,OH,202102,1338.95,0.0048,,Maineville,"Cincinnati, OH-KY-IN",Warren County
77413,45039,OH,202103,1347.65,0.0065,,Maineville,"Cincinnati, OH-KY-IN",Warren County
77413,45039,OH,202104,1372.02,0.0181,,Maineville,"Cincinnati, OH-KY-IN",Warren County
77413,45039,OH,202105,1385.39,0.0098,0.0997,Maineville,"Cincinnati, OH-KY-IN",Warren County
77413,45039,OH,202106,1404.54,0.0138,0.1078,Maineville,"Cincinnati, OH-KY-IN",Warren County
77413,45039,OH,202107,1409.57,0.0036,0.1145,Maineville,"Cincinnati, OH-KY-IN",Warren County
77413,45039,OH,202108,1421.37,0.0084,0.1118,Maineville,"Cincinnati, OH-KY-IN",Warren County
77413,45039,OH,202110,1412.9,-0.006,0.0968,Maineville,"Cincinnati, OH-KY-IN",Warren County
77413,45039,OH,202111,1415.37,0.0017,0.0635,Maineville,"Cincinnati, OH-KY-IN",Warren County
77413,45039,OH,202112,1412.97,-0.0017,0.0508,Maineville,"Cincinnati, OH-KY-IN",Warren County
77413,45039,OH,202201,1421.02,0.0057,0.0536,Maineville,"Cincinnati, OH-KY-IN",Warren County
77413,45039,OH,202203,1458.62,0.0265,0.0946,Maineville,"Cincinnati, OH-KY-IN",Warren County
77413,45039,OH,202204,1482.43,0.0163,0.1072,Maineville,"Cincinnati, OH-KY-IN",Warren County
77413,45039,OH,202205,1498.44,0.0108,0.1119,Maineville,"Cincinnati, OH-KY-IN",Warren County
77413,45039,OH,202206,1522.79,0.0162,0.1099,Maineville,"Cincinnati, OH-KY-IN",Warren County
77413,45039,OH,202207,1542.19,0.0127,0.1132,Maineville,"Cincinnati, OH-KY-IN",Warren County
77413,45039,OH,202208,1550.75,0.0055,0.1041,Maineville,"Cincinnati, OH-KY-IN",Warren County
77413,45039,OH,202209,1529.51,-0.0137,0.0851,Maineville,"Cincinnati, OH-KY-IN",Warren County
77413,45039,OH,202210,1521.73,-0.0051,0.0706,Maineville,"Cincinnati, OH-KY-IN",Warren County
77413,45039,OH,202211,1499.84,-0.0144,0.0615,Maineville,"Cincinnati, OH-KY-IN",Warren County
77413,45039,OH,202212,1506.6,0.0045,0.0645,Maineville,"Cincinnati, OH-KY-IN",Warren County
77413,45039,OH,202301,1493.6,-0.0086,0.0571,Maineville,"Cincinnati, OH-KY-IN",Warren County
77413,45039,OH,202302,1517.93,0.0163,0.0682,Maineville,"Cincinnati, OH-KY-IN",Warren County
77413,45039,OH,202303,1526.11,0.0054,0.0463,Maineville,"Cincinnati, OH-KY-IN",Warren County
77413,45039,OH,202304,1563.97,0.0248,0.055,Maineville,"Cincinnati, OH-KY-IN",Warren County
77413,45039,OH,202305,1585.8,0.014,0.0583,Maineville,"Cincinnati, OH-KY-IN",Warren County
77413,45039,OH,202306,1622.93,0.0234,0.0658,Maineville,"Cincinnati, OH-KY-IN",Warren County
77413,45039,OH,202307,1625.88,0.0018,0.0543,Maineville,"Cincinnati, OH-KY-IN",Warren County
77413,45039,OH,202308,1638.39,0.0077,0.0565,Maineville,"Cincinnati, OH-KY-IN",Warren County
77413,45039,OH,202309,1622.38,-0.0098,0.0607,Maineville,"Cincinnati, OH-KY-IN",Warren County
77413,45039,OH,202310,1610.18,-0.0075,0.0581,Maineville,"Cincinnati, OH-KY-IN",Warren County
77413,45039,OH,202311,1574.12,-0.0224,0.0495,Maineville,"Cincinnati, OH-KY-IN",Warren County
77413,45039,OH,202312,1578.64,0.0029,0.0478,Maineville,"Cincinnati, OH-KY-IN",Warren County
77413,45039,OH,202401,1593.32,0.0093,0.0668,Maineville,"Cincinnati, OH-KY-IN",Warren County
77413,45039,OH,202402,1634.64,0.0259,0.0769,Maineville,"Cincinnati, OH-KY-IN",Warren County
77413,45039,OH,202403,1658.36,0.0145,0.0867,Maineville,"Cincinnati, OH-KY-IN",Warren County
77413,45039,OH,202404,1671.58,0.008,0.0688,Maineville,"Cincinnati, OH-KY-IN",Warren County
77413,45039,OH,202405,1678.71,0.0043,0.0586,Maineville,"Cincinnati, OH-KY-IN",Warren County
77413,45039,OH,202406,1710.74,0.0191,0.0541,Maineville,"Cincinnati, OH-KY-IN",Warren County
77413,45039,OH,202407,1750.59,0.0233,0.0767,Maineville,"Cincinnati, OH-KY-IN",Warren County
77413,45039,OH,202408,1791.1,0.0231,0.0932,Maineville,"Cincinnati, OH-KY-IN",Warren County
77413,45039,OH,202409,1790.32,-0.0004,0.1035,Maineville,"Cincinnati, OH-KY-IN",Warren County
77413,45039,OH,202410,1770.7,-0.011,0.0997,Maineville,"Cincinnati, OH-KY-IN",Warren County
77413,45039,OH,202411,1754.97,-0.0089,0.1149,Maineville,"Cincinnati, OH-KY-IN",Warren County
77413,45039,OH,202412,1736.97,-0.0103,0.1003,Maineville,"Cincinnati, OH-KY-IN",Warren County
77413,45039,OH,202501,1721.43,-0.0089,0.0804,Maineville,"Cincinnati, OH-KY-IN",Warren County
77413,45039,OH,202502,1720.79,-0.0004,0.0527,Maineville,"Cincinnati, OH-KY-IN",Warren County
77413,45039,OH,202503,1737.29,0.0096,0.0476,Maineville,"Cincinnati, OH-KY-IN",Warren County
77413,45039,OH,202504,1779.03,0.024,0.0643,Maineville,"Cincinnati, OH-KY-IN",Warren County
77413,45039,OH,202505,1809.95,0.0174,0.0782,Maineville,"Cincinnati, OH-KY-IN",Warren County
77413,45039,OH,202506,1828.41,0.0102,0.0688,Maineville,"Cincinnati, OH-KY-IN",Warren County
77413,45039,OH,202507,1830.44,0.0011,0.0456,Maineville,"Cincinnati, OH-KY-IN",Warren County
77413,45039,OH,202508,1813.29,-0.0094,0.0124,Maineville,"Cincinnati, OH-KY-IN",Warren County
77413,45039,OH,202509,1806.4,-0.0038,0.009,Maineville,"Cincinnati, OH-KY-IN",Warren County
77413,45039,OH,202510,1795.33,-0.0061,0.0139,Maineville,"Cincinnati, OH-KY-IN",Warren County
77413,45039,OH,202511,1798.9,0.002,0.025,Maineville,"Cincinnati, OH-KY-IN",Warren County
77413,45039,OH,202512,1782.78,-0.009,0.0264,Maineville,"Cincinnati, OH-KY-IN",Warren County
77413,45039,OH,202601,1790.17,0.0041,0.0399,Maineville,"Cincinnati, OH-KY-IN",Warren County
77413,45039,OH,202602,1825.24,0.0196,0.0607,Maineville,"Cincinnati, OH-KY-IN",Warren County
77413,45039,OH,202603,1859.44,0.0187,0.0703,Maineville,"Cincinnati, OH-KY-IN",Warren County
77413,45039,OH,202604,1862.73,0.0018,0.047,Maineville,"Cincinnati, OH-KY-IN",Warren County
77413,45039,OH,202605,1844.6,-0.0097,0.0191,Maineville,"Cincinnati, OH-KY-IN",Warren County
77413,45039,OH,202606,1841.99,-0.0014,0.0074,Maineville,"Cincinnati, OH-KY-IN",Warren County
77413,45039,OH,202607,1843.07,0.0006,0.0069,Maineville,"Cincinnati, OH-KY-IN",Warren County
77413,45039,OH,202608,1843.33,0.0001,0.0166,Maineville,"Cincinnati, OH-KY-IN",Warren County
77414,45040,OH,201712,1395.25,,,Mason,"Cincinnati, OH-KY-IN",Warren County
77414,45040,OH,201801,1388.51,-0.0048,,Mason,"Cincinnati, OH-KY-IN",Warren County
77414,45040,OH,201802,1397.8,0.0067,,Mason,"Cincinnati, OH-KY-IN",Warren County
77414,45040,OH,201803,1400.75,0.0021,,Mason,"Cincinnati, OH-KY-IN",Warren County
77414,45040,OH,201804,1416.64,0.0113,,Mason,"Cincinnati, OH-KY-IN",Warren County
77414,45040,OH,201805,1416.82,0.0001,,Mason,"Cincinnati, OH-KY-IN",Warren County
77414,45040,OH,201806,1420.37,0.0025,,Mason,"Cincinnati, OH-KY-IN",Warren County
77414,45040,OH,201807,1412.87,-0.0053,,Mason,"Cincinnati, OH-KY-IN",Warren County
77414,45040,OH,201808,1412.01,-0.0006,,Mason,"Cincinnati, OH-KY-IN",Warren County
77414,45040,OH,201809,1419.73,0.0055,,Mason,"Cincinnati, OH-KY-IN",Warren County
77414,45040,OH,201810,1416.98,-0.0019,,Mason,"Cincinnati, OH-KY-IN",Warren County
77414,45040,OH,201811,1401.1,-0.0112,,Mason,"Cincinnati, OH-KY-IN",Warren County
77414,45040,OH,201812,1402.94,0.0013,0.0055,Mason,"Cincinnati, OH-KY-IN",Warren County
77414,45040,OH,201901,1416.69,0.0098,0.0203,Mason,"Cincinnati, OH-KY-IN",Warren County
77414,45040,OH,201902,1446.84,0.0213,0.0351,Mason,"Cincinnati, OH-KY-IN",Warren County
77414,45040,OH,201903,1470.38,0.0163,0.0497,Mason,"Cincinnati, OH-KY-IN",Warren County
77414,45040,OH,201904,1483.05,0.0086,0.0469,Mason,"Cincinnati, OH-KY-IN",Warren County
77414,45040,OH,201905,1488.6,0.0037,0.0507,Mason,"Cincinnati, OH-KY-IN",Warren County
77414,45040,OH,201906,1478.54,-0.0068,0.041,Mason,"Cincinnati, OH-KY-IN",Warren County
77414,45040,OH,201907,1481.88,0.0023,0.0488,Mason,"Cincinnati, OH-KY-IN",Warren County
77414,45040,OH,201908,1472.93,-0.006,0.0431,Mason,"Cincinnati, OH-KY-IN",Warren County
77414,45040,OH,201909,1467.67,-0.0036,0.0338,Mason,"Cincinnati, OH-KY-IN",Warren County
77414,45040,OH,201910,1462.94,-0.0032,0.0324,Mason,"Cincinnati, OH-KY-IN",Warren County
77414,45040,OH,201911,1493.59,0.021,0.066,Mason,"Cincinnati, OH-KY-IN",Warren County
77414,45040,OH,201912,1493.52,-0.0,0.0646,Mason,"Cincinnati, OH-KY-IN",Warren County
77414,45040,OH,202001,1497.53,0.0027,0.0571,Mason,"Cincinnati, OH-KY-IN",Warren County
77414,45040,OH,202002,1482.11,-0.0103,0.0244,Mason,"Cincinnati, OH-KY-IN",Warren County
77414,45040,OH,202003,1496.31,0.0096,0.0176,Mason,"Cincinnati, OH-KY-IN",Warren County
77414,45040,OH,202004,1507.69,0.0076,0.0166,Mason,"Cincinnati, OH-KY-IN",Warren County
77414,45040,OH,202005,1521.74,0.0093,0.0223,Mason,"Cincinnati, OH-KY-IN",Warren County
77414,45040,OH,202006,1521.88,0.0001,0.0293,Mason,"Cincinnati, OH-KY-IN",Warren County
77414,45040,OH,202007,1524.75,0.0019,0.0289,Mason,"Cincinnati, OH-KY-IN",Warren County
77414,45040,OH,202008,1525.88,0.0007,0.0359,Mason,"Cincinnati, OH-KY-IN",Warren County
77414,45040,OH,202009,1534.49,0.0056,0.0455,Mason,"Cincinnati, OH-KY-IN",Warren County
77414,45040,OH,202010,1528.98,-0.0036,0.0451,Mason,"Cincinnati, OH-KY-IN",Warren County
77414,45040,OH,202011,1539.08,0.0066,0.0305,Mason,"Cincinnati, OH-KY-IN",Warren County
77414,45040,OH,202012,1552.56,0.0088,0.0395,Mason,"Cincinnati, OH-KY-IN",Warren County
77414,45040,OH,202101,1565.79,0.0085,0.0456,Mason,"Cincinnati, OH-KY-IN",Warren County
77414,45040,OH,202102,1555.02,-0.0069,0.0492,Mason,"Cincinnati, OH-KY-IN",Warren County
77414,45040,OH,202103,1551.74,-0.0021,0.037,Mason,"Cincinnati, OH-KY-IN",Warren County
77414,45040,OH,202104,1553.81,0.0013,0.0306,Mason,"Cincinnati, OH-KY-IN",Warren County
77414,45040,OH,202105,1580.91,0.0174,0.0389,Mason,"Cincinnati, OH-KY-IN",Warren County
77414,45040,OH,202106,1605.71,0.0157,0.0551,Mason,"Cincinnati, OH-KY-IN",Warren County
77414,45040,OH,202107,1643.18,0.0233,0.0777,Mason,"Cincinnati, OH-KY-IN",Warren County
77414,45040,OH,202108,1660.49,0.0105,0.0882,Mason,"Cincinnati, OH-KY-IN",Warren County
77414,45040,OH,202109,1699.36,0.0234,0.1074,Mason,"Cincinnati, OH-KY-IN",Warren County
77414,45040,OH,202110,1720.88,0.0127,0.1255,Mason,"Cincinnati, OH-KY-IN",Warren County
77414,45040,OH,202111,1765.43,0.0259,0.1471,Mason,"Cincinnati, OH-KY-IN",Warren County
77414,45040,OH,202112,1756.69,-0.0049,0.1315,Mason,"Cincinnati, OH-KY-IN",Warren County
77414,45040,OH,202201,1739.27,-0.0099,0.1108,Mason,"Cincinnati, OH-KY-IN",Warren County
77414,45040,OH,202202,1734.91,-0.0025,0.1157,Mason,"Cincinnati, OH-KY-IN",Warren County
77414,45040,OH,202203,1726.86,-0.0046,0.1129,Mason,"Cincinnati, OH-KY-IN",Warren County
77414,45040,OH,202204,1757.51,0.0177,0.1311,Mason,"Cincinnati, OH-KY-IN",Warren County
77414,45040,OH,202205,1753.5,-0.0023,0.1092,Mason,"Cincinnati, OH-KY-IN",Warren County
77414,45040,OH,202206,1798.83,0.0258,0.1203,Mason,"Cincinnati, OH-KY-IN",Warren County
77414,45040,OH,202207,1825.92,0.0151,0.1112,Mason,"Cincinnati, OH-KY-IN",Warren County
77414,45040,OH,202208,1847.24,0.0117,0.1125,Mason,"Cincinnati, OH-KY-IN",Warren County
77414,45040,OH,202209,1852.76,0.003,0.0903,Mason,"Cincinnati, OH-KY-IN",Warren County
77414,45040,OH,202210,1843.72,-0.0049,0.0714,Mason,"Cincinnati, OH-KY-IN",Warren County
77414,45040,OH,202211,1830.58,-0.0071,0.0369,Mason,"Cincinnati, OH-KY-IN",Warren County
77414,45040,OH,202212,1801.86,-0.0157,0.0257,Mason,"Cincinnati, OH-KY-IN",Warren County
77414,45040,OH,202301,1804.81,0.0016,0.0377,Mason,"Cincinnati, OH-KY-IN",Warren County
77414,45040,OH,202302,1820.16,0.0085,0.0491,Mason,"Cincinnati, OH-KY-IN",Warren County
77414,45040,OH,202303,1848.74,0.0157,0.0706,Mason,"Cincinnati, OH-KY-IN",Warren County
77414,45040,OH,202304,1856.27,0.0041,0.0562,Mason,"Cincinnati, OH-KY-IN",Warren County
77414,45040,OH,202305,1867.11,0.0058,0.0648,Mason,"Cincinnati, OH-KY-IN",Warren County
77414,45040,OH,202306,1887.06,0.0107,0.049,Mason,"Cincinnati, OH-KY-IN",Warren County
77414,45040,OH,202307,1898.36,0.006,0.0397,Mason,"Cincinnati, OH-KY-IN",Warren County
77414,45040,OH,202308,1898.64,0.0001,0.0278,Mason,"Cincinnati, OH-KY-IN",Warren County
77414,45040,OH,202309,1891.57,-0.0037,0.021,Mason,"Cincinnati, OH-KY-IN",Warren County
77414,45040,OH,202310,1882.51,-0.0048,0.021,Mason,"Cincinnati, OH-KY-IN",Warren County
77414,45040,OH,202311,1902.25,0.0105,0.0392,Mason,"Cincinnati, OH-KY-IN",Warren County
77414,45040,OH,202312,1921.3,0.01,0.0663,Mason,"Cincinnati, OH-KY-IN",Warren County
77414,45040,OH,202401,1935.79,0.0075,0.0726,Mason,"Cincinnati, OH-KY-IN",Warren County
77414,45040,OH,202402,1943.48,0.004,0.0678,Mason,"Cincinnati, OH-KY-IN",Warren County
77414,45040,OH,202403,1958.3,0.0076,0.0593,Mason,"Cincinnati, OH-KY-IN",Warren County
77414,45040,OH,202404,2010.2,0.0265,0.0829,Mason,"Cincinnati, OH-KY-IN",Warren County
77414,45040,OH,202405,2020.55,0.0052,0.0822,Mason,"Cincinnati, OH-KY-IN",Warren County
77414,45040,OH,202406,2027.8,0.0036,0.0746,Mason,"Cincinnati, OH-KY-IN",Warren County
77414,45040,OH,202407,2007.62,-0.0099,0.0576,Mason,"Cincinnati, OH-KY-IN",Warren County
77414,45040,OH,202408,2030.89,0.0116,0.0697,Mason,"Cincinnati, OH-KY-IN",Warren County
77414,45040,OH,202409,2041.87,0.0054,0.0795,Mason,"Cincinnati, OH-KY-IN",Warren County
77414,45040,OH,202410,2039.91,-0.001,0.0836,Mason,"Cincinnati, OH-KY-IN",Warren County
77414,45040,OH,202411,2041.4,0.0007,0.0732,Mason,"Cincinnati, OH-KY-IN",Warren County
77414,45040,OH,202412,2039.11,-0.0011,0.0613,Mason,"Cincinnati, OH-KY-IN",Warren County
77414,45040,OH,202501,2066.45,0.0134,0.0675,Mason,"Cincinnati, OH-KY-IN",Warren County
77414,45040,OH,202502,2042.03,-0.0118,0.0507,Mason,"Cincinnati, OH-KY-IN",Warren County
77414,45040,OH,202503,2061.62,0.0096,0.0528,Mason,"Cincinnati, OH-KY-IN",Warren County
77414,45040,OH,202504,2074.84,0.0064,0.0322,Mason,"Cincinnati, OH-KY-IN",Warren County
77414,45040,OH,202505,2115.2,0.0195,0.0468,Mason,"Cincinnati, OH-KY-IN",Warren County
77414,45040,OH,202506,2120.41,0.0025,0.0457,Mason,"Cincinnati, OH-KY-IN",Warren County
77414,45040,OH,202507,2123.2,0.0013,0.0576,Mason,"Cincinnati, OH-KY-IN",Warren County
77414,45040,OH,202508,2120.84,-0.0011,0.0443,Mason,"Cincinnati, OH-KY-IN",Warren County
77414,45040,OH,202509,2140.58,0.0093,0.0483,Mason,"Cincinnati, OH-KY-IN",Warren County
77414,45040,OH,202510,2146.61,0.0028,0.0523,Mason,"Cincinnati, OH-KY-IN",Warren County
77414,45040,OH,202511,2132.52,-0.0066,0.0446,Mason,"Cincinnati, OH-KY-IN",Warren County
77414,45040,OH,202512,2116.06,-0.0077,0.0377,Mason,"Cincinnati, OH-KY-IN",Warren County
77414,45040,OH,202601,2101.05,-0.0071,0.0167,Mason,"Cincinnati, OH-KY-IN",Warren County
77414,45040,OH,202602,2122.47,0.0102,0.0394,Mason,"Cincinnati, OH-KY-IN",Warren County
77414,45040,OH,202603,2135.12,0.006,0.0357,Mason,"Cincinnati, OH-KY-IN",Warren County
77414,45040,OH,202604,2155.75,0.0097,0.039,Mason,"Cincinnati, OH-KY-IN",Warren County
77414,45040,OH,202605,2152.15,-0.0017,0.0175,Mason,"Cincinnati, OH-KY-IN",Warren County
77414,45040,OH,202606,2161.32,0.0043,0.0193,Mason,"Cincinnati, OH-KY-IN",Warren County
77414,45040,OH,202607,2151.34,-0.0046,0.0133,Mason,"Cincinnati, OH-KY-IN",Warren County
77414,45040,OH,202608,2161.66,0.0048,0.0192,Mason,"Cincinnati, OH-KY-IN",Warren County
77416,45042,OH,202507,918.03,,,Middletown,"Cincinnati, OH-KY-IN",Butler County
77416,45042,OH,202508,900.3,-0.0193,,Middletown,"Cincinnati, OH-KY-IN",Butler County
77416,45042,OH,202509,921.06,0.0231,,Middletown,"Cincinnati, OH-KY-IN",Butler County
77416,45042,OH,202510,940.46,0.0211,,Middletown,"Cincinnati, OH-KY-IN",Butler County
77416,45042,OH,202511,976.62,0.0385,,Middletown,"Cincinnati, OH-KY-IN",Butler County
77416,45042,OH,202512,992.48,0.0162,,Middletown,"Cincinnati, OH-KY-IN",Butler County
77416,45042,OH,202601,1013.32,0.021,,Middletown,"Cincinnati, OH-KY-IN",Butler County
77416,45042,OH,202602,1011.85,-0.0014,,Middletown,"Cincinnati, OH-KY-IN",Butler County
77416,45042,OH,202603,987.75,-0.0238,,Middletown,"Cincinnati, OH-KY-IN",Butler County
77416,45042,OH,202604,983.07,-0.0047,,Middletown,"Cincinnati, OH-KY-IN",Butler County
77416,45042,OH,202605,1003.74,0.021,,Middletown,"Cincinnati, OH-KY-IN",Butler County
77416,45042,OH,202606,1020.01,0.0162,,Middletown,"Cincinnati, OH-KY-IN",Butler County
77416,45042,OH,202607,1017.94,-0.002,0.1088,Middletown,"Cincinnati, OH-KY-IN",Butler County
77416,45042,OH,202608,994.67,-0.0229,0.1048,Middletown,"Cincinnati, OH-KY-IN",Butler County
77418,45044,OH,202203,1185.98,,,Middletown,"Cincinnati, OH-KY-IN",Butler County
77418,45044,OH,202204,1184.47,-0.0013,,Middletown,"Cincinnati, OH-KY-IN",Butler County
77418,45044,OH,202205,1230.56,0.0389,,Middletown,"Cincinnati, OH-KY-IN",Butler County
77418,45044,OH,202206,1232.02,0.0012,,Middletown,"Cincinnati, OH-KY-IN",Butler County
77418,45044,OH,202207,1238.38,0.0052,,Middletown,"Cincinnati, OH-KY-IN",Butler County
77418,45044,OH,202208,1232.06,-0.0051,,Middletown,"Cincinnati, OH-KY-IN",Butler County
77418,45044,OH,202209,1250.58,0.015,,Middletown,"Cincinnati, OH-KY-IN",Butler County
77418,45044,OH,202210,1244.88,-0.0046,,Middletown,"Cincinnati, OH-KY-IN",Butler County
77418,45044,OH,202211,1225.82,-0.0153,,Middletown,"Cincinnati, OH-KY-IN",Butler County
77418,45044,OH,202212,1222.04,-0.0031,,Middletown,"Cincinnati, OH-KY-IN",Butler County
77418,45044,OH,202301,1230.86,0.0072,,Middletown,"Cincinnati, OH-KY-IN",Butler County
77418,45044,OH,202302,1255.22,0.0198,,Middletown,"Cincinnati, OH-KY-IN",Butler County
77418,45044,OH,202303,1268.92,0.0109,0.0699,Middletown,"Cincinnati, OH-KY-IN",Butler County
77418,45044,OH,202304,1285.14,0.0128,0.085,Middletown,"Cincinnati, OH-KY-IN",Butler County
77418,45044,OH,202305,1305.1,0.0155,0.0606,Middletown,"Cincinnati, OH-KY-IN",Butler County
77418,45044,OH,202306,1304.53,-0.0004,0.0589,Middletown,"Cincinnati, OH-KY-IN",Butler County
77418,45044,OH,202307,1315.98,0.0088,0.0627,Middletown,"Cincinnati, OH-KY-IN",Butler County
77418,45044,OH,202308,1320.22,0.0032,0.0716,Middletown,"Cincinnati, OH-KY-IN",Butler County
77418,45044,OH,202309,1329.64,0.0071,0.0632,Middletown,"Cincinnati, OH-KY-IN",Butler County
77418,45044,OH,202310,1340.82,0.0084,0.0771,Middletown,"Cincinnati, OH-KY-IN",Butler County
77418,45044,OH,202311,1332.64,-0.0061,0.0871,Middletown,"Cincinnati, OH-KY-IN",Butler County
77418,45044,OH,202312,1326.23,-0.0048,0.0853,Middletown,"Cincinnati, OH-KY-IN",Butler County
77418,45044,OH,202401,1328.94,0.002,0.0797,Middletown,"Cincinnati, OH-KY-IN",Butler County
77418,45044,OH,202402,1355.33,0.0199,0.0798,Middletown,"Cincinnati, OH-KY-IN",Butler County
77418,45044,OH,202403,1377.41,0.0163,0.0855,Middletown,"Cincinnati, OH-KY-IN",Butler County
77418,45044,OH,202404,1405.28,0.0202,0.0935,Middletown,"Cincinnati, OH-KY-IN",Butler County
77418,45044,OH,202405,1410.21,0.0035,0.0805,Middletown,"Cincinnati, OH-KY-IN",Butler County
77418,45044,OH,202406,1405.23,-0.0035,0.0772,Middletown,"Cincinnati, OH-KY-IN",Butler County
77418,45044,OH,202407,1404.01,-0.0009,0.0669,Middletown,"Cincinnati, OH-KY-IN",Butler County
77418,45044,OH,202408,1404.78,0.0006,0.064,Middletown,"Cincinnati, OH-KY-IN",Butler County
77418,45044,OH,202409,1413.01,0.0059,0.0627,Middletown,"Cincinnati, OH-KY-IN",Butler County
77418,45044,OH,202410,1396.47,-0.0117,0.0415,Middletown,"Cincinnati, OH-KY-IN",Butler County
77418,45044,OH,202411,1396.4,-0.0001,0.0478,Middletown,"Cincinnati, OH-KY-IN",Butler County
77418,45044,OH,202412,1405.57,0.0066,0.0598,Middletown,"Cincinnati, OH-KY-IN",Butler County
77418,45044,OH,202501,1408.24,0.0019,0.0597,Middletown,"Cincinnati, OH-KY-IN",Butler County
77418,45044,OH,202502,1436.84,0.0203,0.0601,Middletown,"Cincinnati, OH-KY-IN",Butler County
77418,45044,OH,202503,1437.27,0.0003,0.0435,Middletown,"Cincinnati, OH-KY-IN",Butler County
77418,45044,OH,202504,1460.66,0.0163,0.0394,Middletown,"Cincinnati, OH-KY-IN",Butler County
77418,45044,OH,202505,1460.68,0.0,0.0358,Middletown,"Cincinnati, OH-KY-IN",Butler County
77418,45044,OH,202506,1453.63,-0.0048,0.0344,Middletown,"Cincinnati, OH-KY-IN",Butler County
77418,45044,OH,202507,1461.63,0.0055,0.041,Middletown,"Cincinnati, OH-KY-IN",Butler County
77418,45044,OH,202508,1461.35,-0.0002,0.0403,Middletown,"Cincinnati, OH-KY-IN",Butler County
77418,45044,OH,202509,1502.09,0.0279,0.063,Middletown,"Cincinnati, OH-KY-IN",Butler County
77418,45044,OH,202510,1508.96,0.0046,0.0806,Middletown,"Cincinnati, OH-KY-IN",Butler County
77418,45044,OH,202511,1513.02,0.0027,0.0835,Middletown,"Cincinnati, OH-KY-IN",Butler County
77418,45044,OH,202512,1479.84,-0.0219,0.0528,Middletown,"Cincinnati, OH-KY-IN",Butler County
77418,45044,OH,202601,1480.74,0.0006,0.0515,Middletown,"Cincinnati, OH-KY-IN",Butler County
77418,45044,OH,202602,1484.5,0.0025,0.0332,Middletown,"Cincinnati, OH-KY-IN",Butler County
77418,45044,OH,202603,1517.93,0.0225,0.0561,Middletown,"Cincinnati, OH-KY-IN",Butler County
77418,45044,OH,202604,1515.12,-0.0019,0.0373,Middletown,"Cincinnati, OH-KY-IN",Butler County
77418,45044,OH,202605,1520.22,0.0034,0.0408,Middletown,"Cincinnati, OH-KY-IN",Butler County
77418,45044,OH,202606,1518.42,-0.0012,0.0446,Middletown,"Cincinnati, OH-KY-IN",Butler County
77418,45044,OH,202607,1520.88,0.0016,0.0405,Middletown,"Cincinnati, OH-KY-IN",Butler County
77418,45044,OH,202608,1527.19,0.0041,0.0451,Middletown,"Cincinnati, OH-KY-IN",Butler County
77430,45065,OH,202605,1946.41,,,South Lebanon,"Cincinnati, OH-KY-IN",Warren County
77430,45065,OH,202606,1969.54,0.0119,,South Lebanon,"Cincinnati, OH-KY-IN",Warren County
77430,45065,OH,202607,1968.19,-0.0007,,South Lebanon,"Cincinnati, OH-KY-IN",Warren County
77430,45065,OH,202608,1939.67,-0.0145,,South Lebanon,"Cincinnati, OH-KY-IN",Warren County
77431,45066,OH,202602,1873.35,,,Springboro,"Cincinnati, OH-KY-IN",Warren County
77431,45066,OH,202603,1799.79,-0.0393,,Springboro,"Cincinnati, OH-KY-IN",Warren County
77431,45066,OH,202604,1793.38,-0.0036,,Springboro,"Cincinnati, OH-KY-IN",Warren County
77431,45066,OH,202605,1816.78,0.013,,Springboro,"Cincinnati, OH-KY-IN",Warren County
77431,45066,OH,202606,1896.39,0.0438,,Springboro,"Cincinnati, OH-KY-IN",Warren County
77431,45066,OH,202607,1896.66,0.0001,,Springboro,"Cincinnati, OH-KY-IN",Warren County
77431,45066,OH,202608,1878.17,-0.0097,,Springboro,"Cincinnati, OH-KY-IN",Warren County
77432,45067,OH,202605,2025.58,,,Trenton,"Cincinnati, OH-KY-IN",Butler County
77432,45067,OH,202606,1985.87,-0.0196,,Trenton,"Cincinnati, OH-KY-IN",Butler County
77432,45067,OH,202607,2031.68,0.0231,,Trenton,"Cincinnati, OH-KY-IN",Butler County
77432,45067,OH,202608,2011.67,-0.0098,,Trenton,"Cincinnati, OH-KY-IN",Butler County
77434,45069,OH,202103,1434.95,,,West Chester,"Cincinnati, OH-KY-IN",Butler County
77434,45069,OH,202104,1408.12,-0.0187,,West Chester,"Cincinnati, OH-KY-IN",Butler County
77434,45069,OH,202105,1394.2,-0.0099,,West Chester,"Cincinnati, OH-KY-IN",Butler County
77434,45069,OH,202106,1410.97,0.012,,West Chester,"Cincinnati, OH-KY-IN",Butler County
77434,45069,OH,202107,1449.91,0.0276,,West Chester,"Cincinnati, OH-KY-IN",Butler County
77434,45069,OH,202108,1471.9,0.0152,,West Chester,"Cincinnati, OH-KY-IN",Butler County
77434,45069,OH,202109,1502.42,0.0207,,West Chester,"Cincinnati, OH-KY-IN",Butler County
77434,45069,OH,202110,1531.68,0.0195,,West Chester,"Cincinnati, OH-KY-IN",Butler County
77434,45069,OH,202111,1578.25,0.0304,,West Chester,"Cincinnati, OH-KY-IN",Butler County
77434,45069,OH,202112,1587.15,0.0056,,West Chester,"Cincinnati, OH-KY-IN",Butler County
77434,45069,OH,202201,1579.11,-0.0051,,West Chester,"Cincinnati, OH-KY-IN",Butler County
77434,45069,OH,202202,1562.96,-0.0102,,West Chester,"Cincinnati, OH-KY-IN",Butler County
77434,45069,OH,202203,1572.63,0.0062,0.0959,West Chester,"Cincinnati, OH-KY-IN",Butler County
77434,45069,OH,202204,1582.79,0.0065,0.124,West Chester,"Cincinnati, OH-KY-IN",Butler County
77434,45069,OH,202205,1636.47,0.0339,0.1738,West Chester,"Cincinnati, OH-KY-IN",Butler County
77434,45069,OH,202206,1714.87,0.0479,0.2154,West Chester,"Cincinnati, OH-KY-IN",Butler County
77434,45069,OH,202207,1766.76,0.0303,0.2185,West Chester,"Cincinnati, OH-KY-IN",Butler County
77434,45069,OH,202208,1754.97,-0.0067,0.1923,West Chester,"Cincinnati, OH-KY-IN",Butler County
77434,45069,OH,202209,1681.16,-0.0421,0.119,West Chester,"Cincinnati, OH-KY-IN",Butler County
77434,45069,OH,202210,1646.81,-0.0204,0.0752,West Chester,"Cincinnati, OH-KY-IN",Butler County
77434,45069,OH,202211,1622.89,-0.0145,0.0283,West Chester,"Cincinnati, OH-KY-IN",Butler County
77434,45069,OH,202212,1640.71,0.011,0.0337,West Chester,"Cincinnati, OH-KY-IN",Butler County
77434,45069,OH,202301,1642.17,0.0009,0.0399,West Chester,"Cincinnati, OH-KY-IN",Butler County
77434,45069,OH,202302,1669.7,0.0168,0.0683,West Chester,"Cincinnati, OH-KY-IN",Butler County
77434,45069,OH,202303,1689.33,0.0118,0.0742,West Chester,"Cincinnati, OH-KY-IN",Butler County
77434,45069,OH,202304,1718.81,0.0175,0.0859,West Chester,"Cincinnati, OH-KY-IN",Butler County
77434,45069,OH,202305,1719.72,0.0005,0.0509,West Chester,"Cincinnati, OH-KY-IN",Butler County
77434,45069,OH,202306,1721.48,0.001,0.0039,West Chester,"Cincinnati, OH-KY-IN",Butler County
77434,45069,OH,202307,1711.55,-0.0058,-0.0313,West Chester,"Cincinnati, OH-KY-IN",Butler County
77434,45069,OH,202308,1727.88,0.0095,-0.0154,West Chester,"Cincinnati, OH-KY-IN",Butler County
77434,45069,OH,202309,1725.66,-0.0013,0.0265,West Chester,"Cincinnati, OH-KY-IN",Butler County
77434,45069,OH,202310,1747.96,0.0129,0.0614,West Chester,"Cincinnati, OH-KY-IN",Butler County
77434,45069,OH,202311,1711.87,-0.0206,0.0548,West Chester,"Cincinnati, OH-KY-IN",Butler County
77434,45069,OH,202312,1702.21,-0.0056,0.0375,West Chester,"Cincinnati, OH-KY-IN",Butler County
77434,45069,OH,202401,1688.5,-0.0081,0.0282,West Chester,"Cincinnati, OH-KY-IN",Butler County
77434,45069,OH,202402,1717.95,0.0174,0.0289,West Chester,"Cincinnati, OH-KY-IN",Butler County
77434,45069,OH,202403,1732.02,0.0082,0.0253,West Chester,"Cincinnati, OH-KY-IN",Butler County
77434,45069,OH,202404,1748.42,0.0095,0.0172,West Chester,"Cincinnati, OH-KY-IN",Butler County
77434,45069,OH,202405,1766.09,0.0101,0.027,West Chester,"Cincinnati, OH-KY-IN",Butler County
77434,45069,OH,202406,1780.53,0.0082,0.0343,West Chester,"Cincinnati, OH-KY-IN",Butler County
77434,45069,OH,202407,1802.43,0.0123,0.0531,West Chester,"Cincinnati, OH-KY-IN",Butler County
77434,45069,OH,202408,1807.47,0.0028,0.0461,West Chester,"Cincinnati, OH-KY-IN",Butler County
77434,45069,OH,202409,1803.69,-0.0021,0.0452,West Chester,"Cincinnati, OH-KY-IN",Butler County
77434,45069,OH,202410,1791.19,-0.0069,0.0247,West Chester,"Cincinnati, OH-KY-IN",Butler County
77434,45069,OH,202411,1769.56,-0.0121,0.0337,West Chester,"Cincinnati, OH-KY-IN",Butler County
77434,45069,OH,202412,1768.88,-0.0004,0.0392,West Chester,"Cincinnati, OH-KY-IN",Butler County
77434,45069,OH,202501,1769.66,0.0004,0.0481,West Chester,"Cincinnati, OH-KY-IN",Butler County
77434,45069,OH,202502,1798.14,0.0161,0.0467,West Chester,"Cincinnati, OH-KY-IN",Butler County
77434,45069,OH,202503,1806.85,0.0048,0.0432,West Chester,"Cincinnati, OH-KY-IN",Butler County
77434,45069,OH,202504,1819.85,0.0072,0.0409,West Chester,"Cincinnati, OH-KY-IN",Butler County
77434,45069,OH,202505,1820.64,0.0004,0.0309,West Chester,"Cincinnati, OH-KY-IN",Butler County
77434,45069,OH,202506,1831.36,0.0059,0.0285,West Chester,"Cincinnati, OH-KY-IN",Butler County
77434,45069,OH,202507,1838.34,0.0038,0.0199,West Chester,"Cincinnati, OH-KY-IN",Butler County
77434,45069,OH,202508,1840.79,0.0013,0.0184,West Chester,"Cincinnati, OH-KY-IN",Butler County
77434,45069,OH,202509,1841.38,0.0003,0.0209,West Chester,"Cincinnati, OH-KY-IN",Butler County
77434,45069,OH,202510,1849.43,0.0044,0.0325,West Chester,"Cincinnati, OH-KY-IN",Butler County
77434,45069,OH,202511,1843.38,-0.0033,0.0417,West Chester,"Cincinnati, OH-KY-IN",Butler County
77434,45069,OH,202512,1828.98,-0.0078,0.034,West Chester,"Cincinnati, OH-KY-IN",Butler County
77434,45069,OH,202601,1816.03,-0.0071,0.0262,West Chester,"Cincinnati, OH-KY-IN",Butler County
77434,45069,OH,202602,1838.99,0.0126,0.0227,West Chester,"Cincinnati, OH-KY-IN",Butler County
77434,45069,OH,202603,1859.1,0.0109,0.0289,West Chester,"Cincinnati, OH-KY-IN",Butler County
77434,45069,OH,202604,1878.3,0.0103,0.0321,West Chester,"Cincinnati, OH-KY-IN",Butler County
77434,45069,OH,202605,1878.75,0.0002,0.0319,West Chester,"Cincinnati, OH-KY-IN",Butler County
77434,45069,OH,202606,1893.66,0.0079,0.034,West Chester,"Cincinnati, OH-KY-IN",Butler County
77434,45069,OH,202607,1896.65,0.0016,0.0317,West Chester,"Cincinnati, OH-KY-IN",Butler County
77434,45069,OH,202608,1890.55,-0.0032,0.027,West Chester,"Cincinnati, OH-KY-IN",Butler County
77440,45102,OH,202501,1145.68,,,Amelia,"Cincinnati, OH-KY-IN",Clermont County
77440,45102,OH,202502,1166.94,0.0186,,Amelia,"Cincinnati, OH-KY-IN",Clermont County
77440,45102,OH,202503,1158.41,-0.0073,,Amelia,"Cincinnati, OH-KY-IN",Clermont County
77440,45102,OH,202504,1160.15,0.0015,,Amelia,"Cincinnati, OH-KY-IN",Clermont County
77440,45102,OH,202505,1164.25,0.0035,,Amelia,"Cincinnati, OH-KY-IN",Clermont County
77440,45102,OH,202506,1169.47,0.0045,,Amelia,"Cincinnati, OH-KY-IN",Clermont County
77440,45102,OH,202507,1175.12,0.0048,,Amelia,"Cincinnati, OH-KY-IN",Clermont County
77440,45102,OH,202508,1167.28,-0.0067,,Amelia,"Cincinnati, OH-KY-IN",Clermont County
77440,45102,OH,202509,1175.76,0.0073,,Amelia,"Cincinnati, OH-KY-IN",Clermont County
77440,45102,OH,202510,1173.38,-0.002,,Amelia,"Cincinnati, OH-KY-IN",Clermont County
77440,45102,OH,202511,1211.14,0.0322,,Amelia,"Cincinnati, OH-KY-IN",Clermont County
77440,45102,OH,202512,1223.45,0.0102,,Amelia,"Cincinnati, OH-KY-IN",Clermont County
77440,45102,OH,202601,1238.0,0.0119,0.0806,Amelia,"Cincinnati, OH-KY-IN",Clermont County
77440,45102,OH,202602,1204.6,-0.027,0.0323,Amelia,"Cincinnati, OH-KY-IN",Clermont County
77440,45102,OH,202603,1194.6,-0.0083,0.0312,Amelia,"Cincinnati, OH-KY-IN",Clermont County
77440,45102,OH,202604,1204.77,0.0085,0.0385,Amelia,"Cincinnati, OH-KY-IN",Clermont County
77440,45102,OH,202605,1204.54,-0.0002,0.0346,Amelia,"Cincinnati, OH-KY-IN",Clermont County
77440,45102,OH,202606,1212.97,0.007,0.0372,Amelia,"Cincinnati, OH-KY-IN",Clermont County
77440,45102,OH,202607,1208.75,-0.0035,0.0286,Amelia,"Cincinnati, OH-KY-IN",Clermont County
77440,45102,OH,202608,1225.42,0.0138,0.0498,Amelia,"Cincinnati, OH-KY-IN",Clermont County
77441,45103,OH,202204,1183.84,,,Batavia,"Cincinnati, OH-KY-IN",Clermont County
77441,45103,OH,202205,1198.22,0.0121,,Batavia,"Cincinnati, OH-KY-IN",Clermont County
77441,45103,OH,202206,1207.16,0.0075,,Batavia,"Cincinnati, OH-KY-IN",Clermont County
77441,45103,OH,202207,1237.99,0.0255,,Batavia,"Cincinnati, OH-KY-IN",Clermont County
77441,45103,OH,202208,1258.8,0.0168,,Batavia,"Cincinnati, OH-KY-IN",Clermont County
77441,45103,OH,202209,1251.1,-0.0061,,Batavia,"Cincinnati, OH-KY-IN",Clermont County
77441,45103,OH,202210,1241.88,-0.0074,,Batavia,"Cincinnati, OH-KY-IN",Clermont County
77441,45103,OH,202211,1229.69,-0.0098,,Batavia,"Cincinnati, OH-KY-IN",Clermont County
77441,45103,OH,202212,1247.53,0.0145,,Batavia,"Cincinnati, OH-KY-IN",Clermont County
77441,45103,OH,202301,1250.84,0.0027,,Batavia,"Cincinnati, OH-KY-IN",Clermont County
77441,45103,OH,202302,1264.37,0.0108,,Batavia,"Cincinnati, OH-KY-IN",Clermont County
77441,45103,OH,202303,1264.65,0.0002,,Batavia,"Cincinnati, OH-KY-IN",Clermont County
77441,45103,OH,202304,1283.12,0.0146,0.0839,Batavia,"Cincinnati, OH-KY-IN",Clermont County
77441,45103,OH,202305,1283.39,0.0002,0.0711,Batavia,"Cincinnati, OH-KY-IN",Clermont County
77441,45103,OH,202306,1299.25,0.0124,0.0763,Batavia,"Cincinnati, OH-KY-IN",Clermont County
77441,45103,OH,202307,1322.05,0.0176,0.0679,Batavia,"Cincinnati, OH-KY-IN",Clermont County
77441,45103,OH,202308,1346.48,0.0185,0.0697,Batavia,"Cincinnati, OH-KY-IN",Clermont County
77441,45103,OH,202309,1347.94,0.0011,0.0774,Batavia,"Cincinnati, OH-KY-IN",Clermont County
77441,45103,OH,202310,1343.66,-0.0032,0.082,Batavia,"Cincinnati, OH-KY-IN",Clermont County
77441,45103,OH,202311,1342.12,-0.0011,0.0914,Batavia,"Cincinnati, OH-KY-IN",Clermont County
77441,45103,OH,202312,1335.02,-0.0053,0.0701,Batavia,"Cincinnati, OH-KY-IN",Clermont County
77441,45103,OH,202401,1336.93,0.0014,0.0688,Batavia,"Cincinnati, OH-KY-IN",Clermont County
77441,45103,OH,202402,1340.34,0.0026,0.0601,Batavia,"Cincinnati, OH-KY-IN",Clermont County
77441,45103,OH,202403,1370.83,0.0227,0.084,Batavia,"Cincinnati, OH-KY-IN",Clermont County
77441,45103,OH,202404,1383.45,0.0092,0.0782,Batavia,"Cincinnati, OH-KY-IN",Clermont County
77441,45103,OH,202405,1398.69,0.011,0.0898,Batavia,"Cincinnati, OH-KY-IN",Clermont County
77441,45103,OH,202406,1397.03,-0.0012,0.0753,Batavia,"Cincinnati, OH-KY-IN",Clermont County
77441,45103,OH,202407,1395.37,-0.0012,0.0555,Batavia,"Cincinnati, OH-KY-IN",Clermont County
77441,45103,OH,202408,1395.91,0.0004,0.0367,Batavia,"Cincinnati, OH-KY-IN",Clermont County
77441,45103,OH,202409,1388.64,-0.0052,0.0302,Batavia,"Cincinnati, OH-KY-IN",Clermont County
77441,45103,OH,202410,1388.86,0.0002,0.0336,Batavia,"Cincinnati, OH-KY-IN",Clermont County
77441,45103,OH,202411,1377.92,-0.0079,0.0267,Batavia,"Cincinnati, OH-KY-IN",Clermont County
77441,45103,OH,202412,1366.65,-0.0082,0.0237,Batavia,"Cincinnati, OH-KY-IN",Clermont County
77441,45103,OH,202501,1359.84,-0.005,0.0171,Batavia,"Cincinnati, OH-KY-IN",Clermont County
77441,45103,OH,202502,1375.14,0.0113,0.026,Batavia,"Cincinnati, OH-KY-IN",Clermont County
77441,45103,OH,202503,1394.79,0.0143,0.0175,Batavia,"Cincinnati, OH-KY-IN",Clermont County
77441,45103,OH,202504,1416.62,0.0157,0.024,Batavia,"Cincinnati, OH-KY-IN",Clermont County
77441,45103,OH,202505,1427.43,0.0076,0.0206,Batavia,"Cincinnati, OH-KY-IN",Clermont County
77441,45103,OH,202506,1451.65,0.017,0.0391,Batavia,"Cincinnati, OH-KY-IN",Clermont County
77441,45103,OH,202507,1459.23,0.0052,0.0458,Batavia,"Cincinnati, OH-KY-IN",Clermont County
77441,45103,OH,202508,1461.22,0.0014,0.0468,Batavia,"Cincinnati, OH-KY-IN",Clermont County
77441,45103,OH,202509,1438.02,-0.0159,0.0356,Batavia,"Cincinnati, OH-KY-IN",Clermont County
77441,45103,OH,202510,1436.02,-0.0014,0.034,Batavia,"Cincinnati, OH-KY-IN",Clermont County
77441,45103,OH,202511,1429.6,-0.0045,0.0375,Batavia,"Cincinnati, OH-KY-IN",Clermont County
77441,45103,OH,202512,1424.09,-0.0038,0.042,Batavia,"Cincinnati, OH-KY-IN",Clermont County
77441,45103,OH,202601,1428.36,0.003,0.0504,Batavia,"Cincinnati, OH-KY-IN",Clermont County
77441,45103,OH,202602,1449.06,0.0145,0.0538,Batavia,"Cincinnati, OH-KY-IN",Clermont County
77441,45103,OH,202603,1500.5,0.0355,0.0758,Batavia,"Cincinnati, OH-KY-IN",Clermont County
77441,45103,OH,202604,1522.21,0.0145,0.0745,Batavia,"Cincinnati, OH-KY-IN",Clermont County
77441,45103,OH,202605,1523.59,0.0009,0.0674,Batavia,"Cincinnati, OH-KY-IN",Clermont County
77441,45103,OH,202606,1501.15,-0.0147,0.0341,Batavia,"Cincinnati, OH-KY-IN",Clermont County
77441,45103,OH,202607,1488.15,-0.0087,0.0198,Batavia,"Cincinnati, OH-KY-IN",Clermont County
77441,45103,OH,202608,1485.65,-0.0017,0.0167,Batavia,"Cincinnati, OH-KY-IN",Clermont County
77463,45140,OH,202110,1353.13,,,Loveland,"Cincinnati, OH-KY-IN",Clermont County
77463,45140,OH,202111,1353.15,0.0,,Loveland,"Cincinnati, OH-KY-IN",Clermont County
77463,45140,OH,202112,1387.74,0.0256,,Loveland,"Cincinnati, OH-KY-IN",Clermont County
77463,45140,OH,202201,1382.34,-0.0039,,Loveland,"Cincinnati, OH-KY-IN",Clermont County
77463,45140,OH,202202,1403.31,0.0152,,Loveland,"Cincinnati, OH-KY-IN",Clermont County
77463,45140,OH,202203,1394.41,-0.0063,,Loveland,"Cincinnati, OH-KY-IN",Clermont County
77463,45140,OH,202204,1416.22,0.0156,,Loveland,"Cincinnati, OH-KY-IN",Clermont County
77463,45140,OH,202205,1421.18,0.0035,,Loveland,"Cincinnati, OH-KY-IN",Clermont County
77463,45140,OH,202206,1449.33,0.0198,,Loveland,"Cincinnati, OH-KY-IN",Clermont County
77463,45140,OH,202207,1474.41,0.0173,,Loveland,"Cincinnati, OH-KY-IN",Clermont County
77463,45140,OH,202208,1488.72,0.0097,,Loveland,"Cincinnati, OH-KY-IN",Clermont County
77463,45140,OH,202209,1490.86,0.0014,,Loveland,"Cincinnati, OH-KY-IN",Clermont County
77463,45140,OH,202210,1482.2,-0.0058,0.0954,Loveland,"Cincinnati, OH-KY-IN",Clermont County
77463,45140,OH,202211,1472.59,-0.0065,0.0883,Loveland,"Cincinnati, OH-KY-IN",Clermont County
77463,45140,OH,202212,1459.0,-0.0092,0.0513,Loveland,"Cincinnati, OH-KY-IN",Clermont County
77463,45140,OH,202301,1481.89,0.0157,0.072,Loveland,"Cincinnati, OH-KY-IN",Clermont County
77463,45140,OH,202302,1489.05,0.0048,0.0611,Loveland,"Cincinnati, OH-KY-IN",Clermont County
77463,45140,OH,202303,1507.21,0.0122,0.0809,Loveland,"Cincinnati, OH-KY-IN",Clermont County
77463,45140,OH,202304,1510.48,0.0022,0.0666,Loveland,"Cincinnati, OH-KY-IN",Clermont County
77463,45140,OH,202305,1538.72,0.0187,0.0827,Loveland,"Cincinnati, OH-KY-IN",Clermont County
77463,45140,OH,202306,1538.49,-0.0001,0.0615,Loveland,"Cincinnati, OH-KY-IN",Clermont County
77463,45140,OH,202307,1548.99,0.0068,0.0506,Loveland,"Cincinnati, OH-KY-IN",Clermont County
77463,45140,OH,202308,1564.19,0.0098,0.0507,Loveland,"Cincinnati, OH-KY-IN",Clermont County
77463,45140,OH,202309,1582.78,0.0119,0.0617,Loveland,"Cincinnati, OH-KY-IN",Clermont County
77463,45140,OH,202310,1549.35,-0.0211,0.0453,Loveland,"Cincinnati, OH-KY-IN",Clermont County
77463,45140,OH,202311,1560.13,0.007,0.0595,Loveland,"Cincinnati, OH-KY-IN",Clermont County
77463,45140,OH,202312,1564.61,0.0029,0.0724,Loveland,"Cincinnati, OH-KY-IN",Clermont County
77463,45140,OH,202401,1586.95,0.0143,0.0709,Loveland,"Cincinnati, OH-KY-IN",Clermont County
77463,45140,OH,202402,1567.42,-0.0123,0.0526,Loveland,"Cincinnati, OH-KY-IN",Clermont County
77463,45140,OH,202403,1558.17,-0.0059,0.0338,Loveland,"Cincinnati, OH-KY-IN",Clermont County
77463,45140,OH,202404,1561.58,0.0022,0.0338,Loveland,"Cincinnati, OH-KY-IN",Clermont County
77463,45140,OH,202405,1555.9,-0.0036,0.0112,Loveland,"Cincinnati, OH-KY-IN",Clermont County
77463,45140,OH,202406,1576.83,0.0134,0.0249,Loveland,"Cincinnati, OH-KY-IN",Clermont County
77463,45140,OH,202407,1595.31,0.0117,0.0299,Loveland,"Cincinnati, OH-KY-IN",Clermont County
77463,45140,OH,202408,1608.69,0.0084,0.0285,Loveland,"Cincinnati, OH-KY-IN",Clermont County
77463,45140,OH,202409,1619.32,0.0066,0.0231,Loveland,"Cincinnati, OH-KY-IN",Clermont County
77463,45140,OH,202410,1619.83,0.0003,0.0455,Loveland,"Cincinnati, OH-KY-IN",Clermont County
77463,45140,OH,202411,1653.03,0.0205,0.0595,Loveland,"Cincinnati, OH-KY-IN",Clermont County
77463,45140,OH,202412,1640.38,-0.0077,0.0484,Loveland,"Cincinnati, OH-KY-IN",Clermont County
77463,45140,OH,202501,1655.63,0.0093,0.0433,Loveland,"Cincinnati, OH-KY-IN",Clermont County
77463,45140,OH,202502,1633.21,-0.0135,0.042,Loveland,"Cincinnati, OH-KY-IN",Clermont County
77463,45140,OH,202503,1645.9,0.0078,0.0563,Loveland,"Cincinnati, OH-KY-IN",Clermont County
77463,45140,OH,202504,1652.19,0.0038,0.058,Loveland,"Cincinnati, OH-KY-IN",Clermont County
77463,45140,OH,202505,1664.45,0.0074,0.0698,Loveland,"Cincinnati, OH-KY-IN",Clermont County
77463,45140,OH,202506,1665.39,0.0006,0.0562,Loveland,"Cincinnati, OH-KY-IN",Clermont County
77463,45140,OH,202507,1662.41,-0.0018,0.0421,Loveland,"Cincinnati, OH-KY-IN",Clermont County
77463,45140,OH,202508,1688.28,0.0156,0.0495,Loveland,"Cincinnati, OH-KY-IN",Clermont County
77463,45140,OH,202509,1702.6,0.0085,0.0514,Loveland,"Cincinnati, OH-KY-IN",Clermont County
77463,45140,OH,202510,1706.85,0.0025,0.0537,Loveland,"Cincinnati, OH-KY-IN",Clermont County
77463,45140,OH,202511,1697.2,-0.0057,0.0267,Loveland,"Cincinnati, OH-KY-IN",Clermont County
77463,45140,OH,202512,1690.21,-0.0041,0.0304,Loveland,"Cincinnati, OH-KY-IN",Clermont County
77463,45140,OH,202601,1704.45,0.0084,0.0295,Loveland,"Cincinnati, OH-KY-IN",Clermont County
77463,45140,OH,202602,1694.89,-0.0056,0.0378,Loveland,"Cincinnati, OH-KY-IN",Clermont County
77463,45140,OH,202603,1711.56,0.0098,0.0399,Loveland,"Cincinnati, OH-KY-IN",Clermont County
77463,45140,OH,202604,1729.74,0.0106,0.0469,Loveland,"Cincinnati, OH-KY-IN",Clermont County
77463,45140,OH,202605,1730.3,0.0003,0.0396,Loveland,"Cincinnati, OH-KY-IN",Clermont County
77463,45140,OH,202606,1727.42,-0.0017,0.0373,Loveland,"Cincinnati, OH-KY-IN",Clermont County
77463,45140,OH,202607,1720.82,-0.0038,0.0351,Loveland,"Cincinnati, OH-KY-IN",Clermont County
77463,45140,OH,202608,1752.56,0.0184,0.0381,Loveland,"Cincinnati, OH-KY-IN",Clermont County
77470,45150,OH,202301,1270.71,,,Milford,"Cincinnati, OH-KY-IN",Clermont County
77470,45150,OH,202303,1324.06,0.042,,Milford,"Cincinnati, OH-KY-IN",Clermont County
77470,45150,OH,202304,1321.42,-0.002,,Milford,"Cincinnati, OH-KY-IN",Clermont County
77470,45150,OH,202305,1343.81,0.0169,,Milford,"Cincinnati, OH-KY-IN",Clermont County
77470,45150,OH,202306,1339.99,-0.0028,,Milford,"Cincinnati, OH-KY-IN",Clermont County
77470,45150,OH,202307,1338.62,-0.001,,Milford,"Cincinnati, OH-KY-IN",Clermont County
77470,45150,OH,202308,1342.18,0.0027,,Milford,"Cincinnati, OH-KY-IN",Clermont County
77470,45150,OH,202309,1350.53,0.0062,,Milford,"Cincinnati, OH-KY-IN",Clermont County
77470,45150,OH,202311,1370.7,0.0149,,Milford,"Cincinnati, OH-KY-IN",Clermont County
77470,45150,OH,202312,1355.99,-0.0107,,Milford,"Cincinnati, OH-KY-IN",Clermont County
77470,45150,OH,202401,1365.23,0.0068,,Milford,"Cincinnati, OH-KY-IN",Clermont County
77470,45150,OH,202402,1384.06,0.0138,,Milford,"Cincinnati, OH-KY-IN",Clermont County
77470,45150,OH,202403,1414.84,0.0222,0.1134,Milford,"Cincinnati, OH-KY-IN",Clermont County
77470,45150,OH,202404,1395.63,-0.0136,0.0541,Milford,"Cincinnati, OH-KY-IN",Clermont County
77470,45150,OH,202405,1402.43,0.0049,0.0613,Milford,"Cincinnati, OH-KY-IN",Clermont County
77470,45150,OH,202406,1385.16,-0.0123,0.0308,Milford,"Cincinnati, OH-KY-IN",Clermont County
77470,45150,OH,202407,1391.41,0.0045,0.0384,Milford,"Cincinnati, OH-KY-IN",Clermont County
77470,45150,OH,202408,1370.51,-0.015,0.0238,Milford,"Cincinnati, OH-KY-IN",Clermont County
77470,45150,OH,202409,1379.72,0.0067,0.028,Milford,"Cincinnati, OH-KY-IN",Clermont County
77470,45150,OH,202410,1369.94,-0.0071,0.0144,Milford,"Cincinnati, OH-KY-IN",Clermont County
77470,45150,OH,202411,1360.46,-0.0069,-0.0075,Milford,"Cincinnati, OH-KY-IN",Clermont County
77470,45150,OH,202412,1330.62,-0.0219,-0.0187,Milford,"Cincinnati, OH-KY-IN",Clermont County
77470,45150,OH,202501,1327.18,-0.0026,-0.0279,Milford,"Cincinnati, OH-KY-IN",Clermont County
77470,45150,OH,202502,1359.67,0.0245,-0.0176,Milford,"Cincinnati, OH-KY-IN",Clermont County
77470,45150,OH,202503,1396.9,0.0274,-0.0127,Milford,"Cincinnati, OH-KY-IN",Clermont County
77470,45150,OH,202504,1412.79,0.0114,0.0123,Milford,"Cincinnati, OH-KY-IN",Clermont County
77470,45150,OH,202505,1412.38,-0.0003,0.0071,Milford,"Cincinnati, OH-KY-IN",Clermont County
77470,45150,OH,202506,1433.59,0.015,0.035,Milford,"Cincinnati, OH-KY-IN",Clermont County
77470,45150,OH,202507,1462.8,0.0204,0.0513,Milford,"Cincinnati, OH-KY-IN",Clermont County
77470,45150,OH,202508,1477.21,0.0099,0.0779,Milford,"Cincinnati, OH-KY-IN",Clermont County
77470,45150,OH,202509,1433.74,-0.0294,0.0392,Milford,"Cincinnati, OH-KY-IN",Clermont County
77470,45150,OH,202510,1417.61,-0.0112,0.0348,Milford,"Cincinnati, OH-KY-IN",Clermont County
77470,45150,OH,202511,1391.15,-0.0187,0.0226,Milford,"Cincinnati, OH-KY-IN",Clermont County
77470,45150,OH,202512,1412.82,0.0156,0.0618,Milford,"Cincinnati, OH-KY-IN",Clermont County
77470,45150,OH,202601,1411.5,-0.0009,0.0635,Milford,"Cincinnati, OH-KY-IN",Clermont County
77470,45150,OH,202602,1419.99,0.006,0.0444,Milford,"Cincinnati, OH-KY-IN",Clermont County
77470,45150,OH,202603,1414.35,-0.004,0.0125,Milford,"Cincinnati, OH-KY-IN",Clermont County
77470,45150,OH,202604,1426.67,0.0087,0.0098,Milford,"Cincinnati, OH-KY-IN",Clermont County
77470,45150,OH,202605,1454.7,0.0197,0.03,Milford,"Cincinnati, OH-KY-IN",Clermont County
77470,45150,OH,202606,1469.8,0.0104,0.0253,Milford,"Cincinnati, OH-KY-IN",Clermont County
77470,45150,OH,202607,1478.98,0.0062,0.0111,Milford,"Cincinnati, OH-KY-IN",Clermont County
77470,45150,OH,202608,1495.44,0.0111,0.0123,Milford,"Cincinnati, OH-KY-IN",Clermont County
77471,45152,OH,202606,2215.84,,,Morrow,"Cincinnati, OH-KY-IN",Warren County
77471,45152,OH,202608,2582.08,0.1653,,Morrow,"Cincinnati, OH-KY-IN",Warren County
77493,45202,OH,201609,1161.34,,,Cincinnati,"Cincinnati, OH-KY-IN",Hamilton County
77493,45202,OH,201610,1146.45,-0.0128,,Cincinnati,"Cincinnati, OH-KY-IN",Hamilton County
77493,45202,OH,201611,1159.78,0.0116,,Cincinnati,"Cincinnati, OH-KY-IN",Hamilton County
77493,45202,OH,201612,1178.56,0.0162,,Cincinnati,"Cincinnati, OH-KY-IN",Hamilton County
77493,45202,OH,201701,1202.41,0.0202,,Cincinnati,"Cincinnati, OH-KY-IN",Hamilton County
77493,45202,OH,201702,1183.04,-0.0161,,Cincinnati,"Cincinnati, OH-KY-IN",Hamilton County
77493,45202,OH,201703,1183.64,0.0005,,Cincinnati,"Cincinnati, OH-KY-IN",Hamilton County
77493,45202,OH,201704,1184.89,0.0011,,Cincinnati,"Cincinnati, OH-KY-IN",Hamilton County
77493,45202,OH,201705,1196.64,0.0099,,Cincinnati,"Cincinnati, OH-KY-IN",Hamilton County
77493,45202,OH,201706,1197.15,0.0004,,Cincinnati,"Cincinnati, OH-KY-IN",Hamilton County
77493,45202,OH,201707,1194.85,-0.0019,,Cincinnati,"Cincinnati, OH-KY-IN",Hamilton County
77493,45202,OH,201708,1231.62,0.0308,,Cincinnati,"Cincinnati, OH-KY-IN",Hamilton County
77493,45202,OH,201709,1229.13,-0.002,0.0584,Cincinnati,"Cincinnati, OH-KY-IN",Hamilton County
77493,45202,OH,201710,1260.95,0.0259,0.0999,Cincinnati,"Cincinnati, OH-KY-IN",Hamilton County
77493,45202,OH,201711,1228.44,-0.0258,0.0592,Cincinnati,"Cincinnati, OH-KY-IN",Hamilton County
77493,45202,OH,201712,1233.63,0.0042,0.0467,Cincinnati,"Cincinnati, OH-KY-IN",Hamilton County
77493,45202,OH,201801,1220.37,-0.0108,0.0149,Cincinnati,"Cincinnati, OH-KY-IN",Hamilton County
77493,45202,OH,201802,1219.33,-0.0008,0.0307,Cincinnati,"Cincinnati, OH-KY-IN",Hamilton County
77493,45202,OH,201803,1231.08,0.0096,0.0401,Cincinnati,"Cincinnati, OH-KY-IN",Hamilton County
77493,45202,OH,201804,1236.46,0.0044,0.0435,Cincinnati,"Cincinnati, OH-KY-IN",Hamilton County
77493,45202,OH,201805,1257.03,0.0166,0.0505,Cincinnati,"Cincinnati, OH-KY-IN",Hamilton County
77493,45202,OH,201806,1269.6,0.01,0.0605,Cincinnati,"Cincinnati, OH-KY-IN",Hamilton County
77493,45202,OH,201807,1268.16,-0.0011,0.0614,Cincinnati,"Cincinnati, OH-KY-IN",Hamilton County
77493,45202,OH,201808,1253.61,-0.0115,0.0179,Cincinnati,"Cincinnati, OH-KY-IN",Hamilton County
77493,45202,OH,201809,1245.13,-0.0068,0.013,Cincinnati,"Cincinnati, OH-KY-IN",Hamilton County
77493,45202,OH,201810,1261.21,0.0129,0.0002,Cincinnati,"Cincinnati, OH-KY-IN",Hamilton County
77493,45202,OH,201811,1284.84,0.0187,0.0459,Cincinnati,"Cincinnati, OH-KY-IN",Hamilton County
77493,45202,OH,201812,1316.55,0.0247,0.0672,Cincinnati,"Cincinnati, OH-KY-IN",Hamilton County
77493,45202,OH,201901,1303.33,-0.01,0.068,Cincinnati,"Cincinnati, OH-KY-IN",Hamilton County
77493,45202,OH,201902,1298.04,-0.0041,0.0645,Cincinnati,"Cincinnati, OH-KY-IN",Hamilton County
77493,45202,OH,201903,1304.84,0.0052,0.0599,Cincinnati,"Cincinnati, OH-KY-IN",Hamilton County
77493,45202,OH,201904,1304.69,-0.0001,0.0552,Cincinnati,"Cincinnati, OH-KY-IN",Hamilton County
77493,45202,OH,201905,1295.41,-0.0071,0.0305,Cincinnati,"Cincinnati, OH-KY-IN",Hamilton County
77493,45202,OH,201906,1289.45,-0.0046,0.0156,Cincinnati,"Cincinnati, OH-KY-IN",Hamilton County
77493,45202,OH,201907,1304.35,0.0116,0.0285,Cincinnati,"Cincinnati, OH-KY-IN",Hamilton County
77493,45202,OH,201908,1326.38,0.0169,0.058,Cincinnati,"Cincinnati, OH-KY-IN",Hamilton County
77493,45202,OH,201909,1312.49,-0.0105,0.0541,Cincinnati,"Cincinnati, OH-KY-IN",Hamilton County
77493,45202,OH,201910,1295.11,-0.0132,0.0269,Cincinnati,"Cincinnati, OH-KY-IN",Hamilton County
77493,45202,OH,201911,1289.26,-0.0045,0.0034,Cincinnati,"Cincinnati, OH-KY-IN",Hamilton County
77493,45202,OH,201912,1307.21,0.0139,-0.0071,Cincinnati,"Cincinnati, OH-KY-IN",Hamilton County
77493,45202,OH,202001,1342.25,0.0268,0.0299,Cincinnati,"Cincinnati, OH-KY-IN",Hamilton County
77493,45202,OH,202002,1351.31,0.0068,0.041,Cincinnati,"Cincinnati, OH-KY-IN",Hamilton County
77493,45202,OH,202003,1350.53,-0.0006,0.035,Cincinnati,"Cincinnati, OH-KY-IN",Hamilton County
77493,45202,OH,202004,1345.03,-0.0041,0.0309,Cincinnati,"Cincinnati, OH-KY-IN",Hamilton County
77493,45202,OH,202005,1352.7,0.0057,0.0442,Cincinnati,"Cincinnati, OH-KY-IN",Hamilton County
77493,45202,OH,202006,1344.67,-0.0059,0.0428,Cincinnati,"Cincinnati, OH-KY-IN",Hamilton County
77493,45202,OH,202007,1346.19,0.0011,0.0321,Cincinnati,"Cincinnati, OH-KY-IN",Hamilton County
77493,45202,OH,202008,1329.35,-0.0125,0.0022,Cincinnati,"Cincinnati, OH-KY-IN",Hamilton County
77493,45202,OH,202009,1334.89,0.0042,0.0171,Cincinnati,"Cincinnati, OH-KY-IN",Hamilton County
77493,45202,OH,202010,1319.61,-0.0114,0.0189,Cincinnati,"Cincinnati, OH-KY-IN",Hamilton County
77493,45202,OH,202011,1321.67,0.0016,0.0251,Cincinnati,"Cincinnati, OH-KY-IN",Hamilton County
77493,45202,OH,202012,1303.22,-0.014,-0.0031,Cincinnati,"Cincinnati, OH-KY-IN",Hamilton County
77493,45202,OH,202101,1304.93,0.0013,-0.0278,Cincinnati,"Cincinnati, OH-KY-IN",Hamilton County
77493,45202,OH,202102,1308.2,0.0025,-0.0319,Cincinnati,"Cincinnati, OH-KY-IN",Hamilton County
77493,45202,OH,202103,1318.16,0.0076,-0.024,Cincinnati,"Cincinnati, OH-KY-IN",Hamilton County
77493,45202,OH,202104,1336.83,0.0142,-0.0061,Cincinnati,"Cincinnati, OH-KY-IN",Hamilton County
77493,45202,OH,202105,1342.85,0.0045,-0.0073,Cincinnati,"Cincinnati, OH-KY-IN",Hamilton County
77493,45202,OH,202106,1362.48,0.0146,0.0132,Cincinnati,"Cincinnati, OH-KY-IN",Hamilton County
77493,45202,OH,202107,1361.83,-0.0005,0.0116,Cincinnati,"Cincinnati, OH-KY-IN",Hamilton County
77493,45202,OH,202108,1376.11,0.0105,0.0352,Cincinnati,"Cincinnati, OH-KY-IN",Hamilton County
77493,45202,OH,202109,1385.53,0.0068,0.0379,Cincinnati,"Cincinnati, OH-KY-IN",Hamilton County
77493,45202,OH,202110,1397.18,0.0084,0.0588,Cincinnati,"Cincinnati, OH-KY-IN",Hamilton County
77493,45202,OH,202111,1405.74,0.0061,0.0636,Cincinnati,"Cincinnati, OH-KY-IN",Hamilton County
77493,45202,OH,202112,1397.47,-0.0059,0.0723,Cincinnati,"Cincinnati, OH-KY-IN",Hamilton County
77493,45202,OH,202201,1400.24,0.002,0.073,Cincinnati,"Cincinnati, OH-KY-IN",Hamilton County
77493,45202,OH,202202,1403.65,0.0024,0.073,Cincinnati,"Cincinnati, OH-KY-IN",Hamilton County
77493,45202,OH,202203,1417.02,0.0095,0.075,Cincinnati,"Cincinnati, OH-KY-IN",Hamilton County
77493,45202,OH,202204,1432.94,0.0112,0.0719,Cincinnati,"Cincinnati, OH-KY-IN",Hamilton County
77493,45202,OH,202205,1452.27,0.0135,0.0815,Cincinnati,"Cincinnati, OH-KY-IN",Hamilton County
77493,45202,OH,202206,1473.37,0.0145,0.0814,Cincinnati,"Cincinnati, OH-KY-IN",Hamilton County
77493,45202,OH,202207,1487.39,0.0095,0.0922,Cincinnati,"Cincinnati, OH-KY-IN",Hamilton County
77493,45202,OH,202208,1499.06,0.0078,0.0893,Cincinnati,"Cincinnati, OH-KY-IN",Hamilton County
77493,45202,OH,202209,1507.22,0.0054,0.0878,Cincinnati,"Cincinnati, OH-KY-IN",Hamilton County
77493,45202,OH,202210,1520.07,0.0085,0.088,Cincinnati,"Cincinnati, OH-KY-IN",Hamilton County
77493,45202,OH,202211,1517.14,-0.0019,0.0792,Cincinnati,"Cincinnati, OH-KY-IN",Hamilton County
77493,45202,OH,202212,1511.4,-0.0038,0.0815,Cincinnati,"Cincinnati, OH-KY-IN",Hamilton County
77493,45202,OH,202301,1501.16,-0.0068,0.0721,Cincinnati,"Cincinnati, OH-KY-IN",Hamilton County
77493,45202,OH,202302,1499.83,-0.0009,0.0685,Cincinnati,"Cincinnati, OH-KY-IN",Hamilton County
77493,45202,OH,202303,1512.07,0.0082,0.0671,Cincinnati,"Cincinnati, OH-KY-IN",Hamilton County
77493,45202,OH,202304,1519.43,0.0049,0.0604,Cincinnati,"Cincinnati, OH-KY-IN",Hamilton County
77493,45202,OH,202305,1536.74,0.0114,0.0582,Cincinnati,"Cincinnati, OH-KY-IN",Hamilton County
77493,45202,OH,202306,1539.41,0.0017,0.0448,Cincinnati,"Cincinnati, OH-KY-IN",Hamilton County
77493,45202,OH,202307,1542.32,0.0019,0.0369,Cincinnati,"Cincinnati, OH-KY-IN",Hamilton County
77493,45202,OH,202308,1548.53,0.004,0.033,Cincinnati,"Cincinnati, OH-KY-IN",Hamilton County
77493,45202,OH,202309,1547.03,-0.001,0.0264,Cincinnati,"Cincinnati, OH-KY-IN",Hamilton County
77493,45202,OH,202310,1532.87,-0.0092,0.0084,Cincinnati,"Cincinnati, OH-KY-IN",Hamilton County
77493,45202,OH,202311,1515.77,-0.0112,-0.0009,Cincinnati,"Cincinnati, OH-KY-IN",Hamilton County
77493,45202,OH,202312,1517.49,0.0011,0.004,Cincinnati,"Cincinnati, OH-KY-IN",Hamilton County
77493,45202,OH,202401,1527.92,0.0069,0.0178,Cincinnati,"Cincinnati, OH-KY-IN",Hamilton County
77493,45202,OH,202402,1534.77,0.0045,0.0233,Cincinnati,"Cincinnati, OH-KY-IN",Hamilton County
77493,45202,OH,202403,1544.81,0.0065,0.0216,Cincinnati,"Cincinnati, OH-KY-IN",Hamilton County
77493,45202,OH,202404,1553.86,0.0059,0.0227,Cincinnati,"Cincinnati, OH-KY-IN",Hamilton County
77493,45202,OH,202405,1567.35,0.0087,0.0199,Cincinnati,"Cincinnati, OH-KY-IN",Hamilton County
77493,45202,OH,202406,1569.77,0.0015,0.0197,Cincinnati,"Cincinnati, OH-KY-IN",Hamilton County
77493,45202,OH,202407,1571.5,0.0011,0.0189,Cincinnati,"Cincinnati, OH-KY-IN",Hamilton County
77493,45202,OH,202408,1563.82,-0.0049,0.0099,Cincinnati,"Cincinnati, OH-KY-IN",Hamilton County
77493,45202,OH,202409,1563.66,-0.0001,0.0108,Cincinnati,"Cincinnati, OH-KY-IN",Hamilton County
77493,45202,OH,202410,1552.23,-0.0073,0.0126,Cincinnati,"Cincinnati, OH-KY-IN",Hamilton County
77493,45202,OH,202411,1542.38,-0.0063,0.0176,Cincinnati,"Cincinnati, OH-KY-IN",Hamilton County
77493,45202,OH,202412,1537.82,-0.003,0.0134,Cincinnati,"Cincinnati, OH-KY-IN",Hamilton County
77493,45202,OH,202501,1548.03,0.0066,0.0132,Cincinnati,"Cincinnati, OH-KY-IN",Hamilton County
77493,45202,OH,202502,1556.15,0.0052,0.0139,Cincinnati,"Cincinnati, OH-KY-IN",Hamilton County
77493,45202,OH,202503,1564.23,0.0052,0.0126,Cincinnati,"Cincinnati, OH-KY-IN",Hamilton County
77493,45202,OH,202504,1571.79,0.0048,0.0115,Cincinnati,"Cincinnati, OH-KY-IN",Hamilton County
77493,45202,OH,202505,1585.61,0.0088,0.0117,Cincinnati,"Cincinnati, OH-KY-IN",Hamilton County
77493,45202,OH,202506,1585.68,0.0,0.0101,Cincinnati,"Cincinnati, OH-KY-IN",Hamilton County
77493,45202,OH,202507,1591.44,0.0036,0.0127,Cincinnati,"Cincinnati, OH-KY-IN",Hamilton County
77493,45202,OH,202508,1594.44,0.0019,0.0196,Cincinnati,"Cincinnati, OH-KY-IN",Hamilton County
77493,45202,OH,202509,1585.9,-0.0054,0.0142,Cincinnati,"Cincinnati, OH-KY-IN",Hamilton County
77493,45202,OH,202510,1581.26,-0.0029,0.0187,Cincinnati,"Cincinnati, OH-KY-IN",Hamilton County
77493,45202,OH,202511,1567.17,-0.0089,0.0161,Cincinnati,"Cincinnati, OH-KY-IN",Hamilton County
77493,45202,OH,202512,1576.33,0.0058,0.025,Cincinnati,"Cincinnati, OH-KY-IN",Hamilton County
77493,45202,OH,202601,1578.37,0.0013,0.0196,Cincinnati,"Cincinnati, OH-KY-IN",Hamilton County
77493,45202,OH,202602,1594.14,0.01,0.0244,Cincinnati,"Cincinnati, OH-KY-IN",Hamilton County
77493,45202,OH,202603,1599.94,0.0036,0.0228,Cincinnati,"Cincinnati, OH-KY-IN",Hamilton County
77493,45202,OH,202604,1597.91,-0.0013,0.0166,Cincinnati,"Cincinnati, OH-KY-IN",Hamilton County
77493,45202,OH,202605,1601.15,0.002,0.0098,Cincinnati,"Cincinnati, OH-KY-IN",Hamilton County
77493,45202,OH,202606,1597.36,-0.0024,0.0074,Cincinnati,"Cincinnati, OH-KY-IN",Hamilton County
77493,45202,OH,202607,1604.05,0.0042,0.0079,Cincinnati,"Cincinnati, OH-KY-IN",Hamilton County
77493,45202,OH,202608,1611.08,0.0044,0.0104,Cincinnati,"Cincinnati, OH-KY-IN",Hamilton County
77495,45204,OH,202510,1453.35,,,Cincinnati,"Cincinnati, OH-KY-IN",Hamilton County
77495,45204,OH,202511,1470.05,0.0115,,Cincinnati,"Cincinnati, OH-KY-IN",Hamilton County
77495,45204,OH,202512,1476.52,0.0044,,Cincinnati,"Cincinnati, OH-KY-IN",Hamilton County
77495,45204,OH,202601,1474.5,-0.0014,,Cincinnati,"Cincinnati, OH-KY-IN",Hamilton County
77495,45204,OH,202602,1454.78,-0.0134,,Cincinnati,"Cincinnati, OH-KY-IN",Hamilton County
77495,45204,OH,202603,1578.87,0.0853,,Cincinnati,"Cincinnati, OH-KY-IN",Hamilton County
77495,45204,OH,202604,1613.28,0.0218,,Cincinnati,"Cincinnati, OH-KY-IN",Hamilton County
77495,45204,OH,202605,1648.28,0.0217,,Cincinnati,"Cincinnati, OH-KY-IN",Hamilton County
77495,45204,OH,202606,1543.69,-0.0635,,Cincinnati,"Cincinnati, OH-KY-IN",Hamilton County
77495,45204,OH,202607,1495.55,-0.0312,,Cincinnati,"Cincinnati, OH-KY-IN",Hamilton County
77495,45204,OH,202608,1518.33,0.0152,,Cincinnati,"Cincinnati, OH-KY-IN",Hamilton County
77496,45205,OH,202208,1045.8,,,Cincinnati,"Cincinnati, OH-KY-IN",Hamilton County
77496,45205,OH,202209,1081.49,0.0341,,Cincinnati,"Cincinnati, OH-KY-IN",Hamilton County
77496,45205,OH,202210,1086.39,0.0045,,Cincinnati,"Cincinnati, OH-KY-IN",Hamilton County
77496,45205,OH,202211,1113.51,0.025,,Cincinnati,"Cincinnati, OH-KY-IN",Hamilton County
77496,45205,OH,202212,1099.69,-0.0124,,Cincinnati,"Cincinnati, OH-KY-IN",Hamilton County
77496,45205,OH,202301,1140.38,0.037,,Cincinnati,"Cincinnati, OH-KY-IN",Hamilton County
77496,45205,OH,202302,1151.42,0.0097,,Cincinnati,"Cincinnati, OH-KY-IN",Hamilton County
77496,45205,OH,202303,1154.93,0.003,,Cincinnati,"Cincinnati, OH-KY-IN",Hamilton County
77496,45205,OH,202304,1158.91,0.0034,,Cincinnati,"Cincinnati, OH-KY-IN",Hamilton County
77496,45205,OH,202305,1157.91,-0.0009,,Cincinnati,"Cincinnati, OH-KY-IN",Hamilton County
77496,45205,OH,202306,1168.95,0.0095,,Cincinnati,"Cincinnati, OH-KY-IN",Hamilton County
77496,45205,OH,202307,1145.95,-0.0197,,Cincinnati,"Cincinnati, OH-KY-IN",Hamilton County
77496,45205,OH,202308,1170.27,0.0212,0.119,Cincinnati,"Cincinnati, OH-KY-IN",Hamilton County
77496,45205,OH,202309,1182.8,0.0107,0.0937,Cincinnati,"Cincinnati, OH-KY-IN",Hamilton County
77496,45205,OH,202310,1237.46,0.0462,0.1391,Cincinnati,"Cincinnati, OH-KY-IN",Hamilton County
77496,45205,OH,202311,1235.63,-0.0015,0.1097,Cincinnati,"Cincinnati, OH-KY-IN",Hamilton County
77496,45205,OH,202312,1252.46,0.0136,0.1389,Cincinnati,"Cincinnati, OH-KY-IN",Hamilton County
77496,45205,OH,202401,1243.78,-0.0069,0.0907,Cincinnati,"Cincinnati, OH-KY-IN",Hamilton County
77496,45205,OH,202402,1213.32,-0.0245,0.0538,Cincinnati,"Cincinnati, OH-KY-IN",Hamilton County
77496,45205,OH,202403,1212.06,-0.001,0.0495,Cincinnati,"Cincinnati, OH-KY-IN",Hamilton County
77496,45205,OH,202404,1217.94,0.0048,0.0509,Cincinnati,"Cincinnati, OH-KY-IN",Hamilton County
77496,45205,OH,202405,1252.75,0.0286,0.0819,Cincinnati,"Cincinnati, OH-KY-IN",Hamilton County
77496,45205,OH,202406,1257.18,0.0035,0.0755,Cincinnati,"Cincinnati, OH-KY-IN",Hamilton County
77496,45205,OH,202407,1273.84,0.0132,0.1116,Cincinnati,"Cincinnati, OH-KY-IN",Hamilton County
77496,45205,OH,202408,1279.03,0.0041,0.0929,Cincinnati,"Cincinnati, OH-KY-IN",Hamilton County
77496,45205,OH,202409,1296.24,0.0135,0.0959,Cincinnati,"Cincinnati, OH-KY-IN",Hamilton County
77496,45205,OH,202410,1290.31,-0.0046,0.0427,Cincinnati,"Cincinnati, OH-KY-IN",Hamilton County
77496,45205,OH,202411,1287.24,-0.0024,0.0418,Cincinnati,"Cincinnati, OH-KY-IN",Hamilton County
77496,45205,OH,202412,1303.78,0.0129,0.041,Cincinnati,"Cincinnati, OH-KY-IN",Hamilton County
77496,45205,OH,202501,1307.77,0.0031,0.0514,Cincinnati,"Cincinnati, OH-KY-IN",Hamilton County
77496,45205,OH,202502,1318.99,0.0086,0.0871,Cincinnati,"Cincinnati, OH-KY-IN",Hamilton County
77496,45205,OH,202503,1284.05,-0.0265,0.0594,Cincinnati,"Cincinnati, OH-KY-IN",Hamilton County
77496,45205,OH,202504,1293.2,0.0071,0.0618,Cincinnati,"Cincinnati, OH-KY-IN",Hamilton County
77496,45205,OH,202505,1303.01,0.0076,0.0401,Cincinnati,"Cincinnati, OH-KY-IN",Hamilton County
77496,45205,OH,202506,1318.02,0.0115,0.0484,Cincinnati,"Cincinnati, OH-KY-IN",Hamilton County
77496,45205,OH,202507,1337.09,0.0145,0.0497,Cincinnati,"Cincinnati, OH-KY-IN",Hamilton County
77496,45205,OH,202508,1319.21,-0.0134,0.0314,Cincinnati,"Cincinnati, OH-KY-IN",Hamilton County
77496,45205,OH,202509,1331.73,0.0095,0.0274,Cincinnati,"Cincinnati, OH-KY-IN",Hamilton County
77496,45205,OH,202510,1318.31,-0.0101,0.0217,Cincinnati,"Cincinnati, OH-KY-IN",Hamilton County
77496,45205,OH,202511,1347.01,0.0218,0.0464,Cincinnati,"Cincinnati, OH-KY-IN",Hamilton County
77496,45205,OH,202512,1344.35,-0.002,0.0311,Cincinnati,"Cincinnati, OH-KY-IN",Hamilton County
77496,45205,OH,202601,1346.03,0.0013,0.0293,Cincinnati,"Cincinnati, OH-KY-IN",Hamilton County
77496,45205,OH,202602,1312.43,-0.025,-0.005,Cincinnati,"Cincinnati, OH-KY-IN",Hamilton County
77496,45205,OH,202603,1332.25,0.0151,0.0375,Cincinnati,"Cincinnati, OH-KY-IN",Hamilton County
77496,45205,OH,202604,1335.9,0.0027,0.033,Cincinnati,"Cincinnati, OH-KY-IN",Hamilton County
77496,45205,OH,202605,1374.08,0.0286,0.0545,Cincinnati,"Cincinnati, OH-KY-IN",Hamilton County
77496,45205,OH,202606,1359.43,-0.0107,0.0314,Cincinnati,"Cincinnati, OH-KY-IN",Hamilton County
77496,45205,OH,202607,1357.41,-0.0015,0.0152,Cincinnati,"Cincinnati, OH-KY-IN",Hamilton County
77496,45205,OH,202608,1348.12,-0.0068,0.0219,Cincinnati,"Cincinnati, OH-KY-IN",Hamilton County
77497,45206,OH,202201,1098.74,,,Cincinnati,"Cincinnati, OH-KY-IN",Hamilton County
77497,45206,OH,202202,1119.25,0.0187,,Cincinnati,"Cincinnati, OH-KY-IN",Hamilton County
77497,45206,OH,202203,1128.37,0.0081,,Cincinnati,"Cincinnati, OH-KY-IN",Hamilton County
77497,45206,OH,202204,1153.35,0.0221,,Cincinnati,"Cincinnati, OH-KY-IN",Hamilton County
77497,45206,OH,202205,1172.99,0.017,,Cincinnati,"Cincinnati, OH-KY-IN",Hamilton County
77497,45206,OH,202206,1186.73,0.0117,,Cincinnati,"Cincinnati, OH-KY-IN",Hamilton County
77497,45206,OH,202207,1198.47,0.0099,,Cincinnati,"Cincinnati, OH-KY-IN",Hamilton County
77497,45206,OH,202208,1203.74,0.0044,,Cincinnati,"Cincinnati, OH-KY-IN",Hamilton County
77497,45206,OH,202209,1205.14,0.0012,,Cincinnati,"Cincinnati, OH-KY-IN",Hamilton County
77497,45206,OH,202210,1210.82,0.0047,,Cincinnati,"Cincinnati, OH-KY-IN",Hamilton County
77497,45206,OH,202211,1217.99,0.0059,,Cincinnati,"Cincinnati, OH-KY-IN",Hamilton County
77497,45206,OH,202212,1225.37,0.0061,,Cincinnati,"Cincinnati, OH-KY-IN",Hamilton County
77497,45206,OH,202301,1221.28,-0.0033,0.1115,Cincinnati,"Cincinnati, OH-KY-IN",Hamilton County
77497,45206,OH,202302,1232.33,0.009,0.101,Cincinnati,"Cincinnati, OH-KY-IN",Hamilton County
77497,45206,OH,202303,1232.49,0.0001,0.0923,Cincinnati,"Cincinnati, OH-KY-IN",Hamilton County
77497,45206,OH,202304,1232.47,-0.0,0.0686,Cincinnati,"Cincinnati, OH-KY-IN",Hamilton County
77497,45206,OH,202305,1218.83,-0.0111,0.0391,Cincinnati,"Cincinnati, OH-KY-IN",Hamilton County
77497,45206,OH,202306,1236.78,0.0147,0.0422,Cincinnati,"Cincinnati, OH-KY-IN",Hamilton County
77497,45206,OH,202307,1244.9,0.0066,0.0387,Cincinnati,"Cincinnati, OH-KY-IN",Hamilton County
77497,45206,OH,202308,1264.21,0.0155,0.0502,Cincinnati,"Cincinnati, OH-KY-IN",Hamilton County
77497,45206,OH,202309,1260.48,-0.003,0.0459,Cincinnati,"Cincinnati, OH-KY-IN",Hamilton County
77497,45206,OH,202310,1251.92,-0.0068,0.0339,Cincinnati,"Cincinnati, OH-KY-IN",Hamilton County
77497,45206,OH,202311,1241.05,-0.0087,0.0189,Cincinnati,"Cincinnati, OH-KY-IN",Hamilton County
77497,45206,OH,202312,1245.15,0.0033,0.0161,Cincinnati,"Cincinnati, OH-KY-IN",Hamilton County
77497,45206,OH,202401,1249.31,0.0033,0.023,Cincinnati,"Cincinnati, OH-KY-IN",Hamilton County
77497,45206,OH,202402,1263.76,0.0116,0.0255,Cincinnati,"Cincinnati, OH-KY-IN",Hamilton County
77497,45206,OH,202403,1274.65,0.0086,0.0342,Cincinnati,"Cincinnati, OH-KY-IN",Hamilton County
77497,45206,OH,202404,1304.64,0.0235,0.0586,Cincinnati,"Cincinnati, OH-KY-IN",Hamilton County
77497,45206,OH,202405,1319.29,0.0112,0.0824,Cincinnati,"Cincinnati, OH-KY-IN",Hamilton County
77497,45206,OH,202406,1329.05,0.0074,0.0746,Cincinnati,"Cincinnati, OH-KY-IN",Hamilton County
77497,45206,OH,202407,1327.56,-0.0011,0.0664,Cincinnati,"Cincinnati, OH-KY-IN",Hamilton County
77497,45206,OH,202408,1319.86,-0.0058,0.044,Cincinnati,"Cincinnati, OH-KY-IN",Hamilton County
77497,45206,OH,202409,1306.25,-0.0103,0.0363,Cincinnati,"Cincinnati, OH-KY-IN",Hamilton County
77497,45206,OH,202410,1299.09,-0.0055,0.0377,Cincinnati,"Cincinnati, OH-KY-IN",Hamilton County
77497,45206,OH,202411,1296.77,-0.0018,0.0449,Cincinnati,"Cincinnati, OH-KY-IN",Hamilton County
77497,45206,OH,202412,1285.85,-0.0084,0.0327,Cincinnati,"Cincinnati, OH-KY-IN",Hamilton County
77497,45206,OH,202501,1284.25,-0.0012,0.028,Cincinnati,"Cincinnati, OH-KY-IN",Hamilton County
77497,45206,OH,202502,1278.01,-0.0049,0.0113,Cincinnati,"Cincinnati, OH-KY-IN",Hamilton County
77497,45206,OH,202503,1311.52,0.0262,0.0289,Cincinnati,"Cincinnati, OH-KY-IN",Hamilton County
77497,45206,OH,202504,1335.21,0.0181,0.0234,Cincinnati,"Cincinnati, OH-KY-IN",Hamilton County
77497,45206,OH,202505,1365.82,0.0229,0.0353,Cincinnati,"Cincinnati, OH-KY-IN",Hamilton County
77497,45206,OH,202506,1365.86,0.0,0.0277,Cincinnati,"Cincinnati, OH-KY-IN",Hamilton County
77497,45206,OH,202507,1366.18,0.0002,0.0291,Cincinnati,"Cincinnati, OH-KY-IN",Hamilton County
77497,45206,OH,202508,1350.74,-0.0113,0.0234,Cincinnati,"Cincinnati, OH-KY-IN",Hamilton County
77497,45206,OH,202509,1344.45,-0.0047,0.0293,Cincinnati,"Cincinnati, OH-KY-IN",Hamilton County
77497,45206,OH,202510,1333.64,-0.008,0.0266,Cincinnati,"Cincinnati, OH-KY-IN",Hamilton County
77497,45206,OH,202511,1347.59,0.0105,0.0392,Cincinnati,"Cincinnati, OH-KY-IN",Hamilton County
77497,45206,OH,202512,1333.53,-0.0104,0.0371,Cincinnati,"Cincinnati, OH-KY-IN",Hamilton County
77497,45206,OH,202601,1340.32,0.0051,0.0437,Cincinnati,"Cincinnati, OH-KY-IN",Hamilton County
77497,45206,OH,202602,1323.55,-0.0125,0.0356,Cincinnati,"Cincinnati, OH-KY-IN",Hamilton County
77497,45206,OH,202603,1346.55,0.0174,0.0267,Cincinnati,"Cincinnati, OH-KY-IN",Hamilton County
77497,45206,OH,202604,1361.45,0.0111,0.0197,Cincinnati,"Cincinnati, OH-KY-IN",Hamilton County
77497,45206,OH,202605,1389.92,0.0209,0.0176,Cincinnati,"Cincinnati, OH-KY-IN",Hamilton County
77497,45206,OH,202606,1403.08,0.0095,0.0272,Cincinnati,"Cincinnati, OH-KY-IN",Hamilton County
77497,45206,OH,202607,1397.83,-0.0037,0.0232,Cincinnati,"Cincinnati, OH-KY-IN",Hamilton County
77497,45206,OH,202608,1393.71,-0.0029,0.0318,Cincinnati,"Cincinnati, OH-KY-IN",Hamilton County
77498,45207,OH,202602,1978.36,,,Cincinnati,"Cincinnati, OH-KY-IN",Hamilton County
77498,45207,OH,202603,1889.45,-0.0449,,Cincinnati,"Cincinnati, OH-KY-IN",Hamilton County
77498,45207,OH,202604,1903.06,0.0072,,Cincinnati,"Cincinnati, OH-KY-IN",Hamilton County
77498,45207,OH,202605,1896.19,-0.0036,,Cincinnati,"Cincinnati, OH-KY-IN",Hamilton County
77498,45207,OH,202606,1892.42,-0.002,,Cincinnati,"Cincinnati, OH-KY-IN",Hamilton County
77498,45207,OH,202607,1954.69,0.0329,,Cincinnati,"Cincinnati, OH-KY-IN",Hamilton County
77498,45207,OH,202608,2037.02,0.0421,,Cincinnati,"Cincinnati, OH-KY-IN",Hamilton County
77499,45208,OH,201611,890.3,,,Cincinnati,"Cincinnati, OH-KY-IN",Hamilton County
77499,45208,OH,201612,882.9,-0.0083,,Cincinnati,"Cincinnati, OH-KY-IN",Hamilton County
77499,45208,OH,201701,870.14,-0.0145,,Cincinnati,"Cincinnati, OH-KY-IN",Hamilton County
77499,45208,OH,201702,888.25,0.0208,,Cincinnati,"Cincinnati, OH-KY-IN",Hamilton County
77499,45208,OH,201703,900.83,0.0142,,Cincinnati,"Cincinnati, OH-KY-IN",Hamilton County
77499,45208,OH,201704,917.67,0.0187,,Cincinnati,"Cincinnati, OH-KY-IN",Hamilton County
77499,45208,OH,201705,914.19,-0.0038,,Cincinnati,"Cincinnati, OH-KY-IN",Hamilton County
77499,45208,OH,201706,908.31,-0.0064,,Cincinnati,"Cincinnati, OH-KY-IN",Hamilton County
77499,45208,OH,201707,903.11,-0.0057,,Cincinnati,"Cincinnati, OH-KY-IN",Hamilton County
77499,45208,OH,201708,911.43,0.0092,,Cincinnati,"Cincinnati, OH-KY-IN",Hamilton County
77499,45208,OH,201709,917.02,0.0061,,Cincinnati,"Cincinnati, OH-KY-IN",Hamilton County
77499,45208,OH,201710,901.75,-0.0167,,Cincinnati,"Cincinnati, OH-KY-IN",Hamilton County
77499,45208,OH,201711,889.48,-0.0136,-0.0009,Cincinnati,"Cincinnati, OH-KY-IN",Hamilton County
77499,45208,OH,201712,882.1,-0.0083,-0.0009,Cincinnati,"Cincinnati, OH-KY-IN",Hamilton County
77499,45208,OH,201801,912.27,0.0342,0.0484,Cincinnati,"Cincinnati, OH-KY-IN",Hamilton County
77499,45208,OH,201802,930.8,0.0203,0.0479,Cincinnati,"Cincinnati, OH-KY-IN",Hamilton County
77499,45208,OH,201803,950.79,0.0215,0.0555,Cincinnati,"Cincinnati, OH-KY-IN",Hamilton County
77499,45208,OH,201804,946.46,-0.0046,0.0314,Cincinnati,"Cincinnati, OH-KY-IN",Hamilton County
77499,45208,OH,201805,950.29,0.0041,0.0395,Cincinnati,"Cincinnati, OH-KY-IN",Hamilton County
77499,45208,OH,201806,939.72,-0.0111,0.0346,Cincinnati,"Cincinnati, OH-KY-IN",Hamilton County
77499,45208,OH,201807,942.96,0.0035,0.0441,Cincinnati,"Cincinnati, OH-KY-IN",Hamilton County
77499,45208,OH,201808,940.87,-0.0022,0.0323,Cincinnati,"Cincinnati, OH-KY-IN",Hamilton County
77499,45208,OH,201809,953.84,0.0138,0.0401,Cincinnati,"Cincinnati, OH-KY-IN",Hamilton County
77499,45208,OH,201810,953.92,0.0001,0.0579,Cincinnati,"Cincinnati, OH-KY-IN",Hamilton County
77499,45208,OH,201811,954.06,0.0001,0.0726,Cincinnati,"Cincinnati, OH-KY-IN",Hamilton County
77499,45208,OH,201812,965.68,0.0122,0.0947,Cincinnati,"Cincinnati, OH-KY-IN",Hamilton County
77499,45208,OH,201901,952.75,-0.0134,0.0444,Cincinnati,"Cincinnati, OH-KY-IN",Hamilton County
77499,45208,OH,201902,961.1,0.0088,0.0326,Cincinnati,"Cincinnati, OH-KY-IN",Hamilton County
77499,45208,OH,201903,959.65,-0.0015,0.0093,Cincinnati,"Cincinnati, OH-KY-IN",Hamilton County
77499,45208,OH,201904,980.38,0.0216,0.0358,Cincinnati,"Cincinnati, OH-KY-IN",Hamilton County
77499,45208,OH,201905,983.17,0.0028,0.0346,Cincinnati,"Cincinnati, OH-KY-IN",Hamilton County
77499,45208,OH,201906,981.52,-0.0017,0.0445,Cincinnati,"Cincinnati, OH-KY-IN",Hamilton County
77499,45208,OH,201907,989.61,0.0082,0.0495,Cincinnati,"Cincinnati, OH-KY-IN",Hamilton County
77499,45208,OH,201908,985.91,-0.0037,0.0479,Cincinnati,"Cincinnati, OH-KY-IN",Hamilton County
77499,45208,OH,201909,987.72,0.0018,0.0355,Cincinnati,"Cincinnati, OH-KY-IN",Hamilton County
77499,45208,OH,201910,980.53,-0.0073,0.0279,Cincinnati,"Cincinnati, OH-KY-IN",Hamilton County
77499,45208,OH,201911,980.31,-0.0002,0.0275,Cincinnati,"Cincinnati, OH-KY-IN",Hamilton County
77499,45208,OH,201912,982.0,0.0017,0.0169,Cincinnati,"Cincinnati, OH-KY-IN",Hamilton County
77499,45208,OH,202001,986.95,0.005,0.0359,Cincinnati,"Cincinnati, OH-KY-IN",Hamilton County
77499,45208,OH,202002,1006.29,0.0196,0.047,Cincinnati,"Cincinnati, OH-KY-IN",Hamilton County
77499,45208,OH,202003,1023.86,0.0175,0.0669,Cincinnati,"Cincinnati, OH-KY-IN",Hamilton County
77499,45208,OH,202004,1027.5,0.0036,0.0481,Cincinnati,"Cincinnati, OH-KY-IN",Hamilton County
77499,45208,OH,202005,1030.92,0.0033,0.0486,Cincinnati,"Cincinnati, OH-KY-IN",Hamilton County
77499,45208,OH,202006,1024.86,-0.0059,0.0442,Cincinnati,"Cincinnati, OH-KY-IN",Hamilton County
77499,45208,OH,202007,1026.18,0.0013,0.037,Cincinnati,"Cincinnati, OH-KY-IN",Hamilton County
77499,45208,OH,202008,1022.75,-0.0033,0.0374,Cincinnati,"Cincinnati, OH-KY-IN",Hamilton County
77499,45208,OH,202009,1018.41,-0.0042,0.0311,Cincinnati,"Cincinnati, OH-KY-IN",Hamilton County
77499,45208,OH,202010,1011.49,-0.0068,0.0316,Cincinnati,"Cincinnati, OH-KY-IN",Hamilton County
77499,45208,OH,202011,996.7,-0.0146,0.0167,Cincinnati,"Cincinnati, OH-KY-IN",Hamilton County
77499,45208,OH,202012,1006.12,0.0094,0.0246,Cincinnati,"Cincinnati, OH-KY-IN",Hamilton County
77499,45208,OH,202101,1012.14,0.006,0.0255,Cincinnati,"Cincinnati, OH-KY-IN",Hamilton County
77499,45208,OH,202102,1022.12,0.0099,0.0157,Cincinnati,"Cincinnati, OH-KY-IN",Hamilton County
77499,45208,OH,202103,1011.06,-0.0108,-0.0125,Cincinnati,"Cincinnati, OH-KY-IN",Hamilton County
77499,45208,OH,202104,1040.53,0.0291,0.0127,Cincinnati,"Cincinnati, OH-KY-IN",Hamilton County
77499,45208,OH,202105,1061.01,0.0197,0.0292,Cincinnati,"Cincinnati, OH-KY-IN",Hamilton County
77499,45208,OH,202106,1081.11,0.0189,0.0549,Cincinnati,"Cincinnati, OH-KY-IN",Hamilton County
77499,45208,OH,202107,1080.98,-0.0001,0.0534,Cincinnati,"Cincinnati, OH-KY-IN",Hamilton County
77499,45208,OH,202108,1093.8,0.0119,0.0695,Cincinnati,"Cincinnati, OH-KY-IN",Hamilton County
77499,45208,OH,202109,1095.1,0.0012,0.0753,Cincinnati,"Cincinnati, OH-KY-IN",Hamilton County
77499,45208,OH,202110,1098.41,0.003,0.0859,Cincinnati,"Cincinnati, OH-KY-IN",Hamilton County
77499,45208,OH,202111,1095.33,-0.0028,0.099,Cincinnati,"Cincinnati, OH-KY-IN",Hamilton County
77499,45208,OH,202112,1114.12,0.0172,0.1073,Cincinnati,"Cincinnati, OH-KY-IN",Hamilton County
77499,45208,OH,202201,1127.72,0.0122,0.1142,Cincinnati,"Cincinnati, OH-KY-IN",Hamilton County
77499,45208,OH,202202,1136.89,0.0081,0.1123,Cincinnati,"Cincinnati, OH-KY-IN",Hamilton County
77499,45208,OH,202203,1133.72,-0.0028,0.1213,Cincinnati,"Cincinnati, OH-KY-IN",Hamilton County
77499,45208,OH,202204,1145.53,0.0104,0.1009,Cincinnati,"Cincinnati, OH-KY-IN",Hamilton County
77499,45208,OH,202205,1159.51,0.0122,0.0928,Cincinnati,"Cincinnati, OH-KY-IN",Hamilton County
77499,45208,OH,202206,1183.1,0.0203,0.0943,Cincinnati,"Cincinnati, OH-KY-IN",Hamilton County
77499,45208,OH,202207,1194.9,0.01,0.1054,Cincinnati,"Cincinnati, OH-KY-IN",Hamilton County
77499,45208,OH,202208,1209.65,0.0123,0.1059,Cincinnati,"Cincinnati, OH-KY-IN",Hamilton County
77499,45208,OH,202209,1211.88,0.0018,0.1066,Cincinnati,"Cincinnati, OH-KY-IN",Hamilton County
77499,45208,OH,202210,1206.07,-0.0048,0.098,Cincinnati,"Cincinnati, OH-KY-IN",Hamilton County
77499,45208,OH,202211,1208.83,0.0023,0.1036,Cincinnati,"Cincinnati, OH-KY-IN",Hamilton County
77499,45208,OH,202212,1201.83,-0.0058,0.0787,Cincinnati,"Cincinnati, OH-KY-IN",Hamilton County
77499,45208,OH,202301,1231.31,0.0245,0.0919,Cincinnati,"Cincinnati, OH-KY-IN",Hamilton County
77499,45208,OH,202302,1234.07,0.0022,0.0855,Cincinnati,"Cincinnati, OH-KY-IN",Hamilton County
77499,45208,OH,202303,1258.02,0.0194,0.1096,Cincinnati,"Cincinnati, OH-KY-IN",Hamilton County
77499,45208,OH,202304,1251.96,-0.0048,0.0929,Cincinnati,"Cincinnati, OH-KY-IN",Hamilton County
77499,45208,OH,202305,1269.64,0.0141,0.095,Cincinnati,"Cincinnati, OH-KY-IN",Hamilton County
77499,45208,OH,202306,1279.02,0.0074,0.0811,Cincinnati,"Cincinnati, OH-KY-IN",Hamilton County
77499,45208,OH,202307,1284.62,0.0044,0.0751,Cincinnati,"Cincinnati, OH-KY-IN",Hamilton County
77499,45208,OH,202308,1285.17,0.0004,0.0624,Cincinnati,"Cincinnati, OH-KY-IN",Hamilton County
77499,45208,OH,202309,1259.06,-0.0203,0.0389,Cincinnati,"Cincinnati, OH-KY-IN",Hamilton County
77499,45208,OH,202310,1285.39,0.0209,0.0658,Cincinnati,"Cincinnati, OH-KY-IN",Hamilton County
77499,45208,OH,202311,1285.14,-0.0002,0.0631,Cincinnati,"Cincinnati, OH-KY-IN",Hamilton County
77499,45208,OH,202312,1316.46,0.0244,0.0954,Cincinnati,"Cincinnati, OH-KY-IN",Hamilton County
77499,45208,OH,202401,1292.48,-0.0182,0.0497,Cincinnati,"Cincinnati, OH-KY-IN",Hamilton County
77499,45208,OH,202402,1304.75,0.0095,0.0573,Cincinnati,"Cincinnati, OH-KY-IN",Hamilton County
77499,45208,OH,202403,1326.67,0.0168,0.0546,Cincinnati,"Cincinnati, OH-KY-IN",Hamilton County
77499,45208,OH,202404,1343.87,0.013,0.0734,Cincinnati,"Cincinnati, OH-KY-IN",Hamilton County
77499,45208,OH,202405,1352.49,0.0064,0.0653,Cincinnati,"Cincinnati, OH-KY-IN",Hamilton County
77499,45208,OH,202406,1352.09,-0.0003,0.0571,Cincinnati,"Cincinnati, OH-KY-IN",Hamilton County
77499,45208,OH,202407,1347.39,-0.0035,0.0489,Cincinnati,"Cincinnati, OH-KY-IN",Hamilton County
77499,45208,OH,202408,1348.36,0.0007,0.0492,Cincinnati,"Cincinnati, OH-KY-IN",Hamilton County
77499,45208,OH,202409,1347.11,-0.0009,0.0699,Cincinnati,"Cincinnati, OH-KY-IN",Hamilton County
77499,45208,OH,202410,1342.64,-0.0033,0.0445,Cincinnati,"Cincinnati, OH-KY-IN",Hamilton County
77499,45208,OH,202411,1340.41,-0.0017,0.043,Cincinnati,"Cincinnati, OH-KY-IN",Hamilton County
77499,45208,OH,202412,1336.62,-0.0028,0.0153,Cincinnati,"Cincinnati, OH-KY-IN",Hamilton County
77499,45208,OH,202501,1336.94,0.0002,0.0344,Cincinnati,"Cincinnati, OH-KY-IN",Hamilton County
77499,45208,OH,202502,1348.58,0.0087,0.0336,Cincinnati,"Cincinnati, OH-KY-IN",Hamilton County
77499,45208,OH,202503,1355.91,0.0054,0.022,Cincinnati,"Cincinnati, OH-KY-IN",Hamilton County
77499,45208,OH,202504,1369.34,0.0099,0.019,Cincinnati,"Cincinnati, OH-KY-IN",Hamilton County
77499,45208,OH,202505,1359.43,-0.0072,0.0051,Cincinnati,"Cincinnati, OH-KY-IN",Hamilton County
77499,45208,OH,202506,1372.98,0.01,0.0155,Cincinnati,"Cincinnati, OH-KY-IN",Hamilton County
77499,45208,OH,202507,1371.32,-0.0012,0.0178,Cincinnati,"Cincinnati, OH-KY-IN",Hamilton County
77499,45208,OH,202508,1384.09,0.0093,0.0265,Cincinnati,"Cincinnati, OH-KY-IN",Hamilton County
77499,45208,OH,202509,1370.51,-0.0098,0.0174,Cincinnati,"Cincinnati, OH-KY-IN",Hamilton County
77499,45208,OH,202510,1426.55,0.0409,0.0625,Cincinnati,"Cincinnati, OH-KY-IN",Hamilton County
77499,45208,OH,202511,1424.59,-0.0014,0.0628,Cincinnati,"Cincinnati, OH-KY-IN",Hamilton County
77499,45208,OH,202512,1398.77,-0.0181,0.0465,Cincinnati,"Cincinnati, OH-KY-IN",Hamilton County
77499,45208,OH,202601,1380.7,-0.0129,0.0327,Cincinnati,"Cincinnati, OH-KY-IN",Hamilton County
77499,45208,OH,202602,1398.11,0.0126,0.0367,Cincinnati,"Cincinnati, OH-KY-IN",Hamilton County
77499,45208,OH,202603,1470.96,0.0521,0.0849,Cincinnati,"Cincinnati, OH-KY-IN",Hamilton County
77499,45208,OH,202604,1450.24,-0.0141,0.0591,Cincinnati,"Cincinnati, OH-KY-IN",Hamilton County
77499,45208,OH,202605,1454.34,0.0028,0.0698,Cincinnati,"Cincinnati, OH-KY-IN",Hamilton County
77499,45208,OH,202606,1426.39,-0.0192,0.0389,Cincinnati,"Cincinnati, OH-KY-IN",Hamilton County
77499,45208,OH,202607,1446.02,0.0138,0.0545,Cincinnati,"Cincinnati, OH-KY-IN",Hamilton County
77499,45208,OH,202608,1452.73,0.0046,0.0496,Cincinnati,"Cincinnati, OH-KY-IN",Hamilton County
77500,45209,OH,201801,1038.39,,,Cincinnati,"Cincinnati, OH-KY-IN",Hamilton County
77500,45209,OH,201802,1039.69,0.0013,,Cincinnati,"Cincinnati, OH-KY-IN",Hamilton County
77500,45209,OH,201803,1037.25,-0.0023,,Cincinnati,"Cincinnati, OH-KY-IN",Hamilton County
77500,45209,OH,201804,1043.13,0.0057,,Cincinnati,"Cincinnati, OH-KY-IN",Hamilton County
77500,45209,OH,201805,1048.29,0.0049,,Cincinnati,"Cincinnati, OH-KY-IN",Hamilton County
77500,45209,OH,201806,1060.51,0.0117,,Cincinnati,"Cincinnati, OH-KY-IN",Hamilton County
77500,45209,OH,201807,1065.77,0.005,,Cincinnati,"Cincinnati, OH-KY-IN",Hamilton County
77500,45209,OH,201808,1067.04,0.0012,,Cincinnati,"Cincinnati, OH-KY-IN",Hamilton County
77500,45209,OH,201809,1070.6,0.0033,,Cincinnati,"Cincinnati, OH-KY-IN",Hamilton County
77500,45209,OH,201810,1076.41,0.0054,,Cincinnati,"Cincinnati, OH-KY-IN",Hamilton County
77500,45209,OH,201811,1075.21,-0.0011,,Cincinnati,"Cincinnati, OH-KY-IN",Hamilton County
77500,45209,OH,201812,1058.58,-0.0155,,Cincinnati,"Cincinnati, OH-KY-IN",Hamilton County
77500,45209,OH,201901,1054.18,-0.0042,0.0152,Cincinnati,"Cincinnati, OH-KY-IN",Hamilton County
77500,45209,OH,201902,1069.23,0.0143,0.0284,Cincinnati,"Cincinnati, OH-KY-IN",Hamilton County
77500,45209,OH,201903,1083.33,0.0132,0.0444,Cincinnati,"Cincinnati, OH-KY-IN",Hamilton County
77500,45209,OH,201904,1091.46,0.0075,0.0463,Cincinnati,"Cincinnati, OH-KY-IN",Hamilton County
77500,45209,OH,201905,1082.67,-0.0081,0.0328,Cincinnati,"Cincinnati, OH-KY-IN",Hamilton County
77500,45209,OH,201906,1099.06,0.0151,0.0364,Cincinnati,"Cincinnati, OH-KY-IN",Hamilton County
77500,45209,OH,201907,1110.5,0.0104,0.042,Cincinnati,"Cincinnati, OH-KY-IN",Hamilton County
77500,45209,OH,201908,1123.63,0.0118,0.053,Cincinnati,"Cincinnati, OH-KY-IN",Hamilton County
77500,45209,OH,201909,1141.66,0.016,0.0664,Cincinnati,"Cincinnati, OH-KY-IN",Hamilton County
77500,45209,OH,201910,1134.04,-0.0067,0.0535,Cincinnati,"Cincinnati, OH-KY-IN",Hamilton County
77500,45209,OH,201911,1130.12,-0.0035,0.0511,Cincinnati,"Cincinnati, OH-KY-IN",Hamilton County
77500,45209,OH,201912,1099.65,-0.027,0.0388,Cincinnati,"Cincinnati, OH-KY-IN",Hamilton County
77500,45209,OH,202001,1107.13,0.0068,0.0502,Cincinnati,"Cincinnati, OH-KY-IN",Hamilton County
77500,45209,OH,202002,1106.62,-0.0005,0.035,Cincinnati,"Cincinnati, OH-KY-IN",Hamilton County
77500,45209,OH,202003,1128.71,0.02,0.0419,Cincinnati,"Cincinnati, OH-KY-IN",Hamilton County
77500,45209,OH,202004,1138.73,0.0089,0.0433,Cincinnati,"Cincinnati, OH-KY-IN",Hamilton County
77500,45209,OH,202005,1151.87,0.0115,0.0639,Cincinnati,"Cincinnati, OH-KY-IN",Hamilton County
77500,45209,OH,202006,1167.84,0.0139,0.0626,Cincinnati,"Cincinnati, OH-KY-IN",Hamilton County
77500,45209,OH,202007,1176.55,0.0075,0.0595,Cincinnati,"Cincinnati, OH-KY-IN",Hamilton County
77500,45209,OH,202008,1181.51,0.0042,0.0515,Cincinnati,"Cincinnati, OH-KY-IN",Hamilton County
77500,45209,OH,202009,1174.62,-0.0058,0.0289,Cincinnati,"Cincinnati, OH-KY-IN",Hamilton County
77500,45209,OH,202010,1156.51,-0.0154,0.0198,Cincinnati,"Cincinnati, OH-KY-IN",Hamilton County
77500,45209,OH,202011,1145.35,-0.0097,0.0135,Cincinnati,"Cincinnati, OH-KY-IN",Hamilton County
77500,45209,OH,202012,1146.21,0.0007,0.0423,Cincinnati,"Cincinnati, OH-KY-IN",Hamilton County
77500,45209,OH,202101,1162.72,0.0144,0.0502,Cincinnati,"Cincinnati, OH-KY-IN",Hamilton County
77500,45209,OH,202102,1185.67,0.0197,0.0714,Cincinnati,"Cincinnati, OH-KY-IN",Hamilton County
77500,45209,OH,202103,1185.47,-0.0002,0.0503,Cincinnati,"Cincinnati, OH-KY-IN",Hamilton County
77500,45209,OH,202104,1187.61,0.0018,0.0429,Cincinnati,"Cincinnati, OH-KY-IN",Hamilton County
77500,45209,OH,202105,1188.54,0.0008,0.0318,Cincinnati,"Cincinnati, OH-KY-IN",Hamilton County
77500,45209,OH,202106,1199.67,0.0094,0.0273,Cincinnati,"Cincinnati, OH-KY-IN",Hamilton County
77500,45209,OH,202107,1217.9,0.0152,0.0351,Cincinnati,"Cincinnati, OH-KY-IN",Hamilton County
77500,45209,OH,202108,1230.05,0.01,0.0411,Cincinnati,"Cincinnati, OH-KY-IN",Hamilton County
77500,45209,OH,202109,1242.54,0.0102,0.0578,Cincinnati,"Cincinnati, OH-KY-IN",Hamilton County
77500,45209,OH,202110,1236.21,-0.0051,0.0689,Cincinnati,"Cincinnati, OH-KY-IN",Hamilton County
77500,45209,OH,202111,1237.22,0.0008,0.0802,Cincinnati,"Cincinnati, OH-KY-IN",Hamilton County
77500,45209,OH,202112,1237.63,0.0003,0.0798,Cincinnati,"Cincinnati, OH-KY-IN",Hamilton County
77500,45209,OH,202201,1242.4,0.0039,0.0685,Cincinnati,"Cincinnati, OH-KY-IN",Hamilton County
77500,45209,OH,202202,1249.59,0.0058,0.0539,Cincinnati,"Cincinnati, OH-KY-IN",Hamilton County
77500,45209,OH,202203,1260.16,0.0085,0.063,Cincinnati,"Cincinnati, OH-KY-IN",Hamilton County
77500,45209,OH,202204,1282.58,0.0178,0.08,Cincinnati,"Cincinnati, OH-KY-IN",Hamilton County
77500,45209,OH,202205,1295.91,0.0104,0.0903,Cincinnati,"Cincinnati, OH-KY-IN",Hamilton County
77500,45209,OH,202206,1310.94,0.0116,0.0927,Cincinnati,"Cincinnati, OH-KY-IN",Hamilton County
77500,45209,OH,202207,1318.97,0.0061,0.083,Cincinnati,"Cincinnati, OH-KY-IN",Hamilton County
77500,45209,OH,202208,1340.91,0.0166,0.0901,Cincinnati,"Cincinnati, OH-KY-IN",Hamilton County
77500,45209,OH,202209,1356.99,0.012,0.0921,Cincinnati,"Cincinnati, OH-KY-IN",Hamilton County
77500,45209,OH,202210,1368.69,0.0086,0.1072,Cincinnati,"Cincinnati, OH-KY-IN",Hamilton County
77500,45209,OH,202211,1375.52,0.005,0.1118,Cincinnati,"Cincinnati, OH-KY-IN",Hamilton County
77500,45209,OH,202301,1386.15,0.0077,0.12,Cincinnati,"Cincinnati, OH-KY-IN",Hamilton County
77500,45209,OH,202302,1376.89,-0.0067,0.1082,Cincinnati,"Cincinnati, OH-KY-IN",Hamilton County
77500,45209,OH,202303,1362.45,-0.0105,0.0903,Cincinnati,"Cincinnati, OH-KY-IN",Hamilton County
77500,45209,OH,202304,1365.18,0.002,0.0833,Cincinnati,"Cincinnati, OH-KY-IN",Hamilton County
77500,45209,OH,202305,1377.93,0.0093,0.0743,Cincinnati,"Cincinnati, OH-KY-IN",Hamilton County
77500,45209,OH,202306,1397.59,0.0143,0.0785,Cincinnati,"Cincinnati, OH-KY-IN",Hamilton County
77500,45209,OH,202307,1408.64,0.0079,0.0745,Cincinnati,"Cincinnati, OH-KY-IN",Hamilton County
77500,45209,OH,202308,1416.85,0.0058,0.0742,Cincinnati,"Cincinnati, OH-KY-IN",Hamilton County
77500,45209,OH,202309,1415.95,-0.0006,0.056,Cincinnati,"Cincinnati, OH-KY-IN",Hamilton County
77500,45209,OH,202310,1414.8,-0.0008,0.0426,Cincinnati,"Cincinnati, OH-KY-IN",Hamilton County
77500,45209,OH,202311,1393.38,-0.0151,0.018,Cincinnati,"Cincinnati, OH-KY-IN",Hamilton County
77500,45209,OH,202312,1397.9,0.0032,0.0163,Cincinnati,"Cincinnati, OH-KY-IN",Hamilton County
77500,45209,OH,202401,1413.49,0.0112,0.0197,Cincinnati,"Cincinnati, OH-KY-IN",Hamilton County
77500,45209,OH,202402,1427.97,0.0102,0.0371,Cincinnati,"Cincinnati, OH-KY-IN",Hamilton County
77500,45209,OH,202403,1423.39,-0.0032,0.0447,Cincinnati,"Cincinnati, OH-KY-IN",Hamilton County
77500,45209,OH,202404,1417.89,-0.0039,0.0386,Cincinnati,"Cincinnati, OH-KY-IN",Hamilton County
77500,45209,OH,202405,1430.26,0.0087,0.038,Cincinnati,"Cincinnati, OH-KY-IN",Hamilton County
77500,45209,OH,202406,1443.1,0.009,0.0326,Cincinnati,"Cincinnati, OH-KY-IN",Hamilton County
77500,45209,OH,202407,1448.45,0.0037,0.0283,Cincinnati,"Cincinnati, OH-KY-IN",Hamilton County
77500,45209,OH,202408,1461.25,0.0088,0.0313,Cincinnati,"Cincinnati, OH-KY-IN",Hamilton County
77500,45209,OH,202409,1453.93,-0.005,0.0268,Cincinnati,"Cincinnati, OH-KY-IN",Hamilton County
77500,45209,OH,202410,1456.9,0.002,0.0298,Cincinnati,"Cincinnati, OH-KY-IN",Hamilton County
77500,45209,OH,202411,1469.52,0.0087,0.0546,Cincinnati,"Cincinnati, OH-KY-IN",Hamilton County
77500,45209,OH,202412,1455.8,-0.0093,0.0414,Cincinnati,"Cincinnati, OH-KY-IN",Hamilton County
77500,45209,OH,202501,1465.86,0.0069,0.037,Cincinnati,"Cincinnati, OH-KY-IN",Hamilton County
77500,45209,OH,202502,1442.44,-0.016,0.0101,Cincinnati,"Cincinnati, OH-KY-IN",Hamilton County
77500,45209,OH,202503,1464.91,0.0156,0.0292,Cincinnati,"Cincinnati, OH-KY-IN",Hamilton County
77500,45209,OH,202504,1458.67,-0.0043,0.0288,Cincinnati,"Cincinnati, OH-KY-IN",Hamilton County
77500,45209,OH,202505,1478.92,0.0139,0.034,Cincinnati,"Cincinnati, OH-KY-IN",Hamilton County
77500,45209,OH,202506,1491.95,0.0088,0.0339,Cincinnati,"Cincinnati, OH-KY-IN",Hamilton County
77500,45209,OH,202507,1507.05,0.0101,0.0405,Cincinnati,"Cincinnati, OH-KY-IN",Hamilton County
77500,45209,OH,202508,1511.69,0.0031,0.0345,Cincinnati,"Cincinnati, OH-KY-IN",Hamilton County
77500,45209,OH,202509,1521.81,0.0067,0.0467,Cincinnati,"Cincinnati, OH-KY-IN",Hamilton County
77500,45209,OH,202510,1515.54,-0.0041,0.0402,Cincinnati,"Cincinnati, OH-KY-IN",Hamilton County
77500,45209,OH,202511,1496.98,-0.0123,0.0187,Cincinnati,"Cincinnati, OH-KY-IN",Hamilton County
77500,45209,OH,202512,1493.27,-0.0025,0.0257,Cincinnati,"Cincinnati, OH-KY-IN",Hamilton County
77500,45209,OH,202601,1521.21,0.0187,0.0378,Cincinnati,"Cincinnati, OH-KY-IN",Hamilton County
77500,45209,OH,202602,1546.92,0.0169,0.0724,Cincinnati,"Cincinnati, OH-KY-IN",Hamilton County
77500,45209,OH,202603,1541.6,-0.0034,0.0524,Cincinnati,"Cincinnati, OH-KY-IN",Hamilton County
77500,45209,OH,202604,1527.26,-0.0093,0.047,Cincinnati,"Cincinnati, OH-KY-IN",Hamilton County
77500,45209,OH,202605,1523.02,-0.0028,0.0298,Cincinnati,"Cincinnati, OH-KY-IN",Hamilton County
77500,45209,OH,202606,1520.72,-0.0015,0.0193,Cincinnati,"Cincinnati, OH-KY-IN",Hamilton County
77500,45209,OH,202607,1526.51,0.0038,0.0129,Cincinnati,"Cincinnati, OH-KY-IN",Hamilton County
77500,45209,OH,202608,1534.13,0.005,0.0148,Cincinnati,"Cincinnati, OH-KY-IN",Hamilton County
77502,45211,OH,201706,643.15,,,Cincinnati,"Cincinnati, OH-KY-IN",Hamilton County
77502,45211,OH,201707,649.96,0.0106,,Cincinnati,"Cincinnati, OH-KY-IN",Hamilton County
77502,45211,OH,201708,659.65,0.0149,,Cincinnati,"Cincinnati, OH-KY-IN",Hamilton County
77502,45211,OH,201709,663.73,0.0062,,Cincinnati,"Cincinnati, OH-KY-IN",Hamilton County
77502,45211,OH,201710,660.4,-0.005,,Cincinnati,"Cincinnati, OH-KY-IN",Hamilton County
77502,45211,OH,201711,663.27,0.0043,,Cincinnati,"Cincinnati, OH-KY-IN",Hamilton County
77502,45211,OH,201712,672.93,0.0146,,Cincinnati,"Cincinnati, OH-KY-IN",Hamilton County
77502,45211,OH,201801,683.26,0.0154,,Cincinnati,"Cincinnati, OH-KY-IN",Hamilton County
77502,45211,OH,201802,688.03,0.007,,Cincinnati,"Cincinnati, OH-KY-IN",Hamilton County
77502,45211,OH,201803,690.62,0.0038,,Cincinnati,"Cincinnati, OH-KY-IN",Hamilton County
77502,45211,OH,201804,691.87,0.0018,,Cincinnati,"Cincinnati, OH-KY-IN",Hamilton County
77502,45211,OH,201805,692.27,0.0006,,Cincinnati,"Cincinnati, OH-KY-IN",Hamilton County
77502,45211,OH,201806,694.31,0.003,0.0796,Cincinnati,"Cincinnati, OH-KY-IN",Hamilton County
77502,45211,OH,201807,709.42,0.0218,0.0915,Cincinnati,"Cincinnati, OH-KY-IN",Hamilton County
77502,45211,OH,201808,718.3,0.0125,0.0889,Cincinnati,"Cincinnati, OH-KY-IN",Hamilton County
77502,45211,OH,201809,707.79,-0.0146,0.0664,Cincinnati,"Cincinnati, OH-KY-IN",Hamilton County
77502,45211,OH,201810,701.84,-0.0084,0.0628,Cincinnati,"Cincinnati, OH-KY-IN",Hamilton County
77502,45211,OH,201811,701.59,-0.0004,0.0578,Cincinnati,"Cincinnati, OH-KY-IN",Hamilton County
77502,45211,OH,201812,723.56,0.0313,0.0752,Cincinnati,"Cincinnati, OH-KY-IN",Hamilton County
77502,45211,OH,201901,723.89,0.0004,0.0595,Cincinnati,"Cincinnati, OH-KY-IN",Hamilton County
77502,45211,OH,201902,727.8,0.0054,0.0578,Cincinnati,"Cincinnati, OH-KY-IN",Hamilton County
77502,45211,OH,201903,726.35,-0.002,0.0517,Cincinnati,"Cincinnati, OH-KY-IN",Hamilton County
77502,45211,OH,201904,733.76,0.0102,0.0605,Cincinnati,"Cincinnati, OH-KY-IN",Hamilton County
77502,45211,OH,201905,730.51,-0.0044,0.0552,Cincinnati,"Cincinnati, OH-KY-IN",Hamilton County
77502,45211,OH,201906,738.03,0.0103,0.063,Cincinnati,"Cincinnati, OH-KY-IN",Hamilton County
77502,45211,OH,201907,747.74,0.0132,0.054,Cincinnati,"Cincinnati, OH-KY-IN",Hamilton County
77502,45211,OH,201908,771.07,0.0312,0.0735,Cincinnati,"Cincinnati, OH-KY-IN",Hamilton County
77502,45211,OH,201909,766.81,-0.0055,0.0834,Cincinnati,"Cincinnati, OH-KY-IN",Hamilton County
77502,45211,OH,201910,776.94,0.0132,0.107,Cincinnati,"Cincinnati, OH-KY-IN",Hamilton County
77502,45211,OH,201911,772.54,-0.0057,0.1011,Cincinnati,"Cincinnati, OH-KY-IN",Hamilton County
77502,45211,OH,201912,770.68,-0.0024,0.0651,Cincinnati,"Cincinnati, OH-KY-IN",Hamilton County
77502,45211,OH,202001,778.62,0.0103,0.0756,Cincinnati,"Cincinnati, OH-KY-IN",Hamilton County
77502,45211,OH,202002,772.69,-0.0076,0.0617,Cincinnati,"Cincinnati, OH-KY-IN",Hamilton County
77502,45211,OH,202003,789.65,0.0219,0.0872,Cincinnati,"Cincinnati, OH-KY-IN",Hamilton County
77502,45211,OH,202004,777.18,-0.0158,0.0592,Cincinnati,"Cincinnati, OH-KY-IN",Hamilton County
77502,45211,OH,202005,790.35,0.017,0.0819,Cincinnati,"Cincinnati, OH-KY-IN",Hamilton County
77502,45211,OH,202006,792.18,0.0023,0.0734,Cincinnati,"Cincinnati, OH-KY-IN",Hamilton County
77502,45211,OH,202007,807.7,0.0196,0.0802,Cincinnati,"Cincinnati, OH-KY-IN",Hamilton County
77502,45211,OH,202008,813.34,0.007,0.0548,Cincinnati,"Cincinnati, OH-KY-IN",Hamilton County
77502,45211,OH,202009,826.24,0.0159,0.0775,Cincinnati,"Cincinnati, OH-KY-IN",Hamilton County
77502,45211,OH,202010,817.86,-0.0101,0.0527,Cincinnati,"Cincinnati, OH-KY-IN",Hamilton County
77502,45211,OH,202011,842.42,0.03,0.0905,Cincinnati,"Cincinnati, OH-KY-IN",Hamilton County
77502,45211,OH,202101,871.07,0.034,0.1303,Cincinnati,"Cincinnati, OH-KY-IN",Hamilton County
77502,45211,OH,202102,867.19,-0.0045,0.1138,Cincinnati,"Cincinnati, OH-KY-IN",Hamilton County
77502,45211,OH,202103,863.99,-0.0037,0.1181,Cincinnati,"Cincinnati, OH-KY-IN",Hamilton County
77502,45211,OH,202104,852.35,-0.0135,0.0794,Cincinnati,"Cincinnati, OH-KY-IN",Hamilton County
77502,45211,OH,202105,848.09,-0.005,0.0912,Cincinnati,"Cincinnati, OH-KY-IN",Hamilton County
77502,45211,OH,202106,860.62,0.0148,0.0889,Cincinnati,"Cincinnati, OH-KY-IN",Hamilton County
77502,45211,OH,202107,886.95,0.0306,0.1196,Cincinnati,"Cincinnati, OH-KY-IN",Hamilton County
77502,45211,OH,202108,901.91,0.0169,0.1166,Cincinnati,"Cincinnati, OH-KY-IN",Hamilton County
77502,45211,OH,202109,896.56,-0.0059,0.1023,Cincinnati,"Cincinnati, OH-KY-IN",Hamilton County
77502,45211,OH,202110,902.18,0.0063,0.0919,Cincinnati,"Cincinnati, OH-KY-IN",Hamilton County
77502,45211,OH,202111,903.24,0.0012,0.1044,Cincinnati,"Cincinnati, OH-KY-IN",Hamilton County
77502,45211,OH,202112,941.21,0.042,0.1173,Cincinnati,"Cincinnati, OH-KY-IN",Hamilton County
77502,45211,OH,202201,931.63,-0.0102,0.0695,Cincinnati,"Cincinnati, OH-KY-IN",Hamilton County
77502,45211,OH,202202,946.6,0.0161,0.0916,Cincinnati,"Cincinnati, OH-KY-IN",Hamilton County
77502,45211,OH,202203,936.55,-0.0106,0.084,Cincinnati,"Cincinnati, OH-KY-IN",Hamilton County
77502,45211,OH,202204,955.37,0.0201,0.1209,Cincinnati,"Cincinnati, OH-KY-IN",Hamilton County
77502,45211,OH,202205,958.06,0.0028,0.1297,Cincinnati,"Cincinnati, OH-KY-IN",Hamilton County
77502,45211,OH,202206,974.08,0.0167,0.1318,Cincinnati,"Cincinnati, OH-KY-IN",Hamilton County
77502,45211,OH,202207,991.26,0.0176,0.1176,Cincinnati,"Cincinnati, OH-KY-IN",Hamilton County
77502,45211,OH,202208,1001.43,0.0103,0.1103,Cincinnati,"Cincinnati, OH-KY-IN",Hamilton County
77502,45211,OH,202209,1000.12,-0.0013,0.1155,Cincinnati,"Cincinnati, OH-KY-IN",Hamilton County
77502,45211,OH,202210,997.03,-0.0031,0.1051,Cincinnati,"Cincinnati, OH-KY-IN",Hamilton County
77502,45211,OH,202211,1003.39,0.0064,0.1109,Cincinnati,"Cincinnati, OH-KY-IN",Hamilton County
77502,45211,OH,202212,993.25,-0.0101,0.0553,Cincinnati,"Cincinnati, OH-KY-IN",Hamilton County
77502,45211,OH,202301,996.02,0.0028,0.0691,Cincinnati,"Cincinnati, OH-KY-IN",Hamilton County
77502,45211,OH,202302,996.58,0.0006,0.0528,Cincinnati,"Cincinnati, OH-KY-IN",Hamilton County
77502,45211,OH,202303,1031.72,0.0353,0.1016,Cincinnati,"Cincinnati, OH-KY-IN",Hamilton County
77502,45211,OH,202304,1042.33,0.0103,0.091,Cincinnati,"Cincinnati, OH-KY-IN",Hamilton County
77502,45211,OH,202305,1077.11,0.0334,0.1243,Cincinnati,"Cincinnati, OH-KY-IN",Hamilton County
77502,45211,OH,202306,1063.82,-0.0123,0.0921,Cincinnati,"Cincinnati, OH-KY-IN",Hamilton County
77502,45211,OH,202307,1076.1,0.0115,0.0856,Cincinnati,"Cincinnati, OH-KY-IN",Hamilton County
77502,45211,OH,202308,1063.95,-0.0113,0.0624,Cincinnati,"Cincinnati, OH-KY-IN",Hamilton County
77502,45211,OH,202309,1078.58,0.0138,0.0784,Cincinnati,"Cincinnati, OH-KY-IN",Hamilton County
77502,45211,OH,202310,1090.36,0.0109,0.0936,Cincinnati,"Cincinnati, OH-KY-IN",Hamilton County
77502,45211,OH,202311,1087.87,-0.0023,0.0842,Cincinnati,"Cincinnati, OH-KY-IN",Hamilton County
77502,45211,OH,202312,1085.06,-0.0026,0.0924,Cincinnati,"Cincinnati, OH-KY-IN",Hamilton County
77502,45211,OH,202401,1081.72,-0.0031,0.086,Cincinnati,"Cincinnati, OH-KY-IN",Hamilton County
77502,45211,OH,202402,1092.77,0.0102,0.0965,Cincinnati,"Cincinnati, OH-KY-IN",Hamilton County
77502,45211,OH,202403,1106.37,0.0124,0.0724,Cincinnati,"Cincinnati, OH-KY-IN",Hamilton County
77502,45211,OH,202404,1114.13,0.007,0.0689,Cincinnati,"Cincinnati, OH-KY-IN",Hamilton County
77502,45211,OH,202405,1122.37,0.0074,0.042,Cincinnati,"Cincinnati, OH-KY-IN",Hamilton County
77502,45211,OH,202406,1131.9,0.0085,0.064,Cincinnati,"Cincinnati, OH-KY-IN",Hamilton County
77502,45211,OH,202407,1130.22,-0.0015,0.0503,Cincinnati,"Cincinnati, OH-KY-IN",Hamilton County
77502,45211,OH,202408,1132.31,0.0019,0.0643,Cincinnati,"Cincinnati, OH-KY-IN",Hamilton County
77502,45211,OH,202409,1136.32,0.0035,0.0535,Cincinnati,"Cincinnati, OH-KY-IN",Hamilton County
77502,45211,OH,202410,1146.66,0.0091,0.0516,Cincinnati,"Cincinnati, OH-KY-IN",Hamilton County
77502,45211,OH,202411,1147.44,0.0007,0.0548,Cincinnati,"Cincinnati, OH-KY-IN",Hamilton County
77502,45211,OH,202412,1144.32,-0.0027,0.0546,Cincinnati,"Cincinnati, OH-KY-IN",Hamilton County
77502,45211,OH,202501,1138.57,-0.005,0.0525,Cincinnati,"Cincinnati, OH-KY-IN",Hamilton County
77502,45211,OH,202502,1142.21,0.0032,0.0452,Cincinnati,"Cincinnati, OH-KY-IN",Hamilton County
77502,45211,OH,202503,1151.09,0.0078,0.0404,Cincinnati,"Cincinnati, OH-KY-IN",Hamilton County
77502,45211,OH,202504,1158.34,0.0063,0.0397,Cincinnati,"Cincinnati, OH-KY-IN",Hamilton County
77502,45211,OH,202505,1159.78,0.0012,0.0333,Cincinnati,"Cincinnati, OH-KY-IN",Hamilton County
77502,45211,OH,202506,1147.38,-0.0107,0.0137,Cincinnati,"Cincinnati, OH-KY-IN",Hamilton County
77502,45211,OH,202507,1144.11,-0.0029,0.0123,Cincinnati,"Cincinnati, OH-KY-IN",Hamilton County
77502,45211,OH,202508,1140.6,-0.0031,0.0073,Cincinnati,"Cincinnati, OH-KY-IN",Hamilton County
77502,45211,OH,202509,1143.71,0.0027,0.0065,Cincinnati,"Cincinnati, OH-KY-IN",Hamilton County
77502,45211,OH,202510,1146.27,0.0022,-0.0003,Cincinnati,"Cincinnati, OH-KY-IN",Hamilton County
77502,45211,OH,202511,1136.31,-0.0087,-0.0097,Cincinnati,"Cincinnati, OH-KY-IN",Hamilton County
77502,45211,OH,202512,1143.41,0.0062,-0.0008,Cincinnati,"Cincinnati, OH-KY-IN",Hamilton County
77502,45211,OH,202601,1147.87,0.0039,0.0082,Cincinnati,"Cincinnati, OH-KY-IN",Hamilton County
77502,45211,OH,202602,1174.48,0.0232,0.0283,Cincinnati,"Cincinnati, OH-KY-IN",Hamilton County
77502,45211,OH,202603,1184.59,0.0086,0.0291,Cincinnati,"Cincinnati, OH-KY-IN",Hamilton County
77502,45211,OH,202604,1200.64,0.0135,0.0365,Cincinnati,"Cincinnati, OH-KY-IN",Hamilton County
77502,45211,OH,202605,1201.01,0.0003,0.0356,Cincinnati,"Cincinnati, OH-KY-IN",Hamilton County
77502,45211,OH,202606,1204.81,0.0032,0.0501,Cincinnati,"Cincinnati, OH-KY-IN",Hamilton County
77502,45211,OH,202607,1200.67,-0.0034,0.0494,Cincinnati,"Cincinnati, OH-KY-IN",Hamilton County
77502,45211,OH,202608,1193.9,-0.0056,0.0467,Cincinnati,"Cincinnati, OH-KY-IN",Hamilton County
77503,45212,OH,201707,704.04,,,Norwood,"Cincinnati, OH-KY-IN",Hamilton County
77503,45212,OH,201708,691.01,-0.0185,,Norwood,"Cincinnati, OH-KY-IN",Hamilton County
77503,45212,OH,201710,650.06,-0.0593,,Norwood,"Cincinnati, OH-KY-IN",Hamilton County
77503,45212,OH,201711,670.09,0.0308,,Norwood,"Cincinnati, OH-KY-IN",Hamilton County
77503,45212,OH,201712,698.62,0.0426,,Norwood,"Cincinnati, OH-KY-IN",Hamilton County
77503,45212,OH,201801,718.38,0.0283,,Norwood,"Cincinnati, OH-KY-IN",Hamilton County
77503,45212,OH,201802,722.71,0.006,,Norwood,"Cincinnati, OH-KY-IN",Hamilton County
77503,45212,OH,201803,733.62,0.0151,,Norwood,"Cincinnati, OH-KY-IN",Hamilton County
77503,45212,OH,201804,737.7,0.0056,,Norwood,"Cincinnati, OH-KY-IN",Hamilton County
77503,45212,OH,201805,738.15,0.0006,,Norwood,"Cincinnati, OH-KY-IN",Hamilton County
77503,45212,OH,201806,740.44,0.0031,,Norwood,"Cincinnati, OH-KY-IN",Hamilton County
77503,45212,OH,201807,738.71,-0.0023,,Norwood,"Cincinnati, OH-KY-IN",Hamilton County
77503,45212,OH,201808,732.51,-0.0084,0.0404,Norwood,"Cincinnati, OH-KY-IN",Hamilton County
77503,45212,OH,201809,744.57,0.0165,0.0775,Norwood,"Cincinnati, OH-KY-IN",Hamilton County
77503,45212,OH,201810,744.22,-0.0005,0.1448,Norwood,"Cincinnati, OH-KY-IN",Hamilton County
77503,45212,OH,201811,759.14,0.02,0.1329,Norwood,"Cincinnati, OH-KY-IN",Hamilton County
77503,45212,OH,201812,736.18,-0.0302,0.0538,Norwood,"Cincinnati, OH-KY-IN",Hamilton County
77503,45212,OH,201901,745.12,0.0122,0.0372,Norwood,"Cincinnati, OH-KY-IN",Hamilton County
77503,45212,OH,201902,738.1,-0.0094,0.0213,Norwood,"Cincinnati, OH-KY-IN",Hamilton County
77503,45212,OH,201903,767.02,0.0392,0.0455,Norwood,"Cincinnati, OH-KY-IN",Hamilton County
77503,45212,OH,201904,783.62,0.0216,0.0623,Norwood,"Cincinnati, OH-KY-IN",Hamilton County
77503,45212,OH,201905,808.08,0.0312,0.0947,Norwood,"Cincinnati, OH-KY-IN",Hamilton County
77503,45212,OH,201906,804.68,-0.0042,0.0868,Norwood,"Cincinnati, OH-KY-IN",Hamilton County
77503,45212,OH,201907,810.65,0.0074,0.0974,Norwood,"Cincinnati, OH-KY-IN",Hamilton County
77503,45212,OH,201908,804.88,-0.0071,0.0988,Norwood,"Cincinnati, OH-KY-IN",Hamilton County
77503,45212,OH,201909,802.96,-0.0024,0.0784,Norwood,"Cincinnati, OH-KY-IN",Hamilton County
77503,45212,OH,201910,782.27,-0.0258,0.0511,Norwood,"Cincinnati, OH-KY-IN",Hamilton County
77503,45212,OH,201911,780.52,-0.0022,0.0282,Norwood,"Cincinnati, OH-KY-IN",Hamilton County
77503,45212,OH,201912,787.4,0.0088,0.0696,Norwood,"Cincinnati, OH-KY-IN",Hamilton County
77503,45212,OH,202001,800.29,0.0164,0.074,Norwood,"Cincinnati, OH-KY-IN",Hamilton County
77503,45212,OH,202002,802.66,0.003,0.0875,Norwood,"Cincinnati, OH-KY-IN",Hamilton County
77503,45212,OH,202003,822.08,0.0242,0.0718,Norwood,"Cincinnati, OH-KY-IN",Hamilton County
77503,45212,OH,202004,827.4,0.0065,0.0559,Norwood,"Cincinnati, OH-KY-IN",Hamilton County
77503,45212,OH,202005,839.69,0.0149,0.0391,Norwood,"Cincinnati, OH-KY-IN",Hamilton County
77503,45212,OH,202006,845.53,0.007,0.0508,Norwood,"Cincinnati, OH-KY-IN",Hamilton County
77503,45212,OH,202007,866.85,0.0252,0.0693,Norwood,"Cincinnati, OH-KY-IN",Hamilton County
77503,45212,OH,202008,885.87,0.0219,0.1006,Norwood,"Cincinnati, OH-KY-IN",Hamilton County
77503,45212,OH,202009,867.73,-0.0205,0.0807,Norwood,"Cincinnati, OH-KY-IN",Hamilton County
77503,45212,OH,202010,861.75,-0.0069,0.1016,Norwood,"Cincinnati, OH-KY-IN",Hamilton County
77503,45212,OH,202011,867.34,0.0065,0.1112,Norwood,"Cincinnati, OH-KY-IN",Hamilton County
77503,45212,OH,202012,879.08,0.0135,0.1164,Norwood,"Cincinnati, OH-KY-IN",Hamilton County
77503,45212,OH,202101,883.2,0.0047,0.1036,Norwood,"Cincinnati, OH-KY-IN",Hamilton County
77503,45212,OH,202102,888.84,0.0064,0.1074,Norwood,"Cincinnati, OH-KY-IN",Hamilton County
77503,45212,OH,202103,905.61,0.0189,0.1016,Norwood,"Cincinnati, OH-KY-IN",Hamilton County
77503,45212,OH,202104,915.49,0.0109,0.1065,Norwood,"Cincinnati, OH-KY-IN",Hamilton County
77503,45212,OH,202105,924.32,0.0096,0.1008,Norwood,"Cincinnati, OH-KY-IN",Hamilton County
77503,45212,OH,202106,927.82,0.0038,0.0973,Norwood,"Cincinnati, OH-KY-IN",Hamilton County
77503,45212,OH,202107,928.75,0.001,0.0714,Norwood,"Cincinnati, OH-KY-IN",Hamilton County
77503,45212,OH,202108,933.32,0.0049,0.0536,Norwood,"Cincinnati, OH-KY-IN",Hamilton County
77503,45212,OH,202109,953.35,0.0215,0.0987,Norwood,"Cincinnati, OH-KY-IN",Hamilton County
77503,45212,OH,202110,963.71,0.0109,0.1183,Norwood,"Cincinnati, OH-KY-IN",Hamilton County
77503,45212,OH,202111,969.01,0.0055,0.1172,Norwood,"Cincinnati, OH-KY-IN",Hamilton County
77503,45212,OH,202112,960.22,-0.0091,0.0923,Norwood,"Cincinnati, OH-KY-IN",Hamilton County
77503,45212,OH,202201,971.51,0.0118,0.1,Norwood,"Cincinnati, OH-KY-IN",Hamilton County
77503,45212,OH,202202,977.17,0.0058,0.0994,Norwood,"Cincinnati, OH-KY-IN",Hamilton County
77503,45212,OH,202203,987.92,0.011,0.0909,Norwood,"Cincinnati, OH-KY-IN",Hamilton County
77503,45212,OH,202204,986.03,-0.0019,0.0771,Norwood,"Cincinnati, OH-KY-IN",Hamilton County
77503,45212,OH,202205,997.55,0.0117,0.0792,Norwood,"Cincinnati, OH-KY-IN",Hamilton County
77503,45212,OH,202206,1014.5,0.017,0.0934,Norwood,"Cincinnati, OH-KY-IN",Hamilton County
77503,45212,OH,202207,1036.67,0.0219,0.1162,Norwood,"Cincinnati, OH-KY-IN",Hamilton County
77503,45212,OH,202208,1047.94,0.0109,0.1228,Norwood,"Cincinnati, OH-KY-IN",Hamilton County
77503,45212,OH,202209,1064.22,0.0155,0.1163,Norwood,"Cincinnati, OH-KY-IN",Hamilton County
77503,45212,OH,202210,1072.95,0.0082,0.1134,Norwood,"Cincinnati, OH-KY-IN",Hamilton County
77503,45212,OH,202211,1071.16,-0.0017,0.1054,Norwood,"Cincinnati, OH-KY-IN",Hamilton County
77503,45212,OH,202212,1064.84,-0.0059,0.109,Norwood,"Cincinnati, OH-KY-IN",Hamilton County
77503,45212,OH,202301,1054.9,-0.0093,0.0858,Norwood,"Cincinnati, OH-KY-IN",Hamilton County
77503,45212,OH,202302,1061.28,0.006,0.0861,Norwood,"Cincinnati, OH-KY-IN",Hamilton County
77503,45212,OH,202303,1067.14,0.0055,0.0802,Norwood,"Cincinnati, OH-KY-IN",Hamilton County
77503,45212,OH,202304,1077.98,0.0102,0.0932,Norwood,"Cincinnati, OH-KY-IN",Hamilton County
77503,45212,OH,202305,1087.98,0.0093,0.0906,Norwood,"Cincinnati, OH-KY-IN",Hamilton County
77503,45212,OH,202306,1095.5,0.0069,0.0798,Norwood,"Cincinnati, OH-KY-IN",Hamilton County
77503,45212,OH,202307,1109.36,0.0126,0.0701,Norwood,"Cincinnati, OH-KY-IN",Hamilton County
77503,45212,OH,202308,1115.22,0.0053,0.0642,Norwood,"Cincinnati, OH-KY-IN",Hamilton County
77503,45212,OH,202309,1115.5,0.0002,0.0482,Norwood,"Cincinnati, OH-KY-IN",Hamilton County
77503,45212,OH,202310,1112.12,-0.003,0.0365,Norwood,"Cincinnati, OH-KY-IN",Hamilton County
77503,45212,OH,202311,1103.18,-0.008,0.0299,Norwood,"Cincinnati, OH-KY-IN",Hamilton County
77503,45212,OH,202312,1111.35,0.0074,0.0437,Norwood,"Cincinnati, OH-KY-IN",Hamilton County
77503,45212,OH,202401,1126.85,0.0139,0.0682,Norwood,"Cincinnati, OH-KY-IN",Hamilton County
77503,45212,OH,202402,1136.37,0.0084,0.0707,Norwood,"Cincinnati, OH-KY-IN",Hamilton County
77503,45212,OH,202403,1140.35,0.0035,0.0686,Norwood,"Cincinnati, OH-KY-IN",Hamilton County
77503,45212,OH,202404,1140.58,0.0002,0.0581,Norwood,"Cincinnati, OH-KY-IN",Hamilton County
77503,45212,OH,202405,1142.8,0.0019,0.0504,Norwood,"Cincinnati, OH-KY-IN",Hamilton County
77503,45212,OH,202406,1147.38,0.004,0.0474,Norwood,"Cincinnati, OH-KY-IN",Hamilton County
77503,45212,OH,202407,1149.51,0.0019,0.0362,Norwood,"Cincinnati, OH-KY-IN",Hamilton County
77503,45212,OH,202408,1170.26,0.0181,0.0493,Norwood,"Cincinnati, OH-KY-IN",Hamilton County
77503,45212,OH,202409,1180.68,0.0089,0.0584,Norwood,"Cincinnati, OH-KY-IN",Hamilton County
77503,45212,OH,202410,1176.43,-0.0036,0.0578,Norwood,"Cincinnati, OH-KY-IN",Hamilton County
77503,45212,OH,202411,1166.03,-0.0088,0.057,Norwood,"Cincinnati, OH-KY-IN",Hamilton County
77503,45212,OH,202412,1159.06,-0.006,0.0429,Norwood,"Cincinnati, OH-KY-IN",Hamilton County
77503,45212,OH,202501,1177.22,0.0157,0.0447,Norwood,"Cincinnati, OH-KY-IN",Hamilton County
77503,45212,OH,202502,1187.67,0.0089,0.0451,Norwood,"Cincinnati, OH-KY-IN",Hamilton County
77503,45212,OH,202503,1207.69,0.0169,0.059,Norwood,"Cincinnati, OH-KY-IN",Hamilton County
77503,45212,OH,202504,1204.02,-0.003,0.0556,Norwood,"Cincinnati, OH-KY-IN",Hamilton County
77503,45212,OH,202505,1206.01,0.0017,0.0553,Norwood,"Cincinnati, OH-KY-IN",Hamilton County
77503,45212,OH,202506,1200.71,-0.0044,0.0465,Norwood,"Cincinnati, OH-KY-IN",Hamilton County
77503,45212,OH,202507,1199.67,-0.0009,0.0436,Norwood,"Cincinnati, OH-KY-IN",Hamilton County
77503,45212,OH,202508,1208.62,0.0075,0.0328,Norwood,"Cincinnati, OH-KY-IN",Hamilton County
77503,45212,OH,202509,1202.94,-0.0047,0.0189,Norwood,"Cincinnati, OH-KY-IN",Hamilton County
77503,45212,OH,202510,1215.78,0.0107,0.0335,Norwood,"Cincinnati, OH-KY-IN",Hamilton County
77503,45212,OH,202511,1206.9,-0.0073,0.0351,Norwood,"Cincinnati, OH-KY-IN",Hamilton County
77503,45212,OH,202512,1221.15,0.0118,0.0536,Norwood,"Cincinnati, OH-KY-IN",Hamilton County
77503,45212,OH,202601,1208.34,-0.0105,0.0264,Norwood,"Cincinnati, OH-KY-IN",Hamilton County
77503,45212,OH,202602,1215.29,0.0058,0.0233,Norwood,"Cincinnati, OH-KY-IN",Hamilton County
77503,45212,OH,202603,1214.34,-0.0008,0.0055,Norwood,"Cincinnati, OH-KY-IN",Hamilton County
77503,45212,OH,202604,1249.83,0.0292,0.038,Norwood,"Cincinnati, OH-KY-IN",Hamilton County
77503,45212,OH,202605,1254.62,0.0038,0.0403,Norwood,"Cincinnati, OH-KY-IN",Hamilton County
77503,45212,OH,202606,1259.32,0.0037,0.0488,Norwood,"Cincinnati, OH-KY-IN",Hamilton County
77503,45212,OH,202607,1245.48,-0.011,0.0382,Norwood,"Cincinnati, OH-KY-IN",Hamilton County
77503,45212,OH,202608,1251.29,0.0047,0.0353,Norwood,"Cincinnati, OH-KY-IN",Hamilton County
77504,45213,OH,202201,1129.95,,,Cincinnati,"Cincinnati, OH-KY-IN",Hamilton County
77504,45213,OH,202202,1128.57,-0.0012,,Cincinnati,"Cincinnati, OH-KY-IN",Hamilton County
77504,45213,OH,202203,1143.67,0.0134,,Cincinnati,"Cincinnati, OH-KY-IN",Hamilton County
77504,45213,OH,202204,1135.42,-0.0072,,Cincinnati,"Cincinnati, OH-KY-IN",Hamilton County
77504,45213,OH,202205,1145.85,0.0092,,Cincinnati,"Cincinnati, OH-KY-IN",Hamilton County
77504,45213,OH,202206,1195.58,0.0434,,Cincinnati,"Cincinnati, OH-KY-IN",Hamilton County
77504,45213,OH,202207,1220.8,0.0211,,Cincinnati,"Cincinnati, OH-KY-IN",Hamilton County
77504,45213,OH,202208,1221.34,0.0004,,Cincinnati,"Cincinnati, OH-KY-IN",Hamilton County
77504,45213,OH,202209,1195.66,-0.021,,Cincinnati,"Cincinnati, OH-KY-IN",Hamilton County
77504,45213,OH,202210,1192.72,-0.0025,,Cincinnati,"Cincinnati, OH-KY-IN",Hamilton County
77504,45213,OH,202211,1200.91,0.0069,,Cincinnati,"Cincinnati, OH-KY-IN",Hamilton County
77504,45213,OH,202212,1175.34,-0.0213,,Cincinnati,"Cincinnati, OH-KY-IN",Hamilton County
77504,45213,OH,202301,1175.58,0.0002,0.0404,Cincinnati,"Cincinnati, OH-KY-IN",Hamilton County
77504,45213,OH,202302,1190.08,0.0123,0.0545,Cincinnati,"Cincinnati, OH-KY-IN",Hamilton County
77504,45213,OH,202303,1241.17,0.0429,0.0853,Cincinnati,"Cincinnati, OH-KY-IN",Hamilton County
77504,45213,OH,202304,1272.82,0.0255,0.121,Cincinnati,"Cincinnati, OH-KY-IN",Hamilton County
77504,45213,OH,202305,1280.92,0.0064,0.1179,Cincinnati,"Cincinnati, OH-KY-IN",Hamilton County
77504,45213,OH,202306,1284.97,0.0032,0.0748,Cincinnati,"Cincinnati, OH-KY-IN",Hamilton County
77504,45213,OH,202307,1268.33,-0.0129,0.0389,Cincinnati,"Cincinnati, OH-KY-IN",Hamilton County
77504,45213,OH,202308,1266.28,-0.0016,0.0368,Cincinnati,"Cincinnati, OH-KY-IN",Hamilton County
77504,45213,OH,202309,1273.71,0.0059,0.0653,Cincinnati,"Cincinnati, OH-KY-IN",Hamilton County
77504,45213,OH,202310,1265.39,-0.0065,0.0609,Cincinnati,"Cincinnati, OH-KY-IN",Hamilton County
77504,45213,OH,202311,1236.71,-0.0227,0.0298,Cincinnati,"Cincinnati, OH-KY-IN",Hamilton County
77504,45213,OH,202401,1242.46,0.0047,0.0571,Cincinnati,"Cincinnati, OH-KY-IN",Hamilton County
77504,45213,OH,202402,1254.74,0.0099,0.0673,Cincinnati,"Cincinnati, OH-KY-IN",Hamilton County
77504,45213,OH,202403,1283.43,0.0229,0.0784,Cincinnati,"Cincinnati, OH-KY-IN",Hamilton County
77504,45213,OH,202404,1306.56,0.018,0.0527,Cincinnati,"Cincinnati, OH-KY-IN",Hamilton County
77504,45213,OH,202405,1331.57,0.0191,0.0462,Cincinnati,"Cincinnati, OH-KY-IN",Hamilton County
77504,45213,OH,202406,1339.84,0.0062,0.046,Cincinnati,"Cincinnati, OH-KY-IN",Hamilton County
77504,45213,OH,202407,1331.36,-0.0063,0.0361,Cincinnati,"Cincinnati, OH-KY-IN",Hamilton County
77504,45213,OH,202408,1344.68,0.01,0.0602,Cincinnati,"Cincinnati, OH-KY-IN",Hamilton County
77504,45213,OH,202409,1322.51,-0.0165,0.0444,Cincinnati,"Cincinnati, OH-KY-IN",Hamilton County
77504,45213,OH,202410,1313.74,-0.0066,0.0314,Cincinnati,"Cincinnati, OH-KY-IN",Hamilton County
77504,45213,OH,202411,1309.96,-0.0029,0.0352,Cincinnati,"Cincinnati, OH-KY-IN",Hamilton County
77504,45213,OH,202412,1317.2,0.0055,0.0651,Cincinnati,"Cincinnati, OH-KY-IN",Hamilton County
77504,45213,OH,202501,1318.68,0.0011,0.0613,Cincinnati,"Cincinnati, OH-KY-IN",Hamilton County
77504,45213,OH,202502,1325.2,0.0049,0.0562,Cincinnati,"Cincinnati, OH-KY-IN",Hamilton County
77504,45213,OH,202503,1317.85,-0.0055,0.0268,Cincinnati,"Cincinnati, OH-KY-IN",Hamilton County
77504,45213,OH,202504,1338.72,0.0158,0.0246,Cincinnati,"Cincinnati, OH-KY-IN",Hamilton County
77504,45213,OH,202505,1338.03,-0.0005,0.0049,Cincinnati,"Cincinnati, OH-KY-IN",Hamilton County
77504,45213,OH,202506,1362.23,0.0181,0.0167,Cincinnati,"Cincinnati, OH-KY-IN",Hamilton County
77504,45213,OH,202507,1364.81,0.0019,0.0251,Cincinnati,"Cincinnati, OH-KY-IN",Hamilton County
77504,45213,OH,202508,1379.0,0.0104,0.0255,Cincinnati,"Cincinnati, OH-KY-IN",Hamilton County
77504,45213,OH,202509,1357.81,-0.0154,0.0267,Cincinnati,"Cincinnati, OH-KY-IN",Hamilton County
77504,45213,OH,202510,1345.96,-0.0087,0.0245,Cincinnati,"Cincinnati, OH-KY-IN",Hamilton County
77504,45213,OH,202511,1348.53,0.0019,0.0294,Cincinnati,"Cincinnati, OH-KY-IN",Hamilton County
77504,45213,OH,202512,1359.93,0.0085,0.0324,Cincinnati,"Cincinnati, OH-KY-IN",Hamilton County
77504,45213,OH,202601,1396.21,0.0267,0.0588,Cincinnati,"Cincinnati, OH-KY-IN",Hamilton County
77504,45213,OH,202602,1401.87,0.0041,0.0579,Cincinnati,"Cincinnati, OH-KY-IN",Hamilton County
77504,45213,OH,202603,1418.85,0.0121,0.0766,Cincinnati,"Cincinnati, OH-KY-IN",Hamilton County
77504,45213,OH,202604,1392.88,-0.0183,0.0405,Cincinnati,"Cincinnati, OH-KY-IN",Hamilton County
77504,45213,OH,202605,1405.39,0.009,0.0503,Cincinnati,"Cincinnati, OH-KY-IN",Hamilton County
77504,45213,OH,202606,1402.51,-0.0021,0.0296,Cincinnati,"Cincinnati, OH-KY-IN",Hamilton County
77504,45213,OH,202607,1415.86,0.0095,0.0374,Cincinnati,"Cincinnati, OH-KY-IN",Hamilton County
77504,45213,OH,202608,1397.44,-0.013,0.0134,Cincinnati,"Cincinnati, OH-KY-IN",Hamilton County
77505,45214,OH,202403,1120.68,,,Cincinnati,"Cincinnati, OH-KY-IN",Hamilton County
77505,45214,OH,202404,1118.19,-0.0022,,Cincinnati,"Cincinnati, OH-KY-IN",Hamilton County
77505,45214,OH,202405,1124.79,0.0059,,Cincinnati,"Cincinnati, OH-KY-IN",Hamilton County
77505,45214,OH,202406,1139.24,0.0128,,Cincinnati,"Cincinnati, OH-KY-IN",Hamilton County
77505,45214,OH,202407,1133.53,-0.005,,Cincinnati,"Cincinnati, OH-KY-IN",Hamilton County
77505,45214,OH,202408,1137.99,0.0039,,Cincinnati,"Cincinnati, OH-KY-IN",Hamilton County
77505,45214,OH,202409,1140.77,0.0024,,Cincinnati,"Cincinnati, OH-KY-IN",Hamilton County
77505,45214,OH,202410,1139.67,-0.001,,Cincinnati,"Cincinnati, OH-KY-IN",Hamilton County
77505,45214,OH,202411,1137.38,-0.002,,Cincinnati,"Cincinnati, OH-KY-IN",Hamilton County
77505,45214,OH,202412,1132.02,-0.0047,,Cincinnati,"Cincinnati, OH-KY-IN",Hamilton County
77505,45214,OH,202501,1163.24,0.0276,,Cincinnati,"Cincinnati, OH-KY-IN",Hamilton County
77505,45214,OH,202502,1168.54,0.0046,,Cincinnati,"Cincinnati, OH-KY-IN",Hamilton County
77505,45214,OH,202503,1189.57,0.018,0.0615,Cincinnati,"Cincinnati, OH-KY-IN",Hamilton County
77505,45214,OH,202504,1202.78,0.0111,0.0757,Cincinnati,"Cincinnati, OH-KY-IN",Hamilton County
77505,45214,OH,202505,1219.31,0.0137,0.084,Cincinnati,"Cincinnati, OH-KY-IN",Hamilton County
77505,45214,OH,202506,1210.99,-0.0068,0.063,Cincinnati,"Cincinnati, OH-KY-IN",Hamilton County
77505,45214,OH,202507,1217.86,0.0057,0.0744,Cincinnati,"Cincinnati, OH-KY-IN",Hamilton County
77505,45214,OH,202508,1226.25,0.0069,0.0776,Cincinnati,"Cincinnati, OH-KY-IN",Hamilton County
77505,45214,OH,202509,1225.58,-0.0005,0.0743,Cincinnati,"Cincinnati, OH-KY-IN",Hamilton County
77505,45214,OH,202510,1239.64,0.0115,0.0877,Cincinnati,"Cincinnati, OH-KY-IN",Hamilton County
77505,45214,OH,202511,1179.82,-0.0483,0.0373,Cincinnati,"Cincinnati, OH-KY-IN",Hamilton County
77505,45214,OH,202512,1219.61,0.0337,0.0774,Cincinnati,"Cincinnati, OH-KY-IN",Hamilton County
77505,45214,OH,202601,1221.74,0.0017,0.0503,Cincinnati,"Cincinnati, OH-KY-IN",Hamilton County
77505,45214,OH,202602,1282.8,0.05,0.0978,Cincinnati,"Cincinnati, OH-KY-IN",Hamilton County
77505,45214,OH,202603,1270.98,-0.0092,0.0684,Cincinnati,"Cincinnati, OH-KY-IN",Hamilton County
77505,45214,OH,202604,1242.68,-0.0223,0.0332,Cincinnati,"Cincinnati, OH-KY-IN",Hamilton County
77505,45214,OH,202605,1243.89,0.001,0.0202,Cincinnati,"Cincinnati, OH-KY-IN",Hamilton County
77505,45214,OH,202606,1234.92,-0.0072,0.0198,Cincinnati,"Cincinnati, OH-KY-IN",Hamilton County
77505,45214,OH,202607,1278.41,0.0352,0.0497,Cincinnati,"Cincinnati, OH-KY-IN",Hamilton County
77505,45214,OH,202608,1303.6,0.0197,0.0631,Cincinnati,"Cincinnati, OH-KY-IN",Hamilton County
77506,45215,OH,202112,1069.79,,,Lockland,"Cincinnati, OH-KY-IN",Hamilton County
77506,45215,OH,202201,1100.69,0.0289,,Lockland,"Cincinnati, OH-KY-IN",Hamilton County
77506,45215,OH,202202,1105.03,0.0039,,Lockland,"Cincinnati, OH-KY-IN",Hamilton County
77506,45215,OH,202203,1098.47,-0.0059,,Lockland,"Cincinnati, OH-KY-IN",Hamilton County
77506,45215,OH,202204,1091.34,-0.0065,,Lockland,"Cincinnati, OH-KY-IN",Hamilton County
77506,45215,OH,202205,1132.1,0.0373,,Lockland,"Cincinnati, OH-KY-IN",Hamilton County
77506,45215,OH,202206,1166.64,0.0305,,Lockland,"Cincinnati, OH-KY-IN",Hamilton County
77506,45215,OH,202207,1186.04,0.0166,,Lockland,"Cincinnati, OH-KY-IN",Hamilton County
77506,45215,OH,202208,1180.57,-0.0046,,Lockland,"Cincinnati, OH-KY-IN",Hamilton County
77506,45215,OH,202209,1159.58,-0.0178,,Lockland,"Cincinnati, OH-KY-IN",Hamilton County
77506,45215,OH,202210,1170.79,0.0097,,Lockland,"Cincinnati, OH-KY-IN",Hamilton County
77506,45215,OH,202211,1178.15,0.0063,,Lockland,"Cincinnati, OH-KY-IN",Hamilton County
77506,45215,OH,202212,1205.97,0.0236,0.1273,Lockland,"Cincinnati, OH-KY-IN",Hamilton County
77506,45215,OH,202301,1192.25,-0.0114,0.0832,Lockland,"Cincinnati, OH-KY-IN",Hamilton County
77506,45215,OH,202302,1180.37,-0.01,0.0682,Lockland,"Cincinnati, OH-KY-IN",Hamilton County
77506,45215,OH,202303,1170.37,-0.0085,0.0655,Lockland,"Cincinnati, OH-KY-IN",Hamilton County
77506,45215,OH,202304,1153.6,-0.0143,0.0571,Lockland,"Cincinnati, OH-KY-IN",Hamilton County
77506,45215,OH,202305,1167.45,0.012,0.0312,Lockland,"Cincinnati, OH-KY-IN",Hamilton County
77506,45215,OH,202306,1193.77,0.0225,0.0233,Lockland,"Cincinnati, OH-KY-IN",Hamilton County
77506,45215,OH,202307,1220.87,0.0227,0.0294,Lockland,"Cincinnati, OH-KY-IN",Hamilton County
77506,45215,OH,202308,1235.42,0.0119,0.0465,Lockland,"Cincinnati, OH-KY-IN",Hamilton County
77506,45215,OH,202309,1216.4,-0.0154,0.049,Lockland,"Cincinnati, OH-KY-IN",Hamilton County
77506,45215,OH,202310,1204.41,-0.0099,0.0287,Lockland,"Cincinnati, OH-KY-IN",Hamilton County
77506,45215,OH,202311,1196.5,-0.0066,0.0156,Lockland,"Cincinnati, OH-KY-IN",Hamilton County
77506,45215,OH,202312,1203.84,0.0061,-0.0018,Lockland,"Cincinnati, OH-KY-IN",Hamilton County
77506,45215,OH,202401,1207.8,0.0033,0.013,Lockland,"Cincinnati, OH-KY-IN",Hamilton County
77506,45215,OH,202402,1218.75,0.0091,0.0325,Lockland,"Cincinnati, OH-KY-IN",Hamilton County
77506,45215,OH,202403,1207.72,-0.0091,0.0319,Lockland,"Cincinnati, OH-KY-IN",Hamilton County
77506,45215,OH,202404,1210.53,0.0023,0.0493,Lockland,"Cincinnati, OH-KY-IN",Hamilton County
77506,45215,OH,202405,1208.66,-0.0015,0.0353,Lockland,"Cincinnati, OH-KY-IN",Hamilton County
77506,45215,OH,202406,1222.13,0.0111,0.0238,Lockland,"Cincinnati, OH-KY-IN",Hamilton County
77506,45215,OH,202407,1244.09,0.018,0.019,Lockland,"Cincinnati, OH-KY-IN",Hamilton County
77506,45215,OH,202408,1265.62,0.0173,0.0244,Lockland,"Cincinnati, OH-KY-IN",Hamilton County
77506,45215,OH,202409,1277.3,0.0092,0.0501,Lockland,"Cincinnati, OH-KY-IN",Hamilton County
77506,45215,OH,202410,1259.04,-0.0143,0.0454,Lockland,"Cincinnati, OH-KY-IN",Hamilton County
77506,45215,OH,202411,1257.36,-0.0013,0.0509,Lockland,"Cincinnati, OH-KY-IN",Hamilton County
77506,45215,OH,202412,1252.9,-0.0035,0.0408,Lockland,"Cincinnati, OH-KY-IN",Hamilton County
77506,45215,OH,202501,1271.79,0.0151,0.053,Lockland,"Cincinnati, OH-KY-IN",Hamilton County
77506,45215,OH,202502,1244.85,-0.0212,0.0214,Lockland,"Cincinnati, OH-KY-IN",Hamilton County
77506,45215,OH,202503,1244.14,-0.0006,0.0302,Lockland,"Cincinnati, OH-KY-IN",Hamilton County
77506,45215,OH,202504,1246.72,0.0021,0.0299,Lockland,"Cincinnati, OH-KY-IN",Hamilton County
77506,45215,OH,202505,1265.91,0.0154,0.0474,Lockland,"Cincinnati, OH-KY-IN",Hamilton County
77506,45215,OH,202506,1273.46,0.006,0.042,Lockland,"Cincinnati, OH-KY-IN",Hamilton County
77506,45215,OH,202507,1286.03,0.0099,0.0337,Lockland,"Cincinnati, OH-KY-IN",Hamilton County
77506,45215,OH,202508,1291.47,0.0042,0.0204,Lockland,"Cincinnati, OH-KY-IN",Hamilton County
77506,45215,OH,202509,1277.68,-0.0107,0.0003,Lockland,"Cincinnati, OH-KY-IN",Hamilton County
77506,45215,OH,202510,1269.65,-0.0063,0.0084,Lockland,"Cincinnati, OH-KY-IN",Hamilton County
77506,45215,OH,202511,1264.73,-0.0039,0.0059,Lockland,"Cincinnati, OH-KY-IN",Hamilton County
77506,45215,OH,202512,1237.95,-0.0212,-0.0119,Lockland,"Cincinnati, OH-KY-IN",Hamilton County
77506,45215,OH,202601,1247.95,0.0081,-0.0187,Lockland,"Cincinnati, OH-KY-IN",Hamilton County
77506,45215,OH,202602,1276.94,0.0232,0.0258,Lockland,"Cincinnati, OH-KY-IN",Hamilton County
77506,45215,OH,202603,1332.22,0.0433,0.0708,Lockland,"Cincinnati, OH-KY-IN",Hamilton County
77506,45215,OH,202604,1338.52,0.0047,0.0736,Lockland,"Cincinnati, OH-KY-IN",Hamilton County
77506,45215,OH,202605,1329.06,-0.0071,0.0499,Lockland,"Cincinnati, OH-KY-IN",Hamilton County
77506,45215,OH,202606,1329.15,0.0001,0.0437,Lockland,"Cincinnati, OH-KY-IN",Hamilton County
77506,45215,OH,202607,1331.31,0.0016,0.0352,Lockland,"Cincinnati, OH-KY-IN",Hamilton County
77506,45215,OH,202608,1336.24,0.0037,0.0347,Lockland,"Cincinnati, OH-KY-IN",Hamilton County
77508,45217,OH,202607,1293.26,,,Saint Bernard,"Cincinnati, OH-KY-IN",Hamilton County
77508,45217,OH,202608,1288.33,-0.0038,,Saint Bernard,"Cincinnati, OH-KY-IN",Hamilton County
77510,45219,OH,201708,720.04,,,Cincinnati,"Cincinnati, OH-KY-IN",Hamilton County
77510,45219,OH,201709,738.39,0.0255,,Cincinnati,"Cincinnati, OH-KY-IN",Hamilton County
77510,45219,OH,201710,767.51,0.0394,,Cincinnati,"Cincinnati, OH-KY-IN",Hamilton County
77510,45219,OH,201711,785.25,0.0231,,Cincinnati,"Cincinnati, OH-KY-IN",Hamilton County
77510,45219,OH,201712,792.06,0.0087,,Cincinnati,"Cincinnati, OH-KY-IN",Hamilton County
77510,45219,OH,201801,787.75,-0.0054,,Cincinnati,"Cincinnati, OH-KY-IN",Hamilton County
77510,45219,OH,201802,785.43,-0.003,,Cincinnati,"Cincinnati, OH-KY-IN",Hamilton County
77510,45219,OH,201803,788.85,0.0044,,Cincinnati,"Cincinnati, OH-KY-IN",Hamilton County
77510,45219,OH,201804,794.27,0.0069,,Cincinnati,"Cincinnati, OH-KY-IN",Hamilton County
77510,45219,OH,201805,797.55,0.0041,,Cincinnati,"Cincinnati, OH-KY-IN",Hamilton County
77510,45219,OH,201806,799.83,0.0029,,Cincinnati,"Cincinnati, OH-KY-IN",Hamilton County
77510,45219,OH,201807,811.81,0.015,,Cincinnati,"Cincinnati, OH-KY-IN",Hamilton County
77510,45219,OH,201808,811.47,-0.0004,0.127,Cincinnati,"Cincinnati, OH-KY-IN",Hamilton County
77510,45219,OH,201809,807.56,-0.0048,0.0937,Cincinnati,"Cincinnati, OH-KY-IN",Hamilton County
77510,45219,OH,201810,810.6,0.0038,0.0561,Cincinnati,"Cincinnati, OH-KY-IN",Hamilton County
77510,45219,OH,201811,826.63,0.0198,0.0527,Cincinnati,"Cincinnati, OH-KY-IN",Hamilton County
77510,45219,OH,201812,847.34,0.0251,0.0698,Cincinnati,"Cincinnati, OH-KY-IN",Hamilton County
77510,45219,OH,201901,848.99,0.0019,0.0777,Cincinnati,"Cincinnati, OH-KY-IN",Hamilton County
77510,45219,OH,201902,848.61,-0.0004,0.0804,Cincinnati,"Cincinnati, OH-KY-IN",Hamilton County
77510,45219,OH,201903,849.43,0.001,0.0768,Cincinnati,"Cincinnati, OH-KY-IN",Hamilton County
77510,45219,OH,201904,855.38,0.007,0.0769,Cincinnati,"Cincinnati, OH-KY-IN",Hamilton County
77510,45219,OH,201905,865.76,0.0121,0.0855,Cincinnati,"Cincinnati, OH-KY-IN",Hamilton County
77510,45219,OH,201906,867.84,0.0024,0.085,Cincinnati,"Cincinnati, OH-KY-IN",Hamilton County
77510,45219,OH,201907,868.29,0.0005,0.0696,Cincinnati,"Cincinnati, OH-KY-IN",Hamilton County
77510,45219,OH,201908,844.75,-0.0271,0.041,Cincinnati,"Cincinnati, OH-KY-IN",Hamilton County
77510,45219,OH,201909,840.99,-0.0045,0.0414,Cincinnati,"Cincinnati, OH-KY-IN",Hamilton County
77510,45219,OH,201910,853.49,0.0149,0.0529,Cincinnati,"Cincinnati, OH-KY-IN",Hamilton County
77510,45219,OH,201911,886.92,0.0392,0.0729,Cincinnati,"Cincinnati, OH-KY-IN",Hamilton County
77510,45219,OH,201912,893.15,0.007,0.0541,Cincinnati,"Cincinnati, OH-KY-IN",Hamilton County
77510,45219,OH,202001,893.7,0.0006,0.0527,Cincinnati,"Cincinnati, OH-KY-IN",Hamilton County
77510,45219,OH,202002,888.91,-0.0054,0.0475,Cincinnati,"Cincinnati, OH-KY-IN",Hamilton County
77510,45219,OH,202003,897.64,0.0098,0.0568,Cincinnati,"Cincinnati, OH-KY-IN",Hamilton County
77510,45219,OH,202004,894.46,-0.0035,0.0457,Cincinnati,"Cincinnati, OH-KY-IN",Hamilton County
77510,45219,OH,202005,892.15,-0.0026,0.0305,Cincinnati,"Cincinnati, OH-KY-IN",Hamilton County
77510,45219,OH,202006,889.66,-0.0028,0.0252,Cincinnati,"Cincinnati, OH-KY-IN",Hamilton County
77510,45219,OH,202007,882.29,-0.0083,0.0161,Cincinnati,"Cincinnati, OH-KY-IN",Hamilton County
77510,45219,OH,202008,892.07,0.0111,0.056,Cincinnati,"Cincinnati, OH-KY-IN",Hamilton County
77510,45219,OH,202009,904.13,0.0135,0.0751,Cincinnati,"Cincinnati, OH-KY-IN",Hamilton County
77510,45219,OH,202010,921.05,0.0187,0.0792,Cincinnati,"Cincinnati, OH-KY-IN",Hamilton County
77510,45219,OH,202011,934.8,0.0149,0.054,Cincinnati,"Cincinnati, OH-KY-IN",Hamilton County
77510,45219,OH,202012,944.25,0.0101,0.0572,Cincinnati,"Cincinnati, OH-KY-IN",Hamilton County
77510,45219,OH,202101,949.06,0.0051,0.0619,Cincinnati,"Cincinnati, OH-KY-IN",Hamilton County
77510,45219,OH,202102,940.96,-0.0085,0.0586,Cincinnati,"Cincinnati, OH-KY-IN",Hamilton County
77510,45219,OH,202103,931.12,-0.0105,0.0373,Cincinnati,"Cincinnati, OH-KY-IN",Hamilton County
77510,45219,OH,202104,942.06,0.0118,0.0532,Cincinnati,"Cincinnati, OH-KY-IN",Hamilton County
77510,45219,OH,202105,956.82,0.0157,0.0725,Cincinnati,"Cincinnati, OH-KY-IN",Hamilton County
77510,45219,OH,202106,978.32,0.0225,0.0996,Cincinnati,"Cincinnati, OH-KY-IN",Hamilton County
77510,45219,OH,202107,979.71,0.0014,0.1104,Cincinnati,"Cincinnati, OH-KY-IN",Hamilton County
77510,45219,OH,202108,1023.16,0.0444,0.1469,Cincinnati,"Cincinnati, OH-KY-IN",Hamilton County
77510,45219,OH,202109,1027.26,0.004,0.1362,Cincinnati,"Cincinnati, OH-KY-IN",Hamilton County
77510,45219,OH,202110,1042.99,0.0153,0.1324,Cincinnati,"Cincinnati, OH-KY-IN",Hamilton County
77510,45219,OH,202111,1020.96,-0.0211,0.0922,Cincinnati,"Cincinnati, OH-KY-IN",Hamilton County
77510,45219,OH,202112,1027.21,0.0061,0.0879,Cincinnati,"Cincinnati, OH-KY-IN",Hamilton County
77510,45219,OH,202201,1029.78,0.0025,0.085,Cincinnati,"Cincinnati, OH-KY-IN",Hamilton County
77510,45219,OH,202202,1028.99,-0.0008,0.0935,Cincinnati,"Cincinnati, OH-KY-IN",Hamilton County
77510,45219,OH,202203,1033.81,0.0047,0.1103,Cincinnati,"Cincinnati, OH-KY-IN",Hamilton County
77510,45219,OH,202204,1037.64,0.0037,0.1015,Cincinnati,"Cincinnati, OH-KY-IN",Hamilton County
77510,45219,OH,202205,1042.93,0.0051,0.09,Cincinnati,"Cincinnati, OH-KY-IN",Hamilton County
77510,45219,OH,202206,1054.12,0.0107,0.0775,Cincinnati,"Cincinnati, OH-KY-IN",Hamilton County
77510,45219,OH,202207,1075.0,0.0198,0.0973,Cincinnati,"Cincinnati, OH-KY-IN",Hamilton County
77510,45219,OH,202208,1101.54,0.0247,0.0766,Cincinnati,"Cincinnati, OH-KY-IN",Hamilton County
77510,45219,OH,202209,1116.35,0.0134,0.0867,Cincinnati,"Cincinnati, OH-KY-IN",Hamilton County
77510,45219,OH,202210,1127.43,0.0099,0.081,Cincinnati,"Cincinnati, OH-KY-IN",Hamilton County
77510,45219,OH,202211,1125.38,-0.0018,0.1023,Cincinnati,"Cincinnati, OH-KY-IN",Hamilton County
77510,45219,OH,202212,1135.14,0.0087,0.1051,Cincinnati,"Cincinnati, OH-KY-IN",Hamilton County
77510,45219,OH,202301,1143.98,0.0078,0.1109,Cincinnati,"Cincinnati, OH-KY-IN",Hamilton County
77510,45219,OH,202302,1153.0,0.0079,0.1205,Cincinnati,"Cincinnati, OH-KY-IN",Hamilton County
77510,45219,OH,202303,1157.94,0.0043,0.1201,Cincinnati,"Cincinnati, OH-KY-IN",Hamilton County
77510,45219,OH,202304,1155.77,-0.0019,0.1138,Cincinnati,"Cincinnati, OH-KY-IN",Hamilton County
77510,45219,OH,202305,1148.15,-0.0066,0.1009,Cincinnati,"Cincinnati, OH-KY-IN",Hamilton County
77510,45219,OH,202306,1162.89,0.0128,0.1032,Cincinnati,"Cincinnati, OH-KY-IN",Hamilton County
77510,45219,OH,202307,1181.22,0.0158,0.0988,Cincinnati,"Cincinnati, OH-KY-IN",Hamilton County
77510,45219,OH,202308,1169.86,-0.0096,0.062,Cincinnati,"Cincinnati, OH-KY-IN",Hamilton County
77510,45219,OH,202309,1166.48,-0.0029,0.0449,Cincinnati,"Cincinnati, OH-KY-IN",Hamilton County
77510,45219,OH,202310,1188.65,0.019,0.0543,Cincinnati,"Cincinnati, OH-KY-IN",Hamilton County
77510,45219,OH,202311,1238.6,0.042,0.1006,Cincinnati,"Cincinnati, OH-KY-IN",Hamilton County
77510,45219,OH,202312,1265.3,0.0216,0.1147,Cincinnati,"Cincinnati, OH-KY-IN",Hamilton County
77510,45219,OH,202401,1266.73,0.0011,0.1073,Cincinnati,"Cincinnati, OH-KY-IN",Hamilton County
77510,45219,OH,202402,1261.98,-0.0038,0.0945,Cincinnati,"Cincinnati, OH-KY-IN",Hamilton County
77510,45219,OH,202403,1258.1,-0.0031,0.0865,Cincinnati,"Cincinnati, OH-KY-IN",Hamilton County
77510,45219,OH,202404,1248.62,-0.0075,0.0803,Cincinnati,"Cincinnati, OH-KY-IN",Hamilton County
77510,45219,OH,202405,1259.96,0.0091,0.0974,Cincinnati,"Cincinnati, OH-KY-IN",Hamilton County
77510,45219,OH,202406,1276.86,0.0134,0.098,Cincinnati,"Cincinnati, OH-KY-IN",Hamilton County
77510,45219,OH,202407,1269.94,-0.0054,0.0751,Cincinnati,"Cincinnati, OH-KY-IN",Hamilton County
77510,45219,OH,202408,1256.96,-0.0102,0.0744,Cincinnati,"Cincinnati, OH-KY-IN",Hamilton County
77510,45219,OH,202409,1242.49,-0.0115,0.0652,Cincinnati,"Cincinnati, OH-KY-IN",Hamilton County
77510,45219,OH,202410,1277.36,0.0281,0.0746,Cincinnati,"Cincinnati, OH-KY-IN",Hamilton County
77510,45219,OH,202411,1316.15,0.0304,0.0626,Cincinnati,"Cincinnati, OH-KY-IN",Hamilton County
77510,45219,OH,202412,1342.83,0.0203,0.0613,Cincinnati,"Cincinnati, OH-KY-IN",Hamilton County
77510,45219,OH,202501,1339.05,-0.0028,0.0571,Cincinnati,"Cincinnati, OH-KY-IN",Hamilton County
77510,45219,OH,202502,1330.13,-0.0067,0.054,Cincinnati,"Cincinnati, OH-KY-IN",Hamilton County
77510,45219,OH,202503,1310.94,-0.0144,0.042,Cincinnati,"Cincinnati, OH-KY-IN",Hamilton County
77510,45219,OH,202504,1303.3,-0.0058,0.0438,Cincinnati,"Cincinnati, OH-KY-IN",Hamilton County
77510,45219,OH,202505,1312.29,0.0069,0.0415,Cincinnati,"Cincinnati, OH-KY-IN",Hamilton County
77510,45219,OH,202506,1318.01,0.0044,0.0322,Cincinnati,"Cincinnati, OH-KY-IN",Hamilton County
77510,45219,OH,202507,1317.56,-0.0003,0.0375,Cincinnati,"Cincinnati, OH-KY-IN",Hamilton County
77510,45219,OH,202508,1330.34,0.0097,0.0584,Cincinnati,"Cincinnati, OH-KY-IN",Hamilton County
77510,45219,OH,202509,1349.92,0.0147,0.0865,Cincinnati,"Cincinnati, OH-KY-IN",Hamilton County
77510,45219,OH,202510,1375.12,0.0187,0.0765,Cincinnati,"Cincinnati, OH-KY-IN",Hamilton County
77510,45219,OH,202511,1362.6,-0.0091,0.0353,Cincinnati,"Cincinnati, OH-KY-IN",Hamilton County
77510,45219,OH,202512,1354.35,-0.0061,0.0086,Cincinnati,"Cincinnati, OH-KY-IN",Hamilton County
77510,45219,OH,202601,1334.33,-0.0148,-0.0035,Cincinnati,"Cincinnati, OH-KY-IN",Hamilton County
77510,45219,OH,202602,1332.87,-0.0011,0.0021,Cincinnati,"Cincinnati, OH-KY-IN",Hamilton County
77510,45219,OH,202603,1337.92,0.0038,0.0206,Cincinnati,"Cincinnati, OH-KY-IN",Hamilton County
77510,45219,OH,202604,1345.7,0.0058,0.0325,Cincinnati,"Cincinnati, OH-KY-IN",Hamilton County
77510,45219,OH,202605,1328.02,-0.0131,0.012,Cincinnati,"Cincinnati, OH-KY-IN",Hamilton County
77510,45219,OH,202606,1336.33,0.0063,0.0139,Cincinnati,"Cincinnati, OH-KY-IN",Hamilton County
77510,45219,OH,202607,1345.0,0.0065,0.0208,Cincinnati,"Cincinnati, OH-KY-IN",Hamilton County
77510,45219,OH,202608,1371.15,0.0194,0.0307,Cincinnati,"Cincinnati, OH-KY-IN",Hamilton County
77511,45220,OH,202109,1004.77,,,Cincinnati,"Cincinnati, OH-KY-IN",Hamilton County
77511,45220,OH,202110,1011.99,0.0072,,Cincinnati,"Cincinnati, OH-KY-IN",Hamilton County
77511,45220,OH,202111,1009.94,-0.002,,Cincinnati,"Cincinnati, OH-KY-IN",Hamilton County
77511,45220,OH,202112,1017.96,0.0079,,Cincinnati,"Cincinnati, OH-KY-IN",Hamilton County
77511,45220,OH,202201,1012.12,-0.0057,,Cincinnati,"Cincinnati, OH-KY-IN",Hamilton County
77511,45220,OH,202202,1011.3,-0.0008,,Cincinnati,"Cincinnati, OH-KY-IN",Hamilton County
77511,45220,OH,202203,1022.95,0.0115,,Cincinnati,"Cincinnati, OH-KY-IN",Hamilton County
77511,45220,OH,202204,1041.13,0.0178,,Cincinnati,"Cincinnati, OH-KY-IN",Hamilton County
77511,45220,OH,202205,1051.68,0.0101,,Cincinnati,"Cincinnati, OH-KY-IN",Hamilton County
77511,45220,OH,202206,1064.3,0.012,,Cincinnati,"Cincinnati, OH-KY-IN",Hamilton County
77511,45220,OH,202207,1069.51,0.0049,,Cincinnati,"Cincinnati, OH-KY-IN",Hamilton County
77511,45220,OH,202208,1061.83,-0.0072,,Cincinnati,"Cincinnati, OH-KY-IN",Hamilton County
77511,45220,OH,202209,1051.84,-0.0094,0.0469,Cincinnati,"Cincinnati, OH-KY-IN",Hamilton County
77511,45220,OH,202210,1061.79,0.0095,0.0492,Cincinnati,"Cincinnati, OH-KY-IN",Hamilton County
77511,45220,OH,202211,1085.51,0.0223,0.0748,Cincinnati,"Cincinnati, OH-KY-IN",Hamilton County
77511,45220,OH,202212,1093.66,0.0075,0.0744,Cincinnati,"Cincinnati, OH-KY-IN",Hamilton County
77511,45220,OH,202301,1095.89,0.002,0.0828,Cincinnati,"Cincinnati, OH-KY-IN",Hamilton County
77511,45220,OH,202302,1103.07,0.0065,0.0907,Cincinnati,"Cincinnati, OH-KY-IN",Hamilton County
77511,45220,OH,202303,1116.76,0.0124,0.0917,Cincinnati,"Cincinnati, OH-KY-IN",Hamilton County
77511,45220,OH,202304,1123.26,0.0058,0.0789,Cincinnati,"Cincinnati, OH-KY-IN",Hamilton County
77511,45220,OH,202305,1135.12,0.0106,0.0793,Cincinnati,"Cincinnati, OH-KY-IN",Hamilton County
77511,45220,OH,202306,1143.71,0.0076,0.0746,Cincinnati,"Cincinnati, OH-KY-IN",Hamilton County
77511,45220,OH,202307,1140.84,-0.0025,0.0667,Cincinnati,"Cincinnati, OH-KY-IN",Hamilton County
77511,45220,OH,202308,1119.28,-0.0189,0.0541,Cincinnati,"Cincinnati, OH-KY-IN",Hamilton County
77511,45220,OH,202309,1094.56,-0.0221,0.0406,Cincinnati,"Cincinnati, OH-KY-IN",Hamilton County
77511,45220,OH,202310,1106.83,0.0112,0.0424,Cincinnati,"Cincinnati, OH-KY-IN",Hamilton County
77511,45220,OH,202311,1107.74,0.0008,0.0205,Cincinnati,"Cincinnati, OH-KY-IN",Hamilton County
77511,45220,OH,202312,1133.3,0.0231,0.0362,Cincinnati,"Cincinnati, OH-KY-IN",Hamilton County
77511,45220,OH,202401,1132.3,-0.0009,0.0332,Cincinnati,"Cincinnati, OH-KY-IN",Hamilton County
77511,45220,OH,202402,1165.53,0.0293,0.0566,Cincinnati,"Cincinnati, OH-KY-IN",Hamilton County
77511,45220,OH,202403,1152.73,-0.011,0.0322,Cincinnati,"Cincinnati, OH-KY-IN",Hamilton County
77511,45220,OH,202404,1161.35,0.0075,0.0339,Cincinnati,"Cincinnati, OH-KY-IN",Hamilton County
77511,45220,OH,202405,1171.08,0.0084,0.0317,Cincinnati,"Cincinnati, OH-KY-IN",Hamilton County
77511,45220,OH,202406,1211.48,0.0345,0.0593,Cincinnati,"Cincinnati, OH-KY-IN",Hamilton County
77511,45220,OH,202407,1204.94,-0.0054,0.0562,Cincinnati,"Cincinnati, OH-KY-IN",Hamilton County
77511,45220,OH,202408,1189.42,-0.0129,0.0627,Cincinnati,"Cincinnati, OH-KY-IN",Hamilton County
77511,45220,OH,202409,1180.22,-0.0077,0.0783,Cincinnati,"Cincinnati, OH-KY-IN",Hamilton County
77511,45220,OH,202410,1204.09,0.0202,0.0879,Cincinnati,"Cincinnati, OH-KY-IN",Hamilton County
77511,45220,OH,202411,1243.66,0.0329,0.1227,Cincinnati,"Cincinnati, OH-KY-IN",Hamilton County
77511,45220,OH,202412,1240.68,-0.0024,0.0948,Cincinnati,"Cincinnati, OH-KY-IN",Hamilton County
77511,45220,OH,202501,1241.58,0.0007,0.0965,Cincinnati,"Cincinnati, OH-KY-IN",Hamilton County
77511,45220,OH,202502,1216.3,-0.0204,0.0436,Cincinnati,"Cincinnati, OH-KY-IN",Hamilton County
77511,45220,OH,202503,1213.84,-0.002,0.053,Cincinnati,"Cincinnati, OH-KY-IN",Hamilton County
77511,45220,OH,202504,1201.19,-0.0104,0.0343,Cincinnati,"Cincinnati, OH-KY-IN",Hamilton County
77511,45220,OH,202505,1203.59,0.002,0.0278,Cincinnati,"Cincinnati, OH-KY-IN",Hamilton County
77511,45220,OH,202506,1201.98,-0.0013,-0.0078,Cincinnati,"Cincinnati, OH-KY-IN",Hamilton County
77511,45220,OH,202507,1186.84,-0.0126,-0.015,Cincinnati,"Cincinnati, OH-KY-IN",Hamilton County
77511,45220,OH,202508,1166.67,-0.017,-0.0191,Cincinnati,"Cincinnati, OH-KY-IN",Hamilton County
77511,45220,OH,202509,1171.38,0.004,-0.0075,Cincinnati,"Cincinnati, OH-KY-IN",Hamilton County
77511,45220,OH,202510,1176.76,0.0046,-0.0227,Cincinnati,"Cincinnati, OH-KY-IN",Hamilton County
77511,45220,OH,202511,1172.1,-0.004,-0.0575,Cincinnati,"Cincinnati, OH-KY-IN",Hamilton County
77511,45220,OH,202512,1183.1,0.0094,-0.0464,Cincinnati,"Cincinnati, OH-KY-IN",Hamilton County
77511,45220,OH,202601,1193.29,0.0086,-0.0389,Cincinnati,"Cincinnati, OH-KY-IN",Hamilton County
77511,45220,OH,202602,1225.89,0.0273,0.0079,Cincinnati,"Cincinnati, OH-KY-IN",Hamilton County
77511,45220,OH,202603,1232.79,0.0056,0.0156,Cincinnati,"Cincinnati, OH-KY-IN",Hamilton County
77511,45220,OH,202604,1242.42,0.0078,0.0343,Cincinnati,"Cincinnati, OH-KY-IN",Hamilton County
77511,45220,OH,202605,1235.43,-0.0056,0.0265,Cincinnati,"Cincinnati, OH-KY-IN",Hamilton County
77511,45220,OH,202606,1241.26,0.0047,0.0327,Cincinnati,"Cincinnati, OH-KY-IN",Hamilton County
77511,45220,OH,202607,1216.35,-0.0201,0.0249,Cincinnati,"Cincinnati, OH-KY-IN",Hamilton County
77511,45220,OH,202608,1192.1,-0.0199,0.0218,Cincinnati,"Cincinnati, OH-KY-IN",Hamilton County
77514,45223,OH,202412,1169.86,,,Cincinnati,"Cincinnati, OH-KY-IN",Hamilton County
77514,45223,OH,202501,1154.58,-0.0131,,Cincinnati,"Cincinnati, OH-KY-IN",Hamilton County
77514,45223,OH,202502,1142.14,-0.0108,,Cincinnati,"Cincinnati, OH-KY-IN",Hamilton County
77514,45223,OH,202503,1146.82,0.0041,,Cincinnati,"Cincinnati, OH-KY-IN",Hamilton County
77514,45223,OH,202504,1175.94,0.0254,,Cincinnati,"Cincinnati, OH-KY-IN",Hamilton County
77514,45223,OH,202505,1202.87,0.0229,,Cincinnati,"Cincinnati, OH-KY-IN",Hamilton County
77514,45223,OH,202506,1211.02,0.0068,,Cincinnati,"Cincinnati, OH-KY-IN",Hamilton County
77514,45223,OH,202507,1194.63,-0.0135,,Cincinnati,"Cincinnati, OH-KY-IN",Hamilton County
77514,45223,OH,202508,1175.42,-0.0161,,Cincinnati,"Cincinnati, OH-KY-IN",Hamilton County
77514,45223,OH,202509,1163.09,-0.0105,,Cincinnati,"Cincinnati, OH-KY-IN",Hamilton County
77514,45223,OH,202510,1169.68,0.0057,,Cincinnati,"Cincinnati, OH-KY-IN",Hamilton County
77514,45223,OH,202511,1190.63,0.0179,,Cincinnati,"Cincinnati, OH-KY-IN",Hamilton County
77514,45223,OH,202512,1171.82,-0.0158,0.0017,Cincinnati,"Cincinnati, OH-KY-IN",Hamilton County
77514,45223,OH,202601,1194.05,0.019,0.0342,Cincinnati,"Cincinnati, OH-KY-IN",Hamilton County
77514,45223,OH,202602,1231.62,0.0315,0.0783,Cincinnati,"Cincinnati, OH-KY-IN",Hamilton County
77514,45223,OH,202603,1304.5,0.0592,0.1375,Cincinnati,"Cincinnati, OH-KY-IN",Hamilton County
77514,45223,OH,202604,1315.11,0.0081,0.1184,Cincinnati,"Cincinnati, OH-KY-IN",Hamilton County
77514,45223,OH,202605,1276.8,-0.0291,0.0615,Cincinnati,"Cincinnati, OH-KY-IN",Hamilton County
77514,45223,OH,202606,1271.72,-0.004,0.0501,Cincinnati,"Cincinnati, OH-KY-IN",Hamilton County
77514,45223,OH,202607,1290.82,0.015,0.0805,Cincinnati,"Cincinnati, OH-KY-IN",Hamilton County
77514,45223,OH,202608,1322.64,0.0247,0.1252,Cincinnati,"Cincinnati, OH-KY-IN",Hamilton County
77515,45224,OH,202312,1014.32,,,Cincinnati,"Cincinnati, OH-KY-IN",Hamilton County
77515,45224,OH,202401,997.8,-0.0163,,Cincinnati,"Cincinnati, OH-KY-IN",Hamilton County
77515,45224,OH,202403,1035.88,0.0382,,Cincinnati,"Cincinnati, OH-KY-IN",Hamilton County
77515,45224,OH,202404,1057.99,0.0213,,Cincinnati,"Cincinnati, OH-KY-IN",Hamilton County
77515,45224,OH,202405,1077.11,0.0181,,Cincinnati,"Cincinnati, OH-KY-IN",Hamilton County
77515,45224,OH,202406,1056.37,-0.0193,,Cincinnati,"Cincinnati, OH-KY-IN",Hamilton County
77515,45224,OH,202407,1061.05,0.0044,,Cincinnati,"Cincinnati, OH-KY-IN",Hamilton County
77515,45224,OH,202408,1069.68,0.0081,,Cincinnati,"Cincinnati, OH-KY-IN",Hamilton County
77515,45224,OH,202409,1073.59,0.0036,,Cincinnati,"Cincinnati, OH-KY-IN",Hamilton County
77515,45224,OH,202410,1071.23,-0.0022,,Cincinnati,"Cincinnati, OH-KY-IN",Hamilton County
77515,45224,OH,202411,1059.77,-0.0107,,Cincinnati,"Cincinnati, OH-KY-IN",Hamilton County
77515,45224,OH,202412,1069.03,0.0087,,Cincinnati,"Cincinnati, OH-KY-IN",Hamilton County
77515,45224,OH,202501,1087.86,0.0176,0.0725,Cincinnati,"Cincinnati, OH-KY-IN",Hamilton County
77515,45224,OH,202502,1091.56,0.0034,0.094,Cincinnati,"Cincinnati, OH-KY-IN",Hamilton County
77515,45224,OH,202503,1093.77,0.002,0.0559,Cincinnati,"Cincinnati, OH-KY-IN",Hamilton County
77515,45224,OH,202504,1078.95,-0.0135,0.0198,Cincinnati,"Cincinnati, OH-KY-IN",Hamilton County
77515,45224,OH,202505,1071.28,-0.0071,-0.0054,Cincinnati,"Cincinnati, OH-KY-IN",Hamilton County
77515,45224,OH,202506,1093.5,0.0207,0.0352,Cincinnati,"Cincinnati, OH-KY-IN",Hamilton County
77515,45224,OH,202507,1104.48,0.01,0.0409,Cincinnati,"Cincinnati, OH-KY-IN",Hamilton County
77515,45224,OH,202508,1111.1,0.006,0.0387,Cincinnati,"Cincinnati, OH-KY-IN",Hamilton County
77515,45224,OH,202509,1119.32,0.0074,0.0426,Cincinnati,"Cincinnati, OH-KY-IN",Hamilton County
77515,45224,OH,202510,1134.27,0.0134,0.0589,Cincinnati,"Cincinnati, OH-KY-IN",Hamilton County
77515,45224,OH,202511,1160.43,0.0231,0.095,Cincinnati,"Cincinnati, OH-KY-IN",Hamilton County
77515,45224,OH,202512,1137.52,-0.0197,0.0641,Cincinnati,"Cincinnati, OH-KY-IN",Hamilton County
77515,45224,OH,202601,1132.87,-0.0041,0.0414,Cincinnati,"Cincinnati, OH-KY-IN",Hamilton County
77515,45224,OH,202602,1110.55,-0.0197,0.0174,Cincinnati,"Cincinnati, OH-KY-IN",Hamilton County
77515,45224,OH,202603,1105.39,-0.0046,0.0106,Cincinnati,"Cincinnati, OH-KY-IN",Hamilton County
77515,45224,OH,202604,1130.31,0.0225,0.0476,Cincinnati,"Cincinnati, OH-KY-IN",Hamilton County
77515,45224,OH,202605,1147.61,0.0153,0.0713,Cincinnati,"Cincinnati, OH-KY-IN",Hamilton County
77515,45224,OH,202606,1170.01,0.0195,0.07,Cincinnati,"Cincinnati, OH-KY-IN",Hamilton County
77515,45224,OH,202607,1152.47,-0.015,0.0435,Cincinnati,"Cincinnati, OH-KY-IN",Hamilton County
77515,45224,OH,202608,1153.11,0.0006,0.0378,Cincinnati,"Cincinnati, OH-KY-IN",Hamilton County
77517,45226,OH,202601,1599.44,,,Cincinnati,"Cincinnati, OH-KY-IN",Hamilton County
77517,45226,OH,202602,1659.16,0.0373,,Cincinnati,"Cincinnati, OH-KY-IN",Hamilton County
77517,45226,OH,202603,1696.19,0.0223,,Cincinnati,"Cincinnati, OH-KY-IN",Hamilton County
77517,45226,OH,202604,1752.26,0.0331,,Cincinnati,"Cincinnati, OH-KY-IN",Hamilton County
77517,45226,OH,202605,1753.26,0.0006,,Cincinnati,"Cincinnati, OH-KY-IN",Hamilton County
77517,45226,OH,202606,1772.49,0.011,,Cincinnati,"Cincinnati, OH-KY-IN",Hamilton County
77517,45226,OH,202607,1778.46,0.0034,,Cincinnati,"Cincinnati, OH-KY-IN",Hamilton County
77517,45226,OH,202608,1753.25,-0.0142,,Cincinnati,"Cincinnati, OH-KY-IN",Hamilton County
77518,45227,OH,202010,1074.71,,,Cincinnati,"Cincinnati, OH-KY-IN",Hamilton County
77518,45227,OH,202011,1071.69,-0.0028,,Cincinnati,"Cincinnati, OH-KY-IN",Hamilton County
77518,45227,OH,202012,1066.39,-0.0049,,Cincinnati,"Cincinnati, OH-KY-IN",Hamilton County
77518,45227,OH,202101,1050.74,-0.0147,,Cincinnati,"Cincinnati, OH-KY-IN",Hamilton County
77518,45227,OH,202102,1041.0,-0.0093,,Cincinnati,"Cincinnati, OH-KY-IN",Hamilton County
77518,45227,OH,202103,1061.24,0.0194,,Cincinnati,"Cincinnati, OH-KY-IN",Hamilton County
77518,45227,OH,202104,1081.88,0.0194,,Cincinnati,"Cincinnati, OH-KY-IN",Hamilton County
77518,45227,OH,202105,1102.1,0.0187,,Cincinnati,"Cincinnati, OH-KY-IN",Hamilton County
77518,45227,OH,202106,1096.73,-0.0049,,Cincinnati,"Cincinnati, OH-KY-IN",Hamilton County
77518,45227,OH,202107,1104.93,0.0075,,Cincinnati,"Cincinnati, OH-KY-IN",Hamilton County
77518,45227,OH,202108,1136.72,0.0288,,Cincinnati,"Cincinnati, OH-KY-IN",Hamilton County
77518,45227,OH,202109,1163.55,0.0236,,Cincinnati,"Cincinnati, OH-KY-IN",Hamilton County
77518,45227,OH,202110,1176.26,0.0109,0.0945,Cincinnati,"Cincinnati, OH-KY-IN",Hamilton County
77518,45227,OH,202111,1167.64,-0.0073,0.0895,Cincinnati,"Cincinnati, OH-KY-IN",Hamilton County
77518,45227,OH,202112,1165.41,-0.0019,0.0929,Cincinnati,"Cincinnati, OH-KY-IN",Hamilton County
77518,45227,OH,202201,1182.18,0.0144,0.1251,Cincinnati,"Cincinnati, OH-KY-IN",Hamilton County
77518,45227,OH,202202,1188.88,0.0057,0.1421,Cincinnati,"Cincinnati, OH-KY-IN",Hamilton County
77518,45227,OH,202203,1206.31,0.0147,0.1367,Cincinnati,"Cincinnati, OH-KY-IN",Hamilton County
77518,45227,OH,202204,1214.48,0.0068,0.1226,Cincinnati,"Cincinnati, OH-KY-IN",Hamilton County
77518,45227,OH,202205,1245.37,0.0254,0.13,Cincinnati,"Cincinnati, OH-KY-IN",Hamilton County
77518,45227,OH,202206,1261.46,0.0129,0.1502,Cincinnati,"Cincinnati, OH-KY-IN",Hamilton County
77518,45227,OH,202207,1273.62,0.0096,0.1527,Cincinnati,"Cincinnati, OH-KY-IN",Hamilton County
77518,45227,OH,202208,1275.86,0.0018,0.1224,Cincinnati,"Cincinnati, OH-KY-IN",Hamilton County
77518,45227,OH,202209,1261.73,-0.0111,0.0844,Cincinnati,"Cincinnati, OH-KY-IN",Hamilton County
77518,45227,OH,202210,1252.62,-0.0072,0.0649,Cincinnati,"Cincinnati, OH-KY-IN",Hamilton County
77518,45227,OH,202211,1247.19,-0.0043,0.0681,Cincinnati,"Cincinnati, OH-KY-IN",Hamilton County
77518,45227,OH,202212,1260.44,0.0106,0.0815,Cincinnati,"Cincinnati, OH-KY-IN",Hamilton County
77518,45227,OH,202301,1263.97,0.0028,0.0692,Cincinnati,"Cincinnati, OH-KY-IN",Hamilton County
77518,45227,OH,202302,1258.29,-0.0045,0.0584,Cincinnati,"Cincinnati, OH-KY-IN",Hamilton County
77518,45227,OH,202303,1271.06,0.0102,0.0537,Cincinnati,"Cincinnati, OH-KY-IN",Hamilton County
77518,45227,OH,202304,1294.05,0.0181,0.0655,Cincinnati,"Cincinnati, OH-KY-IN",Hamilton County
77518,45227,OH,202305,1331.2,0.0287,0.0689,Cincinnati,"Cincinnati, OH-KY-IN",Hamilton County
77518,45227,OH,202306,1351.16,0.015,0.0711,Cincinnati,"Cincinnati, OH-KY-IN",Hamilton County
77518,45227,OH,202307,1359.43,0.0061,0.0674,Cincinnati,"Cincinnati, OH-KY-IN",Hamilton County
77518,45227,OH,202308,1363.67,0.0031,0.0688,Cincinnati,"Cincinnati, OH-KY-IN",Hamilton County
77518,45227,OH,202309,1351.52,-0.0089,0.0712,Cincinnati,"Cincinnati, OH-KY-IN",Hamilton County
77518,45227,OH,202310,1351.48,-0.0,0.0789,Cincinnati,"Cincinnati, OH-KY-IN",Hamilton County
77518,45227,OH,202311,1341.81,-0.0072,0.0759,Cincinnati,"Cincinnati, OH-KY-IN",Hamilton County
77518,45227,OH,202312,1380.42,0.0288,0.0952,Cincinnati,"Cincinnati, OH-KY-IN",Hamilton County
77518,45227,OH,202401,1376.21,-0.003,0.0888,Cincinnati,"Cincinnati, OH-KY-IN",Hamilton County
77518,45227,OH,202402,1390.66,0.0105,0.1052,Cincinnati,"Cincinnati, OH-KY-IN",Hamilton County
77518,45227,OH,202403,1357.72,-0.0237,0.0682,Cincinnati,"Cincinnati, OH-KY-IN",Hamilton County
77518,45227,OH,202404,1370.97,0.0098,0.0594,Cincinnati,"Cincinnati, OH-KY-IN",Hamilton County
77518,45227,OH,202405,1368.7,-0.0017,0.0282,Cincinnati,"Cincinnati, OH-KY-IN",Hamilton County
77518,45227,OH,202406,1394.05,0.0185,0.0317,Cincinnati,"Cincinnati, OH-KY-IN",Hamilton County
77518,45227,OH,202407,1405.21,0.008,0.0337,Cincinnati,"Cincinnati, OH-KY-IN",Hamilton County
77518,45227,OH,202408,1426.75,0.0153,0.0463,Cincinnati,"Cincinnati, OH-KY-IN",Hamilton County
77518,45227,OH,202409,1418.35,-0.0059,0.0494,Cincinnati,"Cincinnati, OH-KY-IN",Hamilton County
77518,45227,OH,202410,1421.85,0.0025,0.0521,Cincinnati,"Cincinnati, OH-KY-IN",Hamilton County
77518,45227,OH,202411,1426.67,0.0034,0.0632,Cincinnati,"Cincinnati, OH-KY-IN",Hamilton County
77518,45227,OH,202412,1436.03,0.0066,0.0403,Cincinnati,"Cincinnati, OH-KY-IN",Hamilton County
77518,45227,OH,202501,1440.12,0.0028,0.0464,Cincinnati,"Cincinnati, OH-KY-IN",Hamilton County
77518,45227,OH,202502,1434.0,-0.0043,0.0312,Cincinnati,"Cincinnati, OH-KY-IN",Hamilton County
77518,45227,OH,202503,1449.28,0.0107,0.0674,Cincinnati,"Cincinnati, OH-KY-IN",Hamilton County
77518,45227,OH,202504,1453.32,0.0028,0.0601,Cincinnati,"Cincinnati, OH-KY-IN",Hamilton County
77518,45227,OH,202505,1470.33,0.0117,0.0743,Cincinnati,"Cincinnati, OH-KY-IN",Hamilton County
77518,45227,OH,202506,1473.21,0.002,0.0568,Cincinnati,"Cincinnati, OH-KY-IN",Hamilton County
77518,45227,OH,202507,1491.19,0.0122,0.0612,Cincinnati,"Cincinnati, OH-KY-IN",Hamilton County
77518,45227,OH,202508,1496.79,0.0038,0.0491,Cincinnati,"Cincinnati, OH-KY-IN",Hamilton County
77518,45227,OH,202509,1511.52,0.0098,0.0657,Cincinnati,"Cincinnati, OH-KY-IN",Hamilton County
77518,45227,OH,202510,1513.89,0.0016,0.0647,Cincinnati,"Cincinnati, OH-KY-IN",Hamilton County
77518,45227,OH,202511,1528.49,0.0096,0.0714,Cincinnati,"Cincinnati, OH-KY-IN",Hamilton County
77518,45227,OH,202512,1533.29,0.0031,0.0677,Cincinnati,"Cincinnati, OH-KY-IN",Hamilton County
77518,45227,OH,202601,1554.66,0.0139,0.0795,Cincinnati,"Cincinnati, OH-KY-IN",Hamilton County
77518,45227,OH,202602,1538.72,-0.0103,0.073,Cincinnati,"Cincinnati, OH-KY-IN",Hamilton County
77518,45227,OH,202603,1536.95,-0.0012,0.0605,Cincinnati,"Cincinnati, OH-KY-IN",Hamilton County
77518,45227,OH,202604,1514.08,-0.0149,0.0418,Cincinnati,"Cincinnati, OH-KY-IN",Hamilton County
77518,45227,OH,202605,1530.15,0.0106,0.0407,Cincinnati,"Cincinnati, OH-KY-IN",Hamilton County
77518,45227,OH,202606,1538.66,0.0056,0.0444,Cincinnati,"Cincinnati, OH-KY-IN",Hamilton County
77518,45227,OH,202607,1547.09,0.0055,0.0375,Cincinnati,"Cincinnati, OH-KY-IN",Hamilton County
77518,45227,OH,202608,1563.25,0.0104,0.0444,Cincinnati,"Cincinnati, OH-KY-IN",Hamilton County
77520,45229,OH,202210,973.98,,,Cincinnati,"Cincinnati, OH-KY-IN",Hamilton County
77520,45229,OH,202211,970.16,-0.0039,,Cincinnati,"Cincinnati, OH-KY-IN",Hamilton County
77520,45229,OH,202212,972.08,0.002,,Cincinnati,"Cincinnati, OH-KY-IN",Hamilton County
77520,45229,OH,202301,978.71,0.0068,,Cincinnati,"Cincinnati, OH-KY-IN",Hamilton County
77520,45229,OH,202302,1004.25,0.0261,,Cincinnati,"Cincinnati, OH-KY-IN",Hamilton County
77520,45229,OH,202303,1035.85,0.0315,,Cincinnati,"Cincinnati, OH-KY-IN",Hamilton County
77520,45229,OH,202304,1015.82,-0.0193,,Cincinnati,"Cincinnati, OH-KY-IN",Hamilton County
77520,45229,OH,202305,1012.06,-0.0037,,Cincinnati,"Cincinnati, OH-KY-IN",Hamilton County
77520,45229,OH,202306,998.66,-0.0132,,Cincinnati,"Cincinnati, OH-KY-IN",Hamilton County
77520,45229,OH,202307,1026.78,0.0282,,Cincinnati,"Cincinnati, OH-KY-IN",Hamilton County
77520,45229,OH,202308,1019.45,-0.0071,,Cincinnati,"Cincinnati, OH-KY-IN",Hamilton County
77520,45229,OH,202309,1070.74,0.0503,,Cincinnati,"Cincinnati, OH-KY-IN",Hamilton County
77520,45229,OH,202310,1070.59,-0.0001,0.0992,Cincinnati,"Cincinnati, OH-KY-IN",Hamilton County
77520,45229,OH,202311,1078.24,0.0071,0.1114,Cincinnati,"Cincinnati, OH-KY-IN",Hamilton County
77520,45229,OH,202312,1039.37,-0.036,0.0692,Cincinnati,"Cincinnati, OH-KY-IN",Hamilton County
77520,45229,OH,202401,1032.75,-0.0064,0.0552,Cincinnati,"Cincinnati, OH-KY-IN",Hamilton County
77520,45229,OH,202402,1051.26,0.0179,0.0468,Cincinnati,"Cincinnati, OH-KY-IN",Hamilton County
77520,45229,OH,202403,1059.28,0.0076,0.0226,Cincinnati,"Cincinnati, OH-KY-IN",Hamilton County
77520,45229,OH,202404,1089.91,0.0289,0.0729,Cincinnati,"Cincinnati, OH-KY-IN",Hamilton County
77520,45229,OH,202405,1094.74,0.0044,0.0817,Cincinnati,"Cincinnati, OH-KY-IN",Hamilton County
77520,45229,OH,202406,1109.57,0.0136,0.1111,Cincinnati,"Cincinnati, OH-KY-IN",Hamilton County
77520,45229,OH,202407,1097.52,-0.0109,0.0689,Cincinnati,"Cincinnati, OH-KY-IN",Hamilton County
77520,45229,OH,202408,1104.43,0.0063,0.0834,Cincinnati,"Cincinnati, OH-KY-IN",Hamilton County
77520,45229,OH,202409,1113.56,0.0083,0.04,Cincinnati,"Cincinnati, OH-KY-IN",Hamilton County
77520,45229,OH,202410,1133.7,0.0181,0.0589,Cincinnati,"Cincinnati, OH-KY-IN",Hamilton County
77520,45229,OH,202411,1116.55,-0.0151,0.0355,Cincinnati,"Cincinnati, OH-KY-IN",Hamilton County
77520,45229,OH,202412,1111.88,-0.0042,0.0698,Cincinnati,"Cincinnati, OH-KY-IN",Hamilton County
77520,45229,OH,202501,1121.8,0.0089,0.0862,Cincinnati,"Cincinnati, OH-KY-IN",Hamilton County
77520,45229,OH,202502,1123.35,0.0014,0.0686,Cincinnati,"Cincinnati, OH-KY-IN",Hamilton County
77520,45229,OH,202503,1168.55,0.0402,0.1032,Cincinnati,"Cincinnati, OH-KY-IN",Hamilton County
77520,45229,OH,202504,1164.33,-0.0036,0.0683,Cincinnati,"Cincinnati, OH-KY-IN",Hamilton County
77520,45229,OH,202505,1178.43,0.0121,0.0764,Cincinnati,"Cincinnati, OH-KY-IN",Hamilton County
77520,45229,OH,202506,1145.41,-0.028,0.0323,Cincinnati,"Cincinnati, OH-KY-IN",Hamilton County
77520,45229,OH,202507,1138.89,-0.0057,0.0377,Cincinnati,"Cincinnati, OH-KY-IN",Hamilton County
77520,45229,OH,202508,1168.2,0.0257,0.0577,Cincinnati,"Cincinnati, OH-KY-IN",Hamilton County
77520,45229,OH,202509,1166.37,-0.0016,0.0474,Cincinnati,"Cincinnati, OH-KY-IN",Hamilton County
77520,45229,OH,202510,1186.98,0.0177,0.047,Cincinnati,"Cincinnati, OH-KY-IN",Hamilton County
77520,45229,OH,202511,1186.38,-0.0005,0.0625,Cincinnati,"Cincinnati, OH-KY-IN",Hamilton County
77520,45229,OH,202512,1173.6,-0.0108,0.0555,Cincinnati,"Cincinnati, OH-KY-IN",Hamilton County
77520,45229,OH,202601,1174.89,0.0011,0.0473,Cincinnati,"Cincinnati, OH-KY-IN",Hamilton County
77520,45229,OH,202602,1192.54,0.015,0.0616,Cincinnati,"Cincinnati, OH-KY-IN",Hamilton County
77520,45229,OH,202603,1228.95,0.0305,0.0517,Cincinnati,"Cincinnati, OH-KY-IN",Hamilton County
77520,45229,OH,202604,1230.22,0.001,0.0566,Cincinnati,"Cincinnati, OH-KY-IN",Hamilton County
77520,45229,OH,202605,1202.41,-0.0226,0.0203,Cincinnati,"Cincinnati, OH-KY-IN",Hamilton County
77520,45229,OH,202606,1205.95,0.0029,0.0529,Cincinnati,"Cincinnati, OH-KY-IN",Hamilton County
77520,45229,OH,202607,1211.12,0.0043,0.0634,Cincinnati,"Cincinnati, OH-KY-IN",Hamilton County
77520,45229,OH,202608,1216.52,0.0045,0.0414,Cincinnati,"Cincinnati, OH-KY-IN",Hamilton County
77521,45230,OH,202103,1005.1,,,Cincinnati,"Cincinnati, OH-KY-IN",Hamilton County
77521,45230,OH,202104,1016.14,0.011,,Cincinnati,"Cincinnati, OH-KY-IN",Hamilton County
77521,45230,OH,202105,1014.38,-0.0017,,Cincinnati,"Cincinnati, OH-KY-IN",Hamilton County
77521,45230,OH,202106,1027.96,0.0134,,Cincinnati,"Cincinnati, OH-KY-IN",Hamilton County
77521,45230,OH,202107,1047.77,0.0193,,Cincinnati,"Cincinnati, OH-KY-IN",Hamilton County
77521,45230,OH,202108,1068.07,0.0194,,Cincinnati,"Cincinnati, OH-KY-IN",Hamilton County
77521,45230,OH,202109,1072.96,0.0046,,Cincinnati,"Cincinnati, OH-KY-IN",Hamilton County
77521,45230,OH,202110,1083.07,0.0094,,Cincinnati,"Cincinnati, OH-KY-IN",Hamilton County
77521,45230,OH,202111,1099.06,0.0148,,Cincinnati,"Cincinnati, OH-KY-IN",Hamilton County
77521,45230,OH,202112,1109.29,0.0093,,Cincinnati,"Cincinnati, OH-KY-IN",Hamilton County
77521,45230,OH,202201,1120.93,0.0105,,Cincinnati,"Cincinnati, OH-KY-IN",Hamilton County
77521,45230,OH,202202,1112.14,-0.0078,,Cincinnati,"Cincinnati, OH-KY-IN",Hamilton County
77521,45230,OH,202203,1120.02,0.0071,0.1143,Cincinnati,"Cincinnati, OH-KY-IN",Hamilton County
77521,45230,OH,202204,1121.53,0.0013,0.1037,Cincinnati,"Cincinnati, OH-KY-IN",Hamilton County
77521,45230,OH,202205,1125.41,0.0035,0.1095,Cincinnati,"Cincinnati, OH-KY-IN",Hamilton County
77521,45230,OH,202206,1134.33,0.0079,0.1035,Cincinnati,"Cincinnati, OH-KY-IN",Hamilton County
77521,45230,OH,202207,1138.68,0.0038,0.0868,Cincinnati,"Cincinnati, OH-KY-IN",Hamilton County
77521,45230,OH,202208,1166.34,0.0243,0.092,Cincinnati,"Cincinnati, OH-KY-IN",Hamilton County
77521,45230,OH,202209,1182.76,0.0141,0.1023,Cincinnati,"Cincinnati, OH-KY-IN",Hamilton County
77521,45230,OH,202210,1194.81,0.0102,0.1032,Cincinnati,"Cincinnati, OH-KY-IN",Hamilton County
77521,45230,OH,202211,1197.81,0.0025,0.0898,Cincinnati,"Cincinnati, OH-KY-IN",Hamilton County
77521,45230,OH,202212,1209.12,0.0094,0.09,Cincinnati,"Cincinnati, OH-KY-IN",Hamilton County
77521,45230,OH,202301,1219.78,0.0088,0.0882,Cincinnati,"Cincinnati, OH-KY-IN",Hamilton County
77521,45230,OH,202302,1227.62,0.0064,0.1038,Cincinnati,"Cincinnati, OH-KY-IN",Hamilton County
77521,45230,OH,202303,1227.25,-0.0003,0.0957,Cincinnati,"Cincinnati, OH-KY-IN",Hamilton County
77521,45230,OH,202304,1206.38,-0.017,0.0757,Cincinnati,"Cincinnati, OH-KY-IN",Hamilton County
77521,45230,OH,202305,1208.74,0.002,0.074,Cincinnati,"Cincinnati, OH-KY-IN",Hamilton County
77521,45230,OH,202306,1208.44,-0.0002,0.0653,Cincinnati,"Cincinnati, OH-KY-IN",Hamilton County
77521,45230,OH,202307,1243.01,0.0286,0.0916,Cincinnati,"Cincinnati, OH-KY-IN",Hamilton County
77521,45230,OH,202308,1254.94,0.0096,0.076,Cincinnati,"Cincinnati, OH-KY-IN",Hamilton County
77521,45230,OH,202309,1265.24,0.0082,0.0697,Cincinnati,"Cincinnati, OH-KY-IN",Hamilton County
77521,45230,OH,202310,1263.5,-0.0014,0.0575,Cincinnati,"Cincinnati, OH-KY-IN",Hamilton County
77521,45230,OH,202311,1257.35,-0.0049,0.0497,Cincinnati,"Cincinnati, OH-KY-IN",Hamilton County
77521,45230,OH,202312,1265.92,0.0068,0.047,Cincinnati,"Cincinnati, OH-KY-IN",Hamilton County
77521,45230,OH,202401,1272.72,0.0054,0.0434,Cincinnati,"Cincinnati, OH-KY-IN",Hamilton County
77521,45230,OH,202402,1276.17,0.0027,0.0395,Cincinnati,"Cincinnati, OH-KY-IN",Hamilton County
77521,45230,OH,202403,1266.13,-0.0079,0.0317,Cincinnati,"Cincinnati, OH-KY-IN",Hamilton County
77521,45230,OH,202404,1255.41,-0.0085,0.0406,Cincinnati,"Cincinnati, OH-KY-IN",Hamilton County
77521,45230,OH,202405,1264.4,0.0072,0.046,Cincinnati,"Cincinnati, OH-KY-IN",Hamilton County
77521,45230,OH,202406,1279.49,0.0119,0.0588,Cincinnati,"Cincinnati, OH-KY-IN",Hamilton County
77521,45230,OH,202407,1318.79,0.0307,0.061,Cincinnati,"Cincinnati, OH-KY-IN",Hamilton County
77521,45230,OH,202408,1342.04,0.0176,0.0694,Cincinnati,"Cincinnati, OH-KY-IN",Hamilton County
77521,45230,OH,202409,1360.23,0.0136,0.0751,Cincinnati,"Cincinnati, OH-KY-IN",Hamilton County
77521,45230,OH,202410,1363.42,0.0023,0.0791,Cincinnati,"Cincinnati, OH-KY-IN",Hamilton County
77521,45230,OH,202411,1380.06,0.0122,0.0976,Cincinnati,"Cincinnati, OH-KY-IN",Hamilton County
77521,45230,OH,202412,1400.13,0.0145,0.106,Cincinnati,"Cincinnati, OH-KY-IN",Hamilton County
77521,45230,OH,202501,1397.19,-0.0021,0.0978,Cincinnati,"Cincinnati, OH-KY-IN",Hamilton County
77521,45230,OH,202502,1361.75,-0.0254,0.0671,Cincinnati,"Cincinnati, OH-KY-IN",Hamilton County
77521,45230,OH,202503,1337.49,-0.0178,0.0564,Cincinnati,"Cincinnati, OH-KY-IN",Hamilton County
77521,45230,OH,202504,1321.39,-0.012,0.0526,Cincinnati,"Cincinnati, OH-KY-IN",Hamilton County
77521,45230,OH,202505,1324.94,0.0027,0.0479,Cincinnati,"Cincinnati, OH-KY-IN",Hamilton County
77521,45230,OH,202506,1314.72,-0.0077,0.0275,Cincinnati,"Cincinnati, OH-KY-IN",Hamilton County
77521,45230,OH,202507,1328.63,0.0106,0.0075,Cincinnati,"Cincinnati, OH-KY-IN",Hamilton County
77521,45230,OH,202508,1353.14,0.0184,0.0083,Cincinnati,"Cincinnati, OH-KY-IN",Hamilton County
77521,45230,OH,202509,1361.54,0.0062,0.001,Cincinnati,"Cincinnati, OH-KY-IN",Hamilton County
77521,45230,OH,202510,1323.0,-0.0283,-0.0296,Cincinnati,"Cincinnati, OH-KY-IN",Hamilton County
77521,45230,OH,202511,1305.17,-0.0135,-0.0543,Cincinnati,"Cincinnati, OH-KY-IN",Hamilton County
77521,45230,OH,202512,1306.42,0.001,-0.0669,Cincinnati,"Cincinnati, OH-KY-IN",Hamilton County
77521,45230,OH,202601,1360.13,0.0411,-0.0265,Cincinnati,"Cincinnati, OH-KY-IN",Hamilton County
77521,45230,OH,202602,1350.22,-0.0073,-0.0085,Cincinnati,"Cincinnati, OH-KY-IN",Hamilton County
77521,45230,OH,202603,1376.19,0.0192,0.0289,Cincinnati,"Cincinnati, OH-KY-IN",Hamilton County
77521,45230,OH,202604,1367.98,-0.006,0.0353,Cincinnati,"Cincinnati, OH-KY-IN",Hamilton County
77521,45230,OH,202605,1404.68,0.0268,0.0602,Cincinnati,"Cincinnati, OH-KY-IN",Hamilton County
77521,45230,OH,202606,1388.25,-0.0117,0.0559,Cincinnati,"Cincinnati, OH-KY-IN",Hamilton County
77521,45230,OH,202607,1385.07,-0.0023,0.0425,Cincinnati,"Cincinnati, OH-KY-IN",Hamilton County
77521,45230,OH,202608,1383.9,-0.0008,0.0227,Cincinnati,"Cincinnati, OH-KY-IN",Hamilton County
77522,45231,OH,202105,1123.39,,,Cincinnati,"Cincinnati, OH-KY-IN",Hamilton County
77522,45231,OH,202106,1132.78,0.0084,,Cincinnati,"Cincinnati, OH-KY-IN",Hamilton County
77522,45231,OH,202107,1179.39,0.0411,,Cincinnati,"Cincinnati, OH-KY-IN",Hamilton County
77522,45231,OH,202109,1190.89,0.0098,,Cincinnati,"Cincinnati, OH-KY-IN",Hamilton County
77522,45231,OH,202110,1198.37,0.0063,,Cincinnati,"Cincinnati, OH-KY-IN",Hamilton County
77522,45231,OH,202111,1206.81,0.007,,Cincinnati,"Cincinnati, OH-KY-IN",Hamilton County
77522,45231,OH,202112,1213.93,0.0059,,Cincinnati,"Cincinnati, OH-KY-IN",Hamilton County
77522,45231,OH,202201,1218.18,0.0035,,Cincinnati,"Cincinnati, OH-KY-IN",Hamilton County
77522,45231,OH,202202,1219.25,0.0009,,Cincinnati,"Cincinnati, OH-KY-IN",Hamilton County
77522,45231,OH,202203,1265.18,0.0377,,Cincinnati,"Cincinnati, OH-KY-IN",Hamilton County
77522,45231,OH,202204,1286.38,0.0168,,Cincinnati,"Cincinnati, OH-KY-IN",Hamilton County
77522,45231,OH,202205,1321.84,0.0276,,Cincinnati,"Cincinnati, OH-KY-IN",Hamilton County
77522,45231,OH,202206,1321.08,-0.0006,0.176,Cincinnati,"Cincinnati, OH-KY-IN",Hamilton County
77522,45231,OH,202207,1317.38,-0.0028,0.163,Cincinnati,"Cincinnati, OH-KY-IN",Hamilton County
77522,45231,OH,202208,1312.09,-0.004,0.1125,Cincinnati,"Cincinnati, OH-KY-IN",Hamilton County
77522,45231,OH,202209,1292.48,-0.0149,0.0853,Cincinnati,"Cincinnati, OH-KY-IN",Hamilton County
77522,45231,OH,202210,1310.69,0.0141,0.0937,Cincinnati,"Cincinnati, OH-KY-IN",Hamilton County
77522,45231,OH,202211,1303.3,-0.0056,0.08,Cincinnati,"Cincinnati, OH-KY-IN",Hamilton County
77522,45231,OH,202212,1337.37,0.0261,0.1017,Cincinnati,"Cincinnati, OH-KY-IN",Hamilton County
77522,45231,OH,202301,1328.1,-0.0069,0.0902,Cincinnati,"Cincinnati, OH-KY-IN",Hamilton County
77522,45231,OH,202302,1337.12,0.0068,0.0967,Cincinnati,"Cincinnati, OH-KY-IN",Hamilton County
77522,45231,OH,202303,1337.31,0.0001,0.057,Cincinnati,"Cincinnati, OH-KY-IN",Hamilton County
77522,45231,OH,202304,1360.03,0.017,0.0573,Cincinnati,"Cincinnati, OH-KY-IN",Hamilton County
77522,45231,OH,202305,1372.67,0.0093,0.0385,Cincinnati,"Cincinnati, OH-KY-IN",Hamilton County
77522,45231,OH,202306,1360.16,-0.0091,0.0296,Cincinnati,"Cincinnati, OH-KY-IN",Hamilton County
77522,45231,OH,202307,1372.85,0.0093,0.0421,Cincinnati,"Cincinnati, OH-KY-IN",Hamilton County
77522,45231,OH,202308,1396.19,0.017,0.0641,Cincinnati,"Cincinnati, OH-KY-IN",Hamilton County
77522,45231,OH,202309,1426.14,0.0215,0.1034,Cincinnati,"Cincinnati, OH-KY-IN",Hamilton County
77522,45231,OH,202310,1423.82,-0.0016,0.0863,Cincinnati,"Cincinnati, OH-KY-IN",Hamilton County
77522,45231,OH,202311,1414.2,-0.0068,0.0851,Cincinnati,"Cincinnati, OH-KY-IN",Hamilton County
77522,45231,OH,202312,1426.89,0.009,0.0669,Cincinnati,"Cincinnati, OH-KY-IN",Hamilton County
77522,45231,OH,202401,1425.11,-0.0012,0.073,Cincinnati,"Cincinnati, OH-KY-IN",Hamilton County
77522,45231,OH,202402,1436.43,0.0079,0.0743,Cincinnati,"Cincinnati, OH-KY-IN",Hamilton County
77522,45231,OH,202403,1434.24,-0.0015,0.0725,Cincinnati,"Cincinnati, OH-KY-IN",Hamilton County
77522,45231,OH,202404,1421.49,-0.0089,0.0452,Cincinnati,"Cincinnati, OH-KY-IN",Hamilton County
77522,45231,OH,202405,1418.07,-0.0024,0.0331,Cincinnati,"Cincinnati, OH-KY-IN",Hamilton County
77522,45231,OH,202406,1430.59,0.0088,0.0518,Cincinnati,"Cincinnati, OH-KY-IN",Hamilton County
77522,45231,OH,202407,1472.67,0.0294,0.0727,Cincinnati,"Cincinnati, OH-KY-IN",Hamilton County
77522,45231,OH,202408,1470.88,-0.0012,0.0535,Cincinnati,"Cincinnati, OH-KY-IN",Hamilton County
77522,45231,OH,202409,1459.03,-0.0081,0.0231,Cincinnati,"Cincinnati, OH-KY-IN",Hamilton County
77522,45231,OH,202410,1448.97,-0.0069,0.0177,Cincinnati,"Cincinnati, OH-KY-IN",Hamilton County
77522,45231,OH,202411,1463.44,0.01,0.0348,Cincinnati,"Cincinnati, OH-KY-IN",Hamilton County
77522,45231,OH,202412,1470.22,0.0046,0.0304,Cincinnati,"Cincinnati, OH-KY-IN",Hamilton County
77522,45231,OH,202501,1468.79,-0.001,0.0307,Cincinnati,"Cincinnati, OH-KY-IN",Hamilton County
77522,45231,OH,202502,1453.62,-0.0103,0.012,Cincinnati,"Cincinnati, OH-KY-IN",Hamilton County
77522,45231,OH,202503,1452.35,-0.0009,0.0126,Cincinnati,"Cincinnati, OH-KY-IN",Hamilton County
77522,45231,OH,202504,1468.73,0.0113,0.0332,Cincinnati,"Cincinnati, OH-KY-IN",Hamilton County
77522,45231,OH,202505,1495.61,0.0183,0.0547,Cincinnati,"Cincinnati, OH-KY-IN",Hamilton County
77522,45231,OH,202506,1514.74,0.0128,0.0588,Cincinnati,"Cincinnati, OH-KY-IN",Hamilton County
77522,45231,OH,202507,1532.45,0.0117,0.0406,Cincinnati,"Cincinnati, OH-KY-IN",Hamilton County
77522,45231,OH,202508,1544.16,0.0076,0.0498,Cincinnati,"Cincinnati, OH-KY-IN",Hamilton County
77522,45231,OH,202509,1541.88,-0.0015,0.0568,Cincinnati,"Cincinnati, OH-KY-IN",Hamilton County
77522,45231,OH,202510,1526.32,-0.0101,0.0534,Cincinnati,"Cincinnati, OH-KY-IN",Hamilton County
77522,45231,OH,202511,1518.48,-0.0051,0.0376,Cincinnati,"Cincinnati, OH-KY-IN",Hamilton County
77522,45231,OH,202512,1516.82,-0.0011,0.0317,Cincinnati,"Cincinnati, OH-KY-IN",Hamilton County
77522,45231,OH,202601,1521.2,0.0029,0.0357,Cincinnati,"Cincinnati, OH-KY-IN",Hamilton County
77522,45231,OH,202602,1533.92,0.0084,0.0552,Cincinnati,"Cincinnati, OH-KY-IN",Hamilton County
77522,45231,OH,202603,1555.55,0.0141,0.0711,Cincinnati,"Cincinnati, OH-KY-IN",Hamilton County
77522,45231,OH,202604,1568.45,0.0083,0.0679,Cincinnati,"Cincinnati, OH-KY-IN",Hamilton County
77522,45231,OH,202605,1575.63,0.0046,0.0535,Cincinnati,"Cincinnati, OH-KY-IN",Hamilton County
77522,45231,OH,202606,1575.18,-0.0003,0.0399,Cincinnati,"Cincinnati, OH-KY-IN",Hamilton County
77522,45231,OH,202607,1570.71,-0.0028,0.025,Cincinnati,"Cincinnati, OH-KY-IN",Hamilton County
77522,45231,OH,202608,1562.46,-0.0053,0.0119,Cincinnati,"Cincinnati, OH-KY-IN",Hamilton County
77524,45233,OH,202608,1745.0,,,Cincinnati,"Cincinnati, OH-KY-IN",Hamilton County
77527,45236,OH,202401,1771.45,,,Deer Park,"Cincinnati, OH-KY-IN",Hamilton County
77527,45236,OH,202402,1757.5,-0.0079,,Deer Park,"Cincinnati, OH-KY-IN",Hamilton County
77527,45236,OH,202403,1755.31,-0.0012,,Deer Park,"Cincinnati, OH-KY-IN",Hamilton County
77527,45236,OH,202404,1754.83,-0.0003,,Deer Park,"Cincinnati, OH-KY-IN",Hamilton County
77527,45236,OH,202405,1769.4,0.0083,,Deer Park,"Cincinnati, OH-KY-IN",Hamilton County
77527,45236,OH,202406,1788.03,0.0105,,Deer Park,"Cincinnati, OH-KY-IN",Hamilton County
77527,45236,OH,202407,1782.38,-0.0032,,Deer Park,"Cincinnati, OH-KY-IN",Hamilton County
77527,45236,OH,202408,1801.69,0.0108,,Deer Park,"Cincinnati, OH-KY-IN",Hamilton County
77527,45236,OH,202409,1821.71,0.0111,,Deer Park,"Cincinnati, OH-KY-IN",Hamilton County
77527,45236,OH,202410,1836.66,0.0082,,Deer Park,"Cincinnati, OH-KY-IN",Hamilton County
77527,45236,OH,202411,1830.62,-0.0033,,Deer Park,"Cincinnati, OH-KY-IN",Hamilton County
77527,45236,OH,202412,1803.37,-0.0149,,Deer Park,"Cincinnati, OH-KY-IN",Hamilton County
77527,45236,OH,202501,1782.6,-0.0115,0.0063,Deer Park,"Cincinnati, OH-KY-IN",Hamilton County
77527,45236,OH,202502,1778.37,-0.0024,0.0119,Deer Park,"Cincinnati, OH-KY-IN",Hamilton County
77527,45236,OH,202503,1776.42,-0.0011,0.012,Deer Park,"Cincinnati, OH-KY-IN",Hamilton County
77527,45236,OH,202504,1795.43,0.0107,0.0231,Deer Park,"Cincinnati, OH-KY-IN",Hamilton County
77527,45236,OH,202505,1806.64,0.0062,0.021,Deer Park,"Cincinnati, OH-KY-IN",Hamilton County
77527,45236,OH,202506,1872.15,0.0363,0.0471,Deer Park,"Cincinnati, OH-KY-IN",Hamilton County
77527,45236,OH,202507,1914.12,0.0224,0.0739,Deer Park,"Cincinnati, OH-KY-IN",Hamilton County
77527,45236,OH,202508,1959.1,0.0235,0.0874,Deer Park,"Cincinnati, OH-KY-IN",Hamilton County
77527,45236,OH,202509,1963.77,0.0024,0.078,Deer Park,"Cincinnati, OH-KY-IN",Hamilton County
77527,45236,OH,202510,1964.02,0.0001,0.0693,Deer Park,"Cincinnati, OH-KY-IN",Hamilton County
77527,45236,OH,202511,1948.79,-0.0078,0.0646,Deer Park,"Cincinnati, OH-KY-IN",Hamilton County
77527,45236,OH,202512,1889.09,-0.0306,0.0475,Deer Park,"Cincinnati, OH-KY-IN",Hamilton County
77527,45236,OH,202601,1875.39,-0.0072,0.0521,Deer Park,"Cincinnati, OH-KY-IN",Hamilton County
77527,45236,OH,202602,1886.48,0.0059,0.0608,Deer Park,"Cincinnati, OH-KY-IN",Hamilton County
77527,45236,OH,202603,1902.14,0.0083,0.0708,Deer Park,"Cincinnati, OH-KY-IN",Hamilton County
77527,45236,OH,202604,1893.89,-0.0043,0.0548,Deer Park,"Cincinnati, OH-KY-IN",Hamilton County
77527,45236,OH,202605,1883.91,-0.0053,0.0428,Deer Park,"Cincinnati, OH-KY-IN",Hamilton County
77527,45236,OH,202606,1909.79,0.0137,0.0201,Deer Park,"Cincinnati, OH-KY-IN",Hamilton County
77527,45236,OH,202607,1931.5,0.0114,0.0091,Deer Park,"Cincinnati, OH-KY-IN",Hamilton County
77527,45236,OH,202608,1925.28,-0.0032,-0.0173,Deer Park,"Cincinnati, OH-KY-IN",Hamilton County
77528,45237,OH,202211,1007.82,,,Cincinnati,"Cincinnati, OH-KY-IN",Hamilton County
77528,45237,OH,202212,972.14,-0.0354,,Cincinnati,"Cincinnati, OH-KY-IN",Hamilton County
77528,45237,OH,202301,995.8,0.0243,,Cincinnati,"Cincinnati, OH-KY-IN",Hamilton County
77528,45237,OH,202302,1009.71,0.014,,Cincinnati,"Cincinnati, OH-KY-IN",Hamilton County
77528,45237,OH,202303,1054.75,0.0446,,Cincinnati,"Cincinnati, OH-KY-IN",Hamilton County
77528,45237,OH,202304,1075.26,0.0194,,Cincinnati,"Cincinnati, OH-KY-IN",Hamilton County
77528,45237,OH,202305,1082.11,0.0064,,Cincinnati,"Cincinnati, OH-KY-IN",Hamilton County
77528,45237,OH,202306,1064.31,-0.0164,,Cincinnati,"Cincinnati, OH-KY-IN",Hamilton County
77528,45237,OH,202307,1069.61,0.005,,Cincinnati,"Cincinnati, OH-KY-IN",Hamilton County
77528,45237,OH,202308,1066.42,-0.003,,Cincinnati,"Cincinnati, OH-KY-IN",Hamilton County
77528,45237,OH,202309,1057.43,-0.0084,,Cincinnati,"Cincinnati, OH-KY-IN",Hamilton County
77528,45237,OH,202310,1057.26,-0.0002,,Cincinnati,"Cincinnati, OH-KY-IN",Hamilton County
77528,45237,OH,202311,1061.88,0.0044,0.0536,Cincinnati,"Cincinnati, OH-KY-IN",Hamilton County
77528,45237,OH,202312,1086.73,0.0234,0.1179,Cincinnati,"Cincinnati, OH-KY-IN",Hamilton County
77528,45237,OH,202401,1077.94,-0.0081,0.0825,Cincinnati,"Cincinnati, OH-KY-IN",Hamilton County
77528,45237,OH,202402,1072.85,-0.0047,0.0625,Cincinnati,"Cincinnati, OH-KY-IN",Hamilton County
77528,45237,OH,202403,1069.07,-0.0035,0.0136,Cincinnati,"Cincinnati, OH-KY-IN",Hamilton County
77528,45237,OH,202404,1078.16,0.0085,0.0027,Cincinnati,"Cincinnati, OH-KY-IN",Hamilton County
77528,45237,OH,202405,1085.48,0.0068,0.0031,Cincinnati,"Cincinnati, OH-KY-IN",Hamilton County
77528,45237,OH,202406,1096.37,0.01,0.0301,Cincinnati,"Cincinnati, OH-KY-IN",Hamilton County
77528,45237,OH,202407,1120.25,0.0218,0.0473,Cincinnati,"Cincinnati, OH-KY-IN",Hamilton County
77528,45237,OH,202408,1150.05,0.0266,0.0784,Cincinnati,"Cincinnati, OH-KY-IN",Hamilton County
77528,45237,OH,202409,1156.18,0.0053,0.0934,Cincinnati,"Cincinnati, OH-KY-IN",Hamilton County
77528,45237,OH,202410,1151.53,-0.004,0.0892,Cincinnati,"Cincinnati, OH-KY-IN",Hamilton County
77528,45237,OH,202411,1162.48,0.0095,0.0947,Cincinnati,"Cincinnati, OH-KY-IN",Hamilton County
77528,45237,OH,202412,1156.53,-0.0051,0.0642,Cincinnati,"Cincinnati, OH-KY-IN",Hamilton County
77528,45237,OH,202501,1141.29,-0.0132,0.0588,Cincinnati,"Cincinnati, OH-KY-IN",Hamilton County
77528,45237,OH,202502,1112.12,-0.0256,0.0366,Cincinnati,"Cincinnati, OH-KY-IN",Hamilton County
77528,45237,OH,202503,1120.98,0.008,0.0486,Cincinnati,"Cincinnati, OH-KY-IN",Hamilton County
77528,45237,OH,202504,1131.67,0.0095,0.0496,Cincinnati,"Cincinnati, OH-KY-IN",Hamilton County
77528,45237,OH,202505,1138.44,0.006,0.0488,Cincinnati,"Cincinnati, OH-KY-IN",Hamilton County
77528,45237,OH,202506,1142.08,0.0032,0.0417,Cincinnati,"Cincinnati, OH-KY-IN",Hamilton County
77528,45237,OH,202507,1169.43,0.0239,0.0439,Cincinnati,"Cincinnati, OH-KY-IN",Hamilton County
77528,45237,OH,202508,1192.61,0.0198,0.037,Cincinnati,"Cincinnati, OH-KY-IN",Hamilton County
77528,45237,OH,202509,1201.52,0.0075,0.0392,Cincinnati,"Cincinnati, OH-KY-IN",Hamilton County
77528,45237,OH,202510,1190.32,-0.0093,0.0337,Cincinnati,"Cincinnati, OH-KY-IN",Hamilton County
77528,45237,OH,202511,1156.36,-0.0285,-0.0053,Cincinnati,"Cincinnati, OH-KY-IN",Hamilton County
77528,45237,OH,202512,1164.7,0.0072,0.0071,Cincinnati,"Cincinnati, OH-KY-IN",Hamilton County
77528,45237,OH,202601,1164.08,-0.0005,0.02,Cincinnati,"Cincinnati, OH-KY-IN",Hamilton County
77528,45237,OH,202602,1203.08,0.0335,0.0818,Cincinnati,"Cincinnati, OH-KY-IN",Hamilton County
77528,45237,OH,202603,1193.42,-0.008,0.0646,Cincinnati,"Cincinnati, OH-KY-IN",Hamilton County
77528,45237,OH,202604,1200.76,0.0061,0.061,Cincinnati,"Cincinnati, OH-KY-IN",Hamilton County
77528,45237,OH,202605,1180.15,-0.0172,0.0366,Cincinnati,"Cincinnati, OH-KY-IN",Hamilton County
77528,45237,OH,202606,1188.87,0.0074,0.041,Cincinnati,"Cincinnati, OH-KY-IN",Hamilton County
77528,45237,OH,202607,1175.68,-0.0111,0.0054,Cincinnati,"Cincinnati, OH-KY-IN",Hamilton County
77528,45237,OH,202608,1188.01,0.0105,-0.0039,Cincinnati,"Cincinnati, OH-KY-IN",Hamilton County
77529,45238,OH,202011,748.82,,,Cincinnati,"Cincinnati, OH-KY-IN",Hamilton County
77529,45238,OH,202012,748.14,-0.0009,,Cincinnati,"Cincinnati, OH-KY-IN",Hamilton County
77529,45238,OH,202101,752.99,0.0065,,Cincinnati,"Cincinnati, OH-KY-IN",Hamilton County
77529,45238,OH,202102,786.65,0.0447,,Cincinnati,"Cincinnati, OH-KY-IN",Hamilton County
77529,45238,OH,202103,798.97,0.0157,,Cincinnati,"Cincinnati, OH-KY-IN",Hamilton County
77529,45238,OH,202104,809.06,0.0126,,Cincinnati,"Cincinnati, OH-KY-IN",Hamilton County
77529,45238,OH,202105,806.56,-0.0031,,Cincinnati,"Cincinnati, OH-KY-IN",Hamilton County
77529,45238,OH,202106,821.38,0.0184,,Cincinnati,"Cincinnati, OH-KY-IN",Hamilton County
77529,45238,OH,202107,826.55,0.0063,,Cincinnati,"Cincinnati, OH-KY-IN",Hamilton County
77529,45238,OH,202108,841.53,0.0181,,Cincinnati,"Cincinnati, OH-KY-IN",Hamilton County
77529,45238,OH,202109,854.24,0.0151,,Cincinnati,"Cincinnati, OH-KY-IN",Hamilton County
77529,45238,OH,202110,880.23,0.0304,,Cincinnati,"Cincinnati, OH-KY-IN",Hamilton County
77529,45238,OH,202111,896.4,0.0184,0.1971,Cincinnati,"Cincinnati, OH-KY-IN",Hamilton County
77529,45238,OH,202112,892.31,-0.0046,0.1927,Cincinnati,"Cincinnati, OH-KY-IN",Hamilton County
77529,45238,OH,202201,883.68,-0.0097,0.1736,Cincinnati,"Cincinnati, OH-KY-IN",Hamilton County
77529,45238,OH,202202,893.46,0.0111,0.1358,Cincinnati,"Cincinnati, OH-KY-IN",Hamilton County
77529,45238,OH,202203,910.36,0.0189,0.1394,Cincinnati,"Cincinnati, OH-KY-IN",Hamilton County
77529,45238,OH,202204,922.85,0.0137,0.1406,Cincinnati,"Cincinnati, OH-KY-IN",Hamilton County
77529,45238,OH,202205,916.81,-0.0065,0.1367,Cincinnati,"Cincinnati, OH-KY-IN",Hamilton County
77529,45238,OH,202206,932.68,0.0173,0.1355,Cincinnati,"Cincinnati, OH-KY-IN",Hamilton County
77529,45238,OH,202207,948.69,0.0172,0.1478,Cincinnati,"Cincinnati, OH-KY-IN",Hamilton County
77529,45238,OH,202208,955.71,0.0074,0.1357,Cincinnati,"Cincinnati, OH-KY-IN",Hamilton County
77529,45238,OH,202209,952.97,-0.0029,0.1156,Cincinnati,"Cincinnati, OH-KY-IN",Hamilton County
77529,45238,OH,202210,947.18,-0.0061,0.0761,Cincinnati,"Cincinnati, OH-KY-IN",Hamilton County
77529,45238,OH,202211,946.39,-0.0008,0.0558,Cincinnati,"Cincinnati, OH-KY-IN",Hamilton County
77529,45238,OH,202212,954.06,0.0081,0.0692,Cincinnati,"Cincinnati, OH-KY-IN",Hamilton County
77529,45238,OH,202301,956.83,0.0029,0.0828,Cincinnati,"Cincinnati, OH-KY-IN",Hamilton County
77529,45238,OH,202302,962.23,0.0056,0.077,Cincinnati,"Cincinnati, OH-KY-IN",Hamilton County
77529,45238,OH,202303,961.0,-0.0013,0.0556,Cincinnati,"Cincinnati, OH-KY-IN",Hamilton County
77529,45238,OH,202304,963.21,0.0023,0.0437,Cincinnati,"Cincinnati, OH-KY-IN",Hamilton County
77529,45238,OH,202305,967.13,0.0041,0.0549,Cincinnati,"Cincinnati, OH-KY-IN",Hamilton County
77529,45238,OH,202306,956.67,-0.0108,0.0257,Cincinnati,"Cincinnati, OH-KY-IN",Hamilton County
77529,45238,OH,202307,964.59,0.0083,0.0168,Cincinnati,"Cincinnati, OH-KY-IN",Hamilton County
77529,45238,OH,202308,969.64,0.0052,0.0146,Cincinnati,"Cincinnati, OH-KY-IN",Hamilton County
77529,45238,OH,202309,988.73,0.0197,0.0375,Cincinnati,"Cincinnati, OH-KY-IN",Hamilton County
77529,45238,OH,202310,981.49,-0.0073,0.0362,Cincinnati,"Cincinnati, OH-KY-IN",Hamilton County
77529,45238,OH,202311,974.16,-0.0075,0.0294,Cincinnati,"Cincinnati, OH-KY-IN",Hamilton County
77529,45238,OH,202312,959.02,-0.0155,0.0052,Cincinnati,"Cincinnati, OH-KY-IN",Hamilton County
77529,45238,OH,202401,959.35,0.0003,0.0026,Cincinnati,"Cincinnati, OH-KY-IN",Hamilton County
77529,45238,OH,202402,980.27,0.0218,0.0187,Cincinnati,"Cincinnati, OH-KY-IN",Hamilton County
77529,45238,OH,202403,997.45,0.0175,0.0379,Cincinnati,"Cincinnati, OH-KY-IN",Hamilton County
77529,45238,OH,202404,1007.33,0.0099,0.0458,Cincinnati,"Cincinnati, OH-KY-IN",Hamilton County
77529,45238,OH,202405,1016.33,0.0089,0.0509,Cincinnati,"Cincinnati, OH-KY-IN",Hamilton County
77529,45238,OH,202406,1019.36,0.003,0.0655,Cincinnati,"Cincinnati, OH-KY-IN",Hamilton County
77529,45238,OH,202407,1025.13,0.0057,0.0628,Cincinnati,"Cincinnati, OH-KY-IN",Hamilton County
77529,45238,OH,202408,1010.73,-0.014,0.0424,Cincinnati,"Cincinnati, OH-KY-IN",Hamilton County
77529,45238,OH,202409,1013.98,0.0032,0.0255,Cincinnati,"Cincinnati, OH-KY-IN",Hamilton County
77529,45238,OH,202410,1007.45,-0.0064,0.0265,Cincinnati,"Cincinnati, OH-KY-IN",Hamilton County
77529,45238,OH,202411,1017.86,0.0103,0.0449,Cincinnati,"Cincinnati, OH-KY-IN",Hamilton County
77529,45238,OH,202412,1014.99,-0.0028,0.0584,Cincinnati,"Cincinnati, OH-KY-IN",Hamilton County
77529,45238,OH,202501,1024.25,0.0091,0.0677,Cincinnati,"Cincinnati, OH-KY-IN",Hamilton County
77529,45238,OH,202502,1015.01,-0.009,0.0354,Cincinnati,"Cincinnati, OH-KY-IN",Hamilton County
77529,45238,OH,202503,1019.55,0.0045,0.0222,Cincinnati,"Cincinnati, OH-KY-IN",Hamilton County
77529,45238,OH,202504,1021.26,0.0017,0.0138,Cincinnati,"Cincinnati, OH-KY-IN",Hamilton County
77529,45238,OH,202505,1028.61,0.0072,0.0121,Cincinnati,"Cincinnati, OH-KY-IN",Hamilton County
77529,45238,OH,202506,1028.18,-0.0004,0.0087,Cincinnati,"Cincinnati, OH-KY-IN",Hamilton County
77529,45238,OH,202507,1021.27,-0.0067,-0.0038,Cincinnati,"Cincinnati, OH-KY-IN",Hamilton County
77529,45238,OH,202508,1022.28,0.001,0.0114,Cincinnati,"Cincinnati, OH-KY-IN",Hamilton County
77529,45238,OH,202509,1032.22,0.0097,0.018,Cincinnati,"Cincinnati, OH-KY-IN",Hamilton County
77529,45238,OH,202510,1038.78,0.0064,0.0311,Cincinnati,"Cincinnati, OH-KY-IN",Hamilton County
77529,45238,OH,202511,1043.24,0.0043,0.0249,Cincinnati,"Cincinnati, OH-KY-IN",Hamilton County
77529,45238,OH,202512,1036.26,-0.0067,0.021,Cincinnati,"Cincinnati, OH-KY-IN",Hamilton County
77529,45238,OH,202601,1043.96,0.0074,0.0192,Cincinnati,"Cincinnati, OH-KY-IN",Hamilton County
77529,45238,OH,202602,1056.51,0.012,0.0409,Cincinnati,"Cincinnati, OH-KY-IN",Hamilton County
77529,45238,OH,202603,1067.85,0.0107,0.0474,Cincinnati,"Cincinnati, OH-KY-IN",Hamilton County
77529,45238,OH,202604,1070.72,0.0027,0.0484,Cincinnati,"Cincinnati, OH-KY-IN",Hamilton County
77529,45238,OH,202605,1068.05,-0.0025,0.0383,Cincinnati,"Cincinnati, OH-KY-IN",Hamilton County
77529,45238,OH,202606,1056.33,-0.011,0.0274,Cincinnati,"Cincinnati, OH-KY-IN",Hamilton County
77529,45238,OH,202607,1053.27,-0.0029,0.0313,Cincinnati,"Cincinnati, OH-KY-IN",Hamilton County
77529,45238,OH,202608,1051.55,-0.0016,0.0286,Cincinnati,"Cincinnati, OH-KY-IN",Hamilton County
77530,45239,OH,202305,1078.67,,,Cincinnati,"Cincinnati, OH-KY-IN",Hamilton County
77530,45239,OH,202306,1092.11,0.0125,,Cincinnati,"Cincinnati, OH-KY-IN",Hamilton County
77530,45239,OH,202307,1101.62,0.0087,,Cincinnati,"Cincinnati, OH-KY-IN",Hamilton County
77530,45239,OH,202308,1103.16,0.0014,,Cincinnati,"Cincinnati, OH-KY-IN",Hamilton County
77530,45239,OH,202309,1104.95,0.0016,,Cincinnati,"Cincinnati, OH-KY-IN",Hamilton County
77530,45239,OH,202310,1115.0,0.0091,,Cincinnati,"Cincinnati, OH-KY-IN",Hamilton County
77530,45239,OH,202311,1125.64,0.0095,,Cincinnati,"Cincinnati, OH-KY-IN",Hamilton County
77530,45239,OH,202312,1133.78,0.0072,,Cincinnati,"Cincinnati, OH-KY-IN",Hamilton County
77530,45239,OH,202401,1129.7,-0.0036,,Cincinnati,"Cincinnati, OH-KY-IN",Hamilton County
77530,45239,OH,202402,1136.2,0.0058,,Cincinnati,"Cincinnati, OH-KY-IN",Hamilton County
77530,45239,OH,202403,1151.93,0.0138,,Cincinnati,"Cincinnati, OH-KY-IN",Hamilton County
77530,45239,OH,202404,1152.59,0.0006,,Cincinnati,"Cincinnati, OH-KY-IN",Hamilton County
77530,45239,OH,202405,1153.92,0.0012,0.0698,Cincinnati,"Cincinnati, OH-KY-IN",Hamilton County
77530,45239,OH,202406,1175.7,0.0189,0.0765,Cincinnati,"Cincinnati, OH-KY-IN",Hamilton County
77530,45239,OH,202407,1186.37,0.0091,0.0769,Cincinnati,"Cincinnati, OH-KY-IN",Hamilton County
77530,45239,OH,202408,1194.78,0.0071,0.0831,Cincinnati,"Cincinnati, OH-KY-IN",Hamilton County
77530,45239,OH,202409,1199.83,0.0042,0.0859,Cincinnati,"Cincinnati, OH-KY-IN",Hamilton County
77530,45239,OH,202410,1198.96,-0.0007,0.0753,Cincinnati,"Cincinnati, OH-KY-IN",Hamilton County
77530,45239,OH,202411,1182.85,-0.0134,0.0508,Cincinnati,"Cincinnati, OH-KY-IN",Hamilton County
77530,45239,OH,202412,1166.28,-0.014,0.0287,Cincinnati,"Cincinnati, OH-KY-IN",Hamilton County
77530,45239,OH,202501,1164.25,-0.0017,0.0306,Cincinnati,"Cincinnati, OH-KY-IN",Hamilton County
77530,45239,OH,202502,1178.1,0.0119,0.0369,Cincinnati,"Cincinnati, OH-KY-IN",Hamilton County
77530,45239,OH,202503,1181.18,0.0026,0.0254,Cincinnati,"Cincinnati, OH-KY-IN",Hamilton County
77530,45239,OH,202504,1191.84,0.009,0.0341,Cincinnati,"Cincinnati, OH-KY-IN",Hamilton County
77530,45239,OH,202505,1197.45,0.0047,0.0377,Cincinnati,"Cincinnati, OH-KY-IN",Hamilton County
77530,45239,OH,202506,1221.56,0.0201,0.039,Cincinnati,"Cincinnati, OH-KY-IN",Hamilton County
77530,45239,OH,202507,1223.06,0.0012,0.0309,Cincinnati,"Cincinnati, OH-KY-IN",Hamilton County
77530,45239,OH,202508,1243.54,0.0167,0.0408,Cincinnati,"Cincinnati, OH-KY-IN",Hamilton County
77530,45239,OH,202509,1230.98,-0.0101,0.026,Cincinnati,"Cincinnati, OH-KY-IN",Hamilton County
77530,45239,OH,202510,1262.11,0.0253,0.0527,Cincinnati,"Cincinnati, OH-KY-IN",Hamilton County
77530,45239,OH,202511,1259.97,-0.0017,0.0652,Cincinnati,"Cincinnati, OH-KY-IN",Hamilton County
77530,45239,OH,202512,1286.88,0.0214,0.1034,Cincinnati,"Cincinnati, OH-KY-IN",Hamilton County
77530,45239,OH,202601,1250.13,-0.0286,0.0738,Cincinnati,"Cincinnati, OH-KY-IN",Hamilton County
77530,45239,OH,202602,1243.57,-0.0053,0.0556,Cincinnati,"Cincinnati, OH-KY-IN",Hamilton County
77530,45239,OH,202603,1254.86,0.0091,0.0624,Cincinnati,"Cincinnati, OH-KY-IN",Hamilton County
77530,45239,OH,202604,1290.3,0.0282,0.0826,Cincinnati,"Cincinnati, OH-KY-IN",Hamilton County
77530,45239,OH,202605,1306.68,0.0127,0.0912,Cincinnati,"Cincinnati, OH-KY-IN",Hamilton County
77530,45239,OH,202606,1297.71,-0.0069,0.0623,Cincinnati,"Cincinnati, OH-KY-IN",Hamilton County
77530,45239,OH,202607,1293.55,-0.0032,0.0576,Cincinnati,"Cincinnati, OH-KY-IN",Hamilton County
77530,45239,OH,202608,1305.16,0.009,0.0495,Cincinnati,"Cincinnati, OH-KY-IN",Hamilton County
77531,45240,OH,202311,1301.52,,,Forest Park,"Cincinnati, OH-KY-IN",Hamilton County
77531,45240,OH,202312,1341.93,0.031,,Forest Park,"Cincinnati, OH-KY-IN",Hamilton County
77531,45240,OH,202401,1352.08,0.0076,,Forest Park,"Cincinnati, OH-KY-IN",Hamilton County
77531,45240,OH,202402,1369.62,0.013,,Forest Park,"Cincinnati, OH-KY-IN",Hamilton County
77531,45240,OH,202403,1361.8,-0.0057,,Forest Park,"Cincinnati, OH-KY-IN",Hamilton County
77531,45240,OH,202404,1369.88,0.0059,,Forest Park,"Cincinnati, OH-KY-IN",Hamilton County
77531,45240,OH,202405,1367.76,-0.0015,,Forest Park,"Cincinnati, OH-KY-IN",Hamilton County
77531,45240,OH,202406,1392.22,0.0179,,Forest Park,"Cincinnati, OH-KY-IN",Hamilton County
77531,45240,OH,202407,1398.53,0.0045,,Forest Park,"Cincinnati, OH-KY-IN",Hamilton County
77531,45240,OH,202408,1400.67,0.0015,,Forest Park,"Cincinnati, OH-KY-IN",Hamilton County
77531,45240,OH,202409,1381.22,-0.0139,,Forest Park,"Cincinnati, OH-KY-IN",Hamilton County
77531,45240,OH,202410,1382.86,0.0012,,Forest Park,"Cincinnati, OH-KY-IN",Hamilton County
77531,45240,OH,202411,1393.02,0.0073,0.0703,Forest Park,"Cincinnati, OH-KY-IN",Hamilton County
77531,45240,OH,202412,1399.58,0.0047,0.043,Forest Park,"Cincinnati, OH-KY-IN",Hamilton County
77531,45240,OH,202501,1418.08,0.0132,0.0488,Forest Park,"Cincinnati, OH-KY-IN",Hamilton County
77531,45240,OH,202502,1424.33,0.0044,0.0399,Forest Park,"Cincinnati, OH-KY-IN",Hamilton County
77531,45240,OH,202503,1423.75,-0.0004,0.0455,Forest Park,"Cincinnati, OH-KY-IN",Hamilton County
77531,45240,OH,202504,1418.36,-0.0038,0.0354,Forest Park,"Cincinnati, OH-KY-IN",Hamilton County
77531,45240,OH,202505,1429.83,0.0081,0.0454,Forest Park,"Cincinnati, OH-KY-IN",Hamilton County
77531,45240,OH,202506,1446.59,0.0117,0.0391,Forest Park,"Cincinnati, OH-KY-IN",Hamilton County
77531,45240,OH,202507,1445.2,-0.001,0.0334,Forest Park,"Cincinnati, OH-KY-IN",Hamilton County
77531,45240,OH,202508,1445.04,-0.0001,0.0317,Forest Park,"Cincinnati, OH-KY-IN",Hamilton County
77531,45240,OH,202509,1455.1,0.007,0.0535,Forest Park,"Cincinnati, OH-KY-IN",Hamilton County
77531,45240,OH,202510,1475.44,0.014,0.0669,Forest Park,"Cincinnati, OH-KY-IN",Hamilton County
77531,45240,OH,202511,1486.15,0.0073,0.0669,Forest Park,"Cincinnati, OH-KY-IN",Hamilton County
77531,45240,OH,202512,1486.65,0.0003,0.0622,Forest Park,"Cincinnati, OH-KY-IN",Hamilton County
77531,45240,OH,202601,1480.16,-0.0044,0.0438,Forest Park,"Cincinnati, OH-KY-IN",Hamilton County
77531,45240,OH,202602,1484.92,0.0032,0.0425,Forest Park,"Cincinnati, OH-KY-IN",Hamilton County
77531,45240,OH,202603,1463.82,-0.0142,0.0281,Forest Park,"Cincinnati, OH-KY-IN",Hamilton County
77531,45240,OH,202604,1499.89,0.0246,0.0575,Forest Park,"Cincinnati, OH-KY-IN",Hamilton County
77531,45240,OH,202605,1494.18,-0.0038,0.045,Forest Park,"Cincinnati, OH-KY-IN",Hamilton County
77531,45240,OH,202606,1538.86,0.0299,0.0638,Forest Park,"Cincinnati, OH-KY-IN",Hamilton County
77531,45240,OH,202607,1542.33,0.0023,0.0672,Forest Park,"Cincinnati, OH-KY-IN",Hamilton County
77531,45240,OH,202608,1545.91,0.0023,0.0698,Forest Park,"Cincinnati, OH-KY-IN",Hamilton County
77532,45241,OH,202601,1451.44,,,Sharonville,"Cincinnati, OH-KY-IN",Hamilton County
77532,45241,OH,202602,1391.31,-0.0414,,Sharonville,"Cincinnati, OH-KY-IN",Hamilton County
77532,45241,OH,202603,1419.63,0.0204,,Sharonville,"Cincinnati, OH-KY-IN",Hamilton County
77532,45241,OH,202604,1435.23,0.011,,Sharonville,"Cincinnati, OH-KY-IN",Hamilton County
77532,45241,OH,202605,1479.2,0.0306,,Sharonville,"Cincinnati, OH-KY-IN",Hamilton County
77532,45241,OH,202606,1451.98,-0.0184,,Sharonville,"Cincinnati, OH-KY-IN",Hamilton County
77532,45241,OH,202607,1423.47,-0.0196,,Sharonville,"Cincinnati, OH-KY-IN",Hamilton County
77532,45241,OH,202608,1373.65,-0.035,,Sharonville,"Cincinnati, OH-KY-IN",Hamilton County
77533,45242,OH,202102,1363.55,,,Montgomery,"Cincinnati, OH-KY-IN",Hamilton County
77533,45242,OH,202103,1357.52,-0.0044,,Montgomery,"Cincinnati, OH-KY-IN",Hamilton County
77533,45242,OH,202104,1370.2,0.0093,,Montgomery,"Cincinnati, OH-KY-IN",Hamilton County
77533,45242,OH,202105,1404.92,0.0253,,Montgomery,"Cincinnati, OH-KY-IN",Hamilton County
77533,45242,OH,202106,1433.96,0.0207,,Montgomery,"Cincinnati, OH-KY-IN",Hamilton County
77533,45242,OH,202107,1448.45,0.0101,,Montgomery,"Cincinnati, OH-KY-IN",Hamilton County
77533,45242,OH,202108,1441.74,-0.0046,,Montgomery,"Cincinnati, OH-KY-IN",Hamilton County
77533,45242,OH,202109,1472.18,0.0211,,Montgomery,"Cincinnati, OH-KY-IN",Hamilton County
77533,45242,OH,202110,1443.52,-0.0195,,Montgomery,"Cincinnati, OH-KY-IN",Hamilton County
77533,45242,OH,202111,1456.78,0.0092,,Montgomery,"Cincinnati, OH-KY-IN",Hamilton County
77533,45242,OH,202112,1425.78,-0.0213,,Montgomery,"Cincinnati, OH-KY-IN",Hamilton County
77533,45242,OH,202201,1468.24,0.0298,,Montgomery,"Cincinnati, OH-KY-IN",Hamilton County
77533,45242,OH,202202,1495.99,0.0189,0.0971,Montgomery,"Cincinnati, OH-KY-IN",Hamilton County
77533,45242,OH,202203,1548.79,0.0353,0.1409,Montgomery,"Cincinnati, OH-KY-IN",Hamilton County
77533,45242,OH,202204,1595.47,0.0301,0.1644,Montgomery,"Cincinnati, OH-KY-IN",Hamilton County
77533,45242,OH,202205,1626.94,0.0197,0.158,Montgomery,"Cincinnati, OH-KY-IN",Hamilton County
77533,45242,OH,202206,1637.42,0.0064,0.1419,Montgomery,"Cincinnati, OH-KY-IN",Hamilton County
77533,45242,OH,202207,1638.74,0.0008,0.1314,Montgomery,"Cincinnati, OH-KY-IN",Hamilton County
77533,45242,OH,202208,1655.07,0.01,0.148,Montgomery,"Cincinnati, OH-KY-IN",Hamilton County
77533,45242,OH,202209,1665.91,0.0065,0.1316,Montgomery,"Cincinnati, OH-KY-IN",Hamilton County
77533,45242,OH,202210,1637.51,-0.017,0.1344,Montgomery,"Cincinnati, OH-KY-IN",Hamilton County
77533,45242,OH,202211,1586.42,-0.0312,0.089,Montgomery,"Cincinnati, OH-KY-IN",Hamilton County
77533,45242,OH,202212,1573.27,-0.0083,0.1034,Montgomery,"Cincinnati, OH-KY-IN",Hamilton County
77533,45242,OH,202301,1607.44,0.0217,0.0948,Montgomery,"Cincinnati, OH-KY-IN",Hamilton County
77533,45242,OH,202302,1651.56,0.0274,0.104,Montgomery,"Cincinnati, OH-KY-IN",Hamilton County
77533,45242,OH,202303,1681.55,0.0182,0.0857,Montgomery,"Cincinnati, OH-KY-IN",Hamilton County
77533,45242,OH,202304,1690.12,0.0051,0.0593,Montgomery,"Cincinnati, OH-KY-IN",Hamilton County
77533,45242,OH,202305,1698.31,0.0048,0.0439,Montgomery,"Cincinnati, OH-KY-IN",Hamilton County
77533,45242,OH,202306,1704.56,0.0037,0.041,Montgomery,"Cincinnati, OH-KY-IN",Hamilton County
77533,45242,OH,202307,1718.41,0.0081,0.0486,Montgomery,"Cincinnati, OH-KY-IN",Hamilton County
77533,45242,OH,202308,1721.9,0.002,0.0404,Montgomery,"Cincinnati, OH-KY-IN",Hamilton County
77533,45242,OH,202309,1701.27,-0.012,0.0212,Montgomery,"Cincinnati, OH-KY-IN",Hamilton County
77533,45242,OH,202310,1700.33,-0.0006,0.0384,Montgomery,"Cincinnati, OH-KY-IN",Hamilton County
77533,45242,OH,202311,1698.55,-0.001,0.0707,Montgomery,"Cincinnati, OH-KY-IN",Hamilton County
77533,45242,OH,202312,1678.61,-0.0117,0.067,Montgomery,"Cincinnati, OH-KY-IN",Hamilton County
77533,45242,OH,202401,1663.88,-0.0088,0.0351,Montgomery,"Cincinnati, OH-KY-IN",Hamilton County
77533,45242,OH,202402,1672.76,0.0053,0.0128,Montgomery,"Cincinnati, OH-KY-IN",Hamilton County
77533,45242,OH,202403,1710.39,0.0225,0.0172,Montgomery,"Cincinnati, OH-KY-IN",Hamilton County
77533,45242,OH,202404,1723.24,0.0075,0.0196,Montgomery,"Cincinnati, OH-KY-IN",Hamilton County
77533,45242,OH,202405,1709.02,-0.0083,0.0063,Montgomery,"Cincinnati, OH-KY-IN",Hamilton County
77533,45242,OH,202406,1709.0,-0.0,0.0026,Montgomery,"Cincinnati, OH-KY-IN",Hamilton County
77533,45242,OH,202407,1738.38,0.0172,0.0116,Montgomery,"Cincinnati, OH-KY-IN",Hamilton County
77533,45242,OH,202408,1765.71,0.0157,0.0254,Montgomery,"Cincinnati, OH-KY-IN",Hamilton County
77533,45242,OH,202409,1786.66,0.0119,0.0502,Montgomery,"Cincinnati, OH-KY-IN",Hamilton County
77533,45242,OH,202410,1753.6,-0.0185,0.0313,Montgomery,"Cincinnati, OH-KY-IN",Hamilton County
77533,45242,OH,202411,1754.59,0.0006,0.033,Montgomery,"Cincinnati, OH-KY-IN",Hamilton County
77533,45242,OH,202412,1740.28,-0.0082,0.0367,Montgomery,"Cincinnati, OH-KY-IN",Hamilton County
77533,45242,OH,202501,1725.79,-0.0083,0.0372,Montgomery,"Cincinnati, OH-KY-IN",Hamilton County
77533,45242,OH,202502,1740.09,0.0083,0.0403,Montgomery,"Cincinnati, OH-KY-IN",Hamilton County
77533,45242,OH,202503,1768.26,0.0162,0.0338,Montgomery,"Cincinnati, OH-KY-IN",Hamilton County
77533,45242,OH,202504,1833.7,0.037,0.0641,Montgomery,"Cincinnati, OH-KY-IN",Hamilton County
77533,45242,OH,202505,1845.79,0.0066,0.08,Montgomery,"Cincinnati, OH-KY-IN",Hamilton County
77533,45242,OH,202506,1855.29,0.0052,0.0856,Montgomery,"Cincinnati, OH-KY-IN",Hamilton County
77533,45242,OH,202507,1844.68,-0.0057,0.0611,Montgomery,"Cincinnati, OH-KY-IN",Hamilton County
77533,45242,OH,202508,1858.58,0.0075,0.0526,Montgomery,"Cincinnati, OH-KY-IN",Hamilton County
77533,45242,OH,202509,1871.98,0.0072,0.0478,Montgomery,"Cincinnati, OH-KY-IN",Hamilton County
77533,45242,OH,202510,1857.54,-0.0077,0.0593,Montgomery,"Cincinnati, OH-KY-IN",Hamilton County
77533,45242,OH,202511,1813.95,-0.0235,0.0338,Montgomery,"Cincinnati, OH-KY-IN",Hamilton County
77533,45242,OH,202512,1766.44,-0.0262,0.015,Montgomery,"Cincinnati, OH-KY-IN",Hamilton County
77533,45242,OH,202601,1780.69,0.0081,0.0318,Montgomery,"Cincinnati, OH-KY-IN",Hamilton County
77533,45242,OH,202602,1810.93,0.017,0.0407,Montgomery,"Cincinnati, OH-KY-IN",Hamilton County
77533,45242,OH,202603,1845.8,0.0193,0.0439,Montgomery,"Cincinnati, OH-KY-IN",Hamilton County
77533,45242,OH,202604,1856.37,0.0057,0.0124,Montgomery,"Cincinnati, OH-KY-IN",Hamilton County
77533,45242,OH,202605,1838.63,-0.0096,-0.0039,Montgomery,"Cincinnati, OH-KY-IN",Hamilton County
77533,45242,OH,202606,1865.1,0.0144,0.0053,Montgomery,"Cincinnati, OH-KY-IN",Hamilton County
77533,45242,OH,202607,1871.63,0.0035,0.0146,Montgomery,"Cincinnati, OH-KY-IN",Hamilton County
77533,45242,OH,202608,1879.03,0.004,0.011,Montgomery,"Cincinnati, OH-KY-IN",Hamilton County
77534,45243,OH,202604,2271.39,,,Madeira,"Cincinnati, OH-KY-IN",Hamilton County
77534,45243,OH,202605,2281.86,0.0046,,Madeira,"Cincinnati, OH-KY-IN",Hamilton County
77534,45243,OH,202606,2311.79,0.0131,,Madeira,"Cincinnati, OH-KY-IN",Hamilton County
77534,45243,OH,202607,2335.63,0.0103,,Madeira,"Cincinnati, OH-KY-IN",Hamilton County
77534,45243,OH,202608,2328.06,-0.0032,,Madeira,"Cincinnati, OH-KY-IN",Hamilton County
77535,45244,OH,202311,1552.12,,,Dry Run,"Cincinnati, OH-KY-IN",Hamilton County
77535,45244,OH,202312,1495.56,-0.0364,,Dry Run,"Cincinnati, OH-KY-IN",Hamilton County
77535,45244,OH,202401,1502.04,0.0043,,Dry Run,"Cincinnati, OH-KY-IN",Hamilton County
77535,45244,OH,202402,1533.85,0.0212,,Dry Run,"Cincinnati, OH-KY-IN",Hamilton County
77535,45244,OH,202403,1582.4,0.0317,,Dry Run,"Cincinnati, OH-KY-IN",Hamilton County
77535,45244,OH,202404,1591.69,0.0059,,Dry Run,"Cincinnati, OH-KY-IN",Hamilton County
77535,45244,OH,202405,1591.48,-0.0001,,Dry Run,"Cincinnati, OH-KY-IN",Hamilton County
77535,45244,OH,202406,1592.53,0.0007,,Dry Run,"Cincinnati, OH-KY-IN",Hamilton County
77535,45244,OH,202407,1598.85,0.004,,Dry Run,"Cincinnati, OH-KY-IN",Hamilton County
77535,45244,OH,202408,1576.28,-0.0141,,Dry Run,"Cincinnati, OH-KY-IN",Hamilton County
77535,45244,OH,202409,1574.52,-0.0011,,Dry Run,"Cincinnati, OH-KY-IN",Hamilton County
77535,45244,OH,202410,1565.48,-0.0057,,Dry Run,"Cincinnati, OH-KY-IN",Hamilton County
77535,45244,OH,202411,1562.88,-0.0017,0.0069,Dry Run,"Cincinnati, OH-KY-IN",Hamilton County
77535,45244,OH,202412,1565.38,0.0016,0.0467,Dry Run,"Cincinnati, OH-KY-IN",Hamilton County
77535,45244,OH,202501,1544.04,-0.0136,0.028,Dry Run,"Cincinnati, OH-KY-IN",Hamilton County
77535,45244,OH,202502,1532.17,-0.0077,-0.0011,Dry Run,"Cincinnati, OH-KY-IN",Hamilton County
77535,45244,OH,202503,1499.28,-0.0215,-0.0525,Dry Run,"Cincinnati, OH-KY-IN",Hamilton County
77535,45244,OH,202504,1527.82,0.019,-0.0401,Dry Run,"Cincinnati, OH-KY-IN",Hamilton County
77535,45244,OH,202505,1568.04,0.0263,-0.0147,Dry Run,"Cincinnati, OH-KY-IN",Hamilton County
77535,45244,OH,202506,1604.11,0.023,0.0073,Dry Run,"Cincinnati, OH-KY-IN",Hamilton County
77535,45244,OH,202507,1591.62,-0.0078,-0.0045,Dry Run,"Cincinnati, OH-KY-IN",Hamilton County
77535,45244,OH,202508,1591.83,0.0001,0.0099,Dry Run,"Cincinnati, OH-KY-IN",Hamilton County
77535,45244,OH,202509,1640.31,0.0305,0.0418,Dry Run,"Cincinnati, OH-KY-IN",Hamilton County
77535,45244,OH,202510,1665.9,0.0156,0.0641,Dry Run,"Cincinnati, OH-KY-IN",Hamilton County
77535,45244,OH,202511,1656.76,-0.0055,0.0601,Dry Run,"Cincinnati, OH-KY-IN",Hamilton County
77535,45244,OH,202512,1592.47,-0.0388,0.0173,Dry Run,"Cincinnati, OH-KY-IN",Hamilton County
77535,45244,OH,202601,1559.76,-0.0205,0.0102,Dry Run,"Cincinnati, OH-KY-IN",Hamilton County
77535,45244,OH,202602,1530.02,-0.0191,-0.0014,Dry Run,"Cincinnati, OH-KY-IN",Hamilton County
77535,45244,OH,202603,1534.3,0.0028,0.0234,Dry Run,"Cincinnati, OH-KY-IN",Hamilton County
77535,45244,OH,202604,1551.26,0.0111,0.0153,Dry Run,"Cincinnati, OH-KY-IN",Hamilton County
77535,45244,OH,202605,1599.56,0.0311,0.0201,Dry Run,"Cincinnati, OH-KY-IN",Hamilton County
77535,45244,OH,202606,1617.1,0.011,0.0081,Dry Run,"Cincinnati, OH-KY-IN",Hamilton County
77535,45244,OH,202607,1638.53,0.0133,0.0295,Dry Run,"Cincinnati, OH-KY-IN",Hamilton County
77535,45244,OH,202608,1638.74,0.0001,0.0295,Dry Run,"Cincinnati, OH-KY-IN",Hamilton County
77536,45245,OH,202601,1562.04,,,Cincinnati,"Cincinnati, OH-KY-IN",Clermont County
77536,45245,OH,202602,1556.39,-0.0036,,Cincinnati,"Cincinnati, OH-KY-IN",Clermont County
77536,45245,OH,202603,1576.58,0.013,,Cincinnati,"Cincinnati, OH-KY-IN",Clermont County
77536,45245,OH,202604,1580.09,0.0022,,Cincinnati,"Cincinnati, OH-KY-IN",Clermont County
77536,45245,OH,202605,1577.03,-0.0019,,Cincinnati,"Cincinnati, OH-KY-IN",Clermont County
77536,45245,OH,202606,1548.9,-0.0178,,Cincinnati,"Cincinnati, OH-KY-IN",Clermont County
77536,45245,OH,202607,1523.0,-0.0167,,Cincinnati,"Cincinnati, OH-KY-IN",Clermont County
77536,45245,OH,202608,1516.2,-0.0045,,Cincinnati,"Cincinnati, OH-KY-IN",Clermont County
77537,45246,OH,202401,1604.72,,,Springdale,"Cincinnati, OH-KY-IN",Hamilton County
77537,45246,OH,202402,1632.29,0.0172,,Springdale,"Cincinnati, OH-KY-IN",Hamilton County
77537,45246,OH,202403,1650.54,0.0112,,Springdale,"Cincinnati, OH-KY-IN",Hamilton County
77537,45246,OH,202404,1728.67,0.0473,,Springdale,"Cincinnati, OH-KY-IN",Hamilton County
77537,45246,OH,202405,1760.15,0.0182,,Springdale,"Cincinnati, OH-KY-IN",Hamilton County
77537,45246,OH,202406,1781.64,0.0122,,Springdale,"Cincinnati, OH-KY-IN",Hamilton County
77537,45246,OH,202407,1734.66,-0.0264,,Springdale,"Cincinnati, OH-KY-IN",Hamilton County
77537,45246,OH,202408,1717.53,-0.0099,,Springdale,"Cincinnati, OH-KY-IN",Hamilton County
77537,45246,OH,202409,1720.93,0.002,,Springdale,"Cincinnati, OH-KY-IN",Hamilton County
77537,45246,OH,202410,1710.03,-0.0063,,Springdale,"Cincinnati, OH-KY-IN",Hamilton County
77537,45246,OH,202411,1704.58,-0.0032,,Springdale,"Cincinnati, OH-KY-IN",Hamilton County
77537,45246,OH,202412,1709.05,0.0026,,Springdale,"Cincinnati, OH-KY-IN",Hamilton County
77537,45246,OH,202501,1708.37,-0.0004,0.0646,Springdale,"Cincinnati, OH-KY-IN",Hamilton County
77537,45246,OH,202502,1715.16,0.004,0.0508,Springdale,"Cincinnati, OH-KY-IN",Hamilton County
77537,45246,OH,202503,1728.18,0.0076,0.047,Springdale,"Cincinnati, OH-KY-IN",Hamilton County
77537,45246,OH,202504,1735.84,0.0044,0.0041,Springdale,"Cincinnati, OH-KY-IN",Hamilton County
77537,45246,OH,202505,1775.89,0.0231,0.0089,Springdale,"Cincinnati, OH-KY-IN",Hamilton County
77537,45246,OH,202506,1782.57,0.0038,0.0005,Springdale,"Cincinnati, OH-KY-IN",Hamilton County
77537,45246,OH,202507,1803.71,0.0119,0.0398,Springdale,"Cincinnati, OH-KY-IN",Hamilton County
77537,45246,OH,202508,1754.45,-0.0273,0.0215,Springdale,"Cincinnati, OH-KY-IN",Hamilton County
77537,45246,OH,202509,1741.74,-0.0072,0.0121,Springdale,"Cincinnati, OH-KY-IN",Hamilton County
77537,45246,OH,202510,1717.85,-0.0137,0.0046,Springdale,"Cincinnati, OH-KY-IN",Hamilton County
77537,45246,OH,202511,1710.74,-0.0041,0.0036,Springdale,"Cincinnati, OH-KY-IN",Hamilton County
77537,45246,OH,202512,1708.45,-0.0013,-0.0003,Springdale,"Cincinnati, OH-KY-IN",Hamilton County
77537,45246,OH,202601,1742.34,0.0198,0.0199,Springdale,"Cincinnati, OH-KY-IN",Hamilton County
77537,45246,OH,202602,1777.95,0.0204,0.0366,Springdale,"Cincinnati, OH-KY-IN",Hamilton County
77537,45246,OH,202603,1781.35,0.0019,0.0308,Springdale,"Cincinnati, OH-KY-IN",Hamilton County
77537,45246,OH,202604,1773.46,-0.0044,0.0217,Springdale,"Cincinnati, OH-KY-IN",Hamilton County
77537,45246,OH,202605,1785.43,0.0067,0.0054,Springdale,"Cincinnati, OH-KY-IN",Hamilton County
77537,45246,OH,202606,1772.34,-0.0073,-0.0057,Springdale,"Cincinnati, OH-KY-IN",Hamilton County
77537,45246,OH,202607,1767.94,-0.0025,-0.0198,Springdale,"Cincinnati, OH-KY-IN",Hamilton County
77537,45246,OH,202608,1742.89,-0.0142,-0.0066,Springdale,"Cincinnati, OH-KY-IN",Hamilton County
77538,45247,OH,202605,1426.29,,,Dent,"Cincinnati, OH-KY-IN",Hamilton County
77538,45247,OH,202606,1392.6,-0.0236,,Dent,"Cincinnati, OH-KY-IN",Hamilton County
77538,45247,OH,202607,1404.44,0.0085,,Dent,"Cincinnati, OH-KY-IN",Hamilton County
77538,45247,OH,202608,1371.11,-0.0237,,Dent,"Cincinnati, OH-KY-IN",Hamilton County
77540,45249,OH,202503,1680.27,,,Sixteen Mile Stand,"Cincinnati, OH-KY-IN",Hamilton County
77540,45249,OH,202504,1675.38,-0.0029,,Sixteen Mile Stand,"Cincinnati, OH-KY-IN",Hamilton County
77540,45249,OH,202505,1662.61,-0.0076,,Sixteen Mile Stand,"Cincinnati, OH-KY-IN",Hamilton County
77540,45249,OH,202506,1662.59,-0.0,,Sixteen Mile Stand,"Cincinnati, OH-KY-IN",Hamilton County
77540,45249,OH,202507,1673.6,0.0066,,Sixteen Mile Stand,"Cincinnati, OH-KY-IN",Hamilton County
77540,45249,OH,202508,1714.46,0.0244,,Sixteen Mile Stand,"Cincinnati, OH-KY-IN",Hamilton County
77540,45249,OH,202509,1721.82,0.0043,,Sixteen Mile Stand,"Cincinnati, OH-KY-IN",Hamilton County
77540,45249,OH,202510,1692.15,-0.0172,,Sixteen Mile Stand,"Cincinnati, OH-KY-IN",Hamilton County
77540,45249,OH,202511,1633.9,-0.0344,,Sixteen Mile Stand,"Cincinnati, OH-KY-IN",Hamilton County
77540,45249,OH,202512,1607.73,-0.016,,Sixteen Mile Stand,"Cincinnati, OH-KY-IN",Hamilton County
77540,45249,OH,202601,1622.69,0.0093,,Sixteen Mile Stand,"Cincinnati, OH-KY-IN",Hamilton County
77540,45249,OH,202602,1628.4,0.0035,,Sixteen Mile Stand,"Cincinnati, OH-KY-IN",Hamilton County
77540,45249,OH,202603,1633.71,0.0033,-0.0277,Sixteen Mile Stand,"Cincinnati, OH-KY-IN",Hamilton County
77540,45249,OH,202604,1617.69,-0.0098,-0.0344,Sixteen Mile Stand,"Cincinnati, OH-KY-IN",Hamilton County
77540,45249,OH,202605,1614.95,-0.0017,-0.0287,Sixteen Mile Stand,"Cincinnati, OH-KY-IN",Hamilton County
77540,45249,OH,202606,1590.01,-0.0154,-0.0437,Sixteen Mile Stand,"Cincinnati, OH-KY-IN",Hamilton County
77540,45249,OH,202607,1608.84,0.0118,-0.0387,Sixteen Mile Stand,"Cincinnati, OH-KY-IN",Hamilton County
77540,45249,OH,202608,1615.54,0.0042,-0.0577,Sixteen Mile Stand,"Cincinnati, OH-KY-IN",Hamilton County
77542,45251,OH,202511,1417.93,,,Cincinnati,"Cincinnati, OH-KY-IN",Hamilton County
77542,45251,OH,202512,1426.71,0.0062,,Cincinnati,"Cincinnati, OH-KY-IN",Hamilton County
77542,45251,OH,202601,1474.82,0.0337,,Cincinnati,"Cincinnati, OH-KY-IN",Hamilton County
77542,45251,OH,202602,1482.51,0.0052,,Cincinnati,"Cincinnati, OH-KY-IN",Hamilton County
77542,45251,OH,202603,1469.99,-0.0084,,Cincinnati,"Cincinnati, OH-KY-IN",Hamilton County
77542,45251,OH,202604,1464.88,-0.0035,,Cincinnati,"Cincinnati, OH-KY-IN",Hamilton County
77542,45251,OH,202605,1463.31,-0.0011,,Cincinnati,"Cincinnati, OH-KY-IN",Hamilton County
77542,45251,OH,202606,1491.13,0.019,,Cincinnati,"Cincinnati, OH-KY-IN",Hamilton County
77542,45251,OH,202607,1494.15,0.002,,Cincinnati,"Cincinnati, OH-KY-IN",Hamilton County
77542,45251,OH,202608,1513.76,0.0131,,Cincinnati,"Cincinnati, OH-KY-IN",Hamilton County
77546,45255,OH,202503,1650.65,,,Cincinnati,"Cincinnati, OH-KY-IN",Hamilton County
77546,45255,OH,202504,1658.71,0.0049,,Cincinnati,"Cincinnati, OH-KY-IN",Hamilton County
77546,45255,OH,202505,1678.01,0.0116,,Cincinnati,"Cincinnati, OH-KY-IN",Hamilton County
77546,45255,OH,202506,1668.78,-0.0055,,Cincinnati,"Cincinnati, OH-KY-IN",Hamilton County
77546,45255,OH,202507,1681.98,0.0079,,Cincinnati,"Cincinnati, OH-KY-IN",Hamilton County
77546,45255,OH,202508,1678.4,-0.0021,,Cincinnati,"Cincinnati, OH-KY-IN",Hamilton County
77546,45255,OH,202509,1678.87,0.0003,,Cincinnati,"Cincinnati, OH-KY-IN",Hamilton County
77546,45255,OH,202510,1667.41,-0.0068,,Cincinnati,"Cincinnati, OH-KY-IN",Hamilton County
77546,45255,OH,202512,1706.4,0.0234,,Cincinnati,"Cincinnati, OH-KY-IN",Hamilton County
77546,45255,OH,202601,1690.16,-0.0095,,Cincinnati,"Cincinnati, OH-KY-IN",Hamilton County
77546,45255,OH,202602,1673.02,-0.0101,,Cincinnati,"Cincinnati, OH-KY-IN",Hamilton County
77546,45255,OH,202603,1674.75,0.001,,Cincinnati,"Cincinnati, OH-KY-IN",Hamilton County
77546,45255,OH,202604,1735.34,0.0362,0.0513,Cincinnati,"Cincinnati, OH-KY-IN",Hamilton County
77546,45255,OH,202605,1748.8,0.0078,0.0543,Cincinnati,"Cincinnati, OH-KY-IN",Hamilton County
77546,45255,OH,202606,1736.0,-0.0073,0.0346,Cincinnati,"Cincinnati, OH-KY-IN",Hamilton County
77546,45255,OH,202607,1701.54,-0.0199,0.0196,Cincinnati,"Cincinnati, OH-KY-IN",Hamilton County
77546,45255,OH,202608,1691.92,-0.0057,0.0059,Cincinnati,"Cincinnati, OH-KY-IN",Hamilton County
77577,45315,OH,202608,1211.5,,,Clayton,"Dayton-Kettering, OH",Montgomery County
77584,45322,OH,202404,1241.96,,,Englewood,"Dayton-Kettering, OH",Montgomery County
77584,45322,OH,202405,1243.82,0.0015,,Englewood,"Dayton-Kettering, OH",Montgomery County
77584,45322,OH,202406,1233.42,-0.0084,,Englewood,"Dayton-Kettering, OH",Montgomery County
77584,45322,OH,202407,1267.58,0.0277,,Englewood,"Dayton-Kettering, OH",Montgomery County
77584,45322,OH,202408,1247.42,-0.0159,,Englewood,"Dayton-Kettering, OH",Montgomery County
77584,45322,OH,202409,1232.21,-0.0122,,Englewood,"Dayton-Kettering, OH",Montgomery County
77584,45322,OH,202410,1207.86,-0.0198,,Englewood,"Dayton-Kettering, OH",Montgomery County
77584,45322,OH,202411,1229.63,0.018,,Englewood,"Dayton-Kettering, OH",Montgomery County
77584,45322,OH,202412,1215.44,-0.0115,,Englewood,"Dayton-Kettering, OH",Montgomery County
77584,45322,OH,202501,1202.31,-0.0108,,Englewood,"Dayton-Kettering, OH",Montgomery County
77584,45322,OH,202502,1238.88,0.0304,,Englewood,"Dayton-Kettering, OH",Montgomery County
77584,45322,OH,202503,1291.29,0.0423,,Englewood,"Dayton-Kettering, OH",Montgomery County
77584,45322,OH,202504,1332.02,0.0315,0.0725,Englewood,"Dayton-Kettering, OH",Montgomery County
77584,45322,OH,202505,1300.45,-0.0237,0.0455,Englewood,"Dayton-Kettering, OH",Montgomery County
77584,45322,OH,202506,1277.7,-0.0175,0.0359,Englewood,"Dayton-Kettering, OH",Montgomery County
77584,45322,OH,202507,1290.5,0.01,0.0181,Englewood,"Dayton-Kettering, OH",Montgomery County
77584,45322,OH,202508,1292.93,0.0019,0.0365,Englewood,"Dayton-Kettering, OH",Montgomery County
77584,45322,OH,202509,1308.91,0.0124,0.0622,Englewood,"Dayton-Kettering, OH",Montgomery County
77584,45322,OH,202510,1287.37,-0.0165,0.0658,Englewood,"Dayton-Kettering, OH",Montgomery County
77584,45322,OH,202511,1306.38,0.0148,0.0624,Englewood,"Dayton-Kettering, OH",Montgomery County
77584,45322,OH,202512,1308.36,0.0015,0.0764,Englewood,"Dayton-Kettering, OH",Montgomery County
77584,45322,OH,202601,1300.66,-0.0059,0.0818,Englewood,"Dayton-Kettering, OH",Montgomery County
77584,45322,OH,202602,1279.07,-0.0166,0.0324,Englewood,"Dayton-Kettering, OH",Montgomery County
77584,45322,OH,202603,1290.42,0.0089,-0.0007,Englewood,"Dayton-Kettering, OH",Montgomery County
77584,45322,OH,202604,1343.28,0.041,0.0084,Englewood,"Dayton-Kettering, OH",Montgomery County
77584,45322,OH,202605,1369.56,0.0196,0.0531,Englewood,"Dayton-Kettering, OH",Montgomery County
77584,45322,OH,202606,1369.15,-0.0003,0.0716,Englewood,"Dayton-Kettering, OH",Montgomery County
77584,45322,OH,202607,1413.02,0.032,0.0949,Englewood,"Dayton-Kettering, OH",Montgomery County
77584,45322,OH,202608,1438.33,0.0179,0.1125,Englewood,"Dayton-Kettering, OH",Montgomery County
77586,45324,OH,201812,896.29,,,Fairborn,"Dayton-Kettering, OH",Greene County
77586,45324,OH,201901,904.14,0.0088,,Fairborn,"Dayton-Kettering, OH",Greene County
77586,45324,OH,201902,906.99,0.0031,,Fairborn,"Dayton-Kettering, OH",Greene County
77586,45324,OH,201903,915.74,0.0096,,Fairborn,"Dayton-Kettering, OH",Greene County
77586,45324,OH,201904,917.92,0.0024,,Fairborn,"Dayton-Kettering, OH",Greene County
77586,45324,OH,201905,922.15,0.0046,,Fairborn,"Dayton-Kettering, OH",Greene County
77586,45324,OH,201906,923.82,0.0018,,Fairborn,"Dayton-Kettering, OH",Greene County
77586,45324,OH,201907,936.81,0.0141,,Fairborn,"Dayton-Kettering, OH",Greene County
77586,45324,OH,201908,942.32,0.0059,,Fairborn,"Dayton-Kettering, OH",Greene County
77586,45324,OH,201909,932.06,-0.0109,,Fairborn,"Dayton-Kettering, OH",Greene County
77586,45324,OH,201910,930.95,-0.0012,,Fairborn,"Dayton-Kettering, OH",Greene County
77586,45324,OH,201911,930.5,-0.0005,,Fairborn,"Dayton-Kettering, OH",Greene County
77586,45324,OH,201912,948.4,0.0192,0.0581,Fairborn,"Dayton-Kettering, OH",Greene County
77586,45324,OH,202001,940.62,-0.0082,0.0403,Fairborn,"Dayton-Kettering, OH",Greene County
77586,45324,OH,202002,957.74,0.0182,0.056,Fairborn,"Dayton-Kettering, OH",Greene County
77586,45324,OH,202003,961.12,0.0035,0.0496,Fairborn,"Dayton-Kettering, OH",Greene County
77586,45324,OH,202004,978.66,0.0183,0.0662,Fairborn,"Dayton-Kettering, OH",Greene County
77586,45324,OH,202005,985.63,0.0071,0.0688,Fairborn,"Dayton-Kettering, OH",Greene County
77586,45324,OH,202006,999.8,0.0144,0.0823,Fairborn,"Dayton-Kettering, OH",Greene County
77586,45324,OH,202007,999.16,-0.0006,0.0665,Fairborn,"Dayton-Kettering, OH",Greene County
77586,45324,OH,202008,998.72,-0.0004,0.0599,Fairborn,"Dayton-Kettering, OH",Greene County
77586,45324,OH,202009,997.51,-0.0012,0.0702,Fairborn,"Dayton-Kettering, OH",Greene County
77586,45324,OH,202010,993.84,-0.0037,0.0676,Fairborn,"Dayton-Kettering, OH",Greene County
77586,45324,OH,202011,1006.89,0.0131,0.0821,Fairborn,"Dayton-Kettering, OH",Greene County
77586,45324,OH,202012,1015.97,0.009,0.0713,Fairborn,"Dayton-Kettering, OH",Greene County
77586,45324,OH,202101,1033.99,0.0177,0.0993,Fairborn,"Dayton-Kettering, OH",Greene County
77586,45324,OH,202102,1024.86,-0.0088,0.0701,Fairborn,"Dayton-Kettering, OH",Greene County
77586,45324,OH,202103,1038.41,0.0132,0.0804,Fairborn,"Dayton-Kettering, OH",Greene County
77586,45324,OH,202104,1064.25,0.0249,0.0875,Fairborn,"Dayton-Kettering, OH",Greene County
77586,45324,OH,202105,1078.93,0.0138,0.0947,Fairborn,"Dayton-Kettering, OH",Greene County
77586,45324,OH,202106,1077.37,-0.0014,0.0776,Fairborn,"Dayton-Kettering, OH",Greene County
77586,45324,OH,202107,1077.08,-0.0003,0.078,Fairborn,"Dayton-Kettering, OH",Greene County
77586,45324,OH,202108,1096.74,0.0182,0.0981,Fairborn,"Dayton-Kettering, OH",Greene County
77586,45324,OH,202109,1121.91,0.023,0.1247,Fairborn,"Dayton-Kettering, OH",Greene County
77586,45324,OH,202110,1114.06,-0.007,0.121,Fairborn,"Dayton-Kettering, OH",Greene County
77586,45324,OH,202111,1112.38,-0.0015,0.1048,Fairborn,"Dayton-Kettering, OH",Greene County
77586,45324,OH,202112,1119.51,0.0064,0.1019,Fairborn,"Dayton-Kettering, OH",Greene County
77586,45324,OH,202201,1130.87,0.0101,0.0937,Fairborn,"Dayton-Kettering, OH",Greene County
77586,45324,OH,202202,1175.57,0.0395,0.1471,Fairborn,"Dayton-Kettering, OH",Greene County
77586,45324,OH,202203,1214.4,0.033,0.1695,Fairborn,"Dayton-Kettering, OH",Greene County
77586,45324,OH,202204,1235.82,0.0176,0.1612,Fairborn,"Dayton-Kettering, OH",Greene County
77586,45324,OH,202205,1233.6,-0.0018,0.1434,Fairborn,"Dayton-Kettering, OH",Greene County
77586,45324,OH,202206,1205.65,-0.0227,0.1191,Fairborn,"Dayton-Kettering, OH",Greene County
77586,45324,OH,202207,1243.59,0.0315,0.1546,Fairborn,"Dayton-Kettering, OH",Greene County
77586,45324,OH,202208,1238.49,-0.0041,0.1293,Fairborn,"Dayton-Kettering, OH",Greene County
77586,45324,OH,202209,1260.31,0.0176,0.1234,Fairborn,"Dayton-Kettering, OH",Greene County
77586,45324,OH,202210,1238.92,-0.017,0.1121,Fairborn,"Dayton-Kettering, OH",Greene County
77586,45324,OH,202211,1246.52,0.0061,0.1206,Fairborn,"Dayton-Kettering, OH",Greene County
77586,45324,OH,202212,1238.65,-0.0063,0.1064,Fairborn,"Dayton-Kettering, OH",Greene County
77586,45324,OH,202301,1246.16,0.0061,0.102,Fairborn,"Dayton-Kettering, OH",Greene County
77586,45324,OH,202302,1248.86,0.0022,0.0623,Fairborn,"Dayton-Kettering, OH",Greene County
77586,45324,OH,202303,1248.01,-0.0007,0.0277,Fairborn,"Dayton-Kettering, OH",Greene County
77586,45324,OH,202304,1258.61,0.0085,0.0184,Fairborn,"Dayton-Kettering, OH",Greene County
77586,45324,OH,202305,1275.58,0.0135,0.034,Fairborn,"Dayton-Kettering, OH",Greene County
77586,45324,OH,202306,1311.29,0.028,0.0876,Fairborn,"Dayton-Kettering, OH",Greene County
77586,45324,OH,202307,1324.03,0.0097,0.0647,Fairborn,"Dayton-Kettering, OH",Greene County
77586,45324,OH,202308,1332.88,0.0067,0.0762,Fairborn,"Dayton-Kettering, OH",Greene County
77586,45324,OH,202309,1330.22,-0.002,0.0555,Fairborn,"Dayton-Kettering, OH",Greene County
77586,45324,OH,202310,1346.76,0.0124,0.087,Fairborn,"Dayton-Kettering, OH",Greene County
77586,45324,OH,202311,1340.53,-0.0046,0.0754,Fairborn,"Dayton-Kettering, OH",Greene County
77586,45324,OH,202312,1322.17,-0.0137,0.0674,Fairborn,"Dayton-Kettering, OH",Greene County
77586,45324,OH,202401,1316.01,-0.0047,0.056,Fairborn,"Dayton-Kettering, OH",Greene County
77586,45324,OH,202402,1324.87,0.0067,0.0609,Fairborn,"Dayton-Kettering, OH",Greene County
77586,45324,OH,202403,1352.02,0.0205,0.0833,Fairborn,"Dayton-Kettering, OH",Greene County
77586,45324,OH,202404,1357.02,0.0037,0.0782,Fairborn,"Dayton-Kettering, OH",Greene County
77586,45324,OH,202405,1360.19,0.0023,0.0663,Fairborn,"Dayton-Kettering, OH",Greene County
77586,45324,OH,202406,1357.06,-0.0023,0.0349,Fairborn,"Dayton-Kettering, OH",Greene County
77586,45324,OH,202407,1373.94,0.0124,0.0377,Fairborn,"Dayton-Kettering, OH",Greene County
77586,45324,OH,202408,1389.92,0.0116,0.0428,Fairborn,"Dayton-Kettering, OH",Greene County
77586,45324,OH,202409,1413.06,0.0166,0.0623,Fairborn,"Dayton-Kettering, OH",Greene County
77586,45324,OH,202410,1415.7,0.0019,0.0512,Fairborn,"Dayton-Kettering, OH",Greene County
77586,45324,OH,202411,1407.67,-0.0057,0.0501,Fairborn,"Dayton-Kettering, OH",Greene County
77586,45324,OH,202412,1398.69,-0.0064,0.0579,Fairborn,"Dayton-Kettering, OH",Greene County
77586,45324,OH,202501,1408.52,0.007,0.0703,Fairborn,"Dayton-Kettering, OH",Greene County
77586,45324,OH,202502,1419.77,0.008,0.0716,Fairborn,"Dayton-Kettering, OH",Greene County
77586,45324,OH,202503,1412.26,-0.0053,0.0446,Fairborn,"Dayton-Kettering, OH",Greene County
77586,45324,OH,202504,1398.61,-0.0097,0.0306,Fairborn,"Dayton-Kettering, OH",Greene County
77586,45324,OH,202505,1385.11,-0.0097,0.0183,Fairborn,"Dayton-Kettering, OH",Greene County
77586,45324,OH,202506,1406.61,0.0155,0.0365,Fairborn,"Dayton-Kettering, OH",Greene County
77586,45324,OH,202507,1411.13,0.0032,0.0271,Fairborn,"Dayton-Kettering, OH",Greene County
77586,45324,OH,202508,1430.67,0.0138,0.0293,Fairborn,"Dayton-Kettering, OH",Greene County
77586,45324,OH,202509,1414.53,-0.0113,0.001,Fairborn,"Dayton-Kettering, OH",Greene County
77586,45324,OH,202510,1381.36,-0.0235,-0.0243,Fairborn,"Dayton-Kettering, OH",Greene County
77586,45324,OH,202511,1401.5,0.0146,-0.0044,Fairborn,"Dayton-Kettering, OH",Greene County
77586,45324,OH,202512,1422.81,0.0152,0.0172,Fairborn,"Dayton-Kettering, OH",Greene County
77586,45324,OH,202601,1481.66,0.0414,0.0519,Fairborn,"Dayton-Kettering, OH",Greene County
77586,45324,OH,202602,1483.32,0.0011,0.0448,Fairborn,"Dayton-Kettering, OH",Greene County
77586,45324,OH,202603,1493.11,0.0066,0.0573,Fairborn,"Dayton-Kettering, OH",Greene County
77586,45324,OH,202604,1506.1,0.0087,0.0769,Fairborn,"Dayton-Kettering, OH",Greene County
77586,45324,OH,202605,1510.17,0.0027,0.0903,Fairborn,"Dayton-Kettering, OH",Greene County
77586,45324,OH,202606,1515.71,0.0037,0.0776,Fairborn,"Dayton-Kettering, OH",Greene County
77586,45324,OH,202607,1517.66,0.0013,0.0755,Fairborn,"Dayton-Kettering, OH",Greene County
77586,45324,OH,202608,1529.97,0.0081,0.0694,Fairborn,"Dayton-Kettering, OH",Greene County
77592,45331,OH,202605,669.38,,,Greenville,"Greenville, OH",Darke County
77592,45331,OH,202606,664.55,-0.0072,,Greenville,"Greenville, OH",Darke County
77592,45331,OH,202608,719.44,0.0826,,Greenville,"Greenville, OH",Darke County
77603,45342,OH,202101,892.08,,,Miamisburg,"Dayton-Kettering, OH",Montgomery County
77603,45342,OH,202102,898.4,0.0071,,Miamisburg,"Dayton-Kettering, OH",Montgomery County
77603,45342,OH,202103,917.24,0.021,,Miamisburg,"Dayton-Kettering, OH",Montgomery County
77603,45342,OH,202104,942.83,0.0279,,Miamisburg,"Dayton-Kettering, OH",Montgomery County
77603,45342,OH,202105,958.95,0.0171,,Miamisburg,"Dayton-Kettering, OH",Montgomery County
77603,45342,OH,202106,984.45,0.0266,,Miamisburg,"Dayton-Kettering, OH",Montgomery County
77603,45342,OH,202107,1012.85,0.0288,,Miamisburg,"Dayton-Kettering, OH",Montgomery County
77603,45342,OH,202108,1031.83,0.0187,,Miamisburg,"Dayton-Kettering, OH",Montgomery County
77603,45342,OH,202109,1044.25,0.012,,Miamisburg,"Dayton-Kettering, OH",Montgomery County
77603,45342,OH,202110,1028.73,-0.0149,,Miamisburg,"Dayton-Kettering, OH",Montgomery County
77603,45342,OH,202111,1030.48,0.0017,,Miamisburg,"Dayton-Kettering, OH",Montgomery County
77603,45342,OH,202112,1023.33,-0.0069,,Miamisburg,"Dayton-Kettering, OH",Montgomery County
77603,45342,OH,202201,1031.48,0.008,0.1563,Miamisburg,"Dayton-Kettering, OH",Montgomery County
77603,45342,OH,202202,1038.78,0.0071,0.1563,Miamisburg,"Dayton-Kettering, OH",Montgomery County
77603,45342,OH,202203,1051.06,0.0118,0.1459,Miamisburg,"Dayton-Kettering, OH",Montgomery County
77603,45342,OH,202204,1068.49,0.0166,0.1333,Miamisburg,"Dayton-Kettering, OH",Montgomery County
77603,45342,OH,202205,1085.16,0.0156,0.1316,Miamisburg,"Dayton-Kettering, OH",Montgomery County
77603,45342,OH,202206,1112.43,0.0251,0.13,Miamisburg,"Dayton-Kettering, OH",Montgomery County
77603,45342,OH,202207,1147.56,0.0316,0.133,Miamisburg,"Dayton-Kettering, OH",Montgomery County
77603,45342,OH,202208,1164.73,0.015,0.1288,Miamisburg,"Dayton-Kettering, OH",Montgomery County
77603,45342,OH,202209,1169.41,0.004,0.1199,Miamisburg,"Dayton-Kettering, OH",Montgomery County
77603,45342,OH,202210,1155.4,-0.012,0.1231,Miamisburg,"Dayton-Kettering, OH",Montgomery County
77603,45342,OH,202211,1145.2,-0.0088,0.1113,Miamisburg,"Dayton-Kettering, OH",Montgomery County
77603,45342,OH,202212,1130.98,-0.0124,0.1052,Miamisburg,"Dayton-Kettering, OH",Montgomery County
77603,45342,OH,202301,1119.83,-0.0099,0.0856,Miamisburg,"Dayton-Kettering, OH",Montgomery County
77603,45342,OH,202302,1117.28,-0.0023,0.0756,Miamisburg,"Dayton-Kettering, OH",Montgomery County
77603,45342,OH,202303,1123.22,0.0053,0.0687,Miamisburg,"Dayton-Kettering, OH",Montgomery County
77603,45342,OH,202304,1137.57,0.0128,0.0647,Miamisburg,"Dayton-Kettering, OH",Montgomery County
77603,45342,OH,202305,1153.88,0.0143,0.0633,Miamisburg,"Dayton-Kettering, OH",Montgomery County
77603,45342,OH,202306,1159.66,0.005,0.0425,Miamisburg,"Dayton-Kettering, OH",Montgomery County
77603,45342,OH,202307,1159.75,0.0001,0.0106,Miamisburg,"Dayton-Kettering, OH",Montgomery County
77603,45342,OH,202308,1159.46,-0.0003,-0.0045,Miamisburg,"Dayton-Kettering, OH",Montgomery County
77603,45342,OH,202309,1155.76,-0.0032,-0.0117,Miamisburg,"Dayton-Kettering, OH",Montgomery County
77603,45342,OH,202310,1154.48,-0.0011,-0.0008,Miamisburg,"Dayton-Kettering, OH",Montgomery County
77603,45342,OH,202311,1157.88,0.0029,0.0111,Miamisburg,"Dayton-Kettering, OH",Montgomery County
77603,45342,OH,202312,1167.89,0.0086,0.0326,Miamisburg,"Dayton-Kettering, OH",Montgomery County
77603,45342,OH,202401,1175.3,0.0063,0.0495,Miamisburg,"Dayton-Kettering, OH",Montgomery County
77603,45342,OH,202402,1170.95,-0.0037,0.048,Miamisburg,"Dayton-Kettering, OH",Montgomery County
77603,45342,OH,202403,1177.1,0.0053,0.048,Miamisburg,"Dayton-Kettering, OH",Montgomery County
77603,45342,OH,202404,1181.97,0.0041,0.039,Miamisburg,"Dayton-Kettering, OH",Montgomery County
77603,45342,OH,202405,1190.75,0.0074,0.032,Miamisburg,"Dayton-Kettering, OH",Montgomery County
77603,45342,OH,202406,1195.77,0.0042,0.0311,Miamisburg,"Dayton-Kettering, OH",Montgomery County
77603,45342,OH,202407,1205.78,0.0084,0.0397,Miamisburg,"Dayton-Kettering, OH",Montgomery County
77603,45342,OH,202408,1219.14,0.0111,0.0515,Miamisburg,"Dayton-Kettering, OH",Montgomery County
77603,45342,OH,202409,1217.08,-0.0017,0.0531,Miamisburg,"Dayton-Kettering, OH",Montgomery County
77603,45342,OH,202410,1219.98,0.0024,0.0567,Miamisburg,"Dayton-Kettering, OH",Montgomery County
77603,45342,OH,202411,1213.21,-0.0055,0.0478,Miamisburg,"Dayton-Kettering, OH",Montgomery County
77603,45342,OH,202412,1213.8,0.0005,0.0393,Miamisburg,"Dayton-Kettering, OH",Montgomery County
77603,45342,OH,202501,1208.39,-0.0045,0.0282,Miamisburg,"Dayton-Kettering, OH",Montgomery County
77603,45342,OH,202502,1210.75,0.002,0.034,Miamisburg,"Dayton-Kettering, OH",Montgomery County
77603,45342,OH,202503,1214.22,0.0029,0.0315,Miamisburg,"Dayton-Kettering, OH",Montgomery County
77603,45342,OH,202504,1224.79,0.0087,0.0362,Miamisburg,"Dayton-Kettering, OH",Montgomery County
77603,45342,OH,202505,1235.42,0.0087,0.0375,Miamisburg,"Dayton-Kettering, OH",Montgomery County
77603,45342,OH,202506,1250.0,0.0118,0.0454,Miamisburg,"Dayton-Kettering, OH",Montgomery County
77603,45342,OH,202507,1256.17,0.0049,0.0418,Miamisburg,"Dayton-Kettering, OH",Montgomery County
77603,45342,OH,202508,1262.06,0.0047,0.0352,Miamisburg,"Dayton-Kettering, OH",Montgomery County
77603,45342,OH,202509,1265.19,0.0025,0.0395,Miamisburg,"Dayton-Kettering, OH",Montgomery County
77603,45342,OH,202510,1266.12,0.0007,0.0378,Miamisburg,"Dayton-Kettering, OH",Montgomery County
77603,45342,OH,202511,1265.44,-0.0005,0.0431,Miamisburg,"Dayton-Kettering, OH",Montgomery County
77603,45342,OH,202512,1255.61,-0.0078,0.0344,Miamisburg,"Dayton-Kettering, OH",Montgomery County
77603,45342,OH,202601,1249.55,-0.0048,0.0341,Miamisburg,"Dayton-Kettering, OH",Montgomery County
77603,45342,OH,202602,1240.58,-0.0072,0.0246,Miamisburg,"Dayton-Kettering, OH",Montgomery County
77603,45342,OH,202603,1249.91,0.0075,0.0294,Miamisburg,"Dayton-Kettering, OH",Montgomery County
77603,45342,OH,202604,1258.41,0.0068,0.0274,Miamisburg,"Dayton-Kettering, OH",Montgomery County
77603,45342,OH,202605,1270.31,0.0095,0.0282,Miamisburg,"Dayton-Kettering, OH",Montgomery County
77603,45342,OH,202606,1266.56,-0.003,0.0132,Miamisburg,"Dayton-Kettering, OH",Montgomery County
77603,45342,OH,202607,1269.01,0.0019,0.0102,Miamisburg,"Dayton-Kettering, OH",Montgomery County
77603,45342,OH,202608,1264.12,-0.0039,0.0016,Miamisburg,"Dayton-Kettering, OH",Montgomery County
77616,45356,OH,202608,1118.5,,,Piqua,"Dayton-Kettering, OH",Miami County
77623,45365,OH,202511,1233.38,,,Sidney,"Sidney, OH",Shelby County
77623,45365,OH,202512,1225.74,-0.0062,,Sidney,"Sidney, OH",Shelby County
77623,45365,OH,202601,1234.2,0.0069,,Sidney,"Sidney, OH",Shelby County
77623,45365,OH,202602,1247.65,0.0109,,Sidney,"Sidney, OH",Shelby County
77623,45365,OH,202604,1263.02,0.0123,,Sidney,"Sidney, OH",Shelby County
77623,45365,OH,202605,1274.7,0.0093,,Sidney,"Sidney, OH",Shelby County
77623,45365,OH,202606,1292.29,0.0138,,Sidney,"Sidney, OH",Shelby County
77623,45365,OH,202607,1287.49,-0.0037,,Sidney,"Sidney, OH",Shelby County
77623,45365,OH,202608,1281.87,-0.0044,,Sidney,"Sidney, OH",Shelby County
77628,45371,OH,202505,1591.04,,,Tipp City,"Dayton-Kettering, OH",Miami County
77628,45371,OH,202506,1630.77,0.025,,Tipp City,"Dayton-Kettering, OH",Miami County
77628,45371,OH,202507,1659.77,0.0178,,Tipp City,"Dayton-Kettering, OH",Miami County
77628,45371,OH,202508,1665.42,0.0034,,Tipp City,"Dayton-Kettering, OH",Miami County
77628,45371,OH,202509,1631.93,-0.0201,,Tipp City,"Dayton-Kettering, OH",Miami County
77628,45371,OH,202510,1642.69,0.0066,,Tipp City,"Dayton-Kettering, OH",Miami County
77628,45371,OH,202511,1650.9,0.005,,Tipp City,"Dayton-Kettering, OH",Miami County
77628,45371,OH,202512,1670.9,0.0121,,Tipp City,"Dayton-Kettering, OH",Miami County
77628,45371,OH,202601,1632.96,-0.0227,,Tipp City,"Dayton-Kettering, OH",Miami County
77628,45371,OH,202602,1638.48,0.0034,,Tipp City,"Dayton-Kettering, OH",Miami County
77628,45371,OH,202603,1642.93,0.0027,,Tipp City,"Dayton-Kettering, OH",Miami County
77628,45371,OH,202604,1676.32,0.0203,,Tipp City,"Dayton-Kettering, OH",Miami County
77628,45371,OH,202605,1698.59,0.0133,0.0676,Tipp City,"Dayton-Kettering, OH",Miami County
77628,45371,OH,202606,1686.24,-0.0073,0.034,Tipp City,"Dayton-Kettering, OH",Miami County
77628,45371,OH,202607,1672.73,-0.008,0.0078,Tipp City,"Dayton-Kettering, OH",Miami County
77628,45371,OH,202608,1645.56,-0.0162,-0.0119,Tipp City,"Dayton-Kettering, OH",Miami County
77630,45373,OH,202203,1105.25,,,Troy,"Dayton-Kettering, OH",Miami County
77630,45373,OH,202204,1094.48,-0.0097,,Troy,"Dayton-Kettering, OH",Miami County
77630,45373,OH,202205,1118.46,0.0219,,Troy,"Dayton-Kettering, OH",Miami County
77630,45373,OH,202206,1138.66,0.0181,,Troy,"Dayton-Kettering, OH",Miami County
77630,45373,OH,202207,1146.12,0.0065,,Troy,"Dayton-Kettering, OH",Miami County
77630,45373,OH,202208,1149.45,0.0029,,Troy,"Dayton-Kettering, OH",Miami County
77630,45373,OH,202209,1155.65,0.0054,,Troy,"Dayton-Kettering, OH",Miami County
77630,45373,OH,202210,1169.11,0.0116,,Troy,"Dayton-Kettering, OH",Miami County
77630,45373,OH,202211,1178.31,0.0079,,Troy,"Dayton-Kettering, OH",Miami County
77630,45373,OH,202212,1188.99,0.0091,,Troy,"Dayton-Kettering, OH",Miami County
77630,45373,OH,202301,1195.8,0.0057,,Troy,"Dayton-Kettering, OH",Miami County
77630,45373,OH,202302,1201.92,0.0051,,Troy,"Dayton-Kettering, OH",Miami County
77630,45373,OH,202303,1204.44,0.0021,0.0897,Troy,"Dayton-Kettering, OH",Miami County
77630,45373,OH,202304,1213.4,0.0074,0.1087,Troy,"Dayton-Kettering, OH",Miami County
77630,45373,OH,202305,1204.02,-0.0077,0.0765,Troy,"Dayton-Kettering, OH",Miami County
77630,45373,OH,202306,1212.4,0.007,0.0648,Troy,"Dayton-Kettering, OH",Miami County
77630,45373,OH,202307,1211.85,-0.0004,0.0574,Troy,"Dayton-Kettering, OH",Miami County
77630,45373,OH,202308,1231.08,0.0159,0.071,Troy,"Dayton-Kettering, OH",Miami County
77630,45373,OH,202309,1239.17,0.0066,0.0723,Troy,"Dayton-Kettering, OH",Miami County
77630,45373,OH,202310,1238.79,-0.0003,0.0596,Troy,"Dayton-Kettering, OH",Miami County
77630,45373,OH,202311,1258.64,0.016,0.0682,Troy,"Dayton-Kettering, OH",Miami County
77630,45373,OH,202312,1251.24,-0.0059,0.0524,Troy,"Dayton-Kettering, OH",Miami County
77630,45373,OH,202401,1255.07,0.0031,0.0496,Troy,"Dayton-Kettering, OH",Miami County
77630,45373,OH,202402,1246.47,-0.0068,0.0371,Troy,"Dayton-Kettering, OH",Miami County
77630,45373,OH,202403,1259.87,0.0107,0.046,Troy,"Dayton-Kettering, OH",Miami County
77630,45373,OH,202404,1271.32,0.0091,0.0477,Troy,"Dayton-Kettering, OH",Miami County
77630,45373,OH,202405,1287.06,0.0124,0.069,Troy,"Dayton-Kettering, OH",Miami County
77630,45373,OH,202406,1281.32,-0.0045,0.0568,Troy,"Dayton-Kettering, OH",Miami County
77630,45373,OH,202407,1292.45,0.0087,0.0665,Troy,"Dayton-Kettering, OH",Miami County
77630,45373,OH,202408,1281.04,-0.0088,0.0406,Troy,"Dayton-Kettering, OH",Miami County
77630,45373,OH,202409,1293.81,0.01,0.0441,Troy,"Dayton-Kettering, OH",Miami County
77630,45373,OH,202410,1293.43,-0.0003,0.0441,Troy,"Dayton-Kettering, OH",Miami County
77630,45373,OH,202411,1309.45,0.0124,0.0404,Troy,"Dayton-Kettering, OH",Miami County
77630,45373,OH,202412,1305.12,-0.0033,0.0431,Troy,"Dayton-Kettering, OH",Miami County
77630,45373,OH,202501,1300.63,-0.0034,0.0363,Troy,"Dayton-Kettering, OH",Miami County
77630,45373,OH,202502,1284.8,-0.0122,0.0308,Troy,"Dayton-Kettering, OH",Miami County
77630,45373,OH,202503,1285.27,0.0004,0.0202,Troy,"Dayton-Kettering, OH",Miami County
77630,45373,OH,202504,1295.35,0.0078,0.0189,Troy,"Dayton-Kettering, OH",Miami County
77630,45373,OH,202505,1317.43,0.017,0.0236,Troy,"Dayton-Kettering, OH",Miami County
77630,45373,OH,202506,1354.19,0.0279,0.0569,Troy,"Dayton-Kettering, OH",Miami County
77630,45373,OH,202507,1379.47,0.0187,0.0673,Troy,"Dayton-Kettering, OH",Miami County
77630,45373,OH,202508,1389.36,0.0072,0.0846,Troy,"Dayton-Kettering, OH",Miami County
77630,45373,OH,202509,1377.91,-0.0082,0.065,Troy,"Dayton-Kettering, OH",Miami County
77630,45373,OH,202510,1366.67,-0.0082,0.0566,Troy,"Dayton-Kettering, OH",Miami County
77630,45373,OH,202511,1374.25,0.0055,0.0495,Troy,"Dayton-Kettering, OH",Miami County
77630,45373,OH,202512,1366.71,-0.0055,0.0472,Troy,"Dayton-Kettering, OH",Miami County
77630,45373,OH,202601,1365.0,-0.0013,0.0495,Troy,"Dayton-Kettering, OH",Miami County
77630,45373,OH,202602,1354.79,-0.0075,0.0545,Troy,"Dayton-Kettering, OH",Miami County
77630,45373,OH,202603,1348.84,-0.0044,0.0495,Troy,"Dayton-Kettering, OH",Miami County
77630,45373,OH,202604,1352.55,0.0027,0.0442,Troy,"Dayton-Kettering, OH",Miami County
77630,45373,OH,202605,1351.75,-0.0006,0.026,Troy,"Dayton-Kettering, OH",Miami County
77630,45373,OH,202606,1381.07,0.0217,0.0199,Troy,"Dayton-Kettering, OH",Miami County
77630,45373,OH,202607,1395.56,0.0105,0.0117,Troy,"Dayton-Kettering, OH",Miami County
77630,45373,OH,202608,1406.5,0.0078,0.0123,Troy,"Dayton-Kettering, OH",Miami County
77632,45377,OH,202504,939.01,,,Vandalia,"Dayton-Kettering, OH",Montgomery County
77632,45377,OH,202505,943.63,0.0049,,Vandalia,"Dayton-Kettering, OH",Montgomery County
77632,45377,OH,202506,951.71,0.0086,,Vandalia,"Dayton-Kettering, OH",Montgomery County
77632,45377,OH,202507,960.75,0.0095,,Vandalia,"Dayton-Kettering, OH",Montgomery County
77632,45377,OH,202508,953.63,-0.0074,,Vandalia,"Dayton-Kettering, OH",Montgomery County
77632,45377,OH,202509,957.8,0.0044,,Vandalia,"Dayton-Kettering, OH",Montgomery County
77632,45377,OH,202510,954.89,-0.003,,Vandalia,"Dayton-Kettering, OH",Montgomery County
77632,45377,OH,202511,947.87,-0.0074,,Vandalia,"Dayton-Kettering, OH",Montgomery County
77632,45377,OH,202512,931.33,-0.0174,,Vandalia,"Dayton-Kettering, OH",Montgomery County
77632,45377,OH,202602,929.1,-0.0024,,Vandalia,"Dayton-Kettering, OH",Montgomery County
77632,45377,OH,202603,944.0,0.016,,Vandalia,"Dayton-Kettering, OH",Montgomery County
77632,45377,OH,202604,937.25,-0.0071,,Vandalia,"Dayton-Kettering, OH",Montgomery County
77632,45377,OH,202605,954.53,0.0184,0.0165,Vandalia,"Dayton-Kettering, OH",Montgomery County
77632,45377,OH,202606,956.32,0.0019,0.0134,Vandalia,"Dayton-Kettering, OH",Montgomery County
77632,45377,OH,202607,989.73,0.0349,0.04,Vandalia,"Dayton-Kettering, OH",Montgomery County
77632,45377,OH,202608,993.19,0.0035,0.0338,Vandalia,"Dayton-Kettering, OH",Montgomery County
77639,45385,OH,202405,1324.07,,,Xenia,"Dayton-Kettering, OH",Greene County
77639,45385,OH,202406,1344.82,0.0157,,Xenia,"Dayton-Kettering, OH",Greene County
77639,45385,OH,202407,1370.26,0.0189,,Xenia,"Dayton-Kettering, OH",Greene County
77639,45385,OH,202408,1349.91,-0.0149,,Xenia,"Dayton-Kettering, OH",Greene County
77639,45385,OH,202409,1340.19,-0.0072,,Xenia,"Dayton-Kettering, OH",Greene County
77639,45385,OH,202410,1317.76,-0.0167,,Xenia,"Dayton-Kettering, OH",Greene County
77639,45385,OH,202411,1338.77,0.0159,,Xenia,"Dayton-Kettering, OH",Greene County
77639,45385,OH,202412,1334.59,-0.0031,,Xenia,"Dayton-Kettering, OH",Greene County
77639,45385,OH,202501,1324.16,-0.0078,,Xenia,"Dayton-Kettering, OH",Greene County
77639,45385,OH,202502,1305.13,-0.0144,,Xenia,"Dayton-Kettering, OH",Greene County
77639,45385,OH,202503,1310.42,0.0041,,Xenia,"Dayton-Kettering, OH",Greene County
77639,45385,OH,202504,1322.02,0.0089,,Xenia,"Dayton-Kettering, OH",Greene County
77639,45385,OH,202505,1353.29,0.0237,0.0221,Xenia,"Dayton-Kettering, OH",Greene County
77639,45385,OH,202506,1377.8,0.0181,0.0245,Xenia,"Dayton-Kettering, OH",Greene County
77639,45385,OH,202507,1419.29,0.0301,0.0358,Xenia,"Dayton-Kettering, OH",Greene County
77639,45385,OH,202508,1432.58,0.0094,0.0612,Xenia,"Dayton-Kettering, OH",Greene County
77639,45385,OH,202509,1413.33,-0.0134,0.0546,Xenia,"Dayton-Kettering, OH",Greene County
77639,45385,OH,202510,1376.74,-0.0259,0.0448,Xenia,"Dayton-Kettering, OH",Greene County
77639,45385,OH,202511,1375.35,-0.001,0.0273,Xenia,"Dayton-Kettering, OH",Greene County
77639,45385,OH,202512,1380.97,0.0041,0.0348,Xenia,"Dayton-Kettering, OH",Greene County
77639,45385,OH,202601,1396.21,0.011,0.0544,Xenia,"Dayton-Kettering, OH",Greene County
77639,45385,OH,202602,1376.97,-0.0138,0.0551,Xenia,"Dayton-Kettering, OH",Greene County
77639,45385,OH,202603,1377.12,0.0001,0.0509,Xenia,"Dayton-Kettering, OH",Greene County
77639,45385,OH,202604,1377.64,0.0004,0.0421,Xenia,"Dayton-Kettering, OH",Greene County
77639,45385,OH,202605,1386.34,0.0063,0.0244,Xenia,"Dayton-Kettering, OH",Greene County
77639,45385,OH,202606,1417.98,0.0228,0.0292,Xenia,"Dayton-Kettering, OH",Greene County
77639,45385,OH,202607,1435.62,0.0124,0.0115,Xenia,"Dayton-Kettering, OH",Greene County
77639,45385,OH,202608,1454.17,0.0129,0.0151,Xenia,"Dayton-Kettering, OH",Greene County
77645,45402,OH,202301,1187.11,,,Dayton,"Dayton-Kettering, OH",Montgomery County
77645,45402,OH,202302,1198.41,0.0095,,Dayton,"Dayton-Kettering, OH",Montgomery County
77645,45402,OH,202303,1218.15,0.0165,,Dayton,"Dayton-Kettering, OH",Montgomery County
77645,45402,OH,202304,1261.1,0.0353,,Dayton,"Dayton-Kettering, OH",Montgomery County
77645,45402,OH,202305,1295.24,0.0271,,Dayton,"Dayton-Kettering, OH",Montgomery County
77645,45402,OH,202306,1292.3,-0.0023,,Dayton,"Dayton-Kettering, OH",Montgomery County
77645,45402,OH,202307,1285.07,-0.0056,,Dayton,"Dayton-Kettering, OH",Montgomery County
77645,45402,OH,202308,1282.37,-0.0021,,Dayton,"Dayton-Kettering, OH",Montgomery County
77645,45402,OH,202309,1287.15,0.0037,,Dayton,"Dayton-Kettering, OH",Montgomery County
77645,45402,OH,202310,1314.01,0.0209,,Dayton,"Dayton-Kettering, OH",Montgomery County
77645,45402,OH,202311,1327.24,0.0101,,Dayton,"Dayton-Kettering, OH",Montgomery County
77645,45402,OH,202312,1338.41,0.0084,,Dayton,"Dayton-Kettering, OH",Montgomery County
77645,45402,OH,202401,1294.4,-0.0329,0.0904,Dayton,"Dayton-Kettering, OH",Montgomery County
77645,45402,OH,202402,1290.17,-0.0033,0.0766,Dayton,"Dayton-Kettering, OH",Montgomery County
77645,45402,OH,202403,1278.93,-0.0087,0.0499,Dayton,"Dayton-Kettering, OH",Montgomery County
77645,45402,OH,202404,1291.81,0.0101,0.0243,Dayton,"Dayton-Kettering, OH",Montgomery County
77645,45402,OH,202405,1301.56,0.0076,0.0049,Dayton,"Dayton-Kettering, OH",Montgomery County
77645,45402,OH,202406,1308.51,0.0053,0.0125,Dayton,"Dayton-Kettering, OH",Montgomery County
77645,45402,OH,202407,1318.02,0.0073,0.0256,Dayton,"Dayton-Kettering, OH",Montgomery County
77645,45402,OH,202408,1314.46,-0.0027,0.025,Dayton,"Dayton-Kettering, OH",Montgomery County
77645,45402,OH,202409,1338.08,0.018,0.0396,Dayton,"Dayton-Kettering, OH",Montgomery County
77645,45402,OH,202410,1363.3,0.0188,0.0375,Dayton,"Dayton-Kettering, OH",Montgomery County
77645,45402,OH,202411,1379.67,0.012,0.0395,Dayton,"Dayton-Kettering, OH",Montgomery County
77645,45402,OH,202412,1374.43,-0.0038,0.0269,Dayton,"Dayton-Kettering, OH",Montgomery County
77645,45402,OH,202501,1352.87,-0.0157,0.0452,Dayton,"Dayton-Kettering, OH",Montgomery County
77645,45402,OH,202502,1357.82,0.0037,0.0524,Dayton,"Dayton-Kettering, OH",Montgomery County
77645,45402,OH,202503,1368.35,0.0078,0.0699,Dayton,"Dayton-Kettering, OH",Montgomery County
77645,45402,OH,202504,1389.66,0.0156,0.0758,Dayton,"Dayton-Kettering, OH",Montgomery County
77645,45402,OH,202505,1391.23,0.0011,0.0689,Dayton,"Dayton-Kettering, OH",Montgomery County
77645,45402,OH,202506,1390.6,-0.0005,0.0627,Dayton,"Dayton-Kettering, OH",Montgomery County
77645,45402,OH,202507,1387.31,-0.0024,0.0526,Dayton,"Dayton-Kettering, OH",Montgomery County
77645,45402,OH,202508,1380.98,-0.0046,0.0506,Dayton,"Dayton-Kettering, OH",Montgomery County
77645,45402,OH,202509,1413.71,0.0237,0.0565,Dayton,"Dayton-Kettering, OH",Montgomery County
77645,45402,OH,202510,1406.72,-0.0049,0.0319,Dayton,"Dayton-Kettering, OH",Montgomery County
77645,45402,OH,202511,1420.44,0.0097,0.0295,Dayton,"Dayton-Kettering, OH",Montgomery County
77645,45402,OH,202512,1395.89,-0.0173,0.0156,Dayton,"Dayton-Kettering, OH",Montgomery County
77645,45402,OH,202601,1402.29,0.0046,0.0365,Dayton,"Dayton-Kettering, OH",Montgomery County
77645,45402,OH,202602,1423.05,0.0148,0.048,Dayton,"Dayton-Kettering, OH",Montgomery County
77645,45402,OH,202603,1416.17,-0.0048,0.0349,Dayton,"Dayton-Kettering, OH",Montgomery County
77645,45402,OH,202604,1429.47,0.0094,0.0286,Dayton,"Dayton-Kettering, OH",Montgomery County
77645,45402,OH,202605,1415.92,-0.0095,0.0177,Dayton,"Dayton-Kettering, OH",Montgomery County
77645,45402,OH,202606,1442.25,0.0186,0.0371,Dayton,"Dayton-Kettering, OH",Montgomery County
77645,45402,OH,202607,1447.89,0.0039,0.0437,Dayton,"Dayton-Kettering, OH",Montgomery County
77645,45402,OH,202608,1442.69,-0.0036,0.0447,Dayton,"Dayton-Kettering, OH",Montgomery County
77646,45403,OH,202304,907.54,,,Dayton,"Dayton-Kettering, OH",Montgomery County
77646,45403,OH,202305,936.59,0.032,,Dayton,"Dayton-Kettering, OH",Montgomery County
77646,45403,OH,202306,944.55,0.0085,,Dayton,"Dayton-Kettering, OH",Montgomery County
77646,45403,OH,202307,933.13,-0.0121,,Dayton,"Dayton-Kettering, OH",Montgomery County
77646,45403,OH,202308,938.26,0.0055,,Dayton,"Dayton-Kettering, OH",Montgomery County
77646,45403,OH,202309,934.84,-0.0036,,Dayton,"Dayton-Kettering, OH",Montgomery County
77646,45403,OH,202311,964.14,0.0313,,Dayton,"Dayton-Kettering, OH",Montgomery County
77646,45403,OH,202312,979.85,0.0163,,Dayton,"Dayton-Kettering, OH",Montgomery County
77646,45403,OH,202401,983.96,0.0042,,Dayton,"Dayton-Kettering, OH",Montgomery County
77646,45403,OH,202402,984.54,0.0006,,Dayton,"Dayton-Kettering, OH",Montgomery County
77646,45403,OH,202403,990.6,0.0061,,Dayton,"Dayton-Kettering, OH",Montgomery County
77646,45403,OH,202404,989.13,-0.0015,,Dayton,"Dayton-Kettering, OH",Montgomery County
77646,45403,OH,202405,986.62,-0.0025,0.0871,Dayton,"Dayton-Kettering, OH",Montgomery County
77646,45403,OH,202406,998.6,0.0121,0.0662,Dayton,"Dayton-Kettering, OH",Montgomery County
77646,45403,OH,202407,999.11,0.0005,0.0578,Dayton,"Dayton-Kettering, OH",Montgomery County
77646,45403,OH,202408,1000.97,0.0019,0.0727,Dayton,"Dayton-Kettering, OH",Montgomery County
77646,45403,OH,202409,993.09,-0.0079,0.0584,Dayton,"Dayton-Kettering, OH",Montgomery County
77646,45403,OH,202410,1000.02,0.007,0.0697,Dayton,"Dayton-Kettering, OH",Montgomery County
77646,45403,OH,202411,1009.2,0.0092,0.0467,Dayton,"Dayton-Kettering, OH",Montgomery County
77646,45403,OH,202412,1011.93,0.0027,0.0327,Dayton,"Dayton-Kettering, OH",Montgomery County
77646,45403,OH,202501,1006.18,-0.0057,0.0226,Dayton,"Dayton-Kettering, OH",Montgomery County
77646,45403,OH,202502,1023.39,0.0171,0.0395,Dayton,"Dayton-Kettering, OH",Montgomery County
77646,45403,OH,202503,1042.38,0.0186,0.0523,Dayton,"Dayton-Kettering, OH",Montgomery County
77646,45403,OH,202504,1060.09,0.017,0.0717,Dayton,"Dayton-Kettering, OH",Montgomery County
77646,45403,OH,202505,1062.38,0.0022,0.0768,Dayton,"Dayton-Kettering, OH",Montgomery County
77646,45403,OH,202506,1046.45,-0.015,0.0479,Dayton,"Dayton-Kettering, OH",Montgomery County
77646,45403,OH,202507,1045.69,-0.0007,0.0466,Dayton,"Dayton-Kettering, OH",Montgomery County
77646,45403,OH,202508,1065.38,0.0188,0.0643,Dayton,"Dayton-Kettering, OH",Montgomery County
77646,45403,OH,202509,1076.65,0.0106,0.0841,Dayton,"Dayton-Kettering, OH",Montgomery County
77646,45403,OH,202510,1086.48,0.0091,0.0865,Dayton,"Dayton-Kettering, OH",Montgomery County
77646,45403,OH,202511,1071.6,-0.0137,0.0618,Dayton,"Dayton-Kettering, OH",Montgomery County
77646,45403,OH,202512,1070.36,-0.0012,0.0577,Dayton,"Dayton-Kettering, OH",Montgomery County
77646,45403,OH,202601,1080.23,0.0092,0.0736,Dayton,"Dayton-Kettering, OH",Montgomery County
77646,45403,OH,202602,1075.03,-0.0048,0.0505,Dayton,"Dayton-Kettering, OH",Montgomery County
77646,45403,OH,202603,1087.52,0.0116,0.0433,Dayton,"Dayton-Kettering, OH",Montgomery County
77646,45403,OH,202604,1097.97,0.0096,0.0357,Dayton,"Dayton-Kettering, OH",Montgomery County
77646,45403,OH,202605,1111.5,0.0123,0.0462,Dayton,"Dayton-Kettering, OH",Montgomery County
77646,45403,OH,202606,1107.44,-0.0037,0.0583,Dayton,"Dayton-Kettering, OH",Montgomery County
77646,45403,OH,202607,1100.21,-0.0065,0.0521,Dayton,"Dayton-Kettering, OH",Montgomery County
77646,45403,OH,202608,1105.5,0.0048,0.0377,Dayton,"Dayton-Kettering, OH",Montgomery County
77647,45404,OH,202607,1060.7,,,Dayton,"Dayton-Kettering, OH",Montgomery County
77647,45404,OH,202608,1098.75,0.0359,,Dayton,"Dayton-Kettering, OH",Montgomery County
77648,45405,OH,202102,706.72,,,Dayton,"Dayton-Kettering, OH",Montgomery County
77648,45405,OH,202103,721.98,0.0216,,Dayton,"Dayton-Kettering, OH",Montgomery County
77648,45405,OH,202104,731.97,0.0138,,Dayton,"Dayton-Kettering, OH",Montgomery County
77648,45405,OH,202105,728.83,-0.0043,,Dayton,"Dayton-Kettering, OH",Montgomery County
77648,45405,OH,202106,731.1,0.0031,,Dayton,"Dayton-Kettering, OH",Montgomery County
77648,45405,OH,202107,729.43,-0.0023,,Dayton,"Dayton-Kettering, OH",Montgomery County
77648,45405,OH,202108,739.07,0.0132,,Dayton,"Dayton-Kettering, OH",Montgomery County
77648,45405,OH,202109,749.18,0.0137,,Dayton,"Dayton-Kettering, OH",Montgomery County
77648,45405,OH,202110,766.74,0.0234,,Dayton,"Dayton-Kettering, OH",Montgomery County
77648,45405,OH,202111,770.2,0.0045,,Dayton,"Dayton-Kettering, OH",Montgomery County
77648,45405,OH,202112,758.96,-0.0146,,Dayton,"Dayton-Kettering, OH",Montgomery County
77648,45405,OH,202201,766.28,0.0096,,Dayton,"Dayton-Kettering, OH",Montgomery County
77648,45405,OH,202202,768.37,0.0027,0.0872,Dayton,"Dayton-Kettering, OH",Montgomery County
77648,45405,OH,202203,795.23,0.035,0.1015,Dayton,"Dayton-Kettering, OH",Montgomery County
77648,45405,OH,202204,803.99,0.011,0.0984,Dayton,"Dayton-Kettering, OH",Montgomery County
77648,45405,OH,202205,812.76,0.0109,0.1152,Dayton,"Dayton-Kettering, OH",Montgomery County
77648,45405,OH,202206,817.5,0.0058,0.1182,Dayton,"Dayton-Kettering, OH",Montgomery County
77648,45405,OH,202207,838.18,0.0253,0.1491,Dayton,"Dayton-Kettering, OH",Montgomery County
77648,45405,OH,202208,846.36,0.0098,0.1452,Dayton,"Dayton-Kettering, OH",Montgomery County
77648,45405,OH,202209,857.8,0.0135,0.145,Dayton,"Dayton-Kettering, OH",Montgomery County
77648,45405,OH,202210,850.62,-0.0084,0.1094,Dayton,"Dayton-Kettering, OH",Montgomery County
77648,45405,OH,202211,855.05,0.0052,0.1102,Dayton,"Dayton-Kettering, OH",Montgomery County
77648,45405,OH,202212,853.99,-0.0012,0.1252,Dayton,"Dayton-Kettering, OH",Montgomery County
77648,45405,OH,202301,859.18,0.0061,0.1212,Dayton,"Dayton-Kettering, OH",Montgomery County
77648,45405,OH,202302,861.01,0.0021,0.1206,Dayton,"Dayton-Kettering, OH",Montgomery County
77648,45405,OH,202303,854.82,-0.0072,0.0749,Dayton,"Dayton-Kettering, OH",Montgomery County
77648,45405,OH,202304,853.91,-0.0011,0.0621,Dayton,"Dayton-Kettering, OH",Montgomery County
77648,45405,OH,202305,875.71,0.0255,0.0774,Dayton,"Dayton-Kettering, OH",Montgomery County
77648,45405,OH,202306,898.98,0.0266,0.0997,Dayton,"Dayton-Kettering, OH",Montgomery County
77648,45405,OH,202307,912.74,0.0153,0.089,Dayton,"Dayton-Kettering, OH",Montgomery County
77648,45405,OH,202308,910.52,-0.0024,0.0758,Dayton,"Dayton-Kettering, OH",Montgomery County
77648,45405,OH,202309,902.96,-0.0083,0.0526,Dayton,"Dayton-Kettering, OH",Montgomery County
77648,45405,OH,202310,904.46,0.0017,0.0633,Dayton,"Dayton-Kettering, OH",Montgomery County
77648,45405,OH,202311,906.34,0.0021,0.06,Dayton,"Dayton-Kettering, OH",Montgomery County
77648,45405,OH,202312,911.84,0.0061,0.0677,Dayton,"Dayton-Kettering, OH",Montgomery County
77648,45405,OH,202401,913.83,0.0022,0.0636,Dayton,"Dayton-Kettering, OH",Montgomery County
77648,45405,OH,202402,922.49,0.0095,0.0714,Dayton,"Dayton-Kettering, OH",Montgomery County
77648,45405,OH,202403,943.17,0.0224,0.1034,Dayton,"Dayton-Kettering, OH",Montgomery County
77648,45405,OH,202404,947.14,0.0042,0.1092,Dayton,"Dayton-Kettering, OH",Montgomery County
77648,45405,OH,202405,946.57,-0.0006,0.0809,Dayton,"Dayton-Kettering, OH",Montgomery County
77648,45405,OH,202406,933.47,-0.0138,0.0384,Dayton,"Dayton-Kettering, OH",Montgomery County
77648,45405,OH,202407,940.0,0.007,0.0299,Dayton,"Dayton-Kettering, OH",Montgomery County
77648,45405,OH,202408,951.37,0.0121,0.0449,Dayton,"Dayton-Kettering, OH",Montgomery County
77648,45405,OH,202409,967.6,0.0171,0.0716,Dayton,"Dayton-Kettering, OH",Montgomery County
77648,45405,OH,202410,972.13,0.0047,0.0748,Dayton,"Dayton-Kettering, OH",Montgomery County
77648,45405,OH,202411,980.0,0.0081,0.0813,Dayton,"Dayton-Kettering, OH",Montgomery County
77648,45405,OH,202412,974.28,-0.0058,0.0685,Dayton,"Dayton-Kettering, OH",Montgomery County
77648,45405,OH,202501,983.33,0.0093,0.0761,Dayton,"Dayton-Kettering, OH",Montgomery County
77648,45405,OH,202502,978.86,-0.0045,0.0611,Dayton,"Dayton-Kettering, OH",Montgomery County
77648,45405,OH,202503,988.76,0.0101,0.0483,Dayton,"Dayton-Kettering, OH",Montgomery County
77648,45405,OH,202504,989.73,0.001,0.045,Dayton,"Dayton-Kettering, OH",Montgomery County
77648,45405,OH,202505,996.78,0.0071,0.053,Dayton,"Dayton-Kettering, OH",Montgomery County
77648,45405,OH,202506,994.02,-0.0028,0.0649,Dayton,"Dayton-Kettering, OH",Montgomery County
77648,45405,OH,202507,991.42,-0.0026,0.0547,Dayton,"Dayton-Kettering, OH",Montgomery County
77648,45405,OH,202508,984.33,-0.0072,0.0346,Dayton,"Dayton-Kettering, OH",Montgomery County
77648,45405,OH,202509,977.19,-0.0073,0.0099,Dayton,"Dayton-Kettering, OH",Montgomery County
77648,45405,OH,202510,978.17,0.001,0.0062,Dayton,"Dayton-Kettering, OH",Montgomery County
77648,45405,OH,202511,991.29,0.0134,0.0115,Dayton,"Dayton-Kettering, OH",Montgomery County
77648,45405,OH,202512,1007.25,0.0161,0.0338,Dayton,"Dayton-Kettering, OH",Montgomery County
77648,45405,OH,202601,1012.84,0.0056,0.03,Dayton,"Dayton-Kettering, OH",Montgomery County
77648,45405,OH,202602,1013.83,0.001,0.0357,Dayton,"Dayton-Kettering, OH",Montgomery County
77648,45405,OH,202603,1028.56,0.0145,0.0403,Dayton,"Dayton-Kettering, OH",Montgomery County
77648,45405,OH,202604,1021.26,-0.0071,0.0319,Dayton,"Dayton-Kettering, OH",Montgomery County
77648,45405,OH,202605,1028.01,0.0066,0.0313,Dayton,"Dayton-Kettering, OH",Montgomery County
77648,45405,OH,202606,1015.35,-0.0123,0.0215,Dayton,"Dayton-Kettering, OH",Montgomery County
77648,45405,OH,202607,1033.21,0.0176,0.0422,Dayton,"Dayton-Kettering, OH",Montgomery County
77648,45405,OH,202608,1030.73,-0.0024,0.0471,Dayton,"Dayton-Kettering, OH",Montgomery County
77649,45406,OH,202304,885.25,,,Dayton,"Dayton-Kettering, OH",Montgomery County
77649,45406,OH,202305,898.0,0.0144,,Dayton,"Dayton-Kettering, OH",Montgomery County
77649,45406,OH,202306,891.27,-0.0075,,Dayton,"Dayton-Kettering, OH",Montgomery County
77649,45406,OH,202307,903.31,0.0135,,Dayton,"Dayton-Kettering, OH",Montgomery County
77649,45406,OH,202308,911.28,0.0088,,Dayton,"Dayton-Kettering, OH",Montgomery County
77649,45406,OH,202309,923.72,0.0137,,Dayton,"Dayton-Kettering, OH",Montgomery County
77649,45406,OH,202310,923.31,-0.0004,,Dayton,"Dayton-Kettering, OH",Montgomery County
77649,45406,OH,202311,938.39,0.0163,,Dayton,"Dayton-Kettering, OH",Montgomery County
77649,45406,OH,202312,946.54,0.0087,,Dayton,"Dayton-Kettering, OH",Montgomery County
77649,45406,OH,202401,957.18,0.0112,,Dayton,"Dayton-Kettering, OH",Montgomery County
77649,45406,OH,202402,948.54,-0.009,,Dayton,"Dayton-Kettering, OH",Montgomery County
77649,45406,OH,202403,952.52,0.0042,,Dayton,"Dayton-Kettering, OH",Montgomery County
77649,45406,OH,202404,955.17,0.0028,0.079,Dayton,"Dayton-Kettering, OH",Montgomery County
77649,45406,OH,202405,969.3,0.0148,0.0794,Dayton,"Dayton-Kettering, OH",Montgomery County
77649,45406,OH,202406,967.13,-0.0022,0.0851,Dayton,"Dayton-Kettering, OH",Montgomery County
77649,45406,OH,202407,953.26,-0.0143,0.0553,Dayton,"Dayton-Kettering, OH",Montgomery County
77649,45406,OH,202408,948.84,-0.0046,0.0412,Dayton,"Dayton-Kettering, OH",Montgomery County
77649,45406,OH,202409,952.93,0.0043,0.0316,Dayton,"Dayton-Kettering, OH",Montgomery County
77649,45406,OH,202410,962.39,0.0099,0.0423,Dayton,"Dayton-Kettering, OH",Montgomery County
77649,45406,OH,202411,957.19,-0.0054,0.02,Dayton,"Dayton-Kettering, OH",Montgomery County
77649,45406,OH,202412,970.35,0.0138,0.0252,Dayton,"Dayton-Kettering, OH",Montgomery County
77649,45406,OH,202501,965.47,-0.005,0.0087,Dayton,"Dayton-Kettering, OH",Montgomery County
77649,45406,OH,202502,978.39,0.0134,0.0315,Dayton,"Dayton-Kettering, OH",Montgomery County
77649,45406,OH,202503,969.01,-0.0096,0.0173,Dayton,"Dayton-Kettering, OH",Montgomery County
77649,45406,OH,202504,983.61,0.0151,0.0298,Dayton,"Dayton-Kettering, OH",Montgomery County
77649,45406,OH,202505,997.19,0.0138,0.0288,Dayton,"Dayton-Kettering, OH",Montgomery County
77649,45406,OH,202506,1008.67,0.0115,0.0429,Dayton,"Dayton-Kettering, OH",Montgomery County
77649,45406,OH,202507,1018.55,0.0098,0.0685,Dayton,"Dayton-Kettering, OH",Montgomery County
77649,45406,OH,202508,1016.44,-0.0021,0.0712,Dayton,"Dayton-Kettering, OH",Montgomery County
77649,45406,OH,202509,1031.25,0.0146,0.0822,Dayton,"Dayton-Kettering, OH",Montgomery County
77649,45406,OH,202510,1018.88,-0.012,0.0587,Dayton,"Dayton-Kettering, OH",Montgomery County
77649,45406,OH,202511,1028.42,0.0094,0.0744,Dayton,"Dayton-Kettering, OH",Montgomery County
77649,45406,OH,202512,1005.42,-0.0224,0.0361,Dayton,"Dayton-Kettering, OH",Montgomery County
77649,45406,OH,202601,1008.33,0.0029,0.0444,Dayton,"Dayton-Kettering, OH",Montgomery County
77649,45406,OH,202602,984.96,-0.0232,0.0067,Dayton,"Dayton-Kettering, OH",Montgomery County
77649,45406,OH,202603,997.38,0.0126,0.0293,Dayton,"Dayton-Kettering, OH",Montgomery County
77649,45406,OH,202604,1005.2,0.0078,0.0219,Dayton,"Dayton-Kettering, OH",Montgomery County
77649,45406,OH,202605,1029.75,0.0244,0.0327,Dayton,"Dayton-Kettering, OH",Montgomery County
77649,45406,OH,202606,1043.83,0.0137,0.0349,Dayton,"Dayton-Kettering, OH",Montgomery County
77649,45406,OH,202607,1076.33,0.0311,0.0567,Dayton,"Dayton-Kettering, OH",Montgomery County
77649,45406,OH,202608,1079.23,0.0027,0.0618,Dayton,"Dayton-Kettering, OH",Montgomery County
77651,45409,OH,202502,1224.96,,,Oakwood,"Dayton-Kettering, OH",Montgomery County
77651,45409,OH,202503,1250.07,0.0205,,Oakwood,"Dayton-Kettering, OH",Montgomery County
77651,45409,OH,202504,1309.98,0.0479,,Oakwood,"Dayton-Kettering, OH",Montgomery County
77651,45409,OH,202505,1300.66,-0.0071,,Oakwood,"Dayton-Kettering, OH",Montgomery County
77651,45409,OH,202506,1368.6,0.0522,,Oakwood,"Dayton-Kettering, OH",Montgomery County
77651,45409,OH,202507,1378.7,0.0074,,Oakwood,"Dayton-Kettering, OH",Montgomery County
77651,45409,OH,202508,1407.7,0.021,,Oakwood,"Dayton-Kettering, OH",Montgomery County
77651,45409,OH,202509,1390.09,-0.0125,,Oakwood,"Dayton-Kettering, OH",Montgomery County
77651,45409,OH,202510,1420.58,0.0219,,Oakwood,"Dayton-Kettering, OH",Montgomery County
77651,45409,OH,202511,1403.46,-0.012,,Oakwood,"Dayton-Kettering, OH",Montgomery County
77651,45409,OH,202512,1389.01,-0.0103,,Oakwood,"Dayton-Kettering, OH",Montgomery County
77651,45409,OH,202601,1348.25,-0.0293,,Oakwood,"Dayton-Kettering, OH",Montgomery County
77651,45409,OH,202602,1358.2,0.0074,0.1088,Oakwood,"Dayton-Kettering, OH",Montgomery County
77651,45409,OH,202603,1364.14,0.0044,0.0913,Oakwood,"Dayton-Kettering, OH",Montgomery County
77651,45409,OH,202604,1393.58,0.0216,0.0638,Oakwood,"Dayton-Kettering, OH",Montgomery County
77651,45409,OH,202605,1395.62,0.0015,0.073,Oakwood,"Dayton-Kettering, OH",Montgomery County
77651,45409,OH,202606,1386.74,-0.0064,0.0133,Oakwood,"Dayton-Kettering, OH",Montgomery County
77651,45409,OH,202607,1400.79,0.0101,0.016,Oakwood,"Dayton-Kettering, OH",Montgomery County
77651,45409,OH,202608,1431.3,0.0218,0.0168,Oakwood,"Dayton-Kettering, OH",Montgomery County
77652,45410,OH,202209,999.63,,,Dayton,"Dayton-Kettering, OH",Montgomery County
77652,45410,OH,202210,1022.41,0.0228,,Dayton,"Dayton-Kettering, OH",Montgomery County
77652,45410,OH,202211,1046.93,0.024,,Dayton,"Dayton-Kettering, OH",Montgomery County
77652,45410,OH,202212,1044.09,-0.0027,,Dayton,"Dayton-Kettering, OH",Montgomery County
77652,45410,OH,202301,1043.77,-0.0003,,Dayton,"Dayton-Kettering, OH",Montgomery County
77652,45410,OH,202302,1036.68,-0.0068,,Dayton,"Dayton-Kettering, OH",Montgomery County
77652,45410,OH,202303,1038.96,0.0022,,Dayton,"Dayton-Kettering, OH",Montgomery County
77652,45410,OH,202304,1050.05,0.0107,,Dayton,"Dayton-Kettering, OH",Montgomery County
77652,45410,OH,202305,1058.46,0.008,,Dayton,"Dayton-Kettering, OH",Montgomery County
77652,45410,OH,202306,1065.69,0.0068,,Dayton,"Dayton-Kettering, OH",Montgomery County
77652,45410,OH,202307,1064.95,-0.0007,,Dayton,"Dayton-Kettering, OH",Montgomery County
77652,45410,OH,202308,1079.8,0.0139,,Dayton,"Dayton-Kettering, OH",Montgomery County
77652,45410,OH,202309,1097.25,0.0162,0.0977,Dayton,"Dayton-Kettering, OH",Montgomery County
77652,45410,OH,202310,1102.5,0.0048,0.0783,Dayton,"Dayton-Kettering, OH",Montgomery County
77652,45410,OH,202311,1079.08,-0.0212,0.0307,Dayton,"Dayton-Kettering, OH",Montgomery County
77652,45410,OH,202312,1069.55,-0.0088,0.0244,Dayton,"Dayton-Kettering, OH",Montgomery County
77652,45410,OH,202401,1079.35,0.0092,0.0341,Dayton,"Dayton-Kettering, OH",Montgomery County
77652,45410,OH,202402,1099.99,0.0191,0.0611,Dayton,"Dayton-Kettering, OH",Montgomery County
77652,45410,OH,202403,1128.6,0.026,0.0863,Dayton,"Dayton-Kettering, OH",Montgomery County
77652,45410,OH,202404,1137.62,0.008,0.0834,Dayton,"Dayton-Kettering, OH",Montgomery County
77652,45410,OH,202405,1143.89,0.0055,0.0807,Dayton,"Dayton-Kettering, OH",Montgomery County
77652,45410,OH,202406,1134.31,-0.0084,0.0644,Dayton,"Dayton-Kettering, OH",Montgomery County
77652,45410,OH,202407,1145.76,0.0101,0.0759,Dayton,"Dayton-Kettering, OH",Montgomery County
77652,45410,OH,202408,1134.38,-0.0099,0.0505,Dayton,"Dayton-Kettering, OH",Montgomery County
77652,45410,OH,202409,1150.99,0.0146,0.049,Dayton,"Dayton-Kettering, OH",Montgomery County
77652,45410,OH,202410,1139.13,-0.0103,0.0332,Dayton,"Dayton-Kettering, OH",Montgomery County
77652,45410,OH,202411,1154.54,0.0135,0.0699,Dayton,"Dayton-Kettering, OH",Montgomery County
77652,45410,OH,202412,1140.5,-0.0122,0.0663,Dayton,"Dayton-Kettering, OH",Montgomery County
77652,45410,OH,202501,1152.33,0.0104,0.0676,Dayton,"Dayton-Kettering, OH",Montgomery County
77652,45410,OH,202502,1124.2,-0.0244,0.022,Dayton,"Dayton-Kettering, OH",Montgomery County
77652,45410,OH,202503,1138.75,0.0129,0.009,Dayton,"Dayton-Kettering, OH",Montgomery County
77652,45410,OH,202504,1139.88,0.001,0.002,Dayton,"Dayton-Kettering, OH",Montgomery County
77652,45410,OH,202505,1186.47,0.0409,0.0372,Dayton,"Dayton-Kettering, OH",Montgomery County
77652,45410,OH,202506,1187.68,0.001,0.0471,Dayton,"Dayton-Kettering, OH",Montgomery County
77652,45410,OH,202507,1199.4,0.0099,0.0468,Dayton,"Dayton-Kettering, OH",Montgomery County
77652,45410,OH,202508,1201.51,0.0018,0.0592,Dayton,"Dayton-Kettering, OH",Montgomery County
77652,45410,OH,202509,1208.62,0.0059,0.0501,Dayton,"Dayton-Kettering, OH",Montgomery County
77652,45410,OH,202510,1220.58,0.0099,0.0715,Dayton,"Dayton-Kettering, OH",Montgomery County
77652,45410,OH,202511,1238.1,0.0144,0.0724,Dayton,"Dayton-Kettering, OH",Montgomery County
77652,45410,OH,202512,1230.29,-0.0063,0.0787,Dayton,"Dayton-Kettering, OH",Montgomery County
77652,45410,OH,202601,1238.98,0.0071,0.0752,Dayton,"Dayton-Kettering, OH",Montgomery County
77652,45410,OH,202602,1253.65,0.0118,0.1151,Dayton,"Dayton-Kettering, OH",Montgomery County
77652,45410,OH,202603,1267.9,0.0114,0.1134,Dayton,"Dayton-Kettering, OH",Montgomery County
77652,45410,OH,202604,1263.05,-0.0038,0.1081,Dayton,"Dayton-Kettering, OH",Montgomery County
77652,45410,OH,202605,1229.4,-0.0266,0.0362,Dayton,"Dayton-Kettering, OH",Montgomery County
77652,45410,OH,202606,1249.3,0.0162,0.0519,Dayton,"Dayton-Kettering, OH",Montgomery County
77652,45410,OH,202607,1230.38,-0.0151,0.0258,Dayton,"Dayton-Kettering, OH",Montgomery County
77652,45410,OH,202608,1254.69,0.0198,0.0443,Dayton,"Dayton-Kettering, OH",Montgomery County
77655,45414,OH,202304,1189.94,,,Dayton,"Dayton-Kettering, OH",Montgomery County
77655,45414,OH,202305,1228.53,0.0324,,Dayton,"Dayton-Kettering, OH",Montgomery County
77655,45414,OH,202306,1219.42,-0.0074,,Dayton,"Dayton-Kettering, OH",Montgomery County
77655,45414,OH,202307,1209.53,-0.0081,,Dayton,"Dayton-Kettering, OH",Montgomery County
77655,45414,OH,202308,1194.27,-0.0126,,Dayton,"Dayton-Kettering, OH",Montgomery County
77655,45414,OH,202309,1196.04,0.0015,,Dayton,"Dayton-Kettering, OH",Montgomery County
77655,45414,OH,202310,1205.47,0.0079,,Dayton,"Dayton-Kettering, OH",Montgomery County
77655,45414,OH,202311,1196.82,-0.0072,,Dayton,"Dayton-Kettering, OH",Montgomery County
77655,45414,OH,202312,1230.97,0.0285,,Dayton,"Dayton-Kettering, OH",Montgomery County
77655,45414,OH,202401,1211.58,-0.0158,,Dayton,"Dayton-Kettering, OH",Montgomery County
77655,45414,OH,202402,1245.74,0.0282,,Dayton,"Dayton-Kettering, OH",Montgomery County
77655,45414,OH,202403,1195.46,-0.0404,,Dayton,"Dayton-Kettering, OH",Montgomery County
77655,45414,OH,202404,1231.52,0.0302,0.0349,Dayton,"Dayton-Kettering, OH",Montgomery County
77655,45414,OH,202405,1263.86,0.0263,0.0288,Dayton,"Dayton-Kettering, OH",Montgomery County
77655,45414,OH,202406,1307.69,0.0347,0.0724,Dayton,"Dayton-Kettering, OH",Montgomery County
77655,45414,OH,202407,1309.05,0.001,0.0823,Dayton,"Dayton-Kettering, OH",Montgomery County
77655,45414,OH,202408,1278.87,-0.0231,0.0708,Dayton,"Dayton-Kettering, OH",Montgomery County
77655,45414,OH,202409,1278.6,-0.0002,0.069,Dayton,"Dayton-Kettering, OH",Montgomery County
77655,45414,OH,202410,1270.9,-0.006,0.0543,Dayton,"Dayton-Kettering, OH",Montgomery County
77655,45414,OH,202411,1275.0,0.0032,0.0653,Dayton,"Dayton-Kettering, OH",Montgomery County
77655,45414,OH,202412,1275.34,0.0003,0.036,Dayton,"Dayton-Kettering, OH",Montgomery County
77655,45414,OH,202501,1267.4,-0.0062,0.0461,Dayton,"Dayton-Kettering, OH",Montgomery County
77655,45414,OH,202502,1258.58,-0.007,0.0103,Dayton,"Dayton-Kettering, OH",Montgomery County
77655,45414,OH,202503,1281.9,0.0185,0.0723,Dayton,"Dayton-Kettering, OH",Montgomery County
77655,45414,OH,202504,1307.4,0.0199,0.0616,Dayton,"Dayton-Kettering, OH",Montgomery County
77655,45414,OH,202505,1345.29,0.029,0.0644,Dayton,"Dayton-Kettering, OH",Montgomery County
77655,45414,OH,202506,1324.0,-0.0158,0.0125,Dayton,"Dayton-Kettering, OH",Montgomery County
77655,45414,OH,202507,1351.25,0.0206,0.0322,Dayton,"Dayton-Kettering, OH",Montgomery County
77655,45414,OH,202508,1374.91,0.0175,0.0751,Dayton,"Dayton-Kettering, OH",Montgomery County
77655,45414,OH,202509,1406.25,0.0228,0.0998,Dayton,"Dayton-Kettering, OH",Montgomery County
77655,45414,OH,202510,1385.83,-0.0145,0.0904,Dayton,"Dayton-Kettering, OH",Montgomery County
77655,45414,OH,202511,1348.85,-0.0267,0.0579,Dayton,"Dayton-Kettering, OH",Montgomery County
77655,45414,OH,202512,1366.96,0.0134,0.0718,Dayton,"Dayton-Kettering, OH",Montgomery County
77655,45414,OH,202601,1369.6,0.0019,0.0806,Dayton,"Dayton-Kettering, OH",Montgomery County
77655,45414,OH,202602,1373.5,0.0029,0.0913,Dayton,"Dayton-Kettering, OH",Montgomery County
77655,45414,OH,202603,1363.64,-0.0072,0.0638,Dayton,"Dayton-Kettering, OH",Montgomery County
77655,45414,OH,202604,1369.02,0.0039,0.0471,Dayton,"Dayton-Kettering, OH",Montgomery County
77655,45414,OH,202605,1346.95,-0.0161,0.0012,Dayton,"Dayton-Kettering, OH",Montgomery County
77655,45414,OH,202606,1355.63,0.0064,0.0239,Dayton,"Dayton-Kettering, OH",Montgomery County
77655,45414,OH,202607,1352.2,-0.0025,0.0007,Dayton,"Dayton-Kettering, OH",Montgomery County
77655,45414,OH,202608,1396.67,0.0329,0.0158,Dayton,"Dayton-Kettering, OH",Montgomery County
77657,45416,OH,202603,1239.1,,,Trotwood,"Dayton-Kettering, OH",Montgomery County
77657,45416,OH,202604,1217.82,-0.0172,,Trotwood,"Dayton-Kettering, OH",Montgomery County
77657,45416,OH,202605,1210.24,-0.0062,,Trotwood,"Dayton-Kettering, OH",Montgomery County
77657,45416,OH,202606,1244.31,0.0282,,Trotwood,"Dayton-Kettering, OH",Montgomery County
77657,45416,OH,202607,1316.15,0.0577,,Trotwood,"Dayton-Kettering, OH",Montgomery County
77657,45416,OH,202608,1333.33,0.0131,,Trotwood,"Dayton-Kettering, OH",Montgomery County
77658,45417,OH,202305,934.94,,,Dayton,"Dayton-Kettering, OH",Montgomery County
77658,45417,OH,202306,923.44,-0.0123,,Dayton,"Dayton-Kettering, OH",Montgomery County
77658,45417,OH,202307,919.12,-0.0047,,Dayton,"Dayton-Kettering, OH",Montgomery County
77658,45417,OH,202308,911.36,-0.0084,,Dayton,"Dayton-Kettering, OH",Montgomery County
77658,45417,OH,202309,928.88,0.0192,,Dayton,"Dayton-Kettering, OH",Montgomery County
77658,45417,OH,202311,944.45,0.0168,,Dayton,"Dayton-Kettering, OH",Montgomery County
77658,45417,OH,202312,952.03,0.008,,Dayton,"Dayton-Kettering, OH",Montgomery County
77658,45417,OH,202401,940.95,-0.0116,,Dayton,"Dayton-Kettering, OH",Montgomery County
77658,45417,OH,202402,964.84,0.0254,,Dayton,"Dayton-Kettering, OH",Montgomery County
77658,45417,OH,202403,969.36,0.0047,,Dayton,"Dayton-Kettering, OH",Montgomery County
77658,45417,OH,202404,959.53,-0.0101,,Dayton,"Dayton-Kettering, OH",Montgomery County
77658,45417,OH,202405,964.87,0.0056,,Dayton,"Dayton-Kettering, OH",Montgomery County
77658,45417,OH,202406,954.88,-0.0103,0.0213,Dayton,"Dayton-Kettering, OH",Montgomery County
77658,45417,OH,202407,977.12,0.0233,0.0581,Dayton,"Dayton-Kettering, OH",Montgomery County
77658,45417,OH,202408,979.58,0.0025,0.0658,Dayton,"Dayton-Kettering, OH",Montgomery County
77658,45417,OH,202409,974.25,-0.0054,0.069,Dayton,"Dayton-Kettering, OH",Montgomery County
77658,45417,OH,202410,978.09,0.0039,0.053,Dayton,"Dayton-Kettering, OH",Montgomery County
77658,45417,OH,202411,980.69,0.0027,0.0384,Dayton,"Dayton-Kettering, OH",Montgomery County
77658,45417,OH,202412,998.91,0.0186,0.0492,Dayton,"Dayton-Kettering, OH",Montgomery County
77658,45417,OH,202501,998.35,-0.0006,0.061,Dayton,"Dayton-Kettering, OH",Montgomery County
77658,45417,OH,202502,996.72,-0.0016,0.0331,Dayton,"Dayton-Kettering, OH",Montgomery County
77658,45417,OH,202503,1004.01,0.0073,0.0357,Dayton,"Dayton-Kettering, OH",Montgomery County
77658,45417,OH,202504,1015.98,0.0119,0.0588,Dayton,"Dayton-Kettering, OH",Montgomery County
77658,45417,OH,202505,1016.42,0.0004,0.0534,Dayton,"Dayton-Kettering, OH",Montgomery County
77658,45417,OH,202506,1009.01,-0.0073,0.0567,Dayton,"Dayton-Kettering, OH",Montgomery County
77658,45417,OH,202507,1012.79,0.0038,0.0365,Dayton,"Dayton-Kettering, OH",Montgomery County
77658,45417,OH,202508,1005.65,-0.007,0.0266,Dayton,"Dayton-Kettering, OH",Montgomery County
77658,45417,OH,202509,1007.82,0.0021,0.0345,Dayton,"Dayton-Kettering, OH",Montgomery County
77658,45417,OH,202510,990.31,-0.0174,0.0125,Dayton,"Dayton-Kettering, OH",Montgomery County
77658,45417,OH,202511,1018.08,0.028,0.0381,Dayton,"Dayton-Kettering, OH",Montgomery County
77658,45417,OH,202512,1050.08,0.0314,0.0512,Dayton,"Dayton-Kettering, OH",Montgomery County
77658,45417,OH,202601,1067.93,0.017,0.0697,Dayton,"Dayton-Kettering, OH",Montgomery County
77658,45417,OH,202602,1061.68,-0.0059,0.0652,Dayton,"Dayton-Kettering, OH",Montgomery County
77658,45417,OH,202603,1047.97,-0.0129,0.0438,Dayton,"Dayton-Kettering, OH",Montgomery County
77658,45417,OH,202604,1048.24,0.0003,0.0318,Dayton,"Dayton-Kettering, OH",Montgomery County
77658,45417,OH,202605,1045.54,-0.0026,0.0286,Dayton,"Dayton-Kettering, OH",Montgomery County
77658,45417,OH,202606,1063.0,0.0167,0.0535,Dayton,"Dayton-Kettering, OH",Montgomery County
77658,45417,OH,202607,1064.28,0.0012,0.0508,Dayton,"Dayton-Kettering, OH",Montgomery County
77658,45417,OH,202608,1063.44,-0.0008,0.0575,Dayton,"Dayton-Kettering, OH",Montgomery County
77660,45419,OH,202401,1069.68,,,Oakwood,"Dayton-Kettering, OH",Montgomery County
77660,45419,OH,202402,1066.4,-0.0031,,Oakwood,"Dayton-Kettering, OH",Montgomery County
77660,45419,OH,202403,1069.57,0.003,,Oakwood,"Dayton-Kettering, OH",Montgomery County
77660,45419,OH,202404,1057.01,-0.0117,,Oakwood,"Dayton-Kettering, OH",Montgomery County
77660,45419,OH,202405,1074.85,0.0169,,Oakwood,"Dayton-Kettering, OH",Montgomery County
77660,45419,OH,202406,1074.09,-0.0007,,Oakwood,"Dayton-Kettering, OH",Montgomery County
77660,45419,OH,202407,1068.43,-0.0053,,Oakwood,"Dayton-Kettering, OH",Montgomery County
77660,45419,OH,202408,1074.98,0.0061,,Oakwood,"Dayton-Kettering, OH",Montgomery County
77660,45419,OH,202409,1080.77,0.0054,,Oakwood,"Dayton-Kettering, OH",Montgomery County
77660,45419,OH,202410,1082.57,0.0017,,Oakwood,"Dayton-Kettering, OH",Montgomery County
77660,45419,OH,202411,1077.26,-0.0049,,Oakwood,"Dayton-Kettering, OH",Montgomery County
77660,45419,OH,202412,1072.91,-0.004,,Oakwood,"Dayton-Kettering, OH",Montgomery County
77660,45419,OH,202501,1093.42,0.0191,0.0222,Oakwood,"Dayton-Kettering, OH",Montgomery County
77660,45419,OH,202502,1117.36,0.0219,0.0478,Oakwood,"Dayton-Kettering, OH",Montgomery County
77660,45419,OH,202503,1163.23,0.0411,0.0876,Oakwood,"Dayton-Kettering, OH",Montgomery County
77660,45419,OH,202504,1164.38,0.001,0.1016,Oakwood,"Dayton-Kettering, OH",Montgomery County
77660,45419,OH,202505,1158.25,-0.0053,0.0776,Oakwood,"Dayton-Kettering, OH",Montgomery County
77660,45419,OH,202506,1133.71,-0.0212,0.0555,Oakwood,"Dayton-Kettering, OH",Montgomery County
77660,45419,OH,202507,1126.39,-0.0065,0.0542,Oakwood,"Dayton-Kettering, OH",Montgomery County
77660,45419,OH,202508,1118.28,-0.0072,0.0403,Oakwood,"Dayton-Kettering, OH",Montgomery County
77660,45419,OH,202509,1109.97,-0.0074,0.027,Oakwood,"Dayton-Kettering, OH",Montgomery County
77660,45419,OH,202510,1107.53,-0.0022,0.0231,Oakwood,"Dayton-Kettering, OH",Montgomery County
77660,45419,OH,202511,1098.03,-0.0086,0.0193,Oakwood,"Dayton-Kettering, OH",Montgomery County
77660,45419,OH,202512,1141.11,0.0392,0.0636,Oakwood,"Dayton-Kettering, OH",Montgomery County
77660,45419,OH,202601,1166.1,0.0219,0.0665,Oakwood,"Dayton-Kettering, OH",Montgomery County
77660,45419,OH,202602,1200.18,0.0292,0.0741,Oakwood,"Dayton-Kettering, OH",Montgomery County
77660,45419,OH,202603,1177.76,-0.0187,0.0125,Oakwood,"Dayton-Kettering, OH",Montgomery County
77660,45419,OH,202604,1168.92,-0.0075,0.0039,Oakwood,"Dayton-Kettering, OH",Montgomery County
77660,45419,OH,202605,1163.25,-0.0048,0.0043,Oakwood,"Dayton-Kettering, OH",Montgomery County
77660,45419,OH,202606,1168.99,0.0049,0.0311,Oakwood,"Dayton-Kettering, OH",Montgomery County
77660,45419,OH,202607,1172.64,0.0031,0.0411,Oakwood,"Dayton-Kettering, OH",Montgomery County
77660,45419,OH,202608,1190.49,0.0152,0.0646,Oakwood,"Dayton-Kettering, OH",Montgomery County
77661,45420,OH,202306,1131.33,,,Kettering,"Dayton-Kettering, OH",Montgomery County
77661,45420,OH,202307,1147.45,0.0142,,Kettering,"Dayton-Kettering, OH",Montgomery County
77661,45420,OH,202308,1145.83,-0.0014,,Kettering,"Dayton-Kettering, OH",Montgomery County
77661,45420,OH,202310,1127.03,-0.0164,,Kettering,"Dayton-Kettering, OH",Montgomery County
77661,45420,OH,202311,1108.22,-0.0167,,Kettering,"Dayton-Kettering, OH",Montgomery County
77661,45420,OH,202312,1114.18,0.0054,,Kettering,"Dayton-Kettering, OH",Montgomery County
77661,45420,OH,202401,1134.7,0.0184,,Kettering,"Dayton-Kettering, OH",Montgomery County
77661,45420,OH,202402,1149.3,0.0129,,Kettering,"Dayton-Kettering, OH",Montgomery County
77661,45420,OH,202403,1161.12,0.0103,,Kettering,"Dayton-Kettering, OH",Montgomery County
77661,45420,OH,202404,1159.2,-0.0017,,Kettering,"Dayton-Kettering, OH",Montgomery County
77661,45420,OH,202405,1170.05,0.0094,,Kettering,"Dayton-Kettering, OH",Montgomery County
77661,45420,OH,202406,1186.66,0.0142,,Kettering,"Dayton-Kettering, OH",Montgomery County
77661,45420,OH,202407,1194.37,0.0065,0.0557,Kettering,"Dayton-Kettering, OH",Montgomery County
77661,45420,OH,202408,1196.95,0.0022,0.0431,Kettering,"Dayton-Kettering, OH",Montgomery County
77661,45420,OH,202409,1186.04,-0.0091,0.0351,Kettering,"Dayton-Kettering, OH",Montgomery County
77661,45420,OH,202410,1178.71,-0.0062,0.0459,Kettering,"Dayton-Kettering, OH",Montgomery County
77661,45420,OH,202411,1185.37,0.0056,0.0696,Kettering,"Dayton-Kettering, OH",Montgomery County
77661,45420,OH,202412,1179.89,-0.0046,0.059,Kettering,"Dayton-Kettering, OH",Montgomery County
77661,45420,OH,202501,1187.39,0.0064,0.0464,Kettering,"Dayton-Kettering, OH",Montgomery County
77661,45420,OH,202502,1181.28,-0.0051,0.0278,Kettering,"Dayton-Kettering, OH",Montgomery County
77661,45420,OH,202503,1193.48,0.0103,0.0279,Kettering,"Dayton-Kettering, OH",Montgomery County
77661,45420,OH,202504,1202.83,0.0078,0.0376,Kettering,"Dayton-Kettering, OH",Montgomery County
77661,45420,OH,202505,1230.62,0.0231,0.0518,Kettering,"Dayton-Kettering, OH",Montgomery County
77661,45420,OH,202506,1244.15,0.011,0.0484,Kettering,"Dayton-Kettering, OH",Montgomery County
77661,45420,OH,202507,1233.77,-0.0083,0.033,Kettering,"Dayton-Kettering, OH",Montgomery County
77661,45420,OH,202508,1219.56,-0.0115,0.0189,Kettering,"Dayton-Kettering, OH",Montgomery County
77661,45420,OH,202509,1220.55,0.0008,0.0291,Kettering,"Dayton-Kettering, OH",Montgomery County
77661,45420,OH,202510,1221.27,0.0006,0.0361,Kettering,"Dayton-Kettering, OH",Montgomery County
77661,45420,OH,202511,1231.79,0.0086,0.0392,Kettering,"Dayton-Kettering, OH",Montgomery County
77661,45420,OH,202512,1238.11,0.0051,0.0493,Kettering,"Dayton-Kettering, OH",Montgomery County
77661,45420,OH,202601,1254.99,0.0136,0.0569,Kettering,"Dayton-Kettering, OH",Montgomery County
77661,45420,OH,202602,1258.28,0.0026,0.0652,Kettering,"Dayton-Kettering, OH",Montgomery County
77661,45420,OH,202603,1249.5,-0.007,0.0469,Kettering,"Dayton-Kettering, OH",Montgomery County
77661,45420,OH,202604,1266.96,0.014,0.0533,Kettering,"Dayton-Kettering, OH",Montgomery County
77661,45420,OH,202605,1281.7,0.0116,0.0415,Kettering,"Dayton-Kettering, OH",Montgomery County
77661,45420,OH,202606,1314.72,0.0258,0.0567,Kettering,"Dayton-Kettering, OH",Montgomery County
77661,45420,OH,202607,1312.69,-0.0015,0.064,Kettering,"Dayton-Kettering, OH",Montgomery County
77661,45420,OH,202608,1313.33,0.0005,0.0769,Kettering,"Dayton-Kettering, OH",Montgomery County
77664,45424,OH,201502,738.89,,,Huber Heights,"Dayton-Kettering, OH",Montgomery County
77664,45424,OH,201503,748.21,0.0126,,Huber Heights,"Dayton-Kettering, OH",Montgomery County
77664,45424,OH,201504,762.48,0.0191,,Huber Heights,"Dayton-Kettering, OH",Montgomery County
77664,45424,OH,201505,769.65,0.0094,,Huber Heights,"Dayton-Kettering, OH",Montgomery County
77664,45424,OH,201506,776.77,0.0093,,Huber Heights,"Dayton-Kettering, OH",Montgomery County
77664,45424,OH,201507,771.54,-0.0067,,Huber Heights,"Dayton-Kettering, OH",Montgomery County
77664,45424,OH,201508,770.99,-0.0007,,Huber Heights,"Dayton-Kettering, OH",Montgomery County
77664,45424,OH,201509,771.55,0.0007,,Huber Heights,"Dayton-Kettering, OH",Montgomery County
77664,45424,OH,201510,774.37,0.0037,,Huber Heights,"Dayton-Kettering, OH",Montgomery County
77664,45424,OH,201511,770.63,-0.0048,,Huber Heights,"Dayton-Kettering, OH",Montgomery County
77664,45424,OH,201512,765.13,-0.0071,,Huber Heights,"Dayton-Kettering, OH",Montgomery County
77664,45424,OH,201601,764.82,-0.0004,,Huber Heights,"Dayton-Kettering, OH",Montgomery County
77664,45424,OH,201602,776.23,0.0149,0.0505,Huber Heights,"Dayton-Kettering, OH",Montgomery County
77664,45424,OH,201603,791.31,0.0194,0.0576,Huber Heights,"Dayton-Kettering, OH",Montgomery County
77664,45424,OH,201604,799.09,0.0098,0.048,Huber Heights,"Dayton-Kettering, OH",Montgomery County
77664,45424,OH,201605,802.88,0.0047,0.0432,Huber Heights,"Dayton-Kettering, OH",Montgomery County
77664,45424,OH,201606,803.42,0.0007,0.0343,Huber Heights,"Dayton-Kettering, OH",Montgomery County
77664,45424,OH,201607,813.31,0.0123,0.0541,Huber Heights,"Dayton-Kettering, OH",Montgomery County
77664,45424,OH,201608,810.45,-0.0035,0.0512,Huber Heights,"Dayton-Kettering, OH",Montgomery County
77664,45424,OH,201609,799.32,-0.0137,0.036,Huber Heights,"Dayton-Kettering, OH",Montgomery County
77664,45424,OH,201610,782.36,-0.0212,0.0103,Huber Heights,"Dayton-Kettering, OH",Montgomery County
77664,45424,OH,201611,773.24,-0.0117,0.0034,Huber Heights,"Dayton-Kettering, OH",Montgomery County
77664,45424,OH,201612,769.93,-0.0043,0.0063,Huber Heights,"Dayton-Kettering, OH",Montgomery County
77664,45424,OH,201701,771.65,0.0022,0.0089,Huber Heights,"Dayton-Kettering, OH",Montgomery County
77664,45424,OH,201702,771.43,-0.0003,-0.0062,Huber Heights,"Dayton-Kettering, OH",Montgomery County
77664,45424,OH,201703,776.98,0.0072,-0.0181,Huber Heights,"Dayton-Kettering, OH",Montgomery County
77664,45424,OH,201704,788.48,0.0148,-0.0133,Huber Heights,"Dayton-Kettering, OH",Montgomery County
77664,45424,OH,201705,807.98,0.0247,0.0064,Huber Heights,"Dayton-Kettering, OH",Montgomery County
77664,45424,OH,201706,821.18,0.0163,0.0221,Huber Heights,"Dayton-Kettering, OH",Montgomery County
77664,45424,OH,201707,826.31,0.0062,0.016,Huber Heights,"Dayton-Kettering, OH",Montgomery County
77664,45424,OH,201708,824.28,-0.0025,0.0171,Huber Heights,"Dayton-Kettering, OH",Montgomery County
77664,45424,OH,201709,823.66,-0.0007,0.0305,Huber Heights,"Dayton-Kettering, OH",Montgomery County
77664,45424,OH,201710,822.53,-0.0014,0.0513,Huber Heights,"Dayton-Kettering, OH",Montgomery County
77664,45424,OH,201711,816.16,-0.0077,0.0555,Huber Heights,"Dayton-Kettering, OH",Montgomery County
77664,45424,OH,201712,811.78,-0.0054,0.0544,Huber Heights,"Dayton-Kettering, OH",Montgomery County
77664,45424,OH,201801,800.28,-0.0142,0.0371,Huber Heights,"Dayton-Kettering, OH",Montgomery County
77664,45424,OH,201802,808.61,0.0104,0.0482,Huber Heights,"Dayton-Kettering, OH",Montgomery County
77664,45424,OH,201803,820.35,0.0145,0.0558,Huber Heights,"Dayton-Kettering, OH",Montgomery County
77664,45424,OH,201804,842.82,0.0274,0.0689,Huber Heights,"Dayton-Kettering, OH",Montgomery County
77664,45424,OH,201805,855.48,0.015,0.0588,Huber Heights,"Dayton-Kettering, OH",Montgomery County
77664,45424,OH,201806,862.39,0.0081,0.0502,Huber Heights,"Dayton-Kettering, OH",Montgomery County
77664,45424,OH,201807,863.32,0.0011,0.0448,Huber Heights,"Dayton-Kettering, OH",Montgomery County
77664,45424,OH,201808,858.6,-0.0055,0.0416,Huber Heights,"Dayton-Kettering, OH",Montgomery County
77664,45424,OH,201809,856.07,-0.0029,0.0393,Huber Heights,"Dayton-Kettering, OH",Montgomery County
77664,45424,OH,201810,856.94,0.001,0.0418,Huber Heights,"Dayton-Kettering, OH",Montgomery County
77664,45424,OH,201811,858.8,0.0022,0.0523,Huber Heights,"Dayton-Kettering, OH",Montgomery County
77664,45424,OH,201812,856.74,-0.0024,0.0554,Huber Heights,"Dayton-Kettering, OH",Montgomery County
77664,45424,OH,201901,853.86,-0.0034,0.067,Huber Heights,"Dayton-Kettering, OH",Montgomery County
77664,45424,OH,201902,856.33,0.0029,0.059,Huber Heights,"Dayton-Kettering, OH",Montgomery County
77664,45424,OH,201903,866.51,0.0119,0.0563,Huber Heights,"Dayton-Kettering, OH",Montgomery County
77664,45424,OH,201904,874.4,0.0091,0.0375,Huber Heights,"Dayton-Kettering, OH",Montgomery County
77664,45424,OH,201905,874.7,0.0003,0.0225,Huber Heights,"Dayton-Kettering, OH",Montgomery County
77664,45424,OH,201906,869.28,-0.0062,0.008,Huber Heights,"Dayton-Kettering, OH",Montgomery County
77664,45424,OH,201907,871.32,0.0024,0.0093,Huber Heights,"Dayton-Kettering, OH",Montgomery County
77664,45424,OH,201908,881.0,0.0111,0.0261,Huber Heights,"Dayton-Kettering, OH",Montgomery County
77664,45424,OH,201909,891.95,0.0124,0.0419,Huber Heights,"Dayton-Kettering, OH",Montgomery County
77664,45424,OH,201910,898.51,0.0074,0.0485,Huber Heights,"Dayton-Kettering, OH",Montgomery County
77664,45424,OH,201911,902.43,0.0044,0.0508,Huber Heights,"Dayton-Kettering, OH",Montgomery County
77664,45424,OH,201912,899.13,-0.0037,0.0495,Huber Heights,"Dayton-Kettering, OH",Montgomery County
77664,45424,OH,202001,901.02,0.0021,0.0552,Huber Heights,"Dayton-Kettering, OH",Montgomery County
77664,45424,OH,202002,906.05,0.0056,0.0581,Huber Heights,"Dayton-Kettering, OH",Montgomery County
77664,45424,OH,202003,918.4,0.0136,0.0599,Huber Heights,"Dayton-Kettering, OH",Montgomery County
77664,45424,OH,202004,923.2,0.0052,0.0558,Huber Heights,"Dayton-Kettering, OH",Montgomery County
77664,45424,OH,202005,922.23,-0.0011,0.0543,Huber Heights,"Dayton-Kettering, OH",Montgomery County
77664,45424,OH,202006,921.37,-0.0009,0.0599,Huber Heights,"Dayton-Kettering, OH",Montgomery County
77664,45424,OH,202007,921.56,0.0002,0.0577,Huber Heights,"Dayton-Kettering, OH",Montgomery County
77664,45424,OH,202008,928.82,0.0079,0.0543,Huber Heights,"Dayton-Kettering, OH",Montgomery County
77664,45424,OH,202009,931.74,0.0031,0.0446,Huber Heights,"Dayton-Kettering, OH",Montgomery County
77664,45424,OH,202010,946.99,0.0164,0.054,Huber Heights,"Dayton-Kettering, OH",Montgomery County
77664,45424,OH,202011,956.94,0.0105,0.0604,Huber Heights,"Dayton-Kettering, OH",Montgomery County
77664,45424,OH,202012,971.5,0.0152,0.0805,Huber Heights,"Dayton-Kettering, OH",Montgomery County
77664,45424,OH,202101,972.04,0.0006,0.0788,Huber Heights,"Dayton-Kettering, OH",Montgomery County
77664,45424,OH,202102,975.58,0.0036,0.0767,Huber Heights,"Dayton-Kettering, OH",Montgomery County
77664,45424,OH,202103,980.69,0.0052,0.0678,Huber Heights,"Dayton-Kettering, OH",Montgomery County
77664,45424,OH,202104,996.93,0.0166,0.0799,Huber Heights,"Dayton-Kettering, OH",Montgomery County
77664,45424,OH,202105,1009.93,0.013,0.0951,Huber Heights,"Dayton-Kettering, OH",Montgomery County
77664,45424,OH,202106,1030.93,0.0208,0.1189,Huber Heights,"Dayton-Kettering, OH",Montgomery County
77664,45424,OH,202107,1036.07,0.005,0.1243,Huber Heights,"Dayton-Kettering, OH",Montgomery County
77664,45424,OH,202108,1043.37,0.007,0.1233,Huber Heights,"Dayton-Kettering, OH",Montgomery County
77664,45424,OH,202109,1050.51,0.0068,0.1275,Huber Heights,"Dayton-Kettering, OH",Montgomery County
77664,45424,OH,202110,1064.06,0.0129,0.1236,Huber Heights,"Dayton-Kettering, OH",Montgomery County
77664,45424,OH,202111,1073.07,0.0085,0.1214,Huber Heights,"Dayton-Kettering, OH",Montgomery County
77664,45424,OH,202112,1074.75,0.0016,0.1063,Huber Heights,"Dayton-Kettering, OH",Montgomery County
77664,45424,OH,202201,1072.26,-0.0023,0.1031,Huber Heights,"Dayton-Kettering, OH",Montgomery County
77664,45424,OH,202202,1080.58,0.0078,0.1076,Huber Heights,"Dayton-Kettering, OH",Montgomery County
77664,45424,OH,202203,1074.03,-0.0061,0.0952,Huber Heights,"Dayton-Kettering, OH",Montgomery County
77664,45424,OH,202204,1085.1,0.0103,0.0884,Huber Heights,"Dayton-Kettering, OH",Montgomery County
77664,45424,OH,202205,1081.46,-0.0034,0.0708,Huber Heights,"Dayton-Kettering, OH",Montgomery County
77664,45424,OH,202206,1101.72,0.0187,0.0687,Huber Heights,"Dayton-Kettering, OH",Montgomery County
77664,45424,OH,202207,1107.79,0.0055,0.0692,Huber Heights,"Dayton-Kettering, OH",Montgomery County
77664,45424,OH,202208,1123.84,0.0145,0.0771,Huber Heights,"Dayton-Kettering, OH",Montgomery County
77664,45424,OH,202209,1126.93,0.0027,0.0727,Huber Heights,"Dayton-Kettering, OH",Montgomery County
77664,45424,OH,202210,1134.59,0.0068,0.0663,Huber Heights,"Dayton-Kettering, OH",Montgomery County
77664,45424,OH,202211,1137.47,0.0025,0.06,Huber Heights,"Dayton-Kettering, OH",Montgomery County
77664,45424,OH,202212,1138.77,0.0011,0.0596,Huber Heights,"Dayton-Kettering, OH",Montgomery County
77664,45424,OH,202301,1139.08,0.0003,0.0623,Huber Heights,"Dayton-Kettering, OH",Montgomery County
77664,45424,OH,202302,1147.23,0.0072,0.0617,Huber Heights,"Dayton-Kettering, OH",Montgomery County
77664,45424,OH,202303,1159.66,0.0108,0.0797,Huber Heights,"Dayton-Kettering, OH",Montgomery County
77664,45424,OH,202304,1163.91,0.0037,0.0726,Huber Heights,"Dayton-Kettering, OH",Montgomery County
77664,45424,OH,202305,1164.76,0.0007,0.077,Huber Heights,"Dayton-Kettering, OH",Montgomery County
77664,45424,OH,202306,1172.48,0.0066,0.0642,Huber Heights,"Dayton-Kettering, OH",Montgomery County
77664,45424,OH,202307,1186.66,0.0121,0.0712,Huber Heights,"Dayton-Kettering, OH",Montgomery County
77664,45424,OH,202308,1202.25,0.0131,0.0698,Huber Heights,"Dayton-Kettering, OH",Montgomery County
77664,45424,OH,202309,1201.4,-0.0007,0.0661,Huber Heights,"Dayton-Kettering, OH",Montgomery County
77664,45424,OH,202310,1201.27,-0.0001,0.0588,Huber Heights,"Dayton-Kettering, OH",Montgomery County
77664,45424,OH,202311,1200.61,-0.0005,0.0555,Huber Heights,"Dayton-Kettering, OH",Montgomery County
77664,45424,OH,202312,1200.39,-0.0002,0.0541,Huber Heights,"Dayton-Kettering, OH",Montgomery County
77664,45424,OH,202401,1208.37,0.0066,0.0608,Huber Heights,"Dayton-Kettering, OH",Montgomery County
77664,45424,OH,202402,1207.23,-0.0009,0.0523,Huber Heights,"Dayton-Kettering, OH",Montgomery County
77664,45424,OH,202403,1220.61,0.0111,0.0526,Huber Heights,"Dayton-Kettering, OH",Montgomery County
77664,45424,OH,202404,1219.81,-0.0007,0.048,Huber Heights,"Dayton-Kettering, OH",Montgomery County
77664,45424,OH,202405,1233.93,0.0116,0.0594,Huber Heights,"Dayton-Kettering, OH",Montgomery County
77664,45424,OH,202406,1236.44,0.002,0.0546,Huber Heights,"Dayton-Kettering, OH",Montgomery County
77664,45424,OH,202407,1253.54,0.0138,0.0564,Huber Heights,"Dayton-Kettering, OH",Montgomery County
77664,45424,OH,202408,1255.96,0.0019,0.0447,Huber Heights,"Dayton-Kettering, OH",Montgomery County
77664,45424,OH,202409,1266.54,0.0084,0.0542,Huber Heights,"Dayton-Kettering, OH",Montgomery County
77664,45424,OH,202410,1268.52,0.0016,0.056,Huber Heights,"Dayton-Kettering, OH",Montgomery County
77664,45424,OH,202411,1263.54,-0.0039,0.0524,Huber Heights,"Dayton-Kettering, OH",Montgomery County
77664,45424,OH,202412,1260.77,-0.0022,0.0503,Huber Heights,"Dayton-Kettering, OH",Montgomery County
77664,45424,OH,202501,1259.37,-0.0011,0.0422,Huber Heights,"Dayton-Kettering, OH",Montgomery County
77664,45424,OH,202502,1272.8,0.0107,0.0543,Huber Heights,"Dayton-Kettering, OH",Montgomery County
77664,45424,OH,202503,1283.85,0.0087,0.0518,Huber Heights,"Dayton-Kettering, OH",Montgomery County
77664,45424,OH,202504,1294.32,0.0082,0.0611,Huber Heights,"Dayton-Kettering, OH",Montgomery County
77664,45424,OH,202505,1301.47,0.0055,0.0547,Huber Heights,"Dayton-Kettering, OH",Montgomery County
77664,45424,OH,202506,1301.39,-0.0001,0.0525,Huber Heights,"Dayton-Kettering, OH",Montgomery County
77664,45424,OH,202507,1307.09,0.0044,0.0427,Huber Heights,"Dayton-Kettering, OH",Montgomery County
77664,45424,OH,202508,1315.25,0.0062,0.0472,Huber Heights,"Dayton-Kettering, OH",Montgomery County
77664,45424,OH,202509,1326.12,0.0083,0.047,Huber Heights,"Dayton-Kettering, OH",Montgomery County
77664,45424,OH,202510,1312.32,-0.0104,0.0345,Huber Heights,"Dayton-Kettering, OH",Montgomery County
77664,45424,OH,202511,1301.67,-0.0081,0.0302,Huber Heights,"Dayton-Kettering, OH",Montgomery County
77664,45424,OH,202512,1290.59,-0.0085,0.0237,Huber Heights,"Dayton-Kettering, OH",Montgomery County
77664,45424,OH,202601,1292.41,0.0014,0.0262,Huber Heights,"Dayton-Kettering, OH",Montgomery County
77664,45424,OH,202602,1285.18,-0.0056,0.0097,Huber Heights,"Dayton-Kettering, OH",Montgomery County
77664,45424,OH,202603,1281.93,-0.0025,-0.0015,Huber Heights,"Dayton-Kettering, OH",Montgomery County
77664,45424,OH,202604,1282.46,0.0004,-0.0092,Huber Heights,"Dayton-Kettering, OH",Montgomery County
77664,45424,OH,202605,1303.43,0.0163,0.0015,Huber Heights,"Dayton-Kettering, OH",Montgomery County
77664,45424,OH,202606,1306.67,0.0025,0.0041,Huber Heights,"Dayton-Kettering, OH",Montgomery County
77664,45424,OH,202607,1314.61,0.0061,0.0058,Huber Heights,"Dayton-Kettering, OH",Montgomery County
77664,45424,OH,202608,1289.54,-0.0191,-0.0196,Huber Heights,"Dayton-Kettering, OH",Montgomery County
77665,45426,OH,202608,1323.75,,,Trotwood,"Dayton-Kettering, OH",Montgomery County
77668,45429,OH,202602,1378.46,,,Kettering,"Dayton-Kettering, OH",Montgomery County
77668,45429,OH,202603,1398.69,0.0147,,Kettering,"Dayton-Kettering, OH",Montgomery County
77668,45429,OH,202604,1461.94,0.0452,,Kettering,"Dayton-Kettering, OH",Montgomery County
77668,45429,OH,202605,1481.5,0.0134,,Kettering,"Dayton-Kettering, OH",Montgomery County
77668,45429,OH,202606,1465.76,-0.0106,,Kettering,"Dayton-Kettering, OH",Montgomery County
77668,45429,OH,202607,1431.98,-0.023,,Kettering,"Dayton-Kettering, OH",Montgomery County
77668,45429,OH,202608,1413.28,-0.0131,,Kettering,"Dayton-Kettering, OH",Montgomery County
77670,45431,OH,202501,1498.82,,,Beavercreek,"Dayton-Kettering, OH",Greene County
77670,45431,OH,202502,1520.26,0.0143,,Beavercreek,"Dayton-Kettering, OH",Greene County
77670,45431,OH,202503,1538.49,0.012,,Beavercreek,"Dayton-Kettering, OH",Greene County
77670,45431,OH,202504,1558.92,0.0133,,Beavercreek,"Dayton-Kettering, OH",Greene County
77670,45431,OH,202505,1558.4,-0.0003,,Beavercreek,"Dayton-Kettering, OH",Greene County
77670,45431,OH,202506,1550.68,-0.005,,Beavercreek,"Dayton-Kettering, OH",Greene County
77670,45431,OH,202507,1577.0,0.017,,Beavercreek,"Dayton-Kettering, OH",Greene County
77670,45431,OH,202508,1581.39,0.0028,,Beavercreek,"Dayton-Kettering, OH",Greene County
77670,45431,OH,202509,1587.24,0.0037,,Beavercreek,"Dayton-Kettering, OH",Greene County
77670,45431,OH,202510,1579.98,-0.0046,,Beavercreek,"Dayton-Kettering, OH",Greene County
77670,45431,OH,202511,1560.13,-0.0126,,Beavercreek,"Dayton-Kettering, OH",Greene County
77670,45431,OH,202512,1578.0,0.0115,,Beavercreek,"Dayton-Kettering, OH",Greene County
77670,45431,OH,202601,1591.14,0.0083,0.0616,Beavercreek,"Dayton-Kettering, OH",Greene County
77670,45431,OH,202602,1605.81,0.0092,0.0563,Beavercreek,"Dayton-Kettering, OH",Greene County
77670,45431,OH,202603,1622.61,0.0105,0.0547,Beavercreek,"Dayton-Kettering, OH",Greene County
77670,45431,OH,202604,1640.54,0.0111,0.0524,Beavercreek,"Dayton-Kettering, OH",Greene County
77670,45431,OH,202605,1650.33,0.006,0.059,Beavercreek,"Dayton-Kettering, OH",Greene County
77670,45431,OH,202606,1638.07,-0.0074,0.0564,Beavercreek,"Dayton-Kettering, OH",Greene County
77670,45431,OH,202607,1598.49,-0.0242,0.0136,Beavercreek,"Dayton-Kettering, OH",Greene County
77670,45431,OH,202608,1618.06,0.0122,0.0232,Beavercreek,"Dayton-Kettering, OH",Greene County
77671,45432,OH,202607,1504.83,,,Beavercreek,"Dayton-Kettering, OH",Greene County
77671,45432,OH,202608,1474.5,-0.0202,,Beavercreek,"Dayton-Kettering, OH",Greene County
77676,45439,OH,202505,1294.22,,,Moraine,"Dayton-Kettering, OH",Montgomery County
77676,45439,OH,202506,1286.36,-0.0061,,Moraine,"Dayton-Kettering, OH",Montgomery County
77676,45439,OH,202507,1295.55,0.0071,,Moraine,"Dayton-Kettering, OH",Montgomery County
77676,45439,OH,202508,1347.38,0.04,,Moraine,"Dayton-Kettering, OH",Montgomery County
77676,45439,OH,202509,1363.65,0.0121,,Moraine,"Dayton-Kettering, OH",Montgomery County
77676,45439,OH,202510,1350.04,-0.01,,Moraine,"Dayton-Kettering, OH",Montgomery County
77676,45439,OH,202511,1286.3,-0.0472,,Moraine,"Dayton-Kettering, OH",Montgomery County
77676,45439,OH,202512,1285.7,-0.0005,,Moraine,"Dayton-Kettering, OH",Montgomery County
77676,45439,OH,202601,1297.28,0.009,,Moraine,"Dayton-Kettering, OH",Montgomery County
77676,45439,OH,202602,1332.31,0.027,,Moraine,"Dayton-Kettering, OH",Montgomery County
77676,45439,OH,202603,1338.44,0.0046,,Moraine,"Dayton-Kettering, OH",Montgomery County
77676,45439,OH,202604,1346.46,0.006,,Moraine,"Dayton-Kettering, OH",Montgomery County
77676,45439,OH,202605,1397.67,0.038,0.0799,Moraine,"Dayton-Kettering, OH",Montgomery County
77676,45439,OH,202606,1407.66,0.0072,0.0943,Moraine,"Dayton-Kettering, OH",Montgomery County
77676,45439,OH,202607,1441.45,0.024,0.1126,Moraine,"Dayton-Kettering, OH",Montgomery County
77676,45439,OH,202608,1450.42,0.0062,0.0765,Moraine,"Dayton-Kettering, OH",Montgomery County
77677,45440,OH,202502,1376.52,,,Kettering,"Dayton-Kettering, OH",Greene County
77677,45440,OH,202503,1398.48,0.016,,Kettering,"Dayton-Kettering, OH",Greene County
77677,45440,OH,202504,1418.29,0.0142,,Kettering,"Dayton-Kettering, OH",Greene County
77677,45440,OH,202505,1444.8,0.0187,,Kettering,"Dayton-Kettering, OH",Greene County
77677,45440,OH,202506,1449.64,0.0034,,Kettering,"Dayton-Kettering, OH",Greene County
77677,45440,OH,202507,1462.26,0.0087,,Kettering,"Dayton-Kettering, OH",Greene County
77677,45440,OH,202508,1463.62,0.0009,,Kettering,"Dayton-Kettering, OH",Greene County
77677,45440,OH,202509,1498.33,0.0237,,Kettering,"Dayton-Kettering, OH",Greene County
77677,45440,OH,202510,1511.55,0.0088,,Kettering,"Dayton-Kettering, OH",Greene County
77677,45440,OH,202511,1480.23,-0.0207,,Kettering,"Dayton-Kettering, OH",Greene County
77677,45440,OH,202512,1462.66,-0.0119,,Kettering,"Dayton-Kettering, OH",Greene County
77677,45440,OH,202601,1453.23,-0.0064,,Kettering,"Dayton-Kettering, OH",Greene County
77677,45440,OH,202602,1447.6,-0.0039,0.0516,Kettering,"Dayton-Kettering, OH",Greene County
77677,45440,OH,202603,1441.48,-0.0042,0.0307,Kettering,"Dayton-Kettering, OH",Greene County
77677,45440,OH,202604,1464.99,0.0163,0.0329,Kettering,"Dayton-Kettering, OH",Greene County
77677,45440,OH,202605,1472.88,0.0054,0.0194,Kettering,"Dayton-Kettering, OH",Greene County
77677,45440,OH,202606,1495.78,0.0155,0.0318,Kettering,"Dayton-Kettering, OH",Greene County
77677,45440,OH,202607,1470.21,-0.0171,0.0054,Kettering,"Dayton-Kettering, OH",Greene County
77677,45440,OH,202608,1527.83,0.0392,0.0439,Kettering,"Dayton-Kettering, OH",Greene County
77680,45449,OH,202505,1302.15,,,West Carrollton,"Dayton-Kettering, OH",Montgomery County
77680,45449,OH,202506,1305.42,0.0025,,West Carrollton,"Dayton-Kettering, OH",Montgomery County
77680,45449,OH,202507,1340.6,0.027,,West Carrollton,"Dayton-Kettering, OH",Montgomery County
77680,45449,OH,202508,1359.97,0.0145,,West Carrollton,"Dayton-Kettering, OH",Montgomery County
77680,45449,OH,202509,1353.8,-0.0045,,West Carrollton,"Dayton-Kettering, OH",Montgomery County
77680,45449,OH,202510,1358.7,0.0036,,West Carrollton,"Dayton-Kettering, OH",Montgomery County
77680,45449,OH,202511,1354.21,-0.0033,,West Carrollton,"Dayton-Kettering, OH",Montgomery County
77680,45449,OH,202512,1353.51,-0.0005,,West Carrollton,"Dayton-Kettering, OH",Montgomery County
77680,45449,OH,202601,1321.14,-0.0239,,West Carrollton,"Dayton-Kettering, OH",Montgomery County
77680,45449,OH,202602,1328.28,0.0054,,West Carrollton,"Dayton-Kettering, OH",Montgomery County
77680,45449,OH,202603,1351.46,0.0175,,West Carrollton,"Dayton-Kettering, OH",Montgomery County
77680,45449,OH,202604,1373.26,0.0161,,West Carrollton,"Dayton-Kettering, OH",Montgomery County
77680,45449,OH,202605,1397.06,0.0173,0.0729,West Carrollton,"Dayton-Kettering, OH",Montgomery County
77680,45449,OH,202606,1416.2,0.0137,0.0849,West Carrollton,"Dayton-Kettering, OH",Montgomery County
77680,45449,OH,202607,1424.33,0.0057,0.0625,West Carrollton,"Dayton-Kettering, OH",Montgomery County
77680,45449,OH,202608,1417.76,-0.0046,0.0425,West Carrollton,"Dayton-Kettering, OH",Montgomery County
77682,45458,OH,202206,1314.26,,,Centerville,"Dayton-Kettering, OH",Montgomery County
77682,45458,OH,202207,1348.89,0.0263,,Centerville,"Dayton-Kettering, OH",Montgomery County
77682,45458,OH,202208,1372.24,0.0173,,Centerville,"Dayton-Kettering, OH",Montgomery County
77682,45458,OH,202209,1355.38,-0.0123,,Centerville,"Dayton-Kettering, OH",Montgomery County
77682,45458,OH,202210,1356.78,0.001,,Centerville,"Dayton-Kettering, OH",Montgomery County
77682,45458,OH,202211,1344.97,-0.0087,,Centerville,"Dayton-Kettering, OH",Montgomery County
77682,45458,OH,202212,1347.75,0.0021,,Centerville,"Dayton-Kettering, OH",Montgomery County
77682,45458,OH,202301,1343.41,-0.0032,,Centerville,"Dayton-Kettering, OH",Montgomery County
77682,45458,OH,202302,1343.85,0.0003,,Centerville,"Dayton-Kettering, OH",Montgomery County
77682,45458,OH,202303,1337.21,-0.0049,,Centerville,"Dayton-Kettering, OH",Montgomery County
77682,45458,OH,202304,1335.76,-0.0011,,Centerville,"Dayton-Kettering, OH",Montgomery County
77682,45458,OH,202305,1342.18,0.0048,,Centerville,"Dayton-Kettering, OH",Montgomery County
77682,45458,OH,202306,1367.7,0.019,0.0407,Centerville,"Dayton-Kettering, OH",Montgomery County
77682,45458,OH,202307,1391.15,0.0172,0.0313,Centerville,"Dayton-Kettering, OH",Montgomery County
77682,45458,OH,202308,1403.26,0.0087,0.0226,Centerville,"Dayton-Kettering, OH",Montgomery County
77682,45458,OH,202309,1413.98,0.0076,0.0432,Centerville,"Dayton-Kettering, OH",Montgomery County
77682,45458,OH,202310,1417.18,0.0023,0.0445,Centerville,"Dayton-Kettering, OH",Montgomery County
77682,45458,OH,202311,1424.32,0.005,0.059,Centerville,"Dayton-Kettering, OH",Montgomery County
77682,45458,OH,202312,1399.74,-0.0173,0.0386,Centerville,"Dayton-Kettering, OH",Montgomery County
77682,45458,OH,202401,1402.71,0.0021,0.0441,Centerville,"Dayton-Kettering, OH",Montgomery County
77682,45458,OH,202402,1403.11,0.0003,0.0441,Centerville,"Dayton-Kettering, OH",Montgomery County
77682,45458,OH,202403,1452.87,0.0355,0.0865,Centerville,"Dayton-Kettering, OH",Montgomery County
77682,45458,OH,202404,1482.35,0.0203,0.1097,Centerville,"Dayton-Kettering, OH",Montgomery County
77682,45458,OH,202405,1508.1,0.0174,0.1236,Centerville,"Dayton-Kettering, OH",Montgomery County
77682,45458,OH,202406,1505.15,-0.002,0.1005,Centerville,"Dayton-Kettering, OH",Montgomery County
77682,45458,OH,202407,1503.75,-0.0009,0.0809,Centerville,"Dayton-Kettering, OH",Montgomery County
77682,45458,OH,202408,1503.38,-0.0002,0.0713,Centerville,"Dayton-Kettering, OH",Montgomery County
77682,45458,OH,202409,1502.67,-0.0005,0.0627,Centerville,"Dayton-Kettering, OH",Montgomery County
77682,45458,OH,202410,1503.91,0.0008,0.0612,Centerville,"Dayton-Kettering, OH",Montgomery County
77682,45458,OH,202411,1502.79,-0.0007,0.0551,Centerville,"Dayton-Kettering, OH",Montgomery County
77682,45458,OH,202412,1503.63,0.0006,0.0742,Centerville,"Dayton-Kettering, OH",Montgomery County
77682,45458,OH,202501,1525.28,0.0144,0.0874,Centerville,"Dayton-Kettering, OH",Montgomery County
77682,45458,OH,202502,1528.85,0.0023,0.0896,Centerville,"Dayton-Kettering, OH",Montgomery County
77682,45458,OH,202503,1539.31,0.0068,0.0595,Centerville,"Dayton-Kettering, OH",Montgomery County
77682,45458,OH,202504,1524.16,-0.0098,0.0282,Centerville,"Dayton-Kettering, OH",Montgomery County
77682,45458,OH,202505,1542.56,0.0121,0.0228,Centerville,"Dayton-Kettering, OH",Montgomery County
77682,45458,OH,202506,1546.82,0.0028,0.0277,Centerville,"Dayton-Kettering, OH",Montgomery County
77682,45458,OH,202507,1557.17,0.0067,0.0355,Centerville,"Dayton-Kettering, OH",Montgomery County
77682,45458,OH,202508,1557.8,0.0004,0.0362,Centerville,"Dayton-Kettering, OH",Montgomery County
77682,45458,OH,202509,1565.45,0.0049,0.0418,Centerville,"Dayton-Kettering, OH",Montgomery County
77682,45458,OH,202510,1546.83,-0.0119,0.0285,Centerville,"Dayton-Kettering, OH",Montgomery County
77682,45458,OH,202511,1529.77,-0.011,0.018,Centerville,"Dayton-Kettering, OH",Montgomery County
77682,45458,OH,202512,1533.32,0.0023,0.0197,Centerville,"Dayton-Kettering, OH",Montgomery County
77682,45458,OH,202601,1547.16,0.009,0.0143,Centerville,"Dayton-Kettering, OH",Montgomery County
77682,45458,OH,202602,1569.81,0.0146,0.0268,Centerville,"Dayton-Kettering, OH",Montgomery County
77682,45458,OH,202603,1578.83,0.0057,0.0257,Centerville,"Dayton-Kettering, OH",Montgomery County
77682,45458,OH,202604,1592.06,0.0084,0.0445,Centerville,"Dayton-Kettering, OH",Montgomery County
77682,45458,OH,202605,1594.98,0.0018,0.034,Centerville,"Dayton-Kettering, OH",Montgomery County
77682,45458,OH,202606,1587.54,-0.0047,0.0263,Centerville,"Dayton-Kettering, OH",Montgomery County
77682,45458,OH,202607,1602.76,0.0096,0.0293,Centerville,"Dayton-Kettering, OH",Montgomery County
77682,45458,OH,202608,1600.7,-0.0013,0.0275,Centerville,"Dayton-Kettering, OH",Montgomery County
77683,45459,OH,202107,1236.77,,,Dayton,"Dayton-Kettering, OH",Montgomery County
77683,45459,OH,202108,1243.57,0.0055,,Dayton,"Dayton-Kettering, OH",Montgomery County
77683,45459,OH,202110,1286.82,0.0348,,Dayton,"Dayton-Kettering, OH",Montgomery County
77683,45459,OH,202111,1319.03,0.025,,Dayton,"Dayton-Kettering, OH",Montgomery County
77683,45459,OH,202112,1321.58,0.0019,,Dayton,"Dayton-Kettering, OH",Montgomery County
77683,45459,OH,202201,1329.79,0.0062,,Dayton,"Dayton-Kettering, OH",Montgomery County
77683,45459,OH,202202,1353.87,0.0181,,Dayton,"Dayton-Kettering, OH",Montgomery County
77683,45459,OH,202203,1382.32,0.021,,Dayton,"Dayton-Kettering, OH",Montgomery County
77683,45459,OH,202204,1424.39,0.0304,,Dayton,"Dayton-Kettering, OH",Montgomery County
77683,45459,OH,202205,1452.2,0.0195,,Dayton,"Dayton-Kettering, OH",Montgomery County
77683,45459,OH,202206,1444.9,-0.005,,Dayton,"Dayton-Kettering, OH",Montgomery County
77683,45459,OH,202207,1431.56,-0.0092,,Dayton,"Dayton-Kettering, OH",Montgomery County
77683,45459,OH,202208,1421.04,-0.0073,0.149,Dayton,"Dayton-Kettering, OH",Montgomery County
77683,45459,OH,202209,1432.59,0.0081,0.152,Dayton,"Dayton-Kettering, OH",Montgomery County
77683,45459,OH,202210,1438.57,0.0042,0.1179,Dayton,"Dayton-Kettering, OH",Montgomery County
77683,45459,OH,202211,1434.9,-0.0026,0.0878,Dayton,"Dayton-Kettering, OH",Montgomery County
77683,45459,OH,202212,1407.75,-0.0189,0.0652,Dayton,"Dayton-Kettering, OH",Montgomery County
77683,45459,OH,202301,1402.28,-0.0039,0.0545,Dayton,"Dayton-Kettering, OH",Montgomery County
77683,45459,OH,202302,1386.14,-0.0115,0.0238,Dayton,"Dayton-Kettering, OH",Montgomery County
77683,45459,OH,202303,1401.75,0.0113,0.0141,Dayton,"Dayton-Kettering, OH",Montgomery County
77683,45459,OH,202304,1418.01,0.0116,-0.0045,Dayton,"Dayton-Kettering, OH",Montgomery County
77683,45459,OH,202305,1446.72,0.0202,-0.0038,Dayton,"Dayton-Kettering, OH",Montgomery County
77683,45459,OH,202306,1463.05,0.0113,0.0126,Dayton,"Dayton-Kettering, OH",Montgomery County
77683,45459,OH,202307,1474.7,0.008,0.0301,Dayton,"Dayton-Kettering, OH",Montgomery County
77683,45459,OH,202308,1475.62,0.0006,0.0384,Dayton,"Dayton-Kettering, OH",Montgomery County
77683,45459,OH,202309,1481.0,0.0036,0.0338,Dayton,"Dayton-Kettering, OH",Montgomery County
77683,45459,OH,202310,1473.85,-0.0048,0.0245,Dayton,"Dayton-Kettering, OH",Montgomery County
77683,45459,OH,202311,1474.03,0.0001,0.0273,Dayton,"Dayton-Kettering, OH",Montgomery County
77683,45459,OH,202312,1452.34,-0.0147,0.0317,Dayton,"Dayton-Kettering, OH",Montgomery County
77683,45459,OH,202401,1456.87,0.0031,0.0389,Dayton,"Dayton-Kettering, OH",Montgomery County
77683,45459,OH,202402,1472.98,0.0111,0.0626,Dayton,"Dayton-Kettering, OH",Montgomery County
77683,45459,OH,202403,1492.92,0.0135,0.065,Dayton,"Dayton-Kettering, OH",Montgomery County
77683,45459,OH,202404,1502.11,0.0062,0.0593,Dayton,"Dayton-Kettering, OH",Montgomery County
77683,45459,OH,202405,1500.56,-0.001,0.0372,Dayton,"Dayton-Kettering, OH",Montgomery County
77683,45459,OH,202406,1503.46,0.0019,0.0276,Dayton,"Dayton-Kettering, OH",Montgomery County
77683,45459,OH,202407,1499.64,-0.0025,0.0169,Dayton,"Dayton-Kettering, OH",Montgomery County
77683,45459,OH,202408,1499.58,-0.0,0.0162,Dayton,"Dayton-Kettering, OH",Montgomery County
77683,45459,OH,202409,1504.1,0.003,0.0156,Dayton,"Dayton-Kettering, OH",Montgomery County
77683,45459,OH,202410,1524.66,0.0137,0.0345,Dayton,"Dayton-Kettering, OH",Montgomery County
77683,45459,OH,202411,1530.87,0.0041,0.0386,Dayton,"Dayton-Kettering, OH",Montgomery County
77683,45459,OH,202412,1535.63,0.0031,0.0573,Dayton,"Dayton-Kettering, OH",Montgomery County
77683,45459,OH,202501,1525.35,-0.0067,0.047,Dayton,"Dayton-Kettering, OH",Montgomery County
77683,45459,OH,202502,1535.99,0.007,0.0428,Dayton,"Dayton-Kettering, OH",Montgomery County
77683,45459,OH,202503,1541.09,0.0033,0.0323,Dayton,"Dayton-Kettering, OH",Montgomery County
77683,45459,OH,202504,1557.46,0.0106,0.0369,Dayton,"Dayton-Kettering, OH",Montgomery County
77683,45459,OH,202505,1553.33,-0.0027,0.0352,Dayton,"Dayton-Kettering, OH",Montgomery County
77683,45459,OH,202506,1551.75,-0.001,0.0321,Dayton,"Dayton-Kettering, OH",Montgomery County
77683,45459,OH,202507,1550.85,-0.0006,0.0342,Dayton,"Dayton-Kettering, OH",Montgomery County
77683,45459,OH,202508,1557.66,0.0044,0.0387,Dayton,"Dayton-Kettering, OH",Montgomery County
77683,45459,OH,202509,1569.01,0.0073,0.0432,Dayton,"Dayton-Kettering, OH",Montgomery County
77683,45459,OH,202510,1575.21,0.0039,0.0332,Dayton,"Dayton-Kettering, OH",Montgomery County
77683,45459,OH,202511,1565.01,-0.0065,0.0223,Dayton,"Dayton-Kettering, OH",Montgomery County
77683,45459,OH,202512,1553.79,-0.0072,0.0118,Dayton,"Dayton-Kettering, OH",Montgomery County
77683,45459,OH,202601,1545.47,-0.0054,0.0132,Dayton,"Dayton-Kettering, OH",Montgomery County
77683,45459,OH,202602,1566.35,0.0135,0.0198,Dayton,"Dayton-Kettering, OH",Montgomery County
77683,45459,OH,202603,1579.98,0.0087,0.0252,Dayton,"Dayton-Kettering, OH",Montgomery County
77683,45459,OH,202604,1594.82,0.0094,0.024,Dayton,"Dayton-Kettering, OH",Montgomery County
77683,45459,OH,202605,1584.47,-0.0065,0.02,Dayton,"Dayton-Kettering, OH",Montgomery County
77683,45459,OH,202606,1596.22,0.0074,0.0287,Dayton,"Dayton-Kettering, OH",Montgomery County
77683,45459,OH,202607,1600.26,0.0025,0.0319,Dayton,"Dayton-Kettering, OH",Montgomery County
77683,45459,OH,202608,1605.21,0.0031,0.0305,Dayton,"Dayton-Kettering, OH",Montgomery County
77694,45503,OH,202607,1352.3,,,Springfield,"Springfield, OH",Clark County
77694,45503,OH,202608,1385.83,0.0248,,Springfield,"Springfield, OH",Clark County
77696,45505,OH,202607,1094.59,,,Springfield,"Springfield, OH",Clark County
77696,45505,OH,202608,1107.5,0.0118,,Springfield,"Springfield, OH",Clark County
77698,45601,OH,202607,959.13,,,Chillicothe,"Chillicothe, OH",Ross County
77698,45601,OH,202608,989.58,0.0318,,Chillicothe,"Chillicothe, OH",Ross County
77767,45701,OH,202603,1094.91,,,Athens,"Athens, OH",Athens County
77767,45701,OH,202604,1119.32,0.0223,,Athens,"Athens, OH",Athens County
77767,45701,OH,202605,1160.7,0.037,,Athens,"Athens, OH",Athens County
77767,45701,OH,202606,1161.37,0.0006,,Athens,"Athens, OH",Athens County
77767,45701,OH,202607,1175.59,0.0122,,Athens,"Athens, OH",Athens County
77767,45701,OH,202608,1163.12,-0.0106,,Athens,"Athens, OH",Athens County
77819,45801,OH,202512,1066.56,,,Lima,"Lima, OH",Allen County
77819,45801,OH,202601,1077.87,0.0106,,Lima,"Lima, OH",Allen County
77819,45801,OH,202602,1180.98,0.0957,,Lima,"Lima, OH",Allen County
77819,45801,OH,202603,1237.33,0.0477,,Lima,"Lima, OH",Allen County
77819,45801,OH,202604,1260.35,0.0186,,Lima,"Lima, OH",Allen County
77819,45801,OH,202605,1235.01,-0.0201,,Lima,"Lima, OH",Allen County
77819,45801,OH,202606,1180.42,-0.0442,,Lima,"Lima, OH",Allen County
77819,45801,OH,202607,1219.78,0.0333,,Lima,"Lima, OH",Allen County
77819,45801,OH,202608,1189.63,-0.0247,,Lima,"Lima, OH",Allen County
77822,45805,OH,202603,1410.89,,,Lima,"Lima, OH",Allen County
77822,45805,OH,202604,1863.52,0.3208,,Lima,"Lima, OH",Allen County
77822,45805,OH,202606,1365.68,-0.2671,,Lima,"Lima, OH",Allen County
77822,45805,OH,202607,1437.36,0.0525,,Lima,"Lima, OH",Allen County
77822,45805,OH,202608,1420.83,-0.0115,,Lima,"Lima, OH",Allen County
77850,45840,OH,202207,1186.3,,,Findlay,"Findlay, OH",Hancock County
77850,45840,OH,202208,1159.13,-0.0229,,Findlay,"Findlay, OH",Hancock County
77850,45840,OH,202209,1145.7,-0.0116,,Findlay,"Findlay, OH",Hancock County
77850,45840,OH,202210,1140.05,-0.0049,,Findlay,"Findlay, OH",Hancock County
77850,45840,OH,202211,1136.6,-0.003,,Findlay,"Findlay, OH",Hancock County
77850,45840,OH,202212,1131.67,-0.0043,,Findlay,"Findlay, OH",Hancock County
77850,45840,OH,202301,1149.37,0.0156,,Findlay,"Findlay, OH",Hancock County
77850,45840,OH,202302,1144.34,-0.0044,,Findlay,"Findlay, OH",Hancock County
77850,45840,OH,202303,1160.57,0.0142,,Findlay,"Findlay, OH",Hancock County
77850,45840,OH,202304,1156.47,-0.0035,,Findlay,"Findlay, OH",Hancock County
77850,45840,OH,202305,1166.82,0.009,,Findlay,"Findlay, OH",Hancock County
77850,45840,OH,202306,1159.72,-0.0061,,Findlay,"Findlay, OH",Hancock County
77850,45840,OH,202307,1162.07,0.002,-0.0204,Findlay,"Findlay, OH",Hancock County
77850,45840,OH,202309,1223.89,0.0532,0.0559,Findlay,"Findlay, OH",Hancock County
77850,45840,OH,202310,1234.32,0.0085,0.0774,Findlay,"Findlay, OH",Hancock County
77850,45840,OH,202312,1216.45,-0.0145,0.067,Findlay,"Findlay, OH",Hancock County
77850,45840,OH,202401,1222.65,0.0051,0.0757,Findlay,"Findlay, OH",Hancock County
77850,45840,OH,202402,1223.75,0.0009,0.0814,Findlay,"Findlay, OH",Hancock County
77850,45840,OH,202403,1223.29,-0.0004,0.0643,Findlay,"Findlay, OH",Hancock County
77850,45840,OH,202404,1233.09,0.008,0.0776,Findlay,"Findlay, OH",Hancock County
77850,45840,OH,202405,1257.43,0.0197,0.0835,Findlay,"Findlay, OH",Hancock County
77850,45840,OH,202406,1268.6,0.0089,0.097,Findlay,"Findlay, OH",Hancock County
77850,45840,OH,202407,1324.99,0.0444,0.1356,Findlay,"Findlay, OH",Hancock County
77850,45840,OH,202408,1319.36,-0.0042,0.1376,Findlay,"Findlay, OH",Hancock County
77850,45840,OH,202409,1333.47,0.0107,0.1475,Findlay,"Findlay, OH",Hancock County
77850,45840,OH,202410,1300.07,-0.0251,0.0622,Findlay,"Findlay, OH",Hancock County
77850,45840,OH,202411,1305.71,0.0043,0.0578,Findlay,"Findlay, OH",Hancock County
77850,45840,OH,202412,1274.93,-0.0236,0.0481,Findlay,"Findlay, OH",Hancock County
77850,45840,OH,202501,1274.71,-0.0002,0.0426,Findlay,"Findlay, OH",Hancock County
77850,45840,OH,202502,1290.93,0.0127,0.0549,Findlay,"Findlay, OH",Hancock County
77850,45840,OH,202503,1327.27,0.0282,0.085,Findlay,"Findlay, OH",Hancock County
77850,45840,OH,202504,1337.7,0.0079,0.0848,Findlay,"Findlay, OH",Hancock County
77850,45840,OH,202505,1329.57,-0.0061,0.0574,Findlay,"Findlay, OH",Hancock County
77850,45840,OH,202506,1338.01,0.0064,0.0547,Findlay,"Findlay, OH",Hancock County
77850,45840,OH,202507,1345.42,0.0055,0.0154,Findlay,"Findlay, OH",Hancock County
77850,45840,OH,202508,1365.26,0.0147,0.0348,Findlay,"Findlay, OH",Hancock County
77850,45840,OH,202509,1361.69,-0.0026,0.0212,Findlay,"Findlay, OH",Hancock County
77850,45840,OH,202510,1338.62,-0.0169,0.0297,Findlay,"Findlay, OH",Hancock County
77850,45840,OH,202511,1369.19,0.0228,0.0486,Findlay,"Findlay, OH",Hancock County
77850,45840,OH,202512,1392.45,0.017,0.0922,Findlay,"Findlay, OH",Hancock County
77850,45840,OH,202601,1399.07,0.0048,0.0976,Findlay,"Findlay, OH",Hancock County
77850,45840,OH,202602,1396.82,-0.0016,0.082,Findlay,"Findlay, OH",Hancock County
77850,45840,OH,202603,1395.92,-0.0006,0.0517,Findlay,"Findlay, OH",Hancock County
77850,45840,OH,202604,1427.06,0.0223,0.0668,Findlay,"Findlay, OH",Hancock County
77850,45840,OH,202605,1412.88,-0.0099,0.0627,Findlay,"Findlay, OH",Hancock County
77850,45840,OH,202606,1455.78,0.0304,0.088,Findlay,"Findlay, OH",Hancock County
77850,45840,OH,202607,1454.94,-0.0006,0.0814,Findlay,"Findlay, OH",Hancock County
77850,45840,OH,202608,1455.75,0.0006,0.0663,Findlay,"Findlay, OH",Hancock County
