RegionID,RegionName,State,month_date_yyyymm,zori,zori_mm,zori_yy,City,Metro,CountyName
58912,2809,RI,202401,2292.13,,,Bristol,"Providence-Warwick, RI-MA",Bristol County
58912,2809,RI,202402,2289.84,-0.001,,Bristol,"Providence-Warwick, RI-MA",Bristol County
58912,2809,RI,202403,2291.46,0.0007,,Bristol,"Providence-Warwick, RI-MA",Bristol County
58912,2809,RI,202404,2329.71,0.0167,,Bristol,"Providence-Warwick, RI-MA",Bristol County
58912,2809,RI,202405,2384.78,0.0236,,Bristol,"Providence-Warwick, RI-MA",Bristol County
58912,2809,RI,202406,2437.28,0.022,,Bristol,"Providence-Warwick, RI-MA",Bristol County
58912,2809,RI,202407,2414.36,-0.0094,,Bristol,"Providence-Warwick, RI-MA",Bristol County
58912,2809,RI,202408,2396.31,-0.0075,,Bristol,"Providence-Warwick, RI-MA",Bristol County
58912,2809,RI,202409,2383.83,-0.0052,,Bristol,"Providence-Warwick, RI-MA",Bristol County
58912,2809,RI,202410,2413.77,0.0126,,Bristol,"Providence-Warwick, RI-MA",Bristol County
58912,2809,RI,202411,2428.55,0.0061,,Bristol,"Providence-Warwick, RI-MA",Bristol County
58912,2809,RI,202412,2467.08,0.0159,,Bristol,"Providence-Warwick, RI-MA",Bristol County
58912,2809,RI,202501,2488.18,0.0086,0.0855,Bristol,"Providence-Warwick, RI-MA",Bristol County
58912,2809,RI,202502,2498.25,0.004,0.091,Bristol,"Providence-Warwick, RI-MA",Bristol County
58912,2809,RI,202503,2443.36,-0.022,0.0663,Bristol,"Providence-Warwick, RI-MA",Bristol County
58912,2809,RI,202504,2446.01,0.0011,0.0499,Bristol,"Providence-Warwick, RI-MA",Bristol County
58912,2809,RI,202505,2459.21,0.0054,0.0312,Bristol,"Providence-Warwick, RI-MA",Bristol County
58912,2809,RI,202506,2506.97,0.0194,0.0286,Bristol,"Providence-Warwick, RI-MA",Bristol County
58912,2809,RI,202507,2513.9,0.0028,0.0412,Bristol,"Providence-Warwick, RI-MA",Bristol County
58912,2809,RI,202508,2510.29,-0.0014,0.0476,Bristol,"Providence-Warwick, RI-MA",Bristol County
58912,2809,RI,202509,2548.97,0.0154,0.0693,Bristol,"Providence-Warwick, RI-MA",Bristol County
58912,2809,RI,202510,2572.53,0.0092,0.0658,Bristol,"Providence-Warwick, RI-MA",Bristol County
58912,2809,RI,202511,2620.4,0.0186,0.079,Bristol,"Providence-Warwick, RI-MA",Bristol County
58912,2809,RI,202512,2587.73,-0.0125,0.0489,Bristol,"Providence-Warwick, RI-MA",Bristol County
58912,2809,RI,202601,2583.72,-0.0016,0.0384,Bristol,"Providence-Warwick, RI-MA",Bristol County
58912,2809,RI,202602,2595.5,0.0046,0.0389,Bristol,"Providence-Warwick, RI-MA",Bristol County
58912,2809,RI,202603,2627.07,0.0122,0.0752,Bristol,"Providence-Warwick, RI-MA",Bristol County
58912,2809,RI,202604,2622.33,-0.0018,0.0721,Bristol,"Providence-Warwick, RI-MA",Bristol County
58912,2809,RI,202605,2576.88,-0.0173,0.0478,Bristol,"Providence-Warwick, RI-MA",Bristol County
58912,2809,RI,202606,2602.21,0.0098,0.038,Bristol,"Providence-Warwick, RI-MA",Bristol County
58912,2809,RI,202607,2586.62,-0.006,0.0289,Bristol,"Providence-Warwick, RI-MA",Bristol County
58912,2809,RI,202608,2639.52,0.0205,0.0515,Bristol,"Providence-Warwick, RI-MA",Bristol County
58914,2813,RI,202608,2500.0,,,Charlestown,"Providence-Warwick, RI-MA",Washington County
58917,2816,RI,202608,1909.17,,,Coventry,"Providence-Warwick, RI-MA",Kent County
58919,2818,RI,202503,2471.26,,,East Greenwich,"Providence-Warwick, RI-MA",Kent County
58919,2818,RI,202504,2439.98,-0.0127,,East Greenwich,"Providence-Warwick, RI-MA",Kent County
58919,2818,RI,202505,2460.33,0.0083,,East Greenwich,"Providence-Warwick, RI-MA",Kent County
58919,2818,RI,202506,2462.7,0.001,,East Greenwich,"Providence-Warwick, RI-MA",Kent County
58919,2818,RI,202507,2525.94,0.0257,,East Greenwich,"Providence-Warwick, RI-MA",Kent County
58919,2818,RI,202508,2465.23,-0.024,,East Greenwich,"Providence-Warwick, RI-MA",Kent County
58919,2818,RI,202509,2454.49,-0.0044,,East Greenwich,"Providence-Warwick, RI-MA",Kent County
58919,2818,RI,202510,2429.46,-0.0102,,East Greenwich,"Providence-Warwick, RI-MA",Kent County
58919,2818,RI,202511,2438.76,0.0038,,East Greenwich,"Providence-Warwick, RI-MA",Kent County
58919,2818,RI,202512,2453.88,0.0062,,East Greenwich,"Providence-Warwick, RI-MA",Kent County
58919,2818,RI,202601,2401.75,-0.0212,,East Greenwich,"Providence-Warwick, RI-MA",Kent County
58919,2818,RI,202602,2371.14,-0.0127,,East Greenwich,"Providence-Warwick, RI-MA",Kent County
58919,2818,RI,202603,2430.44,0.025,-0.0165,East Greenwich,"Providence-Warwick, RI-MA",Kent County
58919,2818,RI,202604,2455.48,0.0103,0.0064,East Greenwich,"Providence-Warwick, RI-MA",Kent County
58919,2818,RI,202605,2680.54,0.0917,0.0895,East Greenwich,"Providence-Warwick, RI-MA",Kent County
58919,2818,RI,202606,2728.95,0.0181,0.1081,East Greenwich,"Providence-Warwick, RI-MA",Kent County
58919,2818,RI,202607,2714.61,-0.0053,0.0747,East Greenwich,"Providence-Warwick, RI-MA",Kent County
58919,2818,RI,202608,2600.0,-0.0422,0.0547,East Greenwich,"Providence-Warwick, RI-MA",Kent County
58935,2838,RI,202608,1995.0,,,Lincoln,"Providence-Warwick, RI-MA",Providence County
58937,2840,RI,201501,1082.24,,,Newport,"Providence-Warwick, RI-MA",Newport County
58937,2840,RI,201502,1132.26,0.0462,,Newport,"Providence-Warwick, RI-MA",Newport County
58937,2840,RI,201503,1179.5,0.0417,,Newport,"Providence-Warwick, RI-MA",Newport County
58937,2840,RI,201504,1193.63,0.012,,Newport,"Providence-Warwick, RI-MA",Newport County
58937,2840,RI,201505,1225.07,0.0263,,Newport,"Providence-Warwick, RI-MA",Newport County
58937,2840,RI,201506,1214.19,-0.0089,,Newport,"Providence-Warwick, RI-MA",Newport County
58937,2840,RI,201507,1243.37,0.024,,Newport,"Providence-Warwick, RI-MA",Newport County
58937,2840,RI,201508,1236.23,-0.0057,,Newport,"Providence-Warwick, RI-MA",Newport County
58937,2840,RI,201509,1200.31,-0.0291,,Newport,"Providence-Warwick, RI-MA",Newport County
58937,2840,RI,201510,1182.26,-0.015,,Newport,"Providence-Warwick, RI-MA",Newport County
58937,2840,RI,201511,1170.11,-0.0103,,Newport,"Providence-Warwick, RI-MA",Newport County
58937,2840,RI,201512,1187.59,0.0149,,Newport,"Providence-Warwick, RI-MA",Newport County
58937,2840,RI,201601,1225.4,0.0318,0.1323,Newport,"Providence-Warwick, RI-MA",Newport County
58937,2840,RI,201602,1252.53,0.0221,0.1062,Newport,"Providence-Warwick, RI-MA",Newport County
58937,2840,RI,201603,1275.62,0.0184,0.0815,Newport,"Providence-Warwick, RI-MA",Newport County
58937,2840,RI,201604,1313.0,0.0293,0.1,Newport,"Providence-Warwick, RI-MA",Newport County
58937,2840,RI,201605,1334.29,0.0162,0.0891,Newport,"Providence-Warwick, RI-MA",Newport County
58937,2840,RI,201606,1319.1,-0.0114,0.0864,Newport,"Providence-Warwick, RI-MA",Newport County
58937,2840,RI,201607,1265.95,-0.0403,0.0182,Newport,"Providence-Warwick, RI-MA",Newport County
58937,2840,RI,201608,1249.44,-0.013,0.0107,Newport,"Providence-Warwick, RI-MA",Newport County
58937,2840,RI,201609,1242.45,-0.0056,0.0351,Newport,"Providence-Warwick, RI-MA",Newport County
58937,2840,RI,201610,1219.84,-0.0182,0.0318,Newport,"Providence-Warwick, RI-MA",Newport County
58937,2840,RI,201611,1242.7,0.0187,0.062,Newport,"Providence-Warwick, RI-MA",Newport County
58937,2840,RI,201612,1283.18,0.0326,0.0805,Newport,"Providence-Warwick, RI-MA",Newport County
58937,2840,RI,201701,1351.17,0.053,0.1026,Newport,"Providence-Warwick, RI-MA",Newport County
58937,2840,RI,201702,1365.39,0.0105,0.0901,Newport,"Providence-Warwick, RI-MA",Newport County
58937,2840,RI,201703,1360.34,-0.0037,0.0664,Newport,"Providence-Warwick, RI-MA",Newport County
58937,2840,RI,201704,1378.06,0.013,0.0495,Newport,"Providence-Warwick, RI-MA",Newport County
58937,2840,RI,201705,1384.72,0.0048,0.0378,Newport,"Providence-Warwick, RI-MA",Newport County
58937,2840,RI,201706,1393.38,0.0063,0.0563,Newport,"Providence-Warwick, RI-MA",Newport County
58937,2840,RI,201707,1377.85,-0.0111,0.0884,Newport,"Providence-Warwick, RI-MA",Newport County
58937,2840,RI,201708,1367.09,-0.0078,0.0942,Newport,"Providence-Warwick, RI-MA",Newport County
58937,2840,RI,201709,1298.21,-0.0504,0.0449,Newport,"Providence-Warwick, RI-MA",Newport County
58937,2840,RI,201710,1287.91,-0.0079,0.0558,Newport,"Providence-Warwick, RI-MA",Newport County
58937,2840,RI,201711,1291.7,0.0029,0.0394,Newport,"Providence-Warwick, RI-MA",Newport County
58937,2840,RI,201712,1367.27,0.0585,0.0655,Newport,"Providence-Warwick, RI-MA",Newport County
58937,2840,RI,201801,1418.18,0.0372,0.0496,Newport,"Providence-Warwick, RI-MA",Newport County
58937,2840,RI,201802,1455.19,0.0261,0.0658,Newport,"Providence-Warwick, RI-MA",Newport County
58937,2840,RI,201803,1469.92,0.0101,0.0806,Newport,"Providence-Warwick, RI-MA",Newport County
58937,2840,RI,201804,1462.49,-0.0051,0.0613,Newport,"Providence-Warwick, RI-MA",Newport County
58937,2840,RI,201805,1503.58,0.0281,0.0858,Newport,"Providence-Warwick, RI-MA",Newport County
58937,2840,RI,201806,1548.01,0.0296,0.111,Newport,"Providence-Warwick, RI-MA",Newport County
58937,2840,RI,201807,1546.04,-0.0013,0.1221,Newport,"Providence-Warwick, RI-MA",Newport County
58937,2840,RI,201808,1480.18,-0.0426,0.0827,Newport,"Providence-Warwick, RI-MA",Newport County
58937,2840,RI,201809,1445.03,-0.0237,0.1131,Newport,"Providence-Warwick, RI-MA",Newport County
58937,2840,RI,201810,1419.3,-0.0178,0.102,Newport,"Providence-Warwick, RI-MA",Newport County
58937,2840,RI,201811,1449.12,0.021,0.1219,Newport,"Providence-Warwick, RI-MA",Newport County
58937,2840,RI,201812,1473.09,0.0165,0.0774,Newport,"Providence-Warwick, RI-MA",Newport County
58937,2840,RI,201901,1521.53,0.0329,0.0729,Newport,"Providence-Warwick, RI-MA",Newport County
58937,2840,RI,201902,1570.98,0.0325,0.0796,Newport,"Providence-Warwick, RI-MA",Newport County
58937,2840,RI,201903,1595.85,0.0158,0.0857,Newport,"Providence-Warwick, RI-MA",Newport County
58937,2840,RI,201904,1652.74,0.0357,0.1301,Newport,"Providence-Warwick, RI-MA",Newport County
58937,2840,RI,201905,1666.87,0.0085,0.1086,Newport,"Providence-Warwick, RI-MA",Newport County
58937,2840,RI,201906,1684.42,0.0105,0.0881,Newport,"Providence-Warwick, RI-MA",Newport County
58937,2840,RI,201907,1646.91,-0.0223,0.0652,Newport,"Providence-Warwick, RI-MA",Newport County
58937,2840,RI,201908,1589.68,-0.0348,0.074,Newport,"Providence-Warwick, RI-MA",Newport County
58937,2840,RI,201909,1564.03,-0.0161,0.0823,Newport,"Providence-Warwick, RI-MA",Newport County
58937,2840,RI,201910,1554.79,-0.0059,0.0955,Newport,"Providence-Warwick, RI-MA",Newport County
58937,2840,RI,201911,1547.2,-0.0049,0.0677,Newport,"Providence-Warwick, RI-MA",Newport County
58937,2840,RI,201912,1554.76,0.0049,0.0554,Newport,"Providence-Warwick, RI-MA",Newport County
58937,2840,RI,202001,1571.85,0.011,0.0331,Newport,"Providence-Warwick, RI-MA",Newport County
58937,2840,RI,202002,1644.52,0.0462,0.0468,Newport,"Providence-Warwick, RI-MA",Newport County
58937,2840,RI,202003,1682.77,0.0233,0.0545,Newport,"Providence-Warwick, RI-MA",Newport County
58937,2840,RI,202004,1718.02,0.0209,0.0395,Newport,"Providence-Warwick, RI-MA",Newport County
58937,2840,RI,202005,1732.43,0.0084,0.0393,Newport,"Providence-Warwick, RI-MA",Newport County
58937,2840,RI,202006,1736.2,0.0022,0.0307,Newport,"Providence-Warwick, RI-MA",Newport County
58937,2840,RI,202007,1708.8,-0.0158,0.0376,Newport,"Providence-Warwick, RI-MA",Newport County
58937,2840,RI,202008,1643.89,-0.038,0.0341,Newport,"Providence-Warwick, RI-MA",Newport County
58937,2840,RI,202009,1623.2,-0.0126,0.0378,Newport,"Providence-Warwick, RI-MA",Newport County
58937,2840,RI,202010,1645.26,0.0136,0.0582,Newport,"Providence-Warwick, RI-MA",Newport County
58937,2840,RI,202011,1730.35,0.0517,0.1184,Newport,"Providence-Warwick, RI-MA",Newport County
58937,2840,RI,202012,1762.04,0.0183,0.1333,Newport,"Providence-Warwick, RI-MA",Newport County
58937,2840,RI,202101,1825.37,0.0359,0.1613,Newport,"Providence-Warwick, RI-MA",Newport County
58937,2840,RI,202102,1898.82,0.0402,0.1546,Newport,"Providence-Warwick, RI-MA",Newport County
58937,2840,RI,202103,2012.39,0.0598,0.1959,Newport,"Providence-Warwick, RI-MA",Newport County
58937,2840,RI,202104,2148.41,0.0676,0.2505,Newport,"Providence-Warwick, RI-MA",Newport County
58937,2840,RI,202105,2202.47,0.0252,0.2713,Newport,"Providence-Warwick, RI-MA",Newport County
58937,2840,RI,202106,2220.21,0.0081,0.2788,Newport,"Providence-Warwick, RI-MA",Newport County
58937,2840,RI,202107,2113.16,-0.0482,0.2366,Newport,"Providence-Warwick, RI-MA",Newport County
58937,2840,RI,202108,2026.05,-0.0412,0.2325,Newport,"Providence-Warwick, RI-MA",Newport County
58937,2840,RI,202109,1968.42,-0.0284,0.2127,Newport,"Providence-Warwick, RI-MA",Newport County
58937,2840,RI,202110,1942.01,-0.0134,0.1804,Newport,"Providence-Warwick, RI-MA",Newport County
58937,2840,RI,202111,1990.39,0.0249,0.1503,Newport,"Providence-Warwick, RI-MA",Newport County
58937,2840,RI,202112,2039.32,0.0246,0.1574,Newport,"Providence-Warwick, RI-MA",Newport County
58937,2840,RI,202201,2167.26,0.0627,0.1873,Newport,"Providence-Warwick, RI-MA",Newport County
58937,2840,RI,202202,2246.59,0.0366,0.1832,Newport,"Providence-Warwick, RI-MA",Newport County
58937,2840,RI,202203,2367.09,0.0536,0.1763,Newport,"Providence-Warwick, RI-MA",Newport County
58937,2840,RI,202204,2409.22,0.0178,0.1214,Newport,"Providence-Warwick, RI-MA",Newport County
58937,2840,RI,202205,2487.01,0.0323,0.1292,Newport,"Providence-Warwick, RI-MA",Newport County
58937,2840,RI,202206,2432.13,-0.0221,0.0955,Newport,"Providence-Warwick, RI-MA",Newport County
58937,2840,RI,202207,2379.86,-0.0215,0.1262,Newport,"Providence-Warwick, RI-MA",Newport County
58937,2840,RI,202208,2279.79,-0.042,0.1252,Newport,"Providence-Warwick, RI-MA",Newport County
58937,2840,RI,202209,2208.79,-0.0311,0.1221,Newport,"Providence-Warwick, RI-MA",Newport County
58937,2840,RI,202210,2184.56,-0.011,0.1249,Newport,"Providence-Warwick, RI-MA",Newport County
58937,2840,RI,202211,2189.11,0.0021,0.0998,Newport,"Providence-Warwick, RI-MA",Newport County
58937,2840,RI,202212,2290.36,0.0462,0.1231,Newport,"Providence-Warwick, RI-MA",Newport County
58937,2840,RI,202301,2357.4,0.0293,0.0877,Newport,"Providence-Warwick, RI-MA",Newport County
58937,2840,RI,202302,2452.36,0.0403,0.0916,Newport,"Providence-Warwick, RI-MA",Newport County
58937,2840,RI,202303,2452.57,0.0001,0.0361,Newport,"Providence-Warwick, RI-MA",Newport County
58937,2840,RI,202304,2557.17,0.0426,0.0614,Newport,"Providence-Warwick, RI-MA",Newport County
58937,2840,RI,202305,2601.01,0.0171,0.0458,Newport,"Providence-Warwick, RI-MA",Newport County
58937,2840,RI,202306,2701.97,0.0388,0.1109,Newport,"Providence-Warwick, RI-MA",Newport County
58937,2840,RI,202307,2615.48,-0.032,0.099,Newport,"Providence-Warwick, RI-MA",Newport County
58937,2840,RI,202308,2504.37,-0.0425,0.0985,Newport,"Providence-Warwick, RI-MA",Newport County
58937,2840,RI,202309,2375.52,-0.0515,0.0755,Newport,"Providence-Warwick, RI-MA",Newport County
58937,2840,RI,202310,2343.41,-0.0135,0.0727,Newport,"Providence-Warwick, RI-MA",Newport County
58937,2840,RI,202311,2367.9,0.0104,0.0817,Newport,"Providence-Warwick, RI-MA",Newport County
58937,2840,RI,202312,2493.68,0.0531,0.0888,Newport,"Providence-Warwick, RI-MA",Newport County
58937,2840,RI,202401,2582.55,0.0356,0.0955,Newport,"Providence-Warwick, RI-MA",Newport County
58937,2840,RI,202402,2691.35,0.0421,0.0975,Newport,"Providence-Warwick, RI-MA",Newport County
58937,2840,RI,202403,2728.76,0.0139,0.1126,Newport,"Providence-Warwick, RI-MA",Newport County
58937,2840,RI,202404,2785.24,0.0207,0.0892,Newport,"Providence-Warwick, RI-MA",Newport County
58937,2840,RI,202405,2762.14,-0.0083,0.062,Newport,"Providence-Warwick, RI-MA",Newport County
58937,2840,RI,202406,2711.23,-0.0184,0.0034,Newport,"Providence-Warwick, RI-MA",Newport County
58937,2840,RI,202407,2673.24,-0.014,0.0221,Newport,"Providence-Warwick, RI-MA",Newport County
58937,2840,RI,202408,2622.05,-0.0191,0.047,Newport,"Providence-Warwick, RI-MA",Newport County
58937,2840,RI,202409,2563.67,-0.0223,0.0792,Newport,"Providence-Warwick, RI-MA",Newport County
58937,2840,RI,202410,2561.89,-0.0007,0.0932,Newport,"Providence-Warwick, RI-MA",Newport County
58937,2840,RI,202411,2576.51,0.0057,0.0881,Newport,"Providence-Warwick, RI-MA",Newport County
58937,2840,RI,202412,2626.68,0.0195,0.0533,Newport,"Providence-Warwick, RI-MA",Newport County
58937,2840,RI,202501,2735.57,0.0415,0.0593,Newport,"Providence-Warwick, RI-MA",Newport County
58937,2840,RI,202502,2807.35,0.0262,0.0431,Newport,"Providence-Warwick, RI-MA",Newport County
58937,2840,RI,202503,2944.04,0.0487,0.0789,Newport,"Providence-Warwick, RI-MA",Newport County
58937,2840,RI,202504,2953.41,0.0032,0.0604,Newport,"Providence-Warwick, RI-MA",Newport County
58937,2840,RI,202505,3096.14,0.0483,0.1209,Newport,"Providence-Warwick, RI-MA",Newport County
58937,2840,RI,202506,3098.35,0.0007,0.1428,Newport,"Providence-Warwick, RI-MA",Newport County
58937,2840,RI,202507,3007.85,-0.0292,0.1252,Newport,"Providence-Warwick, RI-MA",Newport County
58937,2840,RI,202508,2824.56,-0.0609,0.0772,Newport,"Providence-Warwick, RI-MA",Newport County
58937,2840,RI,202509,2717.57,-0.0379,0.06,Newport,"Providence-Warwick, RI-MA",Newport County
58937,2840,RI,202510,2728.61,0.0041,0.0651,Newport,"Providence-Warwick, RI-MA",Newport County
58937,2840,RI,202511,2754.07,0.0093,0.0689,Newport,"Providence-Warwick, RI-MA",Newport County
58937,2840,RI,202512,2751.49,-0.0009,0.0475,Newport,"Providence-Warwick, RI-MA",Newport County
58937,2840,RI,202601,2806.76,0.0201,0.026,Newport,"Providence-Warwick, RI-MA",Newport County
58937,2840,RI,202602,2955.32,0.0529,0.0527,Newport,"Providence-Warwick, RI-MA",Newport County
58937,2840,RI,202603,3227.48,0.0921,0.0963,Newport,"Providence-Warwick, RI-MA",Newport County
58937,2840,RI,202604,3288.39,0.0189,0.1134,Newport,"Providence-Warwick, RI-MA",Newport County
58937,2840,RI,202605,3262.5,-0.0079,0.0537,Newport,"Providence-Warwick, RI-MA",Newport County
58937,2840,RI,202606,3146.97,-0.0354,0.0157,Newport,"Providence-Warwick, RI-MA",Newport County
58937,2840,RI,202607,3102.35,-0.0142,0.0314,Newport,"Providence-Warwick, RI-MA",Newport County
58937,2840,RI,202608,3072.52,-0.0096,0.0878,Newport,"Providence-Warwick, RI-MA",Newport County
58939,2842,RI,202402,2928.26,,,Middletown,"Providence-Warwick, RI-MA",Newport County
58939,2842,RI,202403,2887.77,-0.0138,,Middletown,"Providence-Warwick, RI-MA",Newport County
58939,2842,RI,202404,2927.4,0.0137,,Middletown,"Providence-Warwick, RI-MA",Newport County
58939,2842,RI,202405,3045.48,0.0403,,Middletown,"Providence-Warwick, RI-MA",Newport County
58939,2842,RI,202406,2997.37,-0.0158,,Middletown,"Providence-Warwick, RI-MA",Newport County
58939,2842,RI,202407,2967.36,-0.01,,Middletown,"Providence-Warwick, RI-MA",Newport County
58939,2842,RI,202408,2981.87,0.0049,,Middletown,"Providence-Warwick, RI-MA",Newport County
58939,2842,RI,202409,3014.82,0.011,,Middletown,"Providence-Warwick, RI-MA",Newport County
58939,2842,RI,202410,3024.56,0.0032,,Middletown,"Providence-Warwick, RI-MA",Newport County
58939,2842,RI,202411,2958.59,-0.0218,,Middletown,"Providence-Warwick, RI-MA",Newport County
58939,2842,RI,202412,2898.59,-0.0203,,Middletown,"Providence-Warwick, RI-MA",Newport County
58939,2842,RI,202501,2870.77,-0.0096,,Middletown,"Providence-Warwick, RI-MA",Newport County
58939,2842,RI,202502,3006.84,0.0474,0.0268,Middletown,"Providence-Warwick, RI-MA",Newport County
58939,2842,RI,202503,3110.58,0.0345,0.0772,Middletown,"Providence-Warwick, RI-MA",Newport County
58939,2842,RI,202504,3214.54,0.0334,0.0981,Middletown,"Providence-Warwick, RI-MA",Newport County
58939,2842,RI,202505,3235.98,0.0067,0.0626,Middletown,"Providence-Warwick, RI-MA",Newport County
58939,2842,RI,202506,3271.53,0.011,0.0915,Middletown,"Providence-Warwick, RI-MA",Newport County
58939,2842,RI,202507,3277.62,0.0019,0.1046,Middletown,"Providence-Warwick, RI-MA",Newport County
58939,2842,RI,202508,3188.17,-0.0273,0.0692,Middletown,"Providence-Warwick, RI-MA",Newport County
58939,2842,RI,202509,3058.27,-0.0407,0.0144,Middletown,"Providence-Warwick, RI-MA",Newport County
58939,2842,RI,202510,3043.37,-0.0049,0.0062,Middletown,"Providence-Warwick, RI-MA",Newport County
58939,2842,RI,202511,3109.62,0.0218,0.0511,Middletown,"Providence-Warwick, RI-MA",Newport County
58939,2842,RI,202512,3228.41,0.0382,0.1138,Middletown,"Providence-Warwick, RI-MA",Newport County
58939,2842,RI,202601,3232.94,0.0014,0.1262,Middletown,"Providence-Warwick, RI-MA",Newport County
58939,2842,RI,202602,3202.33,-0.0095,0.065,Middletown,"Providence-Warwick, RI-MA",Newport County
58939,2842,RI,202603,3280.56,0.0244,0.0546,Middletown,"Providence-Warwick, RI-MA",Newport County
58939,2842,RI,202604,3338.21,0.0176,0.0385,Middletown,"Providence-Warwick, RI-MA",Newport County
58939,2842,RI,202605,3219.94,-0.0354,-0.005,Middletown,"Providence-Warwick, RI-MA",Newport County
58939,2842,RI,202606,3192.44,-0.0085,-0.0242,Middletown,"Providence-Warwick, RI-MA",Newport County
58939,2842,RI,202607,3190.56,-0.0006,-0.0266,Middletown,"Providence-Warwick, RI-MA",Newport County
58939,2842,RI,202608,3392.78,0.0634,0.0642,Middletown,"Providence-Warwick, RI-MA",Newport County
58940,2852,RI,202607,2287.38,,,North Kingstown,"Providence-Warwick, RI-MA",Washington County
58940,2852,RI,202608,2358.33,0.031,,North Kingstown,"Providence-Warwick, RI-MA",Washington County
58945,2860,RI,202108,1252.86,,,Pawtucket,"Providence-Warwick, RI-MA",Providence County
58945,2860,RI,202109,1275.12,0.0178,,Pawtucket,"Providence-Warwick, RI-MA",Providence County
58945,2860,RI,202110,1290.45,0.012,,Pawtucket,"Providence-Warwick, RI-MA",Providence County
58945,2860,RI,202111,1292.59,0.0017,,Pawtucket,"Providence-Warwick, RI-MA",Providence County
58945,2860,RI,202112,1295.97,0.0026,,Pawtucket,"Providence-Warwick, RI-MA",Providence County
58945,2860,RI,202201,1308.29,0.0095,,Pawtucket,"Providence-Warwick, RI-MA",Providence County
58945,2860,RI,202202,1322.0,0.0105,,Pawtucket,"Providence-Warwick, RI-MA",Providence County
58945,2860,RI,202203,1342.94,0.0158,,Pawtucket,"Providence-Warwick, RI-MA",Providence County
58945,2860,RI,202204,1373.35,0.0226,,Pawtucket,"Providence-Warwick, RI-MA",Providence County
58945,2860,RI,202205,1376.52,0.0023,,Pawtucket,"Providence-Warwick, RI-MA",Providence County
58945,2860,RI,202206,1414.34,0.0275,,Pawtucket,"Providence-Warwick, RI-MA",Providence County
58945,2860,RI,202207,1420.4,0.0043,,Pawtucket,"Providence-Warwick, RI-MA",Providence County
58945,2860,RI,202208,1453.44,0.0233,0.1601,Pawtucket,"Providence-Warwick, RI-MA",Providence County
58945,2860,RI,202209,1449.5,-0.0027,0.1368,Pawtucket,"Providence-Warwick, RI-MA",Providence County
58945,2860,RI,202210,1473.27,0.0164,0.1417,Pawtucket,"Providence-Warwick, RI-MA",Providence County
58945,2860,RI,202211,1485.8,0.0085,0.1495,Pawtucket,"Providence-Warwick, RI-MA",Providence County
58945,2860,RI,202212,1490.03,0.0028,0.1497,Pawtucket,"Providence-Warwick, RI-MA",Providence County
58945,2860,RI,202301,1473.41,-0.0112,0.1262,Pawtucket,"Providence-Warwick, RI-MA",Providence County
58945,2860,RI,202302,1457.51,-0.0108,0.1025,Pawtucket,"Providence-Warwick, RI-MA",Providence County
58945,2860,RI,202303,1473.88,0.0112,0.0975,Pawtucket,"Providence-Warwick, RI-MA",Providence County
58945,2860,RI,202304,1496.24,0.0152,0.0895,Pawtucket,"Providence-Warwick, RI-MA",Providence County
58945,2860,RI,202305,1539.73,0.0291,0.1186,Pawtucket,"Providence-Warwick, RI-MA",Providence County
58945,2860,RI,202306,1544.96,0.0034,0.0923,Pawtucket,"Providence-Warwick, RI-MA",Providence County
58945,2860,RI,202307,1554.53,0.0062,0.0944,Pawtucket,"Providence-Warwick, RI-MA",Providence County
58945,2860,RI,202308,1552.1,-0.0016,0.0679,Pawtucket,"Providence-Warwick, RI-MA",Providence County
58945,2860,RI,202309,1577.02,0.0161,0.088,Pawtucket,"Providence-Warwick, RI-MA",Providence County
58945,2860,RI,202310,1572.45,-0.0029,0.0673,Pawtucket,"Providence-Warwick, RI-MA",Providence County
58945,2860,RI,202311,1570.73,-0.0011,0.0572,Pawtucket,"Providence-Warwick, RI-MA",Providence County
58945,2860,RI,202312,1571.33,0.0004,0.0546,Pawtucket,"Providence-Warwick, RI-MA",Providence County
58945,2860,RI,202401,1571.49,0.0001,0.0666,Pawtucket,"Providence-Warwick, RI-MA",Providence County
58945,2860,RI,202402,1602.13,0.0195,0.0992,Pawtucket,"Providence-Warwick, RI-MA",Providence County
58945,2860,RI,202403,1615.69,0.0085,0.0962,Pawtucket,"Providence-Warwick, RI-MA",Providence County
58945,2860,RI,202404,1637.41,0.0134,0.0944,Pawtucket,"Providence-Warwick, RI-MA",Providence County
58945,2860,RI,202405,1637.75,0.0002,0.0637,Pawtucket,"Providence-Warwick, RI-MA",Providence County
58945,2860,RI,202406,1630.81,-0.0042,0.0556,Pawtucket,"Providence-Warwick, RI-MA",Providence County
58945,2860,RI,202407,1638.94,0.005,0.0543,Pawtucket,"Providence-Warwick, RI-MA",Providence County
58945,2860,RI,202408,1651.42,0.0076,0.064,Pawtucket,"Providence-Warwick, RI-MA",Providence County
58945,2860,RI,202409,1660.41,0.0054,0.0529,Pawtucket,"Providence-Warwick, RI-MA",Providence County
58945,2860,RI,202410,1690.18,0.0179,0.0749,Pawtucket,"Providence-Warwick, RI-MA",Providence County
58945,2860,RI,202411,1693.86,0.0022,0.0784,Pawtucket,"Providence-Warwick, RI-MA",Providence County
58945,2860,RI,202412,1713.93,0.0119,0.0907,Pawtucket,"Providence-Warwick, RI-MA",Providence County
58945,2860,RI,202501,1701.81,-0.0071,0.0829,Pawtucket,"Providence-Warwick, RI-MA",Providence County
58945,2860,RI,202502,1703.71,0.0011,0.0634,Pawtucket,"Providence-Warwick, RI-MA",Providence County
58945,2860,RI,202503,1711.31,0.0045,0.0592,Pawtucket,"Providence-Warwick, RI-MA",Providence County
58945,2860,RI,202504,1723.56,0.0072,0.0526,Pawtucket,"Providence-Warwick, RI-MA",Providence County
58945,2860,RI,202505,1739.81,0.0094,0.0623,Pawtucket,"Providence-Warwick, RI-MA",Providence County
58945,2860,RI,202506,1736.79,-0.0017,0.065,Pawtucket,"Providence-Warwick, RI-MA",Providence County
58945,2860,RI,202507,1739.33,0.0015,0.0613,Pawtucket,"Providence-Warwick, RI-MA",Providence County
58945,2860,RI,202508,1735.24,-0.0024,0.0508,Pawtucket,"Providence-Warwick, RI-MA",Providence County
58945,2860,RI,202509,1763.25,0.0161,0.0619,Pawtucket,"Providence-Warwick, RI-MA",Providence County
58945,2860,RI,202510,1790.05,0.0152,0.0591,Pawtucket,"Providence-Warwick, RI-MA",Providence County
58945,2860,RI,202511,1807.4,0.0097,0.067,Pawtucket,"Providence-Warwick, RI-MA",Providence County
58945,2860,RI,202512,1794.1,-0.0074,0.0468,Pawtucket,"Providence-Warwick, RI-MA",Providence County
58945,2860,RI,202601,1774.21,-0.0111,0.0425,Pawtucket,"Providence-Warwick, RI-MA",Providence County
58945,2860,RI,202602,1767.35,-0.0039,0.0374,Pawtucket,"Providence-Warwick, RI-MA",Providence County
58945,2860,RI,202603,1771.36,0.0023,0.0351,Pawtucket,"Providence-Warwick, RI-MA",Providence County
58945,2860,RI,202604,1781.88,0.0059,0.0338,Pawtucket,"Providence-Warwick, RI-MA",Providence County
58945,2860,RI,202605,1800.21,0.0103,0.0347,Pawtucket,"Providence-Warwick, RI-MA",Providence County
58945,2860,RI,202606,1807.4,0.004,0.0407,Pawtucket,"Providence-Warwick, RI-MA",Providence County
58945,2860,RI,202607,1813.03,0.0031,0.0424,Pawtucket,"Providence-Warwick, RI-MA",Providence County
58945,2860,RI,202608,1831.78,0.0103,0.0556,Pawtucket,"Providence-Warwick, RI-MA",Providence County
58946,2861,RI,202210,1628.27,,,Pawtucket,"Providence-Warwick, RI-MA",Providence County
58946,2861,RI,202211,1603.33,-0.0153,,Pawtucket,"Providence-Warwick, RI-MA",Providence County
58946,2861,RI,202301,1569.53,-0.0211,,Pawtucket,"Providence-Warwick, RI-MA",Providence County
58946,2861,RI,202302,1598.73,0.0186,,Pawtucket,"Providence-Warwick, RI-MA",Providence County
58946,2861,RI,202303,1612.11,0.0084,,Pawtucket,"Providence-Warwick, RI-MA",Providence County
58946,2861,RI,202304,1644.35,0.02,,Pawtucket,"Providence-Warwick, RI-MA",Providence County
58946,2861,RI,202305,1660.44,0.0098,,Pawtucket,"Providence-Warwick, RI-MA",Providence County
58946,2861,RI,202306,1681.49,0.0127,,Pawtucket,"Providence-Warwick, RI-MA",Providence County
58946,2861,RI,202307,1705.3,0.0142,,Pawtucket,"Providence-Warwick, RI-MA",Providence County
58946,2861,RI,202308,1706.2,0.0005,,Pawtucket,"Providence-Warwick, RI-MA",Providence County
58946,2861,RI,202309,1713.28,0.0041,,Pawtucket,"Providence-Warwick, RI-MA",Providence County
58946,2861,RI,202310,1693.88,-0.0113,,Pawtucket,"Providence-Warwick, RI-MA",Providence County
58946,2861,RI,202311,1701.28,0.0044,0.0448,Pawtucket,"Providence-Warwick, RI-MA",Providence County
58946,2861,RI,202312,1699.26,-0.0012,0.0598,Pawtucket,"Providence-Warwick, RI-MA",Providence County
58946,2861,RI,202401,1732.99,0.0198,0.1041,Pawtucket,"Providence-Warwick, RI-MA",Providence County
58946,2861,RI,202402,1733.77,0.0004,0.0845,Pawtucket,"Providence-Warwick, RI-MA",Providence County
58946,2861,RI,202403,1735.58,0.001,0.0766,Pawtucket,"Providence-Warwick, RI-MA",Providence County
58946,2861,RI,202404,1719.42,-0.0093,0.0457,Pawtucket,"Providence-Warwick, RI-MA",Providence County
58946,2861,RI,202405,1752.27,0.0191,0.0553,Pawtucket,"Providence-Warwick, RI-MA",Providence County
58946,2861,RI,202406,1791.6,0.0224,0.0655,Pawtucket,"Providence-Warwick, RI-MA",Providence County
58946,2861,RI,202407,1817.49,0.0144,0.0658,Pawtucket,"Providence-Warwick, RI-MA",Providence County
58946,2861,RI,202408,1827.22,0.0054,0.0709,Pawtucket,"Providence-Warwick, RI-MA",Providence County
58946,2861,RI,202409,1809.13,-0.0099,0.0559,Pawtucket,"Providence-Warwick, RI-MA",Providence County
58946,2861,RI,202410,1812.85,0.0021,0.0702,Pawtucket,"Providence-Warwick, RI-MA",Providence County
58946,2861,RI,202411,1828.36,0.0086,0.0747,Pawtucket,"Providence-Warwick, RI-MA",Providence County
58946,2861,RI,202412,1834.72,0.0035,0.0797,Pawtucket,"Providence-Warwick, RI-MA",Providence County
58946,2861,RI,202501,1843.07,0.0045,0.0635,Pawtucket,"Providence-Warwick, RI-MA",Providence County
58946,2861,RI,202502,1821.82,-0.0115,0.0508,Pawtucket,"Providence-Warwick, RI-MA",Providence County
58946,2861,RI,202503,1864.04,0.0232,0.074,Pawtucket,"Providence-Warwick, RI-MA",Providence County
58946,2861,RI,202504,1852.59,-0.0061,0.0774,Pawtucket,"Providence-Warwick, RI-MA",Providence County
58946,2861,RI,202505,1912.54,0.0324,0.0915,Pawtucket,"Providence-Warwick, RI-MA",Providence County
58946,2861,RI,202506,1892.06,-0.0107,0.0561,Pawtucket,"Providence-Warwick, RI-MA",Providence County
58946,2861,RI,202507,1926.87,0.0184,0.0602,Pawtucket,"Providence-Warwick, RI-MA",Providence County
58946,2861,RI,202508,1893.34,-0.0174,0.0362,Pawtucket,"Providence-Warwick, RI-MA",Providence County
58946,2861,RI,202509,1897.89,0.0024,0.0491,Pawtucket,"Providence-Warwick, RI-MA",Providence County
58946,2861,RI,202510,1895.6,-0.0012,0.0456,Pawtucket,"Providence-Warwick, RI-MA",Providence County
58946,2861,RI,202511,1909.24,0.0072,0.0442,Pawtucket,"Providence-Warwick, RI-MA",Providence County
58946,2861,RI,202512,1968.22,0.0309,0.0728,Pawtucket,"Providence-Warwick, RI-MA",Providence County
58946,2861,RI,202601,1981.4,0.0067,0.0751,Pawtucket,"Providence-Warwick, RI-MA",Providence County
58946,2861,RI,202602,1973.57,-0.004,0.0833,Pawtucket,"Providence-Warwick, RI-MA",Providence County
58946,2861,RI,202603,1948.67,-0.0126,0.0454,Pawtucket,"Providence-Warwick, RI-MA",Providence County
58946,2861,RI,202604,1953.57,0.0025,0.0545,Pawtucket,"Providence-Warwick, RI-MA",Providence County
58946,2861,RI,202605,1985.48,0.0163,0.0381,Pawtucket,"Providence-Warwick, RI-MA",Providence County
58946,2861,RI,202606,1977.78,-0.0039,0.0453,Pawtucket,"Providence-Warwick, RI-MA",Providence County
58946,2861,RI,202607,1998.96,0.0107,0.0374,Pawtucket,"Providence-Warwick, RI-MA",Providence County
58946,2861,RI,202608,1989.28,-0.0048,0.0507,Pawtucket,"Providence-Warwick, RI-MA",Providence County
58948,2863,RI,202504,1540.23,,,Central Falls,"Providence-Warwick, RI-MA",Providence County
58948,2863,RI,202505,1545.43,0.0034,,Central Falls,"Providence-Warwick, RI-MA",Providence County
58948,2863,RI,202506,1545.78,0.0002,,Central Falls,"Providence-Warwick, RI-MA",Providence County
58948,2863,RI,202507,1557.58,0.0076,,Central Falls,"Providence-Warwick, RI-MA",Providence County
58948,2863,RI,202508,1555.42,-0.0014,,Central Falls,"Providence-Warwick, RI-MA",Providence County
58948,2863,RI,202509,1513.68,-0.0268,,Central Falls,"Providence-Warwick, RI-MA",Providence County
58948,2863,RI,202510,1539.81,0.0173,,Central Falls,"Providence-Warwick, RI-MA",Providence County
58948,2863,RI,202511,1540.14,0.0002,,Central Falls,"Providence-Warwick, RI-MA",Providence County
58948,2863,RI,202512,1594.12,0.035,,Central Falls,"Providence-Warwick, RI-MA",Providence County
58948,2863,RI,202601,1589.05,-0.0032,,Central Falls,"Providence-Warwick, RI-MA",Providence County
58948,2863,RI,202602,1609.75,0.013,,Central Falls,"Providence-Warwick, RI-MA",Providence County
58948,2863,RI,202603,1655.3,0.0283,,Central Falls,"Providence-Warwick, RI-MA",Providence County
58948,2863,RI,202604,1634.22,-0.0127,0.061,Central Falls,"Providence-Warwick, RI-MA",Providence County
58948,2863,RI,202605,1651.78,0.0107,0.0688,Central Falls,"Providence-Warwick, RI-MA",Providence County
58948,2863,RI,202606,1600.71,-0.0309,0.0355,Central Falls,"Providence-Warwick, RI-MA",Providence County
58948,2863,RI,202607,1613.32,0.0079,0.0358,Central Falls,"Providence-Warwick, RI-MA",Providence County
58948,2863,RI,202608,1606.33,-0.0043,0.0327,Central Falls,"Providence-Warwick, RI-MA",Providence County
58949,2864,RI,202503,2225.5,,,Cumberland,"Providence-Warwick, RI-MA",Providence County
58949,2864,RI,202504,2242.23,0.0075,,Cumberland,"Providence-Warwick, RI-MA",Providence County
58949,2864,RI,202505,2212.21,-0.0134,,Cumberland,"Providence-Warwick, RI-MA",Providence County
58949,2864,RI,202506,2250.32,0.0172,,Cumberland,"Providence-Warwick, RI-MA",Providence County
58949,2864,RI,202507,2222.32,-0.0124,,Cumberland,"Providence-Warwick, RI-MA",Providence County
58949,2864,RI,202508,2230.86,0.0038,,Cumberland,"Providence-Warwick, RI-MA",Providence County
58949,2864,RI,202509,2220.0,-0.0049,,Cumberland,"Providence-Warwick, RI-MA",Providence County
58949,2864,RI,202510,2229.81,0.0044,,Cumberland,"Providence-Warwick, RI-MA",Providence County
58949,2864,RI,202511,2238.78,0.004,,Cumberland,"Providence-Warwick, RI-MA",Providence County
58949,2864,RI,202512,2240.92,0.001,,Cumberland,"Providence-Warwick, RI-MA",Providence County
58949,2864,RI,202601,2234.51,-0.0029,,Cumberland,"Providence-Warwick, RI-MA",Providence County
58949,2864,RI,202602,2257.54,0.0103,,Cumberland,"Providence-Warwick, RI-MA",Providence County
58949,2864,RI,202603,2250.46,-0.0031,0.0112,Cumberland,"Providence-Warwick, RI-MA",Providence County
58949,2864,RI,202604,2318.86,0.0304,0.0342,Cumberland,"Providence-Warwick, RI-MA",Providence County
58949,2864,RI,202605,2309.37,-0.0041,0.0439,Cumberland,"Providence-Warwick, RI-MA",Providence County
58949,2864,RI,202606,2326.02,0.0072,0.0336,Cumberland,"Providence-Warwick, RI-MA",Providence County
58949,2864,RI,202607,2281.97,-0.0189,0.0268,Cumberland,"Providence-Warwick, RI-MA",Providence County
58949,2864,RI,202608,2299.7,0.0078,0.0309,Cumberland,"Providence-Warwick, RI-MA",Providence County
58951,2871,RI,202601,2632.68,,,Portsmouth,"Providence-Warwick, RI-MA",Newport County
58951,2871,RI,202602,2743.83,0.0422,,Portsmouth,"Providence-Warwick, RI-MA",Newport County
58951,2871,RI,202603,2786.13,0.0154,,Portsmouth,"Providence-Warwick, RI-MA",Newport County
58951,2871,RI,202604,2795.68,0.0034,,Portsmouth,"Providence-Warwick, RI-MA",Newport County
58951,2871,RI,202605,2768.9,-0.0096,,Portsmouth,"Providence-Warwick, RI-MA",Newport County
58951,2871,RI,202606,2814.03,0.0163,,Portsmouth,"Providence-Warwick, RI-MA",Newport County
58951,2871,RI,202607,2937.86,0.044,,Portsmouth,"Providence-Warwick, RI-MA",Newport County
58951,2871,RI,202608,2934.33,-0.0012,,Portsmouth,"Providence-Warwick, RI-MA",Newport County
58959,2879,RI,202306,2191.39,,,South Kingstown,"Providence-Warwick, RI-MA",Washington County
58959,2879,RI,202307,2204.15,0.0058,,South Kingstown,"Providence-Warwick, RI-MA",Washington County
58959,2879,RI,202308,2242.94,0.0176,,South Kingstown,"Providence-Warwick, RI-MA",Washington County
58959,2879,RI,202309,2272.12,0.013,,South Kingstown,"Providence-Warwick, RI-MA",Washington County
58959,2879,RI,202310,2249.44,-0.01,,South Kingstown,"Providence-Warwick, RI-MA",Washington County
58959,2879,RI,202311,2208.4,-0.0182,,South Kingstown,"Providence-Warwick, RI-MA",Washington County
58959,2879,RI,202312,2214.21,0.0026,,South Kingstown,"Providence-Warwick, RI-MA",Washington County
58959,2879,RI,202401,2201.86,-0.0056,,South Kingstown,"Providence-Warwick, RI-MA",Washington County
58959,2879,RI,202402,2257.51,0.0253,,South Kingstown,"Providence-Warwick, RI-MA",Washington County
58959,2879,RI,202403,2268.02,0.0047,,South Kingstown,"Providence-Warwick, RI-MA",Washington County
58959,2879,RI,202404,2343.13,0.0331,,South Kingstown,"Providence-Warwick, RI-MA",Washington County
58959,2879,RI,202405,2378.47,0.0151,,South Kingstown,"Providence-Warwick, RI-MA",Washington County
58959,2879,RI,202406,2398.96,0.0086,0.0947,South Kingstown,"Providence-Warwick, RI-MA",Washington County
58959,2879,RI,202407,2371.2,-0.0116,0.0758,South Kingstown,"Providence-Warwick, RI-MA",Washington County
58959,2879,RI,202408,2320.86,-0.0212,0.0347,South Kingstown,"Providence-Warwick, RI-MA",Washington County
58959,2879,RI,202409,2313.74,-0.0031,0.0183,South Kingstown,"Providence-Warwick, RI-MA",Washington County
58959,2879,RI,202410,2372.51,0.0254,0.0547,South Kingstown,"Providence-Warwick, RI-MA",Washington County
58959,2879,RI,202411,2389.38,0.0071,0.082,South Kingstown,"Providence-Warwick, RI-MA",Washington County
58959,2879,RI,202412,2377.59,-0.0049,0.0738,South Kingstown,"Providence-Warwick, RI-MA",Washington County
58959,2879,RI,202501,2287.98,-0.0377,0.0391,South Kingstown,"Providence-Warwick, RI-MA",Washington County
58959,2879,RI,202502,2347.7,0.0261,0.04,South Kingstown,"Providence-Warwick, RI-MA",Washington County
58959,2879,RI,202503,2384.82,0.0158,0.0515,South Kingstown,"Providence-Warwick, RI-MA",Washington County
58959,2879,RI,202504,2442.69,0.0243,0.0425,South Kingstown,"Providence-Warwick, RI-MA",Washington County
58959,2879,RI,202505,2413.14,-0.0121,0.0146,South Kingstown,"Providence-Warwick, RI-MA",Washington County
58959,2879,RI,202506,2397.07,-0.0067,-0.0008,South Kingstown,"Providence-Warwick, RI-MA",Washington County
58959,2879,RI,202507,2399.44,0.001,0.0119,South Kingstown,"Providence-Warwick, RI-MA",Washington County
58959,2879,RI,202508,2380.86,-0.0077,0.0259,South Kingstown,"Providence-Warwick, RI-MA",Washington County
58959,2879,RI,202509,2458.6,0.0327,0.0626,South Kingstown,"Providence-Warwick, RI-MA",Washington County
58959,2879,RI,202510,2514.55,0.0228,0.0599,South Kingstown,"Providence-Warwick, RI-MA",Washington County
58959,2879,RI,202511,2533.82,0.0077,0.0605,South Kingstown,"Providence-Warwick, RI-MA",Washington County
58959,2879,RI,202512,2486.45,-0.0187,0.0458,South Kingstown,"Providence-Warwick, RI-MA",Washington County
58959,2879,RI,202601,2476.51,-0.004,0.0824,South Kingstown,"Providence-Warwick, RI-MA",Washington County
58959,2879,RI,202602,2528.79,0.0211,0.0771,South Kingstown,"Providence-Warwick, RI-MA",Washington County
58959,2879,RI,202603,2571.9,0.017,0.0784,South Kingstown,"Providence-Warwick, RI-MA",Washington County
58959,2879,RI,202604,2626.01,0.021,0.075,South Kingstown,"Providence-Warwick, RI-MA",Washington County
58959,2879,RI,202605,2624.37,-0.0006,0.0875,South Kingstown,"Providence-Warwick, RI-MA",Washington County
58959,2879,RI,202606,2621.63,-0.001,0.0937,South Kingstown,"Providence-Warwick, RI-MA",Washington County
58959,2879,RI,202607,2597.27,-0.0093,0.0824,South Kingstown,"Providence-Warwick, RI-MA",Washington County
58959,2879,RI,202608,2592.67,-0.0018,0.089,South Kingstown,"Providence-Warwick, RI-MA",Washington County
58962,2882,RI,202605,2768.14,,,Narragansett,"Providence-Warwick, RI-MA",Washington County
58962,2882,RI,202606,2771.54,0.0012,,Narragansett,"Providence-Warwick, RI-MA",Washington County
58962,2882,RI,202607,2738.16,-0.012,,Narragansett,"Providence-Warwick, RI-MA",Washington County
58962,2882,RI,202608,2768.75,0.0112,,Narragansett,"Providence-Warwick, RI-MA",Washington County
58964,2885,RI,202606,2288.33,,,Warren,"Providence-Warwick, RI-MA",Bristol County
58964,2885,RI,202607,2363.66,0.0329,,Warren,"Providence-Warwick, RI-MA",Bristol County
58964,2885,RI,202608,2340.83,-0.0097,,Warren,"Providence-Warwick, RI-MA",Bristol County
58965,2886,RI,202604,2147.26,,,Warwick,"Providence-Warwick, RI-MA",Kent County
58965,2886,RI,202605,2116.06,-0.0145,,Warwick,"Providence-Warwick, RI-MA",Kent County
58965,2886,RI,202606,2133.72,0.0083,,Warwick,"Providence-Warwick, RI-MA",Kent County
58965,2886,RI,202607,2122.88,-0.0051,,Warwick,"Providence-Warwick, RI-MA",Kent County
58965,2886,RI,202608,2150.69,0.0131,,Warwick,"Providence-Warwick, RI-MA",Kent County
58969,2891,RI,202305,1648.6,,,Westerly,"Providence-Warwick, RI-MA",Washington County
58969,2891,RI,202306,1644.12,-0.0027,,Westerly,"Providence-Warwick, RI-MA",Washington County
58969,2891,RI,202307,1694.72,0.0308,,Westerly,"Providence-Warwick, RI-MA",Washington County
58969,2891,RI,202308,1733.47,0.0229,,Westerly,"Providence-Warwick, RI-MA",Washington County
58969,2891,RI,202309,1790.92,0.0331,,Westerly,"Providence-Warwick, RI-MA",Washington County
58969,2891,RI,202310,1727.38,-0.0355,,Westerly,"Providence-Warwick, RI-MA",Washington County
58969,2891,RI,202311,1692.39,-0.0203,,Westerly,"Providence-Warwick, RI-MA",Washington County
58969,2891,RI,202312,1652.62,-0.0235,,Westerly,"Providence-Warwick, RI-MA",Washington County
58969,2891,RI,202401,1674.33,0.0131,,Westerly,"Providence-Warwick, RI-MA",Washington County
58969,2891,RI,202402,1737.27,0.0376,,Westerly,"Providence-Warwick, RI-MA",Washington County
58969,2891,RI,202403,1756.12,0.0108,,Westerly,"Providence-Warwick, RI-MA",Washington County
58969,2891,RI,202404,1804.92,0.0278,,Westerly,"Providence-Warwick, RI-MA",Washington County
58969,2891,RI,202405,1808.78,0.0021,0.0972,Westerly,"Providence-Warwick, RI-MA",Washington County
58969,2891,RI,202406,1858.52,0.0275,0.1304,Westerly,"Providence-Warwick, RI-MA",Washington County
58969,2891,RI,202407,1855.9,-0.0014,0.0951,Westerly,"Providence-Warwick, RI-MA",Washington County
58969,2891,RI,202408,1861.81,0.0032,0.074,Westerly,"Providence-Warwick, RI-MA",Washington County
58969,2891,RI,202409,1821.12,-0.0219,0.0169,Westerly,"Providence-Warwick, RI-MA",Washington County
58969,2891,RI,202410,1805.73,-0.0085,0.0454,Westerly,"Providence-Warwick, RI-MA",Washington County
58969,2891,RI,202411,1789.47,-0.009,0.0574,Westerly,"Providence-Warwick, RI-MA",Washington County
58969,2891,RI,202412,1839.58,0.028,0.1131,Westerly,"Providence-Warwick, RI-MA",Washington County
58969,2891,RI,202501,1850.26,0.0058,0.1051,Westerly,"Providence-Warwick, RI-MA",Washington County
58969,2891,RI,202502,1858.27,0.0043,0.0696,Westerly,"Providence-Warwick, RI-MA",Washington County
58969,2891,RI,202503,1842.19,-0.0087,0.049,Westerly,"Providence-Warwick, RI-MA",Washington County
58969,2891,RI,202504,1886.58,0.0241,0.0452,Westerly,"Providence-Warwick, RI-MA",Washington County
58969,2891,RI,202505,1895.65,0.0048,0.048,Westerly,"Providence-Warwick, RI-MA",Washington County
58969,2891,RI,202506,1962.66,0.0354,0.056,Westerly,"Providence-Warwick, RI-MA",Washington County
58969,2891,RI,202507,1998.71,0.0184,0.0769,Westerly,"Providence-Warwick, RI-MA",Washington County
58969,2891,RI,202508,2016.57,0.0089,0.0831,Westerly,"Providence-Warwick, RI-MA",Washington County
58969,2891,RI,202509,1989.11,-0.0136,0.0922,Westerly,"Providence-Warwick, RI-MA",Washington County
58969,2891,RI,202510,1931.43,-0.029,0.0696,Westerly,"Providence-Warwick, RI-MA",Washington County
58969,2891,RI,202511,1919.47,-0.0062,0.0726,Westerly,"Providence-Warwick, RI-MA",Washington County
58969,2891,RI,202512,1879.25,-0.021,0.0216,Westerly,"Providence-Warwick, RI-MA",Washington County
58969,2891,RI,202601,1903.61,0.013,0.0288,Westerly,"Providence-Warwick, RI-MA",Washington County
58969,2891,RI,202602,1921.39,0.0093,0.034,Westerly,"Providence-Warwick, RI-MA",Washington County
58969,2891,RI,202603,2030.44,0.0568,0.1022,Westerly,"Providence-Warwick, RI-MA",Washington County
58969,2891,RI,202604,2071.43,0.0202,0.098,Westerly,"Providence-Warwick, RI-MA",Washington County
58969,2891,RI,202605,2110.58,0.0189,0.1134,Westerly,"Providence-Warwick, RI-MA",Washington County
58969,2891,RI,202606,2092.62,-0.0085,0.0662,Westerly,"Providence-Warwick, RI-MA",Washington County
58969,2891,RI,202607,2126.47,0.0162,0.0639,Westerly,"Providence-Warwick, RI-MA",Washington County
58969,2891,RI,202608,2096.67,-0.014,0.0397,Westerly,"Providence-Warwick, RI-MA",Washington County
58971,2893,RI,202211,1535.71,,,West Warwick,"Providence-Warwick, RI-MA",Kent County
58971,2893,RI,202212,1551.54,0.0103,,West Warwick,"Providence-Warwick, RI-MA",Kent County
58971,2893,RI,202301,1526.04,-0.0164,,West Warwick,"Providence-Warwick, RI-MA",Kent County
58971,2893,RI,202302,1506.56,-0.0128,,West Warwick,"Providence-Warwick, RI-MA",Kent County
58971,2893,RI,202303,1542.58,0.0239,,West Warwick,"Providence-Warwick, RI-MA",Kent County
58971,2893,RI,202304,1550.28,0.005,,West Warwick,"Providence-Warwick, RI-MA",Kent County
58971,2893,RI,202305,1575.27,0.0161,,West Warwick,"Providence-Warwick, RI-MA",Kent County
58971,2893,RI,202306,1564.67,-0.0067,,West Warwick,"Providence-Warwick, RI-MA",Kent County
58971,2893,RI,202307,1588.38,0.0152,,West Warwick,"Providence-Warwick, RI-MA",Kent County
58971,2893,RI,202308,1607.68,0.0121,,West Warwick,"Providence-Warwick, RI-MA",Kent County
58971,2893,RI,202309,1603.53,-0.0026,,West Warwick,"Providence-Warwick, RI-MA",Kent County
58971,2893,RI,202310,1595.31,-0.0051,,West Warwick,"Providence-Warwick, RI-MA",Kent County
58971,2893,RI,202311,1606.98,0.0073,0.0464,West Warwick,"Providence-Warwick, RI-MA",Kent County
58971,2893,RI,202312,1631.78,0.0154,0.0517,West Warwick,"Providence-Warwick, RI-MA",Kent County
58971,2893,RI,202401,1648.28,0.0101,0.0801,West Warwick,"Providence-Warwick, RI-MA",Kent County
58971,2893,RI,202402,1656.43,0.0049,0.0995,West Warwick,"Providence-Warwick, RI-MA",Kent County
58971,2893,RI,202403,1674.04,0.0106,0.0852,West Warwick,"Providence-Warwick, RI-MA",Kent County
58971,2893,RI,202404,1695.69,0.0129,0.0938,West Warwick,"Providence-Warwick, RI-MA",Kent County
58971,2893,RI,202405,1690.11,-0.0033,0.0729,West Warwick,"Providence-Warwick, RI-MA",Kent County
58971,2893,RI,202406,1706.56,0.0097,0.0907,West Warwick,"Providence-Warwick, RI-MA",Kent County
58971,2893,RI,202407,1718.98,0.0073,0.0822,West Warwick,"Providence-Warwick, RI-MA",Kent County
58971,2893,RI,202408,1754.33,0.0206,0.0912,West Warwick,"Providence-Warwick, RI-MA",Kent County
58971,2893,RI,202409,1751.04,-0.0019,0.092,West Warwick,"Providence-Warwick, RI-MA",Kent County
58971,2893,RI,202410,1771.93,0.0119,0.1107,West Warwick,"Providence-Warwick, RI-MA",Kent County
58971,2893,RI,202411,1761.22,-0.006,0.096,West Warwick,"Providence-Warwick, RI-MA",Kent County
58971,2893,RI,202412,1779.2,0.0102,0.0903,West Warwick,"Providence-Warwick, RI-MA",Kent County
58971,2893,RI,202501,1783.6,0.0025,0.0821,West Warwick,"Providence-Warwick, RI-MA",Kent County
58971,2893,RI,202502,1798.07,0.0081,0.0855,West Warwick,"Providence-Warwick, RI-MA",Kent County
58971,2893,RI,202503,1780.4,-0.0098,0.0635,West Warwick,"Providence-Warwick, RI-MA",Kent County
58971,2893,RI,202504,1776.61,-0.0021,0.0477,West Warwick,"Providence-Warwick, RI-MA",Kent County
58971,2893,RI,202505,1770.35,-0.0035,0.0475,West Warwick,"Providence-Warwick, RI-MA",Kent County
58971,2893,RI,202506,1814.7,0.0251,0.0634,West Warwick,"Providence-Warwick, RI-MA",Kent County
58971,2893,RI,202507,1847.41,0.018,0.0747,West Warwick,"Providence-Warwick, RI-MA",Kent County
58971,2893,RI,202508,1858.55,0.006,0.0594,West Warwick,"Providence-Warwick, RI-MA",Kent County
58971,2893,RI,202509,1833.33,-0.0136,0.047,West Warwick,"Providence-Warwick, RI-MA",Kent County
58971,2893,RI,202510,1805.26,-0.0153,0.0188,West Warwick,"Providence-Warwick, RI-MA",Kent County
58971,2893,RI,202511,1817.68,0.0069,0.0321,West Warwick,"Providence-Warwick, RI-MA",Kent County
58971,2893,RI,202512,1863.19,0.025,0.0472,West Warwick,"Providence-Warwick, RI-MA",Kent County
58971,2893,RI,202601,1876.42,0.0071,0.052,West Warwick,"Providence-Warwick, RI-MA",Kent County
58971,2893,RI,202602,1872.95,-0.0019,0.0416,West Warwick,"Providence-Warwick, RI-MA",Kent County
58971,2893,RI,202603,1869.38,-0.0019,0.05,West Warwick,"Providence-Warwick, RI-MA",Kent County
58971,2893,RI,202604,1875.05,0.003,0.0554,West Warwick,"Providence-Warwick, RI-MA",Kent County
58971,2893,RI,202605,1887.05,0.0064,0.0659,West Warwick,"Providence-Warwick, RI-MA",Kent County
58971,2893,RI,202606,1882.15,-0.0026,0.0372,West Warwick,"Providence-Warwick, RI-MA",Kent County
58971,2893,RI,202607,1867.14,-0.008,0.0107,West Warwick,"Providence-Warwick, RI-MA",Kent County
58971,2893,RI,202608,1871.83,0.0025,0.0071,West Warwick,"Providence-Warwick, RI-MA",Kent County
58973,2895,RI,202105,1116.35,,,Woonsocket,"Providence-Warwick, RI-MA",Providence County
58973,2895,RI,202106,1109.88,-0.0058,,Woonsocket,"Providence-Warwick, RI-MA",Providence County
58973,2895,RI,202107,1112.49,0.0024,,Woonsocket,"Providence-Warwick, RI-MA",Providence County
58973,2895,RI,202108,1115.65,0.0028,,Woonsocket,"Providence-Warwick, RI-MA",Providence County
58973,2895,RI,202109,1137.63,0.0197,,Woonsocket,"Providence-Warwick, RI-MA",Providence County
58973,2895,RI,202110,1152.97,0.0135,,Woonsocket,"Providence-Warwick, RI-MA",Providence County
58973,2895,RI,202111,1169.59,0.0144,,Woonsocket,"Providence-Warwick, RI-MA",Providence County
58973,2895,RI,202112,1167.0,-0.0022,,Woonsocket,"Providence-Warwick, RI-MA",Providence County
58973,2895,RI,202201,1167.11,0.0001,,Woonsocket,"Providence-Warwick, RI-MA",Providence County
58973,2895,RI,202202,1166.31,-0.0007,,Woonsocket,"Providence-Warwick, RI-MA",Providence County
58973,2895,RI,202203,1174.93,0.0074,,Woonsocket,"Providence-Warwick, RI-MA",Providence County
58973,2895,RI,202204,1204.08,0.0248,,Woonsocket,"Providence-Warwick, RI-MA",Providence County
58973,2895,RI,202205,1235.68,0.0262,0.1069,Woonsocket,"Providence-Warwick, RI-MA",Providence County
58973,2895,RI,202206,1269.99,0.0278,0.1443,Woonsocket,"Providence-Warwick, RI-MA",Providence County
58973,2895,RI,202207,1286.76,0.0132,0.1567,Woonsocket,"Providence-Warwick, RI-MA",Providence County
58973,2895,RI,202208,1290.37,0.0028,0.1566,Woonsocket,"Providence-Warwick, RI-MA",Providence County
58973,2895,RI,202209,1295.88,0.0043,0.1391,Woonsocket,"Providence-Warwick, RI-MA",Providence County
58973,2895,RI,202210,1300.39,0.0035,0.1279,Woonsocket,"Providence-Warwick, RI-MA",Providence County
58973,2895,RI,202211,1297.75,-0.002,0.1096,Woonsocket,"Providence-Warwick, RI-MA",Providence County
58973,2895,RI,202212,1284.65,-0.0101,0.1008,Woonsocket,"Providence-Warwick, RI-MA",Providence County
58973,2895,RI,202301,1276.73,-0.0062,0.0939,Woonsocket,"Providence-Warwick, RI-MA",Providence County
58973,2895,RI,202302,1296.47,0.0155,0.1116,Woonsocket,"Providence-Warwick, RI-MA",Providence County
58973,2895,RI,202303,1306.99,0.0081,0.1124,Woonsocket,"Providence-Warwick, RI-MA",Providence County
58973,2895,RI,202304,1322.64,0.012,0.0985,Woonsocket,"Providence-Warwick, RI-MA",Providence County
58973,2895,RI,202305,1330.35,0.0058,0.0766,Woonsocket,"Providence-Warwick, RI-MA",Providence County
58973,2895,RI,202306,1352.12,0.0164,0.0647,Woonsocket,"Providence-Warwick, RI-MA",Providence County
58973,2895,RI,202307,1362.79,0.0079,0.0591,Woonsocket,"Providence-Warwick, RI-MA",Providence County
58973,2895,RI,202308,1367.34,0.0033,0.0596,Woonsocket,"Providence-Warwick, RI-MA",Providence County
58973,2895,RI,202309,1390.07,0.0166,0.0727,Woonsocket,"Providence-Warwick, RI-MA",Providence County
58973,2895,RI,202310,1398.51,0.0061,0.0755,Woonsocket,"Providence-Warwick, RI-MA",Providence County
58973,2895,RI,202311,1413.12,0.0104,0.0889,Woonsocket,"Providence-Warwick, RI-MA",Providence County
58973,2895,RI,202312,1407.3,-0.0041,0.0955,Woonsocket,"Providence-Warwick, RI-MA",Providence County
58973,2895,RI,202401,1427.74,0.0145,0.1183,Woonsocket,"Providence-Warwick, RI-MA",Providence County
58973,2895,RI,202402,1429.33,0.0011,0.1025,Woonsocket,"Providence-Warwick, RI-MA",Providence County
58973,2895,RI,202403,1434.45,0.0036,0.0975,Woonsocket,"Providence-Warwick, RI-MA",Providence County
58973,2895,RI,202404,1438.81,0.003,0.0878,Woonsocket,"Providence-Warwick, RI-MA",Providence County
58973,2895,RI,202405,1441.41,0.0018,0.0835,Woonsocket,"Providence-Warwick, RI-MA",Providence County
58973,2895,RI,202406,1453.82,0.0086,0.0752,Woonsocket,"Providence-Warwick, RI-MA",Providence County
58973,2895,RI,202407,1449.85,-0.0027,0.0639,Woonsocket,"Providence-Warwick, RI-MA",Providence County
58973,2895,RI,202408,1481.52,0.0218,0.0835,Woonsocket,"Providence-Warwick, RI-MA",Providence County
58973,2895,RI,202409,1492.25,0.0072,0.0735,Woonsocket,"Providence-Warwick, RI-MA",Providence County
58973,2895,RI,202410,1514.06,0.0146,0.0826,Woonsocket,"Providence-Warwick, RI-MA",Providence County
58973,2895,RI,202411,1506.72,-0.0048,0.0662,Woonsocket,"Providence-Warwick, RI-MA",Providence County
58973,2895,RI,202412,1500.66,-0.004,0.0663,Woonsocket,"Providence-Warwick, RI-MA",Providence County
58973,2895,RI,202501,1487.78,-0.0086,0.0421,Woonsocket,"Providence-Warwick, RI-MA",Providence County
58973,2895,RI,202502,1490.91,0.0021,0.0431,Woonsocket,"Providence-Warwick, RI-MA",Providence County
58973,2895,RI,202503,1493.74,0.0019,0.0413,Woonsocket,"Providence-Warwick, RI-MA",Providence County
58973,2895,RI,202504,1529.21,0.0237,0.0628,Woonsocket,"Providence-Warwick, RI-MA",Providence County
58973,2895,RI,202505,1544.49,0.01,0.0715,Woonsocket,"Providence-Warwick, RI-MA",Providence County
58973,2895,RI,202506,1579.74,0.0228,0.0866,Woonsocket,"Providence-Warwick, RI-MA",Providence County
58973,2895,RI,202507,1570.71,-0.0057,0.0834,Woonsocket,"Providence-Warwick, RI-MA",Providence County
58973,2895,RI,202508,1568.54,-0.0014,0.0587,Woonsocket,"Providence-Warwick, RI-MA",Providence County
58973,2895,RI,202509,1582.15,0.0087,0.0602,Woonsocket,"Providence-Warwick, RI-MA",Providence County
58973,2895,RI,202510,1591.16,0.0057,0.0509,Woonsocket,"Providence-Warwick, RI-MA",Providence County
58973,2895,RI,202511,1616.61,0.016,0.0729,Woonsocket,"Providence-Warwick, RI-MA",Providence County
58973,2895,RI,202512,1605.75,-0.0067,0.07,Woonsocket,"Providence-Warwick, RI-MA",Providence County
58973,2895,RI,202601,1594.39,-0.0071,0.0717,Woonsocket,"Providence-Warwick, RI-MA",Providence County
58973,2895,RI,202602,1597.91,0.0022,0.0718,Woonsocket,"Providence-Warwick, RI-MA",Providence County
58973,2895,RI,202603,1617.44,0.0122,0.0828,Woonsocket,"Providence-Warwick, RI-MA",Providence County
58973,2895,RI,202604,1631.37,0.0086,0.0668,Woonsocket,"Providence-Warwick, RI-MA",Providence County
58973,2895,RI,202605,1650.04,0.0114,0.0683,Woonsocket,"Providence-Warwick, RI-MA",Providence County
58973,2895,RI,202606,1649.24,-0.0005,0.044,Woonsocket,"Providence-Warwick, RI-MA",Providence County
58973,2895,RI,202607,1651.42,0.0013,0.0514,Woonsocket,"Providence-Warwick, RI-MA",Providence County
58973,2895,RI,202608,1616.38,-0.0212,0.0305,Woonsocket,"Providence-Warwick, RI-MA",Providence County
58978,2903,RI,201708,1487.81,,,Providence,"Providence-Warwick, RI-MA",Providence County
58978,2903,RI,201709,1507.57,0.0133,,Providence,"Providence-Warwick, RI-MA",Providence County
58978,2903,RI,201710,1508.01,0.0003,,Providence,"Providence-Warwick, RI-MA",Providence County
58978,2903,RI,201711,1534.21,0.0174,,Providence,"Providence-Warwick, RI-MA",Providence County
58978,2903,RI,201712,1576.42,0.0275,,Providence,"Providence-Warwick, RI-MA",Providence County
58978,2903,RI,201801,1582.2,0.0037,,Providence,"Providence-Warwick, RI-MA",Providence County
58978,2903,RI,201802,1593.66,0.0072,,Providence,"Providence-Warwick, RI-MA",Providence County
58978,2903,RI,201803,1560.15,-0.021,,Providence,"Providence-Warwick, RI-MA",Providence County
58978,2903,RI,201804,1570.0,0.0063,,Providence,"Providence-Warwick, RI-MA",Providence County
58978,2903,RI,201805,1583.23,0.0084,,Providence,"Providence-Warwick, RI-MA",Providence County
58978,2903,RI,201806,1572.12,-0.007,,Providence,"Providence-Warwick, RI-MA",Providence County
58978,2903,RI,201807,1568.0,-0.0026,,Providence,"Providence-Warwick, RI-MA",Providence County
58978,2903,RI,201808,1573.13,0.0033,0.0573,Providence,"Providence-Warwick, RI-MA",Providence County
58978,2903,RI,201809,1613.8,0.0259,0.0705,Providence,"Providence-Warwick, RI-MA",Providence County
58978,2903,RI,201810,1613.59,-0.0001,0.07,Providence,"Providence-Warwick, RI-MA",Providence County
58978,2903,RI,201811,1607.89,-0.0035,0.048,Providence,"Providence-Warwick, RI-MA",Providence County
58978,2903,RI,201812,1591.67,-0.0101,0.0097,Providence,"Providence-Warwick, RI-MA",Providence County
58978,2903,RI,201901,1617.98,0.0165,0.0226,Providence,"Providence-Warwick, RI-MA",Providence County
58978,2903,RI,201902,1635.47,0.0108,0.0262,Providence,"Providence-Warwick, RI-MA",Providence County
58978,2903,RI,201903,1638.16,0.0016,0.05,Providence,"Providence-Warwick, RI-MA",Providence County
58978,2903,RI,201904,1628.34,-0.006,0.0372,Providence,"Providence-Warwick, RI-MA",Providence County
58978,2903,RI,201905,1634.44,0.0037,0.0323,Providence,"Providence-Warwick, RI-MA",Providence County
58978,2903,RI,201906,1634.4,-0.0,0.0396,Providence,"Providence-Warwick, RI-MA",Providence County
58978,2903,RI,201907,1634.4,-0.0,0.0423,Providence,"Providence-Warwick, RI-MA",Providence County
58978,2903,RI,201908,1604.87,-0.0181,0.0202,Providence,"Providence-Warwick, RI-MA",Providence County
58978,2903,RI,201909,1608.13,0.002,-0.0035,Providence,"Providence-Warwick, RI-MA",Providence County
58978,2903,RI,201910,1605.0,-0.0019,-0.0053,Providence,"Providence-Warwick, RI-MA",Providence County
58978,2903,RI,201911,1665.47,0.0377,0.0358,Providence,"Providence-Warwick, RI-MA",Providence County
58978,2903,RI,201912,1689.38,0.0144,0.0614,Providence,"Providence-Warwick, RI-MA",Providence County
58978,2903,RI,202001,1693.67,0.0025,0.0468,Providence,"Providence-Warwick, RI-MA",Providence County
58978,2903,RI,202002,1678.59,-0.0089,0.0264,Providence,"Providence-Warwick, RI-MA",Providence County
58978,2903,RI,202003,1661.52,-0.0102,0.0143,Providence,"Providence-Warwick, RI-MA",Providence County
58978,2903,RI,202004,1680.19,0.0112,0.0318,Providence,"Providence-Warwick, RI-MA",Providence County
58978,2903,RI,202005,1659.32,-0.0124,0.0152,Providence,"Providence-Warwick, RI-MA",Providence County
58978,2903,RI,202006,1666.3,0.0042,0.0195,Providence,"Providence-Warwick, RI-MA",Providence County
58978,2903,RI,202007,1674.48,0.0049,0.0245,Providence,"Providence-Warwick, RI-MA",Providence County
58978,2903,RI,202008,1712.06,0.0224,0.0668,Providence,"Providence-Warwick, RI-MA",Providence County
58978,2903,RI,202009,1717.2,0.003,0.0678,Providence,"Providence-Warwick, RI-MA",Providence County
58978,2903,RI,202010,1707.44,-0.0057,0.0638,Providence,"Providence-Warwick, RI-MA",Providence County
58978,2903,RI,202011,1696.08,-0.0067,0.0184,Providence,"Providence-Warwick, RI-MA",Providence County
58978,2903,RI,202012,1699.87,0.0022,0.0062,Providence,"Providence-Warwick, RI-MA",Providence County
58978,2903,RI,202101,1685.21,-0.0086,-0.005,Providence,"Providence-Warwick, RI-MA",Providence County
58978,2903,RI,202102,1706.15,0.0124,0.0164,Providence,"Providence-Warwick, RI-MA",Providence County
58978,2903,RI,202103,1710.69,0.0027,0.0296,Providence,"Providence-Warwick, RI-MA",Providence County
58978,2903,RI,202104,1766.16,0.0324,0.0512,Providence,"Providence-Warwick, RI-MA",Providence County
58978,2903,RI,202105,1768.08,0.0011,0.0655,Providence,"Providence-Warwick, RI-MA",Providence County
58978,2903,RI,202106,1784.81,0.0095,0.0711,Providence,"Providence-Warwick, RI-MA",Providence County
58978,2903,RI,202107,1820.38,0.0199,0.0871,Providence,"Providence-Warwick, RI-MA",Providence County
58978,2903,RI,202108,1865.35,0.0247,0.0895,Providence,"Providence-Warwick, RI-MA",Providence County
58978,2903,RI,202109,1917.72,0.0281,0.1168,Providence,"Providence-Warwick, RI-MA",Providence County
58978,2903,RI,202110,1917.98,0.0001,0.1233,Providence,"Providence-Warwick, RI-MA",Providence County
58978,2903,RI,202111,1968.97,0.0266,0.1609,Providence,"Providence-Warwick, RI-MA",Providence County
58978,2903,RI,202112,1953.13,-0.008,0.149,Providence,"Providence-Warwick, RI-MA",Providence County
58978,2903,RI,202201,1948.92,-0.0022,0.1565,Providence,"Providence-Warwick, RI-MA",Providence County
58978,2903,RI,202202,1900.95,-0.0246,0.1142,Providence,"Providence-Warwick, RI-MA",Providence County
58978,2903,RI,202203,1920.83,0.0105,0.1228,Providence,"Providence-Warwick, RI-MA",Providence County
58978,2903,RI,202204,1941.09,0.0105,0.099,Providence,"Providence-Warwick, RI-MA",Providence County
58978,2903,RI,202205,1972.38,0.0161,0.1156,Providence,"Providence-Warwick, RI-MA",Providence County
58978,2903,RI,202206,2013.77,0.021,0.1283,Providence,"Providence-Warwick, RI-MA",Providence County
58978,2903,RI,202207,2047.04,0.0165,0.1245,Providence,"Providence-Warwick, RI-MA",Providence County
58978,2903,RI,202208,2054.86,0.0038,0.1016,Providence,"Providence-Warwick, RI-MA",Providence County
58978,2903,RI,202209,2061.33,0.0031,0.0749,Providence,"Providence-Warwick, RI-MA",Providence County
58978,2903,RI,202210,2075.32,0.0068,0.082,Providence,"Providence-Warwick, RI-MA",Providence County
58978,2903,RI,202211,2082.36,0.0034,0.0576,Providence,"Providence-Warwick, RI-MA",Providence County
58978,2903,RI,202212,2049.46,-0.0158,0.0493,Providence,"Providence-Warwick, RI-MA",Providence County
58978,2903,RI,202301,2025.69,-0.0116,0.0394,Providence,"Providence-Warwick, RI-MA",Providence County
58978,2903,RI,202302,2035.18,0.0047,0.0706,Providence,"Providence-Warwick, RI-MA",Providence County
58978,2903,RI,202303,2053.58,0.009,0.0691,Providence,"Providence-Warwick, RI-MA",Providence County
58978,2903,RI,202304,2063.8,0.005,0.0632,Providence,"Providence-Warwick, RI-MA",Providence County
58978,2903,RI,202305,2074.33,0.0051,0.0517,Providence,"Providence-Warwick, RI-MA",Providence County
58978,2903,RI,202306,2119.89,0.022,0.0527,Providence,"Providence-Warwick, RI-MA",Providence County
58978,2903,RI,202307,2168.5,0.0229,0.0593,Providence,"Providence-Warwick, RI-MA",Providence County
58978,2903,RI,202308,2215.47,0.0217,0.0782,Providence,"Providence-Warwick, RI-MA",Providence County
58978,2903,RI,202309,2252.69,0.0168,0.0928,Providence,"Providence-Warwick, RI-MA",Providence County
58978,2903,RI,202310,2237.01,-0.007,0.0779,Providence,"Providence-Warwick, RI-MA",Providence County
58978,2903,RI,202311,2228.66,-0.0037,0.0703,Providence,"Providence-Warwick, RI-MA",Providence County
58978,2903,RI,202312,2181.22,-0.0213,0.0643,Providence,"Providence-Warwick, RI-MA",Providence County
58978,2903,RI,202401,2189.86,0.004,0.081,Providence,"Providence-Warwick, RI-MA",Providence County
58978,2903,RI,202402,2195.06,0.0024,0.0786,Providence,"Providence-Warwick, RI-MA",Providence County
58978,2903,RI,202403,2244.75,0.0226,0.0931,Providence,"Providence-Warwick, RI-MA",Providence County
58978,2903,RI,202404,2265.79,0.0094,0.0979,Providence,"Providence-Warwick, RI-MA",Providence County
58978,2903,RI,202405,2270.97,0.0023,0.0948,Providence,"Providence-Warwick, RI-MA",Providence County
58978,2903,RI,202406,2254.64,-0.0072,0.0636,Providence,"Providence-Warwick, RI-MA",Providence County
58978,2903,RI,202407,2257.51,0.0013,0.041,Providence,"Providence-Warwick, RI-MA",Providence County
58978,2903,RI,202408,2267.96,0.0046,0.0237,Providence,"Providence-Warwick, RI-MA",Providence County
58978,2903,RI,202409,2270.67,0.0012,0.008,Providence,"Providence-Warwick, RI-MA",Providence County
58978,2903,RI,202410,2249.4,-0.0094,0.0055,Providence,"Providence-Warwick, RI-MA",Providence County
58978,2903,RI,202411,2211.37,-0.0169,-0.0078,Providence,"Providence-Warwick, RI-MA",Providence County
58978,2903,RI,202412,2207.91,-0.0016,0.0122,Providence,"Providence-Warwick, RI-MA",Providence County
58978,2903,RI,202501,2242.66,0.0157,0.0241,Providence,"Providence-Warwick, RI-MA",Providence County
58978,2903,RI,202502,2278.34,0.0159,0.0379,Providence,"Providence-Warwick, RI-MA",Providence County
58978,2903,RI,202503,2297.72,0.0085,0.0236,Providence,"Providence-Warwick, RI-MA",Providence County
58978,2903,RI,202504,2318.05,0.0088,0.0231,Providence,"Providence-Warwick, RI-MA",Providence County
58978,2903,RI,202505,2342.4,0.0105,0.0315,Providence,"Providence-Warwick, RI-MA",Providence County
58978,2903,RI,202506,2355.34,0.0055,0.0447,Providence,"Providence-Warwick, RI-MA",Providence County
58978,2903,RI,202507,2348.98,-0.0027,0.0405,Providence,"Providence-Warwick, RI-MA",Providence County
58978,2903,RI,202508,2326.17,-0.0097,0.0257,Providence,"Providence-Warwick, RI-MA",Providence County
58978,2903,RI,202509,2352.96,0.0115,0.0362,Providence,"Providence-Warwick, RI-MA",Providence County
58978,2903,RI,202510,2355.03,0.0009,0.047,Providence,"Providence-Warwick, RI-MA",Providence County
58978,2903,RI,202511,2400.9,0.0195,0.0857,Providence,"Providence-Warwick, RI-MA",Providence County
58978,2903,RI,202512,2390.63,-0.0043,0.0828,Providence,"Providence-Warwick, RI-MA",Providence County
58978,2903,RI,202601,2421.04,0.0127,0.0795,Providence,"Providence-Warwick, RI-MA",Providence County
58978,2903,RI,202602,2403.72,-0.0072,0.055,Providence,"Providence-Warwick, RI-MA",Providence County
58978,2903,RI,202603,2403.59,-0.0001,0.0461,Providence,"Providence-Warwick, RI-MA",Providence County
58978,2903,RI,202604,2391.44,-0.0051,0.0317,Providence,"Providence-Warwick, RI-MA",Providence County
58978,2903,RI,202605,2408.72,0.0072,0.0283,Providence,"Providence-Warwick, RI-MA",Providence County
58978,2903,RI,202606,2419.82,0.0046,0.0274,Providence,"Providence-Warwick, RI-MA",Providence County
58978,2903,RI,202607,2426.64,0.0028,0.0331,Providence,"Providence-Warwick, RI-MA",Providence County
58978,2903,RI,202608,2394.54,-0.0132,0.0294,Providence,"Providence-Warwick, RI-MA",Providence County
58979,2904,RI,202202,1398.25,,,North Providence,"Providence-Warwick, RI-MA",Providence County
58979,2904,RI,202203,1422.23,0.0171,,North Providence,"Providence-Warwick, RI-MA",Providence County
58979,2904,RI,202204,1433.18,0.0077,,North Providence,"Providence-Warwick, RI-MA",Providence County
58979,2904,RI,202205,1459.72,0.0185,,North Providence,"Providence-Warwick, RI-MA",Providence County
58979,2904,RI,202206,1466.12,0.0044,,North Providence,"Providence-Warwick, RI-MA",Providence County
58979,2904,RI,202207,1510.29,0.0301,,North Providence,"Providence-Warwick, RI-MA",Providence County
58979,2904,RI,202208,1531.94,0.0143,,North Providence,"Providence-Warwick, RI-MA",Providence County
58979,2904,RI,202209,1550.5,0.0121,,North Providence,"Providence-Warwick, RI-MA",Providence County
58979,2904,RI,202210,1550.99,0.0003,,North Providence,"Providence-Warwick, RI-MA",Providence County
58979,2904,RI,202211,1538.29,-0.0082,,North Providence,"Providence-Warwick, RI-MA",Providence County
58979,2904,RI,202212,1558.07,0.0129,,North Providence,"Providence-Warwick, RI-MA",Providence County
58979,2904,RI,202301,1552.82,-0.0034,,North Providence,"Providence-Warwick, RI-MA",Providence County
58979,2904,RI,202302,1575.89,0.0149,0.127,North Providence,"Providence-Warwick, RI-MA",Providence County
58979,2904,RI,202303,1585.96,0.0064,0.1151,North Providence,"Providence-Warwick, RI-MA",Providence County
58979,2904,RI,202304,1604.98,0.012,0.1199,North Providence,"Providence-Warwick, RI-MA",Providence County
58979,2904,RI,202305,1625.54,0.0128,0.1136,North Providence,"Providence-Warwick, RI-MA",Providence County
58979,2904,RI,202306,1618.44,-0.0044,0.1039,North Providence,"Providence-Warwick, RI-MA",Providence County
58979,2904,RI,202307,1626.9,0.0052,0.0772,North Providence,"Providence-Warwick, RI-MA",Providence County
58979,2904,RI,202308,1640.93,0.0086,0.0711,North Providence,"Providence-Warwick, RI-MA",Providence County
58979,2904,RI,202309,1650.61,0.0059,0.0646,North Providence,"Providence-Warwick, RI-MA",Providence County
58979,2904,RI,202310,1626.58,-0.0146,0.0487,North Providence,"Providence-Warwick, RI-MA",Providence County
58979,2904,RI,202311,1610.73,-0.0097,0.0471,North Providence,"Providence-Warwick, RI-MA",Providence County
58979,2904,RI,202312,1603.54,-0.0045,0.0292,North Providence,"Providence-Warwick, RI-MA",Providence County
58979,2904,RI,202401,1634.01,0.019,0.0523,North Providence,"Providence-Warwick, RI-MA",Providence County
58979,2904,RI,202402,1662.22,0.0173,0.0548,North Providence,"Providence-Warwick, RI-MA",Providence County
58979,2904,RI,202403,1682.46,0.0122,0.0608,North Providence,"Providence-Warwick, RI-MA",Providence County
58979,2904,RI,202404,1695.76,0.0079,0.0566,North Providence,"Providence-Warwick, RI-MA",Providence County
58979,2904,RI,202405,1691.53,-0.0025,0.0406,North Providence,"Providence-Warwick, RI-MA",Providence County
58979,2904,RI,202406,1706.11,0.0086,0.0542,North Providence,"Providence-Warwick, RI-MA",Providence County
58979,2904,RI,202407,1736.68,0.0179,0.0675,North Providence,"Providence-Warwick, RI-MA",Providence County
58979,2904,RI,202408,1748.17,0.0066,0.0654,North Providence,"Providence-Warwick, RI-MA",Providence County
58979,2904,RI,202409,1748.68,0.0003,0.0594,North Providence,"Providence-Warwick, RI-MA",Providence County
58979,2904,RI,202410,1723.65,-0.0143,0.0597,North Providence,"Providence-Warwick, RI-MA",Providence County
58979,2904,RI,202411,1720.61,-0.0018,0.0682,North Providence,"Providence-Warwick, RI-MA",Providence County
58979,2904,RI,202412,1732.25,0.0068,0.0803,North Providence,"Providence-Warwick, RI-MA",Providence County
58979,2904,RI,202501,1757.15,0.0144,0.0754,North Providence,"Providence-Warwick, RI-MA",Providence County
58979,2904,RI,202502,1757.68,0.0003,0.0574,North Providence,"Providence-Warwick, RI-MA",Providence County
58979,2904,RI,202503,1767.34,0.0055,0.0504,North Providence,"Providence-Warwick, RI-MA",Providence County
58979,2904,RI,202504,1771.93,0.0026,0.0449,North Providence,"Providence-Warwick, RI-MA",Providence County
58979,2904,RI,202505,1793.8,0.0123,0.0605,North Providence,"Providence-Warwick, RI-MA",Providence County
58979,2904,RI,202506,1798.58,0.0027,0.0542,North Providence,"Providence-Warwick, RI-MA",Providence County
58979,2904,RI,202507,1809.54,0.0061,0.042,North Providence,"Providence-Warwick, RI-MA",Providence County
58979,2904,RI,202508,1800.45,-0.005,0.0299,North Providence,"Providence-Warwick, RI-MA",Providence County
58979,2904,RI,202509,1807.4,0.0039,0.0336,North Providence,"Providence-Warwick, RI-MA",Providence County
58979,2904,RI,202510,1790.16,-0.0095,0.0386,North Providence,"Providence-Warwick, RI-MA",Providence County
58979,2904,RI,202511,1817.85,0.0155,0.0565,North Providence,"Providence-Warwick, RI-MA",Providence County
58979,2904,RI,202512,1821.1,0.0018,0.0513,North Providence,"Providence-Warwick, RI-MA",Providence County
58979,2904,RI,202601,1844.84,0.013,0.0499,North Providence,"Providence-Warwick, RI-MA",Providence County
58979,2904,RI,202602,1863.65,0.0102,0.0603,North Providence,"Providence-Warwick, RI-MA",Providence County
58979,2904,RI,202603,1871.45,0.0042,0.0589,North Providence,"Providence-Warwick, RI-MA",Providence County
58979,2904,RI,202604,1861.85,-0.0051,0.0507,North Providence,"Providence-Warwick, RI-MA",Providence County
58979,2904,RI,202605,1874.83,0.007,0.0452,North Providence,"Providence-Warwick, RI-MA",Providence County
58979,2904,RI,202606,1894.29,0.0104,0.0532,North Providence,"Providence-Warwick, RI-MA",Providence County
58979,2904,RI,202607,1894.06,-0.0001,0.0467,North Providence,"Providence-Warwick, RI-MA",Providence County
58979,2904,RI,202608,1872.78,-0.0112,0.0402,North Providence,"Providence-Warwick, RI-MA",Providence County
58980,2905,RI,202201,1384.49,,,Providence,"Providence-Warwick, RI-MA",Providence County
58980,2905,RI,202202,1409.89,0.0183,,Providence,"Providence-Warwick, RI-MA",Providence County
58980,2905,RI,202203,1399.79,-0.0072,,Providence,"Providence-Warwick, RI-MA",Providence County
58980,2905,RI,202204,1460.81,0.0436,,Providence,"Providence-Warwick, RI-MA",Providence County
58980,2905,RI,202205,1448.97,-0.0081,,Providence,"Providence-Warwick, RI-MA",Providence County
58980,2905,RI,202206,1464.48,0.0107,,Providence,"Providence-Warwick, RI-MA",Providence County
58980,2905,RI,202207,1442.95,-0.0147,,Providence,"Providence-Warwick, RI-MA",Providence County
58980,2905,RI,202208,1494.83,0.036,,Providence,"Providence-Warwick, RI-MA",Providence County
58980,2905,RI,202209,1484.42,-0.007,,Providence,"Providence-Warwick, RI-MA",Providence County
58980,2905,RI,202210,1471.49,-0.0087,,Providence,"Providence-Warwick, RI-MA",Providence County
58980,2905,RI,202211,1474.41,0.002,,Providence,"Providence-Warwick, RI-MA",Providence County
58980,2905,RI,202212,1528.69,0.0368,,Providence,"Providence-Warwick, RI-MA",Providence County
58980,2905,RI,202302,1556.37,0.0181,0.1241,Providence,"Providence-Warwick, RI-MA",Providence County
58980,2905,RI,202303,1540.46,-0.0102,0.0926,Providence,"Providence-Warwick, RI-MA",Providence County
58980,2905,RI,202304,1579.6,0.0254,0.1285,Providence,"Providence-Warwick, RI-MA",Providence County
58980,2905,RI,202305,1570.53,-0.0057,0.0751,Providence,"Providence-Warwick, RI-MA",Providence County
58980,2905,RI,202306,1600.18,0.0189,0.1044,Providence,"Providence-Warwick, RI-MA",Providence County
58980,2905,RI,202307,1572.45,-0.0173,0.0737,Providence,"Providence-Warwick, RI-MA",Providence County
58980,2905,RI,202308,1599.29,0.0171,0.1084,Providence,"Providence-Warwick, RI-MA",Providence County
58980,2905,RI,202309,1576.25,-0.0144,0.0545,Providence,"Providence-Warwick, RI-MA",Providence County
58980,2905,RI,202310,1613.15,0.0234,0.0867,Providence,"Providence-Warwick, RI-MA",Providence County
58980,2905,RI,202311,1603.13,-0.0062,0.0895,Providence,"Providence-Warwick, RI-MA",Providence County
58980,2905,RI,202312,1548.36,-0.0342,0.0502,Providence,"Providence-Warwick, RI-MA",Providence County
58980,2905,RI,202401,1556.9,0.0055,0.0185,Providence,"Providence-Warwick, RI-MA",Providence County
58980,2905,RI,202402,1615.05,0.0373,0.0377,Providence,"Providence-Warwick, RI-MA",Providence County
58980,2905,RI,202403,1692.12,0.0477,0.0985,Providence,"Providence-Warwick, RI-MA",Providence County
58980,2905,RI,202404,1725.22,0.0196,0.0922,Providence,"Providence-Warwick, RI-MA",Providence County
58980,2905,RI,202405,1779.62,0.0315,0.1331,Providence,"Providence-Warwick, RI-MA",Providence County
58980,2905,RI,202406,1843.07,0.0357,0.1518,Providence,"Providence-Warwick, RI-MA",Providence County
58980,2905,RI,202407,1865.79,0.0123,0.1866,Providence,"Providence-Warwick, RI-MA",Providence County
58980,2905,RI,202408,1808.06,-0.0309,0.1305,Providence,"Providence-Warwick, RI-MA",Providence County
58980,2905,RI,202409,1837.48,0.0163,0.1657,Providence,"Providence-Warwick, RI-MA",Providence County
58980,2905,RI,202410,1821.21,-0.0089,0.129,Providence,"Providence-Warwick, RI-MA",Providence County
58980,2905,RI,202411,1762.55,-0.0322,0.0994,Providence,"Providence-Warwick, RI-MA",Providence County
58980,2905,RI,202501,1708.22,-0.0308,0.1032,Providence,"Providence-Warwick, RI-MA",Providence County
58980,2905,RI,202502,1766.96,0.0344,0.1349,Providence,"Providence-Warwick, RI-MA",Providence County
58980,2905,RI,202503,1864.38,0.0551,0.1544,Providence,"Providence-Warwick, RI-MA",Providence County
58980,2905,RI,202504,1846.77,-0.0094,0.0914,Providence,"Providence-Warwick, RI-MA",Providence County
58980,2905,RI,202505,1890.32,0.0236,0.0957,Providence,"Providence-Warwick, RI-MA",Providence County
58980,2905,RI,202506,1896.26,0.0031,0.0655,Providence,"Providence-Warwick, RI-MA",Providence County
58980,2905,RI,202507,1942.03,0.0241,0.0537,Providence,"Providence-Warwick, RI-MA",Providence County
58980,2905,RI,202508,1930.8,-0.0058,0.0348,Providence,"Providence-Warwick, RI-MA",Providence County
58980,2905,RI,202509,1939.93,0.0047,0.0729,Providence,"Providence-Warwick, RI-MA",Providence County
58980,2905,RI,202510,1916.37,-0.0121,0.0429,Providence,"Providence-Warwick, RI-MA",Providence County
58980,2905,RI,202511,1891.55,-0.013,0.0386,Providence,"Providence-Warwick, RI-MA",Providence County
58980,2905,RI,202512,1894.29,0.0014,0.0747,Providence,"Providence-Warwick, RI-MA",Providence County
58980,2905,RI,202601,1859.36,-0.0184,0.0885,Providence,"Providence-Warwick, RI-MA",Providence County
58980,2905,RI,202602,1929.08,0.0375,0.0918,Providence,"Providence-Warwick, RI-MA",Providence County
58980,2905,RI,202603,1945.92,0.0087,0.0437,Providence,"Providence-Warwick, RI-MA",Providence County
58980,2905,RI,202604,1999.6,0.0276,0.0828,Providence,"Providence-Warwick, RI-MA",Providence County
58980,2905,RI,202605,2004.31,0.0024,0.0603,Providence,"Providence-Warwick, RI-MA",Providence County
58980,2905,RI,202606,2027.3,0.0115,0.0691,Providence,"Providence-Warwick, RI-MA",Providence County
58980,2905,RI,202607,2029.54,0.0011,0.0451,Providence,"Providence-Warwick, RI-MA",Providence County
58980,2905,RI,202608,2050.28,0.0102,0.0619,Providence,"Providence-Warwick, RI-MA",Providence County
58981,2906,RI,201501,1145.91,,,Providence,"Providence-Warwick, RI-MA",Providence County
58981,2906,RI,201502,1219.89,0.0646,,Providence,"Providence-Warwick, RI-MA",Providence County
58981,2906,RI,201503,1250.02,0.0247,,Providence,"Providence-Warwick, RI-MA",Providence County
58981,2906,RI,201504,1258.5,0.0068,,Providence,"Providence-Warwick, RI-MA",Providence County
58981,2906,RI,201505,1227.16,-0.0249,,Providence,"Providence-Warwick, RI-MA",Providence County
58981,2906,RI,201506,1216.99,-0.0083,,Providence,"Providence-Warwick, RI-MA",Providence County
58981,2906,RI,201507,1227.97,0.009,,Providence,"Providence-Warwick, RI-MA",Providence County
58981,2906,RI,201508,1235.96,0.0065,,Providence,"Providence-Warwick, RI-MA",Providence County
58981,2906,RI,201509,1250.25,0.0116,,Providence,"Providence-Warwick, RI-MA",Providence County
58981,2906,RI,201510,1251.63,0.0011,,Providence,"Providence-Warwick, RI-MA",Providence County
58981,2906,RI,201511,1253.35,0.0014,,Providence,"Providence-Warwick, RI-MA",Providence County
58981,2906,RI,201512,1255.25,0.0015,,Providence,"Providence-Warwick, RI-MA",Providence County
58981,2906,RI,201601,1282.15,0.0214,0.1189,Providence,"Providence-Warwick, RI-MA",Providence County
58981,2906,RI,201602,1322.54,0.0315,0.0842,Providence,"Providence-Warwick, RI-MA",Providence County
58981,2906,RI,201603,1322.89,0.0003,0.0583,Providence,"Providence-Warwick, RI-MA",Providence County
58981,2906,RI,201604,1304.21,-0.0141,0.0363,Providence,"Providence-Warwick, RI-MA",Providence County
58981,2906,RI,201605,1286.65,-0.0135,0.0485,Providence,"Providence-Warwick, RI-MA",Providence County
58981,2906,RI,201606,1277.82,-0.0069,0.05,Providence,"Providence-Warwick, RI-MA",Providence County
58981,2906,RI,201607,1303.43,0.02,0.0615,Providence,"Providence-Warwick, RI-MA",Providence County
58981,2906,RI,201608,1304.02,0.0004,0.0551,Providence,"Providence-Warwick, RI-MA",Providence County
58981,2906,RI,201609,1327.25,0.0178,0.0616,Providence,"Providence-Warwick, RI-MA",Providence County
58981,2906,RI,201610,1330.8,0.0027,0.0633,Providence,"Providence-Warwick, RI-MA",Providence County
58981,2906,RI,201611,1335.82,0.0038,0.0658,Providence,"Providence-Warwick, RI-MA",Providence County
58981,2906,RI,201612,1372.49,0.0275,0.0934,Providence,"Providence-Warwick, RI-MA",Providence County
58981,2906,RI,201701,1389.0,0.012,0.0833,Providence,"Providence-Warwick, RI-MA",Providence County
58981,2906,RI,201702,1395.39,0.0046,0.0551,Providence,"Providence-Warwick, RI-MA",Providence County
58981,2906,RI,201703,1380.6,-0.0106,0.0436,Providence,"Providence-Warwick, RI-MA",Providence County
58981,2906,RI,201704,1388.5,0.0057,0.0646,Providence,"Providence-Warwick, RI-MA",Providence County
58981,2906,RI,201705,1386.67,-0.0013,0.0777,Providence,"Providence-Warwick, RI-MA",Providence County
58981,2906,RI,201706,1383.11,-0.0026,0.0824,Providence,"Providence-Warwick, RI-MA",Providence County
58981,2906,RI,201707,1370.38,-0.0092,0.0514,Providence,"Providence-Warwick, RI-MA",Providence County
58981,2906,RI,201708,1379.24,0.0065,0.0577,Providence,"Providence-Warwick, RI-MA",Providence County
58981,2906,RI,201709,1399.55,0.0147,0.0545,Providence,"Providence-Warwick, RI-MA",Providence County
58981,2906,RI,201710,1412.66,0.0094,0.0615,Providence,"Providence-Warwick, RI-MA",Providence County
58981,2906,RI,201711,1433.27,0.0146,0.073,Providence,"Providence-Warwick, RI-MA",Providence County
58981,2906,RI,201712,1405.95,-0.0191,0.0244,Providence,"Providence-Warwick, RI-MA",Providence County
58981,2906,RI,201801,1403.85,-0.0015,0.0107,Providence,"Providence-Warwick, RI-MA",Providence County
58981,2906,RI,201802,1405.57,0.0012,0.0073,Providence,"Providence-Warwick, RI-MA",Providence County
58981,2906,RI,201803,1437.5,0.0227,0.0412,Providence,"Providence-Warwick, RI-MA",Providence County
58981,2906,RI,201804,1452.93,0.0107,0.0464,Providence,"Providence-Warwick, RI-MA",Providence County
58981,2906,RI,201805,1456.86,0.0027,0.0506,Providence,"Providence-Warwick, RI-MA",Providence County
58981,2906,RI,201806,1465.05,0.0056,0.0592,Providence,"Providence-Warwick, RI-MA",Providence County
58981,2906,RI,201807,1478.8,0.0094,0.0791,Providence,"Providence-Warwick, RI-MA",Providence County
58981,2906,RI,201808,1477.47,-0.0009,0.0712,Providence,"Providence-Warwick, RI-MA",Providence County
58981,2906,RI,201809,1485.16,0.0052,0.0612,Providence,"Providence-Warwick, RI-MA",Providence County
58981,2906,RI,201810,1487.64,0.0017,0.0531,Providence,"Providence-Warwick, RI-MA",Providence County
58981,2906,RI,201811,1519.22,0.0212,0.06,Providence,"Providence-Warwick, RI-MA",Providence County
58981,2906,RI,201812,1492.53,-0.0176,0.0616,Providence,"Providence-Warwick, RI-MA",Providence County
58981,2906,RI,201901,1496.44,0.0026,0.066,Providence,"Providence-Warwick, RI-MA",Providence County
58981,2906,RI,201902,1467.96,-0.019,0.0444,Providence,"Providence-Warwick, RI-MA",Providence County
58981,2906,RI,201903,1492.5,0.0167,0.0383,Providence,"Providence-Warwick, RI-MA",Providence County
58981,2906,RI,201904,1501.24,0.0059,0.0332,Providence,"Providence-Warwick, RI-MA",Providence County
58981,2906,RI,201905,1541.56,0.0269,0.0581,Providence,"Providence-Warwick, RI-MA",Providence County
58981,2906,RI,201906,1555.11,0.0088,0.0615,Providence,"Providence-Warwick, RI-MA",Providence County
58981,2906,RI,201907,1543.99,-0.0072,0.0441,Providence,"Providence-Warwick, RI-MA",Providence County
58981,2906,RI,201908,1523.1,-0.0135,0.0309,Providence,"Providence-Warwick, RI-MA",Providence County
58981,2906,RI,201909,1551.59,0.0187,0.0447,Providence,"Providence-Warwick, RI-MA",Providence County
58981,2906,RI,201910,1545.4,-0.004,0.0388,Providence,"Providence-Warwick, RI-MA",Providence County
58981,2906,RI,201911,1588.43,0.0278,0.0456,Providence,"Providence-Warwick, RI-MA",Providence County
58981,2906,RI,201912,1595.76,0.0046,0.0692,Providence,"Providence-Warwick, RI-MA",Providence County
58981,2906,RI,202001,1639.14,0.0272,0.0954,Providence,"Providence-Warwick, RI-MA",Providence County
58981,2906,RI,202002,1628.72,-0.0064,0.1095,Providence,"Providence-Warwick, RI-MA",Providence County
58981,2906,RI,202003,1615.54,-0.0081,0.0824,Providence,"Providence-Warwick, RI-MA",Providence County
58981,2906,RI,202004,1604.8,-0.0066,0.069,Providence,"Providence-Warwick, RI-MA",Providence County
58981,2906,RI,202005,1586.0,-0.0117,0.0288,Providence,"Providence-Warwick, RI-MA",Providence County
58981,2906,RI,202006,1598.13,0.0076,0.0277,Providence,"Providence-Warwick, RI-MA",Providence County
58981,2906,RI,202007,1609.15,0.0069,0.0422,Providence,"Providence-Warwick, RI-MA",Providence County
58981,2906,RI,202008,1632.81,0.0147,0.072,Providence,"Providence-Warwick, RI-MA",Providence County
58981,2906,RI,202009,1645.64,0.0079,0.0606,Providence,"Providence-Warwick, RI-MA",Providence County
58981,2906,RI,202010,1680.25,0.021,0.0873,Providence,"Providence-Warwick, RI-MA",Providence County
58981,2906,RI,202011,1707.7,0.0163,0.0751,Providence,"Providence-Warwick, RI-MA",Providence County
58981,2906,RI,202012,1695.99,-0.0069,0.0628,Providence,"Providence-Warwick, RI-MA",Providence County
58981,2906,RI,202101,1701.6,0.0033,0.0381,Providence,"Providence-Warwick, RI-MA",Providence County
58981,2906,RI,202102,1708.19,0.0039,0.0488,Providence,"Providence-Warwick, RI-MA",Providence County
58981,2906,RI,202103,1738.58,0.0178,0.0762,Providence,"Providence-Warwick, RI-MA",Providence County
58981,2906,RI,202104,1730.9,-0.0044,0.0786,Providence,"Providence-Warwick, RI-MA",Providence County
58981,2906,RI,202105,1748.17,0.01,0.1023,Providence,"Providence-Warwick, RI-MA",Providence County
58981,2906,RI,202106,1753.61,0.0031,0.0973,Providence,"Providence-Warwick, RI-MA",Providence County
58981,2906,RI,202107,1782.27,0.0163,0.1076,Providence,"Providence-Warwick, RI-MA",Providence County
58981,2906,RI,202108,1794.06,0.0066,0.0988,Providence,"Providence-Warwick, RI-MA",Providence County
58981,2906,RI,202109,1832.98,0.0217,0.1138,Providence,"Providence-Warwick, RI-MA",Providence County
58981,2906,RI,202110,1843.1,0.0055,0.0969,Providence,"Providence-Warwick, RI-MA",Providence County
58981,2906,RI,202111,1866.34,0.0126,0.0929,Providence,"Providence-Warwick, RI-MA",Providence County
58981,2906,RI,202112,1876.55,0.0055,0.1065,Providence,"Providence-Warwick, RI-MA",Providence County
58981,2906,RI,202201,1877.0,0.0002,0.1031,Providence,"Providence-Warwick, RI-MA",Providence County
58981,2906,RI,202202,1876.62,-0.0002,0.0986,Providence,"Providence-Warwick, RI-MA",Providence County
58981,2906,RI,202203,1881.8,0.0028,0.0824,Providence,"Providence-Warwick, RI-MA",Providence County
58981,2906,RI,202204,1907.6,0.0137,0.1021,Providence,"Providence-Warwick, RI-MA",Providence County
58981,2906,RI,202205,1946.86,0.0206,0.1137,Providence,"Providence-Warwick, RI-MA",Providence County
58981,2906,RI,202206,1982.23,0.0182,0.1304,Providence,"Providence-Warwick, RI-MA",Providence County
58981,2906,RI,202207,2000.86,0.0094,0.1226,Providence,"Providence-Warwick, RI-MA",Providence County
58981,2906,RI,202208,2036.11,0.0176,0.1349,Providence,"Providence-Warwick, RI-MA",Providence County
58981,2906,RI,202209,2054.74,0.0092,0.121,Providence,"Providence-Warwick, RI-MA",Providence County
58981,2906,RI,202210,2111.52,0.0276,0.1456,Providence,"Providence-Warwick, RI-MA",Providence County
58981,2906,RI,202211,2103.87,-0.0036,0.1273,Providence,"Providence-Warwick, RI-MA",Providence County
58981,2906,RI,202212,2093.89,-0.0047,0.1158,Providence,"Providence-Warwick, RI-MA",Providence County
58981,2906,RI,202301,2077.55,-0.0078,0.1068,Providence,"Providence-Warwick, RI-MA",Providence County
58981,2906,RI,202302,2067.73,-0.0047,0.1018,Providence,"Providence-Warwick, RI-MA",Providence County
58981,2906,RI,202303,2083.05,0.0074,0.1069,Providence,"Providence-Warwick, RI-MA",Providence County
58981,2906,RI,202304,2091.8,0.0042,0.0966,Providence,"Providence-Warwick, RI-MA",Providence County
58981,2906,RI,202305,2116.19,0.0117,0.087,Providence,"Providence-Warwick, RI-MA",Providence County
58981,2906,RI,202306,2129.6,0.0063,0.0743,Providence,"Providence-Warwick, RI-MA",Providence County
58981,2906,RI,202307,2165.83,0.017,0.0824,Providence,"Providence-Warwick, RI-MA",Providence County
58981,2906,RI,202308,2179.33,0.0062,0.0703,Providence,"Providence-Warwick, RI-MA",Providence County
58981,2906,RI,202309,2193.9,0.0067,0.0677,Providence,"Providence-Warwick, RI-MA",Providence County
58981,2906,RI,202310,2131.64,-0.0284,0.0095,Providence,"Providence-Warwick, RI-MA",Providence County
58981,2906,RI,202311,2123.44,-0.0038,0.0093,Providence,"Providence-Warwick, RI-MA",Providence County
58981,2906,RI,202312,2130.1,0.0031,0.0173,Providence,"Providence-Warwick, RI-MA",Providence County
58981,2906,RI,202401,2168.45,0.018,0.0438,Providence,"Providence-Warwick, RI-MA",Providence County
58981,2906,RI,202402,2179.33,0.005,0.054,Providence,"Providence-Warwick, RI-MA",Providence County
58981,2906,RI,202403,2192.9,0.0062,0.0527,Providence,"Providence-Warwick, RI-MA",Providence County
58981,2906,RI,202404,2231.73,0.0177,0.0669,Providence,"Providence-Warwick, RI-MA",Providence County
58981,2906,RI,202405,2250.52,0.0084,0.0635,Providence,"Providence-Warwick, RI-MA",Providence County
58981,2906,RI,202406,2281.5,0.0138,0.0713,Providence,"Providence-Warwick, RI-MA",Providence County
58981,2906,RI,202407,2295.05,0.0059,0.0597,Providence,"Providence-Warwick, RI-MA",Providence County
58981,2906,RI,202408,2303.03,0.0035,0.0568,Providence,"Providence-Warwick, RI-MA",Providence County
58981,2906,RI,202409,2274.74,-0.0123,0.0369,Providence,"Providence-Warwick, RI-MA",Providence County
58981,2906,RI,202410,2241.2,-0.0147,0.0514,Providence,"Providence-Warwick, RI-MA",Providence County
58981,2906,RI,202411,2237.14,-0.0018,0.0535,Providence,"Providence-Warwick, RI-MA",Providence County
58981,2906,RI,202412,2224.31,-0.0057,0.0442,Providence,"Providence-Warwick, RI-MA",Providence County
58981,2906,RI,202501,2208.36,-0.0072,0.0184,Providence,"Providence-Warwick, RI-MA",Providence County
58981,2906,RI,202502,2203.07,-0.0024,0.0109,Providence,"Providence-Warwick, RI-MA",Providence County
58981,2906,RI,202503,2228.34,0.0115,0.0162,Providence,"Providence-Warwick, RI-MA",Providence County
58981,2906,RI,202504,2280.35,0.0233,0.0218,Providence,"Providence-Warwick, RI-MA",Providence County
58981,2906,RI,202505,2330.01,0.0218,0.0353,Providence,"Providence-Warwick, RI-MA",Providence County
58981,2906,RI,202506,2358.59,0.0123,0.0338,Providence,"Providence-Warwick, RI-MA",Providence County
58981,2906,RI,202507,2364.33,0.0024,0.0302,Providence,"Providence-Warwick, RI-MA",Providence County
58981,2906,RI,202508,2347.22,-0.0072,0.0192,Providence,"Providence-Warwick, RI-MA",Providence County
58981,2906,RI,202509,2329.72,-0.0075,0.0242,Providence,"Providence-Warwick, RI-MA",Providence County
58981,2906,RI,202510,2355.08,0.0109,0.0508,Providence,"Providence-Warwick, RI-MA",Providence County
58981,2906,RI,202511,2381.64,0.0113,0.0646,Providence,"Providence-Warwick, RI-MA",Providence County
58981,2906,RI,202512,2379.63,-0.0008,0.0698,Providence,"Providence-Warwick, RI-MA",Providence County
58981,2906,RI,202601,2399.22,0.0082,0.0864,Providence,"Providence-Warwick, RI-MA",Providence County
58981,2906,RI,202602,2345.7,-0.0223,0.0647,Providence,"Providence-Warwick, RI-MA",Providence County
58981,2906,RI,202603,2384.0,0.0163,0.0699,Providence,"Providence-Warwick, RI-MA",Providence County
58981,2906,RI,202604,2379.96,-0.0017,0.0437,Providence,"Providence-Warwick, RI-MA",Providence County
58981,2906,RI,202605,2418.55,0.0162,0.038,Providence,"Providence-Warwick, RI-MA",Providence County
58981,2906,RI,202606,2444.87,0.0109,0.0366,Providence,"Providence-Warwick, RI-MA",Providence County
58981,2906,RI,202607,2480.32,0.0145,0.0491,Providence,"Providence-Warwick, RI-MA",Providence County
58981,2906,RI,202608,2509.29,0.0117,0.069,Providence,"Providence-Warwick, RI-MA",Providence County
58982,2907,RI,202401,1698.35,,,Providence,"Providence-Warwick, RI-MA",Providence County
58982,2907,RI,202403,1656.52,-0.0246,,Providence,"Providence-Warwick, RI-MA",Providence County
58982,2907,RI,202404,1666.59,0.0061,,Providence,"Providence-Warwick, RI-MA",Providence County
58982,2907,RI,202405,1712.68,0.0277,,Providence,"Providence-Warwick, RI-MA",Providence County
58982,2907,RI,202406,1746.36,0.0197,,Providence,"Providence-Warwick, RI-MA",Providence County
58982,2907,RI,202407,1740.35,-0.0034,,Providence,"Providence-Warwick, RI-MA",Providence County
58982,2907,RI,202408,1693.9,-0.0267,,Providence,"Providence-Warwick, RI-MA",Providence County
58982,2907,RI,202409,1691.37,-0.0015,,Providence,"Providence-Warwick, RI-MA",Providence County
58982,2907,RI,202410,1689.71,-0.001,,Providence,"Providence-Warwick, RI-MA",Providence County
58982,2907,RI,202411,1718.79,0.0172,,Providence,"Providence-Warwick, RI-MA",Providence County
58982,2907,RI,202412,1716.74,-0.0012,,Providence,"Providence-Warwick, RI-MA",Providence County
58982,2907,RI,202501,1687.24,-0.0172,,Providence,"Providence-Warwick, RI-MA",Providence County
58982,2907,RI,202502,1705.19,0.0106,0.004,Providence,"Providence-Warwick, RI-MA",Providence County
58982,2907,RI,202503,1702.86,-0.0014,0.028,Providence,"Providence-Warwick, RI-MA",Providence County
58982,2907,RI,202504,1745.98,0.0253,0.0476,Providence,"Providence-Warwick, RI-MA",Providence County
58982,2907,RI,202505,1754.05,0.0046,0.0242,Providence,"Providence-Warwick, RI-MA",Providence County
58982,2907,RI,202506,1757.32,0.0019,0.0063,Providence,"Providence-Warwick, RI-MA",Providence County
58982,2907,RI,202507,1775.46,0.0103,0.0202,Providence,"Providence-Warwick, RI-MA",Providence County
58982,2907,RI,202508,1774.78,-0.0004,0.0478,Providence,"Providence-Warwick, RI-MA",Providence County
58982,2907,RI,202509,1836.39,0.0347,0.0857,Providence,"Providence-Warwick, RI-MA",Providence County
58982,2907,RI,202510,1836.18,-0.0001,0.0867,Providence,"Providence-Warwick, RI-MA",Providence County
58982,2907,RI,202511,1891.05,0.0299,0.1002,Providence,"Providence-Warwick, RI-MA",Providence County
58982,2907,RI,202512,1810.32,-0.0427,0.0545,Providence,"Providence-Warwick, RI-MA",Providence County
58982,2907,RI,202601,1835.39,0.0138,0.0878,Providence,"Providence-Warwick, RI-MA",Providence County
58982,2907,RI,202602,1835.4,0.0,0.0764,Providence,"Providence-Warwick, RI-MA",Providence County
58982,2907,RI,202603,1912.67,0.0421,0.1232,Providence,"Providence-Warwick, RI-MA",Providence County
58982,2907,RI,202604,1904.17,-0.0044,0.0906,Providence,"Providence-Warwick, RI-MA",Providence County
58982,2907,RI,202605,1840.49,-0.0334,0.0493,Providence,"Providence-Warwick, RI-MA",Providence County
58982,2907,RI,202606,1824.53,-0.0087,0.0382,Providence,"Providence-Warwick, RI-MA",Providence County
58982,2907,RI,202607,1801.54,-0.0126,0.0147,Providence,"Providence-Warwick, RI-MA",Providence County
58982,2907,RI,202608,1831.1,0.0164,0.0317,Providence,"Providence-Warwick, RI-MA",Providence County
58983,2908,RI,202205,1707.22,,,Providence,"Providence-Warwick, RI-MA",Providence County
58983,2908,RI,202206,1724.96,0.0104,,Providence,"Providence-Warwick, RI-MA",Providence County
58983,2908,RI,202207,1749.03,0.014,,Providence,"Providence-Warwick, RI-MA",Providence County
58983,2908,RI,202208,1738.55,-0.006,,Providence,"Providence-Warwick, RI-MA",Providence County
58983,2908,RI,202209,1719.32,-0.0111,,Providence,"Providence-Warwick, RI-MA",Providence County
58983,2908,RI,202210,1719.3,-0.0,,Providence,"Providence-Warwick, RI-MA",Providence County
58983,2908,RI,202211,1728.66,0.0054,,Providence,"Providence-Warwick, RI-MA",Providence County
58983,2908,RI,202212,1763.54,0.0202,,Providence,"Providence-Warwick, RI-MA",Providence County
58983,2908,RI,202301,1734.33,-0.0166,,Providence,"Providence-Warwick, RI-MA",Providence County
58983,2908,RI,202302,1721.54,-0.0074,,Providence,"Providence-Warwick, RI-MA",Providence County
58983,2908,RI,202303,1737.94,0.0095,,Providence,"Providence-Warwick, RI-MA",Providence County
58983,2908,RI,202304,1777.08,0.0225,,Providence,"Providence-Warwick, RI-MA",Providence County
58983,2908,RI,202305,1814.96,0.0213,0.0631,Providence,"Providence-Warwick, RI-MA",Providence County
58983,2908,RI,202306,1829.75,0.0081,0.0607,Providence,"Providence-Warwick, RI-MA",Providence County
58983,2908,RI,202307,1860.09,0.0166,0.0635,Providence,"Providence-Warwick, RI-MA",Providence County
58983,2908,RI,202308,1879.93,0.0107,0.0813,Providence,"Providence-Warwick, RI-MA",Providence County
58983,2908,RI,202309,1898.55,0.0099,0.1042,Providence,"Providence-Warwick, RI-MA",Providence County
58983,2908,RI,202310,1890.13,-0.0044,0.0994,Providence,"Providence-Warwick, RI-MA",Providence County
58983,2908,RI,202311,1897.02,0.0036,0.0974,Providence,"Providence-Warwick, RI-MA",Providence County
58983,2908,RI,202312,1891.95,-0.0027,0.0728,Providence,"Providence-Warwick, RI-MA",Providence County
58983,2908,RI,202401,1892.26,0.0002,0.0911,Providence,"Providence-Warwick, RI-MA",Providence County
58983,2908,RI,202402,1883.16,-0.0048,0.0939,Providence,"Providence-Warwick, RI-MA",Providence County
58983,2908,RI,202403,1901.33,0.0097,0.094,Providence,"Providence-Warwick, RI-MA",Providence County
58983,2908,RI,202404,1935.27,0.0178,0.089,Providence,"Providence-Warwick, RI-MA",Providence County
58983,2908,RI,202405,1950.53,0.0079,0.0747,Providence,"Providence-Warwick, RI-MA",Providence County
58983,2908,RI,202406,1955.52,0.0026,0.0687,Providence,"Providence-Warwick, RI-MA",Providence County
58983,2908,RI,202407,1943.35,-0.0062,0.0448,Providence,"Providence-Warwick, RI-MA",Providence County
58983,2908,RI,202408,1958.58,0.0078,0.0418,Providence,"Providence-Warwick, RI-MA",Providence County
58983,2908,RI,202409,1952.48,-0.0031,0.0284,Providence,"Providence-Warwick, RI-MA",Providence County
58983,2908,RI,202410,1970.7,0.0093,0.0426,Providence,"Providence-Warwick, RI-MA",Providence County
58983,2908,RI,202411,1971.44,0.0004,0.0392,Providence,"Providence-Warwick, RI-MA",Providence County
58983,2908,RI,202412,1979.31,0.004,0.0462,Providence,"Providence-Warwick, RI-MA",Providence County
58983,2908,RI,202501,1987.67,0.0042,0.0504,Providence,"Providence-Warwick, RI-MA",Providence County
58983,2908,RI,202502,1989.99,0.0012,0.0567,Providence,"Providence-Warwick, RI-MA",Providence County
58983,2908,RI,202503,1999.01,0.0045,0.0514,Providence,"Providence-Warwick, RI-MA",Providence County
58983,2908,RI,202504,2005.86,0.0034,0.0365,Providence,"Providence-Warwick, RI-MA",Providence County
58983,2908,RI,202505,2039.55,0.0168,0.0456,Providence,"Providence-Warwick, RI-MA",Providence County
58983,2908,RI,202506,2059.85,0.01,0.0534,Providence,"Providence-Warwick, RI-MA",Providence County
58983,2908,RI,202507,2051.19,-0.0042,0.0555,Providence,"Providence-Warwick, RI-MA",Providence County
58983,2908,RI,202508,2029.14,-0.0108,0.036,Providence,"Providence-Warwick, RI-MA",Providence County
58983,2908,RI,202509,2006.18,-0.0113,0.0275,Providence,"Providence-Warwick, RI-MA",Providence County
58983,2908,RI,202510,2024.2,0.009,0.0271,Providence,"Providence-Warwick, RI-MA",Providence County
58983,2908,RI,202511,2047.02,0.0113,0.0383,Providence,"Providence-Warwick, RI-MA",Providence County
58983,2908,RI,202512,2077.07,0.0147,0.0494,Providence,"Providence-Warwick, RI-MA",Providence County
58983,2908,RI,202601,2100.58,0.0113,0.0568,Providence,"Providence-Warwick, RI-MA",Providence County
58983,2908,RI,202602,2106.15,0.0027,0.0584,Providence,"Providence-Warwick, RI-MA",Providence County
58983,2908,RI,202603,2112.22,0.0029,0.0566,Providence,"Providence-Warwick, RI-MA",Providence County
58983,2908,RI,202604,2089.89,-0.0106,0.0419,Providence,"Providence-Warwick, RI-MA",Providence County
58983,2908,RI,202605,2117.14,0.013,0.038,Providence,"Providence-Warwick, RI-MA",Providence County
58983,2908,RI,202606,2148.93,0.015,0.0432,Providence,"Providence-Warwick, RI-MA",Providence County
58983,2908,RI,202607,2174.68,0.012,0.0602,Providence,"Providence-Warwick, RI-MA",Providence County
58983,2908,RI,202608,2176.56,0.0009,0.0727,Providence,"Providence-Warwick, RI-MA",Providence County
58984,2909,RI,201507,859.07,,,Providence,"Providence-Warwick, RI-MA",Providence County
58984,2909,RI,201508,860.25,0.0014,,Providence,"Providence-Warwick, RI-MA",Providence County
58984,2909,RI,201509,888.21,0.0325,,Providence,"Providence-Warwick, RI-MA",Providence County
58984,2909,RI,201510,931.97,0.0493,,Providence,"Providence-Warwick, RI-MA",Providence County
58984,2909,RI,201511,948.16,0.0174,,Providence,"Providence-Warwick, RI-MA",Providence County
58984,2909,RI,201512,951.54,0.0036,,Providence,"Providence-Warwick, RI-MA",Providence County
58984,2909,RI,201601,948.23,-0.0035,,Providence,"Providence-Warwick, RI-MA",Providence County
58984,2909,RI,201602,933.1,-0.016,,Providence,"Providence-Warwick, RI-MA",Providence County
58984,2909,RI,201603,965.76,0.035,,Providence,"Providence-Warwick, RI-MA",Providence County
58984,2909,RI,201604,971.07,0.0055,,Providence,"Providence-Warwick, RI-MA",Providence County
58984,2909,RI,201605,996.65,0.0263,,Providence,"Providence-Warwick, RI-MA",Providence County
58984,2909,RI,201606,960.88,-0.0359,,Providence,"Providence-Warwick, RI-MA",Providence County
58984,2909,RI,201607,977.46,0.0172,0.1378,Providence,"Providence-Warwick, RI-MA",Providence County
58984,2909,RI,201608,985.18,0.0079,0.1452,Providence,"Providence-Warwick, RI-MA",Providence County
58984,2909,RI,201609,1022.78,0.0382,0.1515,Providence,"Providence-Warwick, RI-MA",Providence County
58984,2909,RI,201610,1041.32,0.0181,0.1173,Providence,"Providence-Warwick, RI-MA",Providence County
58984,2909,RI,201611,1026.88,-0.0139,0.083,Providence,"Providence-Warwick, RI-MA",Providence County
58984,2909,RI,201612,1013.79,-0.0127,0.0654,Providence,"Providence-Warwick, RI-MA",Providence County
58984,2909,RI,201701,1008.52,-0.0052,0.0636,Providence,"Providence-Warwick, RI-MA",Providence County
58984,2909,RI,201702,1036.64,0.0279,0.111,Providence,"Providence-Warwick, RI-MA",Providence County
58984,2909,RI,201703,1066.44,0.0287,0.1043,Providence,"Providence-Warwick, RI-MA",Providence County
58984,2909,RI,201704,1049.64,-0.0158,0.0809,Providence,"Providence-Warwick, RI-MA",Providence County
58984,2909,RI,201705,1051.64,0.0019,0.0552,Providence,"Providence-Warwick, RI-MA",Providence County
58984,2909,RI,201706,1061.54,0.0094,0.1048,Providence,"Providence-Warwick, RI-MA",Providence County
58984,2909,RI,201707,1088.29,0.0252,0.1134,Providence,"Providence-Warwick, RI-MA",Providence County
58984,2909,RI,201708,1114.68,0.0243,0.1315,Providence,"Providence-Warwick, RI-MA",Providence County
58984,2909,RI,201709,1091.55,-0.0208,0.0672,Providence,"Providence-Warwick, RI-MA",Providence County
58984,2909,RI,201710,1086.0,-0.0051,0.0429,Providence,"Providence-Warwick, RI-MA",Providence County
58984,2909,RI,201711,1055.04,-0.0285,0.0274,Providence,"Providence-Warwick, RI-MA",Providence County
58984,2909,RI,201712,1054.56,-0.0005,0.0402,Providence,"Providence-Warwick, RI-MA",Providence County
58984,2909,RI,201801,1076.96,0.0212,0.0679,Providence,"Providence-Warwick, RI-MA",Providence County
58984,2909,RI,201802,1103.78,0.0249,0.0648,Providence,"Providence-Warwick, RI-MA",Providence County
58984,2909,RI,201803,1139.19,0.0321,0.0682,Providence,"Providence-Warwick, RI-MA",Providence County
58984,2909,RI,201804,1130.5,-0.0076,0.077,Providence,"Providence-Warwick, RI-MA",Providence County
58984,2909,RI,201805,1147.28,0.0148,0.0909,Providence,"Providence-Warwick, RI-MA",Providence County
58984,2909,RI,201806,1145.06,-0.0019,0.0787,Providence,"Providence-Warwick, RI-MA",Providence County
58984,2909,RI,201807,1148.57,0.0031,0.0554,Providence,"Providence-Warwick, RI-MA",Providence County
58984,2909,RI,201808,1158.28,0.0084,0.0391,Providence,"Providence-Warwick, RI-MA",Providence County
58984,2909,RI,201809,1149.68,-0.0074,0.0533,Providence,"Providence-Warwick, RI-MA",Providence County
58984,2909,RI,201810,1146.28,-0.003,0.0555,Providence,"Providence-Warwick, RI-MA",Providence County
58984,2909,RI,201811,1120.11,-0.0228,0.0617,Providence,"Providence-Warwick, RI-MA",Providence County
58984,2909,RI,201812,1117.55,-0.0023,0.0597,Providence,"Providence-Warwick, RI-MA",Providence County
58984,2909,RI,201901,1135.65,0.0162,0.0545,Providence,"Providence-Warwick, RI-MA",Providence County
58984,2909,RI,201902,1161.63,0.0229,0.0524,Providence,"Providence-Warwick, RI-MA",Providence County
58984,2909,RI,201903,1191.74,0.0259,0.0461,Providence,"Providence-Warwick, RI-MA",Providence County
58984,2909,RI,201904,1205.61,0.0116,0.0664,Providence,"Providence-Warwick, RI-MA",Providence County
58984,2909,RI,201905,1230.52,0.0207,0.0725,Providence,"Providence-Warwick, RI-MA",Providence County
58984,2909,RI,201906,1243.35,0.0104,0.0858,Providence,"Providence-Warwick, RI-MA",Providence County
58984,2909,RI,201907,1244.99,0.0013,0.0839,Providence,"Providence-Warwick, RI-MA",Providence County
58984,2909,RI,201908,1240.97,-0.0032,0.0714,Providence,"Providence-Warwick, RI-MA",Providence County
58984,2909,RI,201909,1220.02,-0.0169,0.0612,Providence,"Providence-Warwick, RI-MA",Providence County
58984,2909,RI,201910,1208.51,-0.0094,0.0543,Providence,"Providence-Warwick, RI-MA",Providence County
58984,2909,RI,201911,1184.48,-0.0199,0.0575,Providence,"Providence-Warwick, RI-MA",Providence County
58984,2909,RI,201912,1196.64,0.0103,0.0708,Providence,"Providence-Warwick, RI-MA",Providence County
58984,2909,RI,202001,1219.37,0.019,0.0737,Providence,"Providence-Warwick, RI-MA",Providence County
58984,2909,RI,202002,1236.55,0.0141,0.0645,Providence,"Providence-Warwick, RI-MA",Providence County
58984,2909,RI,202003,1238.85,0.0019,0.0395,Providence,"Providence-Warwick, RI-MA",Providence County
58984,2909,RI,202004,1253.02,0.0114,0.0393,Providence,"Providence-Warwick, RI-MA",Providence County
58984,2909,RI,202005,1267.54,0.0116,0.0301,Providence,"Providence-Warwick, RI-MA",Providence County
58984,2909,RI,202006,1291.95,0.0193,0.0391,Providence,"Providence-Warwick, RI-MA",Providence County
58984,2909,RI,202007,1299.67,0.006,0.0439,Providence,"Providence-Warwick, RI-MA",Providence County
58984,2909,RI,202008,1309.12,0.0073,0.0549,Providence,"Providence-Warwick, RI-MA",Providence County
58984,2909,RI,202009,1323.92,0.0113,0.0852,Providence,"Providence-Warwick, RI-MA",Providence County
58984,2909,RI,202010,1336.82,0.0097,0.1062,Providence,"Providence-Warwick, RI-MA",Providence County
58984,2909,RI,202011,1349.66,0.0096,0.1395,Providence,"Providence-Warwick, RI-MA",Providence County
58984,2909,RI,202012,1347.45,-0.0016,0.126,Providence,"Providence-Warwick, RI-MA",Providence County
58984,2909,RI,202101,1354.05,0.0049,0.1104,Providence,"Providence-Warwick, RI-MA",Providence County
58984,2909,RI,202102,1365.85,0.0087,0.1046,Providence,"Providence-Warwick, RI-MA",Providence County
58984,2909,RI,202103,1368.55,0.002,0.1047,Providence,"Providence-Warwick, RI-MA",Providence County
58984,2909,RI,202104,1381.53,0.0095,0.1026,Providence,"Providence-Warwick, RI-MA",Providence County
58984,2909,RI,202105,1405.75,0.0175,0.109,Providence,"Providence-Warwick, RI-MA",Providence County
58984,2909,RI,202106,1438.85,0.0235,0.1137,Providence,"Providence-Warwick, RI-MA",Providence County
58984,2909,RI,202107,1454.32,0.0108,0.119,Providence,"Providence-Warwick, RI-MA",Providence County
58984,2909,RI,202108,1479.66,0.0174,0.1303,Providence,"Providence-Warwick, RI-MA",Providence County
58984,2909,RI,202109,1470.29,-0.0063,0.1106,Providence,"Providence-Warwick, RI-MA",Providence County
58984,2909,RI,202110,1499.21,0.0197,0.1215,Providence,"Providence-Warwick, RI-MA",Providence County
58984,2909,RI,202111,1488.15,-0.0074,0.1026,Providence,"Providence-Warwick, RI-MA",Providence County
58984,2909,RI,202112,1513.48,0.017,0.1232,Providence,"Providence-Warwick, RI-MA",Providence County
58984,2909,RI,202201,1524.64,0.0074,0.126,Providence,"Providence-Warwick, RI-MA",Providence County
58984,2909,RI,202202,1552.43,0.0182,0.1366,Providence,"Providence-Warwick, RI-MA",Providence County
58984,2909,RI,202203,1572.64,0.013,0.1491,Providence,"Providence-Warwick, RI-MA",Providence County
58984,2909,RI,202204,1572.78,0.0001,0.1384,Providence,"Providence-Warwick, RI-MA",Providence County
58984,2909,RI,202205,1561.78,-0.007,0.111,Providence,"Providence-Warwick, RI-MA",Providence County
58984,2909,RI,202206,1601.61,0.0255,0.1131,Providence,"Providence-Warwick, RI-MA",Providence County
58984,2909,RI,202207,1617.54,0.0099,0.1122,Providence,"Providence-Warwick, RI-MA",Providence County
58984,2909,RI,202208,1664.14,0.0288,0.1247,Providence,"Providence-Warwick, RI-MA",Providence County
58984,2909,RI,202209,1639.02,-0.0151,0.1148,Providence,"Providence-Warwick, RI-MA",Providence County
58984,2909,RI,202210,1665.63,0.0162,0.111,Providence,"Providence-Warwick, RI-MA",Providence County
58984,2909,RI,202211,1682.7,0.0102,0.1307,Providence,"Providence-Warwick, RI-MA",Providence County
58984,2909,RI,202212,1720.06,0.0222,0.1365,Providence,"Providence-Warwick, RI-MA",Providence County
58984,2909,RI,202301,1710.87,-0.0053,0.1221,Providence,"Providence-Warwick, RI-MA",Providence County
58984,2909,RI,202302,1715.09,0.0025,0.1048,Providence,"Providence-Warwick, RI-MA",Providence County
58984,2909,RI,202303,1708.04,-0.0041,0.0861,Providence,"Providence-Warwick, RI-MA",Providence County
58984,2909,RI,202304,1735.11,0.0159,0.1032,Providence,"Providence-Warwick, RI-MA",Providence County
58984,2909,RI,202305,1730.49,-0.0027,0.108,Providence,"Providence-Warwick, RI-MA",Providence County
58984,2909,RI,202306,1732.74,0.0013,0.0819,Providence,"Providence-Warwick, RI-MA",Providence County
58984,2909,RI,202307,1742.32,0.0055,0.0771,Providence,"Providence-Warwick, RI-MA",Providence County
58984,2909,RI,202308,1762.23,0.0114,0.0589,Providence,"Providence-Warwick, RI-MA",Providence County
58984,2909,RI,202309,1782.16,0.0113,0.0873,Providence,"Providence-Warwick, RI-MA",Providence County
58984,2909,RI,202310,1786.86,0.0026,0.0728,Providence,"Providence-Warwick, RI-MA",Providence County
58984,2909,RI,202311,1800.13,0.0074,0.0698,Providence,"Providence-Warwick, RI-MA",Providence County
58984,2909,RI,202312,1812.02,0.0066,0.0535,Providence,"Providence-Warwick, RI-MA",Providence County
58984,2909,RI,202401,1822.42,0.0057,0.0652,Providence,"Providence-Warwick, RI-MA",Providence County
58984,2909,RI,202402,1818.38,-0.0022,0.0602,Providence,"Providence-Warwick, RI-MA",Providence County
58984,2909,RI,202403,1833.61,0.0084,0.0735,Providence,"Providence-Warwick, RI-MA",Providence County
58984,2909,RI,202404,1833.69,0.0,0.0568,Providence,"Providence-Warwick, RI-MA",Providence County
58984,2909,RI,202405,1842.64,0.0049,0.0648,Providence,"Providence-Warwick, RI-MA",Providence County
58984,2909,RI,202406,1845.73,0.0017,0.0652,Providence,"Providence-Warwick, RI-MA",Providence County
58984,2909,RI,202407,1841.64,-0.0022,0.057,Providence,"Providence-Warwick, RI-MA",Providence County
58984,2909,RI,202408,1863.57,0.0119,0.0575,Providence,"Providence-Warwick, RI-MA",Providence County
58984,2909,RI,202409,1865.96,0.0013,0.047,Providence,"Providence-Warwick, RI-MA",Providence County
58984,2909,RI,202410,1871.74,0.0031,0.0475,Providence,"Providence-Warwick, RI-MA",Providence County
58984,2909,RI,202411,1867.43,-0.0023,0.0374,Providence,"Providence-Warwick, RI-MA",Providence County
58984,2909,RI,202412,1872.76,0.0029,0.0335,Providence,"Providence-Warwick, RI-MA",Providence County
58984,2909,RI,202501,1902.89,0.0161,0.0442,Providence,"Providence-Warwick, RI-MA",Providence County
58984,2909,RI,202502,1896.37,-0.0034,0.0429,Providence,"Providence-Warwick, RI-MA",Providence County
58984,2909,RI,202503,1900.53,0.0022,0.0365,Providence,"Providence-Warwick, RI-MA",Providence County
58984,2909,RI,202504,1901.58,0.0006,0.037,Providence,"Providence-Warwick, RI-MA",Providence County
58984,2909,RI,202505,1924.67,0.0121,0.0445,Providence,"Providence-Warwick, RI-MA",Providence County
58984,2909,RI,202506,1931.6,0.0036,0.0465,Providence,"Providence-Warwick, RI-MA",Providence County
58984,2909,RI,202507,1920.67,-0.0057,0.0429,Providence,"Providence-Warwick, RI-MA",Providence County
58984,2909,RI,202508,1920.44,-0.0001,0.0305,Providence,"Providence-Warwick, RI-MA",Providence County
58984,2909,RI,202509,1933.4,0.0067,0.0361,Providence,"Providence-Warwick, RI-MA",Providence County
58984,2909,RI,202510,1972.81,0.0204,0.054,Providence,"Providence-Warwick, RI-MA",Providence County
58984,2909,RI,202511,1977.01,0.0021,0.0587,Providence,"Providence-Warwick, RI-MA",Providence County
58984,2909,RI,202512,1972.0,-0.0025,0.053,Providence,"Providence-Warwick, RI-MA",Providence County
58984,2909,RI,202601,1945.16,-0.0136,0.0222,Providence,"Providence-Warwick, RI-MA",Providence County
58984,2909,RI,202602,1951.57,0.0033,0.0291,Providence,"Providence-Warwick, RI-MA",Providence County
58984,2909,RI,202603,1963.04,0.0059,0.0329,Providence,"Providence-Warwick, RI-MA",Providence County
58984,2909,RI,202604,1971.73,0.0044,0.0369,Providence,"Providence-Warwick, RI-MA",Providence County
58984,2909,RI,202605,1970.06,-0.0008,0.0236,Providence,"Providence-Warwick, RI-MA",Providence County
58984,2909,RI,202606,1979.42,0.0048,0.0248,Providence,"Providence-Warwick, RI-MA",Providence County
58984,2909,RI,202607,1991.19,0.0059,0.0367,Providence,"Providence-Warwick, RI-MA",Providence County
58984,2909,RI,202608,2016.9,0.0129,0.0502,Providence,"Providence-Warwick, RI-MA",Providence County
58985,2910,RI,202507,1760.52,,,Cranston,"Providence-Warwick, RI-MA",Providence County
58985,2910,RI,202508,1763.6,0.0018,,Cranston,"Providence-Warwick, RI-MA",Providence County
58985,2910,RI,202509,1784.69,0.012,,Cranston,"Providence-Warwick, RI-MA",Providence County
58985,2910,RI,202510,1773.34,-0.0064,,Cranston,"Providence-Warwick, RI-MA",Providence County
58985,2910,RI,202511,1779.3,0.0034,,Cranston,"Providence-Warwick, RI-MA",Providence County
58985,2910,RI,202512,1756.49,-0.0128,,Cranston,"Providence-Warwick, RI-MA",Providence County
58985,2910,RI,202601,1727.21,-0.0167,,Cranston,"Providence-Warwick, RI-MA",Providence County
58985,2910,RI,202602,1732.73,0.0032,,Cranston,"Providence-Warwick, RI-MA",Providence County
58985,2910,RI,202603,1759.13,0.0152,,Cranston,"Providence-Warwick, RI-MA",Providence County
58985,2910,RI,202604,1773.01,0.0079,,Cranston,"Providence-Warwick, RI-MA",Providence County
58985,2910,RI,202605,1820.77,0.0269,,Cranston,"Providence-Warwick, RI-MA",Providence County
58985,2910,RI,202606,1827.44,0.0037,,Cranston,"Providence-Warwick, RI-MA",Providence County
58985,2910,RI,202607,1877.36,0.0273,0.0664,Cranston,"Providence-Warwick, RI-MA",Providence County
58985,2910,RI,202608,1868.75,-0.0046,0.0596,Cranston,"Providence-Warwick, RI-MA",Providence County
58986,2911,RI,202501,1616.18,,,North Providence,"Providence-Warwick, RI-MA",Providence County
58986,2911,RI,202502,1669.58,0.033,,North Providence,"Providence-Warwick, RI-MA",Providence County
58986,2911,RI,202503,1679.2,0.0058,,North Providence,"Providence-Warwick, RI-MA",Providence County
58986,2911,RI,202504,1687.03,0.0047,,North Providence,"Providence-Warwick, RI-MA",Providence County
58986,2911,RI,202505,1681.66,-0.0032,,North Providence,"Providence-Warwick, RI-MA",Providence County
58986,2911,RI,202506,1681.88,0.0001,,North Providence,"Providence-Warwick, RI-MA",Providence County
58986,2911,RI,202507,1695.43,0.0081,,North Providence,"Providence-Warwick, RI-MA",Providence County
58986,2911,RI,202508,1709.64,0.0084,,North Providence,"Providence-Warwick, RI-MA",Providence County
58986,2911,RI,202509,1718.76,0.0053,,North Providence,"Providence-Warwick, RI-MA",Providence County
58986,2911,RI,202510,1705.25,-0.0079,,North Providence,"Providence-Warwick, RI-MA",Providence County
58986,2911,RI,202511,1696.5,-0.0051,,North Providence,"Providence-Warwick, RI-MA",Providence County
58986,2911,RI,202512,1682.25,-0.0084,,North Providence,"Providence-Warwick, RI-MA",Providence County
58986,2911,RI,202601,1691.59,0.0056,0.0467,North Providence,"Providence-Warwick, RI-MA",Providence County
58986,2911,RI,202602,1661.83,-0.0176,-0.0046,North Providence,"Providence-Warwick, RI-MA",Providence County
58986,2911,RI,202603,1703.57,0.0251,0.0145,North Providence,"Providence-Warwick, RI-MA",Providence County
58986,2911,RI,202604,1717.41,0.0081,0.018,North Providence,"Providence-Warwick, RI-MA",Providence County
58986,2911,RI,202605,1736.62,0.0112,0.0327,North Providence,"Providence-Warwick, RI-MA",Providence County
58986,2911,RI,202606,1729.37,-0.0042,0.0282,North Providence,"Providence-Warwick, RI-MA",Providence County
58986,2911,RI,202607,1741.29,0.0069,0.0271,North Providence,"Providence-Warwick, RI-MA",Providence County
58986,2911,RI,202608,1766.25,0.0143,0.0331,North Providence,"Providence-Warwick, RI-MA",Providence County
58988,2914,RI,202505,2037.85,,,East Providence,"Providence-Warwick, RI-MA",Providence County
58988,2914,RI,202506,2060.52,0.0111,,East Providence,"Providence-Warwick, RI-MA",Providence County
58988,2914,RI,202507,2018.99,-0.0202,,East Providence,"Providence-Warwick, RI-MA",Providence County
58988,2914,RI,202508,1967.52,-0.0255,,East Providence,"Providence-Warwick, RI-MA",Providence County
58988,2914,RI,202509,1958.51,-0.0046,,East Providence,"Providence-Warwick, RI-MA",Providence County
58988,2914,RI,202510,1999.64,0.021,,East Providence,"Providence-Warwick, RI-MA",Providence County
58988,2914,RI,202511,2053.55,0.027,,East Providence,"Providence-Warwick, RI-MA",Providence County
58988,2914,RI,202512,2093.56,0.0195,,East Providence,"Providence-Warwick, RI-MA",Providence County
58988,2914,RI,202601,2084.11,-0.0045,,East Providence,"Providence-Warwick, RI-MA",Providence County
58988,2914,RI,202602,2083.58,-0.0003,,East Providence,"Providence-Warwick, RI-MA",Providence County
58988,2914,RI,202603,2049.87,-0.0162,,East Providence,"Providence-Warwick, RI-MA",Providence County
58988,2914,RI,202605,2064.39,0.0071,,East Providence,"Providence-Warwick, RI-MA",Providence County
58988,2914,RI,202606,2081.38,0.0082,0.0214,East Providence,"Providence-Warwick, RI-MA",Providence County
58988,2914,RI,202607,2067.65,-0.0066,0.0035,East Providence,"Providence-Warwick, RI-MA",Providence County
58988,2914,RI,202608,2076.89,0.0045,0.0287,East Providence,"Providence-Warwick, RI-MA",Providence County
58989,2915,RI,202203,1695.13,,,East Providence,"Providence-Warwick, RI-MA",Providence County
58989,2915,RI,202204,1763.27,0.0402,,East Providence,"Providence-Warwick, RI-MA",Providence County
58989,2915,RI,202205,1842.91,0.0452,,East Providence,"Providence-Warwick, RI-MA",Providence County
58989,2915,RI,202206,1874.01,0.0169,,East Providence,"Providence-Warwick, RI-MA",Providence County
58989,2915,RI,202207,1891.47,0.0093,,East Providence,"Providence-Warwick, RI-MA",Providence County
58989,2915,RI,202208,1858.54,-0.0174,,East Providence,"Providence-Warwick, RI-MA",Providence County
58989,2915,RI,202209,1840.63,-0.0096,,East Providence,"Providence-Warwick, RI-MA",Providence County
58989,2915,RI,202210,1773.22,-0.0366,,East Providence,"Providence-Warwick, RI-MA",Providence County
58989,2915,RI,202211,1704.75,-0.0386,,East Providence,"Providence-Warwick, RI-MA",Providence County
58989,2915,RI,202212,1666.78,-0.0223,,East Providence,"Providence-Warwick, RI-MA",Providence County
58989,2915,RI,202301,1707.35,0.0243,,East Providence,"Providence-Warwick, RI-MA",Providence County
58989,2915,RI,202302,1770.47,0.037,,East Providence,"Providence-Warwick, RI-MA",Providence County
58989,2915,RI,202303,1808.18,0.0213,0.0667,East Providence,"Providence-Warwick, RI-MA",Providence County
58989,2915,RI,202304,1826.75,0.0103,0.036,East Providence,"Providence-Warwick, RI-MA",Providence County
58989,2915,RI,202305,1875.08,0.0265,0.0175,East Providence,"Providence-Warwick, RI-MA",Providence County
58989,2915,RI,202306,1916.01,0.0218,0.0224,East Providence,"Providence-Warwick, RI-MA",Providence County
58989,2915,RI,202307,1941.22,0.0132,0.0263,East Providence,"Providence-Warwick, RI-MA",Providence County
58989,2915,RI,202308,1919.76,-0.0111,0.0329,East Providence,"Providence-Warwick, RI-MA",Providence County
58989,2915,RI,202309,1927.52,0.004,0.0472,East Providence,"Providence-Warwick, RI-MA",Providence County
58989,2915,RI,202310,1928.7,0.0006,0.0877,East Providence,"Providence-Warwick, RI-MA",Providence County
58989,2915,RI,202311,1892.42,-0.0188,0.1101,East Providence,"Providence-Warwick, RI-MA",Providence County
58989,2915,RI,202312,1875.26,-0.0091,0.1251,East Providence,"Providence-Warwick, RI-MA",Providence County
58989,2915,RI,202401,1827.13,-0.0257,0.0702,East Providence,"Providence-Warwick, RI-MA",Providence County
58989,2915,RI,202402,1865.33,0.0209,0.0536,East Providence,"Providence-Warwick, RI-MA",Providence County
58989,2915,RI,202403,1913.54,0.0258,0.0583,East Providence,"Providence-Warwick, RI-MA",Providence County
58989,2915,RI,202404,1950.4,0.0193,0.0677,East Providence,"Providence-Warwick, RI-MA",Providence County
58989,2915,RI,202405,1951.13,0.0004,0.0406,East Providence,"Providence-Warwick, RI-MA",Providence County
58989,2915,RI,202406,1962.06,0.0056,0.024,East Providence,"Providence-Warwick, RI-MA",Providence County
58989,2915,RI,202407,2024.74,0.0319,0.043,East Providence,"Providence-Warwick, RI-MA",Providence County
58989,2915,RI,202408,2015.42,-0.0046,0.0498,East Providence,"Providence-Warwick, RI-MA",Providence County
58989,2915,RI,202409,1959.32,-0.0278,0.0165,East Providence,"Providence-Warwick, RI-MA",Providence County
58989,2915,RI,202410,1926.29,-0.0169,-0.0012,East Providence,"Providence-Warwick, RI-MA",Providence County
58989,2915,RI,202411,1943.52,0.0089,0.027,East Providence,"Providence-Warwick, RI-MA",Providence County
58989,2915,RI,202412,1962.94,0.01,0.0468,East Providence,"Providence-Warwick, RI-MA",Providence County
58989,2915,RI,202501,1963.23,0.0002,0.0745,East Providence,"Providence-Warwick, RI-MA",Providence County
58989,2915,RI,202502,1969.56,0.0032,0.0559,East Providence,"Providence-Warwick, RI-MA",Providence County
58989,2915,RI,202503,1977.81,0.0042,0.0336,East Providence,"Providence-Warwick, RI-MA",Providence County
58989,2915,RI,202504,1981.5,0.0019,0.0159,East Providence,"Providence-Warwick, RI-MA",Providence County
58989,2915,RI,202505,2016.53,0.0177,0.0335,East Providence,"Providence-Warwick, RI-MA",Providence County
58989,2915,RI,202506,2041.63,0.0124,0.0406,East Providence,"Providence-Warwick, RI-MA",Providence County
58989,2915,RI,202507,2045.7,0.002,0.0104,East Providence,"Providence-Warwick, RI-MA",Providence County
58989,2915,RI,202508,2024.65,-0.0103,0.0046,East Providence,"Providence-Warwick, RI-MA",Providence County
58989,2915,RI,202509,2039.85,0.0075,0.0411,East Providence,"Providence-Warwick, RI-MA",Providence County
58989,2915,RI,202510,2042.81,0.0014,0.0605,East Providence,"Providence-Warwick, RI-MA",Providence County
58989,2915,RI,202511,2048.8,0.0029,0.0542,East Providence,"Providence-Warwick, RI-MA",Providence County
58989,2915,RI,202512,2039.04,-0.0048,0.0388,East Providence,"Providence-Warwick, RI-MA",Providence County
58989,2915,RI,202601,2056.03,0.0083,0.0473,East Providence,"Providence-Warwick, RI-MA",Providence County
58989,2915,RI,202602,2046.09,-0.0048,0.0389,East Providence,"Providence-Warwick, RI-MA",Providence County
58989,2915,RI,202603,2009.51,-0.0179,0.016,East Providence,"Providence-Warwick, RI-MA",Providence County
58989,2915,RI,202604,1983.12,-0.0131,0.0008,East Providence,"Providence-Warwick, RI-MA",Providence County
58989,2915,RI,202605,2011.5,0.0143,-0.0025,East Providence,"Providence-Warwick, RI-MA",Providence County
58989,2915,RI,202606,2069.53,0.0288,0.0137,East Providence,"Providence-Warwick, RI-MA",Providence County
58989,2915,RI,202607,2094.93,0.0123,0.0241,East Providence,"Providence-Warwick, RI-MA",Providence County
58989,2915,RI,202608,2113.52,0.0089,0.0439,East Providence,"Providence-Warwick, RI-MA",Providence County
58990,2916,RI,202608,2112.5,,,East Providence,"Providence-Warwick, RI-MA",Providence County
58991,2917,RI,202608,1825.0,,,Smithfield,"Providence-Warwick, RI-MA",Providence County
58993,2919,RI,202603,2058.22,,,Johnston,"Providence-Warwick, RI-MA",Providence County
58993,2919,RI,202604,2082.73,0.0119,,Johnston,"Providence-Warwick, RI-MA",Providence County
58993,2919,RI,202605,2143.24,0.0291,,Johnston,"Providence-Warwick, RI-MA",Providence County
58993,2919,RI,202606,2201.14,0.027,,Johnston,"Providence-Warwick, RI-MA",Providence County
58993,2919,RI,202607,2182.62,-0.0084,,Johnston,"Providence-Warwick, RI-MA",Providence County
58993,2919,RI,202608,2139.78,-0.0196,,Johnston,"Providence-Warwick, RI-MA",Providence County
58994,2920,RI,202503,1962.34,,,Cranston,"Providence-Warwick, RI-MA",Providence County
58994,2920,RI,202504,1926.43,-0.0183,,Cranston,"Providence-Warwick, RI-MA",Providence County
58994,2920,RI,202505,1970.19,0.0227,,Cranston,"Providence-Warwick, RI-MA",Providence County
58994,2920,RI,202506,2015.07,0.0228,,Cranston,"Providence-Warwick, RI-MA",Providence County
58994,2920,RI,202507,2080.21,0.0323,,Cranston,"Providence-Warwick, RI-MA",Providence County
58994,2920,RI,202508,2087.17,0.0033,,Cranston,"Providence-Warwick, RI-MA",Providence County
58994,2920,RI,202509,2075.96,-0.0054,,Cranston,"Providence-Warwick, RI-MA",Providence County
58994,2920,RI,202510,2096.81,0.01,,Cranston,"Providence-Warwick, RI-MA",Providence County
58994,2920,RI,202511,2057.36,-0.0188,,Cranston,"Providence-Warwick, RI-MA",Providence County
58994,2920,RI,202512,2054.09,-0.0016,,Cranston,"Providence-Warwick, RI-MA",Providence County
58994,2920,RI,202601,1968.38,-0.0417,,Cranston,"Providence-Warwick, RI-MA",Providence County
58994,2920,RI,202602,1999.71,0.0159,,Cranston,"Providence-Warwick, RI-MA",Providence County
58994,2920,RI,202603,1993.41,-0.0032,0.0158,Cranston,"Providence-Warwick, RI-MA",Providence County
58994,2920,RI,202604,2075.87,0.0414,0.0776,Cranston,"Providence-Warwick, RI-MA",Providence County
58994,2920,RI,202605,2098.25,0.0108,0.065,Cranston,"Providence-Warwick, RI-MA",Providence County
58994,2920,RI,202606,2146.62,0.0231,0.0653,Cranston,"Providence-Warwick, RI-MA",Providence County
58994,2920,RI,202607,2131.33,-0.0071,0.0246,Cranston,"Providence-Warwick, RI-MA",Providence County
58994,2920,RI,202608,2131.31,-0.0,0.0211,Cranston,"Providence-Warwick, RI-MA",Providence County
58995,2921,RI,202608,2618.33,,,Cranston,"Providence-Warwick, RI-MA",Providence County
