RegionID,RegionName,State,month_date_yyyymm,zori,zori_mm,zori_yy,City,Metro,CountyName
70259,29016,SC,202603,1864.93,,,Blythewood,"Columbia, SC",Richland County
70259,29016,SC,202604,1817.8,-0.0253,,Blythewood,"Columbia, SC",Richland County
70259,29016,SC,202605,1817.59,-0.0001,,Blythewood,"Columbia, SC",Richland County
70259,29016,SC,202606,1824.71,0.0039,,Blythewood,"Columbia, SC",Richland County
70259,29016,SC,202607,1903.66,0.0433,,Blythewood,"Columbia, SC",Richland County
70259,29016,SC,202608,1952.75,0.0258,,Blythewood,"Columbia, SC",Richland County
70261,29020,SC,202606,1714.47,,,Camden,"Columbia, SC",Kershaw County
70261,29020,SC,202607,1768.94,0.0318,,Camden,"Columbia, SC",Kershaw County
70261,29020,SC,202608,1782.06,0.0074,,Camden,"Columbia, SC",Kershaw County
70265,29033,SC,202410,1468.63,,,Cayce,"Columbia, SC",Lexington County
70265,29033,SC,202411,1493.15,0.0167,,Cayce,"Columbia, SC",Lexington County
70265,29033,SC,202412,1490.94,-0.0015,,Cayce,"Columbia, SC",Lexington County
70265,29033,SC,202502,1526.06,0.0236,,Cayce,"Columbia, SC",Lexington County
70265,29033,SC,202503,1540.26,0.0093,,Cayce,"Columbia, SC",Lexington County
70265,29033,SC,202504,1521.68,-0.0121,,Cayce,"Columbia, SC",Lexington County
70265,29033,SC,202505,1564.12,0.0279,,Cayce,"Columbia, SC",Lexington County
70265,29033,SC,202506,1560.15,-0.0025,,Cayce,"Columbia, SC",Lexington County
70265,29033,SC,202507,1540.17,-0.0128,,Cayce,"Columbia, SC",Lexington County
70265,29033,SC,202508,1525.57,-0.0095,,Cayce,"Columbia, SC",Lexington County
70265,29033,SC,202509,1504.89,-0.0136,,Cayce,"Columbia, SC",Lexington County
70265,29033,SC,202510,1527.29,0.0149,,Cayce,"Columbia, SC",Lexington County
70265,29033,SC,202511,1513.17,-0.0092,0.0303,Cayce,"Columbia, SC",Lexington County
70265,29033,SC,202512,1552.44,0.0259,0.0397,Cayce,"Columbia, SC",Lexington County
70265,29033,SC,202601,1547.23,-0.0034,0.0378,Cayce,"Columbia, SC",Lexington County
70265,29033,SC,202602,1546.95,-0.0002,0.0137,Cayce,"Columbia, SC",Lexington County
70265,29033,SC,202603,1551.36,0.0028,0.0072,Cayce,"Columbia, SC",Lexington County
70265,29033,SC,202604,1568.73,0.0112,0.0309,Cayce,"Columbia, SC",Lexington County
70265,29033,SC,202605,1565.28,-0.0022,0.0007,Cayce,"Columbia, SC",Lexington County
70265,29033,SC,202606,1538.39,-0.0172,-0.0139,Cayce,"Columbia, SC",Lexington County
70265,29033,SC,202607,1478.84,-0.0387,-0.0398,Cayce,"Columbia, SC",Lexington County
70265,29033,SC,202608,1413.16,-0.0444,-0.0737,Cayce,"Columbia, SC",Lexington County
70266,29036,SC,202601,2222.9,,,Chapin,"Columbia, SC",Lexington County
70266,29036,SC,202602,2290.35,0.0303,,Chapin,"Columbia, SC",Lexington County
70266,29036,SC,202603,2209.47,-0.0353,,Chapin,"Columbia, SC",Lexington County
70266,29036,SC,202604,2191.26,-0.0082,,Chapin,"Columbia, SC",Lexington County
70266,29036,SC,202605,2211.01,0.009,,Chapin,"Columbia, SC",Lexington County
70266,29036,SC,202606,2202.25,-0.004,,Chapin,"Columbia, SC",Lexington County
70266,29036,SC,202607,2212.2,0.0045,,Chapin,"Columbia, SC",Lexington County
70266,29036,SC,202608,2216.83,0.0021,,Chapin,"Columbia, SC",Lexington County
70274,29045,SC,202401,1680.15,,,Elgin,"Columbia, SC",Kershaw County
70274,29045,SC,202402,1685.77,0.0033,,Elgin,"Columbia, SC",Kershaw County
70274,29045,SC,202403,1700.3,0.0086,,Elgin,"Columbia, SC",Kershaw County
70274,29045,SC,202404,1736.71,0.0214,,Elgin,"Columbia, SC",Kershaw County
70274,29045,SC,202405,1736.75,0.0,,Elgin,"Columbia, SC",Kershaw County
70274,29045,SC,202406,1746.95,0.0059,,Elgin,"Columbia, SC",Kershaw County
70274,29045,SC,202407,1737.02,-0.0057,,Elgin,"Columbia, SC",Kershaw County
70274,29045,SC,202408,1738.79,0.001,,Elgin,"Columbia, SC",Kershaw County
70274,29045,SC,202409,1705.83,-0.019,,Elgin,"Columbia, SC",Kershaw County
70274,29045,SC,202410,1696.93,-0.0052,,Elgin,"Columbia, SC",Kershaw County
70274,29045,SC,202411,1654.42,-0.0251,,Elgin,"Columbia, SC",Kershaw County
70274,29045,SC,202412,1645.42,-0.0054,,Elgin,"Columbia, SC",Kershaw County
70274,29045,SC,202501,1647.89,0.0015,-0.0192,Elgin,"Columbia, SC",Kershaw County
70274,29045,SC,202502,1695.14,0.0287,0.0056,Elgin,"Columbia, SC",Kershaw County
70274,29045,SC,202503,1775.44,0.0474,0.0442,Elgin,"Columbia, SC",Kershaw County
70274,29045,SC,202504,1822.09,0.0263,0.0492,Elgin,"Columbia, SC",Kershaw County
70274,29045,SC,202505,1834.35,0.0067,0.0562,Elgin,"Columbia, SC",Kershaw County
70274,29045,SC,202506,1820.39,-0.0076,0.042,Elgin,"Columbia, SC",Kershaw County
70274,29045,SC,202507,1813.96,-0.0035,0.0443,Elgin,"Columbia, SC",Kershaw County
70274,29045,SC,202508,1816.58,0.0014,0.0447,Elgin,"Columbia, SC",Kershaw County
70274,29045,SC,202509,1814.19,-0.0013,0.0635,Elgin,"Columbia, SC",Kershaw County
70274,29045,SC,202510,1802.1,-0.0067,0.062,Elgin,"Columbia, SC",Kershaw County
70274,29045,SC,202511,1800.69,-0.0008,0.0884,Elgin,"Columbia, SC",Kershaw County
70274,29045,SC,202512,1776.56,-0.0134,0.0797,Elgin,"Columbia, SC",Kershaw County
70274,29045,SC,202601,1786.23,0.0054,0.0839,Elgin,"Columbia, SC",Kershaw County
70274,29045,SC,202602,1794.27,0.0045,0.0585,Elgin,"Columbia, SC",Kershaw County
70274,29045,SC,202603,1819.05,0.0138,0.0246,Elgin,"Columbia, SC",Kershaw County
70274,29045,SC,202604,1831.16,0.0067,0.005,Elgin,"Columbia, SC",Kershaw County
70274,29045,SC,202605,1833.35,0.0012,-0.0005,Elgin,"Columbia, SC",Kershaw County
70274,29045,SC,202606,1835.11,0.001,0.0081,Elgin,"Columbia, SC",Kershaw County
70274,29045,SC,202607,1821.41,-0.0075,0.0041,Elgin,"Columbia, SC",Kershaw County
70274,29045,SC,202608,1822.48,0.0006,0.0032,Elgin,"Columbia, SC",Kershaw County
70286,29061,SC,202601,1511.64,,,Hopkins,"Columbia, SC",Richland County
70286,29061,SC,202602,1582.25,0.0467,,Hopkins,"Columbia, SC",Richland County
70286,29061,SC,202603,1595.9,0.0086,,Hopkins,"Columbia, SC",Richland County
70286,29061,SC,202604,1592.6,-0.0021,,Hopkins,"Columbia, SC",Richland County
70286,29061,SC,202605,1539.46,-0.0334,,Hopkins,"Columbia, SC",Richland County
70286,29061,SC,202606,1534.54,-0.0032,,Hopkins,"Columbia, SC",Richland County
70286,29061,SC,202607,1603.32,0.0448,,Hopkins,"Columbia, SC",Richland County
70286,29061,SC,202608,1610.33,0.0044,,Hopkins,"Columbia, SC",Richland County
70288,29063,SC,201605,1092.95,,,Irmo,"Columbia, SC",Richland County
70288,29063,SC,201606,1104.24,0.0103,,Irmo,"Columbia, SC",Richland County
70288,29063,SC,201607,1119.98,0.0143,,Irmo,"Columbia, SC",Richland County
70288,29063,SC,201608,1112.77,-0.0064,,Irmo,"Columbia, SC",Richland County
70288,29063,SC,201609,1107.3,-0.0049,,Irmo,"Columbia, SC",Richland County
70288,29063,SC,201610,1109.1,0.0016,,Irmo,"Columbia, SC",Richland County
70288,29063,SC,201611,1126.83,0.016,,Irmo,"Columbia, SC",Richland County
70288,29063,SC,201612,1120.5,-0.0056,,Irmo,"Columbia, SC",Richland County
70288,29063,SC,201701,1114.93,-0.005,,Irmo,"Columbia, SC",Richland County
70288,29063,SC,201702,1119.25,0.0039,,Irmo,"Columbia, SC",Richland County
70288,29063,SC,201703,1128.56,0.0083,,Irmo,"Columbia, SC",Richland County
70288,29063,SC,201704,1132.69,0.0037,,Irmo,"Columbia, SC",Richland County
70288,29063,SC,201705,1129.46,-0.0028,0.0334,Irmo,"Columbia, SC",Richland County
70288,29063,SC,201706,1136.12,0.0059,0.0289,Irmo,"Columbia, SC",Richland County
70288,29063,SC,201707,1142.96,0.006,0.0205,Irmo,"Columbia, SC",Richland County
70288,29063,SC,201708,1142.94,-0.0,0.0271,Irmo,"Columbia, SC",Richland County
70288,29063,SC,201709,1134.31,-0.0075,0.0244,Irmo,"Columbia, SC",Richland County
70288,29063,SC,201710,1138.49,0.0037,0.0265,Irmo,"Columbia, SC",Richland County
70288,29063,SC,201711,1137.82,-0.0006,0.0098,Irmo,"Columbia, SC",Richland County
70288,29063,SC,201712,1133.07,-0.0042,0.0112,Irmo,"Columbia, SC",Richland County
70288,29063,SC,201801,1119.39,-0.0121,0.004,Irmo,"Columbia, SC",Richland County
70288,29063,SC,201802,1114.39,-0.0045,-0.0043,Irmo,"Columbia, SC",Richland County
70288,29063,SC,201803,1124.22,0.0088,-0.0039,Irmo,"Columbia, SC",Richland County
70288,29063,SC,201804,1142.91,0.0166,0.009,Irmo,"Columbia, SC",Richland County
70288,29063,SC,201805,1153.14,0.009,0.021,Irmo,"Columbia, SC",Richland County
70288,29063,SC,201806,1163.03,0.0086,0.0237,Irmo,"Columbia, SC",Richland County
70288,29063,SC,201807,1154.69,-0.0072,0.0103,Irmo,"Columbia, SC",Richland County
70288,29063,SC,201808,1162.58,0.0068,0.0172,Irmo,"Columbia, SC",Richland County
70288,29063,SC,201809,1161.97,-0.0005,0.0244,Irmo,"Columbia, SC",Richland County
70288,29063,SC,201810,1181.62,0.0169,0.0379,Irmo,"Columbia, SC",Richland County
70288,29063,SC,201811,1179.09,-0.0021,0.0363,Irmo,"Columbia, SC",Richland County
70288,29063,SC,201812,1190.91,0.01,0.0511,Irmo,"Columbia, SC",Richland County
70288,29063,SC,201901,1181.28,-0.0081,0.0553,Irmo,"Columbia, SC",Richland County
70288,29063,SC,201902,1187.2,0.005,0.0653,Irmo,"Columbia, SC",Richland County
70288,29063,SC,201903,1195.3,0.0068,0.0632,Irmo,"Columbia, SC",Richland County
70288,29063,SC,201904,1205.15,0.0082,0.0545,Irmo,"Columbia, SC",Richland County
70288,29063,SC,201905,1220.18,0.0125,0.0581,Irmo,"Columbia, SC",Richland County
70288,29063,SC,201906,1210.3,-0.0081,0.0406,Irmo,"Columbia, SC",Richland County
70288,29063,SC,201907,1211.81,0.0012,0.0495,Irmo,"Columbia, SC",Richland County
70288,29063,SC,201908,1201.43,-0.0086,0.0334,Irmo,"Columbia, SC",Richland County
70288,29063,SC,201909,1208.86,0.0062,0.0404,Irmo,"Columbia, SC",Richland County
70288,29063,SC,201910,1206.13,-0.0023,0.0207,Irmo,"Columbia, SC",Richland County
70288,29063,SC,201911,1207.89,0.0015,0.0244,Irmo,"Columbia, SC",Richland County
70288,29063,SC,201912,1200.17,-0.0064,0.0078,Irmo,"Columbia, SC",Richland County
70288,29063,SC,202001,1208.3,0.0068,0.0229,Irmo,"Columbia, SC",Richland County
70288,29063,SC,202002,1232.96,0.0204,0.0386,Irmo,"Columbia, SC",Richland County
70288,29063,SC,202003,1251.54,0.0151,0.0471,Irmo,"Columbia, SC",Richland County
70288,29063,SC,202004,1251.75,0.0002,0.0387,Irmo,"Columbia, SC",Richland County
70288,29063,SC,202005,1227.75,-0.0192,0.0062,Irmo,"Columbia, SC",Richland County
70288,29063,SC,202006,1224.9,-0.0023,0.0121,Irmo,"Columbia, SC",Richland County
70288,29063,SC,202007,1234.79,0.0081,0.019,Irmo,"Columbia, SC",Richland County
70288,29063,SC,202008,1252.65,0.0145,0.0426,Irmo,"Columbia, SC",Richland County
70288,29063,SC,202009,1273.89,0.017,0.0538,Irmo,"Columbia, SC",Richland County
70288,29063,SC,202010,1288.21,0.0112,0.0681,Irmo,"Columbia, SC",Richland County
70288,29063,SC,202011,1295.16,0.0054,0.0722,Irmo,"Columbia, SC",Richland County
70288,29063,SC,202012,1288.05,-0.0055,0.0732,Irmo,"Columbia, SC",Richland County
70288,29063,SC,202101,1297.94,0.0077,0.0742,Irmo,"Columbia, SC",Richland County
70288,29063,SC,202102,1313.17,0.0117,0.065,Irmo,"Columbia, SC",Richland County
70288,29063,SC,202103,1335.34,0.0169,0.067,Irmo,"Columbia, SC",Richland County
70288,29063,SC,202104,1343.14,0.0058,0.073,Irmo,"Columbia, SC",Richland County
70288,29063,SC,202105,1356.8,0.0102,0.1051,Irmo,"Columbia, SC",Richland County
70288,29063,SC,202106,1395.88,0.0288,0.1396,Irmo,"Columbia, SC",Richland County
70288,29063,SC,202107,1441.09,0.0324,0.1671,Irmo,"Columbia, SC",Richland County
70288,29063,SC,202108,1471.64,0.0212,0.1748,Irmo,"Columbia, SC",Richland County
70288,29063,SC,202109,1469.77,-0.0013,0.1538,Irmo,"Columbia, SC",Richland County
70288,29063,SC,202110,1465.73,-0.0027,0.1378,Irmo,"Columbia, SC",Richland County
70288,29063,SC,202111,1462.84,-0.002,0.1295,Irmo,"Columbia, SC",Richland County
70288,29063,SC,202112,1440.71,-0.0151,0.1185,Irmo,"Columbia, SC",Richland County
70288,29063,SC,202201,1438.47,-0.0016,0.1083,Irmo,"Columbia, SC",Richland County
70288,29063,SC,202202,1452.62,0.0098,0.1062,Irmo,"Columbia, SC",Richland County
70288,29063,SC,202203,1485.33,0.0225,0.1123,Irmo,"Columbia, SC",Richland County
70288,29063,SC,202204,1497.29,0.0081,0.1148,Irmo,"Columbia, SC",Richland County
70288,29063,SC,202205,1513.86,0.0111,0.1158,Irmo,"Columbia, SC",Richland County
70288,29063,SC,202206,1551.27,0.0247,0.1113,Irmo,"Columbia, SC",Richland County
70288,29063,SC,202207,1587.62,0.0234,0.1017,Irmo,"Columbia, SC",Richland County
70288,29063,SC,202208,1598.31,0.0067,0.0861,Irmo,"Columbia, SC",Richland County
70288,29063,SC,202209,1588.41,-0.0062,0.0807,Irmo,"Columbia, SC",Richland County
70288,29063,SC,202210,1574.37,-0.0088,0.0741,Irmo,"Columbia, SC",Richland County
70288,29063,SC,202211,1576.54,0.0014,0.0777,Irmo,"Columbia, SC",Richland County
70288,29063,SC,202212,1570.82,-0.0036,0.0903,Irmo,"Columbia, SC",Richland County
70288,29063,SC,202301,1574.98,0.0026,0.0949,Irmo,"Columbia, SC",Richland County
70288,29063,SC,202302,1582.53,0.0048,0.0894,Irmo,"Columbia, SC",Richland County
70288,29063,SC,202303,1600.92,0.0116,0.0778,Irmo,"Columbia, SC",Richland County
70288,29063,SC,202304,1604.13,0.002,0.0714,Irmo,"Columbia, SC",Richland County
70288,29063,SC,202305,1606.21,0.0013,0.061,Irmo,"Columbia, SC",Richland County
70288,29063,SC,202306,1598.75,-0.0046,0.0306,Irmo,"Columbia, SC",Richland County
70288,29063,SC,202307,1615.44,0.0104,0.0175,Irmo,"Columbia, SC",Richland County
70288,29063,SC,202308,1619.0,0.0022,0.0129,Irmo,"Columbia, SC",Richland County
70288,29063,SC,202309,1624.28,0.0033,0.0226,Irmo,"Columbia, SC",Richland County
70288,29063,SC,202310,1617.49,-0.0042,0.0274,Irmo,"Columbia, SC",Richland County
70288,29063,SC,202311,1608.53,-0.0055,0.0203,Irmo,"Columbia, SC",Richland County
70288,29063,SC,202312,1601.22,-0.0045,0.0194,Irmo,"Columbia, SC",Richland County
70288,29063,SC,202401,1605.34,0.0026,0.0193,Irmo,"Columbia, SC",Richland County
70288,29063,SC,202402,1623.37,0.0112,0.0258,Irmo,"Columbia, SC",Richland County
70288,29063,SC,202403,1651.48,0.0173,0.0316,Irmo,"Columbia, SC",Richland County
70288,29063,SC,202404,1672.34,0.0126,0.0425,Irmo,"Columbia, SC",Richland County
70288,29063,SC,202405,1662.05,-0.0062,0.0348,Irmo,"Columbia, SC",Richland County
70288,29063,SC,202406,1659.42,-0.0016,0.038,Irmo,"Columbia, SC",Richland County
70288,29063,SC,202407,1666.48,0.0043,0.0316,Irmo,"Columbia, SC",Richland County
70288,29063,SC,202408,1694.13,0.0166,0.0464,Irmo,"Columbia, SC",Richland County
70288,29063,SC,202409,1700.47,0.0037,0.0469,Irmo,"Columbia, SC",Richland County
70288,29063,SC,202410,1700.97,0.0003,0.0516,Irmo,"Columbia, SC",Richland County
70288,29063,SC,202411,1681.93,-0.0112,0.0456,Irmo,"Columbia, SC",Richland County
70288,29063,SC,202412,1677.13,-0.0029,0.0474,Irmo,"Columbia, SC",Richland County
70288,29063,SC,202501,1668.0,-0.0054,0.039,Irmo,"Columbia, SC",Richland County
70288,29063,SC,202502,1696.98,0.0174,0.0453,Irmo,"Columbia, SC",Richland County
70288,29063,SC,202503,1707.86,0.0064,0.0341,Irmo,"Columbia, SC",Richland County
70288,29063,SC,202504,1732.9,0.0147,0.0362,Irmo,"Columbia, SC",Richland County
70288,29063,SC,202505,1746.58,0.0079,0.0509,Irmo,"Columbia, SC",Richland County
70288,29063,SC,202506,1777.89,0.0179,0.0714,Irmo,"Columbia, SC",Richland County
70288,29063,SC,202507,1786.84,0.005,0.0722,Irmo,"Columbia, SC",Richland County
70288,29063,SC,202508,1790.5,0.002,0.0569,Irmo,"Columbia, SC",Richland County
70288,29063,SC,202509,1767.5,-0.0128,0.0394,Irmo,"Columbia, SC",Richland County
70288,29063,SC,202510,1770.78,0.0019,0.041,Irmo,"Columbia, SC",Richland County
70288,29063,SC,202511,1765.59,-0.0029,0.0497,Irmo,"Columbia, SC",Richland County
70288,29063,SC,202512,1772.93,0.0042,0.0571,Irmo,"Columbia, SC",Richland County
70288,29063,SC,202601,1755.95,-0.0096,0.0527,Irmo,"Columbia, SC",Richland County
70288,29063,SC,202602,1739.33,-0.0095,0.025,Irmo,"Columbia, SC",Richland County
70288,29063,SC,202603,1724.07,-0.0088,0.0095,Irmo,"Columbia, SC",Richland County
70288,29063,SC,202604,1721.17,-0.0017,-0.0068,Irmo,"Columbia, SC",Richland County
70288,29063,SC,202605,1762.65,0.0241,0.0092,Irmo,"Columbia, SC",Richland County
70288,29063,SC,202606,1790.59,0.0159,0.0071,Irmo,"Columbia, SC",Richland County
70288,29063,SC,202607,1814.87,0.0136,0.0157,Irmo,"Columbia, SC",Richland County
70288,29063,SC,202608,1794.99,-0.011,0.0025,Irmo,"Columbia, SC",Richland County
70294,29072,SC,201501,971.77,,,Lexington,"Columbia, SC",Lexington County
70294,29072,SC,201502,932.39,-0.0405,,Lexington,"Columbia, SC",Lexington County
70294,29072,SC,201503,921.57,-0.0116,,Lexington,"Columbia, SC",Lexington County
70294,29072,SC,201504,924.42,0.0031,,Lexington,"Columbia, SC",Lexington County
70294,29072,SC,201505,939.97,0.0168,,Lexington,"Columbia, SC",Lexington County
70294,29072,SC,201506,944.22,0.0045,,Lexington,"Columbia, SC",Lexington County
70294,29072,SC,201507,955.4,0.0118,,Lexington,"Columbia, SC",Lexington County
70294,29072,SC,201508,955.62,0.0002,,Lexington,"Columbia, SC",Lexington County
70294,29072,SC,201509,961.19,0.0058,,Lexington,"Columbia, SC",Lexington County
70294,29072,SC,201510,974.84,0.0142,,Lexington,"Columbia, SC",Lexington County
70294,29072,SC,201511,977.57,0.0028,,Lexington,"Columbia, SC",Lexington County
70294,29072,SC,201512,974.06,-0.0036,,Lexington,"Columbia, SC",Lexington County
70294,29072,SC,201601,960.72,-0.0137,-0.0114,Lexington,"Columbia, SC",Lexington County
70294,29072,SC,201602,949.49,-0.0117,0.0183,Lexington,"Columbia, SC",Lexington County
70294,29072,SC,201603,959.24,0.0103,0.0409,Lexington,"Columbia, SC",Lexington County
70294,29072,SC,201604,982.15,0.0239,0.0624,Lexington,"Columbia, SC",Lexington County
70294,29072,SC,201606,1008.72,0.0271,0.0731,Lexington,"Columbia, SC",Lexington County
70294,29072,SC,201607,983.57,-0.0249,0.0417,Lexington,"Columbia, SC",Lexington County
70294,29072,SC,201608,979.68,-0.0039,0.0254,Lexington,"Columbia, SC",Lexington County
70294,29072,SC,201609,975.59,-0.0042,0.0209,Lexington,"Columbia, SC",Lexington County
70294,29072,SC,201610,979.18,0.0037,0.0187,Lexington,"Columbia, SC",Lexington County
70294,29072,SC,201611,980.01,0.0009,0.0053,Lexington,"Columbia, SC",Lexington County
70294,29072,SC,201612,964.85,-0.0155,-0.013,Lexington,"Columbia, SC",Lexington County
70294,29072,SC,201701,976.04,0.0116,0.002,Lexington,"Columbia, SC",Lexington County
70294,29072,SC,201702,986.17,0.0104,0.0265,Lexington,"Columbia, SC",Lexington County
70294,29072,SC,201703,1021.59,0.0359,0.0759,Lexington,"Columbia, SC",Lexington County
70294,29072,SC,201704,1020.73,-0.0008,0.0641,Lexington,"Columbia, SC",Lexington County
70294,29072,SC,201705,1022.33,0.0016,0.0409,Lexington,"Columbia, SC",Lexington County
70294,29072,SC,201706,1018.43,-0.0038,0.0096,Lexington,"Columbia, SC",Lexington County
70294,29072,SC,201707,1026.03,0.0075,0.0432,Lexington,"Columbia, SC",Lexington County
70294,29072,SC,201708,1019.84,-0.006,0.041,Lexington,"Columbia, SC",Lexington County
70294,29072,SC,201709,1031.84,0.0118,0.0577,Lexington,"Columbia, SC",Lexington County
70294,29072,SC,201710,1038.78,0.0067,0.0609,Lexington,"Columbia, SC",Lexington County
70294,29072,SC,201711,1047.3,0.0082,0.0687,Lexington,"Columbia, SC",Lexington County
70294,29072,SC,201712,1022.51,-0.0237,0.0598,Lexington,"Columbia, SC",Lexington County
70294,29072,SC,201801,1018.38,-0.004,0.0434,Lexington,"Columbia, SC",Lexington County
70294,29072,SC,201802,1024.12,0.0056,0.0385,Lexington,"Columbia, SC",Lexington County
70294,29072,SC,201803,1040.57,0.0161,0.0186,Lexington,"Columbia, SC",Lexington County
70294,29072,SC,201804,1042.81,0.0022,0.0216,Lexington,"Columbia, SC",Lexington County
70294,29072,SC,201805,1041.54,-0.0012,0.0188,Lexington,"Columbia, SC",Lexington County
70294,29072,SC,201806,1047.78,0.006,0.0288,Lexington,"Columbia, SC",Lexington County
70294,29072,SC,201807,1048.57,0.0008,0.022,Lexington,"Columbia, SC",Lexington County
70294,29072,SC,201808,1063.32,0.0141,0.0426,Lexington,"Columbia, SC",Lexington County
70294,29072,SC,201809,1076.35,0.0123,0.0431,Lexington,"Columbia, SC",Lexington County
70294,29072,SC,201810,1081.5,0.0048,0.0411,Lexington,"Columbia, SC",Lexington County
70294,29072,SC,201812,1076.73,-0.0044,0.0281,Lexington,"Columbia, SC",Lexington County
70294,29072,SC,201901,1080.64,0.0036,0.0568,Lexington,"Columbia, SC",Lexington County
70294,29072,SC,201902,1078.64,-0.0018,0.0592,Lexington,"Columbia, SC",Lexington County
70294,29072,SC,201903,1074.29,-0.004,0.049,Lexington,"Columbia, SC",Lexington County
70294,29072,SC,201904,1087.09,0.0119,0.0447,Lexington,"Columbia, SC",Lexington County
70294,29072,SC,201905,1090.23,0.0029,0.0455,Lexington,"Columbia, SC",Lexington County
70294,29072,SC,201906,1100.21,0.0092,0.0563,Lexington,"Columbia, SC",Lexington County
70294,29072,SC,201907,1097.37,-0.0026,0.0473,Lexington,"Columbia, SC",Lexington County
70294,29072,SC,201908,1113.09,0.0143,0.0615,Lexington,"Columbia, SC",Lexington County
70294,29072,SC,201909,1119.47,0.0057,0.0528,Lexington,"Columbia, SC",Lexington County
70294,29072,SC,201910,1121.4,0.0017,0.0419,Lexington,"Columbia, SC",Lexington County
70294,29072,SC,201911,1119.41,-0.0018,0.0351,Lexington,"Columbia, SC",Lexington County
70294,29072,SC,201912,1113.02,-0.0057,0.0337,Lexington,"Columbia, SC",Lexington County
70294,29072,SC,202001,1123.58,0.0095,0.0397,Lexington,"Columbia, SC",Lexington County
70294,29072,SC,202002,1141.05,0.0156,0.0579,Lexington,"Columbia, SC",Lexington County
70294,29072,SC,202003,1139.32,-0.0015,0.0605,Lexington,"Columbia, SC",Lexington County
70294,29072,SC,202004,1118.21,-0.0185,0.0286,Lexington,"Columbia, SC",Lexington County
70294,29072,SC,202005,1091.67,-0.0237,0.0013,Lexington,"Columbia, SC",Lexington County
70294,29072,SC,202006,1107.02,0.0141,0.0062,Lexington,"Columbia, SC",Lexington County
70294,29072,SC,202007,1130.61,0.0213,0.0303,Lexington,"Columbia, SC",Lexington County
70294,29072,SC,202008,1155.13,0.0217,0.0378,Lexington,"Columbia, SC",Lexington County
70294,29072,SC,202009,1171.27,0.014,0.0463,Lexington,"Columbia, SC",Lexington County
70294,29072,SC,202010,1200.08,0.0246,0.0702,Lexington,"Columbia, SC",Lexington County
70294,29072,SC,202011,1203.42,0.0028,0.0751,Lexington,"Columbia, SC",Lexington County
70294,29072,SC,202012,1211.41,0.0066,0.0884,Lexington,"Columbia, SC",Lexington County
70294,29072,SC,202101,1200.25,-0.0092,0.0682,Lexington,"Columbia, SC",Lexington County
70294,29072,SC,202102,1206.48,0.0052,0.0573,Lexington,"Columbia, SC",Lexington County
70294,29072,SC,202103,1199.55,-0.0057,0.0529,Lexington,"Columbia, SC",Lexington County
70294,29072,SC,202104,1213.43,0.0116,0.0852,Lexington,"Columbia, SC",Lexington County
70294,29072,SC,202105,1251.77,0.0316,0.1467,Lexington,"Columbia, SC",Lexington County
70294,29072,SC,202106,1290.63,0.031,0.1659,Lexington,"Columbia, SC",Lexington County
70294,29072,SC,202107,1320.9,0.0235,0.1683,Lexington,"Columbia, SC",Lexington County
70294,29072,SC,202108,1339.71,0.0142,0.1598,Lexington,"Columbia, SC",Lexington County
70294,29072,SC,202109,1354.46,0.011,0.1564,Lexington,"Columbia, SC",Lexington County
70294,29072,SC,202110,1377.12,0.0167,0.1475,Lexington,"Columbia, SC",Lexington County
70294,29072,SC,202111,1380.8,0.0027,0.1474,Lexington,"Columbia, SC",Lexington County
70294,29072,SC,202112,1372.71,-0.0059,0.1331,Lexington,"Columbia, SC",Lexington County
70294,29072,SC,202201,1364.55,-0.0059,0.1369,Lexington,"Columbia, SC",Lexington County
70294,29072,SC,202202,1356.95,-0.0056,0.1247,Lexington,"Columbia, SC",Lexington County
70294,29072,SC,202203,1366.8,0.0073,0.1394,Lexington,"Columbia, SC",Lexington County
70294,29072,SC,202204,1373.58,0.005,0.132,Lexington,"Columbia, SC",Lexington County
70294,29072,SC,202205,1401.57,0.0204,0.1197,Lexington,"Columbia, SC",Lexington County
70294,29072,SC,202206,1417.48,0.0114,0.0983,Lexington,"Columbia, SC",Lexington County
70294,29072,SC,202207,1430.66,0.0093,0.0831,Lexington,"Columbia, SC",Lexington County
70294,29072,SC,202208,1441.86,0.0078,0.0762,Lexington,"Columbia, SC",Lexington County
70294,29072,SC,202209,1452.61,0.0075,0.0725,Lexington,"Columbia, SC",Lexington County
70294,29072,SC,202210,1434.82,-0.0122,0.0419,Lexington,"Columbia, SC",Lexington County
70294,29072,SC,202211,1419.98,-0.0103,0.0284,Lexington,"Columbia, SC",Lexington County
70294,29072,SC,202212,1430.58,0.0075,0.0422,Lexington,"Columbia, SC",Lexington County
70294,29072,SC,202301,1465.39,0.0243,0.0739,Lexington,"Columbia, SC",Lexington County
70294,29072,SC,202302,1472.43,0.0048,0.0851,Lexington,"Columbia, SC",Lexington County
70294,29072,SC,202303,1482.94,0.0071,0.085,Lexington,"Columbia, SC",Lexington County
70294,29072,SC,202304,1493.55,0.0071,0.0873,Lexington,"Columbia, SC",Lexington County
70294,29072,SC,202305,1511.04,0.0117,0.0781,Lexington,"Columbia, SC",Lexington County
70294,29072,SC,202306,1504.69,-0.0042,0.0615,Lexington,"Columbia, SC",Lexington County
70294,29072,SC,202307,1496.24,-0.0056,0.0458,Lexington,"Columbia, SC",Lexington County
70294,29072,SC,202308,1501.88,0.0038,0.0416,Lexington,"Columbia, SC",Lexington County
70294,29072,SC,202309,1515.46,0.009,0.0433,Lexington,"Columbia, SC",Lexington County
70294,29072,SC,202310,1532.14,0.011,0.0678,Lexington,"Columbia, SC",Lexington County
70294,29072,SC,202311,1528.08,-0.0027,0.0761,Lexington,"Columbia, SC",Lexington County
70294,29072,SC,202312,1516.33,-0.0077,0.0599,Lexington,"Columbia, SC",Lexington County
70294,29072,SC,202401,1506.12,-0.0067,0.0278,Lexington,"Columbia, SC",Lexington County
70294,29072,SC,202402,1501.88,-0.0028,0.02,Lexington,"Columbia, SC",Lexington County
70294,29072,SC,202403,1506.2,0.0029,0.0157,Lexington,"Columbia, SC",Lexington County
70294,29072,SC,202404,1513.24,0.0047,0.0132,Lexington,"Columbia, SC",Lexington County
70294,29072,SC,202405,1532.7,0.0129,0.0143,Lexington,"Columbia, SC",Lexington County
70294,29072,SC,202406,1532.19,-0.0003,0.0183,Lexington,"Columbia, SC",Lexington County
70294,29072,SC,202407,1512.82,-0.0126,0.0111,Lexington,"Columbia, SC",Lexington County
70294,29072,SC,202408,1527.98,0.01,0.0174,Lexington,"Columbia, SC",Lexington County
70294,29072,SC,202409,1565.71,0.0247,0.0332,Lexington,"Columbia, SC",Lexington County
70294,29072,SC,202410,1600.45,0.0222,0.0446,Lexington,"Columbia, SC",Lexington County
70294,29072,SC,202411,1589.62,-0.0068,0.0403,Lexington,"Columbia, SC",Lexington County
70294,29072,SC,202412,1616.14,0.0167,0.0658,Lexington,"Columbia, SC",Lexington County
70294,29072,SC,202501,1612.68,-0.0021,0.0707,Lexington,"Columbia, SC",Lexington County
70294,29072,SC,202502,1631.13,0.0114,0.0861,Lexington,"Columbia, SC",Lexington County
70294,29072,SC,202503,1597.87,-0.0204,0.0609,Lexington,"Columbia, SC",Lexington County
70294,29072,SC,202504,1617.38,0.0122,0.0688,Lexington,"Columbia, SC",Lexington County
70294,29072,SC,202505,1620.82,0.0021,0.0575,Lexington,"Columbia, SC",Lexington County
70294,29072,SC,202506,1624.6,0.0023,0.0603,Lexington,"Columbia, SC",Lexington County
70294,29072,SC,202507,1673.77,0.0303,0.1064,Lexington,"Columbia, SC",Lexington County
70294,29072,SC,202508,1682.69,0.0053,0.1013,Lexington,"Columbia, SC",Lexington County
70294,29072,SC,202509,1686.41,0.0022,0.0771,Lexington,"Columbia, SC",Lexington County
70294,29072,SC,202510,1648.7,-0.0224,0.0301,Lexington,"Columbia, SC",Lexington County
70294,29072,SC,202511,1668.15,0.0118,0.0494,Lexington,"Columbia, SC",Lexington County
70294,29072,SC,202512,1672.39,0.0025,0.0348,Lexington,"Columbia, SC",Lexington County
70294,29072,SC,202601,1669.59,-0.0017,0.0353,Lexington,"Columbia, SC",Lexington County
70294,29072,SC,202602,1639.02,-0.0183,0.0048,Lexington,"Columbia, SC",Lexington County
70294,29072,SC,202603,1642.33,0.002,0.0278,Lexington,"Columbia, SC",Lexington County
70294,29072,SC,202604,1645.14,0.0017,0.0172,Lexington,"Columbia, SC",Lexington County
70294,29072,SC,202605,1656.52,0.0069,0.022,Lexington,"Columbia, SC",Lexington County
70294,29072,SC,202606,1668.51,0.0072,0.027,Lexington,"Columbia, SC",Lexington County
70294,29072,SC,202607,1667.85,-0.0004,-0.0035,Lexington,"Columbia, SC",Lexington County
70294,29072,SC,202608,1690.16,0.0134,0.0044,Lexington,"Columbia, SC",Lexington County
70295,29073,SC,202003,1252.17,,,Lexington,"Columbia, SC",Lexington County
70295,29073,SC,202005,1275.99,0.019,,Lexington,"Columbia, SC",Lexington County
70295,29073,SC,202006,1299.05,0.0181,,Lexington,"Columbia, SC",Lexington County
70295,29073,SC,202007,1305.19,0.0047,,Lexington,"Columbia, SC",Lexington County
70295,29073,SC,202008,1307.07,0.0014,,Lexington,"Columbia, SC",Lexington County
70295,29073,SC,202009,1312.62,0.0042,,Lexington,"Columbia, SC",Lexington County
70295,29073,SC,202010,1317.52,0.0037,,Lexington,"Columbia, SC",Lexington County
70295,29073,SC,202011,1329.87,0.0094,,Lexington,"Columbia, SC",Lexington County
70295,29073,SC,202012,1320.79,-0.0068,,Lexington,"Columbia, SC",Lexington County
70295,29073,SC,202101,1331.34,0.008,,Lexington,"Columbia, SC",Lexington County
70295,29073,SC,202102,1335.27,0.003,,Lexington,"Columbia, SC",Lexington County
70295,29073,SC,202103,1368.44,0.0248,,Lexington,"Columbia, SC",Lexington County
70295,29073,SC,202104,1388.89,0.0149,0.1092,Lexington,"Columbia, SC",Lexington County
70295,29073,SC,202105,1400.2,0.0081,0.0973,Lexington,"Columbia, SC",Lexington County
70295,29073,SC,202106,1397.7,-0.0018,0.0759,Lexington,"Columbia, SC",Lexington County
70295,29073,SC,202107,1408.03,0.0074,0.0788,Lexington,"Columbia, SC",Lexington County
70295,29073,SC,202108,1428.61,0.0146,0.093,Lexington,"Columbia, SC",Lexington County
70295,29073,SC,202109,1472.31,0.0306,0.1217,Lexington,"Columbia, SC",Lexington County
70295,29073,SC,202110,1482.68,0.007,0.1254,Lexington,"Columbia, SC",Lexington County
70295,29073,SC,202111,1484.95,0.0015,0.1166,Lexington,"Columbia, SC",Lexington County
70295,29073,SC,202112,1486.81,0.0012,0.1257,Lexington,"Columbia, SC",Lexington County
70295,29073,SC,202201,1494.64,0.0053,0.1227,Lexington,"Columbia, SC",Lexington County
70295,29073,SC,202202,1530.47,0.024,0.1462,Lexington,"Columbia, SC",Lexington County
70295,29073,SC,202203,1528.53,-0.0013,0.117,Lexington,"Columbia, SC",Lexington County
70295,29073,SC,202204,1547.83,0.0126,0.1144,Lexington,"Columbia, SC",Lexington County
70295,29073,SC,202205,1545.58,-0.0015,0.1038,Lexington,"Columbia, SC",Lexington County
70295,29073,SC,202206,1558.51,0.0084,0.1151,Lexington,"Columbia, SC",Lexington County
70295,29073,SC,202207,1587.19,0.0184,0.1272,Lexington,"Columbia, SC",Lexington County
70295,29073,SC,202208,1589.34,0.0014,0.1125,Lexington,"Columbia, SC",Lexington County
70295,29073,SC,202209,1593.08,0.0024,0.082,Lexington,"Columbia, SC",Lexington County
70295,29073,SC,202210,1597.38,0.0027,0.0774,Lexington,"Columbia, SC",Lexington County
70295,29073,SC,202211,1633.46,0.0226,0.1,Lexington,"Columbia, SC",Lexington County
70295,29073,SC,202212,1659.7,0.0161,0.1163,Lexington,"Columbia, SC",Lexington County
70295,29073,SC,202301,1662.34,0.0016,0.1122,Lexington,"Columbia, SC",Lexington County
70295,29073,SC,202302,1643.7,-0.0112,0.074,Lexington,"Columbia, SC",Lexington County
70295,29073,SC,202303,1635.16,-0.0052,0.0698,Lexington,"Columbia, SC",Lexington County
70295,29073,SC,202304,1652.49,0.0106,0.0676,Lexington,"Columbia, SC",Lexington County
70295,29073,SC,202305,1675.56,0.014,0.0841,Lexington,"Columbia, SC",Lexington County
70295,29073,SC,202306,1683.26,0.0046,0.08,Lexington,"Columbia, SC",Lexington County
70295,29073,SC,202307,1681.92,-0.0008,0.0597,Lexington,"Columbia, SC",Lexington County
70295,29073,SC,202308,1692.68,0.0064,0.065,Lexington,"Columbia, SC",Lexington County
70295,29073,SC,202309,1704.04,0.0067,0.0697,Lexington,"Columbia, SC",Lexington County
70295,29073,SC,202310,1703.94,-0.0001,0.0667,Lexington,"Columbia, SC",Lexington County
70295,29073,SC,202311,1690.68,-0.0078,0.035,Lexington,"Columbia, SC",Lexington County
70295,29073,SC,202312,1687.51,-0.0019,0.0168,Lexington,"Columbia, SC",Lexington County
70295,29073,SC,202401,1707.62,0.0119,0.0272,Lexington,"Columbia, SC",Lexington County
70295,29073,SC,202402,1714.75,0.0042,0.0432,Lexington,"Columbia, SC",Lexington County
70295,29073,SC,202403,1732.41,0.0103,0.0595,Lexington,"Columbia, SC",Lexington County
70295,29073,SC,202404,1728.03,-0.0025,0.0457,Lexington,"Columbia, SC",Lexington County
70295,29073,SC,202405,1748.84,0.012,0.0437,Lexington,"Columbia, SC",Lexington County
70295,29073,SC,202406,1769.19,0.0116,0.051,Lexington,"Columbia, SC",Lexington County
70295,29073,SC,202407,1786.79,0.0099,0.0623,Lexington,"Columbia, SC",Lexington County
70295,29073,SC,202408,1778.76,-0.0045,0.0509,Lexington,"Columbia, SC",Lexington County
70295,29073,SC,202409,1776.36,-0.0013,0.0424,Lexington,"Columbia, SC",Lexington County
70295,29073,SC,202410,1787.98,0.0065,0.0493,Lexington,"Columbia, SC",Lexington County
70295,29073,SC,202411,1798.27,0.0058,0.0636,Lexington,"Columbia, SC",Lexington County
70295,29073,SC,202412,1801.14,0.0016,0.0673,Lexington,"Columbia, SC",Lexington County
70295,29073,SC,202501,1795.83,-0.0029,0.0517,Lexington,"Columbia, SC",Lexington County
70295,29073,SC,202502,1801.19,0.003,0.0504,Lexington,"Columbia, SC",Lexington County
70295,29073,SC,202503,1795.2,-0.0033,0.0362,Lexington,"Columbia, SC",Lexington County
70295,29073,SC,202504,1804.64,0.0053,0.0443,Lexington,"Columbia, SC",Lexington County
70295,29073,SC,202505,1833.69,0.0161,0.0485,Lexington,"Columbia, SC",Lexington County
70295,29073,SC,202506,1856.23,0.0123,0.0492,Lexington,"Columbia, SC",Lexington County
70295,29073,SC,202507,1861.88,0.003,0.042,Lexington,"Columbia, SC",Lexington County
70295,29073,SC,202508,1842.81,-0.0102,0.036,Lexington,"Columbia, SC",Lexington County
70295,29073,SC,202509,1842.93,0.0001,0.0375,Lexington,"Columbia, SC",Lexington County
70295,29073,SC,202510,1822.18,-0.0113,0.0191,Lexington,"Columbia, SC",Lexington County
70295,29073,SC,202511,1829.98,0.0043,0.0176,Lexington,"Columbia, SC",Lexington County
70295,29073,SC,202512,1833.54,0.0019,0.018,Lexington,"Columbia, SC",Lexington County
70295,29073,SC,202601,1841.57,0.0044,0.0255,Lexington,"Columbia, SC",Lexington County
70295,29073,SC,202602,1828.29,-0.0072,0.015,Lexington,"Columbia, SC",Lexington County
70295,29073,SC,202603,1847.49,0.0105,0.0291,Lexington,"Columbia, SC",Lexington County
70295,29073,SC,202604,1858.38,0.0059,0.0298,Lexington,"Columbia, SC",Lexington County
70295,29073,SC,202605,1875.89,0.0094,0.023,Lexington,"Columbia, SC",Lexington County
70295,29073,SC,202606,1864.7,-0.006,0.0046,Lexington,"Columbia, SC",Lexington County
70295,29073,SC,202607,1875.08,0.0056,0.0071,Lexington,"Columbia, SC",Lexington County
70295,29073,SC,202608,1888.81,0.0073,0.025,Lexington,"Columbia, SC",Lexington County
70313,29115,SC,202605,1044.14,,,Orangeburg,"Orangeburg, SC",Orangeburg County
70313,29115,SC,202606,985.1,-0.0565,,Orangeburg,"Orangeburg, SC",Orangeburg County
70313,29115,SC,202607,978.06,-0.0071,,Orangeburg,"Orangeburg, SC",Orangeburg County
70313,29115,SC,202608,983.56,0.0056,,Orangeburg,"Orangeburg, SC",Orangeburg County
70336,29150,SC,201604,722.81,,,Sumter,"Sumter, SC",Sumter County
70336,29150,SC,201605,733.46,0.0147,,Sumter,"Sumter, SC",Sumter County
70336,29150,SC,201606,735.13,0.0023,,Sumter,"Sumter, SC",Sumter County
70336,29150,SC,201607,742.53,0.0101,,Sumter,"Sumter, SC",Sumter County
70336,29150,SC,201608,739.68,-0.0038,,Sumter,"Sumter, SC",Sumter County
70336,29150,SC,201609,735.14,-0.0061,,Sumter,"Sumter, SC",Sumter County
70336,29150,SC,201610,739.75,0.0063,,Sumter,"Sumter, SC",Sumter County
70336,29150,SC,201611,734.4,-0.0072,,Sumter,"Sumter, SC",Sumter County
70336,29150,SC,201612,730.97,-0.0047,,Sumter,"Sumter, SC",Sumter County
70336,29150,SC,201701,732.87,0.0026,,Sumter,"Sumter, SC",Sumter County
70336,29150,SC,201702,737.16,0.0058,,Sumter,"Sumter, SC",Sumter County
70336,29150,SC,201703,743.22,0.0082,,Sumter,"Sumter, SC",Sumter County
70336,29150,SC,201704,751.13,0.0106,0.0392,Sumter,"Sumter, SC",Sumter County
70336,29150,SC,201705,757.41,0.0084,0.0327,Sumter,"Sumter, SC",Sumter County
70336,29150,SC,201706,767.79,0.0137,0.0444,Sumter,"Sumter, SC",Sumter County
70336,29150,SC,201707,756.58,-0.0146,0.0189,Sumter,"Sumter, SC",Sumter County
70336,29150,SC,201708,754.54,-0.0027,0.0201,Sumter,"Sumter, SC",Sumter County
70336,29150,SC,201709,749.05,-0.0073,0.0189,Sumter,"Sumter, SC",Sumter County
70336,29150,SC,201710,758.53,0.0127,0.0254,Sumter,"Sumter, SC",Sumter County
70336,29150,SC,201711,765.12,0.0087,0.0418,Sumter,"Sumter, SC",Sumter County
70336,29150,SC,201712,768.37,0.0042,0.0512,Sumter,"Sumter, SC",Sumter County
70336,29150,SC,201801,762.84,-0.0072,0.0409,Sumter,"Sumter, SC",Sumter County
70336,29150,SC,201802,757.18,-0.0074,0.0272,Sumter,"Sumter, SC",Sumter County
70336,29150,SC,201803,774.33,0.0226,0.0419,Sumter,"Sumter, SC",Sumter County
70336,29150,SC,201804,792.08,0.0229,0.0545,Sumter,"Sumter, SC",Sumter County
70336,29150,SC,201805,799.99,0.01,0.0562,Sumter,"Sumter, SC",Sumter County
70336,29150,SC,201806,793.87,-0.0076,0.034,Sumter,"Sumter, SC",Sumter County
70336,29150,SC,201807,799.74,0.0074,0.057,Sumter,"Sumter, SC",Sumter County
70336,29150,SC,201808,818.43,0.0234,0.0847,Sumter,"Sumter, SC",Sumter County
70336,29150,SC,201809,821.28,0.0035,0.0964,Sumter,"Sumter, SC",Sumter County
70336,29150,SC,201810,821.44,0.0002,0.0829,Sumter,"Sumter, SC",Sumter County
70336,29150,SC,201811,806.67,-0.018,0.0543,Sumter,"Sumter, SC",Sumter County
70336,29150,SC,201812,811.17,0.0056,0.0557,Sumter,"Sumter, SC",Sumter County
70336,29150,SC,201901,807.54,-0.0045,0.0586,Sumter,"Sumter, SC",Sumter County
70336,29150,SC,201902,817.73,0.0126,0.08,Sumter,"Sumter, SC",Sumter County
70336,29150,SC,201903,818.57,0.001,0.0571,Sumter,"Sumter, SC",Sumter County
70336,29150,SC,201904,819.9,0.0016,0.0351,Sumter,"Sumter, SC",Sumter County
70336,29150,SC,201905,813.89,-0.0073,0.0174,Sumter,"Sumter, SC",Sumter County
70336,29150,SC,201906,809.89,-0.0049,0.0202,Sumter,"Sumter, SC",Sumter County
70336,29150,SC,201907,819.67,0.0121,0.0249,Sumter,"Sumter, SC",Sumter County
70336,29150,SC,201908,829.66,0.0122,0.0137,Sumter,"Sumter, SC",Sumter County
70336,29150,SC,201909,837.94,0.01,0.0203,Sumter,"Sumter, SC",Sumter County
70336,29150,SC,201910,830.03,-0.0094,0.0105,Sumter,"Sumter, SC",Sumter County
70336,29150,SC,201911,832.31,0.0027,0.0318,Sumter,"Sumter, SC",Sumter County
70336,29150,SC,201912,828.09,-0.0051,0.0209,Sumter,"Sumter, SC",Sumter County
70336,29150,SC,202001,834.05,0.0072,0.0328,Sumter,"Sumter, SC",Sumter County
70336,29150,SC,202002,844.76,0.0128,0.033,Sumter,"Sumter, SC",Sumter County
70336,29150,SC,202003,856.86,0.0143,0.0468,Sumter,"Sumter, SC",Sumter County
70336,29150,SC,202004,864.59,0.009,0.0545,Sumter,"Sumter, SC",Sumter County
70336,29150,SC,202005,863.5,-0.0013,0.061,Sumter,"Sumter, SC",Sumter County
70336,29150,SC,202006,871.53,0.0093,0.0761,Sumter,"Sumter, SC",Sumter County
70336,29150,SC,202007,873.56,0.0023,0.0657,Sumter,"Sumter, SC",Sumter County
70336,29150,SC,202008,877.86,0.0049,0.0581,Sumter,"Sumter, SC",Sumter County
70336,29150,SC,202009,879.25,0.0016,0.0493,Sumter,"Sumter, SC",Sumter County
70336,29150,SC,202010,892.47,0.015,0.0752,Sumter,"Sumter, SC",Sumter County
70336,29150,SC,202011,907.34,0.0167,0.0902,Sumter,"Sumter, SC",Sumter County
70336,29150,SC,202012,911.79,0.0049,0.1011,Sumter,"Sumter, SC",Sumter County
70336,29150,SC,202101,910.74,-0.0012,0.0919,Sumter,"Sumter, SC",Sumter County
70336,29150,SC,202103,916.24,0.006,0.0846,Sumter,"Sumter, SC",Sumter County
70336,29150,SC,202104,926.27,0.0109,0.081,Sumter,"Sumter, SC",Sumter County
70336,29150,SC,202105,923.82,-0.0026,0.0685,Sumter,"Sumter, SC",Sumter County
70336,29150,SC,202106,940.37,0.0179,0.089,Sumter,"Sumter, SC",Sumter County
70336,29150,SC,202107,946.81,0.0068,0.0864,Sumter,"Sumter, SC",Sumter County
70336,29150,SC,202108,954.94,0.0086,0.0932,Sumter,"Sumter, SC",Sumter County
70336,29150,SC,202109,959.99,0.0053,0.0936,Sumter,"Sumter, SC",Sumter County
70336,29150,SC,202110,969.01,0.0094,0.1021,Sumter,"Sumter, SC",Sumter County
70336,29150,SC,202111,976.58,0.0078,0.0942,Sumter,"Sumter, SC",Sumter County
70336,29150,SC,202112,982.97,0.0065,0.0834,Sumter,"Sumter, SC",Sumter County
70336,29150,SC,202201,996.61,0.0139,0.093,Sumter,"Sumter, SC",Sumter County
70336,29150,SC,202202,1009.7,0.0131,0.1087,Sumter,"Sumter, SC",Sumter County
70336,29150,SC,202203,1034.75,0.0248,0.1293,Sumter,"Sumter, SC",Sumter County
70336,29150,SC,202204,1048.79,0.0136,0.1323,Sumter,"Sumter, SC",Sumter County
70336,29150,SC,202205,1057.24,0.0081,0.1444,Sumter,"Sumter, SC",Sumter County
70336,29150,SC,202206,1047.79,-0.0089,0.1142,Sumter,"Sumter, SC",Sumter County
70336,29150,SC,202207,1043.74,-0.0039,0.1024,Sumter,"Sumter, SC",Sumter County
70336,29150,SC,202208,1051.2,0.0072,0.1008,Sumter,"Sumter, SC",Sumter County
70336,29150,SC,202209,1067.48,0.0155,0.112,Sumter,"Sumter, SC",Sumter County
70336,29150,SC,202210,1069.5,0.0019,0.1037,Sumter,"Sumter, SC",Sumter County
70336,29150,SC,202211,1079.31,0.0092,0.1052,Sumter,"Sumter, SC",Sumter County
70336,29150,SC,202212,1087.52,0.0076,0.1064,Sumter,"Sumter, SC",Sumter County
70336,29150,SC,202301,1093.23,0.0053,0.097,Sumter,"Sumter, SC",Sumter County
70336,29150,SC,202302,1108.79,0.0142,0.0981,Sumter,"Sumter, SC",Sumter County
70336,29150,SC,202303,1107.82,-0.0009,0.0706,Sumter,"Sumter, SC",Sumter County
70336,29150,SC,202304,1119.83,0.0108,0.0677,Sumter,"Sumter, SC",Sumter County
70336,29150,SC,202305,1122.13,0.0021,0.0614,Sumter,"Sumter, SC",Sumter County
70336,29150,SC,202306,1129.49,0.0066,0.078,Sumter,"Sumter, SC",Sumter County
70336,29150,SC,202307,1142.38,0.0114,0.0945,Sumter,"Sumter, SC",Sumter County
70336,29150,SC,202308,1141.6,-0.0007,0.086,Sumter,"Sumter, SC",Sumter County
70336,29150,SC,202309,1133.49,-0.0071,0.0618,Sumter,"Sumter, SC",Sumter County
70336,29150,SC,202310,1152.82,0.0171,0.0779,Sumter,"Sumter, SC",Sumter County
70336,29150,SC,202311,1161.15,0.0072,0.0758,Sumter,"Sumter, SC",Sumter County
70336,29150,SC,202312,1185.04,0.0206,0.0897,Sumter,"Sumter, SC",Sumter County
70336,29150,SC,202401,1177.11,-0.0067,0.0767,Sumter,"Sumter, SC",Sumter County
70336,29150,SC,202402,1172.19,-0.0042,0.0572,Sumter,"Sumter, SC",Sumter County
70336,29150,SC,202403,1161.7,-0.0089,0.0486,Sumter,"Sumter, SC",Sumter County
70336,29150,SC,202404,1170.49,0.0076,0.0452,Sumter,"Sumter, SC",Sumter County
70336,29150,SC,202405,1181.67,0.0096,0.0531,Sumter,"Sumter, SC",Sumter County
70336,29150,SC,202406,1201.81,0.017,0.064,Sumter,"Sumter, SC",Sumter County
70336,29150,SC,202407,1199.37,-0.002,0.0499,Sumter,"Sumter, SC",Sumter County
70336,29150,SC,202408,1215.11,0.0131,0.0644,Sumter,"Sumter, SC",Sumter County
70336,29150,SC,202409,1221.35,0.0051,0.0775,Sumter,"Sumter, SC",Sumter County
70336,29150,SC,202410,1240.52,0.0157,0.0761,Sumter,"Sumter, SC",Sumter County
70336,29150,SC,202411,1234.45,-0.0049,0.0631,Sumter,"Sumter, SC",Sumter County
70336,29150,SC,202412,1235.48,0.0008,0.0426,Sumter,"Sumter, SC",Sumter County
70336,29150,SC,202501,1231.2,-0.0035,0.0459,Sumter,"Sumter, SC",Sumter County
70336,29150,SC,202502,1242.94,0.0095,0.0604,Sumter,"Sumter, SC",Sumter County
70336,29150,SC,202503,1250.82,0.0063,0.0767,Sumter,"Sumter, SC",Sumter County
70336,29150,SC,202504,1255.58,0.0038,0.0727,Sumter,"Sumter, SC",Sumter County
70336,29150,SC,202505,1252.49,-0.0025,0.0599,Sumter,"Sumter, SC",Sumter County
70336,29150,SC,202506,1252.54,0.0,0.0422,Sumter,"Sumter, SC",Sumter County
70336,29150,SC,202507,1251.14,-0.0011,0.0432,Sumter,"Sumter, SC",Sumter County
70336,29150,SC,202508,1251.12,-0.0,0.0296,Sumter,"Sumter, SC",Sumter County
70336,29150,SC,202509,1255.15,0.0032,0.0277,Sumter,"Sumter, SC",Sumter County
70336,29150,SC,202510,1259.09,0.0031,0.015,Sumter,"Sumter, SC",Sumter County
70336,29150,SC,202511,1280.94,0.0174,0.0377,Sumter,"Sumter, SC",Sumter County
70336,29150,SC,202512,1290.69,0.0076,0.0447,Sumter,"Sumter, SC",Sumter County
70336,29150,SC,202601,1280.42,-0.008,0.04,Sumter,"Sumter, SC",Sumter County
70336,29150,SC,202602,1282.2,0.0014,0.0316,Sumter,"Sumter, SC",Sumter County
70336,29150,SC,202603,1278.81,-0.0026,0.0224,Sumter,"Sumter, SC",Sumter County
70336,29150,SC,202604,1314.87,0.0282,0.0472,Sumter,"Sumter, SC",Sumter County
70336,29150,SC,202605,1309.65,-0.004,0.0456,Sumter,"Sumter, SC",Sumter County
70336,29150,SC,202606,1310.41,0.0006,0.0462,Sumter,"Sumter, SC",Sumter County
70336,29150,SC,202607,1311.13,0.0005,0.0479,Sumter,"Sumter, SC",Sumter County
70336,29150,SC,202608,1330.97,0.0151,0.0638,Sumter,"Sumter, SC",Sumter County
70339,29153,SC,202605,1759.25,,,Sumter,"Sumter, SC",Sumter County
70339,29153,SC,202606,1836.17,0.0437,,Sumter,"Sumter, SC",Sumter County
70339,29153,SC,202607,1849.74,0.0074,,Sumter,"Sumter, SC",Sumter County
70339,29153,SC,202608,1833.0,-0.009,,Sumter,"Sumter, SC",Sumter County
70340,29154,SC,202205,1310.59,,,Sumter,"Sumter, SC",Sumter County
70340,29154,SC,202207,1366.55,0.0427,,Sumter,"Sumter, SC",Sumter County
70340,29154,SC,202208,1391.28,0.0181,,Sumter,"Sumter, SC",Sumter County
70340,29154,SC,202209,1408.86,0.0126,,Sumter,"Sumter, SC",Sumter County
70340,29154,SC,202210,1392.35,-0.0117,,Sumter,"Sumter, SC",Sumter County
70340,29154,SC,202211,1392.23,-0.0001,,Sumter,"Sumter, SC",Sumter County
70340,29154,SC,202212,1381.14,-0.008,,Sumter,"Sumter, SC",Sumter County
70340,29154,SC,202301,1407.91,0.0194,,Sumter,"Sumter, SC",Sumter County
70340,29154,SC,202302,1385.68,-0.0158,,Sumter,"Sumter, SC",Sumter County
70340,29154,SC,202303,1412.42,0.0193,,Sumter,"Sumter, SC",Sumter County
70340,29154,SC,202304,1439.76,0.0194,,Sumter,"Sumter, SC",Sumter County
70340,29154,SC,202305,1483.46,0.0304,,Sumter,"Sumter, SC",Sumter County
70340,29154,SC,202306,1483.1,-0.0002,0.1316,Sumter,"Sumter, SC",Sumter County
70340,29154,SC,202307,1471.39,-0.0079,0.0767,Sumter,"Sumter, SC",Sumter County
70340,29154,SC,202308,1472.89,0.001,0.0587,Sumter,"Sumter, SC",Sumter County
70340,29154,SC,202309,1482.04,0.0062,0.0519,Sumter,"Sumter, SC",Sumter County
70340,29154,SC,202310,1486.8,0.0032,0.0678,Sumter,"Sumter, SC",Sumter County
70340,29154,SC,202311,1506.07,0.013,0.0818,Sumter,"Sumter, SC",Sumter County
70340,29154,SC,202312,1486.49,-0.013,0.0763,Sumter,"Sumter, SC",Sumter County
70340,29154,SC,202401,1519.33,0.0221,0.0791,Sumter,"Sumter, SC",Sumter County
70340,29154,SC,202402,1528.3,0.0059,0.1029,Sumter,"Sumter, SC",Sumter County
70340,29154,SC,202403,1561.93,0.022,0.1059,Sumter,"Sumter, SC",Sumter County
70340,29154,SC,202404,1542.4,-0.0125,0.0713,Sumter,"Sumter, SC",Sumter County
70340,29154,SC,202405,1537.39,-0.0033,0.0364,Sumter,"Sumter, SC",Sumter County
70340,29154,SC,202406,1548.42,0.0072,0.044,Sumter,"Sumter, SC",Sumter County
70340,29154,SC,202407,1557.18,0.0057,0.0583,Sumter,"Sumter, SC",Sumter County
70340,29154,SC,202408,1563.49,0.0041,0.0615,Sumter,"Sumter, SC",Sumter County
70340,29154,SC,202409,1563.01,-0.0003,0.0546,Sumter,"Sumter, SC",Sumter County
70340,29154,SC,202410,1597.28,0.0219,0.0743,Sumter,"Sumter, SC",Sumter County
70340,29154,SC,202411,1629.24,0.02,0.0818,Sumter,"Sumter, SC",Sumter County
70340,29154,SC,202412,1642.78,0.0083,0.1051,Sumter,"Sumter, SC",Sumter County
70340,29154,SC,202501,1633.31,-0.0058,0.075,Sumter,"Sumter, SC",Sumter County
70340,29154,SC,202502,1600.9,-0.0198,0.0475,Sumter,"Sumter, SC",Sumter County
70340,29154,SC,202503,1602.48,0.001,0.026,Sumter,"Sumter, SC",Sumter County
70340,29154,SC,202504,1581.26,-0.0132,0.0252,Sumter,"Sumter, SC",Sumter County
70340,29154,SC,202505,1585.41,0.0026,0.0312,Sumter,"Sumter, SC",Sumter County
70340,29154,SC,202506,1597.24,0.0075,0.0315,Sumter,"Sumter, SC",Sumter County
70340,29154,SC,202507,1606.19,0.0056,0.0315,Sumter,"Sumter, SC",Sumter County
70340,29154,SC,202508,1620.63,0.009,0.0365,Sumter,"Sumter, SC",Sumter County
70340,29154,SC,202509,1612.55,-0.005,0.0317,Sumter,"Sumter, SC",Sumter County
70340,29154,SC,202510,1612.83,0.0002,0.0097,Sumter,"Sumter, SC",Sumter County
70340,29154,SC,202511,1620.78,0.0049,-0.0052,Sumter,"Sumter, SC",Sumter County
70340,29154,SC,202512,1636.62,0.0098,-0.0038,Sumter,"Sumter, SC",Sumter County
70340,29154,SC,202601,1655.08,0.0113,0.0133,Sumter,"Sumter, SC",Sumter County
70340,29154,SC,202602,1668.7,0.0082,0.0424,Sumter,"Sumter, SC",Sumter County
70340,29154,SC,202603,1669.06,0.0002,0.0415,Sumter,"Sumter, SC",Sumter County
70340,29154,SC,202604,1668.74,-0.0002,0.0553,Sumter,"Sumter, SC",Sumter County
70340,29154,SC,202605,1662.49,-0.0037,0.0486,Sumter,"Sumter, SC",Sumter County
70340,29154,SC,202606,1658.29,-0.0025,0.0382,Sumter,"Sumter, SC",Sumter County
70340,29154,SC,202607,1658.48,0.0001,0.0326,Sumter,"Sumter, SC",Sumter County
70340,29154,SC,202608,1662.14,0.0022,0.0256,Sumter,"Sumter, SC",Sumter County
70348,29169,SC,202112,1338.66,,,West Columbia,"Columbia, SC",Lexington County
70348,29169,SC,202201,1327.97,-0.008,,West Columbia,"Columbia, SC",Lexington County
70348,29169,SC,202202,1292.36,-0.0268,,West Columbia,"Columbia, SC",Lexington County
70348,29169,SC,202203,1297.5,0.004,,West Columbia,"Columbia, SC",Lexington County
70348,29169,SC,202204,1330.81,0.0257,,West Columbia,"Columbia, SC",Lexington County
70348,29169,SC,202205,1343.44,0.0095,,West Columbia,"Columbia, SC",Lexington County
70348,29169,SC,202206,1360.02,0.0123,,West Columbia,"Columbia, SC",Lexington County
70348,29169,SC,202207,1354.09,-0.0044,,West Columbia,"Columbia, SC",Lexington County
70348,29169,SC,202208,1377.56,0.0173,,West Columbia,"Columbia, SC",Lexington County
70348,29169,SC,202209,1371.25,-0.0046,,West Columbia,"Columbia, SC",Lexington County
70348,29169,SC,202210,1385.02,0.01,,West Columbia,"Columbia, SC",Lexington County
70348,29169,SC,202211,1388.03,0.0022,,West Columbia,"Columbia, SC",Lexington County
70348,29169,SC,202212,1431.27,0.0312,0.0692,West Columbia,"Columbia, SC",Lexington County
70348,29169,SC,202301,1447.01,0.011,0.0896,West Columbia,"Columbia, SC",Lexington County
70348,29169,SC,202302,1446.46,-0.0004,0.1192,West Columbia,"Columbia, SC",Lexington County
70348,29169,SC,202303,1428.53,-0.0124,0.101,West Columbia,"Columbia, SC",Lexington County
70348,29169,SC,202304,1424.11,-0.0031,0.0701,West Columbia,"Columbia, SC",Lexington County
70348,29169,SC,202305,1467.83,0.0307,0.0926,West Columbia,"Columbia, SC",Lexington County
70348,29169,SC,202306,1477.68,0.0067,0.0865,West Columbia,"Columbia, SC",Lexington County
70348,29169,SC,202307,1508.28,0.0207,0.1139,West Columbia,"Columbia, SC",Lexington County
70348,29169,SC,202308,1485.24,-0.0153,0.0782,West Columbia,"Columbia, SC",Lexington County
70348,29169,SC,202309,1486.21,0.0006,0.0838,West Columbia,"Columbia, SC",Lexington County
70348,29169,SC,202310,1483.41,-0.0019,0.071,West Columbia,"Columbia, SC",Lexington County
70348,29169,SC,202311,1495.37,0.0081,0.0773,West Columbia,"Columbia, SC",Lexington County
70348,29169,SC,202312,1512.54,0.0115,0.0568,West Columbia,"Columbia, SC",Lexington County
70348,29169,SC,202401,1519.81,0.0048,0.0503,West Columbia,"Columbia, SC",Lexington County
70348,29169,SC,202402,1525.38,0.0037,0.0546,West Columbia,"Columbia, SC",Lexington County
70348,29169,SC,202403,1546.56,0.0139,0.0826,West Columbia,"Columbia, SC",Lexington County
70348,29169,SC,202404,1531.47,-0.0098,0.0754,West Columbia,"Columbia, SC",Lexington County
70348,29169,SC,202405,1549.16,0.0116,0.0554,West Columbia,"Columbia, SC",Lexington County
70348,29169,SC,202406,1550.26,0.0007,0.0491,West Columbia,"Columbia, SC",Lexington County
70348,29169,SC,202407,1585.46,0.0227,0.0512,West Columbia,"Columbia, SC",Lexington County
70348,29169,SC,202408,1563.63,-0.0138,0.0528,West Columbia,"Columbia, SC",Lexington County
70348,29169,SC,202409,1570.58,0.0044,0.0568,West Columbia,"Columbia, SC",Lexington County
70348,29169,SC,202410,1562.2,-0.0053,0.0531,West Columbia,"Columbia, SC",Lexington County
70348,29169,SC,202411,1610.92,0.0312,0.0773,West Columbia,"Columbia, SC",Lexington County
70348,29169,SC,202412,1616.98,0.0038,0.069,West Columbia,"Columbia, SC",Lexington County
70348,29169,SC,202501,1616.06,-0.0006,0.0633,West Columbia,"Columbia, SC",Lexington County
70348,29169,SC,202502,1605.02,-0.0068,0.0522,West Columbia,"Columbia, SC",Lexington County
70348,29169,SC,202503,1622.11,0.0106,0.0488,West Columbia,"Columbia, SC",Lexington County
70348,29169,SC,202504,1628.06,0.0037,0.0631,West Columbia,"Columbia, SC",Lexington County
70348,29169,SC,202505,1640.9,0.0079,0.0592,West Columbia,"Columbia, SC",Lexington County
70348,29169,SC,202506,1628.08,-0.0078,0.0502,West Columbia,"Columbia, SC",Lexington County
70348,29169,SC,202507,1627.0,-0.0007,0.0262,West Columbia,"Columbia, SC",Lexington County
70348,29169,SC,202508,1609.93,-0.0105,0.0296,West Columbia,"Columbia, SC",Lexington County
70348,29169,SC,202509,1601.74,-0.0051,0.0198,West Columbia,"Columbia, SC",Lexington County
70348,29169,SC,202510,1613.3,0.0072,0.0327,West Columbia,"Columbia, SC",Lexington County
70348,29169,SC,202511,1680.75,0.0418,0.0433,West Columbia,"Columbia, SC",Lexington County
70348,29169,SC,202512,1705.0,0.0144,0.0544,West Columbia,"Columbia, SC",Lexington County
70348,29169,SC,202601,1711.86,0.004,0.0593,West Columbia,"Columbia, SC",Lexington County
70348,29169,SC,202602,1673.88,-0.0222,0.0429,West Columbia,"Columbia, SC",Lexington County
70348,29169,SC,202603,1688.87,0.009,0.0412,West Columbia,"Columbia, SC",Lexington County
70348,29169,SC,202604,1718.4,0.0175,0.0555,West Columbia,"Columbia, SC",Lexington County
70348,29169,SC,202605,1722.41,0.0023,0.0497,West Columbia,"Columbia, SC",Lexington County
70348,29169,SC,202606,1716.72,-0.0033,0.0544,West Columbia,"Columbia, SC",Lexington County
70348,29169,SC,202607,1697.99,-0.0109,0.0436,West Columbia,"Columbia, SC",Lexington County
70348,29169,SC,202608,1684.46,-0.008,0.0463,West Columbia,"Columbia, SC",Lexington County
70349,29170,SC,202411,1357.56,,,Springdale,"Columbia, SC",Lexington County
70349,29170,SC,202412,1386.48,0.0213,,Springdale,"Columbia, SC",Lexington County
70349,29170,SC,202501,1396.31,0.0071,,Springdale,"Columbia, SC",Lexington County
70349,29170,SC,202502,1417.48,0.0152,,Springdale,"Columbia, SC",Lexington County
70349,29170,SC,202503,1428.43,0.0077,,Springdale,"Columbia, SC",Lexington County
70349,29170,SC,202504,1450.9,0.0157,,Springdale,"Columbia, SC",Lexington County
70349,29170,SC,202505,1445.56,-0.0037,,Springdale,"Columbia, SC",Lexington County
70349,29170,SC,202506,1432.23,-0.0092,,Springdale,"Columbia, SC",Lexington County
70349,29170,SC,202507,1424.43,-0.0054,,Springdale,"Columbia, SC",Lexington County
70349,29170,SC,202508,1439.95,0.0109,,Springdale,"Columbia, SC",Lexington County
70349,29170,SC,202509,1458.13,0.0126,,Springdale,"Columbia, SC",Lexington County
70349,29170,SC,202510,1457.76,-0.0003,,Springdale,"Columbia, SC",Lexington County
70349,29170,SC,202511,1456.72,-0.0007,0.073,Springdale,"Columbia, SC",Lexington County
70349,29170,SC,202512,1457.34,0.0004,0.0511,Springdale,"Columbia, SC",Lexington County
70349,29170,SC,202601,1477.98,0.0142,0.0585,Springdale,"Columbia, SC",Lexington County
70349,29170,SC,202602,1495.57,0.0119,0.0551,Springdale,"Columbia, SC",Lexington County
70349,29170,SC,202603,1504.45,0.0059,0.0532,Springdale,"Columbia, SC",Lexington County
70349,29170,SC,202604,1509.84,0.0036,0.0406,Springdale,"Columbia, SC",Lexington County
70349,29170,SC,202605,1507.14,-0.0018,0.0426,Springdale,"Columbia, SC",Lexington County
70349,29170,SC,202606,1495.39,-0.0078,0.0441,Springdale,"Columbia, SC",Lexington County
70349,29170,SC,202607,1491.51,-0.0026,0.0471,Springdale,"Columbia, SC",Lexington County
70349,29170,SC,202608,1483.04,-0.0057,0.0299,Springdale,"Columbia, SC",Lexington County
70351,29172,SC,202607,1656.65,,,Pine Ridge,"Columbia, SC",Lexington County
70351,29172,SC,202608,1613.17,-0.0262,,Pine Ridge,"Columbia, SC",Lexington County
70355,29180,SC,202607,1078.57,,,Winnsboro,"Columbia, SC",Fairfield County
70355,29180,SC,202608,1114.5,0.0333,,Winnsboro,"Columbia, SC",Fairfield County
70356,29201,SC,201711,1013.58,,,Columbia,"Columbia, SC",Richland County
70356,29201,SC,201712,1005.72,-0.0078,,Columbia,"Columbia, SC",Richland County
70356,29201,SC,201801,1008.95,0.0032,,Columbia,"Columbia, SC",Richland County
70356,29201,SC,201802,1024.95,0.0159,,Columbia,"Columbia, SC",Richland County
70356,29201,SC,201803,1038.54,0.0133,,Columbia,"Columbia, SC",Richland County
70356,29201,SC,201804,1042.45,0.0038,,Columbia,"Columbia, SC",Richland County
70356,29201,SC,201805,1053.69,0.0108,,Columbia,"Columbia, SC",Richland County
70356,29201,SC,201806,1069.23,0.0148,,Columbia,"Columbia, SC",Richland County
70356,29201,SC,201807,1095.86,0.0249,,Columbia,"Columbia, SC",Richland County
70356,29201,SC,201808,1076.78,-0.0174,,Columbia,"Columbia, SC",Richland County
70356,29201,SC,201809,1060.25,-0.0153,,Columbia,"Columbia, SC",Richland County
70356,29201,SC,201810,1012.0,-0.0455,,Columbia,"Columbia, SC",Richland County
70356,29201,SC,201811,1041.61,0.0293,0.0277,Columbia,"Columbia, SC",Richland County
70356,29201,SC,201812,1060.62,0.0182,0.0546,Columbia,"Columbia, SC",Richland County
70356,29201,SC,201901,1100.51,0.0376,0.0907,Columbia,"Columbia, SC",Richland County
70356,29201,SC,201902,1098.52,-0.0018,0.0718,Columbia,"Columbia, SC",Richland County
70356,29201,SC,201903,1111.75,0.012,0.0705,Columbia,"Columbia, SC",Richland County
70356,29201,SC,201904,1121.4,0.0087,0.0757,Columbia,"Columbia, SC",Richland County
70356,29201,SC,201905,1129.97,0.0076,0.0724,Columbia,"Columbia, SC",Richland County
70356,29201,SC,201906,1112.7,-0.0153,0.0407,Columbia,"Columbia, SC",Richland County
70356,29201,SC,201907,1126.11,0.0121,0.0276,Columbia,"Columbia, SC",Richland County
70356,29201,SC,201908,1115.99,-0.009,0.0364,Columbia,"Columbia, SC",Richland County
70356,29201,SC,201909,1132.11,0.0144,0.0678,Columbia,"Columbia, SC",Richland County
70356,29201,SC,201910,1102.54,-0.0261,0.0895,Columbia,"Columbia, SC",Richland County
70356,29201,SC,201911,1118.4,0.0144,0.0737,Columbia,"Columbia, SC",Richland County
70356,29201,SC,201912,1097.05,-0.0191,0.0344,Columbia,"Columbia, SC",Richland County
70356,29201,SC,202001,1129.76,0.0298,0.0266,Columbia,"Columbia, SC",Richland County
70356,29201,SC,202002,1126.06,-0.0033,0.0251,Columbia,"Columbia, SC",Richland County
70356,29201,SC,202003,1160.91,0.0309,0.0442,Columbia,"Columbia, SC",Richland County
70356,29201,SC,202004,1159.11,-0.0015,0.0336,Columbia,"Columbia, SC",Richland County
70356,29201,SC,202005,1168.0,0.0077,0.0337,Columbia,"Columbia, SC",Richland County
70356,29201,SC,202006,1167.06,-0.0008,0.0489,Columbia,"Columbia, SC",Richland County
70356,29201,SC,202007,1169.32,0.0019,0.0384,Columbia,"Columbia, SC",Richland County
70356,29201,SC,202008,1167.46,-0.0016,0.0461,Columbia,"Columbia, SC",Richland County
70356,29201,SC,202009,1175.22,0.0066,0.0381,Columbia,"Columbia, SC",Richland County
70356,29201,SC,202010,1171.32,-0.0033,0.0624,Columbia,"Columbia, SC",Richland County
70356,29201,SC,202011,1182.4,0.0095,0.0572,Columbia,"Columbia, SC",Richland County
70356,29201,SC,202012,1179.78,-0.0022,0.0754,Columbia,"Columbia, SC",Richland County
70356,29201,SC,202101,1199.57,0.0168,0.0618,Columbia,"Columbia, SC",Richland County
70356,29201,SC,202102,1209.72,0.0085,0.0743,Columbia,"Columbia, SC",Richland County
70356,29201,SC,202103,1222.19,0.0103,0.0528,Columbia,"Columbia, SC",Richland County
70356,29201,SC,202104,1235.87,0.0112,0.0662,Columbia,"Columbia, SC",Richland County
70356,29201,SC,202105,1249.34,0.0109,0.0696,Columbia,"Columbia, SC",Richland County
70356,29201,SC,202106,1278.05,0.023,0.0951,Columbia,"Columbia, SC",Richland County
70356,29201,SC,202107,1300.52,0.0176,0.1122,Columbia,"Columbia, SC",Richland County
70356,29201,SC,202108,1329.26,0.0221,0.1386,Columbia,"Columbia, SC",Richland County
70356,29201,SC,202109,1331.28,0.0015,0.1328,Columbia,"Columbia, SC",Richland County
70356,29201,SC,202110,1329.23,-0.0015,0.1348,Columbia,"Columbia, SC",Richland County
70356,29201,SC,202111,1321.39,-0.0059,0.1175,Columbia,"Columbia, SC",Richland County
70356,29201,SC,202112,1309.0,-0.0094,0.1095,Columbia,"Columbia, SC",Richland County
70356,29201,SC,202201,1316.68,0.0059,0.0976,Columbia,"Columbia, SC",Richland County
70356,29201,SC,202202,1340.13,0.0178,0.1078,Columbia,"Columbia, SC",Richland County
70356,29201,SC,202203,1376.66,0.0273,0.1264,Columbia,"Columbia, SC",Richland County
70356,29201,SC,202204,1398.43,0.0158,0.1315,Columbia,"Columbia, SC",Richland County
70356,29201,SC,202205,1416.41,0.0129,0.1337,Columbia,"Columbia, SC",Richland County
70356,29201,SC,202206,1435.17,0.0132,0.1229,Columbia,"Columbia, SC",Richland County
70356,29201,SC,202207,1452.73,0.0122,0.117,Columbia,"Columbia, SC",Richland County
70356,29201,SC,202208,1442.35,-0.0071,0.0851,Columbia,"Columbia, SC",Richland County
70356,29201,SC,202209,1451.86,0.0066,0.0906,Columbia,"Columbia, SC",Richland County
70356,29201,SC,202210,1453.3,0.001,0.0933,Columbia,"Columbia, SC",Richland County
70356,29201,SC,202211,1474.25,0.0144,0.1157,Columbia,"Columbia, SC",Richland County
70356,29201,SC,202212,1474.73,0.0003,0.1266,Columbia,"Columbia, SC",Richland County
70356,29201,SC,202301,1473.61,-0.0008,0.1192,Columbia,"Columbia, SC",Richland County
70356,29201,SC,202302,1465.14,-0.0057,0.0933,Columbia,"Columbia, SC",Richland County
70356,29201,SC,202303,1468.68,0.0024,0.0668,Columbia,"Columbia, SC",Richland County
70356,29201,SC,202304,1480.81,0.0083,0.0589,Columbia,"Columbia, SC",Richland County
70356,29201,SC,202305,1501.66,0.0141,0.0602,Columbia,"Columbia, SC",Richland County
70356,29201,SC,202306,1503.83,0.0014,0.0478,Columbia,"Columbia, SC",Richland County
70356,29201,SC,202307,1508.53,0.0031,0.0384,Columbia,"Columbia, SC",Richland County
70356,29201,SC,202308,1510.75,0.0015,0.0474,Columbia,"Columbia, SC",Richland County
70356,29201,SC,202309,1530.59,0.0131,0.0542,Columbia,"Columbia, SC",Richland County
70356,29201,SC,202310,1534.73,0.0027,0.056,Columbia,"Columbia, SC",Richland County
70356,29201,SC,202311,1536.74,0.0013,0.0424,Columbia,"Columbia, SC",Richland County
70356,29201,SC,202312,1520.88,-0.0103,0.0313,Columbia,"Columbia, SC",Richland County
70356,29201,SC,202401,1510.95,-0.0065,0.0253,Columbia,"Columbia, SC",Richland County
70356,29201,SC,202402,1505.76,-0.0034,0.0277,Columbia,"Columbia, SC",Richland County
70356,29201,SC,202403,1524.21,0.0123,0.0378,Columbia,"Columbia, SC",Richland County
70356,29201,SC,202404,1553.95,0.0195,0.0494,Columbia,"Columbia, SC",Richland County
70356,29201,SC,202405,1571.88,0.0115,0.0468,Columbia,"Columbia, SC",Richland County
70356,29201,SC,202406,1585.71,0.0088,0.0544,Columbia,"Columbia, SC",Richland County
70356,29201,SC,202407,1597.33,0.0073,0.0589,Columbia,"Columbia, SC",Richland County
70356,29201,SC,202408,1620.49,0.0145,0.0726,Columbia,"Columbia, SC",Richland County
70356,29201,SC,202409,1633.72,0.0082,0.0674,Columbia,"Columbia, SC",Richland County
70356,29201,SC,202410,1638.51,0.0029,0.0676,Columbia,"Columbia, SC",Richland County
70356,29201,SC,202411,1639.38,0.0005,0.0668,Columbia,"Columbia, SC",Richland County
70356,29201,SC,202412,1643.57,0.0026,0.0807,Columbia,"Columbia, SC",Richland County
70356,29201,SC,202501,1674.9,0.0191,0.1085,Columbia,"Columbia, SC",Richland County
70356,29201,SC,202502,1680.29,0.0032,0.1159,Columbia,"Columbia, SC",Richland County
70356,29201,SC,202503,1672.03,-0.0049,0.097,Columbia,"Columbia, SC",Richland County
70356,29201,SC,202504,1643.18,-0.0173,0.0574,Columbia,"Columbia, SC",Richland County
70356,29201,SC,202505,1654.17,0.0067,0.0524,Columbia,"Columbia, SC",Richland County
70356,29201,SC,202506,1664.71,0.0064,0.0498,Columbia,"Columbia, SC",Richland County
70356,29201,SC,202507,1668.76,0.0024,0.0447,Columbia,"Columbia, SC",Richland County
70356,29201,SC,202508,1659.65,-0.0055,0.0242,Columbia,"Columbia, SC",Richland County
70356,29201,SC,202509,1664.25,0.0028,0.0187,Columbia,"Columbia, SC",Richland County
70356,29201,SC,202510,1711.49,0.0284,0.0445,Columbia,"Columbia, SC",Richland County
70356,29201,SC,202511,1721.65,0.0059,0.0502,Columbia,"Columbia, SC",Richland County
70356,29201,SC,202512,1743.18,0.0125,0.0606,Columbia,"Columbia, SC",Richland County
70356,29201,SC,202601,1707.12,-0.0207,0.0192,Columbia,"Columbia, SC",Richland County
70356,29201,SC,202602,1734.89,0.0163,0.0325,Columbia,"Columbia, SC",Richland County
70356,29201,SC,202603,1728.92,-0.0034,0.034,Columbia,"Columbia, SC",Richland County
70356,29201,SC,202604,1731.07,0.0012,0.0535,Columbia,"Columbia, SC",Richland County
70356,29201,SC,202605,1714.7,-0.0095,0.0366,Columbia,"Columbia, SC",Richland County
70356,29201,SC,202606,1736.45,0.0127,0.0431,Columbia,"Columbia, SC",Richland County
70356,29201,SC,202607,1750.06,0.0078,0.0487,Columbia,"Columbia, SC",Richland County
70356,29201,SC,202608,1769.36,0.011,0.0661,Columbia,"Columbia, SC",Richland County
70358,29203,SC,202008,906.71,,,Columbia,"Columbia, SC",Richland County
70358,29203,SC,202009,903.17,-0.0039,,Columbia,"Columbia, SC",Richland County
70358,29203,SC,202010,892.94,-0.0113,,Columbia,"Columbia, SC",Richland County
70358,29203,SC,202011,902.97,0.0112,,Columbia,"Columbia, SC",Richland County
70358,29203,SC,202012,914.43,0.0127,,Columbia,"Columbia, SC",Richland County
70358,29203,SC,202101,918.01,0.0039,,Columbia,"Columbia, SC",Richland County
70358,29203,SC,202102,931.74,0.015,,Columbia,"Columbia, SC",Richland County
70358,29203,SC,202103,931.98,0.0003,,Columbia,"Columbia, SC",Richland County
70358,29203,SC,202104,941.62,0.0103,,Columbia,"Columbia, SC",Richland County
70358,29203,SC,202105,939.16,-0.0026,,Columbia,"Columbia, SC",Richland County
70358,29203,SC,202106,988.88,0.0529,,Columbia,"Columbia, SC",Richland County
70358,29203,SC,202107,1004.85,0.0161,,Columbia,"Columbia, SC",Richland County
70358,29203,SC,202108,1033.49,0.0285,0.1398,Columbia,"Columbia, SC",Richland County
70358,29203,SC,202109,1034.93,0.0014,0.1459,Columbia,"Columbia, SC",Richland County
70358,29203,SC,202110,1056.1,0.0205,0.1827,Columbia,"Columbia, SC",Richland County
70358,29203,SC,202111,1064.12,0.0076,0.1785,Columbia,"Columbia, SC",Richland County
70358,29203,SC,202112,1066.76,0.0025,0.1666,Columbia,"Columbia, SC",Richland County
70358,29203,SC,202201,1059.6,-0.0067,0.1542,Columbia,"Columbia, SC",Richland County
70358,29203,SC,202202,1053.7,-0.0056,0.1309,Columbia,"Columbia, SC",Richland County
70358,29203,SC,202203,1043.54,-0.0096,0.1197,Columbia,"Columbia, SC",Richland County
70358,29203,SC,202204,1071.51,0.0268,0.1379,Columbia,"Columbia, SC",Richland County
70358,29203,SC,202205,1099.86,0.0265,0.1711,Columbia,"Columbia, SC",Richland County
70358,29203,SC,202206,1131.41,0.0287,0.1441,Columbia,"Columbia, SC",Richland County
70358,29203,SC,202207,1144.36,0.0114,0.1388,Columbia,"Columbia, SC",Richland County
70358,29203,SC,202208,1123.58,-0.0182,0.0872,Columbia,"Columbia, SC",Richland County
70358,29203,SC,202209,1114.62,-0.008,0.077,Columbia,"Columbia, SC",Richland County
70358,29203,SC,202210,1110.16,-0.004,0.0512,Columbia,"Columbia, SC",Richland County
70358,29203,SC,202211,1139.29,0.0262,0.0706,Columbia,"Columbia, SC",Richland County
70358,29203,SC,202212,1162.23,0.0201,0.0895,Columbia,"Columbia, SC",Richland County
70358,29203,SC,202301,1164.66,0.0021,0.0991,Columbia,"Columbia, SC",Richland County
70358,29203,SC,202302,1184.57,0.0171,0.1242,Columbia,"Columbia, SC",Richland County
70358,29203,SC,202303,1185.14,0.0005,0.1357,Columbia,"Columbia, SC",Richland County
70358,29203,SC,202304,1205.0,0.0168,0.1246,Columbia,"Columbia, SC",Richland County
70358,29203,SC,202305,1216.66,0.0097,0.1062,Columbia,"Columbia, SC",Richland County
70358,29203,SC,202306,1240.42,0.0195,0.0963,Columbia,"Columbia, SC",Richland County
70358,29203,SC,202307,1261.23,0.0168,0.1021,Columbia,"Columbia, SC",Richland County
70358,29203,SC,202308,1260.84,-0.0003,0.1222,Columbia,"Columbia, SC",Richland County
70358,29203,SC,202309,1259.47,-0.0011,0.13,Columbia,"Columbia, SC",Richland County
70358,29203,SC,202310,1253.84,-0.0045,0.1294,Columbia,"Columbia, SC",Richland County
70358,29203,SC,202311,1260.13,0.005,0.1061,Columbia,"Columbia, SC",Richland County
70358,29203,SC,202312,1269.56,0.0075,0.0923,Columbia,"Columbia, SC",Richland County
70358,29203,SC,202401,1280.16,0.0084,0.0992,Columbia,"Columbia, SC",Richland County
70358,29203,SC,202402,1285.9,0.0045,0.0855,Columbia,"Columbia, SC",Richland County
70358,29203,SC,202403,1280.35,-0.0043,0.0803,Columbia,"Columbia, SC",Richland County
70358,29203,SC,202404,1284.98,0.0036,0.0664,Columbia,"Columbia, SC",Richland County
70358,29203,SC,202405,1293.5,0.0066,0.0632,Columbia,"Columbia, SC",Richland County
70358,29203,SC,202406,1301.86,0.0065,0.0495,Columbia,"Columbia, SC",Richland County
70358,29203,SC,202407,1301.56,-0.0002,0.032,Columbia,"Columbia, SC",Richland County
70358,29203,SC,202408,1308.14,0.0051,0.0375,Columbia,"Columbia, SC",Richland County
70358,29203,SC,202409,1299.97,-0.0063,0.0322,Columbia,"Columbia, SC",Richland County
70358,29203,SC,202410,1299.31,-0.0005,0.0363,Columbia,"Columbia, SC",Richland County
70358,29203,SC,202411,1281.68,-0.0136,0.0171,Columbia,"Columbia, SC",Richland County
70358,29203,SC,202412,1289.81,0.0064,0.016,Columbia,"Columbia, SC",Richland County
70358,29203,SC,202501,1294.09,0.0033,0.0109,Columbia,"Columbia, SC",Richland County
70358,29203,SC,202502,1331.97,0.0293,0.0358,Columbia,"Columbia, SC",Richland County
70358,29203,SC,202503,1351.98,0.015,0.0559,Columbia,"Columbia, SC",Richland County
70358,29203,SC,202504,1387.1,0.026,0.0795,Columbia,"Columbia, SC",Richland County
70358,29203,SC,202505,1383.56,-0.0026,0.0696,Columbia,"Columbia, SC",Richland County
70358,29203,SC,202506,1383.0,-0.0004,0.0623,Columbia,"Columbia, SC",Richland County
70358,29203,SC,202507,1377.34,-0.0041,0.0582,Columbia,"Columbia, SC",Richland County
70358,29203,SC,202508,1356.75,-0.015,0.0372,Columbia,"Columbia, SC",Richland County
70358,29203,SC,202509,1363.97,0.0053,0.0492,Columbia,"Columbia, SC",Richland County
70358,29203,SC,202510,1350.45,-0.0099,0.0394,Columbia,"Columbia, SC",Richland County
70358,29203,SC,202511,1360.42,0.0074,0.0614,Columbia,"Columbia, SC",Richland County
70358,29203,SC,202512,1353.53,-0.0051,0.0494,Columbia,"Columbia, SC",Richland County
70358,29203,SC,202601,1363.92,0.0077,0.054,Columbia,"Columbia, SC",Richland County
70358,29203,SC,202602,1383.02,0.014,0.0383,Columbia,"Columbia, SC",Richland County
70358,29203,SC,202603,1389.05,0.0044,0.0274,Columbia,"Columbia, SC",Richland County
70358,29203,SC,202604,1361.35,-0.0199,-0.0186,Columbia,"Columbia, SC",Richland County
70358,29203,SC,202605,1348.73,-0.0093,-0.0252,Columbia,"Columbia, SC",Richland County
70358,29203,SC,202606,1331.8,-0.0126,-0.037,Columbia,"Columbia, SC",Richland County
70358,29203,SC,202607,1358.83,0.0203,-0.0134,Columbia,"Columbia, SC",Richland County
70358,29203,SC,202608,1368.51,0.0071,0.0087,Columbia,"Columbia, SC",Richland County
70359,29204,SC,202203,1079.99,,,Columbia,"Columbia, SC",Richland County
70359,29204,SC,202204,1081.36,0.0013,,Columbia,"Columbia, SC",Richland County
70359,29204,SC,202205,1107.74,0.0244,,Columbia,"Columbia, SC",Richland County
70359,29204,SC,202206,1131.12,0.0211,,Columbia,"Columbia, SC",Richland County
70359,29204,SC,202207,1148.73,0.0156,,Columbia,"Columbia, SC",Richland County
70359,29204,SC,202208,1169.5,0.0181,,Columbia,"Columbia, SC",Richland County
70359,29204,SC,202209,1164.99,-0.0039,,Columbia,"Columbia, SC",Richland County
70359,29204,SC,202210,1176.43,0.0098,,Columbia,"Columbia, SC",Richland County
70359,29204,SC,202211,1188.21,0.01,,Columbia,"Columbia, SC",Richland County
70359,29204,SC,202212,1186.63,-0.0013,,Columbia,"Columbia, SC",Richland County
70359,29204,SC,202301,1179.92,-0.0057,,Columbia,"Columbia, SC",Richland County
70359,29204,SC,202302,1160.19,-0.0167,,Columbia,"Columbia, SC",Richland County
70359,29204,SC,202303,1181.34,0.0182,0.0938,Columbia,"Columbia, SC",Richland County
70359,29204,SC,202304,1190.09,0.0074,0.1006,Columbia,"Columbia, SC",Richland County
70359,29204,SC,202305,1219.49,0.0247,0.1009,Columbia,"Columbia, SC",Richland County
70359,29204,SC,202306,1229.75,0.0084,0.0872,Columbia,"Columbia, SC",Richland County
70359,29204,SC,202307,1254.53,0.0202,0.0921,Columbia,"Columbia, SC",Richland County
70359,29204,SC,202308,1250.59,-0.0031,0.0693,Columbia,"Columbia, SC",Richland County
70359,29204,SC,202309,1277.06,0.0212,0.0962,Columbia,"Columbia, SC",Richland County
70359,29204,SC,202310,1281.39,0.0034,0.0892,Columbia,"Columbia, SC",Richland County
70359,29204,SC,202311,1282.86,0.0011,0.0797,Columbia,"Columbia, SC",Richland County
70359,29204,SC,202312,1283.6,0.0006,0.0817,Columbia,"Columbia, SC",Richland County
70359,29204,SC,202401,1287.73,0.0032,0.0914,Columbia,"Columbia, SC",Richland County
70359,29204,SC,202402,1291.41,0.0029,0.1131,Columbia,"Columbia, SC",Richland County
70359,29204,SC,202403,1303.43,0.0093,0.1034,Columbia,"Columbia, SC",Richland County
70359,29204,SC,202404,1299.51,-0.003,0.0919,Columbia,"Columbia, SC",Richland County
70359,29204,SC,202405,1317.66,0.014,0.0805,Columbia,"Columbia, SC",Richland County
70359,29204,SC,202406,1320.85,0.0024,0.0741,Columbia,"Columbia, SC",Richland County
70359,29204,SC,202407,1342.27,0.0162,0.0699,Columbia,"Columbia, SC",Richland County
70359,29204,SC,202408,1329.9,-0.0092,0.0634,Columbia,"Columbia, SC",Richland County
70359,29204,SC,202409,1341.44,0.0087,0.0504,Columbia,"Columbia, SC",Richland County
70359,29204,SC,202410,1325.95,-0.0115,0.0348,Columbia,"Columbia, SC",Richland County
70359,29204,SC,202411,1337.16,0.0085,0.0423,Columbia,"Columbia, SC",Richland County
70359,29204,SC,202412,1321.09,-0.012,0.0292,Columbia,"Columbia, SC",Richland County
70359,29204,SC,202501,1328.1,0.0053,0.0313,Columbia,"Columbia, SC",Richland County
70359,29204,SC,202502,1331.57,0.0026,0.0311,Columbia,"Columbia, SC",Richland County
70359,29204,SC,202503,1363.31,0.0238,0.0459,Columbia,"Columbia, SC",Richland County
70359,29204,SC,202504,1392.69,0.0215,0.0717,Columbia,"Columbia, SC",Richland County
70359,29204,SC,202505,1421.9,0.021,0.0791,Columbia,"Columbia, SC",Richland County
70359,29204,SC,202506,1403.56,-0.0129,0.0626,Columbia,"Columbia, SC",Richland County
70359,29204,SC,202507,1397.38,-0.0044,0.0411,Columbia,"Columbia, SC",Richland County
70359,29204,SC,202508,1408.51,0.008,0.0591,Columbia,"Columbia, SC",Richland County
70359,29204,SC,202509,1400.67,-0.0056,0.0442,Columbia,"Columbia, SC",Richland County
70359,29204,SC,202510,1426.54,0.0185,0.0759,Columbia,"Columbia, SC",Richland County
70359,29204,SC,202511,1424.45,-0.0015,0.0653,Columbia,"Columbia, SC",Richland County
70359,29204,SC,202512,1446.54,0.0155,0.095,Columbia,"Columbia, SC",Richland County
70359,29204,SC,202601,1435.7,-0.0075,0.081,Columbia,"Columbia, SC",Richland County
70359,29204,SC,202602,1426.68,-0.0063,0.0714,Columbia,"Columbia, SC",Richland County
70359,29204,SC,202603,1428.94,0.0016,0.0481,Columbia,"Columbia, SC",Richland County
70359,29204,SC,202604,1401.41,-0.0193,0.0063,Columbia,"Columbia, SC",Richland County
70359,29204,SC,202605,1384.51,-0.0121,-0.0263,Columbia,"Columbia, SC",Richland County
70359,29204,SC,202606,1402.33,0.0129,-0.0009,Columbia,"Columbia, SC",Richland County
70359,29204,SC,202607,1407.82,0.0039,0.0075,Columbia,"Columbia, SC",Richland County
70359,29204,SC,202608,1462.22,0.0386,0.0381,Columbia,"Columbia, SC",Richland County
70360,29205,SC,201501,694.06,,,Columbia,"Columbia, SC",Richland County
70360,29205,SC,201502,696.96,0.0042,,Columbia,"Columbia, SC",Richland County
70360,29205,SC,201503,740.39,0.0623,,Columbia,"Columbia, SC",Richland County
70360,29205,SC,201504,740.37,-0.0,,Columbia,"Columbia, SC",Richland County
70360,29205,SC,201505,735.14,-0.0071,,Columbia,"Columbia, SC",Richland County
70360,29205,SC,201506,730.81,-0.0059,,Columbia,"Columbia, SC",Richland County
70360,29205,SC,201507,742.33,0.0158,,Columbia,"Columbia, SC",Richland County
70360,29205,SC,201508,743.48,0.0016,,Columbia,"Columbia, SC",Richland County
70360,29205,SC,201509,736.6,-0.0093,,Columbia,"Columbia, SC",Richland County
70360,29205,SC,201510,732.96,-0.005,,Columbia,"Columbia, SC",Richland County
70360,29205,SC,201511,738.62,0.0077,,Columbia,"Columbia, SC",Richland County
70360,29205,SC,201512,748.9,0.0139,,Columbia,"Columbia, SC",Richland County
70360,29205,SC,201601,756.41,0.01,0.0898,Columbia,"Columbia, SC",Richland County
70360,29205,SC,201602,754.86,-0.002,0.0831,Columbia,"Columbia, SC",Richland County
70360,29205,SC,201603,764.36,0.0126,0.0324,Columbia,"Columbia, SC",Richland County
70360,29205,SC,201604,767.87,0.0046,0.0372,Columbia,"Columbia, SC",Richland County
70360,29205,SC,201605,776.83,0.0117,0.0567,Columbia,"Columbia, SC",Richland County
70360,29205,SC,201606,772.02,-0.0062,0.0564,Columbia,"Columbia, SC",Richland County
70360,29205,SC,201607,767.12,-0.0064,0.0334,Columbia,"Columbia, SC",Richland County
70360,29205,SC,201608,761.82,-0.0069,0.0247,Columbia,"Columbia, SC",Richland County
70360,29205,SC,201609,755.65,-0.0081,0.0259,Columbia,"Columbia, SC",Richland County
70360,29205,SC,201610,752.09,-0.0047,0.0261,Columbia,"Columbia, SC",Richland County
70360,29205,SC,201611,765.15,0.0174,0.0359,Columbia,"Columbia, SC",Richland County
70360,29205,SC,201612,770.58,0.0071,0.0289,Columbia,"Columbia, SC",Richland County
70360,29205,SC,201701,777.72,0.0093,0.0282,Columbia,"Columbia, SC",Richland County
70360,29205,SC,201702,779.22,0.0019,0.0323,Columbia,"Columbia, SC",Richland County
70360,29205,SC,201703,796.93,0.0227,0.0426,Columbia,"Columbia, SC",Richland County
70360,29205,SC,201704,802.65,0.0072,0.0453,Columbia,"Columbia, SC",Richland County
70360,29205,SC,201705,797.7,-0.0062,0.0269,Columbia,"Columbia, SC",Richland County
70360,29205,SC,201706,794.57,-0.0039,0.0292,Columbia,"Columbia, SC",Richland County
70360,29205,SC,201707,802.83,0.0104,0.0466,Columbia,"Columbia, SC",Richland County
70360,29205,SC,201708,812.82,0.0124,0.0669,Columbia,"Columbia, SC",Richland County
70360,29205,SC,201709,804.78,-0.0099,0.065,Columbia,"Columbia, SC",Richland County
70360,29205,SC,201710,800.95,-0.0047,0.065,Columbia,"Columbia, SC",Richland County
70360,29205,SC,201711,791.02,-0.0124,0.0338,Columbia,"Columbia, SC",Richland County
70360,29205,SC,201712,797.64,0.0084,0.0351,Columbia,"Columbia, SC",Richland County
70360,29205,SC,201801,804.47,0.0086,0.0344,Columbia,"Columbia, SC",Richland County
70360,29205,SC,201802,822.54,0.0225,0.0556,Columbia,"Columbia, SC",Richland County
70360,29205,SC,201803,837.43,0.0181,0.0508,Columbia,"Columbia, SC",Richland County
70360,29205,SC,201804,848.77,0.0136,0.0575,Columbia,"Columbia, SC",Richland County
70360,29205,SC,201805,849.85,0.0013,0.0654,Columbia,"Columbia, SC",Richland County
70360,29205,SC,201806,854.69,0.0057,0.0757,Columbia,"Columbia, SC",Richland County
70360,29205,SC,201807,849.88,-0.0056,0.0586,Columbia,"Columbia, SC",Richland County
70360,29205,SC,201808,853.85,0.0047,0.0505,Columbia,"Columbia, SC",Richland County
70360,29205,SC,201809,850.23,-0.0042,0.0565,Columbia,"Columbia, SC",Richland County
70360,29205,SC,201810,845.74,-0.0053,0.0559,Columbia,"Columbia, SC",Richland County
70360,29205,SC,201811,846.74,0.0012,0.0704,Columbia,"Columbia, SC",Richland County
70360,29205,SC,201812,844.46,-0.0027,0.0587,Columbia,"Columbia, SC",Richland County
70360,29205,SC,201901,850.38,0.007,0.0571,Columbia,"Columbia, SC",Richland County
70360,29205,SC,201902,862.8,0.0146,0.0489,Columbia,"Columbia, SC",Richland County
70360,29205,SC,201903,886.48,0.0275,0.0586,Columbia,"Columbia, SC",Richland County
70360,29205,SC,201904,901.11,0.0165,0.0617,Columbia,"Columbia, SC",Richland County
70360,29205,SC,201905,902.37,0.0014,0.0618,Columbia,"Columbia, SC",Richland County
70360,29205,SC,201906,897.95,-0.0049,0.0506,Columbia,"Columbia, SC",Richland County
70360,29205,SC,201907,894.03,-0.0044,0.0519,Columbia,"Columbia, SC",Richland County
70360,29205,SC,201908,889.18,-0.0054,0.0414,Columbia,"Columbia, SC",Richland County
70360,29205,SC,201909,874.98,-0.016,0.0291,Columbia,"Columbia, SC",Richland County
70360,29205,SC,201910,874.21,-0.0009,0.0337,Columbia,"Columbia, SC",Richland County
70360,29205,SC,201911,888.28,0.0161,0.0491,Columbia,"Columbia, SC",Richland County
70360,29205,SC,201912,905.68,0.0196,0.0725,Columbia,"Columbia, SC",Richland County
70360,29205,SC,202001,929.98,0.0268,0.0936,Columbia,"Columbia, SC",Richland County
70360,29205,SC,202002,926.9,-0.0033,0.0743,Columbia,"Columbia, SC",Richland County
70360,29205,SC,202003,939.83,0.014,0.0602,Columbia,"Columbia, SC",Richland County
70360,29205,SC,202004,928.82,-0.0117,0.0308,Columbia,"Columbia, SC",Richland County
70360,29205,SC,202005,946.11,0.0186,0.0485,Columbia,"Columbia, SC",Richland County
70360,29205,SC,202006,954.37,0.0087,0.0628,Columbia,"Columbia, SC",Richland County
70360,29205,SC,202007,966.75,0.013,0.0813,Columbia,"Columbia, SC",Richland County
70360,29205,SC,202008,952.76,-0.0145,0.0715,Columbia,"Columbia, SC",Richland County
70360,29205,SC,202009,943.51,-0.0097,0.0783,Columbia,"Columbia, SC",Richland County
70360,29205,SC,202010,952.1,0.0091,0.0891,Columbia,"Columbia, SC",Richland County
70360,29205,SC,202011,969.36,0.0181,0.0913,Columbia,"Columbia, SC",Richland County
70360,29205,SC,202012,969.8,0.0005,0.0708,Columbia,"Columbia, SC",Richland County
70360,29205,SC,202101,980.22,0.0107,0.054,Columbia,"Columbia, SC",Richland County
70360,29205,SC,202102,971.59,-0.0088,0.0482,Columbia,"Columbia, SC",Richland County
70360,29205,SC,202103,990.92,0.0199,0.0544,Columbia,"Columbia, SC",Richland County
70360,29205,SC,202104,990.05,-0.0009,0.0659,Columbia,"Columbia, SC",Richland County
70360,29205,SC,202105,1018.08,0.0283,0.0761,Columbia,"Columbia, SC",Richland County
70360,29205,SC,202106,1026.21,0.008,0.0753,Columbia,"Columbia, SC",Richland County
70360,29205,SC,202107,1035.01,0.0086,0.0706,Columbia,"Columbia, SC",Richland County
70360,29205,SC,202108,1037.63,0.0025,0.0891,Columbia,"Columbia, SC",Richland County
70360,29205,SC,202109,1035.76,-0.0018,0.0978,Columbia,"Columbia, SC",Richland County
70360,29205,SC,202110,1059.78,0.0232,0.1131,Columbia,"Columbia, SC",Richland County
70360,29205,SC,202111,1082.93,0.0218,0.1172,Columbia,"Columbia, SC",Richland County
70360,29205,SC,202112,1099.37,0.0152,0.1336,Columbia,"Columbia, SC",Richland County
70360,29205,SC,202201,1087.46,-0.0108,0.1094,Columbia,"Columbia, SC",Richland County
70360,29205,SC,202202,1083.47,-0.0037,0.1152,Columbia,"Columbia, SC",Richland County
70360,29205,SC,202203,1095.27,0.0109,0.1053,Columbia,"Columbia, SC",Richland County
70360,29205,SC,202204,1108.78,0.0123,0.1199,Columbia,"Columbia, SC",Richland County
70360,29205,SC,202205,1123.88,0.0136,0.1039,Columbia,"Columbia, SC",Richland County
70360,29205,SC,202206,1132.82,0.008,0.1039,Columbia,"Columbia, SC",Richland County
70360,29205,SC,202207,1148.25,0.0136,0.1094,Columbia,"Columbia, SC",Richland County
70360,29205,SC,202208,1141.14,-0.0062,0.0997,Columbia,"Columbia, SC",Richland County
70360,29205,SC,202209,1148.11,0.0061,0.1085,Columbia,"Columbia, SC",Richland County
70360,29205,SC,202210,1153.23,0.0045,0.0882,Columbia,"Columbia, SC",Richland County
70360,29205,SC,202211,1183.59,0.0263,0.093,Columbia,"Columbia, SC",Richland County
70360,29205,SC,202212,1209.71,0.0221,0.1004,Columbia,"Columbia, SC",Richland County
70360,29205,SC,202301,1217.33,0.0063,0.1194,Columbia,"Columbia, SC",Richland County
70360,29205,SC,202302,1223.51,0.0051,0.1292,Columbia,"Columbia, SC",Richland County
70360,29205,SC,202303,1215.01,-0.0069,0.1093,Columbia,"Columbia, SC",Richland County
70360,29205,SC,202304,1230.71,0.0129,0.11,Columbia,"Columbia, SC",Richland County
70360,29205,SC,202305,1232.88,0.0018,0.097,Columbia,"Columbia, SC",Richland County
70360,29205,SC,202306,1246.81,0.0113,0.1006,Columbia,"Columbia, SC",Richland County
70360,29205,SC,202307,1254.86,0.0065,0.0928,Columbia,"Columbia, SC",Richland County
70360,29205,SC,202308,1261.55,0.0053,0.1055,Columbia,"Columbia, SC",Richland County
70360,29205,SC,202309,1271.0,0.0075,0.107,Columbia,"Columbia, SC",Richland County
70360,29205,SC,202310,1284.38,0.0105,0.1137,Columbia,"Columbia, SC",Richland County
70360,29205,SC,202311,1293.64,0.0072,0.093,Columbia,"Columbia, SC",Richland County
70360,29205,SC,202312,1298.75,0.004,0.0736,Columbia,"Columbia, SC",Richland County
70360,29205,SC,202401,1279.08,-0.0151,0.0507,Columbia,"Columbia, SC",Richland County
70360,29205,SC,202402,1284.67,0.0044,0.05,Columbia,"Columbia, SC",Richland County
70360,29205,SC,202403,1280.53,-0.0032,0.0539,Columbia,"Columbia, SC",Richland County
70360,29205,SC,202404,1308.07,0.0215,0.0629,Columbia,"Columbia, SC",Richland County
70360,29205,SC,202405,1313.43,0.0041,0.0653,Columbia,"Columbia, SC",Richland County
70360,29205,SC,202406,1332.02,0.0142,0.0683,Columbia,"Columbia, SC",Richland County
70360,29205,SC,202407,1343.02,0.0083,0.0703,Columbia,"Columbia, SC",Richland County
70360,29205,SC,202408,1337.02,-0.0045,0.0598,Columbia,"Columbia, SC",Richland County
70360,29205,SC,202409,1344.64,0.0057,0.0579,Columbia,"Columbia, SC",Richland County
70360,29205,SC,202410,1343.09,-0.0012,0.0457,Columbia,"Columbia, SC",Richland County
70360,29205,SC,202411,1366.63,0.0175,0.0564,Columbia,"Columbia, SC",Richland County
70360,29205,SC,202412,1366.21,-0.0003,0.0519,Columbia,"Columbia, SC",Richland County
70360,29205,SC,202501,1382.88,0.0122,0.0811,Columbia,"Columbia, SC",Richland County
70360,29205,SC,202502,1396.41,0.0098,0.087,Columbia,"Columbia, SC",Richland County
70360,29205,SC,202503,1424.32,0.02,0.1123,Columbia,"Columbia, SC",Richland County
70360,29205,SC,202504,1436.14,0.0083,0.0979,Columbia,"Columbia, SC",Richland County
70360,29205,SC,202505,1436.4,0.0002,0.0936,Columbia,"Columbia, SC",Richland County
70360,29205,SC,202506,1424.7,-0.0081,0.0696,Columbia,"Columbia, SC",Richland County
70360,29205,SC,202507,1409.02,-0.011,0.0491,Columbia,"Columbia, SC",Richland County
70360,29205,SC,202508,1401.87,-0.0051,0.0485,Columbia,"Columbia, SC",Richland County
70360,29205,SC,202509,1429.69,0.0198,0.0633,Columbia,"Columbia, SC",Richland County
70360,29205,SC,202510,1443.29,0.0095,0.0746,Columbia,"Columbia, SC",Richland County
70360,29205,SC,202511,1462.77,0.0135,0.0703,Columbia,"Columbia, SC",Richland County
70360,29205,SC,202512,1458.19,-0.0031,0.0673,Columbia,"Columbia, SC",Richland County
70360,29205,SC,202601,1475.3,0.0117,0.0668,Columbia,"Columbia, SC",Richland County
70360,29205,SC,202602,1491.88,0.0112,0.0684,Columbia,"Columbia, SC",Richland County
70360,29205,SC,202603,1500.6,0.0058,0.0536,Columbia,"Columbia, SC",Richland County
70360,29205,SC,202604,1516.91,0.0109,0.0562,Columbia,"Columbia, SC",Richland County
70360,29205,SC,202605,1510.49,-0.0042,0.0516,Columbia,"Columbia, SC",Richland County
70360,29205,SC,202606,1498.11,-0.0082,0.0515,Columbia,"Columbia, SC",Richland County
70360,29205,SC,202607,1466.69,-0.021,0.0409,Columbia,"Columbia, SC",Richland County
70360,29205,SC,202608,1458.61,-0.0055,0.0405,Columbia,"Columbia, SC",Richland County
70361,29206,SC,202111,1235.78,,,Columbia,"Columbia, SC",Richland County
70361,29206,SC,202112,1219.6,-0.0131,,Columbia,"Columbia, SC",Richland County
70361,29206,SC,202201,1221.83,0.0018,,Columbia,"Columbia, SC",Richland County
70361,29206,SC,202203,1266.19,0.0363,,Columbia,"Columbia, SC",Richland County
70361,29206,SC,202204,1292.95,0.0211,,Columbia,"Columbia, SC",Richland County
70361,29206,SC,202205,1292.58,-0.0003,,Columbia,"Columbia, SC",Richland County
70361,29206,SC,202206,1292.14,-0.0003,,Columbia,"Columbia, SC",Richland County
70361,29206,SC,202207,1302.37,0.0079,,Columbia,"Columbia, SC",Richland County
70361,29206,SC,202208,1327.55,0.0193,,Columbia,"Columbia, SC",Richland County
70361,29206,SC,202209,1356.82,0.0221,,Columbia,"Columbia, SC",Richland County
70361,29206,SC,202210,1341.18,-0.0115,,Columbia,"Columbia, SC",Richland County
70361,29206,SC,202211,1332.96,-0.0061,,Columbia,"Columbia, SC",Richland County
70361,29206,SC,202212,1289.81,-0.0324,0.0437,Columbia,"Columbia, SC",Richland County
70361,29206,SC,202301,1287.59,-0.0017,0.0557,Columbia,"Columbia, SC",Richland County
70361,29206,SC,202302,1291.29,0.0029,0.0568,Columbia,"Columbia, SC",Richland County
70361,29206,SC,202303,1322.62,0.0243,0.0446,Columbia,"Columbia, SC",Richland County
70361,29206,SC,202304,1338.85,0.0123,0.0355,Columbia,"Columbia, SC",Richland County
70361,29206,SC,202305,1353.93,0.0113,0.0475,Columbia,"Columbia, SC",Richland County
70361,29206,SC,202306,1369.91,0.0118,0.0602,Columbia,"Columbia, SC",Richland County
70361,29206,SC,202307,1394.51,0.018,0.0708,Columbia,"Columbia, SC",Richland County
70361,29206,SC,202308,1391.82,-0.0019,0.0484,Columbia,"Columbia, SC",Richland County
70361,29206,SC,202309,1396.15,0.0031,0.029,Columbia,"Columbia, SC",Richland County
70361,29206,SC,202310,1393.28,-0.0021,0.0388,Columbia,"Columbia, SC",Richland County
70361,29206,SC,202311,1396.8,0.0025,0.0479,Columbia,"Columbia, SC",Richland County
70361,29206,SC,202312,1388.11,-0.0062,0.0762,Columbia,"Columbia, SC",Richland County
70361,29206,SC,202401,1375.43,-0.0091,0.0682,Columbia,"Columbia, SC",Richland County
70361,29206,SC,202402,1349.78,-0.0187,0.0453,Columbia,"Columbia, SC",Richland County
70361,29206,SC,202403,1361.52,0.0087,0.0294,Columbia,"Columbia, SC",Richland County
70361,29206,SC,202404,1386.19,0.0181,0.0354,Columbia,"Columbia, SC",Richland County
70361,29206,SC,202405,1440.32,0.039,0.0638,Columbia,"Columbia, SC",Richland County
70361,29206,SC,202406,1455.69,0.0107,0.0626,Columbia,"Columbia, SC",Richland County
70361,29206,SC,202407,1447.22,-0.0058,0.0378,Columbia,"Columbia, SC",Richland County
70361,29206,SC,202408,1440.46,-0.0047,0.0349,Columbia,"Columbia, SC",Richland County
70361,29206,SC,202409,1444.69,0.0029,0.0348,Columbia,"Columbia, SC",Richland County
70361,29206,SC,202410,1450.93,0.0043,0.0414,Columbia,"Columbia, SC",Richland County
70361,29206,SC,202411,1461.45,0.0073,0.0463,Columbia,"Columbia, SC",Richland County
70361,29206,SC,202412,1474.14,0.0087,0.062,Columbia,"Columbia, SC",Richland County
70361,29206,SC,202501,1482.91,0.006,0.0781,Columbia,"Columbia, SC",Richland County
70361,29206,SC,202502,1491.22,0.0056,0.1048,Columbia,"Columbia, SC",Richland County
70361,29206,SC,202503,1475.12,-0.0108,0.0834,Columbia,"Columbia, SC",Richland County
70361,29206,SC,202504,1493.95,0.0128,0.0777,Columbia,"Columbia, SC",Richland County
70361,29206,SC,202505,1499.59,0.0038,0.0412,Columbia,"Columbia, SC",Richland County
70361,29206,SC,202506,1519.06,0.013,0.0435,Columbia,"Columbia, SC",Richland County
70361,29206,SC,202507,1502.55,-0.0109,0.0382,Columbia,"Columbia, SC",Richland County
70361,29206,SC,202508,1504.23,0.0011,0.0443,Columbia,"Columbia, SC",Richland County
70361,29206,SC,202509,1482.69,-0.0143,0.0263,Columbia,"Columbia, SC",Richland County
70361,29206,SC,202510,1474.03,-0.0058,0.0159,Columbia,"Columbia, SC",Richland County
70361,29206,SC,202511,1478.31,0.0029,0.0115,Columbia,"Columbia, SC",Richland County
70361,29206,SC,202512,1492.66,0.0097,0.0126,Columbia,"Columbia, SC",Richland County
70361,29206,SC,202601,1511.03,0.0123,0.019,Columbia,"Columbia, SC",Richland County
70361,29206,SC,202602,1516.13,0.0034,0.0167,Columbia,"Columbia, SC",Richland County
70361,29206,SC,202603,1549.83,0.0222,0.0506,Columbia,"Columbia, SC",Richland County
70361,29206,SC,202604,1522.35,-0.0177,0.019,Columbia,"Columbia, SC",Richland County
70361,29206,SC,202605,1530.42,0.0053,0.0206,Columbia,"Columbia, SC",Richland County
70361,29206,SC,202606,1507.13,-0.0152,-0.0079,Columbia,"Columbia, SC",Richland County
70361,29206,SC,202607,1527.53,0.0135,0.0166,Columbia,"Columbia, SC",Richland County
70361,29206,SC,202608,1531.31,0.0025,0.018,Columbia,"Columbia, SC",Richland County
70364,29209,SC,201501,798.29,,,Columbia,"Columbia, SC",Richland County
70364,29209,SC,201502,796.78,-0.0019,,Columbia,"Columbia, SC",Richland County
70364,29209,SC,201503,800.59,0.0048,,Columbia,"Columbia, SC",Richland County
70364,29209,SC,201504,806.42,0.0073,,Columbia,"Columbia, SC",Richland County
70364,29209,SC,201505,814.91,0.0105,,Columbia,"Columbia, SC",Richland County
70364,29209,SC,201506,815.59,0.0008,,Columbia,"Columbia, SC",Richland County
70364,29209,SC,201507,811.74,-0.0047,,Columbia,"Columbia, SC",Richland County
70364,29209,SC,201508,816.88,0.0063,,Columbia,"Columbia, SC",Richland County
70364,29209,SC,201509,817.8,0.0011,,Columbia,"Columbia, SC",Richland County
70364,29209,SC,201510,821.02,0.0039,,Columbia,"Columbia, SC",Richland County
70364,29209,SC,201511,811.21,-0.012,,Columbia,"Columbia, SC",Richland County
70364,29209,SC,201512,815.0,0.0047,,Columbia,"Columbia, SC",Richland County
70364,29209,SC,201601,816.42,0.0017,0.0227,Columbia,"Columbia, SC",Richland County
70364,29209,SC,201602,829.89,0.0165,0.0416,Columbia,"Columbia, SC",Richland County
70364,29209,SC,201603,823.18,-0.0081,0.0282,Columbia,"Columbia, SC",Richland County
70364,29209,SC,201604,815.35,-0.0095,0.0111,Columbia,"Columbia, SC",Richland County
70364,29209,SC,201605,821.94,0.0081,0.0086,Columbia,"Columbia, SC",Richland County
70364,29209,SC,201606,835.41,0.0164,0.0243,Columbia,"Columbia, SC",Richland County
70364,29209,SC,201607,853.25,0.0213,0.0511,Columbia,"Columbia, SC",Richland County
70364,29209,SC,201608,842.28,-0.0128,0.0311,Columbia,"Columbia, SC",Richland County
70364,29209,SC,201609,842.54,0.0003,0.0302,Columbia,"Columbia, SC",Richland County
70364,29209,SC,201610,848.08,0.0066,0.033,Columbia,"Columbia, SC",Richland County
70364,29209,SC,201611,860.83,0.015,0.0612,Columbia,"Columbia, SC",Richland County
70364,29209,SC,201612,859.42,-0.0016,0.0545,Columbia,"Columbia, SC",Richland County
70364,29209,SC,201701,854.15,-0.0061,0.0462,Columbia,"Columbia, SC",Richland County
70364,29209,SC,201702,846.31,-0.0092,0.0198,Columbia,"Columbia, SC",Richland County
70364,29209,SC,201703,847.88,0.0018,0.03,Columbia,"Columbia, SC",Richland County
70364,29209,SC,201704,848.47,0.0007,0.0406,Columbia,"Columbia, SC",Richland County
70364,29209,SC,201705,867.84,0.0228,0.0558,Columbia,"Columbia, SC",Richland County
70364,29209,SC,201706,875.73,0.0091,0.0483,Columbia,"Columbia, SC",Richland County
70364,29209,SC,201707,888.95,0.0151,0.0418,Columbia,"Columbia, SC",Richland County
70364,29209,SC,201708,894.62,0.0064,0.0621,Columbia,"Columbia, SC",Richland County
70364,29209,SC,201709,897.67,0.0034,0.0654,Columbia,"Columbia, SC",Richland County
70364,29209,SC,201710,901.66,0.0044,0.0632,Columbia,"Columbia, SC",Richland County
70364,29209,SC,201711,892.66,-0.01,0.037,Columbia,"Columbia, SC",Richland County
70364,29209,SC,201712,888.93,-0.0042,0.0343,Columbia,"Columbia, SC",Richland County
70364,29209,SC,201801,892.45,0.004,0.0448,Columbia,"Columbia, SC",Richland County
70364,29209,SC,201802,889.87,-0.0029,0.0515,Columbia,"Columbia, SC",Richland County
70364,29209,SC,201803,899.94,0.0113,0.0614,Columbia,"Columbia, SC",Richland County
70364,29209,SC,201804,901.99,0.0023,0.0631,Columbia,"Columbia, SC",Richland County
70364,29209,SC,201805,915.82,0.0153,0.0553,Columbia,"Columbia, SC",Richland County
70364,29209,SC,201806,919.86,0.0044,0.0504,Columbia,"Columbia, SC",Richland County
70364,29209,SC,201807,913.11,-0.0073,0.0272,Columbia,"Columbia, SC",Richland County
70364,29209,SC,201808,919.39,0.0069,0.0277,Columbia,"Columbia, SC",Richland County
70364,29209,SC,201809,919.1,-0.0003,0.0239,Columbia,"Columbia, SC",Richland County
70364,29209,SC,201810,925.35,0.0068,0.0263,Columbia,"Columbia, SC",Richland County
70364,29209,SC,201811,926.44,0.0012,0.0378,Columbia,"Columbia, SC",Richland County
70364,29209,SC,201812,940.24,0.0149,0.0577,Columbia,"Columbia, SC",Richland County
70364,29209,SC,201901,948.11,0.0084,0.0624,Columbia,"Columbia, SC",Richland County
70364,29209,SC,201902,954.24,0.0065,0.0723,Columbia,"Columbia, SC",Richland County
70364,29209,SC,201903,957.33,0.0032,0.0638,Columbia,"Columbia, SC",Richland County
70364,29209,SC,201904,960.29,0.0031,0.0646,Columbia,"Columbia, SC",Richland County
70364,29209,SC,201905,959.51,-0.0008,0.0477,Columbia,"Columbia, SC",Richland County
70364,29209,SC,201906,964.71,0.0054,0.0488,Columbia,"Columbia, SC",Richland County
70364,29209,SC,201907,970.17,0.0057,0.0625,Columbia,"Columbia, SC",Richland County
70364,29209,SC,201908,969.48,-0.0007,0.0545,Columbia,"Columbia, SC",Richland County
70364,29209,SC,201909,958.64,-0.0112,0.043,Columbia,"Columbia, SC",Richland County
70364,29209,SC,201910,973.37,0.0154,0.0519,Columbia,"Columbia, SC",Richland County
70364,29209,SC,201911,975.44,0.0021,0.0529,Columbia,"Columbia, SC",Richland County
70364,29209,SC,201912,991.72,0.0167,0.0548,Columbia,"Columbia, SC",Richland County
70364,29209,SC,202001,991.83,0.0001,0.0461,Columbia,"Columbia, SC",Richland County
70364,29209,SC,202002,993.03,0.0012,0.0407,Columbia,"Columbia, SC",Richland County
70364,29209,SC,202003,1005.82,0.0129,0.0507,Columbia,"Columbia, SC",Richland County
70364,29209,SC,202004,1004.24,-0.0016,0.0458,Columbia,"Columbia, SC",Richland County
70364,29209,SC,202005,1025.16,0.0208,0.0684,Columbia,"Columbia, SC",Richland County
70364,29209,SC,202006,1021.35,-0.0037,0.0587,Columbia,"Columbia, SC",Richland County
70364,29209,SC,202007,1029.28,0.0078,0.0609,Columbia,"Columbia, SC",Richland County
70364,29209,SC,202008,1023.12,-0.006,0.0553,Columbia,"Columbia, SC",Richland County
70364,29209,SC,202009,1029.69,0.0064,0.0741,Columbia,"Columbia, SC",Richland County
70364,29209,SC,202010,1031.54,0.0018,0.0598,Columbia,"Columbia, SC",Richland County
70364,29209,SC,202011,1032.38,0.0008,0.0584,Columbia,"Columbia, SC",Richland County
70364,29209,SC,202012,1032.49,0.0001,0.0411,Columbia,"Columbia, SC",Richland County
70364,29209,SC,202101,1032.97,0.0005,0.0415,Columbia,"Columbia, SC",Richland County
70364,29209,SC,202102,1050.79,0.0173,0.0582,Columbia,"Columbia, SC",Richland County
70364,29209,SC,202103,1066.56,0.015,0.0604,Columbia,"Columbia, SC",Richland County
70364,29209,SC,202104,1101.18,0.0325,0.0965,Columbia,"Columbia, SC",Richland County
70364,29209,SC,202105,1121.75,0.0187,0.0942,Columbia,"Columbia, SC",Richland County
70364,29209,SC,202106,1133.08,0.0101,0.1094,Columbia,"Columbia, SC",Richland County
70364,29209,SC,202107,1122.8,-0.0091,0.0909,Columbia,"Columbia, SC",Richland County
70364,29209,SC,202108,1125.85,0.0027,0.1004,Columbia,"Columbia, SC",Richland County
70364,29209,SC,202109,1141.46,0.0139,0.1085,Columbia,"Columbia, SC",Richland County
70364,29209,SC,202110,1167.3,0.0226,0.1316,Columbia,"Columbia, SC",Richland County
70364,29209,SC,202111,1185.05,0.0152,0.1479,Columbia,"Columbia, SC",Richland County
70364,29209,SC,202112,1202.4,0.0146,0.1646,Columbia,"Columbia, SC",Richland County
70364,29209,SC,202201,1211.8,0.0078,0.1731,Columbia,"Columbia, SC",Richland County
70364,29209,SC,202202,1218.53,0.0056,0.1596,Columbia,"Columbia, SC",Richland County
70364,29209,SC,202203,1223.12,0.0038,0.1468,Columbia,"Columbia, SC",Richland County
70364,29209,SC,202204,1223.38,0.0002,0.111,Columbia,"Columbia, SC",Richland County
70364,29209,SC,202205,1245.52,0.0181,0.1103,Columbia,"Columbia, SC",Richland County
70364,29209,SC,202206,1247.32,0.0014,0.1008,Columbia,"Columbia, SC",Richland County
70364,29209,SC,202207,1278.51,0.025,0.1387,Columbia,"Columbia, SC",Richland County
70364,29209,SC,202208,1274.55,-0.0031,0.1321,Columbia,"Columbia, SC",Richland County
70364,29209,SC,202209,1278.79,0.0033,0.1203,Columbia,"Columbia, SC",Richland County
70364,29209,SC,202210,1264.7,-0.011,0.0834,Columbia,"Columbia, SC",Richland County
70364,29209,SC,202211,1269.07,0.0035,0.0709,Columbia,"Columbia, SC",Richland County
70364,29209,SC,202212,1265.33,-0.0029,0.0523,Columbia,"Columbia, SC",Richland County
70364,29209,SC,202301,1254.5,-0.0086,0.0352,Columbia,"Columbia, SC",Richland County
70364,29209,SC,202302,1260.08,0.0044,0.0341,Columbia,"Columbia, SC",Richland County
70364,29209,SC,202303,1279.51,0.0154,0.0461,Columbia,"Columbia, SC",Richland County
70364,29209,SC,202304,1322.26,0.0334,0.0808,Columbia,"Columbia, SC",Richland County
70364,29209,SC,202305,1341.87,0.0148,0.0774,Columbia,"Columbia, SC",Richland County
70364,29209,SC,202306,1373.83,0.0238,0.1014,Columbia,"Columbia, SC",Richland County
70364,29209,SC,202307,1387.22,0.0097,0.085,Columbia,"Columbia, SC",Richland County
70364,29209,SC,202308,1403.67,0.0119,0.1013,Columbia,"Columbia, SC",Richland County
70364,29209,SC,202309,1403.14,-0.0004,0.0972,Columbia,"Columbia, SC",Richland County
70364,29209,SC,202310,1391.54,-0.0083,0.1003,Columbia,"Columbia, SC",Richland County
70364,29209,SC,202311,1385.08,-0.0046,0.0914,Columbia,"Columbia, SC",Richland County
70364,29209,SC,202312,1379.42,-0.0041,0.0902,Columbia,"Columbia, SC",Richland County
70364,29209,SC,202401,1384.37,0.0036,0.1035,Columbia,"Columbia, SC",Richland County
70364,29209,SC,202402,1377.35,-0.0051,0.0931,Columbia,"Columbia, SC",Richland County
70364,29209,SC,202403,1373.36,-0.0029,0.0734,Columbia,"Columbia, SC",Richland County
70364,29209,SC,202404,1386.58,0.0096,0.0486,Columbia,"Columbia, SC",Richland County
70364,29209,SC,202405,1405.56,0.0137,0.0475,Columbia,"Columbia, SC",Richland County
70364,29209,SC,202406,1428.37,0.0162,0.0397,Columbia,"Columbia, SC",Richland County
70364,29209,SC,202407,1433.17,0.0034,0.0331,Columbia,"Columbia, SC",Richland County
70364,29209,SC,202408,1436.56,0.0024,0.0234,Columbia,"Columbia, SC",Richland County
70364,29209,SC,202409,1429.42,-0.005,0.0187,Columbia,"Columbia, SC",Richland County
70364,29209,SC,202410,1431.84,0.0017,0.029,Columbia,"Columbia, SC",Richland County
70364,29209,SC,202411,1465.33,0.0234,0.0579,Columbia,"Columbia, SC",Richland County
70364,29209,SC,202412,1492.53,0.0186,0.082,Columbia,"Columbia, SC",Richland County
70364,29209,SC,202501,1506.35,0.0093,0.0881,Columbia,"Columbia, SC",Richland County
70364,29209,SC,202502,1474.28,-0.0213,0.0704,Columbia,"Columbia, SC",Richland County
70364,29209,SC,202503,1472.57,-0.0012,0.0722,Columbia,"Columbia, SC",Richland County
70364,29209,SC,202504,1452.2,-0.0138,0.0473,Columbia,"Columbia, SC",Richland County
70364,29209,SC,202505,1470.29,0.0125,0.0461,Columbia,"Columbia, SC",Richland County
70364,29209,SC,202506,1488.29,0.0122,0.0419,Columbia,"Columbia, SC",Richland County
70364,29209,SC,202507,1522.79,0.0232,0.0625,Columbia,"Columbia, SC",Richland County
70364,29209,SC,202508,1533.58,0.0071,0.0675,Columbia,"Columbia, SC",Richland County
70364,29209,SC,202509,1533.58,-0.0,0.0729,Columbia,"Columbia, SC",Richland County
70364,29209,SC,202510,1526.53,-0.0046,0.0661,Columbia,"Columbia, SC",Richland County
70364,29209,SC,202511,1509.74,-0.011,0.0303,Columbia,"Columbia, SC",Richland County
70364,29209,SC,202512,1494.44,-0.0101,0.0013,Columbia,"Columbia, SC",Richland County
70364,29209,SC,202601,1493.5,-0.0006,-0.0085,Columbia,"Columbia, SC",Richland County
70364,29209,SC,202602,1510.62,0.0115,0.0246,Columbia,"Columbia, SC",Richland County
70364,29209,SC,202603,1505.06,-0.0037,0.0221,Columbia,"Columbia, SC",Richland County
70364,29209,SC,202604,1506.65,0.0011,0.0375,Columbia,"Columbia, SC",Richland County
70364,29209,SC,202605,1501.79,-0.0032,0.0214,Columbia,"Columbia, SC",Richland County
70364,29209,SC,202606,1514.5,0.0085,0.0176,Columbia,"Columbia, SC",Richland County
70364,29209,SC,202607,1522.64,0.0054,-0.0001,Columbia,"Columbia, SC",Richland County
70364,29209,SC,202608,1538.09,0.0101,0.0029,Columbia,"Columbia, SC",Richland County
70365,29210,SC,201705,674.11,,,Columbia,"Columbia, SC",Richland County
70365,29210,SC,201706,671.2,-0.0043,,Columbia,"Columbia, SC",Richland County
70365,29210,SC,201707,674.84,0.0054,,Columbia,"Columbia, SC",Richland County
70365,29210,SC,201708,672.08,-0.0041,,Columbia,"Columbia, SC",Richland County
70365,29210,SC,201709,677.53,0.0081,,Columbia,"Columbia, SC",Richland County
70365,29210,SC,201710,676.21,-0.0019,,Columbia,"Columbia, SC",Richland County
70365,29210,SC,201711,681.59,0.008,,Columbia,"Columbia, SC",Richland County
70365,29210,SC,201712,686.4,0.0071,,Columbia,"Columbia, SC",Richland County
70365,29210,SC,201801,693.2,0.0099,,Columbia,"Columbia, SC",Richland County
70365,29210,SC,201802,692.09,-0.0016,,Columbia,"Columbia, SC",Richland County
70365,29210,SC,201803,703.35,0.0163,,Columbia,"Columbia, SC",Richland County
70365,29210,SC,201804,710.62,0.0103,,Columbia,"Columbia, SC",Richland County
70365,29210,SC,201805,718.0,0.0104,0.0651,Columbia,"Columbia, SC",Richland County
70365,29210,SC,201806,707.34,-0.0149,0.0538,Columbia,"Columbia, SC",Richland County
70365,29210,SC,201807,702.33,-0.0071,0.0407,Columbia,"Columbia, SC",Richland County
70365,29210,SC,201808,704.77,0.0035,0.0486,Columbia,"Columbia, SC",Richland County
70365,29210,SC,201809,705.95,0.0017,0.0419,Columbia,"Columbia, SC",Richland County
70365,29210,SC,201810,709.11,0.0045,0.0486,Columbia,"Columbia, SC",Richland County
70365,29210,SC,201811,702.86,-0.0088,0.0312,Columbia,"Columbia, SC",Richland County
70365,29210,SC,201812,707.47,0.0066,0.0307,Columbia,"Columbia, SC",Richland County
70365,29210,SC,201901,698.97,-0.012,0.0083,Columbia,"Columbia, SC",Richland County
70365,29210,SC,201902,718.94,0.0286,0.0388,Columbia,"Columbia, SC",Richland County
70365,29210,SC,201903,735.59,0.0232,0.0458,Columbia,"Columbia, SC",Richland County
70365,29210,SC,201904,764.17,0.0389,0.0754,Columbia,"Columbia, SC",Richland County
70365,29210,SC,201905,766.59,0.0032,0.0677,Columbia,"Columbia, SC",Richland County
70365,29210,SC,201906,772.81,0.0081,0.0926,Columbia,"Columbia, SC",Richland County
70365,29210,SC,201907,777.34,0.0059,0.1068,Columbia,"Columbia, SC",Richland County
70365,29210,SC,201908,776.37,-0.0012,0.1016,Columbia,"Columbia, SC",Richland County
70365,29210,SC,201909,764.74,-0.015,0.0833,Columbia,"Columbia, SC",Richland County
70365,29210,SC,201910,752.71,-0.0157,0.0615,Columbia,"Columbia, SC",Richland County
70365,29210,SC,201911,756.25,0.0047,0.076,Columbia,"Columbia, SC",Richland County
70365,29210,SC,201912,755.84,-0.0005,0.0684,Columbia,"Columbia, SC",Richland County
70365,29210,SC,202001,758.73,0.0038,0.0855,Columbia,"Columbia, SC",Richland County
70365,29210,SC,202002,753.82,-0.0065,0.0485,Columbia,"Columbia, SC",Richland County
70365,29210,SC,202003,745.26,-0.0114,0.0131,Columbia,"Columbia, SC",Richland County
70365,29210,SC,202004,746.99,0.0023,-0.0225,Columbia,"Columbia, SC",Richland County
70365,29210,SC,202005,755.74,0.0117,-0.0142,Columbia,"Columbia, SC",Richland County
70365,29210,SC,202006,770.31,0.0193,-0.0032,Columbia,"Columbia, SC",Richland County
70365,29210,SC,202007,778.14,0.0102,0.001,Columbia,"Columbia, SC",Richland County
70365,29210,SC,202008,782.1,0.0051,0.0074,Columbia,"Columbia, SC",Richland County
70365,29210,SC,202009,780.88,-0.0016,0.0211,Columbia,"Columbia, SC",Richland County
70365,29210,SC,202010,783.35,0.0032,0.0407,Columbia,"Columbia, SC",Richland County
70365,29210,SC,202011,780.71,-0.0034,0.0323,Columbia,"Columbia, SC",Richland County
70365,29210,SC,202012,794.36,0.0175,0.051,Columbia,"Columbia, SC",Richland County
70365,29210,SC,202101,810.01,0.0197,0.0676,Columbia,"Columbia, SC",Richland County
70365,29210,SC,202102,820.14,0.0125,0.088,Columbia,"Columbia, SC",Richland County
70365,29210,SC,202103,828.78,0.0105,0.1121,Columbia,"Columbia, SC",Richland County
70365,29210,SC,202104,825.51,-0.0039,0.1051,Columbia,"Columbia, SC",Richland County
70365,29210,SC,202105,834.62,0.011,0.1044,Columbia,"Columbia, SC",Richland County
70365,29210,SC,202106,843.57,0.0107,0.0951,Columbia,"Columbia, SC",Richland County
70365,29210,SC,202107,852.1,0.0101,0.0951,Columbia,"Columbia, SC",Richland County
70365,29210,SC,202108,854.2,0.0025,0.0922,Columbia,"Columbia, SC",Richland County
70365,29210,SC,202109,865.57,0.0133,0.1085,Columbia,"Columbia, SC",Richland County
70365,29210,SC,202110,882.3,0.0193,0.1263,Columbia,"Columbia, SC",Richland County
70365,29210,SC,202111,892.72,0.0118,0.1435,Columbia,"Columbia, SC",Richland County
70365,29210,SC,202112,907.66,0.0167,0.1426,Columbia,"Columbia, SC",Richland County
70365,29210,SC,202201,917.14,0.0104,0.1323,Columbia,"Columbia, SC",Richland County
70365,29210,SC,202202,932.03,0.0162,0.1364,Columbia,"Columbia, SC",Richland County
70365,29210,SC,202203,935.31,0.0035,0.1285,Columbia,"Columbia, SC",Richland County
70365,29210,SC,202204,950.84,0.0166,0.1518,Columbia,"Columbia, SC",Richland County
70365,29210,SC,202205,966.54,0.0165,0.1581,Columbia,"Columbia, SC",Richland County
70365,29210,SC,202206,979.11,0.013,0.1607,Columbia,"Columbia, SC",Richland County
70365,29210,SC,202207,974.67,-0.0045,0.1438,Columbia,"Columbia, SC",Richland County
70365,29210,SC,202208,982.5,0.008,0.1502,Columbia,"Columbia, SC",Richland County
70365,29210,SC,202209,985.34,0.0029,0.1384,Columbia,"Columbia, SC",Richland County
70365,29210,SC,202210,985.54,0.0002,0.117,Columbia,"Columbia, SC",Richland County
70365,29210,SC,202211,976.45,-0.0092,0.0938,Columbia,"Columbia, SC",Richland County
70365,29210,SC,202212,957.7,-0.0192,0.0551,Columbia,"Columbia, SC",Richland County
70365,29210,SC,202301,956.93,-0.0008,0.0434,Columbia,"Columbia, SC",Richland County
70365,29210,SC,202302,961.84,0.0051,0.032,Columbia,"Columbia, SC",Richland County
70365,29210,SC,202303,986.21,0.0253,0.0544,Columbia,"Columbia, SC",Richland County
70365,29210,SC,202304,998.75,0.0127,0.0504,Columbia,"Columbia, SC",Richland County
70365,29210,SC,202305,1003.83,0.0051,0.0386,Columbia,"Columbia, SC",Richland County
70365,29210,SC,202306,1002.37,-0.0015,0.0238,Columbia,"Columbia, SC",Richland County
70365,29210,SC,202307,1012.76,0.0104,0.0391,Columbia,"Columbia, SC",Richland County
70365,29210,SC,202308,1029.15,0.0162,0.0475,Columbia,"Columbia, SC",Richland County
70365,29210,SC,202309,1036.44,0.0071,0.0519,Columbia,"Columbia, SC",Richland County
70365,29210,SC,202310,1036.22,-0.0002,0.0514,Columbia,"Columbia, SC",Richland County
70365,29210,SC,202311,1036.52,0.0003,0.0615,Columbia,"Columbia, SC",Richland County
70365,29210,SC,202312,1041.16,0.0045,0.0872,Columbia,"Columbia, SC",Richland County
70365,29210,SC,202401,1050.16,0.0086,0.0974,Columbia,"Columbia, SC",Richland County
70365,29210,SC,202402,1048.49,-0.0016,0.0901,Columbia,"Columbia, SC",Richland County
70365,29210,SC,202403,1044.85,-0.0035,0.0595,Columbia,"Columbia, SC",Richland County
70365,29210,SC,202404,1030.73,-0.0135,0.032,Columbia,"Columbia, SC",Richland County
70365,29210,SC,202405,1032.08,0.0013,0.0281,Columbia,"Columbia, SC",Richland County
70365,29210,SC,202406,1040.41,0.0081,0.0379,Columbia,"Columbia, SC",Richland County
70365,29210,SC,202407,1054.57,0.0136,0.0413,Columbia,"Columbia, SC",Richland County
70365,29210,SC,202408,1055.54,0.0009,0.0256,Columbia,"Columbia, SC",Richland County
70365,29210,SC,202409,1066.34,0.0102,0.0288,Columbia,"Columbia, SC",Richland County
70365,29210,SC,202410,1079.57,0.0124,0.0418,Columbia,"Columbia, SC",Richland County
70365,29210,SC,202411,1091.0,0.0106,0.0526,Columbia,"Columbia, SC",Richland County
70365,29210,SC,202412,1096.4,0.0049,0.053,Columbia,"Columbia, SC",Richland County
70365,29210,SC,202501,1089.54,-0.0063,0.0375,Columbia,"Columbia, SC",Richland County
70365,29210,SC,202502,1100.13,0.0097,0.0493,Columbia,"Columbia, SC",Richland County
70365,29210,SC,202503,1105.46,0.0048,0.058,Columbia,"Columbia, SC",Richland County
70365,29210,SC,202504,1119.68,0.0129,0.0863,Columbia,"Columbia, SC",Richland County
70365,29210,SC,202505,1121.35,0.0015,0.0865,Columbia,"Columbia, SC",Richland County
70365,29210,SC,202506,1113.38,-0.0071,0.0701,Columbia,"Columbia, SC",Richland County
70365,29210,SC,202507,1112.03,-0.0012,0.0545,Columbia,"Columbia, SC",Richland County
70365,29210,SC,202508,1109.97,-0.0019,0.0516,Columbia,"Columbia, SC",Richland County
70365,29210,SC,202509,1120.52,0.0095,0.0508,Columbia,"Columbia, SC",Richland County
70365,29210,SC,202510,1124.94,0.0039,0.042,Columbia,"Columbia, SC",Richland County
70365,29210,SC,202511,1137.75,0.0114,0.0429,Columbia,"Columbia, SC",Richland County
70365,29210,SC,202512,1146.54,0.0077,0.0457,Columbia,"Columbia, SC",Richland County
70365,29210,SC,202601,1159.59,0.0114,0.0643,Columbia,"Columbia, SC",Richland County
70365,29210,SC,202602,1156.51,-0.0027,0.0512,Columbia,"Columbia, SC",Richland County
70365,29210,SC,202603,1162.33,0.005,0.0514,Columbia,"Columbia, SC",Richland County
70365,29210,SC,202604,1161.73,-0.0005,0.0376,Columbia,"Columbia, SC",Richland County
70365,29210,SC,202605,1171.38,0.0083,0.0446,Columbia,"Columbia, SC",Richland County
70365,29210,SC,202606,1160.27,-0.0095,0.0421,Columbia,"Columbia, SC",Richland County
70365,29210,SC,202607,1152.93,-0.0063,0.0368,Columbia,"Columbia, SC",Richland County
70365,29210,SC,202608,1153.91,0.0009,0.0396,Columbia,"Columbia, SC",Richland County
70367,29212,SC,201702,950.2,,,Columbia,"Columbia, SC",Lexington County
70367,29212,SC,201703,952.48,0.0024,,Columbia,"Columbia, SC",Lexington County
70367,29212,SC,201704,959.15,0.007,,Columbia,"Columbia, SC",Lexington County
70367,29212,SC,201705,959.5,0.0004,,Columbia,"Columbia, SC",Lexington County
70367,29212,SC,201706,967.94,0.0088,,Columbia,"Columbia, SC",Lexington County
70367,29212,SC,201707,978.85,0.0113,,Columbia,"Columbia, SC",Lexington County
70367,29212,SC,201708,981.95,0.0032,,Columbia,"Columbia, SC",Lexington County
70367,29212,SC,201709,991.6,0.0098,,Columbia,"Columbia, SC",Lexington County
70367,29212,SC,201710,975.02,-0.0167,,Columbia,"Columbia, SC",Lexington County
70367,29212,SC,201711,947.95,-0.0278,,Columbia,"Columbia, SC",Lexington County
70367,29212,SC,201712,935.55,-0.0131,,Columbia,"Columbia, SC",Lexington County
70367,29212,SC,201801,945.29,0.0104,,Columbia,"Columbia, SC",Lexington County
70367,29212,SC,201802,972.77,0.0291,0.0237,Columbia,"Columbia, SC",Lexington County
70367,29212,SC,201803,985.74,0.0133,0.0349,Columbia,"Columbia, SC",Lexington County
70367,29212,SC,201804,969.78,-0.0162,0.0111,Columbia,"Columbia, SC",Lexington County
70367,29212,SC,201805,967.9,-0.0019,0.0088,Columbia,"Columbia, SC",Lexington County
70367,29212,SC,201806,970.73,0.0029,0.0029,Columbia,"Columbia, SC",Lexington County
70367,29212,SC,201807,990.91,0.0208,0.0123,Columbia,"Columbia, SC",Lexington County
70367,29212,SC,201808,998.42,0.0076,0.0168,Columbia,"Columbia, SC",Lexington County
70367,29212,SC,201809,997.73,-0.0007,0.0062,Columbia,"Columbia, SC",Lexington County
70367,29212,SC,201810,1017.34,0.0197,0.0434,Columbia,"Columbia, SC",Lexington County
70367,29212,SC,201811,1024.59,0.0071,0.0808,Columbia,"Columbia, SC",Lexington County
70367,29212,SC,201812,1037.91,0.013,0.1094,Columbia,"Columbia, SC",Lexington County
70367,29212,SC,201901,1026.05,-0.0114,0.0854,Columbia,"Columbia, SC",Lexington County
70367,29212,SC,201902,1023.27,-0.0027,0.0519,Columbia,"Columbia, SC",Lexington County
70367,29212,SC,201903,1015.36,-0.0077,0.03,Columbia,"Columbia, SC",Lexington County
70367,29212,SC,201904,1024.98,0.0095,0.0569,Columbia,"Columbia, SC",Lexington County
70367,29212,SC,201905,1037.26,0.012,0.0717,Columbia,"Columbia, SC",Lexington County
70367,29212,SC,201906,1055.57,0.0177,0.0874,Columbia,"Columbia, SC",Lexington County
70367,29212,SC,201907,1080.37,0.0235,0.0903,Columbia,"Columbia, SC",Lexington County
70367,29212,SC,201908,1089.01,0.008,0.0907,Columbia,"Columbia, SC",Lexington County
70367,29212,SC,201909,1081.06,-0.0073,0.0835,Columbia,"Columbia, SC",Lexington County
70367,29212,SC,201910,1068.5,-0.0116,0.0503,Columbia,"Columbia, SC",Lexington County
70367,29212,SC,201911,1047.8,-0.0194,0.0226,Columbia,"Columbia, SC",Lexington County
70367,29212,SC,201912,1059.18,0.0109,0.0205,Columbia,"Columbia, SC",Lexington County
70367,29212,SC,202001,1046.88,-0.0116,0.0203,Columbia,"Columbia, SC",Lexington County
70367,29212,SC,202002,1052.03,0.0049,0.0281,Columbia,"Columbia, SC",Lexington County
70367,29212,SC,202003,1063.23,0.0106,0.0472,Columbia,"Columbia, SC",Lexington County
70367,29212,SC,202004,1085.99,0.0214,0.0595,Columbia,"Columbia, SC",Lexington County
70367,29212,SC,202005,1109.78,0.0219,0.0699,Columbia,"Columbia, SC",Lexington County
70367,29212,SC,202006,1115.45,0.0051,0.0567,Columbia,"Columbia, SC",Lexington County
70367,29212,SC,202007,1113.17,-0.0021,0.0304,Columbia,"Columbia, SC",Lexington County
70367,29212,SC,202008,1123.12,0.0089,0.0313,Columbia,"Columbia, SC",Lexington County
70367,29212,SC,202009,1119.14,-0.0035,0.0352,Columbia,"Columbia, SC",Lexington County
70367,29212,SC,202010,1128.12,0.008,0.0558,Columbia,"Columbia, SC",Lexington County
70367,29212,SC,202011,1128.23,0.0001,0.0768,Columbia,"Columbia, SC",Lexington County
70367,29212,SC,202012,1126.51,-0.0015,0.0636,Columbia,"Columbia, SC",Lexington County
70367,29212,SC,202101,1129.4,0.0026,0.0788,Columbia,"Columbia, SC",Lexington County
70367,29212,SC,202102,1133.66,0.0038,0.0776,Columbia,"Columbia, SC",Lexington County
70367,29212,SC,202103,1156.73,0.0204,0.0879,Columbia,"Columbia, SC",Lexington County
70367,29212,SC,202104,1165.47,0.0076,0.0732,Columbia,"Columbia, SC",Lexington County
70367,29212,SC,202105,1180.38,0.0128,0.0636,Columbia,"Columbia, SC",Lexington County
70367,29212,SC,202106,1216.65,0.0307,0.0907,Columbia,"Columbia, SC",Lexington County
70367,29212,SC,202107,1262.22,0.0375,0.1339,Columbia,"Columbia, SC",Lexington County
70367,29212,SC,202108,1330.27,0.0539,0.1844,Columbia,"Columbia, SC",Lexington County
70367,29212,SC,202109,1318.63,-0.0087,0.1783,Columbia,"Columbia, SC",Lexington County
70367,29212,SC,202110,1333.96,0.0116,0.1825,Columbia,"Columbia, SC",Lexington County
70367,29212,SC,202111,1312.34,-0.0162,0.1632,Columbia,"Columbia, SC",Lexington County
70367,29212,SC,202112,1332.0,0.015,0.1824,Columbia,"Columbia, SC",Lexington County
70367,29212,SC,202201,1324.33,-0.0058,0.1726,Columbia,"Columbia, SC",Lexington County
70367,29212,SC,202202,1320.23,-0.0031,0.1646,Columbia,"Columbia, SC",Lexington County
70367,29212,SC,202203,1342.51,0.0169,0.1606,Columbia,"Columbia, SC",Lexington County
70367,29212,SC,202204,1353.0,0.0078,0.1609,Columbia,"Columbia, SC",Lexington County
70367,29212,SC,202205,1382.56,0.0218,0.1713,Columbia,"Columbia, SC",Lexington County
70367,29212,SC,202206,1390.6,0.0058,0.143,Columbia,"Columbia, SC",Lexington County
70367,29212,SC,202207,1407.08,0.0118,0.1148,Columbia,"Columbia, SC",Lexington County
70367,29212,SC,202208,1401.36,-0.0041,0.0534,Columbia,"Columbia, SC",Lexington County
70367,29212,SC,202209,1418.25,0.0121,0.0755,Columbia,"Columbia, SC",Lexington County
70367,29212,SC,202210,1410.3,-0.0056,0.0572,Columbia,"Columbia, SC",Lexington County
70367,29212,SC,202211,1423.1,0.0091,0.0844,Columbia,"Columbia, SC",Lexington County
70367,29212,SC,202212,1400.24,-0.0161,0.0512,Columbia,"Columbia, SC",Lexington County
70367,29212,SC,202301,1409.96,0.0069,0.0647,Columbia,"Columbia, SC",Lexington County
70367,29212,SC,202302,1403.21,-0.0048,0.0629,Columbia,"Columbia, SC",Lexington County
70367,29212,SC,202303,1435.28,0.0229,0.0691,Columbia,"Columbia, SC",Lexington County
70367,29212,SC,202304,1446.71,0.008,0.0693,Columbia,"Columbia, SC",Lexington County
70367,29212,SC,202305,1474.28,0.0191,0.0663,Columbia,"Columbia, SC",Lexington County
70367,29212,SC,202306,1468.25,-0.0041,0.0558,Columbia,"Columbia, SC",Lexington County
70367,29212,SC,202307,1471.1,0.0019,0.0455,Columbia,"Columbia, SC",Lexington County
70367,29212,SC,202308,1467.67,-0.0023,0.0473,Columbia,"Columbia, SC",Lexington County
70367,29212,SC,202309,1452.83,-0.0101,0.0244,Columbia,"Columbia, SC",Lexington County
70367,29212,SC,202310,1438.5,-0.0099,0.02,Columbia,"Columbia, SC",Lexington County
70367,29212,SC,202311,1432.43,-0.0042,0.0066,Columbia,"Columbia, SC",Lexington County
70367,29212,SC,202312,1445.09,0.0088,0.032,Columbia,"Columbia, SC",Lexington County
70367,29212,SC,202401,1462.57,0.0121,0.0373,Columbia,"Columbia, SC",Lexington County
70367,29212,SC,202402,1455.26,-0.005,0.0371,Columbia,"Columbia, SC",Lexington County
70367,29212,SC,202403,1456.48,0.0008,0.0148,Columbia,"Columbia, SC",Lexington County
70367,29212,SC,202404,1458.81,0.0016,0.0084,Columbia,"Columbia, SC",Lexington County
70367,29212,SC,202405,1469.28,0.0072,-0.0034,Columbia,"Columbia, SC",Lexington County
70367,29212,SC,202406,1484.57,0.0104,0.0111,Columbia,"Columbia, SC",Lexington County
70367,29212,SC,202407,1506.54,0.0148,0.0241,Columbia,"Columbia, SC",Lexington County
70367,29212,SC,202408,1532.48,0.0172,0.0442,Columbia,"Columbia, SC",Lexington County
70367,29212,SC,202409,1523.46,-0.0059,0.0486,Columbia,"Columbia, SC",Lexington County
70367,29212,SC,202410,1495.92,-0.0181,0.0399,Columbia,"Columbia, SC",Lexington County
70367,29212,SC,202411,1485.18,-0.0072,0.0368,Columbia,"Columbia, SC",Lexington County
70367,29212,SC,202412,1458.33,-0.0181,0.0092,Columbia,"Columbia, SC",Lexington County
70367,29212,SC,202501,1488.89,0.021,0.018,Columbia,"Columbia, SC",Lexington County
70367,29212,SC,202502,1504.8,0.0107,0.034,Columbia,"Columbia, SC",Lexington County
70367,29212,SC,202503,1563.64,0.0391,0.0736,Columbia,"Columbia, SC",Lexington County
70367,29212,SC,202504,1558.41,-0.0033,0.0683,Columbia,"Columbia, SC",Lexington County
70367,29212,SC,202505,1569.06,0.0068,0.0679,Columbia,"Columbia, SC",Lexington County
70367,29212,SC,202506,1559.38,-0.0062,0.0504,Columbia,"Columbia, SC",Lexington County
70367,29212,SC,202507,1577.92,0.0119,0.0474,Columbia,"Columbia, SC",Lexington County
70367,29212,SC,202508,1580.37,0.0016,0.0312,Columbia,"Columbia, SC",Lexington County
70367,29212,SC,202509,1578.43,-0.0012,0.0361,Columbia,"Columbia, SC",Lexington County
70367,29212,SC,202510,1542.06,-0.023,0.0308,Columbia,"Columbia, SC",Lexington County
70367,29212,SC,202511,1519.6,-0.0146,0.0232,Columbia,"Columbia, SC",Lexington County
70367,29212,SC,202512,1495.15,-0.0161,0.0252,Columbia,"Columbia, SC",Lexington County
70367,29212,SC,202601,1517.17,0.0147,0.019,Columbia,"Columbia, SC",Lexington County
70367,29212,SC,202602,1523.89,0.0044,0.0127,Columbia,"Columbia, SC",Lexington County
70367,29212,SC,202603,1560.06,0.0237,-0.0023,Columbia,"Columbia, SC",Lexington County
70367,29212,SC,202604,1543.66,-0.0105,-0.0095,Columbia,"Columbia, SC",Lexington County
70367,29212,SC,202605,1558.86,0.0098,-0.0065,Columbia,"Columbia, SC",Lexington County
70367,29212,SC,202606,1574.57,0.0101,0.0097,Columbia,"Columbia, SC",Lexington County
70367,29212,SC,202607,1611.66,0.0236,0.0214,Columbia,"Columbia, SC",Lexington County
70367,29212,SC,202608,1618.33,0.0041,0.024,Columbia,"Columbia, SC",Lexington County
70377,29223,SC,201506,835.1,,,Columbia,"Columbia, SC",Richland County
70377,29223,SC,201507,854.84,0.0236,,Columbia,"Columbia, SC",Richland County
70377,29223,SC,201508,857.63,0.0033,,Columbia,"Columbia, SC",Richland County
70377,29223,SC,201509,862.17,0.0053,,Columbia,"Columbia, SC",Richland County
70377,29223,SC,201510,856.03,-0.0071,,Columbia,"Columbia, SC",Richland County
70377,29223,SC,201511,857.07,0.0012,,Columbia,"Columbia, SC",Richland County
70377,29223,SC,201512,863.22,0.0072,,Columbia,"Columbia, SC",Richland County
70377,29223,SC,201601,862.48,-0.0009,,Columbia,"Columbia, SC",Richland County
70377,29223,SC,201602,859.1,-0.0039,,Columbia,"Columbia, SC",Richland County
70377,29223,SC,201603,846.27,-0.0149,,Columbia,"Columbia, SC",Richland County
70377,29223,SC,201604,860.5,0.0168,,Columbia,"Columbia, SC",Richland County
70377,29223,SC,201605,868.92,0.0098,,Columbia,"Columbia, SC",Richland County
70377,29223,SC,201606,889.91,0.0241,0.0656,Columbia,"Columbia, SC",Richland County
70377,29223,SC,201607,878.12,-0.0132,0.0272,Columbia,"Columbia, SC",Richland County
70377,29223,SC,201608,883.71,0.0064,0.0304,Columbia,"Columbia, SC",Richland County
70377,29223,SC,201609,874.16,-0.0108,0.0139,Columbia,"Columbia, SC",Richland County
70377,29223,SC,201610,882.06,0.009,0.0304,Columbia,"Columbia, SC",Richland County
70377,29223,SC,201611,879.82,-0.0026,0.0265,Columbia,"Columbia, SC",Richland County
70377,29223,SC,201612,883.55,0.0042,0.0236,Columbia,"Columbia, SC",Richland County
70377,29223,SC,201701,871.71,-0.0134,0.0107,Columbia,"Columbia, SC",Richland County
70377,29223,SC,201702,881.82,0.0116,0.0265,Columbia,"Columbia, SC",Richland County
70377,29223,SC,201703,886.2,0.005,0.0472,Columbia,"Columbia, SC",Richland County
70377,29223,SC,201704,891.15,0.0056,0.0356,Columbia,"Columbia, SC",Richland County
70377,29223,SC,201705,891.54,0.0004,0.026,Columbia,"Columbia, SC",Richland County
70377,29223,SC,201706,895.42,0.0043,0.0062,Columbia,"Columbia, SC",Richland County
70377,29223,SC,201707,911.84,0.0183,0.0384,Columbia,"Columbia, SC",Richland County
70377,29223,SC,201708,926.51,0.0161,0.0484,Columbia,"Columbia, SC",Richland County
70377,29223,SC,201709,926.46,-0.0001,0.0598,Columbia,"Columbia, SC",Richland County
70377,29223,SC,201710,920.39,-0.0065,0.0435,Columbia,"Columbia, SC",Richland County
70377,29223,SC,201711,907.16,-0.0144,0.0311,Columbia,"Columbia, SC",Richland County
70377,29223,SC,201712,911.85,0.0052,0.032,Columbia,"Columbia, SC",Richland County
70377,29223,SC,201801,915.88,0.0044,0.0507,Columbia,"Columbia, SC",Richland County
70377,29223,SC,201802,922.02,0.0067,0.0456,Columbia,"Columbia, SC",Richland County
70377,29223,SC,201803,924.55,0.0027,0.0433,Columbia,"Columbia, SC",Richland County
70377,29223,SC,201804,933.34,0.0095,0.0473,Columbia,"Columbia, SC",Richland County
70377,29223,SC,201805,934.19,0.0009,0.0478,Columbia,"Columbia, SC",Richland County
70377,29223,SC,201806,939.7,0.0059,0.0495,Columbia,"Columbia, SC",Richland County
70377,29223,SC,201807,931.16,-0.0091,0.0212,Columbia,"Columbia, SC",Richland County
70377,29223,SC,201808,933.64,0.0027,0.0077,Columbia,"Columbia, SC",Richland County
70377,29223,SC,201809,931.47,-0.0023,0.0054,Columbia,"Columbia, SC",Richland County
70377,29223,SC,201810,940.8,0.01,0.0222,Columbia,"Columbia, SC",Richland County
70377,29223,SC,201811,944.26,0.0037,0.0409,Columbia,"Columbia, SC",Richland County
70377,29223,SC,201812,940.86,-0.0036,0.0318,Columbia,"Columbia, SC",Richland County
70377,29223,SC,201901,944.77,0.0042,0.0315,Columbia,"Columbia, SC",Richland County
70377,29223,SC,201902,945.13,0.0004,0.0251,Columbia,"Columbia, SC",Richland County
70377,29223,SC,201903,956.63,0.0122,0.0347,Columbia,"Columbia, SC",Richland County
70377,29223,SC,201904,960.58,0.0041,0.0292,Columbia,"Columbia, SC",Richland County
70377,29223,SC,201905,968.12,0.0078,0.0363,Columbia,"Columbia, SC",Richland County
70377,29223,SC,201906,971.5,0.0035,0.0338,Columbia,"Columbia, SC",Richland County
70377,29223,SC,201907,975.69,0.0043,0.0478,Columbia,"Columbia, SC",Richland County
70377,29223,SC,201908,977.75,0.0021,0.0473,Columbia,"Columbia, SC",Richland County
70377,29223,SC,201909,976.67,-0.0011,0.0485,Columbia,"Columbia, SC",Richland County
70377,29223,SC,201910,970.96,-0.0059,0.0321,Columbia,"Columbia, SC",Richland County
70377,29223,SC,201911,977.08,0.0063,0.0348,Columbia,"Columbia, SC",Richland County
70377,29223,SC,201912,956.23,-0.0213,0.0163,Columbia,"Columbia, SC",Richland County
70377,29223,SC,202001,963.18,0.0073,0.0195,Columbia,"Columbia, SC",Richland County
70377,29223,SC,202002,967.16,0.0041,0.0233,Columbia,"Columbia, SC",Richland County
70377,29223,SC,202003,994.3,0.0281,0.0394,Columbia,"Columbia, SC",Richland County
70377,29223,SC,202004,1012.67,0.0185,0.0542,Columbia,"Columbia, SC",Richland County
70377,29223,SC,202005,1017.42,0.0047,0.0509,Columbia,"Columbia, SC",Richland County
70377,29223,SC,202006,1022.51,0.005,0.0525,Columbia,"Columbia, SC",Richland County
70377,29223,SC,202007,1018.7,-0.0037,0.0441,Columbia,"Columbia, SC",Richland County
70377,29223,SC,202008,1018.91,0.0002,0.0421,Columbia,"Columbia, SC",Richland County
70377,29223,SC,202009,1033.65,0.0145,0.0583,Columbia,"Columbia, SC",Richland County
70377,29223,SC,202010,1041.53,0.0076,0.0727,Columbia,"Columbia, SC",Richland County
70377,29223,SC,202011,1046.86,0.0051,0.0714,Columbia,"Columbia, SC",Richland County
70377,29223,SC,202012,1041.04,-0.0056,0.0887,Columbia,"Columbia, SC",Richland County
70377,29223,SC,202101,1044.94,0.0037,0.0849,Columbia,"Columbia, SC",Richland County
70377,29223,SC,202102,1056.75,0.0113,0.0926,Columbia,"Columbia, SC",Richland County
70377,29223,SC,202103,1067.24,0.0099,0.0734,Columbia,"Columbia, SC",Richland County
70377,29223,SC,202104,1073.45,0.0058,0.06,Columbia,"Columbia, SC",Richland County
70377,29223,SC,202105,1079.13,0.0053,0.0607,Columbia,"Columbia, SC",Richland County
70377,29223,SC,202106,1098.64,0.0181,0.0744,Columbia,"Columbia, SC",Richland County
70377,29223,SC,202107,1130.95,0.0294,0.1102,Columbia,"Columbia, SC",Richland County
70377,29223,SC,202108,1140.66,0.0086,0.1195,Columbia,"Columbia, SC",Richland County
70377,29223,SC,202109,1149.28,0.0076,0.1119,Columbia,"Columbia, SC",Richland County
70377,29223,SC,202110,1152.66,0.0029,0.1067,Columbia,"Columbia, SC",Richland County
70377,29223,SC,202111,1179.67,0.0234,0.1269,Columbia,"Columbia, SC",Richland County
70377,29223,SC,202112,1189.75,0.0085,0.1429,Columbia,"Columbia, SC",Richland County
70377,29223,SC,202201,1191.02,0.0011,0.1398,Columbia,"Columbia, SC",Richland County
70377,29223,SC,202202,1192.47,0.0012,0.1284,Columbia,"Columbia, SC",Richland County
70377,29223,SC,202203,1207.63,0.0127,0.1315,Columbia,"Columbia, SC",Richland County
70377,29223,SC,202204,1218.56,0.0091,0.1352,Columbia,"Columbia, SC",Richland County
70377,29223,SC,202205,1231.69,0.0108,0.1414,Columbia,"Columbia, SC",Richland County
70377,29223,SC,202206,1246.05,0.0117,0.1342,Columbia,"Columbia, SC",Richland County
70377,29223,SC,202207,1273.51,0.022,0.126,Columbia,"Columbia, SC",Richland County
70377,29223,SC,202208,1288.82,0.012,0.1299,Columbia,"Columbia, SC",Richland County
70377,29223,SC,202209,1298.77,0.0077,0.1301,Columbia,"Columbia, SC",Richland County
70377,29223,SC,202210,1303.66,0.0038,0.131,Columbia,"Columbia, SC",Richland County
70377,29223,SC,202211,1297.51,-0.0047,0.0999,Columbia,"Columbia, SC",Richland County
70377,29223,SC,202212,1281.97,-0.012,0.0775,Columbia,"Columbia, SC",Richland County
70377,29223,SC,202301,1263.92,-0.0141,0.0612,Columbia,"Columbia, SC",Richland County
70377,29223,SC,202302,1276.82,0.0102,0.0707,Columbia,"Columbia, SC",Richland County
70377,29223,SC,202303,1304.52,0.0217,0.0802,Columbia,"Columbia, SC",Richland County
70377,29223,SC,202304,1320.91,0.0126,0.084,Columbia,"Columbia, SC",Richland County
70377,29223,SC,202305,1332.36,0.0087,0.0817,Columbia,"Columbia, SC",Richland County
70377,29223,SC,202306,1335.95,0.0027,0.0721,Columbia,"Columbia, SC",Richland County
70377,29223,SC,202307,1348.59,0.0095,0.059,Columbia,"Columbia, SC",Richland County
70377,29223,SC,202308,1358.44,0.0073,0.054,Columbia,"Columbia, SC",Richland County
70377,29223,SC,202309,1365.54,0.0052,0.0514,Columbia,"Columbia, SC",Richland County
70377,29223,SC,202310,1360.8,-0.0035,0.0438,Columbia,"Columbia, SC",Richland County
70377,29223,SC,202311,1351.87,-0.0066,0.0419,Columbia,"Columbia, SC",Richland County
70377,29223,SC,202312,1362.84,0.0081,0.0631,Columbia,"Columbia, SC",Richland County
70377,29223,SC,202401,1381.72,0.0139,0.0932,Columbia,"Columbia, SC",Richland County
70377,29223,SC,202402,1388.4,0.0048,0.0874,Columbia,"Columbia, SC",Richland County
70377,29223,SC,202403,1385.01,-0.0024,0.0617,Columbia,"Columbia, SC",Richland County
70377,29223,SC,202404,1387.12,0.0015,0.0501,Columbia,"Columbia, SC",Richland County
70377,29223,SC,202405,1397.57,0.0075,0.0489,Columbia,"Columbia, SC",Richland County
70377,29223,SC,202406,1400.04,0.0018,0.048,Columbia,"Columbia, SC",Richland County
70377,29223,SC,202407,1396.73,-0.0024,0.0357,Columbia,"Columbia, SC",Richland County
70377,29223,SC,202408,1398.08,0.001,0.0292,Columbia,"Columbia, SC",Richland County
70377,29223,SC,202409,1386.94,-0.008,0.0157,Columbia,"Columbia, SC",Richland County
70377,29223,SC,202410,1390.38,0.0025,0.0217,Columbia,"Columbia, SC",Richland County
70377,29223,SC,202411,1397.32,0.005,0.0336,Columbia,"Columbia, SC",Richland County
70377,29223,SC,202412,1417.43,0.0144,0.0401,Columbia,"Columbia, SC",Richland County
70377,29223,SC,202501,1427.97,0.0074,0.0335,Columbia,"Columbia, SC",Richland County
70377,29223,SC,202502,1437.95,0.007,0.0357,Columbia,"Columbia, SC",Richland County
70377,29223,SC,202503,1449.72,0.0082,0.0467,Columbia,"Columbia, SC",Richland County
70377,29223,SC,202504,1452.54,0.0019,0.0472,Columbia,"Columbia, SC",Richland County
70377,29223,SC,202505,1445.17,-0.0051,0.0341,Columbia,"Columbia, SC",Richland County
70377,29223,SC,202506,1434.25,-0.0076,0.0244,Columbia,"Columbia, SC",Richland County
70377,29223,SC,202507,1431.94,-0.0016,0.0252,Columbia,"Columbia, SC",Richland County
70377,29223,SC,202508,1435.62,0.0026,0.0269,Columbia,"Columbia, SC",Richland County
70377,29223,SC,202509,1455.71,0.014,0.0496,Columbia,"Columbia, SC",Richland County
70377,29223,SC,202510,1465.94,0.007,0.0543,Columbia,"Columbia, SC",Richland County
70377,29223,SC,202511,1463.0,-0.002,0.047,Columbia,"Columbia, SC",Richland County
70377,29223,SC,202512,1458.97,-0.0028,0.0293,Columbia,"Columbia, SC",Richland County
70377,29223,SC,202601,1456.97,-0.0014,0.0203,Columbia,"Columbia, SC",Richland County
70377,29223,SC,202602,1454.81,-0.0015,0.0117,Columbia,"Columbia, SC",Richland County
70377,29223,SC,202603,1447.64,-0.0049,-0.0014,Columbia,"Columbia, SC",Richland County
70377,29223,SC,202604,1441.02,-0.0046,-0.0079,Columbia,"Columbia, SC",Richland County
70377,29223,SC,202605,1451.85,0.0075,0.0046,Columbia,"Columbia, SC",Richland County
70377,29223,SC,202606,1457.6,0.004,0.0163,Columbia,"Columbia, SC",Richland County
70377,29223,SC,202607,1473.97,0.0112,0.0294,Columbia,"Columbia, SC",Richland County
70377,29223,SC,202608,1480.38,0.0043,0.0312,Columbia,"Columbia, SC",Richland County
70383,29229,SC,201501,999.48,,,Columbia,"Columbia, SC",Richland County
70383,29229,SC,201502,1007.6,0.0081,,Columbia,"Columbia, SC",Richland County
70383,29229,SC,201503,1012.84,0.0052,,Columbia,"Columbia, SC",Richland County
70383,29229,SC,201504,1011.88,-0.0009,,Columbia,"Columbia, SC",Richland County
70383,29229,SC,201505,1016.67,0.0047,,Columbia,"Columbia, SC",Richland County
70383,29229,SC,201506,1021.59,0.0048,,Columbia,"Columbia, SC",Richland County
70383,29229,SC,201507,1024.11,0.0025,,Columbia,"Columbia, SC",Richland County
70383,29229,SC,201508,1022.64,-0.0014,,Columbia,"Columbia, SC",Richland County
70383,29229,SC,201509,1016.81,-0.0057,,Columbia,"Columbia, SC",Richland County
70383,29229,SC,201510,1016.34,-0.0005,,Columbia,"Columbia, SC",Richland County
70383,29229,SC,201511,1012.93,-0.0034,,Columbia,"Columbia, SC",Richland County
70383,29229,SC,201512,1016.41,0.0034,,Columbia,"Columbia, SC",Richland County
70383,29229,SC,201601,1017.04,0.0006,0.0176,Columbia,"Columbia, SC",Richland County
70383,29229,SC,201602,1029.87,0.0126,0.0221,Columbia,"Columbia, SC",Richland County
70383,29229,SC,201603,1035.35,0.0053,0.0222,Columbia,"Columbia, SC",Richland County
70383,29229,SC,201604,1035.6,0.0002,0.0234,Columbia,"Columbia, SC",Richland County
70383,29229,SC,201605,1037.95,0.0023,0.0209,Columbia,"Columbia, SC",Richland County
70383,29229,SC,201606,1039.89,0.0019,0.0179,Columbia,"Columbia, SC",Richland County
70383,29229,SC,201607,1042.79,0.0028,0.0182,Columbia,"Columbia, SC",Richland County
70383,29229,SC,201608,1038.23,-0.0044,0.0152,Columbia,"Columbia, SC",Richland County
70383,29229,SC,201609,1036.15,-0.002,0.019,Columbia,"Columbia, SC",Richland County
70383,29229,SC,201610,1034.71,-0.0014,0.0181,Columbia,"Columbia, SC",Richland County
70383,29229,SC,201611,1031.03,-0.0036,0.0179,Columbia,"Columbia, SC",Richland County
70383,29229,SC,201612,1032.95,0.0019,0.0163,Columbia,"Columbia, SC",Richland County
70383,29229,SC,201701,1033.39,0.0004,0.0161,Columbia,"Columbia, SC",Richland County
70383,29229,SC,201702,1038.13,0.0046,0.008,Columbia,"Columbia, SC",Richland County
70383,29229,SC,201703,1044.27,0.0059,0.0086,Columbia,"Columbia, SC",Richland County
70383,29229,SC,201704,1056.74,0.0119,0.0204,Columbia,"Columbia, SC",Richland County
70383,29229,SC,201705,1061.39,0.0044,0.0226,Columbia,"Columbia, SC",Richland County
70383,29229,SC,201706,1066.21,0.0045,0.0253,Columbia,"Columbia, SC",Richland County
70383,29229,SC,201707,1069.44,0.003,0.0256,Columbia,"Columbia, SC",Richland County
70383,29229,SC,201708,1069.12,-0.0003,0.0298,Columbia,"Columbia, SC",Richland County
70383,29229,SC,201709,1062.34,-0.0063,0.0253,Columbia,"Columbia, SC",Richland County
70383,29229,SC,201710,1062.85,0.0005,0.0272,Columbia,"Columbia, SC",Richland County
70383,29229,SC,201711,1067.36,0.0042,0.0352,Columbia,"Columbia, SC",Richland County
70383,29229,SC,201712,1069.73,0.0022,0.0356,Columbia,"Columbia, SC",Richland County
70383,29229,SC,201801,1069.89,0.0002,0.0353,Columbia,"Columbia, SC",Richland County
70383,29229,SC,201802,1079.02,0.0085,0.0394,Columbia,"Columbia, SC",Richland County
70383,29229,SC,201803,1092.48,0.0125,0.0462,Columbia,"Columbia, SC",Richland County
70383,29229,SC,201804,1091.48,-0.0009,0.0329,Columbia,"Columbia, SC",Richland County
70383,29229,SC,201805,1090.35,-0.001,0.0273,Columbia,"Columbia, SC",Richland County
70383,29229,SC,201806,1088.51,-0.0017,0.0209,Columbia,"Columbia, SC",Richland County
70383,29229,SC,201807,1098.18,0.0089,0.0269,Columbia,"Columbia, SC",Richland County
70383,29229,SC,201808,1102.0,0.0035,0.0307,Columbia,"Columbia, SC",Richland County
70383,29229,SC,201809,1108.93,0.0063,0.0439,Columbia,"Columbia, SC",Richland County
70383,29229,SC,201810,1112.82,0.0035,0.047,Columbia,"Columbia, SC",Richland County
70383,29229,SC,201811,1117.28,0.004,0.0468,Columbia,"Columbia, SC",Richland County
70383,29229,SC,201812,1119.41,0.0019,0.0464,Columbia,"Columbia, SC",Richland County
70383,29229,SC,201901,1085.97,-0.0299,0.015,Columbia,"Columbia, SC",Richland County
70383,29229,SC,201902,1095.39,0.0087,0.0152,Columbia,"Columbia, SC",Richland County
70383,29229,SC,201903,1105.13,0.0089,0.0116,Columbia,"Columbia, SC",Richland County
70383,29229,SC,201905,1152.59,0.0429,0.056,Columbia,"Columbia, SC",Richland County
70383,29229,SC,201906,1160.89,0.0072,0.0647,Columbia,"Columbia, SC",Richland County
70383,29229,SC,201907,1154.29,-0.0057,0.0604,Columbia,"Columbia, SC",Richland County
70383,29229,SC,201908,1136.28,-0.0156,0.0347,Columbia,"Columbia, SC",Richland County
70383,29229,SC,201909,1136.38,0.0001,0.0312,Columbia,"Columbia, SC",Richland County
70383,29229,SC,201910,1128.31,-0.0071,0.0175,Columbia,"Columbia, SC",Richland County
70383,29229,SC,201911,1144.98,0.0148,0.0289,Columbia,"Columbia, SC",Richland County
70383,29229,SC,201912,1131.37,-0.0119,0.0126,Columbia,"Columbia, SC",Richland County
70383,29229,SC,202001,1146.55,0.0134,0.0242,Columbia,"Columbia, SC",Richland County
70383,29229,SC,202002,1156.18,0.0084,0.0647,Columbia,"Columbia, SC",Richland County
70383,29229,SC,202003,1174.35,0.0157,0.0721,Columbia,"Columbia, SC",Richland County
70383,29229,SC,202004,1180.96,0.0056,0.0686,Columbia,"Columbia, SC",Richland County
70383,29229,SC,202005,1184.7,0.0032,0.0279,Columbia,"Columbia, SC",Richland County
70383,29229,SC,202006,1193.99,0.0078,0.0285,Columbia,"Columbia, SC",Richland County
70383,29229,SC,202007,1189.6,-0.0037,0.0306,Columbia,"Columbia, SC",Richland County
70383,29229,SC,202008,1205.48,0.0133,0.0609,Columbia,"Columbia, SC",Richland County
70383,29229,SC,202009,1206.54,0.0009,0.0617,Columbia,"Columbia, SC",Richland County
70383,29229,SC,202010,1289.6,0.0688,0.143,Columbia,"Columbia, SC",Richland County
70383,29229,SC,202011,1298.49,0.0069,0.1341,Columbia,"Columbia, SC",Richland County
70383,29229,SC,202012,1305.72,0.0056,0.1541,Columbia,"Columbia, SC",Richland County
70383,29229,SC,202101,1245.29,-0.0463,0.0861,Columbia,"Columbia, SC",Richland County
70383,29229,SC,202102,1254.21,0.0072,0.0848,Columbia,"Columbia, SC",Richland County
70383,29229,SC,202103,1271.09,0.0135,0.0824,Columbia,"Columbia, SC",Richland County
70383,29229,SC,202104,1284.62,0.0106,0.0878,Columbia,"Columbia, SC",Richland County
70383,29229,SC,202105,1310.14,0.0199,0.1059,Columbia,"Columbia, SC",Richland County
70383,29229,SC,202106,1332.35,0.017,0.1159,Columbia,"Columbia, SC",Richland County
70383,29229,SC,202107,1371.59,0.0294,0.153,Columbia,"Columbia, SC",Richland County
70383,29229,SC,202108,1366.87,-0.0034,0.1339,Columbia,"Columbia, SC",Richland County
70383,29229,SC,202109,1396.29,0.0215,0.1573,Columbia,"Columbia, SC",Richland County
70383,29229,SC,202110,1396.45,0.0001,0.0829,Columbia,"Columbia, SC",Richland County
70383,29229,SC,202111,1451.88,0.0397,0.1181,Columbia,"Columbia, SC",Richland County
70383,29229,SC,202112,1451.07,-0.0006,0.1113,Columbia,"Columbia, SC",Richland County
70383,29229,SC,202201,1472.89,0.015,0.1828,Columbia,"Columbia, SC",Richland County
70383,29229,SC,202202,1453.26,-0.0133,0.1587,Columbia,"Columbia, SC",Richland County
70383,29229,SC,202203,1474.45,0.0146,0.16,Columbia,"Columbia, SC",Richland County
70383,29229,SC,202204,1491.32,0.0114,0.1609,Columbia,"Columbia, SC",Richland County
70383,29229,SC,202205,1516.69,0.017,0.1577,Columbia,"Columbia, SC",Richland County
70383,29229,SC,202206,1527.03,0.0068,0.1461,Columbia,"Columbia, SC",Richland County
70383,29229,SC,202207,1542.8,0.0103,0.1248,Columbia,"Columbia, SC",Richland County
70383,29229,SC,202208,1561.01,0.0118,0.142,Columbia,"Columbia, SC",Richland County
70383,29229,SC,202209,1556.05,-0.0032,0.1144,Columbia,"Columbia, SC",Richland County
70383,29229,SC,202210,1540.33,-0.0101,0.103,Columbia,"Columbia, SC",Richland County
70383,29229,SC,202211,1531.51,-0.0057,0.0548,Columbia,"Columbia, SC",Richland County
70383,29229,SC,202212,1559.76,0.0184,0.0749,Columbia,"Columbia, SC",Richland County
70383,29229,SC,202301,1579.3,0.0125,0.0722,Columbia,"Columbia, SC",Richland County
70383,29229,SC,202302,1595.61,0.0103,0.098,Columbia,"Columbia, SC",Richland County
70383,29229,SC,202303,1591.48,-0.0026,0.0794,Columbia,"Columbia, SC",Richland County
70383,29229,SC,202304,1594.81,0.0021,0.0694,Columbia,"Columbia, SC",Richland County
70383,29229,SC,202305,1585.32,-0.006,0.0452,Columbia,"Columbia, SC",Richland County
70383,29229,SC,202306,1592.16,0.0043,0.0427,Columbia,"Columbia, SC",Richland County
70383,29229,SC,202307,1594.6,0.0015,0.0336,Columbia,"Columbia, SC",Richland County
70383,29229,SC,202308,1620.03,0.0159,0.0378,Columbia,"Columbia, SC",Richland County
70383,29229,SC,202309,1628.59,0.0053,0.0466,Columbia,"Columbia, SC",Richland County
70383,29229,SC,202310,1632.9,0.0026,0.0601,Columbia,"Columbia, SC",Richland County
70383,29229,SC,202311,1611.88,-0.0129,0.0525,Columbia,"Columbia, SC",Richland County
70383,29229,SC,202312,1594.91,-0.0105,0.0225,Columbia,"Columbia, SC",Richland County
70383,29229,SC,202401,1581.15,-0.0086,0.0012,Columbia,"Columbia, SC",Richland County
70383,29229,SC,202402,1603.56,0.0142,0.005,Columbia,"Columbia, SC",Richland County
70383,29229,SC,202403,1614.04,0.0065,0.0142,Columbia,"Columbia, SC",Richland County
70383,29229,SC,202404,1637.68,0.0146,0.0269,Columbia,"Columbia, SC",Richland County
70383,29229,SC,202405,1639.62,0.0012,0.0343,Columbia,"Columbia, SC",Richland County
70383,29229,SC,202406,1646.68,0.0043,0.0342,Columbia,"Columbia, SC",Richland County
70383,29229,SC,202407,1653.9,0.0044,0.0372,Columbia,"Columbia, SC",Richland County
70383,29229,SC,202408,1665.94,0.0073,0.0283,Columbia,"Columbia, SC",Richland County
70383,29229,SC,202409,1674.67,0.0052,0.0283,Columbia,"Columbia, SC",Richland County
70383,29229,SC,202410,1686.73,0.0072,0.033,Columbia,"Columbia, SC",Richland County
70383,29229,SC,202411,1693.36,0.0039,0.0505,Columbia,"Columbia, SC",Richland County
70383,29229,SC,202412,1698.77,0.0032,0.0651,Columbia,"Columbia, SC",Richland County
70383,29229,SC,202501,1702.32,0.0021,0.0766,Columbia,"Columbia, SC",Richland County
70383,29229,SC,202502,1701.25,-0.0006,0.0609,Columbia,"Columbia, SC",Richland County
70383,29229,SC,202503,1701.61,0.0002,0.0543,Columbia,"Columbia, SC",Richland County
70383,29229,SC,202504,1704.73,0.0018,0.0409,Columbia,"Columbia, SC",Richland County
70383,29229,SC,202505,1714.53,0.0057,0.0457,Columbia,"Columbia, SC",Richland County
70383,29229,SC,202506,1732.13,0.0103,0.0519,Columbia,"Columbia, SC",Richland County
70383,29229,SC,202507,1731.28,-0.0005,0.0468,Columbia,"Columbia, SC",Richland County
70383,29229,SC,202508,1751.13,0.0115,0.0511,Columbia,"Columbia, SC",Richland County
70383,29229,SC,202509,1766.82,0.009,0.055,Columbia,"Columbia, SC",Richland County
70383,29229,SC,202510,1778.4,0.0066,0.0543,Columbia,"Columbia, SC",Richland County
70383,29229,SC,202511,1762.39,-0.009,0.0408,Columbia,"Columbia, SC",Richland County
70383,29229,SC,202512,1755.04,-0.0042,0.0331,Columbia,"Columbia, SC",Richland County
70383,29229,SC,202601,1754.32,-0.0004,0.0305,Columbia,"Columbia, SC",Richland County
70383,29229,SC,202602,1751.6,-0.0016,0.0296,Columbia,"Columbia, SC",Richland County
70383,29229,SC,202603,1743.98,-0.0044,0.0249,Columbia,"Columbia, SC",Richland County
70383,29229,SC,202604,1748.64,0.0027,0.0258,Columbia,"Columbia, SC",Richland County
70383,29229,SC,202605,1748.49,-0.0001,0.0198,Columbia,"Columbia, SC",Richland County
70383,29229,SC,202606,1753.96,0.0031,0.0126,Columbia,"Columbia, SC",Richland County
70383,29229,SC,202607,1763.12,0.0052,0.0184,Columbia,"Columbia, SC",Richland County
70383,29229,SC,202608,1774.43,0.0064,0.0133,Columbia,"Columbia, SC",Richland County
70390,29301,SC,202102,1036.94,,,Spartanburg,"Spartanburg, SC",Spartanburg County
70390,29301,SC,202103,1032.66,-0.0041,,Spartanburg,"Spartanburg, SC",Spartanburg County
70390,29301,SC,202104,1057.29,0.0239,,Spartanburg,"Spartanburg, SC",Spartanburg County
70390,29301,SC,202105,1065.42,0.0077,,Spartanburg,"Spartanburg, SC",Spartanburg County
70390,29301,SC,202106,1062.04,-0.0032,,Spartanburg,"Spartanburg, SC",Spartanburg County
70390,29301,SC,202107,1066.91,0.0046,,Spartanburg,"Spartanburg, SC",Spartanburg County
70390,29301,SC,202108,1069.47,0.0024,,Spartanburg,"Spartanburg, SC",Spartanburg County
70390,29301,SC,202109,1081.51,0.0113,,Spartanburg,"Spartanburg, SC",Spartanburg County
70390,29301,SC,202110,1081.87,0.0003,,Spartanburg,"Spartanburg, SC",Spartanburg County
70390,29301,SC,202111,1092.95,0.0102,,Spartanburg,"Spartanburg, SC",Spartanburg County
70390,29301,SC,202112,1105.39,0.0114,,Spartanburg,"Spartanburg, SC",Spartanburg County
70390,29301,SC,202201,1125.25,0.018,,Spartanburg,"Spartanburg, SC",Spartanburg County
70390,29301,SC,202202,1137.71,0.0111,0.0972,Spartanburg,"Spartanburg, SC",Spartanburg County
70390,29301,SC,202203,1150.75,0.0115,0.1144,Spartanburg,"Spartanburg, SC",Spartanburg County
70390,29301,SC,202204,1152.58,0.0016,0.0901,Spartanburg,"Spartanburg, SC",Spartanburg County
70390,29301,SC,202205,1156.3,0.0032,0.0853,Spartanburg,"Spartanburg, SC",Spartanburg County
70390,29301,SC,202206,1169.76,0.0116,0.1014,Spartanburg,"Spartanburg, SC",Spartanburg County
70390,29301,SC,202207,1182.18,0.0106,0.108,Spartanburg,"Spartanburg, SC",Spartanburg County
70390,29301,SC,202208,1183.91,0.0015,0.107,Spartanburg,"Spartanburg, SC",Spartanburg County
70390,29301,SC,202209,1175.22,-0.0073,0.0866,Spartanburg,"Spartanburg, SC",Spartanburg County
70390,29301,SC,202210,1178.61,0.0029,0.0894,Spartanburg,"Spartanburg, SC",Spartanburg County
70390,29301,SC,202211,1185.71,0.006,0.0849,Spartanburg,"Spartanburg, SC",Spartanburg County
70390,29301,SC,202212,1184.55,-0.001,0.0716,Spartanburg,"Spartanburg, SC",Spartanburg County
70390,29301,SC,202301,1196.0,0.0097,0.0629,Spartanburg,"Spartanburg, SC",Spartanburg County
70390,29301,SC,202302,1203.24,0.006,0.0576,Spartanburg,"Spartanburg, SC",Spartanburg County
70390,29301,SC,202303,1219.02,0.0131,0.0593,Spartanburg,"Spartanburg, SC",Spartanburg County
70390,29301,SC,202304,1218.89,-0.0001,0.0575,Spartanburg,"Spartanburg, SC",Spartanburg County
70390,29301,SC,202305,1237.28,0.0151,0.07,Spartanburg,"Spartanburg, SC",Spartanburg County
70390,29301,SC,202306,1243.46,0.005,0.063,Spartanburg,"Spartanburg, SC",Spartanburg County
70390,29301,SC,202307,1259.4,0.0128,0.0653,Spartanburg,"Spartanburg, SC",Spartanburg County
70390,29301,SC,202308,1246.97,-0.0099,0.0533,Spartanburg,"Spartanburg, SC",Spartanburg County
70390,29301,SC,202309,1241.94,-0.004,0.0568,Spartanburg,"Spartanburg, SC",Spartanburg County
70390,29301,SC,202310,1234.68,-0.0058,0.0476,Spartanburg,"Spartanburg, SC",Spartanburg County
70390,29301,SC,202311,1233.07,-0.0013,0.0399,Spartanburg,"Spartanburg, SC",Spartanburg County
70390,29301,SC,202312,1252.59,0.0158,0.0574,Spartanburg,"Spartanburg, SC",Spartanburg County
70390,29301,SC,202401,1250.34,-0.0018,0.0454,Spartanburg,"Spartanburg, SC",Spartanburg County
70390,29301,SC,202402,1257.82,0.006,0.0454,Spartanburg,"Spartanburg, SC",Spartanburg County
70390,29301,SC,202403,1253.89,-0.0031,0.0286,Spartanburg,"Spartanburg, SC",Spartanburg County
70390,29301,SC,202404,1269.58,0.0125,0.0416,Spartanburg,"Spartanburg, SC",Spartanburg County
70390,29301,SC,202405,1274.32,0.0037,0.0299,Spartanburg,"Spartanburg, SC",Spartanburg County
70390,29301,SC,202406,1290.01,0.0123,0.0374,Spartanburg,"Spartanburg, SC",Spartanburg County
70390,29301,SC,202407,1290.74,0.0006,0.0249,Spartanburg,"Spartanburg, SC",Spartanburg County
70390,29301,SC,202408,1292.52,0.0014,0.0365,Spartanburg,"Spartanburg, SC",Spartanburg County
70390,29301,SC,202409,1282.68,-0.0076,0.0328,Spartanburg,"Spartanburg, SC",Spartanburg County
70390,29301,SC,202410,1274.13,-0.0067,0.032,Spartanburg,"Spartanburg, SC",Spartanburg County
70390,29301,SC,202411,1288.21,0.011,0.0447,Spartanburg,"Spartanburg, SC",Spartanburg County
70390,29301,SC,202412,1288.38,0.0001,0.0286,Spartanburg,"Spartanburg, SC",Spartanburg County
70390,29301,SC,202501,1296.47,0.0063,0.0369,Spartanburg,"Spartanburg, SC",Spartanburg County
70390,29301,SC,202502,1295.71,-0.0006,0.0301,Spartanburg,"Spartanburg, SC",Spartanburg County
70390,29301,SC,202503,1323.08,0.0211,0.0552,Spartanburg,"Spartanburg, SC",Spartanburg County
70390,29301,SC,202504,1342.11,0.0144,0.0571,Spartanburg,"Spartanburg, SC",Spartanburg County
70390,29301,SC,202505,1345.1,0.0022,0.0555,Spartanburg,"Spartanburg, SC",Spartanburg County
70390,29301,SC,202506,1331.2,-0.0103,0.0319,Spartanburg,"Spartanburg, SC",Spartanburg County
70390,29301,SC,202507,1332.94,0.0013,0.0327,Spartanburg,"Spartanburg, SC",Spartanburg County
70390,29301,SC,202508,1338.69,0.0043,0.0357,Spartanburg,"Spartanburg, SC",Spartanburg County
70390,29301,SC,202509,1316.68,-0.0164,0.0265,Spartanburg,"Spartanburg, SC",Spartanburg County
70390,29301,SC,202510,1292.07,-0.0187,0.0141,Spartanburg,"Spartanburg, SC",Spartanburg County
70390,29301,SC,202511,1271.59,-0.0158,-0.0129,Spartanburg,"Spartanburg, SC",Spartanburg County
70390,29301,SC,202512,1286.98,0.0121,-0.0011,Spartanburg,"Spartanburg, SC",Spartanburg County
70390,29301,SC,202601,1279.69,-0.0057,-0.0129,Spartanburg,"Spartanburg, SC",Spartanburg County
70390,29301,SC,202602,1283.86,0.0033,-0.0091,Spartanburg,"Spartanburg, SC",Spartanburg County
70390,29301,SC,202603,1283.6,-0.0002,-0.0298,Spartanburg,"Spartanburg, SC",Spartanburg County
70390,29301,SC,202604,1316.45,0.0256,-0.0191,Spartanburg,"Spartanburg, SC",Spartanburg County
70390,29301,SC,202605,1344.83,0.0216,-0.0002,Spartanburg,"Spartanburg, SC",Spartanburg County
70390,29301,SC,202606,1370.41,0.019,0.0295,Spartanburg,"Spartanburg, SC",Spartanburg County
70390,29301,SC,202607,1388.9,0.0135,0.042,Spartanburg,"Spartanburg, SC",Spartanburg County
70390,29301,SC,202608,1384.47,-0.0032,0.0342,Spartanburg,"Spartanburg, SC",Spartanburg County
70391,29302,SC,202401,1370.52,,,Spartanburg,"Spartanburg, SC",Spartanburg County
70391,29302,SC,202402,1386.04,0.0113,,Spartanburg,"Spartanburg, SC",Spartanburg County
70391,29302,SC,202403,1417.7,0.0228,,Spartanburg,"Spartanburg, SC",Spartanburg County
70391,29302,SC,202404,1435.49,0.0126,,Spartanburg,"Spartanburg, SC",Spartanburg County
70391,29302,SC,202405,1442.41,0.0048,,Spartanburg,"Spartanburg, SC",Spartanburg County
70391,29302,SC,202406,1466.57,0.0168,,Spartanburg,"Spartanburg, SC",Spartanburg County
70391,29302,SC,202407,1467.24,0.0005,,Spartanburg,"Spartanburg, SC",Spartanburg County
70391,29302,SC,202408,1464.5,-0.0019,,Spartanburg,"Spartanburg, SC",Spartanburg County
70391,29302,SC,202409,1438.05,-0.0181,,Spartanburg,"Spartanburg, SC",Spartanburg County
70391,29302,SC,202410,1446.59,0.0059,,Spartanburg,"Spartanburg, SC",Spartanburg County
70391,29302,SC,202411,1447.8,0.0008,,Spartanburg,"Spartanburg, SC",Spartanburg County
70391,29302,SC,202412,1470.45,0.0156,,Spartanburg,"Spartanburg, SC",Spartanburg County
70391,29302,SC,202501,1449.2,-0.0145,0.0574,Spartanburg,"Spartanburg, SC",Spartanburg County
70391,29302,SC,202502,1448.16,-0.0007,0.0448,Spartanburg,"Spartanburg, SC",Spartanburg County
70391,29302,SC,202503,1440.56,-0.0052,0.0161,Spartanburg,"Spartanburg, SC",Spartanburg County
70391,29302,SC,202504,1450.98,0.0072,0.0108,Spartanburg,"Spartanburg, SC",Spartanburg County
70391,29302,SC,202505,1473.98,0.0159,0.0219,Spartanburg,"Spartanburg, SC",Spartanburg County
70391,29302,SC,202506,1494.66,0.014,0.0192,Spartanburg,"Spartanburg, SC",Spartanburg County
70391,29302,SC,202507,1520.03,0.017,0.036,Spartanburg,"Spartanburg, SC",Spartanburg County
70391,29302,SC,202508,1540.58,0.0135,0.052,Spartanburg,"Spartanburg, SC",Spartanburg County
70391,29302,SC,202509,1541.39,0.0005,0.0719,Spartanburg,"Spartanburg, SC",Spartanburg County
70391,29302,SC,202510,1536.03,-0.0035,0.0618,Spartanburg,"Spartanburg, SC",Spartanburg County
70391,29302,SC,202511,1505.95,-0.0196,0.0402,Spartanburg,"Spartanburg, SC",Spartanburg County
70391,29302,SC,202512,1495.93,-0.0067,0.0173,Spartanburg,"Spartanburg, SC",Spartanburg County
70391,29302,SC,202601,1476.7,-0.0129,0.019,Spartanburg,"Spartanburg, SC",Spartanburg County
70391,29302,SC,202602,1499.26,0.0153,0.0353,Spartanburg,"Spartanburg, SC",Spartanburg County
70391,29302,SC,202603,1479.87,-0.0129,0.0273,Spartanburg,"Spartanburg, SC",Spartanburg County
70391,29302,SC,202604,1493.74,0.0094,0.0295,Spartanburg,"Spartanburg, SC",Spartanburg County
70391,29302,SC,202605,1502.34,0.0058,0.0192,Spartanburg,"Spartanburg, SC",Spartanburg County
70391,29302,SC,202606,1555.96,0.0357,0.041,Spartanburg,"Spartanburg, SC",Spartanburg County
70391,29302,SC,202607,1568.73,0.0082,0.032,Spartanburg,"Spartanburg, SC",Spartanburg County
70391,29302,SC,202608,1554.42,-0.0091,0.009,Spartanburg,"Spartanburg, SC",Spartanburg County
70392,29303,SC,202303,1171.17,,,Spartanburg,"Spartanburg, SC",Spartanburg County
70392,29303,SC,202304,1183.57,0.0106,,Spartanburg,"Spartanburg, SC",Spartanburg County
70392,29303,SC,202305,1199.04,0.0131,,Spartanburg,"Spartanburg, SC",Spartanburg County
70392,29303,SC,202306,1233.26,0.0285,,Spartanburg,"Spartanburg, SC",Spartanburg County
70392,29303,SC,202307,1162.17,-0.0576,,Spartanburg,"Spartanburg, SC",Spartanburg County
70392,29303,SC,202308,1198.73,0.0315,,Spartanburg,"Spartanburg, SC",Spartanburg County
70392,29303,SC,202309,1202.14,0.0028,,Spartanburg,"Spartanburg, SC",Spartanburg County
70392,29303,SC,202310,1309.07,0.0889,,Spartanburg,"Spartanburg, SC",Spartanburg County
70392,29303,SC,202311,1299.68,-0.0072,,Spartanburg,"Spartanburg, SC",Spartanburg County
70392,29303,SC,202312,1291.9,-0.006,,Spartanburg,"Spartanburg, SC",Spartanburg County
70392,29303,SC,202401,1291.02,-0.0007,,Spartanburg,"Spartanburg, SC",Spartanburg County
70392,29303,SC,202402,1306.21,0.0118,,Spartanburg,"Spartanburg, SC",Spartanburg County
70392,29303,SC,202403,1315.99,0.0075,0.1237,Spartanburg,"Spartanburg, SC",Spartanburg County
70392,29303,SC,202404,1322.22,0.0047,0.1171,Spartanburg,"Spartanburg, SC",Spartanburg County
70392,29303,SC,202405,1327.11,0.0037,0.1068,Spartanburg,"Spartanburg, SC",Spartanburg County
70392,29303,SC,202406,1340.9,0.0104,0.0873,Spartanburg,"Spartanburg, SC",Spartanburg County
70392,29303,SC,202407,1340.06,-0.0006,0.1531,Spartanburg,"Spartanburg, SC",Spartanburg County
70392,29303,SC,202408,1334.81,-0.0039,0.1135,Spartanburg,"Spartanburg, SC",Spartanburg County
70392,29303,SC,202409,1321.1,-0.0103,0.099,Spartanburg,"Spartanburg, SC",Spartanburg County
70392,29303,SC,202410,1364.61,0.0329,0.0424,Spartanburg,"Spartanburg, SC",Spartanburg County
70392,29303,SC,202411,1356.8,-0.0057,0.0439,Spartanburg,"Spartanburg, SC",Spartanburg County
70392,29303,SC,202412,1387.02,0.0223,0.0736,Spartanburg,"Spartanburg, SC",Spartanburg County
70392,29303,SC,202501,1348.38,-0.0279,0.0444,Spartanburg,"Spartanburg, SC",Spartanburg County
70392,29303,SC,202502,1373.87,0.0189,0.0518,Spartanburg,"Spartanburg, SC",Spartanburg County
70392,29303,SC,202503,1373.81,-0.0,0.0439,Spartanburg,"Spartanburg, SC",Spartanburg County
70392,29303,SC,202504,1394.76,0.0153,0.0549,Spartanburg,"Spartanburg, SC",Spartanburg County
70392,29303,SC,202505,1390.79,-0.0028,0.048,Spartanburg,"Spartanburg, SC",Spartanburg County
70392,29303,SC,202506,1407.47,0.012,0.0496,Spartanburg,"Spartanburg, SC",Spartanburg County
70392,29303,SC,202507,1414.94,0.0053,0.0559,Spartanburg,"Spartanburg, SC",Spartanburg County
70392,29303,SC,202508,1422.99,0.0057,0.0661,Spartanburg,"Spartanburg, SC",Spartanburg County
70392,29303,SC,202509,1415.97,-0.0049,0.0718,Spartanburg,"Spartanburg, SC",Spartanburg County
70392,29303,SC,202510,1409.49,-0.0046,0.0329,Spartanburg,"Spartanburg, SC",Spartanburg County
70392,29303,SC,202511,1407.95,-0.0011,0.0377,Spartanburg,"Spartanburg, SC",Spartanburg County
70392,29303,SC,202512,1417.67,0.0069,0.0221,Spartanburg,"Spartanburg, SC",Spartanburg County
70392,29303,SC,202601,1408.52,-0.0065,0.0446,Spartanburg,"Spartanburg, SC",Spartanburg County
70392,29303,SC,202602,1403.37,-0.0037,0.0215,Spartanburg,"Spartanburg, SC",Spartanburg County
70392,29303,SC,202603,1413.15,0.007,0.0286,Spartanburg,"Spartanburg, SC",Spartanburg County
70392,29303,SC,202604,1422.03,0.0063,0.0196,Spartanburg,"Spartanburg, SC",Spartanburg County
70392,29303,SC,202605,1421.42,-0.0004,0.022,Spartanburg,"Spartanburg, SC",Spartanburg County
70392,29303,SC,202606,1410.92,-0.0074,0.0025,Spartanburg,"Spartanburg, SC",Spartanburg County
70392,29303,SC,202607,1416.7,0.0041,0.0012,Spartanburg,"Spartanburg, SC",Spartanburg County
70392,29303,SC,202608,1426.04,0.0066,0.0021,Spartanburg,"Spartanburg, SC",Spartanburg County
70395,29306,SC,202304,1085.05,,,Spartanburg,"Spartanburg, SC",Spartanburg County
70395,29306,SC,202305,1096.54,0.0106,,Spartanburg,"Spartanburg, SC",Spartanburg County
70395,29306,SC,202306,1075.35,-0.0193,,Spartanburg,"Spartanburg, SC",Spartanburg County
70395,29306,SC,202307,1068.65,-0.0062,,Spartanburg,"Spartanburg, SC",Spartanburg County
70395,29306,SC,202308,1068.16,-0.0005,,Spartanburg,"Spartanburg, SC",Spartanburg County
70395,29306,SC,202309,1082.81,0.0137,,Spartanburg,"Spartanburg, SC",Spartanburg County
70395,29306,SC,202310,1067.69,-0.014,,Spartanburg,"Spartanburg, SC",Spartanburg County
70395,29306,SC,202311,1101.52,0.0317,,Spartanburg,"Spartanburg, SC",Spartanburg County
70395,29306,SC,202312,1079.74,-0.0198,,Spartanburg,"Spartanburg, SC",Spartanburg County
70395,29306,SC,202401,1110.38,0.0284,,Spartanburg,"Spartanburg, SC",Spartanburg County
70395,29306,SC,202402,1096.15,-0.0128,,Spartanburg,"Spartanburg, SC",Spartanburg County
70395,29306,SC,202403,1144.69,0.0443,,Spartanburg,"Spartanburg, SC",Spartanburg County
70395,29306,SC,202404,1138.34,-0.0055,0.0491,Spartanburg,"Spartanburg, SC",Spartanburg County
70395,29306,SC,202405,1131.12,-0.0063,0.0315,Spartanburg,"Spartanburg, SC",Spartanburg County
70395,29306,SC,202406,1097.59,-0.0296,0.0207,Spartanburg,"Spartanburg, SC",Spartanburg County
70395,29306,SC,202407,1118.11,0.0187,0.0463,Spartanburg,"Spartanburg, SC",Spartanburg County
70395,29306,SC,202408,1147.23,0.026,0.074,Spartanburg,"Spartanburg, SC",Spartanburg County
70395,29306,SC,202409,1179.77,0.0284,0.0896,Spartanburg,"Spartanburg, SC",Spartanburg County
70395,29306,SC,202410,1183.17,0.0029,0.1082,Spartanburg,"Spartanburg, SC",Spartanburg County
70395,29306,SC,202411,1156.66,-0.0224,0.0501,Spartanburg,"Spartanburg, SC",Spartanburg County
70395,29306,SC,202412,1155.69,-0.0008,0.0703,Spartanburg,"Spartanburg, SC",Spartanburg County
70395,29306,SC,202501,1148.67,-0.0061,0.0345,Spartanburg,"Spartanburg, SC",Spartanburg County
70395,29306,SC,202502,1162.02,0.0116,0.0601,Spartanburg,"Spartanburg, SC",Spartanburg County
70395,29306,SC,202503,1181.57,0.0168,0.0322,Spartanburg,"Spartanburg, SC",Spartanburg County
70395,29306,SC,202504,1205.66,0.0204,0.0591,Spartanburg,"Spartanburg, SC",Spartanburg County
70395,29306,SC,202505,1223.42,0.0147,0.0816,Spartanburg,"Spartanburg, SC",Spartanburg County
70395,29306,SC,202506,1203.42,-0.0163,0.0964,Spartanburg,"Spartanburg, SC",Spartanburg County
70395,29306,SC,202507,1206.63,0.0027,0.0792,Spartanburg,"Spartanburg, SC",Spartanburg County
70395,29306,SC,202508,1214.43,0.0065,0.0586,Spartanburg,"Spartanburg, SC",Spartanburg County
70395,29306,SC,202509,1216.87,0.002,0.0314,Spartanburg,"Spartanburg, SC",Spartanburg County
70395,29306,SC,202510,1219.89,0.0025,0.031,Spartanburg,"Spartanburg, SC",Spartanburg County
70395,29306,SC,202511,1209.66,-0.0084,0.0458,Spartanburg,"Spartanburg, SC",Spartanburg County
70395,29306,SC,202512,1201.04,-0.0071,0.0392,Spartanburg,"Spartanburg, SC",Spartanburg County
70395,29306,SC,202601,1194.5,-0.0054,0.0399,Spartanburg,"Spartanburg, SC",Spartanburg County
70395,29306,SC,202602,1210.72,0.0136,0.0419,Spartanburg,"Spartanburg, SC",Spartanburg County
70395,29306,SC,202603,1238.34,0.0228,0.0481,Spartanburg,"Spartanburg, SC",Spartanburg County
70395,29306,SC,202604,1254.68,0.0132,0.0407,Spartanburg,"Spartanburg, SC",Spartanburg County
70395,29306,SC,202605,1263.02,0.0067,0.0324,Spartanburg,"Spartanburg, SC",Spartanburg County
70395,29306,SC,202606,1252.81,-0.0081,0.041,Spartanburg,"Spartanburg, SC",Spartanburg County
70395,29306,SC,202607,1221.08,-0.0253,0.012,Spartanburg,"Spartanburg, SC",Spartanburg County
70395,29306,SC,202608,1208.01,-0.0107,-0.0053,Spartanburg,"Spartanburg, SC",Spartanburg County
70396,29307,SC,202301,1082.45,,,Spartanburg,"Spartanburg, SC",Spartanburg County
70396,29307,SC,202302,1095.02,0.0116,,Spartanburg,"Spartanburg, SC",Spartanburg County
70396,29307,SC,202303,1108.55,0.0124,,Spartanburg,"Spartanburg, SC",Spartanburg County
70396,29307,SC,202304,1117.21,0.0078,,Spartanburg,"Spartanburg, SC",Spartanburg County
70396,29307,SC,202305,1101.3,-0.0142,,Spartanburg,"Spartanburg, SC",Spartanburg County
70396,29307,SC,202306,1110.98,0.0088,,Spartanburg,"Spartanburg, SC",Spartanburg County
70396,29307,SC,202307,1120.36,0.0084,,Spartanburg,"Spartanburg, SC",Spartanburg County
70396,29307,SC,202308,1170.4,0.0447,,Spartanburg,"Spartanburg, SC",Spartanburg County
70396,29307,SC,202309,1169.74,-0.0006,,Spartanburg,"Spartanburg, SC",Spartanburg County
70396,29307,SC,202310,1177.03,0.0062,,Spartanburg,"Spartanburg, SC",Spartanburg County
70396,29307,SC,202311,1175.44,-0.0013,,Spartanburg,"Spartanburg, SC",Spartanburg County
70396,29307,SC,202312,1170.19,-0.0045,,Spartanburg,"Spartanburg, SC",Spartanburg County
70396,29307,SC,202401,1155.0,-0.013,0.067,Spartanburg,"Spartanburg, SC",Spartanburg County
70396,29307,SC,202402,1140.99,-0.0121,0.042,Spartanburg,"Spartanburg, SC",Spartanburg County
70396,29307,SC,202403,1157.05,0.0141,0.0437,Spartanburg,"Spartanburg, SC",Spartanburg County
70396,29307,SC,202404,1173.98,0.0146,0.0508,Spartanburg,"Spartanburg, SC",Spartanburg County
70396,29307,SC,202405,1189.65,0.0134,0.0802,Spartanburg,"Spartanburg, SC",Spartanburg County
70396,29307,SC,202406,1171.21,-0.0155,0.0542,Spartanburg,"Spartanburg, SC",Spartanburg County
70396,29307,SC,202407,1166.84,-0.0037,0.0415,Spartanburg,"Spartanburg, SC",Spartanburg County
70396,29307,SC,202408,1153.68,-0.0113,-0.0143,Spartanburg,"Spartanburg, SC",Spartanburg County
70396,29307,SC,202409,1164.68,0.0095,-0.0043,Spartanburg,"Spartanburg, SC",Spartanburg County
70396,29307,SC,202410,1159.03,-0.0049,-0.0153,Spartanburg,"Spartanburg, SC",Spartanburg County
70396,29307,SC,202411,1161.99,0.0026,-0.0114,Spartanburg,"Spartanburg, SC",Spartanburg County
70396,29307,SC,202412,1174.15,0.0105,0.0034,Spartanburg,"Spartanburg, SC",Spartanburg County
70396,29307,SC,202501,1191.1,0.0144,0.0313,Spartanburg,"Spartanburg, SC",Spartanburg County
70396,29307,SC,202502,1190.97,-0.0001,0.0438,Spartanburg,"Spartanburg, SC",Spartanburg County
70396,29307,SC,202503,1186.99,-0.0033,0.0259,Spartanburg,"Spartanburg, SC",Spartanburg County
70396,29307,SC,202504,1188.01,0.0009,0.012,Spartanburg,"Spartanburg, SC",Spartanburg County
70396,29307,SC,202505,1190.89,0.0024,0.001,Spartanburg,"Spartanburg, SC",Spartanburg County
70396,29307,SC,202506,1191.16,0.0002,0.017,Spartanburg,"Spartanburg, SC",Spartanburg County
70396,29307,SC,202507,1190.94,-0.0002,0.0207,Spartanburg,"Spartanburg, SC",Spartanburg County
70396,29307,SC,202508,1183.83,-0.006,0.0261,Spartanburg,"Spartanburg, SC",Spartanburg County
70396,29307,SC,202509,1178.85,-0.0042,0.0122,Spartanburg,"Spartanburg, SC",Spartanburg County
70396,29307,SC,202510,1154.3,-0.0208,-0.0041,Spartanburg,"Spartanburg, SC",Spartanburg County
70396,29307,SC,202511,1155.13,0.0007,-0.0059,Spartanburg,"Spartanburg, SC",Spartanburg County
70396,29307,SC,202512,1154.05,-0.0009,-0.0171,Spartanburg,"Spartanburg, SC",Spartanburg County
70396,29307,SC,202601,1178.18,0.0209,-0.0108,Spartanburg,"Spartanburg, SC",Spartanburg County
70396,29307,SC,202602,1189.68,0.0098,-0.0011,Spartanburg,"Spartanburg, SC",Spartanburg County
70396,29307,SC,202603,1195.61,0.005,0.0073,Spartanburg,"Spartanburg, SC",Spartanburg County
70396,29307,SC,202604,1203.05,0.0062,0.0127,Spartanburg,"Spartanburg, SC",Spartanburg County
70396,29307,SC,202605,1191.91,-0.0093,0.0009,Spartanburg,"Spartanburg, SC",Spartanburg County
70396,29307,SC,202606,1200.37,0.0071,0.0077,Spartanburg,"Spartanburg, SC",Spartanburg County
70396,29307,SC,202607,1209.55,0.0076,0.0156,Spartanburg,"Spartanburg, SC",Spartanburg County
70396,29307,SC,202608,1225.68,0.0133,0.0354,Spartanburg,"Spartanburg, SC",Spartanburg County
70397,29316,SC,202210,1407.45,,,Boiling Springs,"Spartanburg, SC",Spartanburg County
70397,29316,SC,202211,1425.31,0.0127,,Boiling Springs,"Spartanburg, SC",Spartanburg County
70397,29316,SC,202212,1435.98,0.0075,,Boiling Springs,"Spartanburg, SC",Spartanburg County
70397,29316,SC,202301,1432.96,-0.0021,,Boiling Springs,"Spartanburg, SC",Spartanburg County
70397,29316,SC,202302,1441.06,0.0057,,Boiling Springs,"Spartanburg, SC",Spartanburg County
70397,29316,SC,202303,1444.79,0.0026,,Boiling Springs,"Spartanburg, SC",Spartanburg County
70397,29316,SC,202304,1466.89,0.0153,,Boiling Springs,"Spartanburg, SC",Spartanburg County
70397,29316,SC,202305,1476.11,0.0063,,Boiling Springs,"Spartanburg, SC",Spartanburg County
70397,29316,SC,202306,1475.92,-0.0001,,Boiling Springs,"Spartanburg, SC",Spartanburg County
70397,29316,SC,202307,1475.12,-0.0005,,Boiling Springs,"Spartanburg, SC",Spartanburg County
70397,29316,SC,202308,1464.74,-0.007,,Boiling Springs,"Spartanburg, SC",Spartanburg County
70397,29316,SC,202309,1473.57,0.006,,Boiling Springs,"Spartanburg, SC",Spartanburg County
70397,29316,SC,202310,1477.77,0.0028,0.05,Boiling Springs,"Spartanburg, SC",Spartanburg County
70397,29316,SC,202311,1481.92,0.0028,0.0397,Boiling Springs,"Spartanburg, SC",Spartanburg County
70397,29316,SC,202312,1481.38,-0.0004,0.0316,Boiling Springs,"Spartanburg, SC",Spartanburg County
70397,29316,SC,202401,1478.49,-0.0019,0.0318,Boiling Springs,"Spartanburg, SC",Spartanburg County
70397,29316,SC,202402,1485.43,0.0047,0.0308,Boiling Springs,"Spartanburg, SC",Spartanburg County
70397,29316,SC,202403,1508.94,0.0158,0.0444,Boiling Springs,"Spartanburg, SC",Spartanburg County
70397,29316,SC,202404,1534.13,0.0167,0.0458,Boiling Springs,"Spartanburg, SC",Spartanburg County
70397,29316,SC,202405,1561.22,0.0177,0.0577,Boiling Springs,"Spartanburg, SC",Spartanburg County
70397,29316,SC,202406,1547.21,-0.009,0.0483,Boiling Springs,"Spartanburg, SC",Spartanburg County
70397,29316,SC,202407,1549.07,0.0012,0.0501,Boiling Springs,"Spartanburg, SC",Spartanburg County
70397,29316,SC,202408,1540.79,-0.0053,0.0519,Boiling Springs,"Spartanburg, SC",Spartanburg County
70397,29316,SC,202409,1539.49,-0.0008,0.0447,Boiling Springs,"Spartanburg, SC",Spartanburg County
70397,29316,SC,202410,1517.67,-0.0142,0.027,Boiling Springs,"Spartanburg, SC",Spartanburg County
70397,29316,SC,202411,1515.96,-0.0011,0.023,Boiling Springs,"Spartanburg, SC",Spartanburg County
70397,29316,SC,202412,1527.36,0.0075,0.031,Boiling Springs,"Spartanburg, SC",Spartanburg County
70397,29316,SC,202501,1543.85,0.0108,0.0442,Boiling Springs,"Spartanburg, SC",Spartanburg County
70397,29316,SC,202502,1550.28,0.0042,0.0437,Boiling Springs,"Spartanburg, SC",Spartanburg County
70397,29316,SC,202503,1557.87,0.0049,0.0324,Boiling Springs,"Spartanburg, SC",Spartanburg County
70397,29316,SC,202504,1552.37,-0.0035,0.0119,Boiling Springs,"Spartanburg, SC",Spartanburg County
70397,29316,SC,202505,1565.75,0.0086,0.0029,Boiling Springs,"Spartanburg, SC",Spartanburg County
70397,29316,SC,202506,1566.86,0.0007,0.0127,Boiling Springs,"Spartanburg, SC",Spartanburg County
70397,29316,SC,202507,1585.29,0.0118,0.0234,Boiling Springs,"Spartanburg, SC",Spartanburg County
70397,29316,SC,202508,1581.74,-0.0022,0.0266,Boiling Springs,"Spartanburg, SC",Spartanburg County
70397,29316,SC,202509,1587.02,0.0033,0.0309,Boiling Springs,"Spartanburg, SC",Spartanburg County
70397,29316,SC,202510,1580.31,-0.0042,0.0413,Boiling Springs,"Spartanburg, SC",Spartanburg County
70397,29316,SC,202511,1574.96,-0.0034,0.0389,Boiling Springs,"Spartanburg, SC",Spartanburg County
70397,29316,SC,202512,1562.75,-0.0078,0.0232,Boiling Springs,"Spartanburg, SC",Spartanburg County
70397,29316,SC,202601,1563.96,0.0008,0.013,Boiling Springs,"Spartanburg, SC",Spartanburg County
70397,29316,SC,202602,1553.8,-0.0065,0.0023,Boiling Springs,"Spartanburg, SC",Spartanburg County
70397,29316,SC,202603,1569.98,0.0104,0.0078,Boiling Springs,"Spartanburg, SC",Spartanburg County
70397,29316,SC,202604,1582.85,0.0082,0.0196,Boiling Springs,"Spartanburg, SC",Spartanburg County
70397,29316,SC,202605,1607.24,0.0154,0.0265,Boiling Springs,"Spartanburg, SC",Spartanburg County
70397,29316,SC,202606,1619.21,0.0074,0.0334,Boiling Springs,"Spartanburg, SC",Spartanburg County
70397,29316,SC,202607,1622.86,0.0023,0.0237,Boiling Springs,"Spartanburg, SC",Spartanburg County
70397,29316,SC,202608,1631.14,0.0051,0.0312,Boiling Springs,"Spartanburg, SC",Spartanburg County
70410,29333,SC,202607,1312.36,,,Spartanburg,"Spartanburg, SC",Spartanburg County
70410,29333,SC,202608,1304.17,-0.0062,,Spartanburg,"Spartanburg, SC",Spartanburg County
70411,29334,SC,202312,1632.16,,,Duncan,"Spartanburg, SC",Spartanburg County
70411,29334,SC,202401,1664.06,0.0195,,Duncan,"Spartanburg, SC",Spartanburg County
70411,29334,SC,202402,1654.78,-0.0056,,Duncan,"Spartanburg, SC",Spartanburg County
70411,29334,SC,202403,1658.33,0.0021,,Duncan,"Spartanburg, SC",Spartanburg County
70411,29334,SC,202404,1662.22,0.0023,,Duncan,"Spartanburg, SC",Spartanburg County
70411,29334,SC,202405,1676.19,0.0084,,Duncan,"Spartanburg, SC",Spartanburg County
70411,29334,SC,202406,1724.68,0.0289,,Duncan,"Spartanburg, SC",Spartanburg County
70411,29334,SC,202407,1701.76,-0.0133,,Duncan,"Spartanburg, SC",Spartanburg County
70411,29334,SC,202408,1716.76,0.0088,,Duncan,"Spartanburg, SC",Spartanburg County
70411,29334,SC,202409,1688.75,-0.0163,,Duncan,"Spartanburg, SC",Spartanburg County
70411,29334,SC,202410,1687.15,-0.0009,,Duncan,"Spartanburg, SC",Spartanburg County
70411,29334,SC,202411,1679.11,-0.0048,,Duncan,"Spartanburg, SC",Spartanburg County
70411,29334,SC,202412,1693.91,0.0088,0.0378,Duncan,"Spartanburg, SC",Spartanburg County
70411,29334,SC,202501,1715.88,0.013,0.0311,Duncan,"Spartanburg, SC",Spartanburg County
70411,29334,SC,202502,1711.51,-0.0025,0.0343,Duncan,"Spartanburg, SC",Spartanburg County
70411,29334,SC,202503,1726.23,0.0086,0.0409,Duncan,"Spartanburg, SC",Spartanburg County
70411,29334,SC,202504,1737.21,0.0064,0.0451,Duncan,"Spartanburg, SC",Spartanburg County
70411,29334,SC,202505,1761.47,0.014,0.0509,Duncan,"Spartanburg, SC",Spartanburg County
70411,29334,SC,202506,1724.53,-0.021,-0.0001,Duncan,"Spartanburg, SC",Spartanburg County
70411,29334,SC,202507,1700.73,-0.0138,-0.0006,Duncan,"Spartanburg, SC",Spartanburg County
70411,29334,SC,202508,1715.39,0.0086,-0.0008,Duncan,"Spartanburg, SC",Spartanburg County
70411,29334,SC,202509,1738.91,0.0137,0.0297,Duncan,"Spartanburg, SC",Spartanburg County
70411,29334,SC,202510,1730.02,-0.0051,0.0254,Duncan,"Spartanburg, SC",Spartanburg County
70411,29334,SC,202511,1718.72,-0.0065,0.0236,Duncan,"Spartanburg, SC",Spartanburg County
70411,29334,SC,202512,1722.74,0.0023,0.017,Duncan,"Spartanburg, SC",Spartanburg County
70411,29334,SC,202601,1737.79,0.0087,0.0128,Duncan,"Spartanburg, SC",Spartanburg County
70411,29334,SC,202602,1730.74,-0.0041,0.0112,Duncan,"Spartanburg, SC",Spartanburg County
70411,29334,SC,202603,1747.18,0.0095,0.0121,Duncan,"Spartanburg, SC",Spartanburg County
70411,29334,SC,202604,1747.71,0.0003,0.006,Duncan,"Spartanburg, SC",Spartanburg County
70411,29334,SC,202605,1742.99,-0.0027,-0.0105,Duncan,"Spartanburg, SC",Spartanburg County
70411,29334,SC,202606,1731.81,-0.0064,0.0042,Duncan,"Spartanburg, SC",Spartanburg County
70411,29334,SC,202607,1746.24,0.0083,0.0268,Duncan,"Spartanburg, SC",Spartanburg County
70411,29334,SC,202608,1821.33,0.043,0.0618,Duncan,"Spartanburg, SC",Spartanburg County
70415,29340,SC,202607,1174.09,,,Gaffney,"Gaffney, SC",Cherokee County
70415,29340,SC,202608,1177.5,0.0029,,Gaffney,"Gaffney, SC",Cherokee County
70416,29341,SC,202512,1032.49,,,Gaffney,"Gaffney, SC",Cherokee County
70416,29341,SC,202601,1009.33,-0.0224,,Gaffney,"Gaffney, SC",Cherokee County
70416,29341,SC,202602,988.49,-0.0206,,Gaffney,"Gaffney, SC",Cherokee County
70416,29341,SC,202603,989.98,0.0015,,Gaffney,"Gaffney, SC",Cherokee County
70416,29341,SC,202604,994.15,0.0042,,Gaffney,"Gaffney, SC",Cherokee County
70416,29341,SC,202605,987.39,-0.0068,,Gaffney,"Gaffney, SC",Cherokee County
70416,29341,SC,202606,990.53,0.0032,,Gaffney,"Gaffney, SC",Cherokee County
70416,29341,SC,202607,991.03,0.0005,,Gaffney,"Gaffney, SC",Cherokee County
70416,29341,SC,202608,1015.58,0.0248,,Gaffney,"Gaffney, SC",Cherokee County
70420,29349,SC,202212,1379.76,,,Inman,"Spartanburg, SC",Spartanburg County
70420,29349,SC,202301,1421.85,0.0305,,Inman,"Spartanburg, SC",Spartanburg County
70420,29349,SC,202302,1429.26,0.0052,,Inman,"Spartanburg, SC",Spartanburg County
70420,29349,SC,202303,1456.18,0.0188,,Inman,"Spartanburg, SC",Spartanburg County
70420,29349,SC,202304,1483.47,0.0187,,Inman,"Spartanburg, SC",Spartanburg County
70420,29349,SC,202305,1507.95,0.0165,,Inman,"Spartanburg, SC",Spartanburg County
70420,29349,SC,202306,1514.69,0.0045,,Inman,"Spartanburg, SC",Spartanburg County
70420,29349,SC,202307,1514.11,-0.0004,,Inman,"Spartanburg, SC",Spartanburg County
70420,29349,SC,202308,1527.49,0.0088,,Inman,"Spartanburg, SC",Spartanburg County
70420,29349,SC,202309,1521.2,-0.0041,,Inman,"Spartanburg, SC",Spartanburg County
70420,29349,SC,202310,1507.52,-0.009,,Inman,"Spartanburg, SC",Spartanburg County
70420,29349,SC,202311,1482.52,-0.0166,,Inman,"Spartanburg, SC",Spartanburg County
70420,29349,SC,202312,1481.5,-0.0007,0.0737,Inman,"Spartanburg, SC",Spartanburg County
70420,29349,SC,202401,1498.8,0.0117,0.0541,Inman,"Spartanburg, SC",Spartanburg County
70420,29349,SC,202402,1522.7,0.0159,0.0654,Inman,"Spartanburg, SC",Spartanburg County
70420,29349,SC,202403,1539.84,0.0113,0.0574,Inman,"Spartanburg, SC",Spartanburg County
70420,29349,SC,202404,1540.12,0.0002,0.0382,Inman,"Spartanburg, SC",Spartanburg County
70420,29349,SC,202405,1527.15,-0.0084,0.0127,Inman,"Spartanburg, SC",Spartanburg County
70420,29349,SC,202406,1520.98,-0.004,0.0042,Inman,"Spartanburg, SC",Spartanburg County
70420,29349,SC,202407,1576.06,0.0362,0.0409,Inman,"Spartanburg, SC",Spartanburg County
70420,29349,SC,202408,1601.13,0.0159,0.0482,Inman,"Spartanburg, SC",Spartanburg County
70420,29349,SC,202409,1615.12,0.0087,0.0617,Inman,"Spartanburg, SC",Spartanburg County
70420,29349,SC,202410,1589.92,-0.0156,0.0547,Inman,"Spartanburg, SC",Spartanburg County
70420,29349,SC,202411,1594.81,0.0031,0.0757,Inman,"Spartanburg, SC",Spartanburg County
70420,29349,SC,202412,1601.08,0.0039,0.0807,Inman,"Spartanburg, SC",Spartanburg County
70420,29349,SC,202501,1569.1,-0.02,0.0469,Inman,"Spartanburg, SC",Spartanburg County
70420,29349,SC,202502,1591.98,0.0146,0.0455,Inman,"Spartanburg, SC",Spartanburg County
70420,29349,SC,202503,1598.11,0.0038,0.0378,Inman,"Spartanburg, SC",Spartanburg County
70420,29349,SC,202504,1611.87,0.0086,0.0466,Inman,"Spartanburg, SC",Spartanburg County
70420,29349,SC,202505,1589.54,-0.0139,0.0409,Inman,"Spartanburg, SC",Spartanburg County
70420,29349,SC,202506,1593.28,0.0024,0.0475,Inman,"Spartanburg, SC",Spartanburg County
70420,29349,SC,202507,1607.77,0.0091,0.0201,Inman,"Spartanburg, SC",Spartanburg County
70420,29349,SC,202508,1620.82,0.0081,0.0123,Inman,"Spartanburg, SC",Spartanburg County
70420,29349,SC,202509,1587.65,-0.0205,-0.017,Inman,"Spartanburg, SC",Spartanburg County
70420,29349,SC,202510,1582.33,-0.0033,-0.0048,Inman,"Spartanburg, SC",Spartanburg County
70420,29349,SC,202511,1578.25,-0.0026,-0.0104,Inman,"Spartanburg, SC",Spartanburg County
70420,29349,SC,202512,1619.44,0.0261,0.0115,Inman,"Spartanburg, SC",Spartanburg County
70420,29349,SC,202601,1631.67,0.0076,0.0399,Inman,"Spartanburg, SC",Spartanburg County
70420,29349,SC,202602,1629.54,-0.0013,0.0236,Inman,"Spartanburg, SC",Spartanburg County
70420,29349,SC,202603,1637.42,0.0048,0.0246,Inman,"Spartanburg, SC",Spartanburg County
70420,29349,SC,202604,1641.84,0.0027,0.0186,Inman,"Spartanburg, SC",Spartanburg County
70420,29349,SC,202605,1664.16,0.0136,0.0469,Inman,"Spartanburg, SC",Spartanburg County
70420,29349,SC,202606,1664.9,0.0004,0.045,Inman,"Spartanburg, SC",Spartanburg County
70420,29349,SC,202607,1671.14,0.0037,0.0394,Inman,"Spartanburg, SC",Spartanburg County
70420,29349,SC,202608,1682.82,0.007,0.0383,Inman,"Spartanburg, SC",Spartanburg County
70427,29365,SC,202512,1664.13,,,Lyman,"Spartanburg, SC",Spartanburg County
70427,29365,SC,202601,1668.51,0.0026,,Lyman,"Spartanburg, SC",Spartanburg County
70427,29365,SC,202602,1636.65,-0.0191,,Lyman,"Spartanburg, SC",Spartanburg County
70427,29365,SC,202603,1644.88,0.005,,Lyman,"Spartanburg, SC",Spartanburg County
70427,29365,SC,202604,1653.97,0.0055,,Lyman,"Spartanburg, SC",Spartanburg County
70427,29365,SC,202605,1677.5,0.0142,,Lyman,"Spartanburg, SC",Spartanburg County
70427,29365,SC,202606,1650.75,-0.0159,,Lyman,"Spartanburg, SC",Spartanburg County
70427,29365,SC,202607,1663.28,0.0076,,Lyman,"Spartanburg, SC",Spartanburg County
70427,29365,SC,202608,1645.56,-0.0107,,Lyman,"Spartanburg, SC",Spartanburg County
70429,29369,SC,202411,1661.04,,,Moore,"Spartanburg, SC",Spartanburg County
70429,29369,SC,202412,1659.97,-0.0006,,Moore,"Spartanburg, SC",Spartanburg County
70429,29369,SC,202501,1648.14,-0.0071,,Moore,"Spartanburg, SC",Spartanburg County
70429,29369,SC,202502,1626.28,-0.0133,,Moore,"Spartanburg, SC",Spartanburg County
70429,29369,SC,202503,1619.57,-0.0041,,Moore,"Spartanburg, SC",Spartanburg County
70429,29369,SC,202504,1670.45,0.0314,,Moore,"Spartanburg, SC",Spartanburg County
70429,29369,SC,202505,1698.21,0.0166,,Moore,"Spartanburg, SC",Spartanburg County
70429,29369,SC,202506,1691.02,-0.0042,,Moore,"Spartanburg, SC",Spartanburg County
70429,29369,SC,202507,1643.64,-0.028,,Moore,"Spartanburg, SC",Spartanburg County
70429,29369,SC,202508,1634.48,-0.0056,,Moore,"Spartanburg, SC",Spartanburg County
70429,29369,SC,202509,1625.7,-0.0054,,Moore,"Spartanburg, SC",Spartanburg County
70429,29369,SC,202510,1639.11,0.0082,,Moore,"Spartanburg, SC",Spartanburg County
70429,29369,SC,202511,1641.59,0.0015,-0.0117,Moore,"Spartanburg, SC",Spartanburg County
70429,29369,SC,202512,1677.01,0.0216,0.0103,Moore,"Spartanburg, SC",Spartanburg County
70429,29369,SC,202601,1671.2,-0.0035,0.014,Moore,"Spartanburg, SC",Spartanburg County
70429,29369,SC,202602,1667.08,-0.0025,0.0251,Moore,"Spartanburg, SC",Spartanburg County
70429,29369,SC,202603,1641.63,-0.0153,0.0136,Moore,"Spartanburg, SC",Spartanburg County
70429,29369,SC,202604,1642.23,0.0004,-0.0169,Moore,"Spartanburg, SC",Spartanburg County
70429,29369,SC,202605,1649.68,0.0045,-0.0286,Moore,"Spartanburg, SC",Spartanburg County
70429,29369,SC,202606,1649.68,0.0,-0.0244,Moore,"Spartanburg, SC",Spartanburg County
70429,29369,SC,202607,1630.75,-0.0115,-0.0078,Moore,"Spartanburg, SC",Spartanburg County
70429,29369,SC,202608,1642.5,0.0072,0.0049,Moore,"Spartanburg, SC",Spartanburg County
70446,29401,SC,201710,1773.08,,,Charleston,"Charleston-North Charleston, SC",Charleston County
70446,29401,SC,201711,1816.66,0.0246,,Charleston,"Charleston-North Charleston, SC",Charleston County
70446,29401,SC,201712,1823.5,0.0038,,Charleston,"Charleston-North Charleston, SC",Charleston County
70446,29401,SC,201801,1827.05,0.0019,,Charleston,"Charleston-North Charleston, SC",Charleston County
70446,29401,SC,201802,1835.44,0.0046,,Charleston,"Charleston-North Charleston, SC",Charleston County
70446,29401,SC,201803,1843.67,0.0045,,Charleston,"Charleston-North Charleston, SC",Charleston County
70446,29401,SC,201804,1873.51,0.0162,,Charleston,"Charleston-North Charleston, SC",Charleston County
70446,29401,SC,201805,1846.02,-0.0147,,Charleston,"Charleston-North Charleston, SC",Charleston County
70446,29401,SC,201806,1844.17,-0.001,,Charleston,"Charleston-North Charleston, SC",Charleston County
70446,29401,SC,201807,1808.8,-0.0192,,Charleston,"Charleston-North Charleston, SC",Charleston County
70446,29401,SC,201808,1827.77,0.0105,,Charleston,"Charleston-North Charleston, SC",Charleston County
70446,29401,SC,201809,1836.97,0.005,,Charleston,"Charleston-North Charleston, SC",Charleston County
70446,29401,SC,201810,1857.57,0.0112,0.0476,Charleston,"Charleston-North Charleston, SC",Charleston County
70446,29401,SC,201811,1921.98,0.0347,0.058,Charleston,"Charleston-North Charleston, SC",Charleston County
70446,29401,SC,201812,1941.95,0.0104,0.065,Charleston,"Charleston-North Charleston, SC",Charleston County
70446,29401,SC,201901,1947.15,0.0027,0.0657,Charleston,"Charleston-North Charleston, SC",Charleston County
70446,29401,SC,201902,1933.12,-0.0072,0.0532,Charleston,"Charleston-North Charleston, SC",Charleston County
70446,29401,SC,201903,1929.64,-0.0018,0.0466,Charleston,"Charleston-North Charleston, SC",Charleston County
70446,29401,SC,201904,1957.86,0.0146,0.045,Charleston,"Charleston-North Charleston, SC",Charleston County
70446,29401,SC,201905,1917.42,-0.0207,0.0387,Charleston,"Charleston-North Charleston, SC",Charleston County
70446,29401,SC,201906,1921.68,0.0022,0.042,Charleston,"Charleston-North Charleston, SC",Charleston County
70446,29401,SC,201907,1896.98,-0.0129,0.0488,Charleston,"Charleston-North Charleston, SC",Charleston County
70446,29401,SC,201908,1864.69,-0.017,0.0202,Charleston,"Charleston-North Charleston, SC",Charleston County
70446,29401,SC,201909,1802.37,-0.0334,-0.0188,Charleston,"Charleston-North Charleston, SC",Charleston County
70446,29401,SC,201910,1832.14,0.0165,-0.0137,Charleston,"Charleston-North Charleston, SC",Charleston County
70446,29401,SC,201911,1848.64,0.009,-0.0382,Charleston,"Charleston-North Charleston, SC",Charleston County
70446,29401,SC,201912,1932.61,0.0454,-0.0048,Charleston,"Charleston-North Charleston, SC",Charleston County
70446,29401,SC,202001,1941.17,0.0044,-0.0031,Charleston,"Charleston-North Charleston, SC",Charleston County
70446,29401,SC,202002,2017.72,0.0394,0.0438,Charleston,"Charleston-North Charleston, SC",Charleston County
70446,29401,SC,202003,2033.26,0.0077,0.0537,Charleston,"Charleston-North Charleston, SC",Charleston County
70446,29401,SC,202004,2033.73,0.0002,0.0387,Charleston,"Charleston-North Charleston, SC",Charleston County
70446,29401,SC,202005,2005.8,-0.0137,0.0461,Charleston,"Charleston-North Charleston, SC",Charleston County
70446,29401,SC,202006,1987.86,-0.0089,0.0344,Charleston,"Charleston-North Charleston, SC",Charleston County
70446,29401,SC,202007,2008.03,0.0102,0.0585,Charleston,"Charleston-North Charleston, SC",Charleston County
70446,29401,SC,202008,2015.96,0.0039,0.0811,Charleston,"Charleston-North Charleston, SC",Charleston County
70446,29401,SC,202009,1988.04,-0.0138,0.103,Charleston,"Charleston-North Charleston, SC",Charleston County
70446,29401,SC,202010,1954.05,-0.0171,0.0665,Charleston,"Charleston-North Charleston, SC",Charleston County
70446,29401,SC,202011,1950.45,-0.0018,0.0551,Charleston,"Charleston-North Charleston, SC",Charleston County
70446,29401,SC,202012,2031.64,0.0416,0.0512,Charleston,"Charleston-North Charleston, SC",Charleston County
70446,29401,SC,202101,2083.52,0.0255,0.0733,Charleston,"Charleston-North Charleston, SC",Charleston County
70446,29401,SC,202102,2151.33,0.0325,0.0662,Charleston,"Charleston-North Charleston, SC",Charleston County
70446,29401,SC,202103,2156.17,0.0023,0.0605,Charleston,"Charleston-North Charleston, SC",Charleston County
70446,29401,SC,202104,2181.66,0.0118,0.0727,Charleston,"Charleston-North Charleston, SC",Charleston County
70446,29401,SC,202105,2222.17,0.0186,0.1079,Charleston,"Charleston-North Charleston, SC",Charleston County
70446,29401,SC,202106,2277.79,0.025,0.1459,Charleston,"Charleston-North Charleston, SC",Charleston County
70446,29401,SC,202107,2313.28,0.0156,0.152,Charleston,"Charleston-North Charleston, SC",Charleston County
70446,29401,SC,202108,2299.12,-0.0061,0.1405,Charleston,"Charleston-North Charleston, SC",Charleston County
70446,29401,SC,202109,2266.37,-0.0142,0.14,Charleston,"Charleston-North Charleston, SC",Charleston County
70446,29401,SC,202110,2210.85,-0.0245,0.1314,Charleston,"Charleston-North Charleston, SC",Charleston County
70446,29401,SC,202111,2254.79,0.0199,0.156,Charleston,"Charleston-North Charleston, SC",Charleston County
70446,29401,SC,202112,2285.33,0.0135,0.1249,Charleston,"Charleston-North Charleston, SC",Charleston County
70446,29401,SC,202201,2383.77,0.0431,0.1441,Charleston,"Charleston-North Charleston, SC",Charleston County
70446,29401,SC,202202,2488.91,0.0441,0.1569,Charleston,"Charleston-North Charleston, SC",Charleston County
70446,29401,SC,202203,2593.21,0.0419,0.2027,Charleston,"Charleston-North Charleston, SC",Charleston County
70446,29401,SC,202204,2654.49,0.0236,0.2167,Charleston,"Charleston-North Charleston, SC",Charleston County
70446,29401,SC,202205,2626.79,-0.0104,0.1821,Charleston,"Charleston-North Charleston, SC",Charleston County
70446,29401,SC,202206,2659.19,0.0123,0.1674,Charleston,"Charleston-North Charleston, SC",Charleston County
70446,29401,SC,202207,2763.96,0.0394,0.1948,Charleston,"Charleston-North Charleston, SC",Charleston County
70446,29401,SC,202208,2740.6,-0.0085,0.192,Charleston,"Charleston-North Charleston, SC",Charleston County
70446,29401,SC,202209,2826.56,0.0314,0.2472,Charleston,"Charleston-North Charleston, SC",Charleston County
70446,29401,SC,202210,2782.34,-0.0156,0.2585,Charleston,"Charleston-North Charleston, SC",Charleston County
70446,29401,SC,202211,2895.22,0.0406,0.284,Charleston,"Charleston-North Charleston, SC",Charleston County
70446,29401,SC,202212,2857.91,-0.0129,0.2505,Charleston,"Charleston-North Charleston, SC",Charleston County
70446,29401,SC,202301,2906.46,0.017,0.2193,Charleston,"Charleston-North Charleston, SC",Charleston County
70446,29401,SC,202302,2874.11,-0.0111,0.1548,Charleston,"Charleston-North Charleston, SC",Charleston County
70446,29401,SC,202303,2978.71,0.0364,0.1487,Charleston,"Charleston-North Charleston, SC",Charleston County
70446,29401,SC,202304,3010.8,0.0108,0.1342,Charleston,"Charleston-North Charleston, SC",Charleston County
70446,29401,SC,202305,3141.66,0.0435,0.196,Charleston,"Charleston-North Charleston, SC",Charleston County
70446,29401,SC,202306,3094.42,-0.015,0.1637,Charleston,"Charleston-North Charleston, SC",Charleston County
70446,29401,SC,202307,3103.2,0.0028,0.1227,Charleston,"Charleston-North Charleston, SC",Charleston County
70446,29401,SC,202308,3050.59,-0.017,0.1131,Charleston,"Charleston-North Charleston, SC",Charleston County
70446,29401,SC,202309,2936.19,-0.0375,0.0388,Charleston,"Charleston-North Charleston, SC",Charleston County
70446,29401,SC,202310,3080.96,0.0493,0.1073,Charleston,"Charleston-North Charleston, SC",Charleston County
70446,29401,SC,202311,3055.5,-0.0083,0.0554,Charleston,"Charleston-North Charleston, SC",Charleston County
70446,29401,SC,202312,3226.87,0.0561,0.1291,Charleston,"Charleston-North Charleston, SC",Charleston County
70446,29401,SC,202401,3161.43,-0.0203,0.0877,Charleston,"Charleston-North Charleston, SC",Charleston County
70446,29401,SC,202402,3250.24,0.0281,0.1309,Charleston,"Charleston-North Charleston, SC",Charleston County
70446,29401,SC,202403,3292.35,0.013,0.1053,Charleston,"Charleston-North Charleston, SC",Charleston County
70446,29401,SC,202404,3357.01,0.0196,0.115,Charleston,"Charleston-North Charleston, SC",Charleston County
70446,29401,SC,202405,3410.84,0.016,0.0857,Charleston,"Charleston-North Charleston, SC",Charleston County
70446,29401,SC,202406,3433.23,0.0066,0.1095,Charleston,"Charleston-North Charleston, SC",Charleston County
70446,29401,SC,202407,3418.48,-0.0043,0.1016,Charleston,"Charleston-North Charleston, SC",Charleston County
70446,29401,SC,202408,3382.6,-0.0105,0.1088,Charleston,"Charleston-North Charleston, SC",Charleston County
70446,29401,SC,202409,3357.71,-0.0074,0.1436,Charleston,"Charleston-North Charleston, SC",Charleston County
70446,29401,SC,202410,3350.9,-0.002,0.0876,Charleston,"Charleston-North Charleston, SC",Charleston County
70446,29401,SC,202411,3407.75,0.017,0.1153,Charleston,"Charleston-North Charleston, SC",Charleston County
70446,29401,SC,202412,3461.05,0.0156,0.0726,Charleston,"Charleston-North Charleston, SC",Charleston County
70446,29401,SC,202501,3480.9,0.0057,0.1011,Charleston,"Charleston-North Charleston, SC",Charleston County
70446,29401,SC,202502,3548.77,0.0195,0.0918,Charleston,"Charleston-North Charleston, SC",Charleston County
70446,29401,SC,202503,3579.32,0.0086,0.0872,Charleston,"Charleston-North Charleston, SC",Charleston County
70446,29401,SC,202504,3633.3,0.0151,0.0823,Charleston,"Charleston-North Charleston, SC",Charleston County
70446,29401,SC,202505,3568.71,-0.0178,0.0463,Charleston,"Charleston-North Charleston, SC",Charleston County
70446,29401,SC,202506,3560.45,-0.0023,0.0371,Charleston,"Charleston-North Charleston, SC",Charleston County
70446,29401,SC,202507,3530.44,-0.0084,0.0328,Charleston,"Charleston-North Charleston, SC",Charleston County
70446,29401,SC,202508,3542.68,0.0035,0.0473,Charleston,"Charleston-North Charleston, SC",Charleston County
70446,29401,SC,202509,3494.02,-0.0137,0.0406,Charleston,"Charleston-North Charleston, SC",Charleston County
70446,29401,SC,202510,3493.42,-0.0002,0.0425,Charleston,"Charleston-North Charleston, SC",Charleston County
70446,29401,SC,202511,3504.97,0.0033,0.0285,Charleston,"Charleston-North Charleston, SC",Charleston County
70446,29401,SC,202512,3596.26,0.026,0.0391,Charleston,"Charleston-North Charleston, SC",Charleston County
70446,29401,SC,202601,3662.25,0.0183,0.0521,Charleston,"Charleston-North Charleston, SC",Charleston County
70446,29401,SC,202602,3720.07,0.0158,0.0483,Charleston,"Charleston-North Charleston, SC",Charleston County
70446,29401,SC,202603,3713.66,-0.0017,0.0375,Charleston,"Charleston-North Charleston, SC",Charleston County
70446,29401,SC,202604,3687.46,-0.0071,0.0149,Charleston,"Charleston-North Charleston, SC",Charleston County
70446,29401,SC,202605,3661.77,-0.007,0.0261,Charleston,"Charleston-North Charleston, SC",Charleston County
70446,29401,SC,202606,3677.12,0.0042,0.0328,Charleston,"Charleston-North Charleston, SC",Charleston County
70446,29401,SC,202607,3692.08,0.0041,0.0458,Charleston,"Charleston-North Charleston, SC",Charleston County
70446,29401,SC,202608,3630.44,-0.0167,0.0248,Charleston,"Charleston-North Charleston, SC",Charleston County
70448,29403,SC,201612,1371.96,,,Charleston,"Charleston-North Charleston, SC",Charleston County
70448,29403,SC,201701,1443.96,0.0525,,Charleston,"Charleston-North Charleston, SC",Charleston County
70448,29403,SC,201702,1455.88,0.0083,,Charleston,"Charleston-North Charleston, SC",Charleston County
70448,29403,SC,201703,1453.75,-0.0015,,Charleston,"Charleston-North Charleston, SC",Charleston County
70448,29403,SC,201704,1465.12,0.0078,,Charleston,"Charleston-North Charleston, SC",Charleston County
70448,29403,SC,201705,1474.99,0.0067,,Charleston,"Charleston-North Charleston, SC",Charleston County
70448,29403,SC,201706,1493.01,0.0122,,Charleston,"Charleston-North Charleston, SC",Charleston County
70448,29403,SC,201707,1488.9,-0.0028,,Charleston,"Charleston-North Charleston, SC",Charleston County
70448,29403,SC,201708,1485.27,-0.0024,,Charleston,"Charleston-North Charleston, SC",Charleston County
70448,29403,SC,201709,1457.5,-0.0187,,Charleston,"Charleston-North Charleston, SC",Charleston County
70448,29403,SC,201710,1481.59,0.0165,,Charleston,"Charleston-North Charleston, SC",Charleston County
70448,29403,SC,201711,1490.11,0.0058,,Charleston,"Charleston-North Charleston, SC",Charleston County
70448,29403,SC,201712,1525.41,0.0237,0.1118,Charleston,"Charleston-North Charleston, SC",Charleston County
70448,29403,SC,201801,1522.22,-0.0021,0.0542,Charleston,"Charleston-North Charleston, SC",Charleston County
70448,29403,SC,201802,1532.84,0.007,0.0529,Charleston,"Charleston-North Charleston, SC",Charleston County
70448,29403,SC,201803,1540.94,0.0053,0.06,Charleston,"Charleston-North Charleston, SC",Charleston County
70448,29403,SC,201804,1548.4,0.0048,0.0568,Charleston,"Charleston-North Charleston, SC",Charleston County
70448,29403,SC,201805,1544.98,-0.0022,0.0474,Charleston,"Charleston-North Charleston, SC",Charleston County
70448,29403,SC,201806,1544.18,-0.0005,0.0343,Charleston,"Charleston-North Charleston, SC",Charleston County
70448,29403,SC,201807,1551.29,0.0046,0.0419,Charleston,"Charleston-North Charleston, SC",Charleston County
70448,29403,SC,201808,1570.42,0.0123,0.0573,Charleston,"Charleston-North Charleston, SC",Charleston County
70448,29403,SC,201809,1570.21,-0.0001,0.0773,Charleston,"Charleston-North Charleston, SC",Charleston County
70448,29403,SC,201810,1534.1,-0.023,0.0354,Charleston,"Charleston-North Charleston, SC",Charleston County
70448,29403,SC,201811,1526.67,-0.0048,0.0245,Charleston,"Charleston-North Charleston, SC",Charleston County
70448,29403,SC,201812,1543.63,0.0111,0.0119,Charleston,"Charleston-North Charleston, SC",Charleston County
70448,29403,SC,201901,1580.99,0.0242,0.0386,Charleston,"Charleston-North Charleston, SC",Charleston County
70448,29403,SC,201902,1586.67,0.0036,0.0351,Charleston,"Charleston-North Charleston, SC",Charleston County
70448,29403,SC,201903,1610.86,0.0152,0.0454,Charleston,"Charleston-North Charleston, SC",Charleston County
70448,29403,SC,201904,1610.84,-0.0,0.0403,Charleston,"Charleston-North Charleston, SC",Charleston County
70448,29403,SC,201905,1625.25,0.0089,0.052,Charleston,"Charleston-North Charleston, SC",Charleston County
70448,29403,SC,201906,1619.38,-0.0036,0.0487,Charleston,"Charleston-North Charleston, SC",Charleston County
70448,29403,SC,201907,1636.22,0.0104,0.0547,Charleston,"Charleston-North Charleston, SC",Charleston County
70448,29403,SC,201908,1637.94,0.001,0.043,Charleston,"Charleston-North Charleston, SC",Charleston County
70448,29403,SC,201909,1632.32,-0.0034,0.0396,Charleston,"Charleston-North Charleston, SC",Charleston County
70448,29403,SC,201910,1652.06,0.0121,0.0769,Charleston,"Charleston-North Charleston, SC",Charleston County
70448,29403,SC,201911,1652.22,0.0001,0.0822,Charleston,"Charleston-North Charleston, SC",Charleston County
70448,29403,SC,201912,1662.13,0.006,0.0768,Charleston,"Charleston-North Charleston, SC",Charleston County
70448,29403,SC,202001,1649.25,-0.0078,0.0432,Charleston,"Charleston-North Charleston, SC",Charleston County
70448,29403,SC,202002,1667.37,0.011,0.0509,Charleston,"Charleston-North Charleston, SC",Charleston County
70448,29403,SC,202003,1693.27,0.0155,0.0512,Charleston,"Charleston-North Charleston, SC",Charleston County
70448,29403,SC,202004,1678.96,-0.0085,0.0423,Charleston,"Charleston-North Charleston, SC",Charleston County
70448,29403,SC,202005,1654.63,-0.0145,0.0181,Charleston,"Charleston-North Charleston, SC",Charleston County
70448,29403,SC,202006,1634.41,-0.0122,0.0093,Charleston,"Charleston-North Charleston, SC",Charleston County
70448,29403,SC,202007,1652.93,0.0113,0.0102,Charleston,"Charleston-North Charleston, SC",Charleston County
70448,29403,SC,202008,1660.31,0.0045,0.0137,Charleston,"Charleston-North Charleston, SC",Charleston County
70448,29403,SC,202009,1673.76,0.0081,0.0254,Charleston,"Charleston-North Charleston, SC",Charleston County
70448,29403,SC,202010,1669.8,-0.0024,0.0107,Charleston,"Charleston-North Charleston, SC",Charleston County
70448,29403,SC,202011,1701.21,0.0188,0.0296,Charleston,"Charleston-North Charleston, SC",Charleston County
70448,29403,SC,202012,1709.42,0.0048,0.0284,Charleston,"Charleston-North Charleston, SC",Charleston County
70448,29403,SC,202101,1741.57,0.0188,0.056,Charleston,"Charleston-North Charleston, SC",Charleston County
70448,29403,SC,202102,1758.66,0.0098,0.0547,Charleston,"Charleston-North Charleston, SC",Charleston County
70448,29403,SC,202103,1771.22,0.0071,0.046,Charleston,"Charleston-North Charleston, SC",Charleston County
70448,29403,SC,202104,1773.72,0.0014,0.0564,Charleston,"Charleston-North Charleston, SC",Charleston County
70448,29403,SC,202105,1776.77,0.0017,0.0738,Charleston,"Charleston-North Charleston, SC",Charleston County
70448,29403,SC,202106,1802.35,0.0144,0.1027,Charleston,"Charleston-North Charleston, SC",Charleston County
70448,29403,SC,202107,1827.74,0.0141,0.1058,Charleston,"Charleston-North Charleston, SC",Charleston County
70448,29403,SC,202108,1857.03,0.016,0.1185,Charleston,"Charleston-North Charleston, SC",Charleston County
70448,29403,SC,202109,1855.39,-0.0009,0.1085,Charleston,"Charleston-North Charleston, SC",Charleston County
70448,29403,SC,202110,1872.64,0.0093,0.1215,Charleston,"Charleston-North Charleston, SC",Charleston County
70448,29403,SC,202111,1884.11,0.0061,0.1075,Charleston,"Charleston-North Charleston, SC",Charleston County
70448,29403,SC,202112,1939.96,0.0296,0.1349,Charleston,"Charleston-North Charleston, SC",Charleston County
70448,29403,SC,202201,1958.99,0.0098,0.1248,Charleston,"Charleston-North Charleston, SC",Charleston County
70448,29403,SC,202202,1974.99,0.0082,0.123,Charleston,"Charleston-North Charleston, SC",Charleston County
70448,29403,SC,202203,1984.67,0.0049,0.1205,Charleston,"Charleston-North Charleston, SC",Charleston County
70448,29403,SC,202204,2044.25,0.03,0.1525,Charleston,"Charleston-North Charleston, SC",Charleston County
70448,29403,SC,202205,2103.05,0.0288,0.1836,Charleston,"Charleston-North Charleston, SC",Charleston County
70448,29403,SC,202206,2139.74,0.0174,0.1872,Charleston,"Charleston-North Charleston, SC",Charleston County
70448,29403,SC,202207,2141.96,0.001,0.1719,Charleston,"Charleston-North Charleston, SC",Charleston County
70448,29403,SC,202208,2164.01,0.0103,0.1653,Charleston,"Charleston-North Charleston, SC",Charleston County
70448,29403,SC,202209,2178.97,0.0069,0.1744,Charleston,"Charleston-North Charleston, SC",Charleston County
70448,29403,SC,202210,2201.69,0.0104,0.1757,Charleston,"Charleston-North Charleston, SC",Charleston County
70448,29403,SC,202211,2205.38,0.0017,0.1705,Charleston,"Charleston-North Charleston, SC",Charleston County
70448,29403,SC,202212,2218.09,0.0058,0.1434,Charleston,"Charleston-North Charleston, SC",Charleston County
70448,29403,SC,202301,2214.58,-0.0016,0.1305,Charleston,"Charleston-North Charleston, SC",Charleston County
70448,29403,SC,202302,2228.32,0.0062,0.1283,Charleston,"Charleston-North Charleston, SC",Charleston County
70448,29403,SC,202303,2233.05,0.0021,0.1252,Charleston,"Charleston-North Charleston, SC",Charleston County
70448,29403,SC,202304,2267.62,0.0155,0.1093,Charleston,"Charleston-North Charleston, SC",Charleston County
70448,29403,SC,202305,2284.38,0.0074,0.0862,Charleston,"Charleston-North Charleston, SC",Charleston County
70448,29403,SC,202306,2307.25,0.01,0.0783,Charleston,"Charleston-North Charleston, SC",Charleston County
70448,29403,SC,202307,2312.76,0.0024,0.0797,Charleston,"Charleston-North Charleston, SC",Charleston County
70448,29403,SC,202308,2322.87,0.0044,0.0734,Charleston,"Charleston-North Charleston, SC",Charleston County
70448,29403,SC,202309,2336.65,0.0059,0.0724,Charleston,"Charleston-North Charleston, SC",Charleston County
70448,29403,SC,202310,2351.14,0.0062,0.0679,Charleston,"Charleston-North Charleston, SC",Charleston County
70448,29403,SC,202311,2360.27,0.0039,0.0702,Charleston,"Charleston-North Charleston, SC",Charleston County
70448,29403,SC,202312,2346.07,-0.006,0.0577,Charleston,"Charleston-North Charleston, SC",Charleston County
70448,29403,SC,202401,2350.24,0.0018,0.0613,Charleston,"Charleston-North Charleston, SC",Charleston County
70448,29403,SC,202402,2353.22,0.0013,0.0561,Charleston,"Charleston-North Charleston, SC",Charleston County
70448,29403,SC,202403,2364.39,0.0047,0.0588,Charleston,"Charleston-North Charleston, SC",Charleston County
70448,29403,SC,202404,2360.66,-0.0016,0.041,Charleston,"Charleston-North Charleston, SC",Charleston County
70448,29403,SC,202405,2382.31,0.0092,0.0429,Charleston,"Charleston-North Charleston, SC",Charleston County
70448,29403,SC,202406,2407.39,0.0105,0.0434,Charleston,"Charleston-North Charleston, SC",Charleston County
70448,29403,SC,202407,2443.48,0.015,0.0565,Charleston,"Charleston-North Charleston, SC",Charleston County
70448,29403,SC,202408,2462.51,0.0078,0.0601,Charleston,"Charleston-North Charleston, SC",Charleston County
70448,29403,SC,202409,2474.95,0.0051,0.0592,Charleston,"Charleston-North Charleston, SC",Charleston County
70448,29403,SC,202410,2492.95,0.0073,0.0603,Charleston,"Charleston-North Charleston, SC",Charleston County
70448,29403,SC,202411,2476.41,-0.0066,0.0492,Charleston,"Charleston-North Charleston, SC",Charleston County
70448,29403,SC,202412,2479.87,0.0014,0.057,Charleston,"Charleston-North Charleston, SC",Charleston County
70448,29403,SC,202501,2470.9,-0.0036,0.0513,Charleston,"Charleston-North Charleston, SC",Charleston County
70448,29403,SC,202502,2479.67,0.0036,0.0537,Charleston,"Charleston-North Charleston, SC",Charleston County
70448,29403,SC,202503,2491.18,0.0046,0.0536,Charleston,"Charleston-North Charleston, SC",Charleston County
70448,29403,SC,202504,2507.26,0.0065,0.0621,Charleston,"Charleston-North Charleston, SC",Charleston County
70448,29403,SC,202505,2520.99,0.0055,0.0582,Charleston,"Charleston-North Charleston, SC",Charleston County
70448,29403,SC,202506,2530.95,0.004,0.0513,Charleston,"Charleston-North Charleston, SC",Charleston County
70448,29403,SC,202507,2520.52,-0.0041,0.0315,Charleston,"Charleston-North Charleston, SC",Charleston County
70448,29403,SC,202508,2512.14,-0.0033,0.0202,Charleston,"Charleston-North Charleston, SC",Charleston County
70448,29403,SC,202509,2497.07,-0.006,0.0089,Charleston,"Charleston-North Charleston, SC",Charleston County
70448,29403,SC,202510,2497.59,0.0002,0.0019,Charleston,"Charleston-North Charleston, SC",Charleston County
70448,29403,SC,202511,2494.05,-0.0014,0.0071,Charleston,"Charleston-North Charleston, SC",Charleston County
70448,29403,SC,202512,2510.17,0.0065,0.0122,Charleston,"Charleston-North Charleston, SC",Charleston County
70448,29403,SC,202601,2546.81,0.0146,0.0307,Charleston,"Charleston-North Charleston, SC",Charleston County
70448,29403,SC,202602,2604.63,0.0227,0.0504,Charleston,"Charleston-North Charleston, SC",Charleston County
70448,29403,SC,202603,2613.71,0.0035,0.0492,Charleston,"Charleston-North Charleston, SC",Charleston County
70448,29403,SC,202604,2610.35,-0.0013,0.0411,Charleston,"Charleston-North Charleston, SC",Charleston County
70448,29403,SC,202605,2598.13,-0.0047,0.0306,Charleston,"Charleston-North Charleston, SC",Charleston County
70448,29403,SC,202606,2646.2,0.0185,0.0455,Charleston,"Charleston-North Charleston, SC",Charleston County
70448,29403,SC,202607,2679.9,0.0127,0.0632,Charleston,"Charleston-North Charleston, SC",Charleston County
70448,29403,SC,202608,2691.47,0.0043,0.0714,Charleston,"Charleston-North Charleston, SC",Charleston County
70450,29405,SC,201801,1024.67,,,North Charleston,"Charleston-North Charleston, SC",Charleston County
70450,29405,SC,201802,1030.33,0.0055,,North Charleston,"Charleston-North Charleston, SC",Charleston County
70450,29405,SC,201803,1056.96,0.0258,,North Charleston,"Charleston-North Charleston, SC",Charleston County
70450,29405,SC,201804,1082.54,0.0242,,North Charleston,"Charleston-North Charleston, SC",Charleston County
70450,29405,SC,201805,1105.75,0.0214,,North Charleston,"Charleston-North Charleston, SC",Charleston County
70450,29405,SC,201806,1114.07,0.0075,,North Charleston,"Charleston-North Charleston, SC",Charleston County
70450,29405,SC,201807,1105.63,-0.0076,,North Charleston,"Charleston-North Charleston, SC",Charleston County
70450,29405,SC,201808,1092.79,-0.0116,,North Charleston,"Charleston-North Charleston, SC",Charleston County
70450,29405,SC,201809,1112.9,0.0184,,North Charleston,"Charleston-North Charleston, SC",Charleston County
70450,29405,SC,201810,1111.6,-0.0012,,North Charleston,"Charleston-North Charleston, SC",Charleston County
70450,29405,SC,201811,1107.6,-0.0036,,North Charleston,"Charleston-North Charleston, SC",Charleston County
70450,29405,SC,201812,1096.92,-0.0096,,North Charleston,"Charleston-North Charleston, SC",Charleston County
70450,29405,SC,201901,1094.22,-0.0025,0.0679,North Charleston,"Charleston-North Charleston, SC",Charleston County
70450,29405,SC,201902,1103.7,0.0087,0.0712,North Charleston,"Charleston-North Charleston, SC",Charleston County
70450,29405,SC,201903,1112.07,0.0076,0.0521,North Charleston,"Charleston-North Charleston, SC",Charleston County
70450,29405,SC,201904,1110.45,-0.0015,0.0258,North Charleston,"Charleston-North Charleston, SC",Charleston County
70450,29405,SC,201905,1145.56,0.0316,0.036,North Charleston,"Charleston-North Charleston, SC",Charleston County
70450,29405,SC,201906,1145.3,-0.0002,0.028,North Charleston,"Charleston-North Charleston, SC",Charleston County
70450,29405,SC,201907,1158.29,0.0113,0.0476,North Charleston,"Charleston-North Charleston, SC",Charleston County
70450,29405,SC,201908,1155.53,-0.0024,0.0574,North Charleston,"Charleston-North Charleston, SC",Charleston County
70450,29405,SC,201909,1179.86,0.0211,0.0602,North Charleston,"Charleston-North Charleston, SC",Charleston County
70450,29405,SC,201910,1180.52,0.0006,0.062,North Charleston,"Charleston-North Charleston, SC",Charleston County
70450,29405,SC,201911,1163.48,-0.0144,0.0505,North Charleston,"Charleston-North Charleston, SC",Charleston County
70450,29405,SC,201912,1136.84,-0.0229,0.0364,North Charleston,"Charleston-North Charleston, SC",Charleston County
70450,29405,SC,202001,1143.36,0.0057,0.0449,North Charleston,"Charleston-North Charleston, SC",Charleston County
70450,29405,SC,202002,1131.96,-0.01,0.0256,North Charleston,"Charleston-North Charleston, SC",Charleston County
70450,29405,SC,202003,1149.46,0.0155,0.0336,North Charleston,"Charleston-North Charleston, SC",Charleston County
70450,29405,SC,202004,1154.13,0.0041,0.0393,North Charleston,"Charleston-North Charleston, SC",Charleston County
70450,29405,SC,202005,1179.68,0.0221,0.0298,North Charleston,"Charleston-North Charleston, SC",Charleston County
70450,29405,SC,202006,1184.81,0.0044,0.0345,North Charleston,"Charleston-North Charleston, SC",Charleston County
70450,29405,SC,202007,1192.3,0.0063,0.0294,North Charleston,"Charleston-North Charleston, SC",Charleston County
70450,29405,SC,202008,1207.12,0.0124,0.0446,North Charleston,"Charleston-North Charleston, SC",Charleston County
70450,29405,SC,202009,1207.61,0.0004,0.0235,North Charleston,"Charleston-North Charleston, SC",Charleston County
70450,29405,SC,202010,1213.36,0.0048,0.0278,North Charleston,"Charleston-North Charleston, SC",Charleston County
70450,29405,SC,202011,1200.75,-0.0104,0.032,North Charleston,"Charleston-North Charleston, SC",Charleston County
70450,29405,SC,202012,1209.6,0.0074,0.064,North Charleston,"Charleston-North Charleston, SC",Charleston County
70450,29405,SC,202101,1207.83,-0.0015,0.0564,North Charleston,"Charleston-North Charleston, SC",Charleston County
70450,29405,SC,202102,1219.47,0.0096,0.0773,North Charleston,"Charleston-North Charleston, SC",Charleston County
70450,29405,SC,202103,1234.87,0.0126,0.0743,North Charleston,"Charleston-North Charleston, SC",Charleston County
70450,29405,SC,202104,1232.06,-0.0023,0.0675,North Charleston,"Charleston-North Charleston, SC",Charleston County
70450,29405,SC,202105,1251.29,0.0156,0.0607,North Charleston,"Charleston-North Charleston, SC",Charleston County
70450,29405,SC,202106,1295.4,0.0353,0.0933,North Charleston,"Charleston-North Charleston, SC",Charleston County
70450,29405,SC,202107,1356.92,0.0475,0.1381,North Charleston,"Charleston-North Charleston, SC",Charleston County
70450,29405,SC,202108,1388.42,0.0232,0.1502,North Charleston,"Charleston-North Charleston, SC",Charleston County
70450,29405,SC,202109,1378.24,-0.0073,0.1413,North Charleston,"Charleston-North Charleston, SC",Charleston County
70450,29405,SC,202110,1394.07,0.0115,0.1489,North Charleston,"Charleston-North Charleston, SC",Charleston County
70450,29405,SC,202111,1409.73,0.0112,0.174,North Charleston,"Charleston-North Charleston, SC",Charleston County
70450,29405,SC,202112,1432.63,0.0162,0.1844,North Charleston,"Charleston-North Charleston, SC",Charleston County
70450,29405,SC,202201,1416.85,-0.011,0.1731,North Charleston,"Charleston-North Charleston, SC",Charleston County
70450,29405,SC,202202,1409.46,-0.0052,0.1558,North Charleston,"Charleston-North Charleston, SC",Charleston County
70450,29405,SC,202203,1436.71,0.0193,0.1635,North Charleston,"Charleston-North Charleston, SC",Charleston County
70450,29405,SC,202204,1476.41,0.0276,0.1983,North Charleston,"Charleston-North Charleston, SC",Charleston County
70450,29405,SC,202205,1551.77,0.051,0.2401,North Charleston,"Charleston-North Charleston, SC",Charleston County
70450,29405,SC,202206,1610.19,0.0377,0.243,North Charleston,"Charleston-North Charleston, SC",Charleston County
70450,29405,SC,202207,1652.6,0.0263,0.2179,North Charleston,"Charleston-North Charleston, SC",Charleston County
70450,29405,SC,202208,1639.47,-0.0079,0.1808,North Charleston,"Charleston-North Charleston, SC",Charleston County
70450,29405,SC,202209,1610.18,-0.0179,0.1683,North Charleston,"Charleston-North Charleston, SC",Charleston County
70450,29405,SC,202210,1623.39,0.0082,0.1645,North Charleston,"Charleston-North Charleston, SC",Charleston County
70450,29405,SC,202211,1602.01,-0.0132,0.1364,North Charleston,"Charleston-North Charleston, SC",Charleston County
70450,29405,SC,202212,1621.72,0.0123,0.132,North Charleston,"Charleston-North Charleston, SC",Charleston County
70450,29405,SC,202301,1619.45,-0.0014,0.143,North Charleston,"Charleston-North Charleston, SC",Charleston County
70450,29405,SC,202302,1679.08,0.0368,0.1913,North Charleston,"Charleston-North Charleston, SC",Charleston County
70450,29405,SC,202303,1700.48,0.0127,0.1836,North Charleston,"Charleston-North Charleston, SC",Charleston County
70450,29405,SC,202304,1728.13,0.0163,0.1705,North Charleston,"Charleston-North Charleston, SC",Charleston County
70450,29405,SC,202305,1741.9,0.008,0.1225,North Charleston,"Charleston-North Charleston, SC",Charleston County
70450,29405,SC,202306,1764.35,0.0129,0.0957,North Charleston,"Charleston-North Charleston, SC",Charleston County
70450,29405,SC,202307,1788.77,0.0138,0.0824,North Charleston,"Charleston-North Charleston, SC",Charleston County
70450,29405,SC,202308,1800.16,0.0064,0.098,North Charleston,"Charleston-North Charleston, SC",Charleston County
70450,29405,SC,202309,1778.08,-0.0123,0.1043,North Charleston,"Charleston-North Charleston, SC",Charleston County
70450,29405,SC,202310,1774.63,-0.0019,0.0932,North Charleston,"Charleston-North Charleston, SC",Charleston County
70450,29405,SC,202311,1762.61,-0.0068,0.1002,North Charleston,"Charleston-North Charleston, SC",Charleston County
70450,29405,SC,202312,1790.9,0.0161,0.1043,North Charleston,"Charleston-North Charleston, SC",Charleston County
70450,29405,SC,202401,1781.01,-0.0055,0.0998,North Charleston,"Charleston-North Charleston, SC",Charleston County
70450,29405,SC,202402,1802.73,0.0122,0.0736,North Charleston,"Charleston-North Charleston, SC",Charleston County
70450,29405,SC,202403,1798.76,-0.0022,0.0578,North Charleston,"Charleston-North Charleston, SC",Charleston County
70450,29405,SC,202404,1814.97,0.009,0.0502,North Charleston,"Charleston-North Charleston, SC",Charleston County
70450,29405,SC,202405,1828.84,0.0076,0.0499,North Charleston,"Charleston-North Charleston, SC",Charleston County
70450,29405,SC,202406,1860.69,0.0174,0.0546,North Charleston,"Charleston-North Charleston, SC",Charleston County
70450,29405,SC,202407,1885.15,0.0131,0.0539,North Charleston,"Charleston-North Charleston, SC",Charleston County
70450,29405,SC,202408,1883.29,-0.001,0.0462,North Charleston,"Charleston-North Charleston, SC",Charleston County
70450,29405,SC,202409,1875.94,-0.0039,0.055,North Charleston,"Charleston-North Charleston, SC",Charleston County
70450,29405,SC,202410,1873.69,-0.0012,0.0558,North Charleston,"Charleston-North Charleston, SC",Charleston County
70450,29405,SC,202411,1899.22,0.0136,0.0775,North Charleston,"Charleston-North Charleston, SC",Charleston County
70450,29405,SC,202412,1883.08,-0.0085,0.0515,North Charleston,"Charleston-North Charleston, SC",Charleston County
70450,29405,SC,202501,1869.91,-0.007,0.0499,North Charleston,"Charleston-North Charleston, SC",Charleston County
70450,29405,SC,202502,1846.47,-0.0125,0.0243,North Charleston,"Charleston-North Charleston, SC",Charleston County
70450,29405,SC,202503,1856.75,0.0056,0.0322,North Charleston,"Charleston-North Charleston, SC",Charleston County
70450,29405,SC,202504,1867.15,0.0056,0.0288,North Charleston,"Charleston-North Charleston, SC",Charleston County
70450,29405,SC,202505,1906.58,0.0211,0.0425,North Charleston,"Charleston-North Charleston, SC",Charleston County
70450,29405,SC,202506,1952.58,0.0241,0.0494,North Charleston,"Charleston-North Charleston, SC",Charleston County
70450,29405,SC,202507,1970.59,0.0092,0.0453,North Charleston,"Charleston-North Charleston, SC",Charleston County
70450,29405,SC,202508,1958.23,-0.0063,0.0398,North Charleston,"Charleston-North Charleston, SC",Charleston County
70450,29405,SC,202509,1933.02,-0.0129,0.0304,North Charleston,"Charleston-North Charleston, SC",Charleston County
70450,29405,SC,202510,1953.08,0.0104,0.0424,North Charleston,"Charleston-North Charleston, SC",Charleston County
70450,29405,SC,202511,1963.85,0.0055,0.034,North Charleston,"Charleston-North Charleston, SC",Charleston County
70450,29405,SC,202512,1959.78,-0.0021,0.0407,North Charleston,"Charleston-North Charleston, SC",Charleston County
70450,29405,SC,202601,1934.23,-0.013,0.0344,North Charleston,"Charleston-North Charleston, SC",Charleston County
70450,29405,SC,202602,1943.76,0.0049,0.0527,North Charleston,"Charleston-North Charleston, SC",Charleston County
70450,29405,SC,202603,1954.67,0.0056,0.0527,North Charleston,"Charleston-North Charleston, SC",Charleston County
70450,29405,SC,202604,1974.06,0.0099,0.0573,North Charleston,"Charleston-North Charleston, SC",Charleston County
70450,29405,SC,202605,1972.84,-0.0006,0.0348,North Charleston,"Charleston-North Charleston, SC",Charleston County
70450,29405,SC,202606,2006.08,0.0168,0.0274,North Charleston,"Charleston-North Charleston, SC",Charleston County
70450,29405,SC,202607,2025.65,0.0098,0.0279,North Charleston,"Charleston-North Charleston, SC",Charleston County
70450,29405,SC,202608,2054.81,0.0144,0.0493,North Charleston,"Charleston-North Charleston, SC",Charleston County
70451,29406,SC,201605,938.06,,,North Charleston,"Charleston-North Charleston, SC",Charleston County
70451,29406,SC,201606,923.03,-0.016,,North Charleston,"Charleston-North Charleston, SC",Charleston County
70451,29406,SC,201607,919.84,-0.0035,,North Charleston,"Charleston-North Charleston, SC",Charleston County
70451,29406,SC,201608,922.91,0.0033,,North Charleston,"Charleston-North Charleston, SC",Charleston County
70451,29406,SC,201609,953.55,0.0332,,North Charleston,"Charleston-North Charleston, SC",Charleston County
70451,29406,SC,201610,946.23,-0.0077,,North Charleston,"Charleston-North Charleston, SC",Charleston County
70451,29406,SC,201611,936.74,-0.01,,North Charleston,"Charleston-North Charleston, SC",Charleston County
70451,29406,SC,201612,936.46,-0.0003,,North Charleston,"Charleston-North Charleston, SC",Charleston County
70451,29406,SC,201701,944.68,0.0088,,North Charleston,"Charleston-North Charleston, SC",Charleston County
70451,29406,SC,201702,964.97,0.0215,,North Charleston,"Charleston-North Charleston, SC",Charleston County
70451,29406,SC,201703,976.0,0.0114,,North Charleston,"Charleston-North Charleston, SC",Charleston County
70451,29406,SC,201704,979.89,0.004,,North Charleston,"Charleston-North Charleston, SC",Charleston County
70451,29406,SC,201705,987.69,0.008,0.0529,North Charleston,"Charleston-North Charleston, SC",Charleston County
70451,29406,SC,201706,985.51,-0.0022,0.0677,North Charleston,"Charleston-North Charleston, SC",Charleston County
70451,29406,SC,201707,996.81,0.0115,0.0837,North Charleston,"Charleston-North Charleston, SC",Charleston County
70451,29406,SC,201708,1002.56,0.0058,0.0863,North Charleston,"Charleston-North Charleston, SC",Charleston County
70451,29406,SC,201709,978.1,-0.0244,0.0257,North Charleston,"Charleston-North Charleston, SC",Charleston County
70451,29406,SC,201710,976.75,-0.0014,0.0323,North Charleston,"Charleston-North Charleston, SC",Charleston County
70451,29406,SC,201711,978.26,0.0015,0.0443,North Charleston,"Charleston-North Charleston, SC",Charleston County
70451,29406,SC,201712,1007.24,0.0296,0.0756,North Charleston,"Charleston-North Charleston, SC",Charleston County
70451,29406,SC,201801,1019.63,0.0123,0.0793,North Charleston,"Charleston-North Charleston, SC",Charleston County
70451,29406,SC,201802,1014.58,-0.0049,0.0514,North Charleston,"Charleston-North Charleston, SC",Charleston County
70451,29406,SC,201803,1013.49,-0.0011,0.0384,North Charleston,"Charleston-North Charleston, SC",Charleston County
70451,29406,SC,201804,1009.28,-0.0042,0.03,North Charleston,"Charleston-North Charleston, SC",Charleston County
70451,29406,SC,201805,1007.06,-0.0022,0.0196,North Charleston,"Charleston-North Charleston, SC",Charleston County
70451,29406,SC,201806,1018.02,0.0109,0.033,North Charleston,"Charleston-North Charleston, SC",Charleston County
70451,29406,SC,201807,1033.41,0.0151,0.0367,North Charleston,"Charleston-North Charleston, SC",Charleston County
70451,29406,SC,201808,1043.1,0.0094,0.0404,North Charleston,"Charleston-North Charleston, SC",Charleston County
70451,29406,SC,201809,1037.86,-0.005,0.0611,North Charleston,"Charleston-North Charleston, SC",Charleston County
70451,29406,SC,201810,1034.24,-0.0035,0.0589,North Charleston,"Charleston-North Charleston, SC",Charleston County
70451,29406,SC,201811,1040.65,0.0062,0.0638,North Charleston,"Charleston-North Charleston, SC",Charleston County
70451,29406,SC,201812,1045.43,0.0046,0.0379,North Charleston,"Charleston-North Charleston, SC",Charleston County
70451,29406,SC,201901,1053.95,0.0081,0.0337,North Charleston,"Charleston-North Charleston, SC",Charleston County
70451,29406,SC,201902,1053.52,-0.0004,0.0384,North Charleston,"Charleston-North Charleston, SC",Charleston County
70451,29406,SC,201903,1060.94,0.007,0.0468,North Charleston,"Charleston-North Charleston, SC",Charleston County
70451,29406,SC,201904,1069.35,0.0079,0.0595,North Charleston,"Charleston-North Charleston, SC",Charleston County
70451,29406,SC,201905,1073.07,0.0035,0.0656,North Charleston,"Charleston-North Charleston, SC",Charleston County
70451,29406,SC,201906,1076.54,0.0032,0.0575,North Charleston,"Charleston-North Charleston, SC",Charleston County
70451,29406,SC,201907,1079.54,0.0028,0.0446,North Charleston,"Charleston-North Charleston, SC",Charleston County
70451,29406,SC,201908,1105.23,0.0238,0.0596,North Charleston,"Charleston-North Charleston, SC",Charleston County
70451,29406,SC,201909,1131.45,0.0237,0.0902,North Charleston,"Charleston-North Charleston, SC",Charleston County
70451,29406,SC,201910,1140.9,0.0083,0.1031,North Charleston,"Charleston-North Charleston, SC",Charleston County
70451,29406,SC,201911,1133.84,-0.0062,0.0895,North Charleston,"Charleston-North Charleston, SC",Charleston County
70451,29406,SC,201912,1118.14,-0.0138,0.0695,North Charleston,"Charleston-North Charleston, SC",Charleston County
70451,29406,SC,202001,1103.93,-0.0127,0.0474,North Charleston,"Charleston-North Charleston, SC",Charleston County
70451,29406,SC,202002,1073.9,-0.0272,0.0193,North Charleston,"Charleston-North Charleston, SC",Charleston County
70451,29406,SC,202003,1069.62,-0.004,0.0082,North Charleston,"Charleston-North Charleston, SC",Charleston County
70451,29406,SC,202004,1079.77,0.0095,0.0097,North Charleston,"Charleston-North Charleston, SC",Charleston County
70451,29406,SC,202005,1129.3,0.0459,0.0524,North Charleston,"Charleston-North Charleston, SC",Charleston County
70451,29406,SC,202006,1146.19,0.015,0.0647,North Charleston,"Charleston-North Charleston, SC",Charleston County
70451,29406,SC,202007,1150.86,0.0041,0.0661,North Charleston,"Charleston-North Charleston, SC",Charleston County
70451,29406,SC,202008,1150.02,-0.0007,0.0405,North Charleston,"Charleston-North Charleston, SC",Charleston County
70451,29406,SC,202009,1153.04,0.0026,0.0191,North Charleston,"Charleston-North Charleston, SC",Charleston County
70451,29406,SC,202010,1154.54,0.0013,0.012,North Charleston,"Charleston-North Charleston, SC",Charleston County
70451,29406,SC,202011,1129.82,-0.0214,-0.0035,North Charleston,"Charleston-North Charleston, SC",Charleston County
70451,29406,SC,202012,1134.5,0.0041,0.0146,North Charleston,"Charleston-North Charleston, SC",Charleston County
70451,29406,SC,202101,1150.52,0.0141,0.0422,North Charleston,"Charleston-North Charleston, SC",Charleston County
70451,29406,SC,202102,1176.1,0.0222,0.0952,North Charleston,"Charleston-North Charleston, SC",Charleston County
70451,29406,SC,202103,1180.16,0.0035,0.1033,North Charleston,"Charleston-North Charleston, SC",Charleston County
70451,29406,SC,202104,1181.05,0.0008,0.0938,North Charleston,"Charleston-North Charleston, SC",Charleston County
70451,29406,SC,202105,1202.31,0.018,0.0647,North Charleston,"Charleston-North Charleston, SC",Charleston County
70451,29406,SC,202106,1225.62,0.0194,0.0693,North Charleston,"Charleston-North Charleston, SC",Charleston County
70451,29406,SC,202107,1259.16,0.0274,0.0941,North Charleston,"Charleston-North Charleston, SC",Charleston County
70451,29406,SC,202108,1293.6,0.0273,0.1248,North Charleston,"Charleston-North Charleston, SC",Charleston County
70451,29406,SC,202109,1332.49,0.0301,0.1556,North Charleston,"Charleston-North Charleston, SC",Charleston County
70451,29406,SC,202110,1364.45,0.024,0.1818,North Charleston,"Charleston-North Charleston, SC",Charleston County
70451,29406,SC,202111,1380.56,0.0118,0.2219,North Charleston,"Charleston-North Charleston, SC",Charleston County
70451,29406,SC,202112,1376.28,-0.0031,0.2131,North Charleston,"Charleston-North Charleston, SC",Charleston County
70451,29406,SC,202201,1358.54,-0.0129,0.1808,North Charleston,"Charleston-North Charleston, SC",Charleston County
70451,29406,SC,202202,1348.44,-0.0074,0.1465,North Charleston,"Charleston-North Charleston, SC",Charleston County
70451,29406,SC,202203,1365.79,0.0129,0.1573,North Charleston,"Charleston-North Charleston, SC",Charleston County
70451,29406,SC,202204,1402.99,0.0272,0.1879,North Charleston,"Charleston-North Charleston, SC",Charleston County
70451,29406,SC,202205,1443.45,0.0288,0.2006,North Charleston,"Charleston-North Charleston, SC",Charleston County
70451,29406,SC,202206,1467.26,0.0165,0.1972,North Charleston,"Charleston-North Charleston, SC",Charleston County
70451,29406,SC,202207,1474.83,0.0052,0.1713,North Charleston,"Charleston-North Charleston, SC",Charleston County
70451,29406,SC,202208,1492.46,0.012,0.1537,North Charleston,"Charleston-North Charleston, SC",Charleston County
70451,29406,SC,202209,1501.98,0.0064,0.1272,North Charleston,"Charleston-North Charleston, SC",Charleston County
70451,29406,SC,202210,1521.76,0.0132,0.1153,North Charleston,"Charleston-North Charleston, SC",Charleston County
70451,29406,SC,202211,1495.1,-0.0175,0.083,North Charleston,"Charleston-North Charleston, SC",Charleston County
70451,29406,SC,202212,1481.95,-0.0088,0.0768,North Charleston,"Charleston-North Charleston, SC",Charleston County
70451,29406,SC,202301,1462.96,-0.0128,0.0769,North Charleston,"Charleston-North Charleston, SC",Charleston County
70451,29406,SC,202302,1477.76,0.0101,0.0959,North Charleston,"Charleston-North Charleston, SC",Charleston County
70451,29406,SC,202303,1489.9,0.0082,0.0909,North Charleston,"Charleston-North Charleston, SC",Charleston County
70451,29406,SC,202304,1499.92,0.0067,0.0691,North Charleston,"Charleston-North Charleston, SC",Charleston County
70451,29406,SC,202305,1505.7,0.0039,0.0431,North Charleston,"Charleston-North Charleston, SC",Charleston County
70451,29406,SC,202306,1515.54,0.0065,0.0329,North Charleston,"Charleston-North Charleston, SC",Charleston County
70451,29406,SC,202307,1527.86,0.0081,0.036,North Charleston,"Charleston-North Charleston, SC",Charleston County
70451,29406,SC,202308,1536.09,0.0054,0.0292,North Charleston,"Charleston-North Charleston, SC",Charleston County
70451,29406,SC,202309,1522.49,-0.0089,0.0137,North Charleston,"Charleston-North Charleston, SC",Charleston County
70451,29406,SC,202310,1526.89,0.0029,0.0034,North Charleston,"Charleston-North Charleston, SC",Charleston County
70451,29406,SC,202311,1533.57,0.0044,0.0257,North Charleston,"Charleston-North Charleston, SC",Charleston County
70451,29406,SC,202312,1573.76,0.0262,0.0619,North Charleston,"Charleston-North Charleston, SC",Charleston County
70451,29406,SC,202401,1593.96,0.0128,0.0895,North Charleston,"Charleston-North Charleston, SC",Charleston County
70451,29406,SC,202402,1593.06,-0.0006,0.078,North Charleston,"Charleston-North Charleston, SC",Charleston County
70451,29406,SC,202403,1592.32,-0.0005,0.0687,North Charleston,"Charleston-North Charleston, SC",Charleston County
70451,29406,SC,202404,1594.34,0.0013,0.063,North Charleston,"Charleston-North Charleston, SC",Charleston County
70451,29406,SC,202405,1614.31,0.0125,0.0721,North Charleston,"Charleston-North Charleston, SC",Charleston County
70451,29406,SC,202406,1621.94,0.0047,0.0702,North Charleston,"Charleston-North Charleston, SC",Charleston County
70451,29406,SC,202407,1621.54,-0.0002,0.0613,North Charleston,"Charleston-North Charleston, SC",Charleston County
70451,29406,SC,202408,1610.96,-0.0065,0.0487,North Charleston,"Charleston-North Charleston, SC",Charleston County
70451,29406,SC,202409,1606.86,-0.0025,0.0554,North Charleston,"Charleston-North Charleston, SC",Charleston County
70451,29406,SC,202410,1595.58,-0.007,0.045,North Charleston,"Charleston-North Charleston, SC",Charleston County
70451,29406,SC,202411,1599.15,0.0022,0.0428,North Charleston,"Charleston-North Charleston, SC",Charleston County
70451,29406,SC,202412,1581.56,-0.011,0.005,North Charleston,"Charleston-North Charleston, SC",Charleston County
70451,29406,SC,202501,1581.33,-0.0001,-0.0079,North Charleston,"Charleston-North Charleston, SC",Charleston County
70451,29406,SC,202502,1584.21,0.0018,-0.0056,North Charleston,"Charleston-North Charleston, SC",Charleston County
70451,29406,SC,202503,1603.35,0.0121,0.0069,North Charleston,"Charleston-North Charleston, SC",Charleston County
70451,29406,SC,202504,1611.02,0.0048,0.0105,North Charleston,"Charleston-North Charleston, SC",Charleston County
70451,29406,SC,202505,1622.71,0.0073,0.0052,North Charleston,"Charleston-North Charleston, SC",Charleston County
70451,29406,SC,202506,1619.06,-0.0023,-0.0018,North Charleston,"Charleston-North Charleston, SC",Charleston County
70451,29406,SC,202507,1624.48,0.0034,0.0018,North Charleston,"Charleston-North Charleston, SC",Charleston County
70451,29406,SC,202508,1623.59,-0.0006,0.0078,North Charleston,"Charleston-North Charleston, SC",Charleston County
70451,29406,SC,202509,1610.12,-0.0083,0.002,North Charleston,"Charleston-North Charleston, SC",Charleston County
70451,29406,SC,202510,1589.65,-0.0127,-0.0037,North Charleston,"Charleston-North Charleston, SC",Charleston County
70451,29406,SC,202511,1593.71,0.0026,-0.0034,North Charleston,"Charleston-North Charleston, SC",Charleston County
70451,29406,SC,202512,1610.51,0.0105,0.0183,North Charleston,"Charleston-North Charleston, SC",Charleston County
70451,29406,SC,202601,1630.22,0.0122,0.0309,North Charleston,"Charleston-North Charleston, SC",Charleston County
70451,29406,SC,202602,1618.49,-0.0072,0.0216,North Charleston,"Charleston-North Charleston, SC",Charleston County
70451,29406,SC,202603,1624.23,0.0035,0.013,North Charleston,"Charleston-North Charleston, SC",Charleston County
70451,29406,SC,202604,1638.29,0.0087,0.0169,North Charleston,"Charleston-North Charleston, SC",Charleston County
70451,29406,SC,202605,1645.29,0.0043,0.0139,North Charleston,"Charleston-North Charleston, SC",Charleston County
70451,29406,SC,202606,1647.27,0.0012,0.0174,North Charleston,"Charleston-North Charleston, SC",Charleston County
70451,29406,SC,202607,1645.1,-0.0013,0.0127,North Charleston,"Charleston-North Charleston, SC",Charleston County
70451,29406,SC,202608,1651.14,0.0037,0.017,North Charleston,"Charleston-North Charleston, SC",Charleston County
70452,29407,SC,201605,1032.84,,,Charleston,"Charleston-North Charleston, SC",Charleston County
70452,29407,SC,201606,1032.04,-0.0008,,Charleston,"Charleston-North Charleston, SC",Charleston County
70452,29407,SC,201607,1038.57,0.0063,,Charleston,"Charleston-North Charleston, SC",Charleston County
70452,29407,SC,201608,1036.32,-0.0022,,Charleston,"Charleston-North Charleston, SC",Charleston County
70452,29407,SC,201609,1034.58,-0.0017,,Charleston,"Charleston-North Charleston, SC",Charleston County
70452,29407,SC,201610,1021.53,-0.0126,,Charleston,"Charleston-North Charleston, SC",Charleston County
70452,29407,SC,201611,1020.61,-0.0009,,Charleston,"Charleston-North Charleston, SC",Charleston County
70452,29407,SC,201612,1012.16,-0.0083,,Charleston,"Charleston-North Charleston, SC",Charleston County
70452,29407,SC,201701,1034.12,0.0217,,Charleston,"Charleston-North Charleston, SC",Charleston County
70452,29407,SC,201702,1050.31,0.0156,,Charleston,"Charleston-North Charleston, SC",Charleston County
70452,29407,SC,201703,1064.11,0.0131,,Charleston,"Charleston-North Charleston, SC",Charleston County
70452,29407,SC,201704,1075.94,0.0111,,Charleston,"Charleston-North Charleston, SC",Charleston County
70452,29407,SC,201705,1088.31,0.0115,0.0537,Charleston,"Charleston-North Charleston, SC",Charleston County
70452,29407,SC,201706,1102.43,0.013,0.0682,Charleston,"Charleston-North Charleston, SC",Charleston County
70452,29407,SC,201707,1100.01,-0.0022,0.0592,Charleston,"Charleston-North Charleston, SC",Charleston County
70452,29407,SC,201708,1082.61,-0.0158,0.0447,Charleston,"Charleston-North Charleston, SC",Charleston County
70452,29407,SC,201709,1084.5,0.0017,0.0482,Charleston,"Charleston-North Charleston, SC",Charleston County
70452,29407,SC,201710,1081.23,-0.003,0.0584,Charleston,"Charleston-North Charleston, SC",Charleston County
70452,29407,SC,201711,1099.71,0.0171,0.0775,Charleston,"Charleston-North Charleston, SC",Charleston County
70452,29407,SC,201712,1099.38,-0.0003,0.0862,Charleston,"Charleston-North Charleston, SC",Charleston County
70452,29407,SC,201801,1108.07,0.0079,0.0715,Charleston,"Charleston-North Charleston, SC",Charleston County
70452,29407,SC,201802,1107.06,-0.0009,0.054,Charleston,"Charleston-North Charleston, SC",Charleston County
70452,29407,SC,201803,1106.47,-0.0005,0.0398,Charleston,"Charleston-North Charleston, SC",Charleston County
70452,29407,SC,201804,1114.32,0.0071,0.0357,Charleston,"Charleston-North Charleston, SC",Charleston County
70452,29407,SC,201805,1120.13,0.0052,0.0292,Charleston,"Charleston-North Charleston, SC",Charleston County
70452,29407,SC,201806,1133.38,0.0118,0.0281,Charleston,"Charleston-North Charleston, SC",Charleston County
70452,29407,SC,201807,1139.99,0.0058,0.0364,Charleston,"Charleston-North Charleston, SC",Charleston County
70452,29407,SC,201808,1147.75,0.0068,0.0602,Charleston,"Charleston-North Charleston, SC",Charleston County
70452,29407,SC,201809,1133.32,-0.0126,0.045,Charleston,"Charleston-North Charleston, SC",Charleston County
70452,29407,SC,201810,1123.07,-0.009,0.0387,Charleston,"Charleston-North Charleston, SC",Charleston County
70452,29407,SC,201811,1112.1,-0.0098,0.0113,Charleston,"Charleston-North Charleston, SC",Charleston County
70452,29407,SC,201812,1118.98,0.0062,0.0178,Charleston,"Charleston-North Charleston, SC",Charleston County
70452,29407,SC,201901,1125.15,0.0055,0.0154,Charleston,"Charleston-North Charleston, SC",Charleston County
70452,29407,SC,201902,1140.46,0.0136,0.0302,Charleston,"Charleston-North Charleston, SC",Charleston County
70452,29407,SC,201903,1150.03,0.0084,0.0394,Charleston,"Charleston-North Charleston, SC",Charleston County
70452,29407,SC,201904,1150.84,0.0007,0.0328,Charleston,"Charleston-North Charleston, SC",Charleston County
70452,29407,SC,201905,1161.54,0.0093,0.037,Charleston,"Charleston-North Charleston, SC",Charleston County
70452,29407,SC,201906,1170.52,0.0077,0.0328,Charleston,"Charleston-North Charleston, SC",Charleston County
70452,29407,SC,201907,1182.51,0.0102,0.0373,Charleston,"Charleston-North Charleston, SC",Charleston County
70452,29407,SC,201908,1175.52,-0.0059,0.0242,Charleston,"Charleston-North Charleston, SC",Charleston County
70452,29407,SC,201909,1161.03,-0.0123,0.0244,Charleston,"Charleston-North Charleston, SC",Charleston County
70452,29407,SC,201910,1151.01,-0.0086,0.0249,Charleston,"Charleston-North Charleston, SC",Charleston County
70452,29407,SC,201911,1151.55,0.0005,0.0355,Charleston,"Charleston-North Charleston, SC",Charleston County
70452,29407,SC,201912,1147.65,-0.0034,0.0256,Charleston,"Charleston-North Charleston, SC",Charleston County
70452,29407,SC,202001,1154.95,0.0064,0.0265,Charleston,"Charleston-North Charleston, SC",Charleston County
70452,29407,SC,202002,1143.5,-0.0099,0.0027,Charleston,"Charleston-North Charleston, SC",Charleston County
70452,29407,SC,202003,1153.84,0.009,0.0033,Charleston,"Charleston-North Charleston, SC",Charleston County
70452,29407,SC,202004,1142.54,-0.0098,-0.0072,Charleston,"Charleston-North Charleston, SC",Charleston County
70452,29407,SC,202005,1146.07,0.0031,-0.0133,Charleston,"Charleston-North Charleston, SC",Charleston County
70452,29407,SC,202006,1150.38,0.0038,-0.0172,Charleston,"Charleston-North Charleston, SC",Charleston County
70452,29407,SC,202007,1155.82,0.0047,-0.0226,Charleston,"Charleston-North Charleston, SC",Charleston County
70452,29407,SC,202008,1170.16,0.0124,-0.0046,Charleston,"Charleston-North Charleston, SC",Charleston County
70452,29407,SC,202009,1158.99,-0.0095,-0.0018,Charleston,"Charleston-North Charleston, SC",Charleston County
70452,29407,SC,202010,1156.9,-0.0018,0.0051,Charleston,"Charleston-North Charleston, SC",Charleston County
70452,29407,SC,202011,1159.69,0.0024,0.0071,Charleston,"Charleston-North Charleston, SC",Charleston County
70452,29407,SC,202012,1172.72,0.0112,0.0218,Charleston,"Charleston-North Charleston, SC",Charleston County
70452,29407,SC,202101,1199.21,0.0226,0.0383,Charleston,"Charleston-North Charleston, SC",Charleston County
70452,29407,SC,202102,1208.86,0.008,0.0572,Charleston,"Charleston-North Charleston, SC",Charleston County
70452,29407,SC,202103,1221.38,0.0104,0.0585,Charleston,"Charleston-North Charleston, SC",Charleston County
70452,29407,SC,202104,1229.86,0.0069,0.0764,Charleston,"Charleston-North Charleston, SC",Charleston County
70452,29407,SC,202105,1261.8,0.026,0.101,Charleston,"Charleston-North Charleston, SC",Charleston County
70452,29407,SC,202106,1301.16,0.0312,0.1311,Charleston,"Charleston-North Charleston, SC",Charleston County
70452,29407,SC,202107,1337.59,0.028,0.1573,Charleston,"Charleston-North Charleston, SC",Charleston County
70452,29407,SC,202108,1357.43,0.0148,0.16,Charleston,"Charleston-North Charleston, SC",Charleston County
70452,29407,SC,202109,1394.92,0.0276,0.2036,Charleston,"Charleston-North Charleston, SC",Charleston County
70452,29407,SC,202110,1418.66,0.017,0.2263,Charleston,"Charleston-North Charleston, SC",Charleston County
70452,29407,SC,202111,1421.69,0.0021,0.2259,Charleston,"Charleston-North Charleston, SC",Charleston County
70452,29407,SC,202112,1396.2,-0.0179,0.1906,Charleston,"Charleston-North Charleston, SC",Charleston County
70452,29407,SC,202201,1382.72,-0.0097,0.153,Charleston,"Charleston-North Charleston, SC",Charleston County
70452,29407,SC,202202,1421.38,0.028,0.1758,Charleston,"Charleston-North Charleston, SC",Charleston County
70452,29407,SC,202203,1455.69,0.0241,0.1918,Charleston,"Charleston-North Charleston, SC",Charleston County
70452,29407,SC,202204,1490.45,0.0239,0.2119,Charleston,"Charleston-North Charleston, SC",Charleston County
70452,29407,SC,202205,1507.39,0.0114,0.1946,Charleston,"Charleston-North Charleston, SC",Charleston County
70452,29407,SC,202206,1554.91,0.0315,0.195,Charleston,"Charleston-North Charleston, SC",Charleston County
70452,29407,SC,202207,1584.38,0.019,0.1845,Charleston,"Charleston-North Charleston, SC",Charleston County
70452,29407,SC,202208,1609.62,0.0159,0.1858,Charleston,"Charleston-North Charleston, SC",Charleston County
70452,29407,SC,202209,1604.84,-0.003,0.1505,Charleston,"Charleston-North Charleston, SC",Charleston County
70452,29407,SC,202210,1615.32,0.0065,0.1386,Charleston,"Charleston-North Charleston, SC",Charleston County
70452,29407,SC,202211,1598.37,-0.0105,0.1243,Charleston,"Charleston-North Charleston, SC",Charleston County
70452,29407,SC,202212,1597.9,-0.0003,0.1445,Charleston,"Charleston-North Charleston, SC",Charleston County
70452,29407,SC,202301,1585.09,-0.008,0.1464,Charleston,"Charleston-North Charleston, SC",Charleston County
70452,29407,SC,202302,1590.83,0.0036,0.1192,Charleston,"Charleston-North Charleston, SC",Charleston County
70452,29407,SC,202303,1599.15,0.0052,0.0985,Charleston,"Charleston-North Charleston, SC",Charleston County
70452,29407,SC,202304,1622.7,0.0147,0.0887,Charleston,"Charleston-North Charleston, SC",Charleston County
70452,29407,SC,202305,1647.73,0.0154,0.0931,Charleston,"Charleston-North Charleston, SC",Charleston County
70452,29407,SC,202306,1655.2,0.0045,0.0645,Charleston,"Charleston-North Charleston, SC",Charleston County
70452,29407,SC,202307,1675.14,0.012,0.0573,Charleston,"Charleston-North Charleston, SC",Charleston County
70452,29407,SC,202308,1682.02,0.0041,0.045,Charleston,"Charleston-North Charleston, SC",Charleston County
70452,29407,SC,202309,1680.4,-0.001,0.0471,Charleston,"Charleston-North Charleston, SC",Charleston County
70452,29407,SC,202310,1663.63,-0.01,0.0299,Charleston,"Charleston-North Charleston, SC",Charleston County
70452,29407,SC,202311,1655.41,-0.0049,0.0357,Charleston,"Charleston-North Charleston, SC",Charleston County
70452,29407,SC,202312,1660.32,0.003,0.0391,Charleston,"Charleston-North Charleston, SC",Charleston County
70452,29407,SC,202401,1661.4,0.0006,0.0481,Charleston,"Charleston-North Charleston, SC",Charleston County
70452,29407,SC,202402,1662.63,0.0007,0.0451,Charleston,"Charleston-North Charleston, SC",Charleston County
70452,29407,SC,202403,1685.63,0.0138,0.0541,Charleston,"Charleston-North Charleston, SC",Charleston County
70452,29407,SC,202404,1707.16,0.0128,0.052,Charleston,"Charleston-North Charleston, SC",Charleston County
70452,29407,SC,202405,1727.63,0.012,0.0485,Charleston,"Charleston-North Charleston, SC",Charleston County
70452,29407,SC,202406,1733.36,0.0033,0.0472,Charleston,"Charleston-North Charleston, SC",Charleston County
70452,29407,SC,202407,1748.28,0.0086,0.0437,Charleston,"Charleston-North Charleston, SC",Charleston County
70452,29407,SC,202408,1747.82,-0.0003,0.0391,Charleston,"Charleston-North Charleston, SC",Charleston County
70452,29407,SC,202409,1755.72,0.0045,0.0448,Charleston,"Charleston-North Charleston, SC",Charleston County
70452,29407,SC,202410,1743.04,-0.0072,0.0477,Charleston,"Charleston-North Charleston, SC",Charleston County
70452,29407,SC,202411,1721.92,-0.0121,0.0402,Charleston,"Charleston-North Charleston, SC",Charleston County
70452,29407,SC,202412,1697.08,-0.0144,0.0221,Charleston,"Charleston-North Charleston, SC",Charleston County
70452,29407,SC,202501,1674.54,-0.0133,0.0079,Charleston,"Charleston-North Charleston, SC",Charleston County
70452,29407,SC,202502,1683.91,0.0056,0.0128,Charleston,"Charleston-North Charleston, SC",Charleston County
70452,29407,SC,202503,1685.49,0.0009,-0.0001,Charleston,"Charleston-North Charleston, SC",Charleston County
70452,29407,SC,202504,1727.66,0.025,0.012,Charleston,"Charleston-North Charleston, SC",Charleston County
70452,29407,SC,202505,1744.08,0.0095,0.0095,Charleston,"Charleston-North Charleston, SC",Charleston County
70452,29407,SC,202506,1754.11,0.0058,0.012,Charleston,"Charleston-North Charleston, SC",Charleston County
70452,29407,SC,202507,1732.86,-0.0121,-0.0088,Charleston,"Charleston-North Charleston, SC",Charleston County
70452,29407,SC,202508,1727.72,-0.003,-0.0115,Charleston,"Charleston-North Charleston, SC",Charleston County
70452,29407,SC,202509,1732.97,0.003,-0.013,Charleston,"Charleston-North Charleston, SC",Charleston County
70452,29407,SC,202510,1732.03,-0.0005,-0.0063,Charleston,"Charleston-North Charleston, SC",Charleston County
70452,29407,SC,202511,1720.73,-0.0065,-0.0007,Charleston,"Charleston-North Charleston, SC",Charleston County
70452,29407,SC,202512,1701.27,-0.0113,0.0025,Charleston,"Charleston-North Charleston, SC",Charleston County
70452,29407,SC,202601,1696.96,-0.0025,0.0134,Charleston,"Charleston-North Charleston, SC",Charleston County
70452,29407,SC,202602,1701.89,0.0029,0.0107,Charleston,"Charleston-North Charleston, SC",Charleston County
70452,29407,SC,202603,1712.86,0.0065,0.0162,Charleston,"Charleston-North Charleston, SC",Charleston County
70452,29407,SC,202604,1744.84,0.0187,0.0099,Charleston,"Charleston-North Charleston, SC",Charleston County
70452,29407,SC,202605,1749.78,0.0028,0.0033,Charleston,"Charleston-North Charleston, SC",Charleston County
70452,29407,SC,202606,1776.29,0.0152,0.0126,Charleston,"Charleston-North Charleston, SC",Charleston County
70452,29407,SC,202607,1740.17,-0.0203,0.0042,Charleston,"Charleston-North Charleston, SC",Charleston County
70452,29407,SC,202608,1732.16,-0.0046,0.0026,Charleston,"Charleston-North Charleston, SC",Charleston County
70454,29410,SC,202312,1625.7,,,Hanahan,"Charleston-North Charleston, SC",Berkeley County
70454,29410,SC,202401,1623.24,-0.0015,,Hanahan,"Charleston-North Charleston, SC",Berkeley County
70454,29410,SC,202402,1642.82,0.0121,,Hanahan,"Charleston-North Charleston, SC",Berkeley County
70454,29410,SC,202403,1656.41,0.0083,,Hanahan,"Charleston-North Charleston, SC",Berkeley County
70454,29410,SC,202404,1675.87,0.0118,,Hanahan,"Charleston-North Charleston, SC",Berkeley County
70454,29410,SC,202405,1713.25,0.0223,,Hanahan,"Charleston-North Charleston, SC",Berkeley County
70454,29410,SC,202406,1711.39,-0.0011,,Hanahan,"Charleston-North Charleston, SC",Berkeley County
70454,29410,SC,202407,1719.37,0.0047,,Hanahan,"Charleston-North Charleston, SC",Berkeley County
70454,29410,SC,202408,1734.72,0.0089,,Hanahan,"Charleston-North Charleston, SC",Berkeley County
70454,29410,SC,202409,1719.18,-0.009,,Hanahan,"Charleston-North Charleston, SC",Berkeley County
70454,29410,SC,202410,1730.46,0.0066,,Hanahan,"Charleston-North Charleston, SC",Berkeley County
70454,29410,SC,202411,1726.2,-0.0025,,Hanahan,"Charleston-North Charleston, SC",Berkeley County
70454,29410,SC,202412,1765.21,0.0226,0.0858,Hanahan,"Charleston-North Charleston, SC",Berkeley County
70454,29410,SC,202501,1766.02,0.0005,0.088,Hanahan,"Charleston-North Charleston, SC",Berkeley County
70454,29410,SC,202502,1751.23,-0.0084,0.066,Hanahan,"Charleston-North Charleston, SC",Berkeley County
70454,29410,SC,202503,1707.15,-0.0252,0.0306,Hanahan,"Charleston-North Charleston, SC",Berkeley County
70454,29410,SC,202504,1674.17,-0.0193,-0.001,Hanahan,"Charleston-North Charleston, SC",Berkeley County
70454,29410,SC,202505,1642.78,-0.0187,-0.0411,Hanahan,"Charleston-North Charleston, SC",Berkeley County
70454,29410,SC,202506,1666.07,0.0142,-0.0265,Hanahan,"Charleston-North Charleston, SC",Berkeley County
70454,29410,SC,202507,1683.95,0.0107,-0.0206,Hanahan,"Charleston-North Charleston, SC",Berkeley County
70454,29410,SC,202508,1689.67,0.0034,-0.026,Hanahan,"Charleston-North Charleston, SC",Berkeley County
70454,29410,SC,202509,1693.93,0.0025,-0.0147,Hanahan,"Charleston-North Charleston, SC",Berkeley County
70454,29410,SC,202510,1730.33,0.0215,-0.0001,Hanahan,"Charleston-North Charleston, SC",Berkeley County
70454,29410,SC,202511,1751.43,0.0122,0.0146,Hanahan,"Charleston-North Charleston, SC",Berkeley County
70454,29410,SC,202512,1760.03,0.0049,-0.0029,Hanahan,"Charleston-North Charleston, SC",Berkeley County
70454,29410,SC,202601,1742.24,-0.0101,-0.0135,Hanahan,"Charleston-North Charleston, SC",Berkeley County
70454,29410,SC,202602,1769.81,0.0158,0.0106,Hanahan,"Charleston-North Charleston, SC",Berkeley County
70454,29410,SC,202603,1787.96,0.0103,0.0473,Hanahan,"Charleston-North Charleston, SC",Berkeley County
70454,29410,SC,202604,1799.47,0.0064,0.0748,Hanahan,"Charleston-North Charleston, SC",Berkeley County
70454,29410,SC,202605,1796.6,-0.0016,0.0936,Hanahan,"Charleston-North Charleston, SC",Berkeley County
70454,29410,SC,202606,1773.9,-0.0126,0.0647,Hanahan,"Charleston-North Charleston, SC",Berkeley County
70454,29410,SC,202607,1762.46,-0.0064,0.0466,Hanahan,"Charleston-North Charleston, SC",Berkeley County
70454,29410,SC,202608,1771.71,0.0052,0.0486,Hanahan,"Charleston-North Charleston, SC",Berkeley County
70455,29412,SC,201605,1261.3,,,Charleston,"Charleston-North Charleston, SC",Charleston County
70455,29412,SC,201606,1272.36,0.0088,,Charleston,"Charleston-North Charleston, SC",Charleston County
70455,29412,SC,201607,1288.87,0.013,,Charleston,"Charleston-North Charleston, SC",Charleston County
70455,29412,SC,201608,1302.21,0.0104,,Charleston,"Charleston-North Charleston, SC",Charleston County
70455,29412,SC,201609,1304.04,0.0014,,Charleston,"Charleston-North Charleston, SC",Charleston County
70455,29412,SC,201610,1330.84,0.0205,,Charleston,"Charleston-North Charleston, SC",Charleston County
70455,29412,SC,201611,1325.3,-0.0042,,Charleston,"Charleston-North Charleston, SC",Charleston County
70455,29412,SC,201612,1297.61,-0.0209,,Charleston,"Charleston-North Charleston, SC",Charleston County
70455,29412,SC,201701,1272.75,-0.0192,,Charleston,"Charleston-North Charleston, SC",Charleston County
70455,29412,SC,201702,1272.52,-0.0002,,Charleston,"Charleston-North Charleston, SC",Charleston County
70455,29412,SC,201703,1293.62,0.0166,,Charleston,"Charleston-North Charleston, SC",Charleston County
70455,29412,SC,201704,1298.22,0.0036,,Charleston,"Charleston-North Charleston, SC",Charleston County
70455,29412,SC,201705,1322.92,0.019,0.0489,Charleston,"Charleston-North Charleston, SC",Charleston County
70455,29412,SC,201706,1334.7,0.0089,0.049,Charleston,"Charleston-North Charleston, SC",Charleston County
70455,29412,SC,201707,1347.18,0.0093,0.0452,Charleston,"Charleston-North Charleston, SC",Charleston County
70455,29412,SC,201708,1344.39,-0.0021,0.0324,Charleston,"Charleston-North Charleston, SC",Charleston County
70455,29412,SC,201709,1351.75,0.0055,0.0366,Charleston,"Charleston-North Charleston, SC",Charleston County
70455,29412,SC,201710,1374.55,0.0169,0.0328,Charleston,"Charleston-North Charleston, SC",Charleston County
70455,29412,SC,201711,1378.91,0.0032,0.0405,Charleston,"Charleston-North Charleston, SC",Charleston County
70455,29412,SC,201712,1394.39,0.0112,0.0746,Charleston,"Charleston-North Charleston, SC",Charleston County
70455,29412,SC,201801,1375.49,-0.0136,0.0807,Charleston,"Charleston-North Charleston, SC",Charleston County
70455,29412,SC,201802,1362.04,-0.0098,0.0703,Charleston,"Charleston-North Charleston, SC",Charleston County
70455,29412,SC,201803,1357.09,-0.0036,0.0491,Charleston,"Charleston-North Charleston, SC",Charleston County
70455,29412,SC,201804,1370.09,0.0096,0.0554,Charleston,"Charleston-North Charleston, SC",Charleston County
70455,29412,SC,201805,1389.93,0.0145,0.0507,Charleston,"Charleston-North Charleston, SC",Charleston County
70455,29412,SC,201806,1384.91,-0.0036,0.0376,Charleston,"Charleston-North Charleston, SC",Charleston County
70455,29412,SC,201807,1375.62,-0.0067,0.0211,Charleston,"Charleston-North Charleston, SC",Charleston County
70455,29412,SC,201808,1356.15,-0.0142,0.0087,Charleston,"Charleston-North Charleston, SC",Charleston County
70455,29412,SC,201809,1364.64,0.0063,0.0095,Charleston,"Charleston-North Charleston, SC",Charleston County
70455,29412,SC,201810,1365.68,0.0008,-0.0065,Charleston,"Charleston-North Charleston, SC",Charleston County
70455,29412,SC,201811,1386.06,0.0149,0.0052,Charleston,"Charleston-North Charleston, SC",Charleston County
70455,29412,SC,201812,1378.73,-0.0053,-0.0112,Charleston,"Charleston-North Charleston, SC",Charleston County
70455,29412,SC,201901,1384.62,0.0043,0.0066,Charleston,"Charleston-North Charleston, SC",Charleston County
70455,29412,SC,201902,1386.67,0.0015,0.0181,Charleston,"Charleston-North Charleston, SC",Charleston County
70455,29412,SC,201903,1408.81,0.016,0.0381,Charleston,"Charleston-North Charleston, SC",Charleston County
70455,29412,SC,201904,1421.69,0.0091,0.0377,Charleston,"Charleston-North Charleston, SC",Charleston County
70455,29412,SC,201905,1440.32,0.0131,0.0363,Charleston,"Charleston-North Charleston, SC",Charleston County
70455,29412,SC,201906,1434.55,-0.004,0.0358,Charleston,"Charleston-North Charleston, SC",Charleston County
70455,29412,SC,201907,1436.42,0.0013,0.0442,Charleston,"Charleston-North Charleston, SC",Charleston County
70455,29412,SC,201908,1441.09,0.0033,0.0626,Charleston,"Charleston-North Charleston, SC",Charleston County
70455,29412,SC,201909,1445.56,0.0031,0.0593,Charleston,"Charleston-North Charleston, SC",Charleston County
70455,29412,SC,201910,1437.69,-0.0054,0.0527,Charleston,"Charleston-North Charleston, SC",Charleston County
70455,29412,SC,201911,1424.04,-0.0095,0.0274,Charleston,"Charleston-North Charleston, SC",Charleston County
70455,29412,SC,201912,1431.9,0.0055,0.0386,Charleston,"Charleston-North Charleston, SC",Charleston County
70455,29412,SC,202001,1435.98,0.0029,0.0371,Charleston,"Charleston-North Charleston, SC",Charleston County
70455,29412,SC,202002,1448.75,0.0089,0.0448,Charleston,"Charleston-North Charleston, SC",Charleston County
70455,29412,SC,202003,1428.6,-0.0139,0.014,Charleston,"Charleston-North Charleston, SC",Charleston County
70455,29412,SC,202004,1435.99,0.0052,0.0101,Charleston,"Charleston-North Charleston, SC",Charleston County
70455,29412,SC,202005,1428.36,-0.0053,-0.0083,Charleston,"Charleston-North Charleston, SC",Charleston County
70455,29412,SC,202006,1461.38,0.0231,0.0187,Charleston,"Charleston-North Charleston, SC",Charleston County
70455,29412,SC,202007,1468.6,0.0049,0.0224,Charleston,"Charleston-North Charleston, SC",Charleston County
70455,29412,SC,202008,1474.19,0.0038,0.023,Charleston,"Charleston-North Charleston, SC",Charleston County
70455,29412,SC,202009,1458.7,-0.0105,0.0091,Charleston,"Charleston-North Charleston, SC",Charleston County
70455,29412,SC,202010,1478.42,0.0135,0.0283,Charleston,"Charleston-North Charleston, SC",Charleston County
70455,29412,SC,202011,1491.05,0.0085,0.0471,Charleston,"Charleston-North Charleston, SC",Charleston County
70455,29412,SC,202012,1517.39,0.0177,0.0597,Charleston,"Charleston-North Charleston, SC",Charleston County
70455,29412,SC,202101,1529.23,0.0078,0.0649,Charleston,"Charleston-North Charleston, SC",Charleston County
70455,29412,SC,202102,1524.82,-0.0029,0.0525,Charleston,"Charleston-North Charleston, SC",Charleston County
70455,29412,SC,202103,1545.51,0.0136,0.0818,Charleston,"Charleston-North Charleston, SC",Charleston County
70455,29412,SC,202104,1544.62,-0.0006,0.0756,Charleston,"Charleston-North Charleston, SC",Charleston County
70455,29412,SC,202105,1581.15,0.0237,0.107,Charleston,"Charleston-North Charleston, SC",Charleston County
70455,29412,SC,202106,1588.4,0.0046,0.0869,Charleston,"Charleston-North Charleston, SC",Charleston County
70455,29412,SC,202107,1615.87,0.0173,0.1003,Charleston,"Charleston-North Charleston, SC",Charleston County
70455,29412,SC,202108,1625.55,0.006,0.1027,Charleston,"Charleston-North Charleston, SC",Charleston County
70455,29412,SC,202109,1664.48,0.0239,0.1411,Charleston,"Charleston-North Charleston, SC",Charleston County
70455,29412,SC,202110,1668.13,0.0022,0.1283,Charleston,"Charleston-North Charleston, SC",Charleston County
70455,29412,SC,202111,1707.42,0.0236,0.1451,Charleston,"Charleston-North Charleston, SC",Charleston County
70455,29412,SC,202112,1708.36,0.0005,0.1259,Charleston,"Charleston-North Charleston, SC",Charleston County
70455,29412,SC,202201,1737.35,0.017,0.1361,Charleston,"Charleston-North Charleston, SC",Charleston County
70455,29412,SC,202202,1751.42,0.0081,0.1486,Charleston,"Charleston-North Charleston, SC",Charleston County
70455,29412,SC,202203,1786.09,0.0198,0.1557,Charleston,"Charleston-North Charleston, SC",Charleston County
70455,29412,SC,202204,1823.29,0.0208,0.1804,Charleston,"Charleston-North Charleston, SC",Charleston County
70455,29412,SC,202205,1859.91,0.0201,0.1763,Charleston,"Charleston-North Charleston, SC",Charleston County
70455,29412,SC,202206,1870.52,0.0057,0.1776,Charleston,"Charleston-North Charleston, SC",Charleston County
70455,29412,SC,202207,1919.91,0.0264,0.1882,Charleston,"Charleston-North Charleston, SC",Charleston County
70455,29412,SC,202208,1974.55,0.0285,0.2147,Charleston,"Charleston-North Charleston, SC",Charleston County
70455,29412,SC,202209,1997.3,0.0115,0.2,Charleston,"Charleston-North Charleston, SC",Charleston County
70455,29412,SC,202210,1993.49,-0.0019,0.195,Charleston,"Charleston-North Charleston, SC",Charleston County
70455,29412,SC,202211,1970.87,-0.0113,0.1543,Charleston,"Charleston-North Charleston, SC",Charleston County
70455,29412,SC,202212,1986.15,0.0078,0.1626,Charleston,"Charleston-North Charleston, SC",Charleston County
70455,29412,SC,202301,2001.88,0.0079,0.1523,Charleston,"Charleston-North Charleston, SC",Charleston County
70455,29412,SC,202302,2017.88,0.008,0.1521,Charleston,"Charleston-North Charleston, SC",Charleston County
70455,29412,SC,202303,2044.77,0.0133,0.1448,Charleston,"Charleston-North Charleston, SC",Charleston County
70455,29412,SC,202304,2045.82,0.0005,0.122,Charleston,"Charleston-North Charleston, SC",Charleston County
70455,29412,SC,202305,2065.95,0.0098,0.1108,Charleston,"Charleston-North Charleston, SC",Charleston County
70455,29412,SC,202306,2068.96,0.0015,0.1061,Charleston,"Charleston-North Charleston, SC",Charleston County
70455,29412,SC,202307,2114.13,0.0218,0.1012,Charleston,"Charleston-North Charleston, SC",Charleston County
70455,29412,SC,202308,2145.95,0.0151,0.0868,Charleston,"Charleston-North Charleston, SC",Charleston County
70455,29412,SC,202309,2174.98,0.0135,0.089,Charleston,"Charleston-North Charleston, SC",Charleston County
70455,29412,SC,202310,2171.09,-0.0018,0.0891,Charleston,"Charleston-North Charleston, SC",Charleston County
70455,29412,SC,202311,2142.91,-0.013,0.0873,Charleston,"Charleston-North Charleston, SC",Charleston County
70455,29412,SC,202312,2129.37,-0.0063,0.0721,Charleston,"Charleston-North Charleston, SC",Charleston County
70455,29412,SC,202401,2093.1,-0.017,0.0456,Charleston,"Charleston-North Charleston, SC",Charleston County
70455,29412,SC,202402,2074.09,-0.0091,0.0279,Charleston,"Charleston-North Charleston, SC",Charleston County
70455,29412,SC,202403,2072.93,-0.0006,0.0138,Charleston,"Charleston-North Charleston, SC",Charleston County
70455,29412,SC,202404,2102.31,0.0142,0.0276,Charleston,"Charleston-North Charleston, SC",Charleston County
70455,29412,SC,202405,2139.0,0.0174,0.0354,Charleston,"Charleston-North Charleston, SC",Charleston County
70455,29412,SC,202406,2176.36,0.0175,0.0519,Charleston,"Charleston-North Charleston, SC",Charleston County
70455,29412,SC,202407,2197.0,0.0095,0.0392,Charleston,"Charleston-North Charleston, SC",Charleston County
70455,29412,SC,202408,2197.75,0.0003,0.0241,Charleston,"Charleston-North Charleston, SC",Charleston County
70455,29412,SC,202409,2181.28,-0.0075,0.0029,Charleston,"Charleston-North Charleston, SC",Charleston County
70455,29412,SC,202410,2174.41,-0.0032,0.0015,Charleston,"Charleston-North Charleston, SC",Charleston County
70455,29412,SC,202411,2172.6,-0.0008,0.0139,Charleston,"Charleston-North Charleston, SC",Charleston County
70455,29412,SC,202412,2134.47,-0.0176,0.0024,Charleston,"Charleston-North Charleston, SC",Charleston County
70455,29412,SC,202501,2129.78,-0.0022,0.0175,Charleston,"Charleston-North Charleston, SC",Charleston County
70455,29412,SC,202502,2160.46,0.0144,0.0416,Charleston,"Charleston-North Charleston, SC",Charleston County
70455,29412,SC,202503,2209.85,0.0229,0.0661,Charleston,"Charleston-North Charleston, SC",Charleston County
70455,29412,SC,202504,2211.12,0.0006,0.0518,Charleston,"Charleston-North Charleston, SC",Charleston County
70455,29412,SC,202505,2210.17,-0.0004,0.0333,Charleston,"Charleston-North Charleston, SC",Charleston County
70455,29412,SC,202506,2228.96,0.0085,0.0242,Charleston,"Charleston-North Charleston, SC",Charleston County
70455,29412,SC,202507,2271.96,0.0193,0.0341,Charleston,"Charleston-North Charleston, SC",Charleston County
70455,29412,SC,202508,2305.21,0.0146,0.0489,Charleston,"Charleston-North Charleston, SC",Charleston County
70455,29412,SC,202509,2282.87,-0.0097,0.0466,Charleston,"Charleston-North Charleston, SC",Charleston County
70455,29412,SC,202510,2266.6,-0.0071,0.0424,Charleston,"Charleston-North Charleston, SC",Charleston County
70455,29412,SC,202511,2240.36,-0.0116,0.0312,Charleston,"Charleston-North Charleston, SC",Charleston County
70455,29412,SC,202512,2263.82,0.0105,0.0606,Charleston,"Charleston-North Charleston, SC",Charleston County
70455,29412,SC,202601,2254.01,-0.0043,0.0583,Charleston,"Charleston-North Charleston, SC",Charleston County
70455,29412,SC,202602,2256.09,0.0009,0.0443,Charleston,"Charleston-North Charleston, SC",Charleston County
70455,29412,SC,202603,2250.25,-0.0026,0.0183,Charleston,"Charleston-North Charleston, SC",Charleston County
70455,29412,SC,202604,2274.9,0.011,0.0288,Charleston,"Charleston-North Charleston, SC",Charleston County
70455,29412,SC,202605,2287.87,0.0057,0.0352,Charleston,"Charleston-North Charleston, SC",Charleston County
70455,29412,SC,202606,2334.06,0.0202,0.0472,Charleston,"Charleston-North Charleston, SC",Charleston County
70455,29412,SC,202607,2378.72,0.0191,0.047,Charleston,"Charleston-North Charleston, SC",Charleston County
70455,29412,SC,202608,2425.25,0.0196,0.0521,Charleston,"Charleston-North Charleston, SC",Charleston County
70457,29414,SC,201801,1166.46,,,Charleston,"Charleston-North Charleston, SC",Charleston County
70457,29414,SC,201802,1209.62,0.037,,Charleston,"Charleston-North Charleston, SC",Charleston County
70457,29414,SC,201803,1229.62,0.0165,,Charleston,"Charleston-North Charleston, SC",Charleston County
70457,29414,SC,201804,1231.1,0.0012,,Charleston,"Charleston-North Charleston, SC",Charleston County
70457,29414,SC,201805,1201.72,-0.0239,,Charleston,"Charleston-North Charleston, SC",Charleston County
70457,29414,SC,201806,1215.36,0.0113,,Charleston,"Charleston-North Charleston, SC",Charleston County
70457,29414,SC,201807,1224.04,0.0071,,Charleston,"Charleston-North Charleston, SC",Charleston County
70457,29414,SC,201808,1239.46,0.0126,,Charleston,"Charleston-North Charleston, SC",Charleston County
70457,29414,SC,201809,1224.36,-0.0122,,Charleston,"Charleston-North Charleston, SC",Charleston County
70457,29414,SC,201810,1216.94,-0.0061,,Charleston,"Charleston-North Charleston, SC",Charleston County
70457,29414,SC,201811,1200.61,-0.0134,,Charleston,"Charleston-North Charleston, SC",Charleston County
70457,29414,SC,201812,1211.14,0.0088,,Charleston,"Charleston-North Charleston, SC",Charleston County
70457,29414,SC,201901,1218.23,0.0059,0.0444,Charleston,"Charleston-North Charleston, SC",Charleston County
70457,29414,SC,201902,1230.38,0.01,0.0172,Charleston,"Charleston-North Charleston, SC",Charleston County
70457,29414,SC,201903,1236.7,0.0051,0.0058,Charleston,"Charleston-North Charleston, SC",Charleston County
70457,29414,SC,201904,1246.31,0.0078,0.0124,Charleston,"Charleston-North Charleston, SC",Charleston County
70457,29414,SC,201905,1258.15,0.0095,0.047,Charleston,"Charleston-North Charleston, SC",Charleston County
70457,29414,SC,201906,1283.44,0.0201,0.056,Charleston,"Charleston-North Charleston, SC",Charleston County
70457,29414,SC,201907,1291.65,0.0064,0.0552,Charleston,"Charleston-North Charleston, SC",Charleston County
70457,29414,SC,201908,1292.58,0.0007,0.0429,Charleston,"Charleston-North Charleston, SC",Charleston County
70457,29414,SC,201909,1269.34,-0.018,0.0367,Charleston,"Charleston-North Charleston, SC",Charleston County
70457,29414,SC,201910,1263.08,-0.0049,0.0379,Charleston,"Charleston-North Charleston, SC",Charleston County
70457,29414,SC,201911,1249.91,-0.0104,0.0411,Charleston,"Charleston-North Charleston, SC",Charleston County
70457,29414,SC,201912,1251.59,0.0013,0.0334,Charleston,"Charleston-North Charleston, SC",Charleston County
70457,29414,SC,202001,1241.93,-0.0077,0.0195,Charleston,"Charleston-North Charleston, SC",Charleston County
70457,29414,SC,202002,1242.22,0.0002,0.0096,Charleston,"Charleston-North Charleston, SC",Charleston County
70457,29414,SC,202003,1243.78,0.0013,0.0057,Charleston,"Charleston-North Charleston, SC",Charleston County
70457,29414,SC,202004,1248.3,0.0036,0.0016,Charleston,"Charleston-North Charleston, SC",Charleston County
70457,29414,SC,202005,1253.41,0.0041,-0.0038,Charleston,"Charleston-North Charleston, SC",Charleston County
70457,29414,SC,202006,1263.41,0.008,-0.0156,Charleston,"Charleston-North Charleston, SC",Charleston County
70457,29414,SC,202007,1282.93,0.0155,-0.0067,Charleston,"Charleston-North Charleston, SC",Charleston County
70457,29414,SC,202008,1297.07,0.011,0.0035,Charleston,"Charleston-North Charleston, SC",Charleston County
70457,29414,SC,202009,1297.81,0.0006,0.0224,Charleston,"Charleston-North Charleston, SC",Charleston County
70457,29414,SC,202010,1283.34,-0.0112,0.016,Charleston,"Charleston-North Charleston, SC",Charleston County
70457,29414,SC,202011,1284.78,0.0011,0.0279,Charleston,"Charleston-North Charleston, SC",Charleston County
70457,29414,SC,202012,1287.53,0.0021,0.0287,Charleston,"Charleston-North Charleston, SC",Charleston County
70457,29414,SC,202101,1300.29,0.0099,0.047,Charleston,"Charleston-North Charleston, SC",Charleston County
70457,29414,SC,202102,1308.25,0.0061,0.0532,Charleston,"Charleston-North Charleston, SC",Charleston County
70457,29414,SC,202103,1319.45,0.0086,0.0608,Charleston,"Charleston-North Charleston, SC",Charleston County
70457,29414,SC,202104,1334.92,0.0117,0.0694,Charleston,"Charleston-North Charleston, SC",Charleston County
70457,29414,SC,202105,1362.19,0.0204,0.0868,Charleston,"Charleston-North Charleston, SC",Charleston County
70457,29414,SC,202106,1384.97,0.0167,0.0962,Charleston,"Charleston-North Charleston, SC",Charleston County
70457,29414,SC,202107,1421.95,0.0267,0.1084,Charleston,"Charleston-North Charleston, SC",Charleston County
70457,29414,SC,202108,1453.74,0.0224,0.1208,Charleston,"Charleston-North Charleston, SC",Charleston County
70457,29414,SC,202109,1495.1,0.0284,0.152,Charleston,"Charleston-North Charleston, SC",Charleston County
70457,29414,SC,202110,1524.49,0.0197,0.1879,Charleston,"Charleston-North Charleston, SC",Charleston County
70457,29414,SC,202111,1530.13,0.0037,0.191,Charleston,"Charleston-North Charleston, SC",Charleston County
70457,29414,SC,202112,1542.4,0.008,0.198,Charleston,"Charleston-North Charleston, SC",Charleston County
70457,29414,SC,202201,1539.81,-0.0017,0.1842,Charleston,"Charleston-North Charleston, SC",Charleston County
70457,29414,SC,202202,1552.03,0.0079,0.1863,Charleston,"Charleston-North Charleston, SC",Charleston County
70457,29414,SC,202203,1567.68,0.0101,0.1881,Charleston,"Charleston-North Charleston, SC",Charleston County
70457,29414,SC,202204,1607.85,0.0256,0.2045,Charleston,"Charleston-North Charleston, SC",Charleston County
70457,29414,SC,202205,1646.16,0.0238,0.2085,Charleston,"Charleston-North Charleston, SC",Charleston County
70457,29414,SC,202206,1661.78,0.0095,0.1999,Charleston,"Charleston-North Charleston, SC",Charleston County
70457,29414,SC,202207,1684.43,0.0136,0.1846,Charleston,"Charleston-North Charleston, SC",Charleston County
70457,29414,SC,202208,1702.41,0.0107,0.1711,Charleston,"Charleston-North Charleston, SC",Charleston County
70457,29414,SC,202209,1704.32,0.0011,0.1399,Charleston,"Charleston-North Charleston, SC",Charleston County
70457,29414,SC,202210,1701.25,-0.0018,0.116,Charleston,"Charleston-North Charleston, SC",Charleston County
70457,29414,SC,202211,1698.92,-0.0014,0.1103,Charleston,"Charleston-North Charleston, SC",Charleston County
70457,29414,SC,202212,1697.72,-0.0007,0.1007,Charleston,"Charleston-North Charleston, SC",Charleston County
70457,29414,SC,202301,1691.13,-0.0039,0.0983,Charleston,"Charleston-North Charleston, SC",Charleston County
70457,29414,SC,202302,1710.38,0.0114,0.102,Charleston,"Charleston-North Charleston, SC",Charleston County
70457,29414,SC,202303,1742.08,0.0185,0.1113,Charleston,"Charleston-North Charleston, SC",Charleston County
70457,29414,SC,202304,1763.36,0.0122,0.0967,Charleston,"Charleston-North Charleston, SC",Charleston County
70457,29414,SC,202305,1767.03,0.0021,0.0734,Charleston,"Charleston-North Charleston, SC",Charleston County
70457,29414,SC,202306,1782.3,0.0086,0.0725,Charleston,"Charleston-North Charleston, SC",Charleston County
70457,29414,SC,202307,1796.04,0.0077,0.0663,Charleston,"Charleston-North Charleston, SC",Charleston County
70457,29414,SC,202308,1798.61,0.0014,0.0565,Charleston,"Charleston-North Charleston, SC",Charleston County
70457,29414,SC,202309,1792.53,-0.0034,0.0518,Charleston,"Charleston-North Charleston, SC",Charleston County
70457,29414,SC,202310,1772.99,-0.0109,0.0422,Charleston,"Charleston-North Charleston, SC",Charleston County
70457,29414,SC,202311,1771.94,-0.0006,0.043,Charleston,"Charleston-North Charleston, SC",Charleston County
70457,29414,SC,202312,1768.14,-0.0021,0.0415,Charleston,"Charleston-North Charleston, SC",Charleston County
70457,29414,SC,202401,1776.5,0.0047,0.0505,Charleston,"Charleston-North Charleston, SC",Charleston County
70457,29414,SC,202402,1772.1,-0.0025,0.0361,Charleston,"Charleston-North Charleston, SC",Charleston County
70457,29414,SC,202403,1781.71,0.0054,0.0227,Charleston,"Charleston-North Charleston, SC",Charleston County
70457,29414,SC,202404,1792.37,0.006,0.0165,Charleston,"Charleston-North Charleston, SC",Charleston County
70457,29414,SC,202405,1809.28,0.0094,0.0239,Charleston,"Charleston-North Charleston, SC",Charleston County
70457,29414,SC,202406,1819.48,0.0056,0.0209,Charleston,"Charleston-North Charleston, SC",Charleston County
70457,29414,SC,202407,1823.54,0.0022,0.0153,Charleston,"Charleston-North Charleston, SC",Charleston County
70457,29414,SC,202408,1829.78,0.0034,0.0173,Charleston,"Charleston-North Charleston, SC",Charleston County
70457,29414,SC,202409,1829.97,0.0001,0.0209,Charleston,"Charleston-North Charleston, SC",Charleston County
70457,29414,SC,202410,1820.29,-0.0053,0.0267,Charleston,"Charleston-North Charleston, SC",Charleston County
70457,29414,SC,202411,1794.68,-0.0141,0.0128,Charleston,"Charleston-North Charleston, SC",Charleston County
70457,29414,SC,202412,1773.92,-0.0116,0.0033,Charleston,"Charleston-North Charleston, SC",Charleston County
70457,29414,SC,202501,1775.71,0.001,-0.0004,Charleston,"Charleston-North Charleston, SC",Charleston County
70457,29414,SC,202502,1787.28,0.0065,0.0086,Charleston,"Charleston-North Charleston, SC",Charleston County
70457,29414,SC,202503,1798.47,0.0063,0.0094,Charleston,"Charleston-North Charleston, SC",Charleston County
70457,29414,SC,202504,1810.61,0.0067,0.0102,Charleston,"Charleston-North Charleston, SC",Charleston County
70457,29414,SC,202505,1819.7,0.005,0.0058,Charleston,"Charleston-North Charleston, SC",Charleston County
70457,29414,SC,202506,1831.66,0.0066,0.0067,Charleston,"Charleston-North Charleston, SC",Charleston County
70457,29414,SC,202507,1836.06,0.0024,0.0069,Charleston,"Charleston-North Charleston, SC",Charleston County
70457,29414,SC,202508,1839.87,0.0021,0.0055,Charleston,"Charleston-North Charleston, SC",Charleston County
70457,29414,SC,202509,1839.61,-0.0001,0.0053,Charleston,"Charleston-North Charleston, SC",Charleston County
70457,29414,SC,202510,1836.43,-0.0017,0.0089,Charleston,"Charleston-North Charleston, SC",Charleston County
70457,29414,SC,202511,1838.41,0.0011,0.0244,Charleston,"Charleston-North Charleston, SC",Charleston County
70457,29414,SC,202512,1826.2,-0.0066,0.0295,Charleston,"Charleston-North Charleston, SC",Charleston County
70457,29414,SC,202601,1835.67,0.0052,0.0338,Charleston,"Charleston-North Charleston, SC",Charleston County
70457,29414,SC,202602,1843.09,0.004,0.0312,Charleston,"Charleston-North Charleston, SC",Charleston County
70457,29414,SC,202603,1863.82,0.0113,0.0363,Charleston,"Charleston-North Charleston, SC",Charleston County
70457,29414,SC,202604,1859.74,-0.0022,0.0271,Charleston,"Charleston-North Charleston, SC",Charleston County
70457,29414,SC,202605,1862.07,0.0013,0.0233,Charleston,"Charleston-North Charleston, SC",Charleston County
70457,29414,SC,202606,1877.82,0.0085,0.0252,Charleston,"Charleston-North Charleston, SC",Charleston County
70457,29414,SC,202607,1891.38,0.0072,0.0301,Charleston,"Charleston-North Charleston, SC",Charleston County
70457,29414,SC,202608,1918.31,0.0142,0.0426,Charleston,"Charleston-North Charleston, SC",Charleston County
70461,29418,SC,202202,1418.84,,,North Charleston,"Charleston-North Charleston, SC",Charleston County
70461,29418,SC,202203,1444.75,0.0183,,North Charleston,"Charleston-North Charleston, SC",Charleston County
70461,29418,SC,202204,1462.86,0.0125,,North Charleston,"Charleston-North Charleston, SC",Charleston County
70461,29418,SC,202205,1522.5,0.0408,,North Charleston,"Charleston-North Charleston, SC",Charleston County
70461,29418,SC,202206,1555.17,0.0215,,North Charleston,"Charleston-North Charleston, SC",Charleston County
70461,29418,SC,202207,1637.74,0.0531,,North Charleston,"Charleston-North Charleston, SC",Charleston County
70461,29418,SC,202208,1637.21,-0.0003,,North Charleston,"Charleston-North Charleston, SC",Charleston County
70461,29418,SC,202209,1663.34,0.016,,North Charleston,"Charleston-North Charleston, SC",Charleston County
70461,29418,SC,202210,1651.02,-0.0074,,North Charleston,"Charleston-North Charleston, SC",Charleston County
70461,29418,SC,202211,1656.4,0.0033,,North Charleston,"Charleston-North Charleston, SC",Charleston County
70461,29418,SC,202212,1620.95,-0.0214,,North Charleston,"Charleston-North Charleston, SC",Charleston County
70461,29418,SC,202301,1598.86,-0.0136,,North Charleston,"Charleston-North Charleston, SC",Charleston County
70461,29418,SC,202302,1602.99,0.0026,0.1298,North Charleston,"Charleston-North Charleston, SC",Charleston County
70461,29418,SC,202303,1660.83,0.0361,0.1496,North Charleston,"Charleston-North Charleston, SC",Charleston County
70461,29418,SC,202304,1702.63,0.0252,0.1639,North Charleston,"Charleston-North Charleston, SC",Charleston County
70461,29418,SC,202305,1739.48,0.0216,0.1425,North Charleston,"Charleston-North Charleston, SC",Charleston County
70461,29418,SC,202306,1720.79,-0.0107,0.1065,North Charleston,"Charleston-North Charleston, SC",Charleston County
70461,29418,SC,202307,1706.74,-0.0082,0.0421,North Charleston,"Charleston-North Charleston, SC",Charleston County
70461,29418,SC,202308,1684.77,-0.0129,0.0291,North Charleston,"Charleston-North Charleston, SC",Charleston County
70461,29418,SC,202309,1659.86,-0.0148,-0.0021,North Charleston,"Charleston-North Charleston, SC",Charleston County
70461,29418,SC,202310,1654.27,-0.0034,0.002,North Charleston,"Charleston-North Charleston, SC",Charleston County
70461,29418,SC,202311,1644.44,-0.0059,-0.0072,North Charleston,"Charleston-North Charleston, SC",Charleston County
70461,29418,SC,202312,1673.53,0.0177,0.0324,North Charleston,"Charleston-North Charleston, SC",Charleston County
70461,29418,SC,202401,1685.35,0.0071,0.0541,North Charleston,"Charleston-North Charleston, SC",Charleston County
70461,29418,SC,202402,1712.62,0.0162,0.0684,North Charleston,"Charleston-North Charleston, SC",Charleston County
70461,29418,SC,202403,1710.44,-0.0013,0.0299,North Charleston,"Charleston-North Charleston, SC",Charleston County
70461,29418,SC,202404,1683.21,-0.0159,-0.0114,North Charleston,"Charleston-North Charleston, SC",Charleston County
70461,29418,SC,202405,1679.55,-0.0022,-0.0344,North Charleston,"Charleston-North Charleston, SC",Charleston County
70461,29418,SC,202406,1703.25,0.0141,-0.0102,North Charleston,"Charleston-North Charleston, SC",Charleston County
70461,29418,SC,202407,1745.89,0.025,0.0229,North Charleston,"Charleston-North Charleston, SC",Charleston County
70461,29418,SC,202408,1764.4,0.0106,0.0473,North Charleston,"Charleston-North Charleston, SC",Charleston County
70461,29418,SC,202409,1755.76,-0.0049,0.0578,North Charleston,"Charleston-North Charleston, SC",Charleston County
70461,29418,SC,202410,1738.88,-0.0096,0.0511,North Charleston,"Charleston-North Charleston, SC",Charleston County
70461,29418,SC,202411,1735.34,-0.002,0.0553,North Charleston,"Charleston-North Charleston, SC",Charleston County
70461,29418,SC,202412,1725.83,-0.0055,0.0313,North Charleston,"Charleston-North Charleston, SC",Charleston County
70461,29418,SC,202501,1744.13,0.0106,0.0349,North Charleston,"Charleston-North Charleston, SC",Charleston County
70461,29418,SC,202502,1761.26,0.0098,0.0284,North Charleston,"Charleston-North Charleston, SC",Charleston County
70461,29418,SC,202503,1789.05,0.0158,0.046,North Charleston,"Charleston-North Charleston, SC",Charleston County
70461,29418,SC,202504,1776.5,-0.007,0.0554,North Charleston,"Charleston-North Charleston, SC",Charleston County
70461,29418,SC,202505,1786.62,0.0057,0.0637,North Charleston,"Charleston-North Charleston, SC",Charleston County
70461,29418,SC,202506,1806.87,0.0113,0.0608,North Charleston,"Charleston-North Charleston, SC",Charleston County
70461,29418,SC,202507,1852.65,0.0253,0.0611,North Charleston,"Charleston-North Charleston, SC",Charleston County
70461,29418,SC,202508,1859.89,0.0039,0.0541,North Charleston,"Charleston-North Charleston, SC",Charleston County
70461,29418,SC,202509,1841.52,-0.0099,0.0488,North Charleston,"Charleston-North Charleston, SC",Charleston County
70461,29418,SC,202510,1809.93,-0.0172,0.0409,North Charleston,"Charleston-North Charleston, SC",Charleston County
70461,29418,SC,202511,1799.63,-0.0057,0.037,North Charleston,"Charleston-North Charleston, SC",Charleston County
70461,29418,SC,202512,1796.44,-0.0018,0.0409,North Charleston,"Charleston-North Charleston, SC",Charleston County
70461,29418,SC,202601,1806.98,0.0059,0.036,North Charleston,"Charleston-North Charleston, SC",Charleston County
70461,29418,SC,202602,1814.27,0.004,0.0301,North Charleston,"Charleston-North Charleston, SC",Charleston County
70461,29418,SC,202603,1822.62,0.0046,0.0188,North Charleston,"Charleston-North Charleston, SC",Charleston County
70461,29418,SC,202604,1826.18,0.0019,0.028,North Charleston,"Charleston-North Charleston, SC",Charleston County
70461,29418,SC,202605,1815.92,-0.0056,0.0164,North Charleston,"Charleston-North Charleston, SC",Charleston County
70461,29418,SC,202606,1833.24,0.0095,0.0146,North Charleston,"Charleston-North Charleston, SC",Charleston County
70461,29418,SC,202607,1849.67,0.009,-0.0016,North Charleston,"Charleston-North Charleston, SC",Charleston County
70461,29418,SC,202608,1876.81,0.0147,0.0091,North Charleston,"Charleston-North Charleston, SC",Charleston County
70463,29420,SC,202211,1487.5,,,North Charleston,"Charleston-North Charleston, SC",Dorchester County
70463,29420,SC,202212,1489.9,0.0016,,North Charleston,"Charleston-North Charleston, SC",Dorchester County
70463,29420,SC,202301,1501.15,0.0075,,North Charleston,"Charleston-North Charleston, SC",Dorchester County
70463,29420,SC,202302,1515.27,0.0094,,North Charleston,"Charleston-North Charleston, SC",Dorchester County
70463,29420,SC,202303,1524.1,0.0058,,North Charleston,"Charleston-North Charleston, SC",Dorchester County
70463,29420,SC,202304,1543.1,0.0125,,North Charleston,"Charleston-North Charleston, SC",Dorchester County
70463,29420,SC,202305,1544.01,0.0006,,North Charleston,"Charleston-North Charleston, SC",Dorchester County
70463,29420,SC,202306,1574.33,0.0196,,North Charleston,"Charleston-North Charleston, SC",Dorchester County
70463,29420,SC,202307,1593.78,0.0124,,North Charleston,"Charleston-North Charleston, SC",Dorchester County
70463,29420,SC,202308,1608.67,0.0093,,North Charleston,"Charleston-North Charleston, SC",Dorchester County
70463,29420,SC,202309,1620.01,0.007,,North Charleston,"Charleston-North Charleston, SC",Dorchester County
70463,29420,SC,202310,1614.65,-0.0033,,North Charleston,"Charleston-North Charleston, SC",Dorchester County
70463,29420,SC,202311,1616.21,0.001,0.0865,North Charleston,"Charleston-North Charleston, SC",Dorchester County
70463,29420,SC,202312,1606.74,-0.0059,0.0784,North Charleston,"Charleston-North Charleston, SC",Dorchester County
70463,29420,SC,202401,1600.19,-0.0041,0.066,North Charleston,"Charleston-North Charleston, SC",Dorchester County
70463,29420,SC,202402,1588.06,-0.0076,0.048,North Charleston,"Charleston-North Charleston, SC",Dorchester County
70463,29420,SC,202403,1597.44,0.0059,0.0481,North Charleston,"Charleston-North Charleston, SC",Dorchester County
70463,29420,SC,202404,1612.38,0.0093,0.0449,North Charleston,"Charleston-North Charleston, SC",Dorchester County
70463,29420,SC,202405,1613.75,0.0009,0.0452,North Charleston,"Charleston-North Charleston, SC",Dorchester County
70463,29420,SC,202406,1624.11,0.0064,0.0316,North Charleston,"Charleston-North Charleston, SC",Dorchester County
70463,29420,SC,202407,1629.07,0.003,0.0221,North Charleston,"Charleston-North Charleston, SC",Dorchester County
70463,29420,SC,202408,1641.47,0.0076,0.0204,North Charleston,"Charleston-North Charleston, SC",Dorchester County
70463,29420,SC,202409,1626.47,-0.0091,0.004,North Charleston,"Charleston-North Charleston, SC",Dorchester County
70463,29420,SC,202410,1605.48,-0.0129,-0.0057,North Charleston,"Charleston-North Charleston, SC",Dorchester County
70463,29420,SC,202411,1588.14,-0.0108,-0.0174,North Charleston,"Charleston-North Charleston, SC",Dorchester County
70463,29420,SC,202412,1576.12,-0.0076,-0.0191,North Charleston,"Charleston-North Charleston, SC",Dorchester County
70463,29420,SC,202501,1575.32,-0.0005,-0.0155,North Charleston,"Charleston-North Charleston, SC",Dorchester County
70463,29420,SC,202502,1589.92,0.0093,0.0012,North Charleston,"Charleston-North Charleston, SC",Dorchester County
70463,29420,SC,202503,1601.29,0.0071,0.0024,North Charleston,"Charleston-North Charleston, SC",Dorchester County
70463,29420,SC,202504,1611.13,0.0061,-0.0008,North Charleston,"Charleston-North Charleston, SC",Dorchester County
70463,29420,SC,202505,1633.13,0.0137,0.012,North Charleston,"Charleston-North Charleston, SC",Dorchester County
70463,29420,SC,202506,1644.86,0.0072,0.0128,North Charleston,"Charleston-North Charleston, SC",Dorchester County
70463,29420,SC,202507,1653.31,0.0051,0.0149,North Charleston,"Charleston-North Charleston, SC",Dorchester County
70463,29420,SC,202508,1648.11,-0.0031,0.004,North Charleston,"Charleston-North Charleston, SC",Dorchester County
70463,29420,SC,202509,1647.59,-0.0003,0.013,North Charleston,"Charleston-North Charleston, SC",Dorchester County
70463,29420,SC,202510,1645.92,-0.001,0.0252,North Charleston,"Charleston-North Charleston, SC",Dorchester County
70463,29420,SC,202511,1660.13,0.0086,0.0453,North Charleston,"Charleston-North Charleston, SC",Dorchester County
70463,29420,SC,202512,1671.49,0.0068,0.0605,North Charleston,"Charleston-North Charleston, SC",Dorchester County
70463,29420,SC,202601,1683.41,0.0071,0.0686,North Charleston,"Charleston-North Charleston, SC",Dorchester County
70463,29420,SC,202602,1657.17,-0.0156,0.0423,North Charleston,"Charleston-North Charleston, SC",Dorchester County
70463,29420,SC,202603,1638.13,-0.0115,0.023,North Charleston,"Charleston-North Charleston, SC",Dorchester County
70463,29420,SC,202604,1647.04,0.0054,0.0223,North Charleston,"Charleston-North Charleston, SC",Dorchester County
70463,29420,SC,202605,1657.82,0.0065,0.0151,North Charleston,"Charleston-North Charleston, SC",Dorchester County
70463,29420,SC,202606,1699.46,0.0251,0.0332,North Charleston,"Charleston-North Charleston, SC",Dorchester County
70463,29420,SC,202607,1696.26,-0.0019,0.026,North Charleston,"Charleston-North Charleston, SC",Dorchester County
70463,29420,SC,202608,1727.41,0.0184,0.0481,North Charleston,"Charleston-North Charleston, SC",Dorchester County
70480,29440,SC,202608,1434.55,,,Georgetown,"Georgetown, SC",Georgetown County
70482,29445,SC,201501,955.07,,,Goose Creek,"Charleston-North Charleston, SC",Berkeley County
70482,29445,SC,201502,959.83,0.005,,Goose Creek,"Charleston-North Charleston, SC",Berkeley County
70482,29445,SC,201503,968.99,0.0095,,Goose Creek,"Charleston-North Charleston, SC",Berkeley County
70482,29445,SC,201504,967.92,-0.0011,,Goose Creek,"Charleston-North Charleston, SC",Berkeley County
70482,29445,SC,201505,974.26,0.0065,,Goose Creek,"Charleston-North Charleston, SC",Berkeley County
70482,29445,SC,201506,983.41,0.0094,,Goose Creek,"Charleston-North Charleston, SC",Berkeley County
70482,29445,SC,201507,993.37,0.0101,,Goose Creek,"Charleston-North Charleston, SC",Berkeley County
70482,29445,SC,201508,1003.13,0.0098,,Goose Creek,"Charleston-North Charleston, SC",Berkeley County
70482,29445,SC,201509,1010.86,0.0077,,Goose Creek,"Charleston-North Charleston, SC",Berkeley County
70482,29445,SC,201510,1009.1,-0.0017,,Goose Creek,"Charleston-North Charleston, SC",Berkeley County
70482,29445,SC,201511,1008.68,-0.0004,,Goose Creek,"Charleston-North Charleston, SC",Berkeley County
70482,29445,SC,201512,996.63,-0.0119,,Goose Creek,"Charleston-North Charleston, SC",Berkeley County
70482,29445,SC,201601,989.05,-0.0076,0.0356,Goose Creek,"Charleston-North Charleston, SC",Berkeley County
70482,29445,SC,201602,991.51,0.0025,0.033,Goose Creek,"Charleston-North Charleston, SC",Berkeley County
70482,29445,SC,201603,997.82,0.0064,0.0298,Goose Creek,"Charleston-North Charleston, SC",Berkeley County
70482,29445,SC,201604,1006.98,0.0092,0.0403,Goose Creek,"Charleston-North Charleston, SC",Berkeley County
70482,29445,SC,201605,1001.98,-0.005,0.0285,Goose Creek,"Charleston-North Charleston, SC",Berkeley County
70482,29445,SC,201606,1009.9,0.0079,0.0269,Goose Creek,"Charleston-North Charleston, SC",Berkeley County
70482,29445,SC,201607,1021.53,0.0115,0.0283,Goose Creek,"Charleston-North Charleston, SC",Berkeley County
70482,29445,SC,201608,1041.72,0.0198,0.0385,Goose Creek,"Charleston-North Charleston, SC",Berkeley County
70482,29445,SC,201609,1053.08,0.0109,0.0418,Goose Creek,"Charleston-North Charleston, SC",Berkeley County
70482,29445,SC,201610,1057.38,0.0041,0.0479,Goose Creek,"Charleston-North Charleston, SC",Berkeley County
70482,29445,SC,201611,1047.92,-0.009,0.0389,Goose Creek,"Charleston-North Charleston, SC",Berkeley County
70482,29445,SC,201612,1043.94,-0.0038,0.0475,Goose Creek,"Charleston-North Charleston, SC",Berkeley County
70482,29445,SC,201701,1037.29,-0.0064,0.0488,Goose Creek,"Charleston-North Charleston, SC",Berkeley County
70482,29445,SC,201702,1044.4,0.0068,0.0533,Goose Creek,"Charleston-North Charleston, SC",Berkeley County
70482,29445,SC,201703,1046.41,0.0019,0.0487,Goose Creek,"Charleston-North Charleston, SC",Berkeley County
70482,29445,SC,201704,1055.31,0.0085,0.048,Goose Creek,"Charleston-North Charleston, SC",Berkeley County
70482,29445,SC,201705,1062.52,0.0068,0.0604,Goose Creek,"Charleston-North Charleston, SC",Berkeley County
70482,29445,SC,201706,1069.13,0.0062,0.0586,Goose Creek,"Charleston-North Charleston, SC",Berkeley County
70482,29445,SC,201707,1090.49,0.02,0.0675,Goose Creek,"Charleston-North Charleston, SC",Berkeley County
70482,29445,SC,201708,1092.5,0.0018,0.0487,Goose Creek,"Charleston-North Charleston, SC",Berkeley County
70482,29445,SC,201709,1097.54,0.0046,0.0422,Goose Creek,"Charleston-North Charleston, SC",Berkeley County
70482,29445,SC,201710,1078.95,-0.0169,0.0204,Goose Creek,"Charleston-North Charleston, SC",Berkeley County
70482,29445,SC,201711,1081.41,0.0023,0.032,Goose Creek,"Charleston-North Charleston, SC",Berkeley County
70482,29445,SC,201712,1084.14,0.0025,0.0385,Goose Creek,"Charleston-North Charleston, SC",Berkeley County
70482,29445,SC,201801,1081.74,-0.0022,0.0428,Goose Creek,"Charleston-North Charleston, SC",Berkeley County
70482,29445,SC,201802,1093.52,0.0109,0.047,Goose Creek,"Charleston-North Charleston, SC",Berkeley County
70482,29445,SC,201803,1099.37,0.0053,0.0506,Goose Creek,"Charleston-North Charleston, SC",Berkeley County
70482,29445,SC,201804,1123.49,0.0219,0.0646,Goose Creek,"Charleston-North Charleston, SC",Berkeley County
70482,29445,SC,201805,1126.23,0.0024,0.06,Goose Creek,"Charleston-North Charleston, SC",Berkeley County
70482,29445,SC,201806,1133.71,0.0066,0.0604,Goose Creek,"Charleston-North Charleston, SC",Berkeley County
70482,29445,SC,201807,1134.24,0.0005,0.0401,Goose Creek,"Charleston-North Charleston, SC",Berkeley County
70482,29445,SC,201808,1137.18,0.0026,0.0409,Goose Creek,"Charleston-North Charleston, SC",Berkeley County
70482,29445,SC,201809,1144.65,0.0066,0.0429,Goose Creek,"Charleston-North Charleston, SC",Berkeley County
70482,29445,SC,201810,1142.62,-0.0018,0.059,Goose Creek,"Charleston-North Charleston, SC",Berkeley County
70482,29445,SC,201811,1131.6,-0.0096,0.0464,Goose Creek,"Charleston-North Charleston, SC",Berkeley County
70482,29445,SC,201812,1130.51,-0.001,0.0428,Goose Creek,"Charleston-North Charleston, SC",Berkeley County
70482,29445,SC,201901,1135.26,0.0042,0.0495,Goose Creek,"Charleston-North Charleston, SC",Berkeley County
70482,29445,SC,201902,1153.15,0.0158,0.0545,Goose Creek,"Charleston-North Charleston, SC",Berkeley County
70482,29445,SC,201903,1158.27,0.0044,0.0536,Goose Creek,"Charleston-North Charleston, SC",Berkeley County
70482,29445,SC,201904,1168.12,0.0085,0.0397,Goose Creek,"Charleston-North Charleston, SC",Berkeley County
70482,29445,SC,201905,1181.29,0.0113,0.0489,Goose Creek,"Charleston-North Charleston, SC",Berkeley County
70482,29445,SC,201906,1189.3,0.0068,0.049,Goose Creek,"Charleston-North Charleston, SC",Berkeley County
70482,29445,SC,201907,1192.62,0.0028,0.0515,Goose Creek,"Charleston-North Charleston, SC",Berkeley County
70482,29445,SC,201908,1188.87,-0.0031,0.0455,Goose Creek,"Charleston-North Charleston, SC",Berkeley County
70482,29445,SC,201909,1203.62,0.0124,0.0515,Goose Creek,"Charleston-North Charleston, SC",Berkeley County
70482,29445,SC,201910,1203.89,0.0002,0.0536,Goose Creek,"Charleston-North Charleston, SC",Berkeley County
70482,29445,SC,201911,1206.37,0.0021,0.0661,Goose Creek,"Charleston-North Charleston, SC",Berkeley County
70482,29445,SC,201912,1185.96,-0.0169,0.0491,Goose Creek,"Charleston-North Charleston, SC",Berkeley County
70482,29445,SC,202001,1189.14,0.0027,0.0475,Goose Creek,"Charleston-North Charleston, SC",Berkeley County
70482,29445,SC,202002,1194.45,0.0045,0.0358,Goose Creek,"Charleston-North Charleston, SC",Berkeley County
70482,29445,SC,202003,1201.51,0.0059,0.0373,Goose Creek,"Charleston-North Charleston, SC",Berkeley County
70482,29445,SC,202004,1203.84,0.0019,0.0306,Goose Creek,"Charleston-North Charleston, SC",Berkeley County
70482,29445,SC,202005,1212.86,0.0075,0.0267,Goose Creek,"Charleston-North Charleston, SC",Berkeley County
70482,29445,SC,202006,1227.57,0.0121,0.0322,Goose Creek,"Charleston-North Charleston, SC",Berkeley County
70482,29445,SC,202007,1244.84,0.0141,0.0438,Goose Creek,"Charleston-North Charleston, SC",Berkeley County
70482,29445,SC,202008,1243.6,-0.001,0.046,Goose Creek,"Charleston-North Charleston, SC",Berkeley County
70482,29445,SC,202009,1239.46,-0.0033,0.0298,Goose Creek,"Charleston-North Charleston, SC",Berkeley County
70482,29445,SC,202010,1238.59,-0.0007,0.0288,Goose Creek,"Charleston-North Charleston, SC",Berkeley County
70482,29445,SC,202011,1255.27,0.0135,0.0405,Goose Creek,"Charleston-North Charleston, SC",Berkeley County
70482,29445,SC,202012,1270.9,0.0124,0.0716,Goose Creek,"Charleston-North Charleston, SC",Berkeley County
70482,29445,SC,202101,1283.64,0.01,0.0795,Goose Creek,"Charleston-North Charleston, SC",Berkeley County
70482,29445,SC,202102,1283.41,-0.0002,0.0745,Goose Creek,"Charleston-North Charleston, SC",Berkeley County
70482,29445,SC,202103,1281.42,-0.0015,0.0665,Goose Creek,"Charleston-North Charleston, SC",Berkeley County
70482,29445,SC,202104,1297.88,0.0128,0.0781,Goose Creek,"Charleston-North Charleston, SC",Berkeley County
70482,29445,SC,202105,1331.08,0.0256,0.0975,Goose Creek,"Charleston-North Charleston, SC",Berkeley County
70482,29445,SC,202106,1373.36,0.0318,0.1188,Goose Creek,"Charleston-North Charleston, SC",Berkeley County
70482,29445,SC,202107,1379.82,0.0047,0.1084,Goose Creek,"Charleston-North Charleston, SC",Berkeley County
70482,29445,SC,202108,1377.53,-0.0017,0.1077,Goose Creek,"Charleston-North Charleston, SC",Berkeley County
70482,29445,SC,202109,1378.89,0.001,0.1125,Goose Creek,"Charleston-North Charleston, SC",Berkeley County
70482,29445,SC,202110,1388.14,0.0067,0.1207,Goose Creek,"Charleston-North Charleston, SC",Berkeley County
70482,29445,SC,202111,1422.77,0.0249,0.1334,Goose Creek,"Charleston-North Charleston, SC",Berkeley County
70482,29445,SC,202112,1438.01,0.0107,0.1315,Goose Creek,"Charleston-North Charleston, SC",Berkeley County
70482,29445,SC,202201,1468.99,0.0215,0.1444,Goose Creek,"Charleston-North Charleston, SC",Berkeley County
70482,29445,SC,202202,1465.68,-0.0023,0.142,Goose Creek,"Charleston-North Charleston, SC",Berkeley County
70482,29445,SC,202203,1474.76,0.0062,0.1509,Goose Creek,"Charleston-North Charleston, SC",Berkeley County
70482,29445,SC,202204,1476.89,0.0014,0.1379,Goose Creek,"Charleston-North Charleston, SC",Berkeley County
70482,29445,SC,202205,1489.75,0.0087,0.1192,Goose Creek,"Charleston-North Charleston, SC",Berkeley County
70482,29445,SC,202206,1530.13,0.0271,0.1142,Goose Creek,"Charleston-North Charleston, SC",Berkeley County
70482,29445,SC,202207,1558.55,0.0186,0.1295,Goose Creek,"Charleston-North Charleston, SC",Berkeley County
70482,29445,SC,202208,1550.98,-0.0049,0.1259,Goose Creek,"Charleston-North Charleston, SC",Berkeley County
70482,29445,SC,202209,1549.65,-0.0009,0.1238,Goose Creek,"Charleston-North Charleston, SC",Berkeley County
70482,29445,SC,202210,1580.6,0.02,0.1386,Goose Creek,"Charleston-North Charleston, SC",Berkeley County
70482,29445,SC,202211,1604.91,0.0154,0.128,Goose Creek,"Charleston-North Charleston, SC",Berkeley County
70482,29445,SC,202212,1586.11,-0.0117,0.103,Goose Creek,"Charleston-North Charleston, SC",Berkeley County
70482,29445,SC,202301,1564.32,-0.0137,0.0649,Goose Creek,"Charleston-North Charleston, SC",Berkeley County
70482,29445,SC,202302,1584.86,0.0131,0.0813,Goose Creek,"Charleston-North Charleston, SC",Berkeley County
70482,29445,SC,202303,1628.62,0.0276,0.1043,Goose Creek,"Charleston-North Charleston, SC",Berkeley County
70482,29445,SC,202304,1647.92,0.0119,0.1158,Goose Creek,"Charleston-North Charleston, SC",Berkeley County
70482,29445,SC,202305,1666.43,0.0112,0.1186,Goose Creek,"Charleston-North Charleston, SC",Berkeley County
70482,29445,SC,202306,1676.9,0.0063,0.0959,Goose Creek,"Charleston-North Charleston, SC",Berkeley County
70482,29445,SC,202307,1678.58,0.001,0.077,Goose Creek,"Charleston-North Charleston, SC",Berkeley County
70482,29445,SC,202308,1678.82,0.0001,0.0824,Goose Creek,"Charleston-North Charleston, SC",Berkeley County
70482,29445,SC,202309,1681.28,0.0015,0.0849,Goose Creek,"Charleston-North Charleston, SC",Berkeley County
70482,29445,SC,202310,1693.63,0.0073,0.0715,Goose Creek,"Charleston-North Charleston, SC",Berkeley County
70482,29445,SC,202311,1699.63,0.0035,0.059,Goose Creek,"Charleston-North Charleston, SC",Berkeley County
70482,29445,SC,202312,1705.75,0.0036,0.0754,Goose Creek,"Charleston-North Charleston, SC",Berkeley County
70482,29445,SC,202401,1702.16,-0.0021,0.0881,Goose Creek,"Charleston-North Charleston, SC",Berkeley County
70482,29445,SC,202402,1704.18,0.0012,0.0753,Goose Creek,"Charleston-North Charleston, SC",Berkeley County
70482,29445,SC,202403,1702.02,-0.0013,0.0451,Goose Creek,"Charleston-North Charleston, SC",Berkeley County
70482,29445,SC,202404,1714.95,0.0076,0.0407,Goose Creek,"Charleston-North Charleston, SC",Berkeley County
70482,29445,SC,202405,1734.73,0.0115,0.041,Goose Creek,"Charleston-North Charleston, SC",Berkeley County
70482,29445,SC,202406,1745.57,0.0062,0.041,Goose Creek,"Charleston-North Charleston, SC",Berkeley County
70482,29445,SC,202407,1745.79,0.0001,0.04,Goose Creek,"Charleston-North Charleston, SC",Berkeley County
70482,29445,SC,202408,1731.92,-0.0079,0.0316,Goose Creek,"Charleston-North Charleston, SC",Berkeley County
70482,29445,SC,202409,1717.73,-0.0082,0.0217,Goose Creek,"Charleston-North Charleston, SC",Berkeley County
70482,29445,SC,202410,1725.65,0.0046,0.0189,Goose Creek,"Charleston-North Charleston, SC",Berkeley County
70482,29445,SC,202411,1750.72,0.0145,0.0301,Goose Creek,"Charleston-North Charleston, SC",Berkeley County
70482,29445,SC,202412,1758.49,0.0044,0.0309,Goose Creek,"Charleston-North Charleston, SC",Berkeley County
70482,29445,SC,202501,1754.98,-0.002,0.031,Goose Creek,"Charleston-North Charleston, SC",Berkeley County
70482,29445,SC,202502,1735.72,-0.011,0.0185,Goose Creek,"Charleston-North Charleston, SC",Berkeley County
70482,29445,SC,202503,1769.17,0.0193,0.0395,Goose Creek,"Charleston-North Charleston, SC",Berkeley County
70482,29445,SC,202504,1787.82,0.0105,0.0425,Goose Creek,"Charleston-North Charleston, SC",Berkeley County
70482,29445,SC,202505,1809.44,0.0121,0.0431,Goose Creek,"Charleston-North Charleston, SC",Berkeley County
70482,29445,SC,202506,1797.97,-0.0063,0.03,Goose Creek,"Charleston-North Charleston, SC",Berkeley County
70482,29445,SC,202507,1824.22,0.0146,0.0449,Goose Creek,"Charleston-North Charleston, SC",Berkeley County
70482,29445,SC,202508,1808.19,-0.0088,0.044,Goose Creek,"Charleston-North Charleston, SC",Berkeley County
70482,29445,SC,202509,1820.33,0.0067,0.0597,Goose Creek,"Charleston-North Charleston, SC",Berkeley County
70482,29445,SC,202510,1804.11,-0.0089,0.0455,Goose Creek,"Charleston-North Charleston, SC",Berkeley County
70482,29445,SC,202511,1824.51,0.0113,0.0421,Goose Creek,"Charleston-North Charleston, SC",Berkeley County
70482,29445,SC,202512,1838.86,0.0079,0.0457,Goose Creek,"Charleston-North Charleston, SC",Berkeley County
70482,29445,SC,202601,1847.23,0.0046,0.0526,Goose Creek,"Charleston-North Charleston, SC",Berkeley County
70482,29445,SC,202602,1862.38,0.0082,0.073,Goose Creek,"Charleston-North Charleston, SC",Berkeley County
70482,29445,SC,202603,1845.03,-0.0093,0.0429,Goose Creek,"Charleston-North Charleston, SC",Berkeley County
70482,29445,SC,202604,1869.0,0.013,0.0454,Goose Creek,"Charleston-North Charleston, SC",Berkeley County
70482,29445,SC,202605,1871.61,0.0014,0.0344,Goose Creek,"Charleston-North Charleston, SC",Berkeley County
70482,29445,SC,202606,1914.55,0.0229,0.0648,Goose Creek,"Charleston-North Charleston, SC",Berkeley County
70482,29445,SC,202607,1904.69,-0.0051,0.0441,Goose Creek,"Charleston-North Charleston, SC",Berkeley County
70482,29445,SC,202608,1922.05,0.0091,0.063,Goose Creek,"Charleston-North Charleston, SC",Berkeley County
70491,29455,SC,202208,2000.16,,,Charleston,"Charleston-North Charleston, SC",Charleston County
70491,29455,SC,202209,2005.24,0.0025,,Charleston,"Charleston-North Charleston, SC",Charleston County
70491,29455,SC,202210,1984.51,-0.0103,,Charleston,"Charleston-North Charleston, SC",Charleston County
70491,29455,SC,202211,1913.81,-0.0356,,Charleston,"Charleston-North Charleston, SC",Charleston County
70491,29455,SC,202212,1925.42,0.0061,,Charleston,"Charleston-North Charleston, SC",Charleston County
70491,29455,SC,202301,1957.15,0.0165,,Charleston,"Charleston-North Charleston, SC",Charleston County
70491,29455,SC,202302,2020.24,0.0322,,Charleston,"Charleston-North Charleston, SC",Charleston County
70491,29455,SC,202303,2024.85,0.0023,,Charleston,"Charleston-North Charleston, SC",Charleston County
70491,29455,SC,202304,2046.03,0.0105,,Charleston,"Charleston-North Charleston, SC",Charleston County
70491,29455,SC,202305,2068.06,0.0108,,Charleston,"Charleston-North Charleston, SC",Charleston County
70491,29455,SC,202306,2124.24,0.0272,,Charleston,"Charleston-North Charleston, SC",Charleston County
70491,29455,SC,202307,2156.7,0.0153,,Charleston,"Charleston-North Charleston, SC",Charleston County
70491,29455,SC,202308,2159.29,0.0012,0.0796,Charleston,"Charleston-North Charleston, SC",Charleston County
70491,29455,SC,202309,2138.33,-0.0097,0.0664,Charleston,"Charleston-North Charleston, SC",Charleston County
70491,29455,SC,202310,2107.41,-0.0145,0.0619,Charleston,"Charleston-North Charleston, SC",Charleston County
70491,29455,SC,202311,2108.45,0.0005,0.1017,Charleston,"Charleston-North Charleston, SC",Charleston County
70491,29455,SC,202312,2108.24,-0.0001,0.095,Charleston,"Charleston-North Charleston, SC",Charleston County
70491,29455,SC,202401,2127.56,0.0092,0.0871,Charleston,"Charleston-North Charleston, SC",Charleston County
70491,29455,SC,202402,2170.79,0.0203,0.0745,Charleston,"Charleston-North Charleston, SC",Charleston County
70491,29455,SC,202403,2178.82,0.0037,0.076,Charleston,"Charleston-North Charleston, SC",Charleston County
70491,29455,SC,202404,2182.85,0.0018,0.0669,Charleston,"Charleston-North Charleston, SC",Charleston County
70491,29455,SC,202405,2137.49,-0.0208,0.0336,Charleston,"Charleston-North Charleston, SC",Charleston County
70491,29455,SC,202406,2144.46,0.0033,0.0095,Charleston,"Charleston-North Charleston, SC",Charleston County
70491,29455,SC,202407,2160.81,0.0076,0.0019,Charleston,"Charleston-North Charleston, SC",Charleston County
70491,29455,SC,202408,2182.28,0.0099,0.0107,Charleston,"Charleston-North Charleston, SC",Charleston County
70491,29455,SC,202409,2184.34,0.0009,0.0215,Charleston,"Charleston-North Charleston, SC",Charleston County
70491,29455,SC,202410,2159.03,-0.0116,0.0245,Charleston,"Charleston-North Charleston, SC",Charleston County
70491,29455,SC,202411,2143.72,-0.0071,0.0167,Charleston,"Charleston-North Charleston, SC",Charleston County
70491,29455,SC,202412,2159.98,0.0076,0.0245,Charleston,"Charleston-North Charleston, SC",Charleston County
70491,29455,SC,202501,2186.7,0.0124,0.0278,Charleston,"Charleston-North Charleston, SC",Charleston County
70491,29455,SC,202502,2207.55,0.0095,0.0169,Charleston,"Charleston-North Charleston, SC",Charleston County
70491,29455,SC,202503,2199.23,-0.0038,0.0094,Charleston,"Charleston-North Charleston, SC",Charleston County
70491,29455,SC,202504,2187.96,-0.0051,0.0023,Charleston,"Charleston-North Charleston, SC",Charleston County
70491,29455,SC,202505,2199.69,0.0054,0.0291,Charleston,"Charleston-North Charleston, SC",Charleston County
70491,29455,SC,202506,2184.8,-0.0068,0.0188,Charleston,"Charleston-North Charleston, SC",Charleston County
70491,29455,SC,202507,2189.98,0.0024,0.0135,Charleston,"Charleston-North Charleston, SC",Charleston County
70491,29455,SC,202508,2177.39,-0.0057,-0.0022,Charleston,"Charleston-North Charleston, SC",Charleston County
70491,29455,SC,202509,2209.0,0.0145,0.0113,Charleston,"Charleston-North Charleston, SC",Charleston County
70491,29455,SC,202510,2284.64,0.0342,0.0582,Charleston,"Charleston-North Charleston, SC",Charleston County
70491,29455,SC,202511,2318.08,0.0146,0.0813,Charleston,"Charleston-North Charleston, SC",Charleston County
70491,29455,SC,202512,2323.14,0.0022,0.0755,Charleston,"Charleston-North Charleston, SC",Charleston County
70491,29455,SC,202601,2241.51,-0.0351,0.0251,Charleston,"Charleston-North Charleston, SC",Charleston County
70491,29455,SC,202602,2238.03,-0.0016,0.0138,Charleston,"Charleston-North Charleston, SC",Charleston County
70491,29455,SC,202603,2259.51,0.0096,0.0274,Charleston,"Charleston-North Charleston, SC",Charleston County
70491,29455,SC,202604,2316.23,0.0251,0.0586,Charleston,"Charleston-North Charleston, SC",Charleston County
70491,29455,SC,202605,2351.11,0.0151,0.0688,Charleston,"Charleston-North Charleston, SC",Charleston County
70491,29455,SC,202606,2387.43,0.0154,0.0927,Charleston,"Charleston-North Charleston, SC",Charleston County
70491,29455,SC,202607,2400.5,0.0055,0.0961,Charleston,"Charleston-North Charleston, SC",Charleston County
70491,29455,SC,202608,2395.41,-0.0021,0.1001,Charleston,"Charleston-North Charleston, SC",Charleston County
70492,29456,SC,201503,929.67,,,Ladson,"Charleston-North Charleston, SC",Charleston County
70492,29456,SC,201504,923.0,-0.0072,,Ladson,"Charleston-North Charleston, SC",Charleston County
70492,29456,SC,201505,924.68,0.0018,,Ladson,"Charleston-North Charleston, SC",Charleston County
70492,29456,SC,201506,930.57,0.0064,,Ladson,"Charleston-North Charleston, SC",Charleston County
70492,29456,SC,201507,943.66,0.0141,,Ladson,"Charleston-North Charleston, SC",Charleston County
70492,29456,SC,201508,942.96,-0.0007,,Ladson,"Charleston-North Charleston, SC",Charleston County
70492,29456,SC,201509,948.1,0.0055,,Ladson,"Charleston-North Charleston, SC",Charleston County
70492,29456,SC,201510,952.24,0.0044,,Ladson,"Charleston-North Charleston, SC",Charleston County
70492,29456,SC,201511,956.74,0.0047,,Ladson,"Charleston-North Charleston, SC",Charleston County
70492,29456,SC,201512,951.78,-0.0052,,Ladson,"Charleston-North Charleston, SC",Charleston County
70492,29456,SC,201601,947.04,-0.005,,Ladson,"Charleston-North Charleston, SC",Charleston County
70492,29456,SC,201602,960.35,0.0141,,Ladson,"Charleston-North Charleston, SC",Charleston County
70492,29456,SC,201603,975.67,0.016,0.0495,Ladson,"Charleston-North Charleston, SC",Charleston County
70492,29456,SC,201604,989.0,0.0137,0.0715,Ladson,"Charleston-North Charleston, SC",Charleston County
70492,29456,SC,201605,989.52,0.0005,0.0701,Ladson,"Charleston-North Charleston, SC",Charleston County
70492,29456,SC,201606,990.2,0.0007,0.0641,Ladson,"Charleston-North Charleston, SC",Charleston County
70492,29456,SC,201607,986.8,-0.0034,0.0457,Ladson,"Charleston-North Charleston, SC",Charleston County
70492,29456,SC,201608,988.27,0.0015,0.0481,Ladson,"Charleston-North Charleston, SC",Charleston County
70492,29456,SC,201609,987.37,-0.0009,0.0414,Ladson,"Charleston-North Charleston, SC",Charleston County
70492,29456,SC,201610,988.5,0.0011,0.0381,Ladson,"Charleston-North Charleston, SC",Charleston County
70492,29456,SC,201611,990.0,0.0015,0.0348,Ladson,"Charleston-North Charleston, SC",Charleston County
70492,29456,SC,201612,993.75,0.0038,0.0441,Ladson,"Charleston-North Charleston, SC",Charleston County
70492,29456,SC,201701,1002.42,0.0087,0.0585,Ladson,"Charleston-North Charleston, SC",Charleston County
70492,29456,SC,201702,1007.7,0.0053,0.0493,Ladson,"Charleston-North Charleston, SC",Charleston County
70492,29456,SC,201703,1012.64,0.0049,0.0379,Ladson,"Charleston-North Charleston, SC",Charleston County
70492,29456,SC,201704,1016.87,0.0042,0.0282,Ladson,"Charleston-North Charleston, SC",Charleston County
70492,29456,SC,201705,1023.63,0.0066,0.0345,Ladson,"Charleston-North Charleston, SC",Charleston County
70492,29456,SC,201706,1032.53,0.0087,0.0428,Ladson,"Charleston-North Charleston, SC",Charleston County
70492,29456,SC,201707,1039.25,0.0065,0.0531,Ladson,"Charleston-North Charleston, SC",Charleston County
70492,29456,SC,201708,1040.84,0.0015,0.0532,Ladson,"Charleston-North Charleston, SC",Charleston County
70492,29456,SC,201709,1048.08,0.007,0.0615,Ladson,"Charleston-North Charleston, SC",Charleston County
70492,29456,SC,201710,1047.78,-0.0003,0.06,Ladson,"Charleston-North Charleston, SC",Charleston County
70492,29456,SC,201711,1043.85,-0.0037,0.0544,Ladson,"Charleston-North Charleston, SC",Charleston County
70492,29456,SC,201712,1037.19,-0.0064,0.0437,Ladson,"Charleston-North Charleston, SC",Charleston County
70492,29456,SC,201801,1034.6,-0.0025,0.0321,Ladson,"Charleston-North Charleston, SC",Charleston County
70492,29456,SC,201802,1043.84,0.0089,0.0359,Ladson,"Charleston-North Charleston, SC",Charleston County
70492,29456,SC,201803,1057.12,0.0127,0.0439,Ladson,"Charleston-North Charleston, SC",Charleston County
70492,29456,SC,201804,1068.21,0.0105,0.0505,Ladson,"Charleston-North Charleston, SC",Charleston County
70492,29456,SC,201805,1072.56,0.0041,0.0478,Ladson,"Charleston-North Charleston, SC",Charleston County
70492,29456,SC,201806,1071.76,-0.0007,0.038,Ladson,"Charleston-North Charleston, SC",Charleston County
70492,29456,SC,201807,1075.27,0.0033,0.0347,Ladson,"Charleston-North Charleston, SC",Charleston County
70492,29456,SC,201808,1068.67,-0.0061,0.0267,Ladson,"Charleston-North Charleston, SC",Charleston County
70492,29456,SC,201809,1080.81,0.0114,0.0312,Ladson,"Charleston-North Charleston, SC",Charleston County
70492,29456,SC,201810,1076.12,-0.0043,0.0271,Ladson,"Charleston-North Charleston, SC",Charleston County
70492,29456,SC,201811,1081.53,0.005,0.0361,Ladson,"Charleston-North Charleston, SC",Charleston County
70492,29456,SC,201812,1072.18,-0.0086,0.0337,Ladson,"Charleston-North Charleston, SC",Charleston County
70492,29456,SC,201901,1086.6,0.0135,0.0503,Ladson,"Charleston-North Charleston, SC",Charleston County
70492,29456,SC,201902,1087.21,0.0006,0.0416,Ladson,"Charleston-North Charleston, SC",Charleston County
70492,29456,SC,201903,1100.72,0.0124,0.0412,Ladson,"Charleston-North Charleston, SC",Charleston County
70492,29456,SC,201904,1119.24,0.0168,0.0478,Ladson,"Charleston-North Charleston, SC",Charleston County
70492,29456,SC,201905,1142.46,0.0207,0.0652,Ladson,"Charleston-North Charleston, SC",Charleston County
70492,29456,SC,201906,1148.38,0.0052,0.0715,Ladson,"Charleston-North Charleston, SC",Charleston County
70492,29456,SC,201907,1143.75,-0.004,0.0637,Ladson,"Charleston-North Charleston, SC",Charleston County
70492,29456,SC,201908,1140.36,-0.003,0.0671,Ladson,"Charleston-North Charleston, SC",Charleston County
70492,29456,SC,201909,1146.51,0.0054,0.0608,Ladson,"Charleston-North Charleston, SC",Charleston County
70492,29456,SC,201910,1140.89,-0.0049,0.0602,Ladson,"Charleston-North Charleston, SC",Charleston County
70492,29456,SC,201911,1157.89,0.0149,0.0706,Ladson,"Charleston-North Charleston, SC",Charleston County
70492,29456,SC,201912,1154.66,-0.0028,0.0769,Ladson,"Charleston-North Charleston, SC",Charleston County
70492,29456,SC,202001,1184.26,0.0256,0.0899,Ladson,"Charleston-North Charleston, SC",Charleston County
70492,29456,SC,202002,1188.63,0.0037,0.0933,Ladson,"Charleston-North Charleston, SC",Charleston County
70492,29456,SC,202003,1192.8,0.0035,0.0837,Ladson,"Charleston-North Charleston, SC",Charleston County
70492,29456,SC,202004,1166.47,-0.0221,0.0422,Ladson,"Charleston-North Charleston, SC",Charleston County
70492,29456,SC,202005,1156.81,-0.0083,0.0126,Ladson,"Charleston-North Charleston, SC",Charleston County
70492,29456,SC,202006,1157.13,0.0003,0.0076,Ladson,"Charleston-North Charleston, SC",Charleston County
70492,29456,SC,202007,1159.4,0.002,0.0137,Ladson,"Charleston-North Charleston, SC",Charleston County
70492,29456,SC,202008,1151.39,-0.0069,0.0097,Ladson,"Charleston-North Charleston, SC",Charleston County
70492,29456,SC,202009,1159.46,0.007,0.0113,Ladson,"Charleston-North Charleston, SC",Charleston County
70492,29456,SC,202010,1171.09,0.01,0.0265,Ladson,"Charleston-North Charleston, SC",Charleston County
70492,29456,SC,202011,1176.62,0.0047,0.0162,Ladson,"Charleston-North Charleston, SC",Charleston County
70492,29456,SC,202012,1184.36,0.0066,0.0257,Ladson,"Charleston-North Charleston, SC",Charleston County
70492,29456,SC,202101,1179.37,-0.0042,-0.0041,Ladson,"Charleston-North Charleston, SC",Charleston County
70492,29456,SC,202102,1181.65,0.0019,-0.0059,Ladson,"Charleston-North Charleston, SC",Charleston County
70492,29456,SC,202103,1180.45,-0.001,-0.0104,Ladson,"Charleston-North Charleston, SC",Charleston County
70492,29456,SC,202104,1205.4,0.0211,0.0334,Ladson,"Charleston-North Charleston, SC",Charleston County
70492,29456,SC,202105,1242.5,0.0308,0.0741,Ladson,"Charleston-North Charleston, SC",Charleston County
70492,29456,SC,202106,1272.26,0.0239,0.0995,Ladson,"Charleston-North Charleston, SC",Charleston County
70492,29456,SC,202107,1294.42,0.0174,0.1165,Ladson,"Charleston-North Charleston, SC",Charleston County
70492,29456,SC,202108,1321.26,0.0207,0.1475,Ladson,"Charleston-North Charleston, SC",Charleston County
70492,29456,SC,202109,1342.34,0.016,0.1577,Ladson,"Charleston-North Charleston, SC",Charleston County
70492,29456,SC,202110,1362.83,0.0153,0.1637,Ladson,"Charleston-North Charleston, SC",Charleston County
70492,29456,SC,202111,1379.84,0.0125,0.1727,Ladson,"Charleston-North Charleston, SC",Charleston County
70492,29456,SC,202112,1379.67,-0.0001,0.1649,Ladson,"Charleston-North Charleston, SC",Charleston County
70492,29456,SC,202201,1392.32,0.0092,0.1806,Ladson,"Charleston-North Charleston, SC",Charleston County
70492,29456,SC,202202,1394.2,0.0014,0.1799,Ladson,"Charleston-North Charleston, SC",Charleston County
70492,29456,SC,202203,1420.26,0.0187,0.2031,Ladson,"Charleston-North Charleston, SC",Charleston County
70492,29456,SC,202204,1432.89,0.0089,0.1887,Ladson,"Charleston-North Charleston, SC",Charleston County
70492,29456,SC,202205,1446.7,0.0096,0.1643,Ladson,"Charleston-North Charleston, SC",Charleston County
70492,29456,SC,202206,1466.79,0.0139,0.1529,Ladson,"Charleston-North Charleston, SC",Charleston County
70492,29456,SC,202207,1492.28,0.0174,0.1529,Ladson,"Charleston-North Charleston, SC",Charleston County
70492,29456,SC,202208,1508.55,0.0109,0.1418,Ladson,"Charleston-North Charleston, SC",Charleston County
70492,29456,SC,202209,1526.32,0.0118,0.1371,Ladson,"Charleston-North Charleston, SC",Charleston County
70492,29456,SC,202210,1526.38,0.0,0.12,Ladson,"Charleston-North Charleston, SC",Charleston County
70492,29456,SC,202211,1532.68,0.0041,0.1108,Ladson,"Charleston-North Charleston, SC",Charleston County
70492,29456,SC,202212,1521.67,-0.0072,0.1029,Ladson,"Charleston-North Charleston, SC",Charleston County
70492,29456,SC,202301,1528.78,0.0047,0.098,Ladson,"Charleston-North Charleston, SC",Charleston County
70492,29456,SC,202302,1538.75,0.0065,0.1037,Ladson,"Charleston-North Charleston, SC",Charleston County
70492,29456,SC,202303,1548.06,0.006,0.09,Ladson,"Charleston-North Charleston, SC",Charleston County
70492,29456,SC,202304,1550.42,0.0015,0.082,Ladson,"Charleston-North Charleston, SC",Charleston County
70492,29456,SC,202305,1556.86,0.0042,0.0761,Ladson,"Charleston-North Charleston, SC",Charleston County
70492,29456,SC,202306,1562.1,0.0034,0.065,Ladson,"Charleston-North Charleston, SC",Charleston County
70492,29456,SC,202307,1573.94,0.0076,0.0547,Ladson,"Charleston-North Charleston, SC",Charleston County
70492,29456,SC,202308,1578.71,0.003,0.0465,Ladson,"Charleston-North Charleston, SC",Charleston County
70492,29456,SC,202309,1586.2,0.0047,0.0392,Ladson,"Charleston-North Charleston, SC",Charleston County
70492,29456,SC,202310,1563.02,-0.0146,0.024,Ladson,"Charleston-North Charleston, SC",Charleston County
70492,29456,SC,202311,1544.23,-0.012,0.0075,Ladson,"Charleston-North Charleston, SC",Charleston County
70492,29456,SC,202312,1531.95,-0.008,0.0068,Ladson,"Charleston-North Charleston, SC",Charleston County
70492,29456,SC,202401,1545.71,0.009,0.0111,Ladson,"Charleston-North Charleston, SC",Charleston County
70492,29456,SC,202402,1553.34,0.0049,0.0095,Ladson,"Charleston-North Charleston, SC",Charleston County
70492,29456,SC,202403,1566.02,0.0082,0.0116,Ladson,"Charleston-North Charleston, SC",Charleston County
70492,29456,SC,202404,1576.09,0.0064,0.0166,Ladson,"Charleston-North Charleston, SC",Charleston County
70492,29456,SC,202405,1607.42,0.0199,0.0325,Ladson,"Charleston-North Charleston, SC",Charleston County
70492,29456,SC,202406,1619.47,0.0075,0.0367,Ladson,"Charleston-North Charleston, SC",Charleston County
70492,29456,SC,202407,1625.33,0.0036,0.0326,Ladson,"Charleston-North Charleston, SC",Charleston County
70492,29456,SC,202408,1626.86,0.0009,0.0305,Ladson,"Charleston-North Charleston, SC",Charleston County
70492,29456,SC,202409,1624.61,-0.0014,0.0242,Ladson,"Charleston-North Charleston, SC",Charleston County
70492,29456,SC,202410,1618.61,-0.0037,0.0356,Ladson,"Charleston-North Charleston, SC",Charleston County
70492,29456,SC,202411,1614.11,-0.0028,0.0453,Ladson,"Charleston-North Charleston, SC",Charleston County
70492,29456,SC,202412,1611.63,-0.0015,0.052,Ladson,"Charleston-North Charleston, SC",Charleston County
70492,29456,SC,202501,1598.96,-0.0079,0.0345,Ladson,"Charleston-North Charleston, SC",Charleston County
70492,29456,SC,202502,1576.95,-0.0138,0.0152,Ladson,"Charleston-North Charleston, SC",Charleston County
70492,29456,SC,202503,1568.33,-0.0055,0.0015,Ladson,"Charleston-North Charleston, SC",Charleston County
70492,29456,SC,202504,1579.65,0.0072,0.0023,Ladson,"Charleston-North Charleston, SC",Charleston County
70492,29456,SC,202505,1599.78,0.0127,-0.0048,Ladson,"Charleston-North Charleston, SC",Charleston County
70492,29456,SC,202506,1624.69,0.0156,0.0032,Ladson,"Charleston-North Charleston, SC",Charleston County
70492,29456,SC,202507,1636.69,0.0074,0.007,Ladson,"Charleston-North Charleston, SC",Charleston County
70492,29456,SC,202508,1640.51,0.0023,0.0084,Ladson,"Charleston-North Charleston, SC",Charleston County
70492,29456,SC,202509,1630.16,-0.0063,0.0034,Ladson,"Charleston-North Charleston, SC",Charleston County
70492,29456,SC,202510,1617.22,-0.0079,-0.0009,Ladson,"Charleston-North Charleston, SC",Charleston County
70492,29456,SC,202511,1598.04,-0.0119,-0.01,Ladson,"Charleston-North Charleston, SC",Charleston County
70492,29456,SC,202512,1593.56,-0.0028,-0.0112,Ladson,"Charleston-North Charleston, SC",Charleston County
70492,29456,SC,202601,1610.57,0.0107,0.0073,Ladson,"Charleston-North Charleston, SC",Charleston County
70492,29456,SC,202602,1624.29,0.0085,0.03,Ladson,"Charleston-North Charleston, SC",Charleston County
70492,29456,SC,202603,1623.87,-0.0003,0.0354,Ladson,"Charleston-North Charleston, SC",Charleston County
70492,29456,SC,202604,1624.77,0.0006,0.0286,Ladson,"Charleston-North Charleston, SC",Charleston County
70492,29456,SC,202605,1630.8,0.0037,0.0194,Ladson,"Charleston-North Charleston, SC",Charleston County
70492,29456,SC,202606,1647.71,0.0104,0.0142,Ladson,"Charleston-North Charleston, SC",Charleston County
70492,29456,SC,202607,1650.93,0.002,0.0087,Ladson,"Charleston-North Charleston, SC",Charleston County
70492,29456,SC,202608,1668.66,0.0107,0.0172,Ladson,"Charleston-North Charleston, SC",Charleston County
70495,29461,SC,202212,1831.17,,,Moncks Corner,"Charleston-North Charleston, SC",Berkeley County
70495,29461,SC,202301,1847.85,0.0091,,Moncks Corner,"Charleston-North Charleston, SC",Berkeley County
70495,29461,SC,202302,1904.64,0.0307,,Moncks Corner,"Charleston-North Charleston, SC",Berkeley County
70495,29461,SC,202303,1946.13,0.0218,,Moncks Corner,"Charleston-North Charleston, SC",Berkeley County
70495,29461,SC,202304,1991.77,0.0235,,Moncks Corner,"Charleston-North Charleston, SC",Berkeley County
70495,29461,SC,202305,2007.05,0.0077,,Moncks Corner,"Charleston-North Charleston, SC",Berkeley County
70495,29461,SC,202306,1991.76,-0.0076,,Moncks Corner,"Charleston-North Charleston, SC",Berkeley County
70495,29461,SC,202307,1990.16,-0.0008,,Moncks Corner,"Charleston-North Charleston, SC",Berkeley County
70495,29461,SC,202308,1994.35,0.0021,,Moncks Corner,"Charleston-North Charleston, SC",Berkeley County
70495,29461,SC,202309,2011.02,0.0084,,Moncks Corner,"Charleston-North Charleston, SC",Berkeley County
70495,29461,SC,202310,2010.05,-0.0005,,Moncks Corner,"Charleston-North Charleston, SC",Berkeley County
70495,29461,SC,202311,2033.63,0.0117,,Moncks Corner,"Charleston-North Charleston, SC",Berkeley County
70495,29461,SC,202312,2044.1,0.0051,0.1163,Moncks Corner,"Charleston-North Charleston, SC",Berkeley County
70495,29461,SC,202401,2048.04,0.0019,0.1083,Moncks Corner,"Charleston-North Charleston, SC",Berkeley County
70495,29461,SC,202402,2036.8,-0.0055,0.0694,Moncks Corner,"Charleston-North Charleston, SC",Berkeley County
70495,29461,SC,202403,2035.13,-0.0008,0.0457,Moncks Corner,"Charleston-North Charleston, SC",Berkeley County
70495,29461,SC,202404,2043.86,0.0043,0.0261,Moncks Corner,"Charleston-North Charleston, SC",Berkeley County
70495,29461,SC,202405,2053.66,0.0048,0.0232,Moncks Corner,"Charleston-North Charleston, SC",Berkeley County
70495,29461,SC,202406,2066.48,0.0062,0.0375,Moncks Corner,"Charleston-North Charleston, SC",Berkeley County
70495,29461,SC,202407,2070.82,0.0021,0.0405,Moncks Corner,"Charleston-North Charleston, SC",Berkeley County
70495,29461,SC,202408,2090.58,0.0095,0.0483,Moncks Corner,"Charleston-North Charleston, SC",Berkeley County
70495,29461,SC,202409,2100.13,0.0046,0.0443,Moncks Corner,"Charleston-North Charleston, SC",Berkeley County
70495,29461,SC,202410,2115.65,0.0074,0.0525,Moncks Corner,"Charleston-North Charleston, SC",Berkeley County
70495,29461,SC,202411,2110.29,-0.0025,0.0377,Moncks Corner,"Charleston-North Charleston, SC",Berkeley County
70495,29461,SC,202412,2126.97,0.0079,0.0405,Moncks Corner,"Charleston-North Charleston, SC",Berkeley County
70495,29461,SC,202501,2127.55,0.0003,0.0388,Moncks Corner,"Charleston-North Charleston, SC",Berkeley County
70495,29461,SC,202502,2140.6,0.0061,0.051,Moncks Corner,"Charleston-North Charleston, SC",Berkeley County
70495,29461,SC,202503,2138.55,-0.001,0.0508,Moncks Corner,"Charleston-North Charleston, SC",Berkeley County
70495,29461,SC,202504,2143.92,0.0025,0.049,Moncks Corner,"Charleston-North Charleston, SC",Berkeley County
70495,29461,SC,202505,2130.96,-0.006,0.0376,Moncks Corner,"Charleston-North Charleston, SC",Berkeley County
70495,29461,SC,202506,2136.62,0.0027,0.0339,Moncks Corner,"Charleston-North Charleston, SC",Berkeley County
70495,29461,SC,202507,2131.02,-0.0026,0.0291,Moncks Corner,"Charleston-North Charleston, SC",Berkeley County
70495,29461,SC,202508,2145.22,0.0067,0.0261,Moncks Corner,"Charleston-North Charleston, SC",Berkeley County
70495,29461,SC,202509,2138.81,-0.003,0.0184,Moncks Corner,"Charleston-North Charleston, SC",Berkeley County
70495,29461,SC,202510,2155.01,0.0076,0.0186,Moncks Corner,"Charleston-North Charleston, SC",Berkeley County
70495,29461,SC,202511,2133.21,-0.0101,0.0109,Moncks Corner,"Charleston-North Charleston, SC",Berkeley County
70495,29461,SC,202512,2134.52,0.0006,0.0036,Moncks Corner,"Charleston-North Charleston, SC",Berkeley County
70495,29461,SC,202601,2147.72,0.0062,0.0095,Moncks Corner,"Charleston-North Charleston, SC",Berkeley County
70495,29461,SC,202602,2166.5,0.0087,0.0121,Moncks Corner,"Charleston-North Charleston, SC",Berkeley County
70495,29461,SC,202603,2193.5,0.0125,0.0257,Moncks Corner,"Charleston-North Charleston, SC",Berkeley County
70495,29461,SC,202604,2188.73,-0.0022,0.0209,Moncks Corner,"Charleston-North Charleston, SC",Berkeley County
70495,29461,SC,202605,2210.44,0.0099,0.0373,Moncks Corner,"Charleston-North Charleston, SC",Berkeley County
70495,29461,SC,202606,2220.14,0.0044,0.0391,Moncks Corner,"Charleston-North Charleston, SC",Berkeley County
70495,29461,SC,202607,2218.24,-0.0009,0.0409,Moncks Corner,"Charleston-North Charleston, SC",Berkeley County
70495,29461,SC,202608,2234.05,0.0071,0.0414,Moncks Corner,"Charleston-North Charleston, SC",Berkeley County
70496,29464,SC,201605,1275.88,,,Mount Pleasant,"Charleston-North Charleston, SC",Charleston County
70496,29464,SC,201606,1298.28,0.0176,,Mount Pleasant,"Charleston-North Charleston, SC",Charleston County
70496,29464,SC,201607,1273.22,-0.0193,,Mount Pleasant,"Charleston-North Charleston, SC",Charleston County
70496,29464,SC,201608,1281.71,0.0067,,Mount Pleasant,"Charleston-North Charleston, SC",Charleston County
70496,29464,SC,201609,1264.52,-0.0134,,Mount Pleasant,"Charleston-North Charleston, SC",Charleston County
70496,29464,SC,201610,1293.4,0.0228,,Mount Pleasant,"Charleston-North Charleston, SC",Charleston County
70496,29464,SC,201611,1274.55,-0.0146,,Mount Pleasant,"Charleston-North Charleston, SC",Charleston County
70496,29464,SC,201612,1303.23,0.0225,,Mount Pleasant,"Charleston-North Charleston, SC",Charleston County
70496,29464,SC,201701,1307.38,0.0032,,Mount Pleasant,"Charleston-North Charleston, SC",Charleston County
70496,29464,SC,201702,1326.17,0.0144,,Mount Pleasant,"Charleston-North Charleston, SC",Charleston County
70496,29464,SC,201703,1323.68,-0.0019,,Mount Pleasant,"Charleston-North Charleston, SC",Charleston County
70496,29464,SC,201704,1331.62,0.006,,Mount Pleasant,"Charleston-North Charleston, SC",Charleston County
70496,29464,SC,201705,1344.55,0.0097,0.0538,Mount Pleasant,"Charleston-North Charleston, SC",Charleston County
70496,29464,SC,201706,1344.85,0.0002,0.0359,Mount Pleasant,"Charleston-North Charleston, SC",Charleston County
70496,29464,SC,201707,1338.56,-0.0047,0.0513,Mount Pleasant,"Charleston-North Charleston, SC",Charleston County
70496,29464,SC,201708,1330.65,-0.0059,0.0382,Mount Pleasant,"Charleston-North Charleston, SC",Charleston County
70496,29464,SC,201709,1337.82,0.0054,0.058,Mount Pleasant,"Charleston-North Charleston, SC",Charleston County
70496,29464,SC,201710,1327.72,-0.0076,0.0265,Mount Pleasant,"Charleston-North Charleston, SC",Charleston County
70496,29464,SC,201711,1341.2,0.0102,0.0523,Mount Pleasant,"Charleston-North Charleston, SC",Charleston County
70496,29464,SC,201712,1334.34,-0.0051,0.0239,Mount Pleasant,"Charleston-North Charleston, SC",Charleston County
70496,29464,SC,201801,1318.13,-0.0121,0.0082,Mount Pleasant,"Charleston-North Charleston, SC",Charleston County
70496,29464,SC,201802,1306.5,-0.0088,-0.0148,Mount Pleasant,"Charleston-North Charleston, SC",Charleston County
70496,29464,SC,201803,1320.44,0.0107,-0.0025,Mount Pleasant,"Charleston-North Charleston, SC",Charleston County
70496,29464,SC,201804,1349.23,0.0218,0.0132,Mount Pleasant,"Charleston-North Charleston, SC",Charleston County
70496,29464,SC,201805,1375.88,0.0198,0.0233,Mount Pleasant,"Charleston-North Charleston, SC",Charleston County
70496,29464,SC,201806,1384.02,0.0059,0.0291,Mount Pleasant,"Charleston-North Charleston, SC",Charleston County
70496,29464,SC,201807,1398.16,0.0102,0.0445,Mount Pleasant,"Charleston-North Charleston, SC",Charleston County
70496,29464,SC,201808,1383.02,-0.0108,0.0394,Mount Pleasant,"Charleston-North Charleston, SC",Charleston County
70496,29464,SC,201809,1373.85,-0.0066,0.0269,Mount Pleasant,"Charleston-North Charleston, SC",Charleston County
70496,29464,SC,201810,1376.63,0.002,0.0368,Mount Pleasant,"Charleston-North Charleston, SC",Charleston County
70496,29464,SC,201811,1378.89,0.0016,0.0281,Mount Pleasant,"Charleston-North Charleston, SC",Charleston County
70496,29464,SC,201812,1390.76,0.0086,0.0423,Mount Pleasant,"Charleston-North Charleston, SC",Charleston County
70496,29464,SC,201901,1380.1,-0.0077,0.047,Mount Pleasant,"Charleston-North Charleston, SC",Charleston County
70496,29464,SC,201902,1408.96,0.0209,0.0784,Mount Pleasant,"Charleston-North Charleston, SC",Charleston County
70496,29464,SC,201903,1390.76,-0.0129,0.0533,Mount Pleasant,"Charleston-North Charleston, SC",Charleston County
70496,29464,SC,201904,1406.14,0.0111,0.0422,Mount Pleasant,"Charleston-North Charleston, SC",Charleston County
70496,29464,SC,201905,1406.53,0.0003,0.0223,Mount Pleasant,"Charleston-North Charleston, SC",Charleston County
70496,29464,SC,201906,1431.04,0.0174,0.034,Mount Pleasant,"Charleston-North Charleston, SC",Charleston County
70496,29464,SC,201907,1440.36,0.0065,0.0302,Mount Pleasant,"Charleston-North Charleston, SC",Charleston County
70496,29464,SC,201908,1430.6,-0.0068,0.0344,Mount Pleasant,"Charleston-North Charleston, SC",Charleston County
70496,29464,SC,201909,1451.04,0.0143,0.0562,Mount Pleasant,"Charleston-North Charleston, SC",Charleston County
70496,29464,SC,201910,1448.71,-0.0016,0.0524,Mount Pleasant,"Charleston-North Charleston, SC",Charleston County
70496,29464,SC,201911,1455.78,0.0049,0.0558,Mount Pleasant,"Charleston-North Charleston, SC",Charleston County
70496,29464,SC,201912,1441.93,-0.0095,0.0368,Mount Pleasant,"Charleston-North Charleston, SC",Charleston County
70496,29464,SC,202001,1418.51,-0.0162,0.0278,Mount Pleasant,"Charleston-North Charleston, SC",Charleston County
70496,29464,SC,202002,1442.14,0.0167,0.0235,Mount Pleasant,"Charleston-North Charleston, SC",Charleston County
70496,29464,SC,202003,1440.51,-0.0011,0.0358,Mount Pleasant,"Charleston-North Charleston, SC",Charleston County
70496,29464,SC,202004,1459.12,0.0129,0.0377,Mount Pleasant,"Charleston-North Charleston, SC",Charleston County
70496,29464,SC,202005,1437.15,-0.0151,0.0218,Mount Pleasant,"Charleston-North Charleston, SC",Charleston County
70496,29464,SC,202006,1447.87,0.0075,0.0118,Mount Pleasant,"Charleston-North Charleston, SC",Charleston County
70496,29464,SC,202007,1458.41,0.0073,0.0125,Mount Pleasant,"Charleston-North Charleston, SC",Charleston County
70496,29464,SC,202008,1463.66,0.0036,0.0231,Mount Pleasant,"Charleston-North Charleston, SC",Charleston County
70496,29464,SC,202009,1474.92,0.0077,0.0165,Mount Pleasant,"Charleston-North Charleston, SC",Charleston County
70496,29464,SC,202010,1483.4,0.0058,0.0239,Mount Pleasant,"Charleston-North Charleston, SC",Charleston County
70496,29464,SC,202011,1472.77,-0.0072,0.0117,Mount Pleasant,"Charleston-North Charleston, SC",Charleston County
70496,29464,SC,202012,1482.73,0.0068,0.0283,Mount Pleasant,"Charleston-North Charleston, SC",Charleston County
70496,29464,SC,202101,1486.33,0.0024,0.0478,Mount Pleasant,"Charleston-North Charleston, SC",Charleston County
70496,29464,SC,202102,1542.04,0.0375,0.0693,Mount Pleasant,"Charleston-North Charleston, SC",Charleston County
70496,29464,SC,202103,1548.25,0.004,0.0748,Mount Pleasant,"Charleston-North Charleston, SC",Charleston County
70496,29464,SC,202104,1592.53,0.0286,0.0914,Mount Pleasant,"Charleston-North Charleston, SC",Charleston County
70496,29464,SC,202105,1628.55,0.0226,0.1332,Mount Pleasant,"Charleston-North Charleston, SC",Charleston County
70496,29464,SC,202106,1696.52,0.0417,0.1717,Mount Pleasant,"Charleston-North Charleston, SC",Charleston County
70496,29464,SC,202107,1766.72,0.0414,0.2114,Mount Pleasant,"Charleston-North Charleston, SC",Charleston County
70496,29464,SC,202108,1828.97,0.0352,0.2496,Mount Pleasant,"Charleston-North Charleston, SC",Charleston County
70496,29464,SC,202109,1855.61,0.0146,0.2581,Mount Pleasant,"Charleston-North Charleston, SC",Charleston County
70496,29464,SC,202110,1849.19,-0.0035,0.2466,Mount Pleasant,"Charleston-North Charleston, SC",Charleston County
70496,29464,SC,202111,1836.86,-0.0067,0.2472,Mount Pleasant,"Charleston-North Charleston, SC",Charleston County
70496,29464,SC,202112,1824.56,-0.0067,0.2305,Mount Pleasant,"Charleston-North Charleston, SC",Charleston County
70496,29464,SC,202201,1827.36,0.0015,0.2294,Mount Pleasant,"Charleston-North Charleston, SC",Charleston County
70496,29464,SC,202202,1847.41,0.011,0.198,Mount Pleasant,"Charleston-North Charleston, SC",Charleston County
70496,29464,SC,202203,1891.91,0.0241,0.222,Mount Pleasant,"Charleston-North Charleston, SC",Charleston County
70496,29464,SC,202204,1956.51,0.0341,0.2286,Mount Pleasant,"Charleston-North Charleston, SC",Charleston County
70496,29464,SC,202205,1996.95,0.0207,0.2262,Mount Pleasant,"Charleston-North Charleston, SC",Charleston County
70496,29464,SC,202206,2050.84,0.027,0.2089,Mount Pleasant,"Charleston-North Charleston, SC",Charleston County
70496,29464,SC,202207,2089.43,0.0188,0.1827,Mount Pleasant,"Charleston-North Charleston, SC",Charleston County
70496,29464,SC,202208,2111.08,0.0104,0.1542,Mount Pleasant,"Charleston-North Charleston, SC",Charleston County
70496,29464,SC,202209,2110.82,-0.0001,0.1375,Mount Pleasant,"Charleston-North Charleston, SC",Charleston County
70496,29464,SC,202210,2088.25,-0.0107,0.1293,Mount Pleasant,"Charleston-North Charleston, SC",Charleston County
70496,29464,SC,202211,2067.37,-0.01,0.1255,Mount Pleasant,"Charleston-North Charleston, SC",Charleston County
70496,29464,SC,202212,2049.53,-0.0086,0.1233,Mount Pleasant,"Charleston-North Charleston, SC",Charleston County
70496,29464,SC,202301,2059.98,0.0051,0.1273,Mount Pleasant,"Charleston-North Charleston, SC",Charleston County
70496,29464,SC,202302,2075.24,0.0074,0.1233,Mount Pleasant,"Charleston-North Charleston, SC",Charleston County
70496,29464,SC,202303,2111.4,0.0174,0.116,Mount Pleasant,"Charleston-North Charleston, SC",Charleston County
70496,29464,SC,202304,2125.68,0.0068,0.0865,Mount Pleasant,"Charleston-North Charleston, SC",Charleston County
70496,29464,SC,202305,2174.28,0.0229,0.0888,Mount Pleasant,"Charleston-North Charleston, SC",Charleston County
70496,29464,SC,202306,2199.63,0.0117,0.0726,Mount Pleasant,"Charleston-North Charleston, SC",Charleston County
70496,29464,SC,202307,2231.1,0.0143,0.0678,Mount Pleasant,"Charleston-North Charleston, SC",Charleston County
70496,29464,SC,202308,2232.42,0.0006,0.0575,Mount Pleasant,"Charleston-North Charleston, SC",Charleston County
70496,29464,SC,202309,2215.75,-0.0075,0.0497,Mount Pleasant,"Charleston-North Charleston, SC",Charleston County
70496,29464,SC,202310,2206.6,-0.0041,0.0567,Mount Pleasant,"Charleston-North Charleston, SC",Charleston County
70496,29464,SC,202311,2182.71,-0.0108,0.0558,Mount Pleasant,"Charleston-North Charleston, SC",Charleston County
70496,29464,SC,202312,2172.02,-0.0049,0.0598,Mount Pleasant,"Charleston-North Charleston, SC",Charleston County
70496,29464,SC,202401,2153.08,-0.0087,0.0452,Mount Pleasant,"Charleston-North Charleston, SC",Charleston County
70496,29464,SC,202402,2156.66,0.0017,0.0392,Mount Pleasant,"Charleston-North Charleston, SC",Charleston County
70496,29464,SC,202403,2173.92,0.008,0.0296,Mount Pleasant,"Charleston-North Charleston, SC",Charleston County
70496,29464,SC,202404,2193.93,0.0092,0.0321,Mount Pleasant,"Charleston-North Charleston, SC",Charleston County
70496,29464,SC,202405,2215.87,0.01,0.0191,Mount Pleasant,"Charleston-North Charleston, SC",Charleston County
70496,29464,SC,202406,2255.26,0.0178,0.0253,Mount Pleasant,"Charleston-North Charleston, SC",Charleston County
70496,29464,SC,202407,2274.8,0.0087,0.0196,Mount Pleasant,"Charleston-North Charleston, SC",Charleston County
70496,29464,SC,202408,2286.62,0.0052,0.0243,Mount Pleasant,"Charleston-North Charleston, SC",Charleston County
70496,29464,SC,202409,2270.73,-0.007,0.0248,Mount Pleasant,"Charleston-North Charleston, SC",Charleston County
70496,29464,SC,202410,2260.82,-0.0044,0.0246,Mount Pleasant,"Charleston-North Charleston, SC",Charleston County
70496,29464,SC,202411,2239.06,-0.0096,0.0258,Mount Pleasant,"Charleston-North Charleston, SC",Charleston County
70496,29464,SC,202412,2221.24,-0.008,0.0227,Mount Pleasant,"Charleston-North Charleston, SC",Charleston County
70496,29464,SC,202501,2233.9,0.0057,0.0375,Mount Pleasant,"Charleston-North Charleston, SC",Charleston County
70496,29464,SC,202502,2237.43,0.0016,0.0375,Mount Pleasant,"Charleston-North Charleston, SC",Charleston County
70496,29464,SC,202503,2255.91,0.0083,0.0377,Mount Pleasant,"Charleston-North Charleston, SC",Charleston County
70496,29464,SC,202504,2270.67,0.0065,0.035,Mount Pleasant,"Charleston-North Charleston, SC",Charleston County
70496,29464,SC,202505,2311.92,0.0182,0.0433,Mount Pleasant,"Charleston-North Charleston, SC",Charleston County
70496,29464,SC,202506,2339.94,0.0121,0.0375,Mount Pleasant,"Charleston-North Charleston, SC",Charleston County
70496,29464,SC,202507,2336.33,-0.0015,0.027,Mount Pleasant,"Charleston-North Charleston, SC",Charleston County
70496,29464,SC,202508,2328.94,-0.0032,0.0185,Mount Pleasant,"Charleston-North Charleston, SC",Charleston County
70496,29464,SC,202509,2297.78,-0.0134,0.0119,Mount Pleasant,"Charleston-North Charleston, SC",Charleston County
70496,29464,SC,202510,2293.67,-0.0018,0.0145,Mount Pleasant,"Charleston-North Charleston, SC",Charleston County
70496,29464,SC,202511,2263.93,-0.013,0.0111,Mount Pleasant,"Charleston-North Charleston, SC",Charleston County
70496,29464,SC,202512,2270.12,0.0027,0.022,Mount Pleasant,"Charleston-North Charleston, SC",Charleston County
70496,29464,SC,202601,2268.56,-0.0007,0.0155,Mount Pleasant,"Charleston-North Charleston, SC",Charleston County
70496,29464,SC,202602,2293.02,0.0108,0.0248,Mount Pleasant,"Charleston-North Charleston, SC",Charleston County
70496,29464,SC,202603,2303.61,0.0046,0.0211,Mount Pleasant,"Charleston-North Charleston, SC",Charleston County
70496,29464,SC,202604,2307.67,0.0018,0.0163,Mount Pleasant,"Charleston-North Charleston, SC",Charleston County
70496,29464,SC,202605,2342.28,0.015,0.0131,Mount Pleasant,"Charleston-North Charleston, SC",Charleston County
70496,29464,SC,202606,2378.48,0.0155,0.0165,Mount Pleasant,"Charleston-North Charleston, SC",Charleston County
70496,29464,SC,202607,2425.0,0.0196,0.038,Mount Pleasant,"Charleston-North Charleston, SC",Charleston County
70496,29464,SC,202608,2413.86,-0.0046,0.0365,Mount Pleasant,"Charleston-North Charleston, SC",Charleston County
70498,29466,SC,201505,1385.19,,,Mount Pleasant,"Charleston-North Charleston, SC",Charleston County
70498,29466,SC,201506,1403.23,0.013,,Mount Pleasant,"Charleston-North Charleston, SC",Charleston County
70498,29466,SC,201507,1426.56,0.0166,,Mount Pleasant,"Charleston-North Charleston, SC",Charleston County
70498,29466,SC,201508,1417.34,-0.0065,,Mount Pleasant,"Charleston-North Charleston, SC",Charleston County
70498,29466,SC,201509,1393.07,-0.0171,,Mount Pleasant,"Charleston-North Charleston, SC",Charleston County
70498,29466,SC,201510,1361.34,-0.0228,,Mount Pleasant,"Charleston-North Charleston, SC",Charleston County
70498,29466,SC,201511,1359.82,-0.0011,,Mount Pleasant,"Charleston-North Charleston, SC",Charleston County
70498,29466,SC,201512,1370.49,0.0078,,Mount Pleasant,"Charleston-North Charleston, SC",Charleston County
70498,29466,SC,201601,1373.13,0.0019,,Mount Pleasant,"Charleston-North Charleston, SC",Charleston County
70498,29466,SC,201602,1371.58,-0.0011,,Mount Pleasant,"Charleston-North Charleston, SC",Charleston County
70498,29466,SC,201603,1384.63,0.0095,,Mount Pleasant,"Charleston-North Charleston, SC",Charleston County
70498,29466,SC,201604,1408.82,0.0175,,Mount Pleasant,"Charleston-North Charleston, SC",Charleston County
70498,29466,SC,201605,1410.21,0.001,0.0181,Mount Pleasant,"Charleston-North Charleston, SC",Charleston County
70498,29466,SC,201606,1422.8,0.0089,0.0139,Mount Pleasant,"Charleston-North Charleston, SC",Charleston County
70498,29466,SC,201607,1430.52,0.0054,0.0028,Mount Pleasant,"Charleston-North Charleston, SC",Charleston County
70498,29466,SC,201608,1442.41,0.0083,0.0177,Mount Pleasant,"Charleston-North Charleston, SC",Charleston County
70498,29466,SC,201609,1432.88,-0.0066,0.0286,Mount Pleasant,"Charleston-North Charleston, SC",Charleston County
70498,29466,SC,201610,1412.76,-0.014,0.0378,Mount Pleasant,"Charleston-North Charleston, SC",Charleston County
70498,29466,SC,201611,1412.68,-0.0001,0.0389,Mount Pleasant,"Charleston-North Charleston, SC",Charleston County
70498,29466,SC,201612,1404.01,-0.0061,0.0245,Mount Pleasant,"Charleston-North Charleston, SC",Charleston County
70498,29466,SC,201701,1415.55,0.0082,0.0309,Mount Pleasant,"Charleston-North Charleston, SC",Charleston County
70498,29466,SC,201702,1417.44,0.0013,0.0334,Mount Pleasant,"Charleston-North Charleston, SC",Charleston County
70498,29466,SC,201703,1435.5,0.0127,0.0367,Mount Pleasant,"Charleston-North Charleston, SC",Charleston County
70498,29466,SC,201704,1447.26,0.0082,0.0273,Mount Pleasant,"Charleston-North Charleston, SC",Charleston County
70498,29466,SC,201705,1460.66,0.0093,0.0358,Mount Pleasant,"Charleston-North Charleston, SC",Charleston County
70498,29466,SC,201706,1460.86,0.0001,0.0267,Mount Pleasant,"Charleston-North Charleston, SC",Charleston County
70498,29466,SC,201707,1460.72,-0.0001,0.0211,Mount Pleasant,"Charleston-North Charleston, SC",Charleston County
70498,29466,SC,201708,1455.08,-0.0039,0.0088,Mount Pleasant,"Charleston-North Charleston, SC",Charleston County
70498,29466,SC,201709,1481.89,0.0184,0.0342,Mount Pleasant,"Charleston-North Charleston, SC",Charleston County
70498,29466,SC,201710,1489.59,0.0052,0.0544,Mount Pleasant,"Charleston-North Charleston, SC",Charleston County
70498,29466,SC,201711,1509.97,0.0137,0.0689,Mount Pleasant,"Charleston-North Charleston, SC",Charleston County
70498,29466,SC,201712,1493.27,-0.0111,0.0636,Mount Pleasant,"Charleston-North Charleston, SC",Charleston County
70498,29466,SC,201801,1492.43,-0.0006,0.0543,Mount Pleasant,"Charleston-North Charleston, SC",Charleston County
70498,29466,SC,201802,1485.28,-0.0048,0.0479,Mount Pleasant,"Charleston-North Charleston, SC",Charleston County
70498,29466,SC,201803,1481.96,-0.0022,0.0324,Mount Pleasant,"Charleston-North Charleston, SC",Charleston County
70498,29466,SC,201804,1486.08,0.0028,0.0268,Mount Pleasant,"Charleston-North Charleston, SC",Charleston County
70498,29466,SC,201805,1485.37,-0.0005,0.0169,Mount Pleasant,"Charleston-North Charleston, SC",Charleston County
70498,29466,SC,201806,1495.42,0.0068,0.0237,Mount Pleasant,"Charleston-North Charleston, SC",Charleston County
70498,29466,SC,201807,1513.25,0.0119,0.036,Mount Pleasant,"Charleston-North Charleston, SC",Charleston County
70498,29466,SC,201808,1519.07,0.0038,0.044,Mount Pleasant,"Charleston-North Charleston, SC",Charleston County
70498,29466,SC,201809,1516.95,-0.0014,0.0237,Mount Pleasant,"Charleston-North Charleston, SC",Charleston County
70498,29466,SC,201810,1517.2,0.0002,0.0185,Mount Pleasant,"Charleston-North Charleston, SC",Charleston County
70498,29466,SC,201811,1515.5,-0.0011,0.0037,Mount Pleasant,"Charleston-North Charleston, SC",Charleston County
70498,29466,SC,201812,1517.74,0.0015,0.0164,Mount Pleasant,"Charleston-North Charleston, SC",Charleston County
70498,29466,SC,201901,1516.6,-0.0008,0.0162,Mount Pleasant,"Charleston-North Charleston, SC",Charleston County
70498,29466,SC,201902,1530.71,0.0093,0.0306,Mount Pleasant,"Charleston-North Charleston, SC",Charleston County
70498,29466,SC,201903,1536.58,0.0038,0.0369,Mount Pleasant,"Charleston-North Charleston, SC",Charleston County
70498,29466,SC,201904,1537.4,0.0005,0.0345,Mount Pleasant,"Charleston-North Charleston, SC",Charleston County
70498,29466,SC,201905,1526.01,-0.0074,0.0274,Mount Pleasant,"Charleston-North Charleston, SC",Charleston County
70498,29466,SC,201906,1536.96,0.0072,0.0278,Mount Pleasant,"Charleston-North Charleston, SC",Charleston County
70498,29466,SC,201907,1543.92,0.0045,0.0203,Mount Pleasant,"Charleston-North Charleston, SC",Charleston County
70498,29466,SC,201908,1528.94,-0.0097,0.0065,Mount Pleasant,"Charleston-North Charleston, SC",Charleston County
70498,29466,SC,201909,1516.87,-0.0079,-0.0,Mount Pleasant,"Charleston-North Charleston, SC",Charleston County
70498,29466,SC,201910,1518.07,0.0008,0.0006,Mount Pleasant,"Charleston-North Charleston, SC",Charleston County
70498,29466,SC,201911,1536.72,0.0123,0.014,Mount Pleasant,"Charleston-North Charleston, SC",Charleston County
70498,29466,SC,201912,1549.93,0.0086,0.0212,Mount Pleasant,"Charleston-North Charleston, SC",Charleston County
70498,29466,SC,202001,1536.98,-0.0084,0.0134,Mount Pleasant,"Charleston-North Charleston, SC",Charleston County
70498,29466,SC,202002,1560.4,0.0152,0.0194,Mount Pleasant,"Charleston-North Charleston, SC",Charleston County
70498,29466,SC,202003,1548.78,-0.0074,0.0079,Mount Pleasant,"Charleston-North Charleston, SC",Charleston County
70498,29466,SC,202004,1561.78,0.0084,0.0159,Mount Pleasant,"Charleston-North Charleston, SC",Charleston County
70498,29466,SC,202005,1548.77,-0.0083,0.0149,Mount Pleasant,"Charleston-North Charleston, SC",Charleston County
70498,29466,SC,202006,1563.73,0.0097,0.0174,Mount Pleasant,"Charleston-North Charleston, SC",Charleston County
70498,29466,SC,202007,1569.88,0.0039,0.0168,Mount Pleasant,"Charleston-North Charleston, SC",Charleston County
70498,29466,SC,202008,1585.02,0.0096,0.0367,Mount Pleasant,"Charleston-North Charleston, SC",Charleston County
70498,29466,SC,202009,1588.97,0.0025,0.0475,Mount Pleasant,"Charleston-North Charleston, SC",Charleston County
70498,29466,SC,202010,1581.15,-0.0049,0.0416,Mount Pleasant,"Charleston-North Charleston, SC",Charleston County
70498,29466,SC,202011,1578.7,-0.0016,0.0273,Mount Pleasant,"Charleston-North Charleston, SC",Charleston County
70498,29466,SC,202012,1577.08,-0.001,0.0175,Mount Pleasant,"Charleston-North Charleston, SC",Charleston County
70498,29466,SC,202101,1582.92,0.0037,0.0299,Mount Pleasant,"Charleston-North Charleston, SC",Charleston County
70498,29466,SC,202102,1614.06,0.0197,0.0344,Mount Pleasant,"Charleston-North Charleston, SC",Charleston County
70498,29466,SC,202103,1695.57,0.0505,0.0948,Mount Pleasant,"Charleston-North Charleston, SC",Charleston County
70498,29466,SC,202104,1766.22,0.0417,0.1309,Mount Pleasant,"Charleston-North Charleston, SC",Charleston County
70498,29466,SC,202105,1817.93,0.0293,0.1738,Mount Pleasant,"Charleston-North Charleston, SC",Charleston County
70498,29466,SC,202106,1818.08,0.0001,0.1627,Mount Pleasant,"Charleston-North Charleston, SC",Charleston County
70498,29466,SC,202107,1841.72,0.013,0.1732,Mount Pleasant,"Charleston-North Charleston, SC",Charleston County
70498,29466,SC,202108,1850.3,0.0047,0.1674,Mount Pleasant,"Charleston-North Charleston, SC",Charleston County
70498,29466,SC,202109,1877.13,0.0145,0.1814,Mount Pleasant,"Charleston-North Charleston, SC",Charleston County
70498,29466,SC,202110,1878.33,0.0006,0.188,Mount Pleasant,"Charleston-North Charleston, SC",Charleston County
70498,29466,SC,202111,1892.67,0.0076,0.1989,Mount Pleasant,"Charleston-North Charleston, SC",Charleston County
70498,29466,SC,202112,1900.28,0.004,0.2049,Mount Pleasant,"Charleston-North Charleston, SC",Charleston County
70498,29466,SC,202201,1951.86,0.0271,0.2331,Mount Pleasant,"Charleston-North Charleston, SC",Charleston County
70498,29466,SC,202202,1992.21,0.0207,0.2343,Mount Pleasant,"Charleston-North Charleston, SC",Charleston County
70498,29466,SC,202203,2003.39,0.0056,0.1815,Mount Pleasant,"Charleston-North Charleston, SC",Charleston County
70498,29466,SC,202204,2027.15,0.0119,0.1477,Mount Pleasant,"Charleston-North Charleston, SC",Charleston County
70498,29466,SC,202205,2077.59,0.0249,0.1428,Mount Pleasant,"Charleston-North Charleston, SC",Charleston County
70498,29466,SC,202206,2120.37,0.0206,0.1663,Mount Pleasant,"Charleston-North Charleston, SC",Charleston County
70498,29466,SC,202207,2164.53,0.0208,0.1753,Mount Pleasant,"Charleston-North Charleston, SC",Charleston County
70498,29466,SC,202208,2168.27,0.0017,0.1719,Mount Pleasant,"Charleston-North Charleston, SC",Charleston County
70498,29466,SC,202209,2175.88,0.0035,0.1592,Mount Pleasant,"Charleston-North Charleston, SC",Charleston County
70498,29466,SC,202210,2138.85,-0.017,0.1387,Mount Pleasant,"Charleston-North Charleston, SC",Charleston County
70498,29466,SC,202211,2098.89,-0.0187,0.109,Mount Pleasant,"Charleston-North Charleston, SC",Charleston County
70498,29466,SC,202212,2097.73,-0.0005,0.1039,Mount Pleasant,"Charleston-North Charleston, SC",Charleston County
70498,29466,SC,202301,2108.94,0.0053,0.0805,Mount Pleasant,"Charleston-North Charleston, SC",Charleston County
70498,29466,SC,202302,2136.46,0.013,0.0724,Mount Pleasant,"Charleston-North Charleston, SC",Charleston County
70498,29466,SC,202303,2156.05,0.0092,0.0762,Mount Pleasant,"Charleston-North Charleston, SC",Charleston County
70498,29466,SC,202304,2190.83,0.0161,0.0807,Mount Pleasant,"Charleston-North Charleston, SC",Charleston County
70498,29466,SC,202305,2226.99,0.0165,0.0719,Mount Pleasant,"Charleston-North Charleston, SC",Charleston County
70498,29466,SC,202306,2250.36,0.0105,0.0613,Mount Pleasant,"Charleston-North Charleston, SC",Charleston County
70498,29466,SC,202307,2262.67,0.0055,0.0453,Mount Pleasant,"Charleston-North Charleston, SC",Charleston County
70498,29466,SC,202308,2248.1,-0.0064,0.0368,Mount Pleasant,"Charleston-North Charleston, SC",Charleston County
70498,29466,SC,202309,2251.37,0.0015,0.0347,Mount Pleasant,"Charleston-North Charleston, SC",Charleston County
70498,29466,SC,202310,2241.2,-0.0045,0.0478,Mount Pleasant,"Charleston-North Charleston, SC",Charleston County
70498,29466,SC,202311,2270.08,0.0129,0.0816,Mount Pleasant,"Charleston-North Charleston, SC",Charleston County
70498,29466,SC,202312,2268.63,-0.0006,0.0815,Mount Pleasant,"Charleston-North Charleston, SC",Charleston County
70498,29466,SC,202401,2290.87,0.0098,0.0863,Mount Pleasant,"Charleston-North Charleston, SC",Charleston County
70498,29466,SC,202402,2289.4,-0.0006,0.0716,Mount Pleasant,"Charleston-North Charleston, SC",Charleston County
70498,29466,SC,202403,2312.44,0.0101,0.0725,Mount Pleasant,"Charleston-North Charleston, SC",Charleston County
70498,29466,SC,202404,2316.2,0.0016,0.0572,Mount Pleasant,"Charleston-North Charleston, SC",Charleston County
70498,29466,SC,202405,2314.17,-0.0009,0.0391,Mount Pleasant,"Charleston-North Charleston, SC",Charleston County
70498,29466,SC,202406,2311.13,-0.0013,0.027,Mount Pleasant,"Charleston-North Charleston, SC",Charleston County
70498,29466,SC,202407,2305.55,-0.0024,0.019,Mount Pleasant,"Charleston-North Charleston, SC",Charleston County
70498,29466,SC,202408,2300.47,-0.0022,0.0233,Mount Pleasant,"Charleston-North Charleston, SC",Charleston County
70498,29466,SC,202409,2281.03,-0.0084,0.0132,Mount Pleasant,"Charleston-North Charleston, SC",Charleston County
70498,29466,SC,202410,2286.01,0.0022,0.02,Mount Pleasant,"Charleston-North Charleston, SC",Charleston County
70498,29466,SC,202411,2271.14,-0.0065,0.0005,Mount Pleasant,"Charleston-North Charleston, SC",Charleston County
70498,29466,SC,202412,2263.4,-0.0034,-0.0023,Mount Pleasant,"Charleston-North Charleston, SC",Charleston County
70498,29466,SC,202501,2277.56,0.0063,-0.0058,Mount Pleasant,"Charleston-North Charleston, SC",Charleston County
70498,29466,SC,202502,2306.9,0.0129,0.0076,Mount Pleasant,"Charleston-North Charleston, SC",Charleston County
70498,29466,SC,202503,2365.38,0.0254,0.0229,Mount Pleasant,"Charleston-North Charleston, SC",Charleston County
70498,29466,SC,202504,2376.0,0.0045,0.0258,Mount Pleasant,"Charleston-North Charleston, SC",Charleston County
70498,29466,SC,202505,2431.89,0.0235,0.0509,Mount Pleasant,"Charleston-North Charleston, SC",Charleston County
70498,29466,SC,202506,2432.53,0.0003,0.0525,Mount Pleasant,"Charleston-North Charleston, SC",Charleston County
70498,29466,SC,202507,2446.82,0.0059,0.0613,Mount Pleasant,"Charleston-North Charleston, SC",Charleston County
70498,29466,SC,202508,2410.57,-0.0148,0.0479,Mount Pleasant,"Charleston-North Charleston, SC",Charleston County
70498,29466,SC,202509,2409.08,-0.0006,0.0561,Mount Pleasant,"Charleston-North Charleston, SC",Charleston County
70498,29466,SC,202510,2392.14,-0.007,0.0464,Mount Pleasant,"Charleston-North Charleston, SC",Charleston County
70498,29466,SC,202511,2396.69,0.0019,0.0553,Mount Pleasant,"Charleston-North Charleston, SC",Charleston County
70498,29466,SC,202512,2369.23,-0.0115,0.0468,Mount Pleasant,"Charleston-North Charleston, SC",Charleston County
70498,29466,SC,202601,2370.02,0.0003,0.0406,Mount Pleasant,"Charleston-North Charleston, SC",Charleston County
70498,29466,SC,202602,2410.5,0.0171,0.0449,Mount Pleasant,"Charleston-North Charleston, SC",Charleston County
70498,29466,SC,202603,2461.4,0.0211,0.0406,Mount Pleasant,"Charleston-North Charleston, SC",Charleston County
70498,29466,SC,202604,2463.22,0.0007,0.0367,Mount Pleasant,"Charleston-North Charleston, SC",Charleston County
70498,29466,SC,202605,2445.79,-0.0071,0.0057,Mount Pleasant,"Charleston-North Charleston, SC",Charleston County
70498,29466,SC,202606,2454.29,0.0035,0.0089,Mount Pleasant,"Charleston-North Charleston, SC",Charleston County
70498,29466,SC,202607,2502.41,0.0196,0.0227,Mount Pleasant,"Charleston-North Charleston, SC",Charleston County
70498,29466,SC,202608,2528.79,0.0105,0.049,Mount Pleasant,"Charleston-North Charleston, SC",Charleston County
70503,29472,SC,202605,1612.78,,,Ridgeville,"Charleston-North Charleston, SC",Dorchester County
70503,29472,SC,202606,1624.56,0.0073,,Ridgeville,"Charleston-North Charleston, SC",Dorchester County
70503,29472,SC,202607,1677.52,0.0326,,Ridgeville,"Charleston-North Charleston, SC",Dorchester County
70503,29472,SC,202608,1664.19,-0.0079,,Ridgeville,"Charleston-North Charleston, SC",Dorchester County
70511,29483,SC,201501,1060.68,,,Summerville,"Charleston-North Charleston, SC",Dorchester County
70511,29483,SC,201502,1072.9,0.0115,,Summerville,"Charleston-North Charleston, SC",Dorchester County
70511,29483,SC,201503,1059.64,-0.0124,,Summerville,"Charleston-North Charleston, SC",Dorchester County
70511,29483,SC,201504,1065.31,0.0054,,Summerville,"Charleston-North Charleston, SC",Dorchester County
70511,29483,SC,201505,1055.52,-0.0092,,Summerville,"Charleston-North Charleston, SC",Dorchester County
70511,29483,SC,201506,1078.42,0.0217,,Summerville,"Charleston-North Charleston, SC",Dorchester County
70511,29483,SC,201507,1081.03,0.0024,,Summerville,"Charleston-North Charleston, SC",Dorchester County
70511,29483,SC,201508,1086.9,0.0054,,Summerville,"Charleston-North Charleston, SC",Dorchester County
70511,29483,SC,201509,1090.93,0.0037,,Summerville,"Charleston-North Charleston, SC",Dorchester County
70511,29483,SC,201510,1096.23,0.0049,,Summerville,"Charleston-North Charleston, SC",Dorchester County
70511,29483,SC,201511,1103.77,0.0069,,Summerville,"Charleston-North Charleston, SC",Dorchester County
70511,29483,SC,201512,1108.53,0.0043,,Summerville,"Charleston-North Charleston, SC",Dorchester County
70511,29483,SC,201601,1104.51,-0.0036,0.0413,Summerville,"Charleston-North Charleston, SC",Dorchester County
70511,29483,SC,201602,1109.92,0.0049,0.0345,Summerville,"Charleston-North Charleston, SC",Dorchester County
70511,29483,SC,201603,1106.14,-0.0034,0.0439,Summerville,"Charleston-North Charleston, SC",Dorchester County
70511,29483,SC,201604,1114.27,0.0074,0.046,Summerville,"Charleston-North Charleston, SC",Dorchester County
70511,29483,SC,201605,1123.78,0.0085,0.0647,Summerville,"Charleston-North Charleston, SC",Dorchester County
70511,29483,SC,201606,1138.99,0.0135,0.0562,Summerville,"Charleston-North Charleston, SC",Dorchester County
70511,29483,SC,201607,1153.93,0.0131,0.0674,Summerville,"Charleston-North Charleston, SC",Dorchester County
70511,29483,SC,201608,1156.04,0.0018,0.0636,Summerville,"Charleston-North Charleston, SC",Dorchester County
70511,29483,SC,201609,1153.56,-0.0021,0.0574,Summerville,"Charleston-North Charleston, SC",Dorchester County
70511,29483,SC,201610,1145.92,-0.0066,0.0453,Summerville,"Charleston-North Charleston, SC",Dorchester County
70511,29483,SC,201611,1147.59,0.0015,0.0397,Summerville,"Charleston-North Charleston, SC",Dorchester County
70511,29483,SC,201612,1145.3,-0.002,0.0332,Summerville,"Charleston-North Charleston, SC",Dorchester County
70511,29483,SC,201701,1150.23,0.0043,0.0414,Summerville,"Charleston-North Charleston, SC",Dorchester County
70511,29483,SC,201702,1154.0,0.0033,0.0397,Summerville,"Charleston-North Charleston, SC",Dorchester County
70511,29483,SC,201703,1171.66,0.0153,0.0592,Summerville,"Charleston-North Charleston, SC",Dorchester County
70511,29483,SC,201704,1183.72,0.0103,0.0623,Summerville,"Charleston-North Charleston, SC",Dorchester County
70511,29483,SC,201705,1189.78,0.0051,0.0587,Summerville,"Charleston-North Charleston, SC",Dorchester County
70511,29483,SC,201706,1188.71,-0.0009,0.0437,Summerville,"Charleston-North Charleston, SC",Dorchester County
70511,29483,SC,201707,1185.59,-0.0026,0.0274,Summerville,"Charleston-North Charleston, SC",Dorchester County
70511,29483,SC,201708,1190.32,0.004,0.0297,Summerville,"Charleston-North Charleston, SC",Dorchester County
70511,29483,SC,201709,1186.4,-0.0033,0.0285,Summerville,"Charleston-North Charleston, SC",Dorchester County
70511,29483,SC,201710,1192.71,0.0053,0.0408,Summerville,"Charleston-North Charleston, SC",Dorchester County
70511,29483,SC,201711,1189.48,-0.0027,0.0365,Summerville,"Charleston-North Charleston, SC",Dorchester County
70511,29483,SC,201712,1199.15,0.0081,0.047,Summerville,"Charleston-North Charleston, SC",Dorchester County
70511,29483,SC,201801,1213.38,0.0119,0.0549,Summerville,"Charleston-North Charleston, SC",Dorchester County
70511,29483,SC,201802,1221.59,0.0068,0.0586,Summerville,"Charleston-North Charleston, SC",Dorchester County
70511,29483,SC,201803,1227.69,0.005,0.0478,Summerville,"Charleston-North Charleston, SC",Dorchester County
70511,29483,SC,201804,1232.27,0.0037,0.041,Summerville,"Charleston-North Charleston, SC",Dorchester County
70511,29483,SC,201805,1239.01,0.0055,0.0414,Summerville,"Charleston-North Charleston, SC",Dorchester County
70511,29483,SC,201806,1240.94,0.0016,0.0439,Summerville,"Charleston-North Charleston, SC",Dorchester County
70511,29483,SC,201807,1244.15,0.0026,0.0494,Summerville,"Charleston-North Charleston, SC",Dorchester County
70511,29483,SC,201808,1251.11,0.0056,0.0511,Summerville,"Charleston-North Charleston, SC",Dorchester County
70511,29483,SC,201809,1257.15,0.0048,0.0596,Summerville,"Charleston-North Charleston, SC",Dorchester County
70511,29483,SC,201810,1254.33,-0.0022,0.0517,Summerville,"Charleston-North Charleston, SC",Dorchester County
70511,29483,SC,201811,1248.18,-0.0049,0.0494,Summerville,"Charleston-North Charleston, SC",Dorchester County
70511,29483,SC,201812,1241.54,-0.0053,0.0354,Summerville,"Charleston-North Charleston, SC",Dorchester County
70511,29483,SC,201901,1246.24,0.0038,0.0271,Summerville,"Charleston-North Charleston, SC",Dorchester County
70511,29483,SC,201902,1248.02,0.0014,0.0216,Summerville,"Charleston-North Charleston, SC",Dorchester County
70511,29483,SC,201903,1274.84,0.0215,0.0384,Summerville,"Charleston-North Charleston, SC",Dorchester County
70511,29483,SC,201904,1287.21,0.0097,0.0446,Summerville,"Charleston-North Charleston, SC",Dorchester County
70511,29483,SC,201905,1315.18,0.0217,0.0615,Summerville,"Charleston-North Charleston, SC",Dorchester County
70511,29483,SC,201906,1313.83,-0.001,0.0587,Summerville,"Charleston-North Charleston, SC",Dorchester County
70511,29483,SC,201907,1311.13,-0.0021,0.0538,Summerville,"Charleston-North Charleston, SC",Dorchester County
70511,29483,SC,201908,1301.13,-0.0076,0.04,Summerville,"Charleston-North Charleston, SC",Dorchester County
70511,29483,SC,201909,1294.48,-0.0051,0.0297,Summerville,"Charleston-North Charleston, SC",Dorchester County
70511,29483,SC,201910,1301.26,0.0052,0.0374,Summerville,"Charleston-North Charleston, SC",Dorchester County
70511,29483,SC,201911,1315.7,0.0111,0.0541,Summerville,"Charleston-North Charleston, SC",Dorchester County
70511,29483,SC,201912,1320.22,0.0034,0.0634,Summerville,"Charleston-North Charleston, SC",Dorchester County
70511,29483,SC,202001,1315.36,-0.0037,0.0555,Summerville,"Charleston-North Charleston, SC",Dorchester County
70511,29483,SC,202002,1312.57,-0.0021,0.0517,Summerville,"Charleston-North Charleston, SC",Dorchester County
70511,29483,SC,202003,1333.79,0.0162,0.0462,Summerville,"Charleston-North Charleston, SC",Dorchester County
70511,29483,SC,202004,1359.95,0.0196,0.0565,Summerville,"Charleston-North Charleston, SC",Dorchester County
70511,29483,SC,202005,1356.87,-0.0023,0.0317,Summerville,"Charleston-North Charleston, SC",Dorchester County
70511,29483,SC,202006,1360.12,0.0024,0.0352,Summerville,"Charleston-North Charleston, SC",Dorchester County
70511,29483,SC,202007,1359.11,-0.0007,0.0366,Summerville,"Charleston-North Charleston, SC",Dorchester County
70511,29483,SC,202008,1387.44,0.0208,0.0663,Summerville,"Charleston-North Charleston, SC",Dorchester County
70511,29483,SC,202009,1395.94,0.0061,0.0784,Summerville,"Charleston-North Charleston, SC",Dorchester County
70511,29483,SC,202010,1412.49,0.0119,0.0855,Summerville,"Charleston-North Charleston, SC",Dorchester County
70511,29483,SC,202011,1404.53,-0.0056,0.0675,Summerville,"Charleston-North Charleston, SC",Dorchester County
70511,29483,SC,202012,1384.92,-0.014,0.049,Summerville,"Charleston-North Charleston, SC",Dorchester County
70511,29483,SC,202101,1399.23,0.0103,0.0638,Summerville,"Charleston-North Charleston, SC",Dorchester County
70511,29483,SC,202102,1424.32,0.0179,0.0851,Summerville,"Charleston-North Charleston, SC",Dorchester County
70511,29483,SC,202103,1474.06,0.0349,0.1052,Summerville,"Charleston-North Charleston, SC",Dorchester County
70511,29483,SC,202104,1469.61,-0.003,0.0806,Summerville,"Charleston-North Charleston, SC",Dorchester County
70511,29483,SC,202105,1463.51,-0.0042,0.0786,Summerville,"Charleston-North Charleston, SC",Dorchester County
70511,29483,SC,202106,1470.61,0.0049,0.0812,Summerville,"Charleston-North Charleston, SC",Dorchester County
70511,29483,SC,202107,1513.26,0.029,0.1134,Summerville,"Charleston-North Charleston, SC",Dorchester County
70511,29483,SC,202108,1550.56,0.0246,0.1176,Summerville,"Charleston-North Charleston, SC",Dorchester County
70511,29483,SC,202109,1542.36,-0.0053,0.1049,Summerville,"Charleston-North Charleston, SC",Dorchester County
70511,29483,SC,202110,1539.0,-0.0022,0.0896,Summerville,"Charleston-North Charleston, SC",Dorchester County
70511,29483,SC,202111,1531.73,-0.0047,0.0906,Summerville,"Charleston-North Charleston, SC",Dorchester County
70511,29483,SC,202112,1548.12,0.0107,0.1178,Summerville,"Charleston-North Charleston, SC",Dorchester County
70511,29483,SC,202201,1545.63,-0.0016,0.1046,Summerville,"Charleston-North Charleston, SC",Dorchester County
70511,29483,SC,202202,1556.39,0.007,0.0927,Summerville,"Charleston-North Charleston, SC",Dorchester County
70511,29483,SC,202203,1595.85,0.0254,0.0826,Summerville,"Charleston-North Charleston, SC",Dorchester County
70511,29483,SC,202204,1610.85,0.0094,0.0961,Summerville,"Charleston-North Charleston, SC",Dorchester County
70511,29483,SC,202205,1638.02,0.0169,0.1192,Summerville,"Charleston-North Charleston, SC",Dorchester County
70511,29483,SC,202206,1643.06,0.0031,0.1173,Summerville,"Charleston-North Charleston, SC",Dorchester County
70511,29483,SC,202207,1665.04,0.0134,0.1003,Summerville,"Charleston-North Charleston, SC",Dorchester County
70511,29483,SC,202208,1674.93,0.0059,0.0802,Summerville,"Charleston-North Charleston, SC",Dorchester County
70511,29483,SC,202209,1693.83,0.0113,0.0982,Summerville,"Charleston-North Charleston, SC",Dorchester County
70511,29483,SC,202210,1707.97,0.0083,0.1098,Summerville,"Charleston-North Charleston, SC",Dorchester County
70511,29483,SC,202211,1718.45,0.0061,0.1219,Summerville,"Charleston-North Charleston, SC",Dorchester County
70511,29483,SC,202212,1714.63,-0.0022,0.1076,Summerville,"Charleston-North Charleston, SC",Dorchester County
70511,29483,SC,202301,1721.24,0.0039,0.1136,Summerville,"Charleston-North Charleston, SC",Dorchester County
70511,29483,SC,202302,1710.25,-0.0064,0.0989,Summerville,"Charleston-North Charleston, SC",Dorchester County
70511,29483,SC,202303,1735.21,0.0146,0.0873,Summerville,"Charleston-North Charleston, SC",Dorchester County
70511,29483,SC,202304,1747.42,0.007,0.0848,Summerville,"Charleston-North Charleston, SC",Dorchester County
70511,29483,SC,202305,1793.79,0.0265,0.0951,Summerville,"Charleston-North Charleston, SC",Dorchester County
70511,29483,SC,202306,1798.1,0.0024,0.0944,Summerville,"Charleston-North Charleston, SC",Dorchester County
70511,29483,SC,202307,1807.27,0.0051,0.0854,Summerville,"Charleston-North Charleston, SC",Dorchester County
70511,29483,SC,202308,1801.96,-0.0029,0.0758,Summerville,"Charleston-North Charleston, SC",Dorchester County
70511,29483,SC,202309,1801.99,0.0,0.0639,Summerville,"Charleston-North Charleston, SC",Dorchester County
70511,29483,SC,202310,1817.55,0.0086,0.0642,Summerville,"Charleston-North Charleston, SC",Dorchester County
70511,29483,SC,202311,1821.92,0.0024,0.0602,Summerville,"Charleston-North Charleston, SC",Dorchester County
70511,29483,SC,202312,1835.78,0.0076,0.0707,Summerville,"Charleston-North Charleston, SC",Dorchester County
70511,29483,SC,202401,1843.7,0.0043,0.0711,Summerville,"Charleston-North Charleston, SC",Dorchester County
70511,29483,SC,202402,1861.34,0.0096,0.0883,Summerville,"Charleston-North Charleston, SC",Dorchester County
70511,29483,SC,202403,1857.48,-0.0021,0.0705,Summerville,"Charleston-North Charleston, SC",Dorchester County
70511,29483,SC,202404,1834.19,-0.0125,0.0497,Summerville,"Charleston-North Charleston, SC",Dorchester County
70511,29483,SC,202405,1822.82,-0.0062,0.0162,Summerville,"Charleston-North Charleston, SC",Dorchester County
70511,29483,SC,202406,1822.51,-0.0002,0.0136,Summerville,"Charleston-North Charleston, SC",Dorchester County
70511,29483,SC,202407,1833.09,0.0058,0.0143,Summerville,"Charleston-North Charleston, SC",Dorchester County
70511,29483,SC,202408,1850.9,0.0097,0.0272,Summerville,"Charleston-North Charleston, SC",Dorchester County
70511,29483,SC,202409,1859.08,0.0044,0.0317,Summerville,"Charleston-North Charleston, SC",Dorchester County
70511,29483,SC,202410,1874.88,0.0085,0.0315,Summerville,"Charleston-North Charleston, SC",Dorchester County
70511,29483,SC,202411,1870.39,-0.0024,0.0266,Summerville,"Charleston-North Charleston, SC",Dorchester County
70511,29483,SC,202412,1877.49,0.0038,0.0227,Summerville,"Charleston-North Charleston, SC",Dorchester County
70511,29483,SC,202501,1873.56,-0.0021,0.0162,Summerville,"Charleston-North Charleston, SC",Dorchester County
70511,29483,SC,202502,1883.61,0.0054,0.012,Summerville,"Charleston-North Charleston, SC",Dorchester County
70511,29483,SC,202503,1892.51,0.0047,0.0189,Summerville,"Charleston-North Charleston, SC",Dorchester County
70511,29483,SC,202504,1897.65,0.0027,0.0346,Summerville,"Charleston-North Charleston, SC",Dorchester County
70511,29483,SC,202505,1875.38,-0.0117,0.0288,Summerville,"Charleston-North Charleston, SC",Dorchester County
70511,29483,SC,202506,1855.51,-0.0106,0.0181,Summerville,"Charleston-North Charleston, SC",Dorchester County
70511,29483,SC,202507,1836.38,-0.0103,0.0018,Summerville,"Charleston-North Charleston, SC",Dorchester County
70511,29483,SC,202508,1857.55,0.0115,0.0036,Summerville,"Charleston-North Charleston, SC",Dorchester County
70511,29483,SC,202509,1856.97,-0.0003,-0.0011,Summerville,"Charleston-North Charleston, SC",Dorchester County
70511,29483,SC,202510,1842.63,-0.0077,-0.0172,Summerville,"Charleston-North Charleston, SC",Dorchester County
70511,29483,SC,202511,1849.5,0.0037,-0.0112,Summerville,"Charleston-North Charleston, SC",Dorchester County
70511,29483,SC,202512,1871.9,0.0121,-0.003,Summerville,"Charleston-North Charleston, SC",Dorchester County
70511,29483,SC,202601,1923.75,0.0277,0.0268,Summerville,"Charleston-North Charleston, SC",Dorchester County
70511,29483,SC,202602,1923.1,-0.0003,0.021,Summerville,"Charleston-North Charleston, SC",Dorchester County
70511,29483,SC,202603,1921.12,-0.001,0.0151,Summerville,"Charleston-North Charleston, SC",Dorchester County
70511,29483,SC,202604,1913.64,-0.0039,0.0084,Summerville,"Charleston-North Charleston, SC",Dorchester County
70511,29483,SC,202605,1929.75,0.0084,0.029,Summerville,"Charleston-North Charleston, SC",Dorchester County
70511,29483,SC,202606,1948.69,0.0098,0.0502,Summerville,"Charleston-North Charleston, SC",Dorchester County
70511,29483,SC,202607,1934.69,-0.0072,0.0535,Summerville,"Charleston-North Charleston, SC",Dorchester County
70511,29483,SC,202608,1918.42,-0.0084,0.0328,Summerville,"Charleston-North Charleston, SC",Dorchester County
70513,29485,SC,201501,930.13,,,Summerville,"Charleston-North Charleston, SC",Dorchester County
70513,29485,SC,201502,939.65,0.0102,,Summerville,"Charleston-North Charleston, SC",Dorchester County
70513,29485,SC,201503,943.38,0.004,,Summerville,"Charleston-North Charleston, SC",Dorchester County
70513,29485,SC,201504,945.94,0.0027,,Summerville,"Charleston-North Charleston, SC",Dorchester County
70513,29485,SC,201505,945.19,-0.0008,,Summerville,"Charleston-North Charleston, SC",Dorchester County
70513,29485,SC,201506,953.6,0.0089,,Summerville,"Charleston-North Charleston, SC",Dorchester County
70513,29485,SC,201507,951.54,-0.0022,,Summerville,"Charleston-North Charleston, SC",Dorchester County
70513,29485,SC,201508,969.96,0.0194,,Summerville,"Charleston-North Charleston, SC",Dorchester County
70513,29485,SC,201509,973.79,0.0039,,Summerville,"Charleston-North Charleston, SC",Dorchester County
70513,29485,SC,201510,987.03,0.0136,,Summerville,"Charleston-North Charleston, SC",Dorchester County
70513,29485,SC,201511,979.98,-0.0071,,Summerville,"Charleston-North Charleston, SC",Dorchester County
70513,29485,SC,201512,978.38,-0.0016,,Summerville,"Charleston-North Charleston, SC",Dorchester County
70513,29485,SC,201601,979.48,0.0011,0.0531,Summerville,"Charleston-North Charleston, SC",Dorchester County
70513,29485,SC,201602,973.69,-0.0059,0.0362,Summerville,"Charleston-North Charleston, SC",Dorchester County
70513,29485,SC,201603,962.98,-0.011,0.0208,Summerville,"Charleston-North Charleston, SC",Dorchester County
70513,29485,SC,201604,964.88,0.002,0.02,Summerville,"Charleston-North Charleston, SC",Dorchester County
70513,29485,SC,201605,981.92,0.0177,0.0389,Summerville,"Charleston-North Charleston, SC",Dorchester County
70513,29485,SC,201606,1007.07,0.0256,0.0561,Summerville,"Charleston-North Charleston, SC",Dorchester County
70513,29485,SC,201607,1018.09,0.0109,0.0699,Summerville,"Charleston-North Charleston, SC",Dorchester County
70513,29485,SC,201608,1017.5,-0.0006,0.049,Summerville,"Charleston-North Charleston, SC",Dorchester County
70513,29485,SC,201609,1016.77,-0.0007,0.0441,Summerville,"Charleston-North Charleston, SC",Dorchester County
70513,29485,SC,201610,1006.9,-0.0097,0.0201,Summerville,"Charleston-North Charleston, SC",Dorchester County
70513,29485,SC,201611,1012.79,0.0058,0.0335,Summerville,"Charleston-North Charleston, SC",Dorchester County
70513,29485,SC,201612,1008.97,-0.0038,0.0313,Summerville,"Charleston-North Charleston, SC",Dorchester County
70513,29485,SC,201701,1021.91,0.0128,0.0433,Summerville,"Charleston-North Charleston, SC",Dorchester County
70513,29485,SC,201702,1018.77,-0.0031,0.0463,Summerville,"Charleston-North Charleston, SC",Dorchester County
70513,29485,SC,201703,1029.01,0.0101,0.0686,Summerville,"Charleston-North Charleston, SC",Dorchester County
70513,29485,SC,201704,1033.14,0.004,0.0708,Summerville,"Charleston-North Charleston, SC",Dorchester County
70513,29485,SC,201705,1044.81,0.0113,0.0641,Summerville,"Charleston-North Charleston, SC",Dorchester County
70513,29485,SC,201706,1049.59,0.0046,0.0422,Summerville,"Charleston-North Charleston, SC",Dorchester County
70513,29485,SC,201707,1050.02,0.0004,0.0314,Summerville,"Charleston-North Charleston, SC",Dorchester County
70513,29485,SC,201708,1049.69,-0.0003,0.0316,Summerville,"Charleston-North Charleston, SC",Dorchester County
70513,29485,SC,201709,1051.72,0.0019,0.0344,Summerville,"Charleston-North Charleston, SC",Dorchester County
70513,29485,SC,201710,1059.02,0.0069,0.0518,Summerville,"Charleston-North Charleston, SC",Dorchester County
70513,29485,SC,201711,1074.57,0.0147,0.061,Summerville,"Charleston-North Charleston, SC",Dorchester County
70513,29485,SC,201712,1077.33,0.0026,0.0678,Summerville,"Charleston-North Charleston, SC",Dorchester County
70513,29485,SC,201801,1074.23,-0.0029,0.0512,Summerville,"Charleston-North Charleston, SC",Dorchester County
70513,29485,SC,201802,1065.25,-0.0084,0.0456,Summerville,"Charleston-North Charleston, SC",Dorchester County
70513,29485,SC,201803,1073.8,0.008,0.0435,Summerville,"Charleston-North Charleston, SC",Dorchester County
70513,29485,SC,201804,1079.91,0.0057,0.0453,Summerville,"Charleston-North Charleston, SC",Dorchester County
70513,29485,SC,201805,1087.11,0.0067,0.0405,Summerville,"Charleston-North Charleston, SC",Dorchester County
70513,29485,SC,201806,1085.41,-0.0016,0.0341,Summerville,"Charleston-North Charleston, SC",Dorchester County
70513,29485,SC,201807,1087.09,0.0016,0.0353,Summerville,"Charleston-North Charleston, SC",Dorchester County
70513,29485,SC,201808,1086.74,-0.0003,0.0353,Summerville,"Charleston-North Charleston, SC",Dorchester County
70513,29485,SC,201809,1089.28,0.0023,0.0357,Summerville,"Charleston-North Charleston, SC",Dorchester County
70513,29485,SC,201810,1098.53,0.0085,0.0373,Summerville,"Charleston-North Charleston, SC",Dorchester County
70513,29485,SC,201811,1100.19,0.0015,0.0238,Summerville,"Charleston-North Charleston, SC",Dorchester County
70513,29485,SC,201812,1097.69,-0.0023,0.0189,Summerville,"Charleston-North Charleston, SC",Dorchester County
70513,29485,SC,201901,1104.87,0.0065,0.0285,Summerville,"Charleston-North Charleston, SC",Dorchester County
70513,29485,SC,201902,1108.35,0.0032,0.0405,Summerville,"Charleston-North Charleston, SC",Dorchester County
70513,29485,SC,201903,1117.01,0.0078,0.0402,Summerville,"Charleston-North Charleston, SC",Dorchester County
70513,29485,SC,201904,1113.39,-0.0032,0.031,Summerville,"Charleston-North Charleston, SC",Dorchester County
70513,29485,SC,201905,1128.67,0.0137,0.0382,Summerville,"Charleston-North Charleston, SC",Dorchester County
70513,29485,SC,201906,1136.11,0.0066,0.0467,Summerville,"Charleston-North Charleston, SC",Dorchester County
70513,29485,SC,201907,1138.47,0.0021,0.0473,Summerville,"Charleston-North Charleston, SC",Dorchester County
70513,29485,SC,201908,1133.3,-0.0045,0.0428,Summerville,"Charleston-North Charleston, SC",Dorchester County
70513,29485,SC,201909,1139.42,0.0054,0.046,Summerville,"Charleston-North Charleston, SC",Dorchester County
70513,29485,SC,201910,1142.25,0.0025,0.0398,Summerville,"Charleston-North Charleston, SC",Dorchester County
70513,29485,SC,201911,1147.88,0.0049,0.0433,Summerville,"Charleston-North Charleston, SC",Dorchester County
70513,29485,SC,201912,1151.35,0.003,0.0489,Summerville,"Charleston-North Charleston, SC",Dorchester County
70513,29485,SC,202001,1163.1,0.0102,0.0527,Summerville,"Charleston-North Charleston, SC",Dorchester County
70513,29485,SC,202002,1159.7,-0.0029,0.0463,Summerville,"Charleston-North Charleston, SC",Dorchester County
70513,29485,SC,202003,1159.36,-0.0003,0.0379,Summerville,"Charleston-North Charleston, SC",Dorchester County
70513,29485,SC,202004,1154.0,-0.0046,0.0365,Summerville,"Charleston-North Charleston, SC",Dorchester County
70513,29485,SC,202005,1156.83,0.0025,0.025,Summerville,"Charleston-North Charleston, SC",Dorchester County
70513,29485,SC,202006,1156.04,-0.0007,0.0175,Summerville,"Charleston-North Charleston, SC",Dorchester County
70513,29485,SC,202007,1169.96,0.012,0.0277,Summerville,"Charleston-North Charleston, SC",Dorchester County
70513,29485,SC,202008,1188.1,0.0155,0.0484,Summerville,"Charleston-North Charleston, SC",Dorchester County
70513,29485,SC,202009,1186.35,-0.0015,0.0412,Summerville,"Charleston-North Charleston, SC",Dorchester County
70513,29485,SC,202010,1177.01,-0.0079,0.0304,Summerville,"Charleston-North Charleston, SC",Dorchester County
70513,29485,SC,202011,1166.0,-0.0094,0.0158,Summerville,"Charleston-North Charleston, SC",Dorchester County
70513,29485,SC,202012,1177.78,0.0101,0.0229,Summerville,"Charleston-North Charleston, SC",Dorchester County
70513,29485,SC,202101,1193.08,0.013,0.0258,Summerville,"Charleston-North Charleston, SC",Dorchester County
70513,29485,SC,202102,1193.27,0.0002,0.029,Summerville,"Charleston-North Charleston, SC",Dorchester County
70513,29485,SC,202103,1197.48,0.0035,0.0329,Summerville,"Charleston-North Charleston, SC",Dorchester County
70513,29485,SC,202104,1202.05,0.0038,0.0416,Summerville,"Charleston-North Charleston, SC",Dorchester County
70513,29485,SC,202105,1224.83,0.019,0.0588,Summerville,"Charleston-North Charleston, SC",Dorchester County
70513,29485,SC,202106,1248.24,0.0191,0.0797,Summerville,"Charleston-North Charleston, SC",Dorchester County
70513,29485,SC,202107,1281.56,0.0267,0.0954,Summerville,"Charleston-North Charleston, SC",Dorchester County
70513,29485,SC,202108,1318.14,0.0285,0.1095,Summerville,"Charleston-North Charleston, SC",Dorchester County
70513,29485,SC,202109,1332.85,0.0112,0.1235,Summerville,"Charleston-North Charleston, SC",Dorchester County
70513,29485,SC,202110,1358.58,0.0193,0.1543,Summerville,"Charleston-North Charleston, SC",Dorchester County
70513,29485,SC,202111,1370.88,0.0091,0.1757,Summerville,"Charleston-North Charleston, SC",Dorchester County
70513,29485,SC,202112,1390.16,0.0141,0.1803,Summerville,"Charleston-North Charleston, SC",Dorchester County
70513,29485,SC,202201,1376.49,-0.0098,0.1537,Summerville,"Charleston-North Charleston, SC",Dorchester County
70513,29485,SC,202202,1368.59,-0.0057,0.1469,Summerville,"Charleston-North Charleston, SC",Dorchester County
70513,29485,SC,202203,1381.64,0.0095,0.1538,Summerville,"Charleston-North Charleston, SC",Dorchester County
70513,29485,SC,202204,1396.69,0.0109,0.1619,Summerville,"Charleston-North Charleston, SC",Dorchester County
70513,29485,SC,202205,1419.59,0.0164,0.159,Summerville,"Charleston-North Charleston, SC",Dorchester County
70513,29485,SC,202206,1433.26,0.0096,0.1482,Summerville,"Charleston-North Charleston, SC",Dorchester County
70513,29485,SC,202207,1463.48,0.0211,0.142,Summerville,"Charleston-North Charleston, SC",Dorchester County
70513,29485,SC,202208,1486.87,0.016,0.128,Summerville,"Charleston-North Charleston, SC",Dorchester County
70513,29485,SC,202209,1504.09,0.0116,0.1285,Summerville,"Charleston-North Charleston, SC",Dorchester County
70513,29485,SC,202210,1505.19,0.0007,0.1079,Summerville,"Charleston-North Charleston, SC",Dorchester County
70513,29485,SC,202211,1512.7,0.005,0.1034,Summerville,"Charleston-North Charleston, SC",Dorchester County
70513,29485,SC,202212,1511.92,-0.0005,0.0876,Summerville,"Charleston-North Charleston, SC",Dorchester County
70513,29485,SC,202301,1507.82,-0.0027,0.0954,Summerville,"Charleston-North Charleston, SC",Dorchester County
70513,29485,SC,202302,1494.88,-0.0086,0.0923,Summerville,"Charleston-North Charleston, SC",Dorchester County
70513,29485,SC,202303,1501.3,0.0043,0.0866,Summerville,"Charleston-North Charleston, SC",Dorchester County
70513,29485,SC,202304,1511.3,0.0067,0.0821,Summerville,"Charleston-North Charleston, SC",Dorchester County
70513,29485,SC,202305,1521.82,0.007,0.072,Summerville,"Charleston-North Charleston, SC",Dorchester County
70513,29485,SC,202306,1535.46,0.009,0.0713,Summerville,"Charleston-North Charleston, SC",Dorchester County
70513,29485,SC,202307,1547.79,0.008,0.0576,Summerville,"Charleston-North Charleston, SC",Dorchester County
70513,29485,SC,202308,1583.05,0.0228,0.0647,Summerville,"Charleston-North Charleston, SC",Dorchester County
70513,29485,SC,202309,1578.5,-0.0029,0.0495,Summerville,"Charleston-North Charleston, SC",Dorchester County
70513,29485,SC,202310,1576.9,-0.001,0.0476,Summerville,"Charleston-North Charleston, SC",Dorchester County
70513,29485,SC,202311,1566.09,-0.0069,0.0353,Summerville,"Charleston-North Charleston, SC",Dorchester County
70513,29485,SC,202312,1594.88,0.0184,0.0549,Summerville,"Charleston-North Charleston, SC",Dorchester County
70513,29485,SC,202401,1607.37,0.0078,0.066,Summerville,"Charleston-North Charleston, SC",Dorchester County
70513,29485,SC,202402,1610.52,0.002,0.0774,Summerville,"Charleston-North Charleston, SC",Dorchester County
70513,29485,SC,202403,1591.91,-0.0116,0.0604,Summerville,"Charleston-North Charleston, SC",Dorchester County
70513,29485,SC,202404,1589.22,-0.0017,0.0516,Summerville,"Charleston-North Charleston, SC",Dorchester County
70513,29485,SC,202405,1590.42,0.0008,0.0451,Summerville,"Charleston-North Charleston, SC",Dorchester County
70513,29485,SC,202406,1616.5,0.0164,0.0528,Summerville,"Charleston-North Charleston, SC",Dorchester County
70513,29485,SC,202407,1631.84,0.0095,0.0543,Summerville,"Charleston-North Charleston, SC",Dorchester County
70513,29485,SC,202408,1642.4,0.0065,0.0375,Summerville,"Charleston-North Charleston, SC",Dorchester County
70513,29485,SC,202409,1624.83,-0.0107,0.0293,Summerville,"Charleston-North Charleston, SC",Dorchester County
70513,29485,SC,202410,1613.12,-0.0072,0.023,Summerville,"Charleston-North Charleston, SC",Dorchester County
70513,29485,SC,202411,1610.02,-0.0019,0.028,Summerville,"Charleston-North Charleston, SC",Dorchester County
70513,29485,SC,202412,1618.29,0.0051,0.0147,Summerville,"Charleston-North Charleston, SC",Dorchester County
70513,29485,SC,202501,1626.88,0.0053,0.0121,Summerville,"Charleston-North Charleston, SC",Dorchester County
70513,29485,SC,202502,1611.68,-0.0093,0.0007,Summerville,"Charleston-North Charleston, SC",Dorchester County
70513,29485,SC,202503,1606.24,-0.0034,0.009,Summerville,"Charleston-North Charleston, SC",Dorchester County
70513,29485,SC,202504,1614.91,0.0054,0.0162,Summerville,"Charleston-North Charleston, SC",Dorchester County
70513,29485,SC,202505,1632.69,0.011,0.0266,Summerville,"Charleston-North Charleston, SC",Dorchester County
70513,29485,SC,202506,1625.54,-0.0044,0.0056,Summerville,"Charleston-North Charleston, SC",Dorchester County
70513,29485,SC,202507,1614.75,-0.0066,-0.0105,Summerville,"Charleston-North Charleston, SC",Dorchester County
70513,29485,SC,202508,1592.63,-0.0137,-0.0303,Summerville,"Charleston-North Charleston, SC",Dorchester County
70513,29485,SC,202509,1596.78,0.0026,-0.0173,Summerville,"Charleston-North Charleston, SC",Dorchester County
70513,29485,SC,202510,1596.92,0.0001,-0.01,Summerville,"Charleston-North Charleston, SC",Dorchester County
70513,29485,SC,202511,1618.65,0.0136,0.0054,Summerville,"Charleston-North Charleston, SC",Dorchester County
70513,29485,SC,202512,1644.24,0.0158,0.016,Summerville,"Charleston-North Charleston, SC",Dorchester County
70513,29485,SC,202601,1657.99,0.0084,0.0191,Summerville,"Charleston-North Charleston, SC",Dorchester County
70513,29485,SC,202602,1669.37,0.0069,0.0358,Summerville,"Charleston-North Charleston, SC",Dorchester County
70513,29485,SC,202603,1668.49,-0.0005,0.0388,Summerville,"Charleston-North Charleston, SC",Dorchester County
70513,29485,SC,202604,1675.36,0.0041,0.0374,Summerville,"Charleston-North Charleston, SC",Dorchester County
70513,29485,SC,202605,1684.85,0.0057,0.0319,Summerville,"Charleston-North Charleston, SC",Dorchester County
70513,29485,SC,202606,1685.95,0.0007,0.0372,Summerville,"Charleston-North Charleston, SC",Dorchester County
70513,29485,SC,202607,1699.58,0.0081,0.0525,Summerville,"Charleston-North Charleston, SC",Dorchester County
70513,29485,SC,202608,1710.35,0.0063,0.0739,Summerville,"Charleston-North Charleston, SC",Dorchester County
70516,29492,SC,201610,1255.9,,,Charleston,"Charleston-North Charleston, SC",Berkeley County
70516,29492,SC,201611,1290.89,0.0279,,Charleston,"Charleston-North Charleston, SC",Berkeley County
70516,29492,SC,201612,1257.51,-0.0259,,Charleston,"Charleston-North Charleston, SC",Berkeley County
70516,29492,SC,201701,1260.23,0.0022,,Charleston,"Charleston-North Charleston, SC",Berkeley County
70516,29492,SC,201702,1204.44,-0.0443,,Charleston,"Charleston-North Charleston, SC",Berkeley County
70516,29492,SC,201703,1239.02,0.0287,,Charleston,"Charleston-North Charleston, SC",Berkeley County
70516,29492,SC,201704,1258.02,0.0153,,Charleston,"Charleston-North Charleston, SC",Berkeley County
70516,29492,SC,201705,1306.34,0.0384,,Charleston,"Charleston-North Charleston, SC",Berkeley County
70516,29492,SC,201706,1312.84,0.005,,Charleston,"Charleston-North Charleston, SC",Berkeley County
70516,29492,SC,201707,1323.51,0.0081,,Charleston,"Charleston-North Charleston, SC",Berkeley County
70516,29492,SC,201708,1332.34,0.0067,,Charleston,"Charleston-North Charleston, SC",Berkeley County
70516,29492,SC,201709,1331.21,-0.0008,,Charleston,"Charleston-North Charleston, SC",Berkeley County
70516,29492,SC,201711,1292.05,-0.0294,0.0288,Charleston,"Charleston-North Charleston, SC",Berkeley County
70516,29492,SC,201712,1304.5,0.0096,0.0105,Charleston,"Charleston-North Charleston, SC",Berkeley County
70516,29492,SC,201801,1327.44,0.0176,0.0556,Charleston,"Charleston-North Charleston, SC",Berkeley County
70516,29492,SC,201802,1340.46,0.0098,0.0637,Charleston,"Charleston-North Charleston, SC",Berkeley County
70516,29492,SC,201803,1326.4,-0.0105,0.1013,Charleston,"Charleston-North Charleston, SC",Berkeley County
70516,29492,SC,201804,1317.98,-0.0063,0.0637,Charleston,"Charleston-North Charleston, SC",Berkeley County
70516,29492,SC,201805,1325.84,0.006,0.0539,Charleston,"Charleston-North Charleston, SC",Berkeley County
70516,29492,SC,201806,1342.74,0.0127,0.0279,Charleston,"Charleston-North Charleston, SC",Berkeley County
70516,29492,SC,201807,1360.56,0.0133,0.0363,Charleston,"Charleston-North Charleston, SC",Berkeley County
70516,29492,SC,201808,1361.45,0.0007,0.0287,Charleston,"Charleston-North Charleston, SC",Berkeley County
70516,29492,SC,201809,1359.07,-0.0017,0.0201,Charleston,"Charleston-North Charleston, SC",Berkeley County
70516,29492,SC,201810,1388.05,0.0213,0.0427,Charleston,"Charleston-North Charleston, SC",Berkeley County
70516,29492,SC,201811,1398.68,0.0077,0.0825,Charleston,"Charleston-North Charleston, SC",Berkeley County
70516,29492,SC,201812,1379.29,-0.0139,0.0573,Charleston,"Charleston-North Charleston, SC",Berkeley County
70516,29492,SC,201901,1353.8,-0.0185,0.0199,Charleston,"Charleston-North Charleston, SC",Berkeley County
70516,29492,SC,201902,1350.48,-0.0025,0.0075,Charleston,"Charleston-North Charleston, SC",Berkeley County
70516,29492,SC,201903,1399.4,0.0362,0.055,Charleston,"Charleston-North Charleston, SC",Berkeley County
70516,29492,SC,201904,1406.22,0.0049,0.0669,Charleston,"Charleston-North Charleston, SC",Berkeley County
70516,29492,SC,201905,1410.93,0.0033,0.0642,Charleston,"Charleston-North Charleston, SC",Berkeley County
70516,29492,SC,201906,1369.04,-0.0297,0.0196,Charleston,"Charleston-North Charleston, SC",Berkeley County
70516,29492,SC,201907,1367.62,-0.001,0.0052,Charleston,"Charleston-North Charleston, SC",Berkeley County
70516,29492,SC,201908,1378.76,0.0081,0.0127,Charleston,"Charleston-North Charleston, SC",Berkeley County
70516,29492,SC,201909,1433.67,0.0398,0.0549,Charleston,"Charleston-North Charleston, SC",Berkeley County
70516,29492,SC,201910,1442.83,0.0064,0.0395,Charleston,"Charleston-North Charleston, SC",Berkeley County
70516,29492,SC,201911,1431.63,-0.0078,0.0236,Charleston,"Charleston-North Charleston, SC",Berkeley County
70516,29492,SC,201912,1399.16,-0.0227,0.0144,Charleston,"Charleston-North Charleston, SC",Berkeley County
70516,29492,SC,202001,1430.4,0.0223,0.0566,Charleston,"Charleston-North Charleston, SC",Berkeley County
70516,29492,SC,202002,1430.62,0.0002,0.0593,Charleston,"Charleston-North Charleston, SC",Berkeley County
70516,29492,SC,202003,1441.82,0.0078,0.0303,Charleston,"Charleston-North Charleston, SC",Berkeley County
70516,29492,SC,202004,1410.49,-0.0217,0.003,Charleston,"Charleston-North Charleston, SC",Berkeley County
70516,29492,SC,202005,1429.12,0.0132,0.0129,Charleston,"Charleston-North Charleston, SC",Berkeley County
70516,29492,SC,202006,1434.03,0.0034,0.0475,Charleston,"Charleston-North Charleston, SC",Berkeley County
70516,29492,SC,202007,1435.45,0.001,0.0496,Charleston,"Charleston-North Charleston, SC",Berkeley County
70516,29492,SC,202008,1414.21,-0.0148,0.0257,Charleston,"Charleston-North Charleston, SC",Berkeley County
70516,29492,SC,202009,1403.64,-0.0075,-0.0209,Charleston,"Charleston-North Charleston, SC",Berkeley County
70516,29492,SC,202010,1401.18,-0.0018,-0.0289,Charleston,"Charleston-North Charleston, SC",Berkeley County
70516,29492,SC,202011,1381.15,-0.0143,-0.0353,Charleston,"Charleston-North Charleston, SC",Berkeley County
70516,29492,SC,202012,1349.59,-0.0229,-0.0354,Charleston,"Charleston-North Charleston, SC",Berkeley County
70516,29492,SC,202101,1375.33,0.0191,-0.0385,Charleston,"Charleston-North Charleston, SC",Berkeley County
70516,29492,SC,202102,1433.1,0.042,0.0017,Charleston,"Charleston-North Charleston, SC",Berkeley County
70516,29492,SC,202103,1500.7,0.0472,0.0408,Charleston,"Charleston-North Charleston, SC",Berkeley County
70516,29492,SC,202104,1511.21,0.007,0.0714,Charleston,"Charleston-North Charleston, SC",Berkeley County
70516,29492,SC,202105,1525.79,0.0096,0.0676,Charleston,"Charleston-North Charleston, SC",Berkeley County
70516,29492,SC,202106,1562.44,0.024,0.0895,Charleston,"Charleston-North Charleston, SC",Berkeley County
70516,29492,SC,202107,1637.6,0.0481,0.1408,Charleston,"Charleston-North Charleston, SC",Berkeley County
70516,29492,SC,202108,1719.26,0.0499,0.2157,Charleston,"Charleston-North Charleston, SC",Berkeley County
70516,29492,SC,202109,1770.18,0.0296,0.2611,Charleston,"Charleston-North Charleston, SC",Berkeley County
70516,29492,SC,202110,1757.85,-0.007,0.2546,Charleston,"Charleston-North Charleston, SC",Berkeley County
70516,29492,SC,202111,1734.93,-0.013,0.2561,Charleston,"Charleston-North Charleston, SC",Berkeley County
70516,29492,SC,202112,1719.75,-0.0088,0.2743,Charleston,"Charleston-North Charleston, SC",Berkeley County
70516,29492,SC,202201,1719.9,0.0001,0.2505,Charleston,"Charleston-North Charleston, SC",Berkeley County
70516,29492,SC,202202,1748.32,0.0165,0.22,Charleston,"Charleston-North Charleston, SC",Berkeley County
70516,29492,SC,202203,1769.99,0.0124,0.1794,Charleston,"Charleston-North Charleston, SC",Berkeley County
70516,29492,SC,202204,1814.28,0.025,0.2006,Charleston,"Charleston-North Charleston, SC",Berkeley County
70516,29492,SC,202205,1858.13,0.0242,0.2178,Charleston,"Charleston-North Charleston, SC",Berkeley County
70516,29492,SC,202206,1915.49,0.0309,0.226,Charleston,"Charleston-North Charleston, SC",Berkeley County
70516,29492,SC,202207,1973.65,0.0304,0.2052,Charleston,"Charleston-North Charleston, SC",Berkeley County
70516,29492,SC,202208,1975.53,0.001,0.1491,Charleston,"Charleston-North Charleston, SC",Berkeley County
70516,29492,SC,202209,1966.28,-0.0047,0.1108,Charleston,"Charleston-North Charleston, SC",Berkeley County
70516,29492,SC,202210,1936.74,-0.015,0.1018,Charleston,"Charleston-North Charleston, SC",Berkeley County
70516,29492,SC,202211,1914.24,-0.0116,0.1034,Charleston,"Charleston-North Charleston, SC",Berkeley County
70516,29492,SC,202212,1913.11,-0.0006,0.1124,Charleston,"Charleston-North Charleston, SC",Berkeley County
70516,29492,SC,202301,1910.85,-0.0012,0.111,Charleston,"Charleston-North Charleston, SC",Berkeley County
70516,29492,SC,202302,1941.84,0.0162,0.1107,Charleston,"Charleston-North Charleston, SC",Berkeley County
70516,29492,SC,202303,1962.04,0.0104,0.1085,Charleston,"Charleston-North Charleston, SC",Berkeley County
70516,29492,SC,202304,1991.06,0.0148,0.0974,Charleston,"Charleston-North Charleston, SC",Berkeley County
70516,29492,SC,202305,2013.5,0.0113,0.0836,Charleston,"Charleston-North Charleston, SC",Berkeley County
70516,29492,SC,202306,2058.17,0.0222,0.0745,Charleston,"Charleston-North Charleston, SC",Berkeley County
70516,29492,SC,202307,2075.04,0.0082,0.0514,Charleston,"Charleston-North Charleston, SC",Berkeley County
70516,29492,SC,202308,2086.93,0.0057,0.0564,Charleston,"Charleston-North Charleston, SC",Berkeley County
70516,29492,SC,202309,2075.27,-0.0056,0.0554,Charleston,"Charleston-North Charleston, SC",Berkeley County
70516,29492,SC,202310,2054.43,-0.01,0.0608,Charleston,"Charleston-North Charleston, SC",Berkeley County
70516,29492,SC,202311,2006.01,-0.0236,0.0479,Charleston,"Charleston-North Charleston, SC",Berkeley County
70516,29492,SC,202312,1950.35,-0.0277,0.0195,Charleston,"Charleston-North Charleston, SC",Berkeley County
70516,29492,SC,202401,1995.45,0.0231,0.0443,Charleston,"Charleston-North Charleston, SC",Berkeley County
70516,29492,SC,202402,2056.98,0.0308,0.0593,Charleston,"Charleston-North Charleston, SC",Berkeley County
70516,29492,SC,202403,2111.03,0.0263,0.0759,Charleston,"Charleston-North Charleston, SC",Berkeley County
70516,29492,SC,202404,2083.51,-0.013,0.0464,Charleston,"Charleston-North Charleston, SC",Berkeley County
70516,29492,SC,202405,2063.97,-0.0094,0.0251,Charleston,"Charleston-North Charleston, SC",Berkeley County
70516,29492,SC,202406,2066.65,0.0013,0.0041,Charleston,"Charleston-North Charleston, SC",Berkeley County
70516,29492,SC,202407,2103.84,0.018,0.0139,Charleston,"Charleston-North Charleston, SC",Berkeley County
70516,29492,SC,202408,2138.48,0.0165,0.0247,Charleston,"Charleston-North Charleston, SC",Berkeley County
70516,29492,SC,202409,2157.76,0.009,0.0397,Charleston,"Charleston-North Charleston, SC",Berkeley County
70516,29492,SC,202410,2114.02,-0.0203,0.029,Charleston,"Charleston-North Charleston, SC",Berkeley County
70516,29492,SC,202411,2070.09,-0.0208,0.0319,Charleston,"Charleston-North Charleston, SC",Berkeley County
70516,29492,SC,202412,2035.69,-0.0166,0.0438,Charleston,"Charleston-North Charleston, SC",Berkeley County
70516,29492,SC,202501,2046.79,0.0055,0.0257,Charleston,"Charleston-North Charleston, SC",Berkeley County
70516,29492,SC,202502,2062.66,0.0078,0.0028,Charleston,"Charleston-North Charleston, SC",Berkeley County
70516,29492,SC,202503,2088.02,0.0123,-0.0109,Charleston,"Charleston-North Charleston, SC",Berkeley County
70516,29492,SC,202504,2108.18,0.0097,0.0118,Charleston,"Charleston-North Charleston, SC",Berkeley County
70516,29492,SC,202505,2128.55,0.0097,0.0313,Charleston,"Charleston-North Charleston, SC",Berkeley County
70516,29492,SC,202506,2136.12,0.0036,0.0336,Charleston,"Charleston-North Charleston, SC",Berkeley County
70516,29492,SC,202507,2149.01,0.006,0.0215,Charleston,"Charleston-North Charleston, SC",Berkeley County
70516,29492,SC,202508,2142.43,-0.0031,0.0018,Charleston,"Charleston-North Charleston, SC",Berkeley County
70516,29492,SC,202509,2127.76,-0.0068,-0.0139,Charleston,"Charleston-North Charleston, SC",Berkeley County
70516,29492,SC,202510,2089.08,-0.0182,-0.0118,Charleston,"Charleston-North Charleston, SC",Berkeley County
70516,29492,SC,202511,2092.6,0.0017,0.0109,Charleston,"Charleston-North Charleston, SC",Berkeley County
70516,29492,SC,202512,2111.72,0.0091,0.0374,Charleston,"Charleston-North Charleston, SC",Berkeley County
70516,29492,SC,202601,2128.99,0.0082,0.0402,Charleston,"Charleston-North Charleston, SC",Berkeley County
70516,29492,SC,202602,2105.82,-0.0109,0.0209,Charleston,"Charleston-North Charleston, SC",Berkeley County
70516,29492,SC,202603,2099.8,-0.0029,0.0056,Charleston,"Charleston-North Charleston, SC",Berkeley County
70516,29492,SC,202604,2123.89,0.0115,0.0075,Charleston,"Charleston-North Charleston, SC",Berkeley County
70516,29492,SC,202605,2178.5,0.0257,0.0235,Charleston,"Charleston-North Charleston, SC",Berkeley County
70516,29492,SC,202606,2220.32,0.0192,0.0394,Charleston,"Charleston-North Charleston, SC",Berkeley County
70516,29492,SC,202607,2245.94,0.0115,0.0451,Charleston,"Charleston-North Charleston, SC",Berkeley County
70516,29492,SC,202608,2250.55,0.0021,0.0505,Charleston,"Charleston-North Charleston, SC",Berkeley County
70518,29501,SC,202404,1431.87,,,Florence,"Florence, SC",Florence County
70518,29501,SC,202405,1459.33,0.0192,,Florence,"Florence, SC",Florence County
70518,29501,SC,202406,1461.13,0.0012,,Florence,"Florence, SC",Florence County
70518,29501,SC,202408,1457.91,-0.0022,,Florence,"Florence, SC",Florence County
70518,29501,SC,202409,1486.57,0.0197,,Florence,"Florence, SC",Florence County
70518,29501,SC,202410,1478.42,-0.0055,,Florence,"Florence, SC",Florence County
70518,29501,SC,202411,1479.77,0.0009,,Florence,"Florence, SC",Florence County
70518,29501,SC,202412,1458.97,-0.0141,,Florence,"Florence, SC",Florence County
70518,29501,SC,202501,1464.24,0.0036,,Florence,"Florence, SC",Florence County
70518,29501,SC,202502,1489.48,0.0172,,Florence,"Florence, SC",Florence County
70518,29501,SC,202503,1508.68,0.0129,,Florence,"Florence, SC",Florence County
70518,29501,SC,202504,1547.13,0.0255,,Florence,"Florence, SC",Florence County
70518,29501,SC,202505,1559.7,0.0081,0.0893,Florence,"Florence, SC",Florence County
70518,29501,SC,202506,1545.0,-0.0094,0.0587,Florence,"Florence, SC",Florence County
70518,29501,SC,202507,1530.4,-0.0094,0.0474,Florence,"Florence, SC",Florence County
70518,29501,SC,202508,1529.4,-0.0007,0.049,Florence,"Florence, SC",Florence County
70518,29501,SC,202509,1546.31,0.0111,0.0402,Florence,"Florence, SC",Florence County
70518,29501,SC,202510,1526.61,-0.0127,0.0326,Florence,"Florence, SC",Florence County
70518,29501,SC,202511,1518.79,-0.0051,0.0264,Florence,"Florence, SC",Florence County
70518,29501,SC,202512,1549.72,0.0204,0.0622,Florence,"Florence, SC",Florence County
70518,29501,SC,202601,1588.36,0.0249,0.0848,Florence,"Florence, SC",Florence County
70518,29501,SC,202602,1615.09,0.0168,0.0843,Florence,"Florence, SC",Florence County
70518,29501,SC,202603,1579.72,-0.0219,0.0471,Florence,"Florence, SC",Florence County
70518,29501,SC,202604,1567.92,-0.0075,0.0134,Florence,"Florence, SC",Florence County
70518,29501,SC,202605,1526.47,-0.0264,-0.0213,Florence,"Florence, SC",Florence County
70518,29501,SC,202606,1543.57,0.0112,-0.0009,Florence,"Florence, SC",Florence County
70518,29501,SC,202607,1551.19,0.0049,0.0136,Florence,"Florence, SC",Florence County
70518,29501,SC,202608,1572.88,0.014,0.0284,Florence,"Florence, SC",Florence County
70522,29505,SC,202502,1385.04,,,Florence,"Florence, SC",Florence County
70522,29505,SC,202503,1374.75,-0.0074,,Florence,"Florence, SC",Florence County
70522,29505,SC,202504,1348.33,-0.0192,,Florence,"Florence, SC",Florence County
70522,29505,SC,202505,1330.46,-0.0133,,Florence,"Florence, SC",Florence County
70522,29505,SC,202506,1344.57,0.0106,,Florence,"Florence, SC",Florence County
70522,29505,SC,202507,1372.72,0.0209,,Florence,"Florence, SC",Florence County
70522,29505,SC,202508,1452.81,0.0583,,Florence,"Florence, SC",Florence County
70522,29505,SC,202509,1414.32,-0.0265,,Florence,"Florence, SC",Florence County
70522,29505,SC,202510,1373.93,-0.0286,,Florence,"Florence, SC",Florence County
70522,29505,SC,202511,1291.27,-0.0602,,Florence,"Florence, SC",Florence County
70522,29505,SC,202512,1310.59,0.015,,Florence,"Florence, SC",Florence County
70522,29505,SC,202601,1363.63,0.0405,,Florence,"Florence, SC",Florence County
70522,29505,SC,202602,1407.09,0.0319,0.0159,Florence,"Florence, SC",Florence County
70522,29505,SC,202603,1442.5,0.0252,0.0493,Florence,"Florence, SC",Florence County
70522,29505,SC,202604,1426.13,-0.0114,0.0577,Florence,"Florence, SC",Florence County
70522,29505,SC,202605,1420.89,-0.0037,0.068,Florence,"Florence, SC",Florence County
70522,29505,SC,202606,1418.1,-0.002,0.0547,Florence,"Florence, SC",Florence County
70522,29505,SC,202607,1463.4,0.0319,0.0661,Florence,"Florence, SC",Florence County
70522,29505,SC,202608,1469.0,0.0038,0.0111,Florence,"Florence, SC",Florence County
70523,29506,SC,202512,972.47,,,Florence,"Florence, SC",Florence County
70523,29506,SC,202601,969.37,-0.0032,,Florence,"Florence, SC",Florence County
70523,29506,SC,202602,971.33,0.002,,Florence,"Florence, SC",Florence County
70523,29506,SC,202603,989.94,0.0192,,Florence,"Florence, SC",Florence County
70523,29506,SC,202604,1005.97,0.0162,,Florence,"Florence, SC",Florence County
70523,29506,SC,202605,1016.39,0.0104,,Florence,"Florence, SC",Florence County
70523,29506,SC,202606,1009.05,-0.0072,,Florence,"Florence, SC",Florence County
70523,29506,SC,202607,1011.58,0.0025,,Florence,"Florence, SC",Florence County
70523,29506,SC,202608,1036.11,0.0243,,Florence,"Florence, SC",Florence County
70532,29526,SC,202310,1755.16,,,Conway,"Myrtle Beach-Conway-North Myrtle Beach, SC-NC",Horry County
70532,29526,SC,202311,1750.62,-0.0026,,Conway,"Myrtle Beach-Conway-North Myrtle Beach, SC-NC",Horry County
70532,29526,SC,202312,1748.28,-0.0013,,Conway,"Myrtle Beach-Conway-North Myrtle Beach, SC-NC",Horry County
70532,29526,SC,202401,1746.56,-0.001,,Conway,"Myrtle Beach-Conway-North Myrtle Beach, SC-NC",Horry County
70532,29526,SC,202402,1770.62,0.0138,,Conway,"Myrtle Beach-Conway-North Myrtle Beach, SC-NC",Horry County
70532,29526,SC,202403,1770.1,-0.0003,,Conway,"Myrtle Beach-Conway-North Myrtle Beach, SC-NC",Horry County
70532,29526,SC,202404,1792.81,0.0128,,Conway,"Myrtle Beach-Conway-North Myrtle Beach, SC-NC",Horry County
70532,29526,SC,202405,1789.23,-0.002,,Conway,"Myrtle Beach-Conway-North Myrtle Beach, SC-NC",Horry County
70532,29526,SC,202406,1777.86,-0.0064,,Conway,"Myrtle Beach-Conway-North Myrtle Beach, SC-NC",Horry County
70532,29526,SC,202407,1782.29,0.0025,,Conway,"Myrtle Beach-Conway-North Myrtle Beach, SC-NC",Horry County
70532,29526,SC,202408,1798.56,0.0091,,Conway,"Myrtle Beach-Conway-North Myrtle Beach, SC-NC",Horry County
70532,29526,SC,202409,1822.99,0.0136,,Conway,"Myrtle Beach-Conway-North Myrtle Beach, SC-NC",Horry County
70532,29526,SC,202410,1833.99,0.006,0.0449,Conway,"Myrtle Beach-Conway-North Myrtle Beach, SC-NC",Horry County
70532,29526,SC,202411,1824.49,-0.0052,0.0422,Conway,"Myrtle Beach-Conway-North Myrtle Beach, SC-NC",Horry County
70532,29526,SC,202412,1778.28,-0.0253,0.0172,Conway,"Myrtle Beach-Conway-North Myrtle Beach, SC-NC",Horry County
70532,29526,SC,202501,1772.92,-0.003,0.0151,Conway,"Myrtle Beach-Conway-North Myrtle Beach, SC-NC",Horry County
70532,29526,SC,202502,1774.42,0.0008,0.0021,Conway,"Myrtle Beach-Conway-North Myrtle Beach, SC-NC",Horry County
70532,29526,SC,202503,1819.85,0.0256,0.0281,Conway,"Myrtle Beach-Conway-North Myrtle Beach, SC-NC",Horry County
70532,29526,SC,202504,1822.07,0.0012,0.0163,Conway,"Myrtle Beach-Conway-North Myrtle Beach, SC-NC",Horry County
70532,29526,SC,202505,1817.36,-0.0026,0.0157,Conway,"Myrtle Beach-Conway-North Myrtle Beach, SC-NC",Horry County
70532,29526,SC,202506,1845.11,0.0153,0.0378,Conway,"Myrtle Beach-Conway-North Myrtle Beach, SC-NC",Horry County
70532,29526,SC,202507,1845.3,0.0001,0.0354,Conway,"Myrtle Beach-Conway-North Myrtle Beach, SC-NC",Horry County
70532,29526,SC,202508,1873.18,0.0151,0.0415,Conway,"Myrtle Beach-Conway-North Myrtle Beach, SC-NC",Horry County
70532,29526,SC,202509,1835.18,-0.0203,0.0067,Conway,"Myrtle Beach-Conway-North Myrtle Beach, SC-NC",Horry County
70532,29526,SC,202510,1843.81,0.0047,0.0054,Conway,"Myrtle Beach-Conway-North Myrtle Beach, SC-NC",Horry County
70532,29526,SC,202511,1831.01,-0.0069,0.0036,Conway,"Myrtle Beach-Conway-North Myrtle Beach, SC-NC",Horry County
70532,29526,SC,202512,1831.74,0.0004,0.0301,Conway,"Myrtle Beach-Conway-North Myrtle Beach, SC-NC",Horry County
70532,29526,SC,202601,1819.03,-0.0069,0.026,Conway,"Myrtle Beach-Conway-North Myrtle Beach, SC-NC",Horry County
70532,29526,SC,202602,1829.8,0.0059,0.0312,Conway,"Myrtle Beach-Conway-North Myrtle Beach, SC-NC",Horry County
70532,29526,SC,202603,1831.84,0.0011,0.0066,Conway,"Myrtle Beach-Conway-North Myrtle Beach, SC-NC",Horry County
70532,29526,SC,202604,1841.69,0.0054,0.0108,Conway,"Myrtle Beach-Conway-North Myrtle Beach, SC-NC",Horry County
70532,29526,SC,202605,1837.37,-0.0023,0.011,Conway,"Myrtle Beach-Conway-North Myrtle Beach, SC-NC",Horry County
70532,29526,SC,202606,1867.57,0.0164,0.0122,Conway,"Myrtle Beach-Conway-North Myrtle Beach, SC-NC",Horry County
70532,29526,SC,202607,1882.99,0.0083,0.0204,Conway,"Myrtle Beach-Conway-North Myrtle Beach, SC-NC",Horry County
70532,29526,SC,202608,1905.05,0.0117,0.017,Conway,"Myrtle Beach-Conway-North Myrtle Beach, SC-NC",Horry County
70536,29532,SC,202607,1276.22,,,Darlington,"Florence, SC",Darlington County
70536,29532,SC,202608,1275.0,-0.001,,Darlington,"Florence, SC",Darlington County
70546,29550,SC,202603,1184.28,,,Hartsville,"Florence, SC",Darlington County
70546,29550,SC,202604,1165.87,-0.0155,,Hartsville,"Florence, SC",Darlington County
70546,29550,SC,202605,1181.27,0.0132,,Hartsville,"Florence, SC",Darlington County
70546,29550,SC,202606,1210.06,0.0244,,Hartsville,"Florence, SC",Darlington County
70546,29550,SC,202607,1230.18,0.0166,,Hartsville,"Florence, SC",Darlington County
70546,29550,SC,202608,1200.5,-0.0241,,Hartsville,"Florence, SC",Darlington County
70555,29566,SC,202402,1504.0,,,Little River,"Myrtle Beach-Conway-North Myrtle Beach, SC-NC",Horry County
70555,29566,SC,202403,1544.35,0.0268,,Little River,"Myrtle Beach-Conway-North Myrtle Beach, SC-NC",Horry County
70555,29566,SC,202404,1532.32,-0.0078,,Little River,"Myrtle Beach-Conway-North Myrtle Beach, SC-NC",Horry County
70555,29566,SC,202405,1534.6,0.0015,,Little River,"Myrtle Beach-Conway-North Myrtle Beach, SC-NC",Horry County
70555,29566,SC,202406,1502.75,-0.0208,,Little River,"Myrtle Beach-Conway-North Myrtle Beach, SC-NC",Horry County
70555,29566,SC,202407,1511.88,0.0061,,Little River,"Myrtle Beach-Conway-North Myrtle Beach, SC-NC",Horry County
70555,29566,SC,202408,1511.77,-0.0001,,Little River,"Myrtle Beach-Conway-North Myrtle Beach, SC-NC",Horry County
70555,29566,SC,202409,1549.8,0.0252,,Little River,"Myrtle Beach-Conway-North Myrtle Beach, SC-NC",Horry County
70555,29566,SC,202410,1518.34,-0.0203,,Little River,"Myrtle Beach-Conway-North Myrtle Beach, SC-NC",Horry County
70555,29566,SC,202411,1504.52,-0.0091,,Little River,"Myrtle Beach-Conway-North Myrtle Beach, SC-NC",Horry County
70555,29566,SC,202412,1485.86,-0.0124,,Little River,"Myrtle Beach-Conway-North Myrtle Beach, SC-NC",Horry County
70555,29566,SC,202501,1514.72,0.0194,,Little River,"Myrtle Beach-Conway-North Myrtle Beach, SC-NC",Horry County
70555,29566,SC,202502,1518.23,0.0023,0.0095,Little River,"Myrtle Beach-Conway-North Myrtle Beach, SC-NC",Horry County
70555,29566,SC,202503,1536.9,0.0123,-0.0048,Little River,"Myrtle Beach-Conway-North Myrtle Beach, SC-NC",Horry County
70555,29566,SC,202504,1537.97,0.0007,0.0037,Little River,"Myrtle Beach-Conway-North Myrtle Beach, SC-NC",Horry County
70555,29566,SC,202505,1559.01,0.0137,0.0159,Little River,"Myrtle Beach-Conway-North Myrtle Beach, SC-NC",Horry County
70555,29566,SC,202506,1558.0,-0.0006,0.0368,Little River,"Myrtle Beach-Conway-North Myrtle Beach, SC-NC",Horry County
70555,29566,SC,202507,1560.12,0.0014,0.0319,Little River,"Myrtle Beach-Conway-North Myrtle Beach, SC-NC",Horry County
70555,29566,SC,202508,1545.4,-0.0094,0.0223,Little River,"Myrtle Beach-Conway-North Myrtle Beach, SC-NC",Horry County
70555,29566,SC,202509,1547.29,0.0012,-0.0016,Little River,"Myrtle Beach-Conway-North Myrtle Beach, SC-NC",Horry County
70555,29566,SC,202510,1522.21,-0.0162,0.0025,Little River,"Myrtle Beach-Conway-North Myrtle Beach, SC-NC",Horry County
70555,29566,SC,202511,1511.03,-0.0073,0.0043,Little River,"Myrtle Beach-Conway-North Myrtle Beach, SC-NC",Horry County
70555,29566,SC,202512,1497.08,-0.0092,0.0076,Little River,"Myrtle Beach-Conway-North Myrtle Beach, SC-NC",Horry County
70555,29566,SC,202601,1495.71,-0.0009,-0.0125,Little River,"Myrtle Beach-Conway-North Myrtle Beach, SC-NC",Horry County
70555,29566,SC,202602,1493.77,-0.0013,-0.0161,Little River,"Myrtle Beach-Conway-North Myrtle Beach, SC-NC",Horry County
70555,29566,SC,202603,1493.82,0.0,-0.028,Little River,"Myrtle Beach-Conway-North Myrtle Beach, SC-NC",Horry County
70555,29566,SC,202604,1533.15,0.0263,-0.0031,Little River,"Myrtle Beach-Conway-North Myrtle Beach, SC-NC",Horry County
70555,29566,SC,202605,1541.99,0.0058,-0.0109,Little River,"Myrtle Beach-Conway-North Myrtle Beach, SC-NC",Horry County
70555,29566,SC,202606,1528.22,-0.0089,-0.0191,Little River,"Myrtle Beach-Conway-North Myrtle Beach, SC-NC",Horry County
70555,29566,SC,202607,1495.25,-0.0216,-0.0416,Little River,"Myrtle Beach-Conway-North Myrtle Beach, SC-NC",Horry County
70555,29566,SC,202608,1502.02,0.0045,-0.0281,Little River,"Myrtle Beach-Conway-North Myrtle Beach, SC-NC",Horry County
70557,29568,SC,202506,1745.31,,,Longs,"Myrtle Beach-Conway-North Myrtle Beach, SC-NC",Horry County
70557,29568,SC,202507,1703.29,-0.0241,,Longs,"Myrtle Beach-Conway-North Myrtle Beach, SC-NC",Horry County
70557,29568,SC,202508,1723.97,0.0121,,Longs,"Myrtle Beach-Conway-North Myrtle Beach, SC-NC",Horry County
70557,29568,SC,202509,1773.06,0.0285,,Longs,"Myrtle Beach-Conway-North Myrtle Beach, SC-NC",Horry County
70557,29568,SC,202510,1815.08,0.0237,,Longs,"Myrtle Beach-Conway-North Myrtle Beach, SC-NC",Horry County
70557,29568,SC,202511,1805.97,-0.005,,Longs,"Myrtle Beach-Conway-North Myrtle Beach, SC-NC",Horry County
70557,29568,SC,202512,1777.64,-0.0157,,Longs,"Myrtle Beach-Conway-North Myrtle Beach, SC-NC",Horry County
70557,29568,SC,202601,1796.06,0.0104,,Longs,"Myrtle Beach-Conway-North Myrtle Beach, SC-NC",Horry County
70557,29568,SC,202602,1781.75,-0.008,,Longs,"Myrtle Beach-Conway-North Myrtle Beach, SC-NC",Horry County
70557,29568,SC,202603,1800.01,0.0102,,Longs,"Myrtle Beach-Conway-North Myrtle Beach, SC-NC",Horry County
70557,29568,SC,202604,1811.25,0.0062,,Longs,"Myrtle Beach-Conway-North Myrtle Beach, SC-NC",Horry County
70557,29568,SC,202605,1821.28,0.0055,,Longs,"Myrtle Beach-Conway-North Myrtle Beach, SC-NC",Horry County
70557,29568,SC,202606,1791.29,-0.0165,0.0263,Longs,"Myrtle Beach-Conway-North Myrtle Beach, SC-NC",Horry County
70557,29568,SC,202607,1803.65,0.0069,0.0589,Longs,"Myrtle Beach-Conway-North Myrtle Beach, SC-NC",Horry County
70557,29568,SC,202608,1815.3,0.0065,0.053,Longs,"Myrtle Beach-Conway-North Myrtle Beach, SC-NC",Horry County
70561,29572,SC,202304,1556.33,,,Myrtle Beach,"Myrtle Beach-Conway-North Myrtle Beach, SC-NC",Horry County
70561,29572,SC,202305,1539.38,-0.0109,,Myrtle Beach,"Myrtle Beach-Conway-North Myrtle Beach, SC-NC",Horry County
70561,29572,SC,202306,1526.13,-0.0086,,Myrtle Beach,"Myrtle Beach-Conway-North Myrtle Beach, SC-NC",Horry County
70561,29572,SC,202307,1511.7,-0.0095,,Myrtle Beach,"Myrtle Beach-Conway-North Myrtle Beach, SC-NC",Horry County
70561,29572,SC,202308,1503.93,-0.0051,,Myrtle Beach,"Myrtle Beach-Conway-North Myrtle Beach, SC-NC",Horry County
70561,29572,SC,202309,1489.03,-0.0099,,Myrtle Beach,"Myrtle Beach-Conway-North Myrtle Beach, SC-NC",Horry County
70561,29572,SC,202310,1441.34,-0.032,,Myrtle Beach,"Myrtle Beach-Conway-North Myrtle Beach, SC-NC",Horry County
70561,29572,SC,202311,1422.86,-0.0128,,Myrtle Beach,"Myrtle Beach-Conway-North Myrtle Beach, SC-NC",Horry County
70561,29572,SC,202312,1435.88,0.0091,,Myrtle Beach,"Myrtle Beach-Conway-North Myrtle Beach, SC-NC",Horry County
70561,29572,SC,202401,1462.86,0.0188,,Myrtle Beach,"Myrtle Beach-Conway-North Myrtle Beach, SC-NC",Horry County
70561,29572,SC,202402,1476.14,0.0091,,Myrtle Beach,"Myrtle Beach-Conway-North Myrtle Beach, SC-NC",Horry County
70561,29572,SC,202403,1456.17,-0.0135,,Myrtle Beach,"Myrtle Beach-Conway-North Myrtle Beach, SC-NC",Horry County
70561,29572,SC,202404,1468.65,0.0086,-0.0563,Myrtle Beach,"Myrtle Beach-Conway-North Myrtle Beach, SC-NC",Horry County
70561,29572,SC,202405,1462.73,-0.004,-0.0498,Myrtle Beach,"Myrtle Beach-Conway-North Myrtle Beach, SC-NC",Horry County
70561,29572,SC,202406,1481.47,0.0128,-0.0293,Myrtle Beach,"Myrtle Beach-Conway-North Myrtle Beach, SC-NC",Horry County
70561,29572,SC,202407,1470.13,-0.0077,-0.0275,Myrtle Beach,"Myrtle Beach-Conway-North Myrtle Beach, SC-NC",Horry County
70561,29572,SC,202408,1477.32,0.0049,-0.0177,Myrtle Beach,"Myrtle Beach-Conway-North Myrtle Beach, SC-NC",Horry County
70561,29572,SC,202409,1472.41,-0.0033,-0.0112,Myrtle Beach,"Myrtle Beach-Conway-North Myrtle Beach, SC-NC",Horry County
70561,29572,SC,202410,1467.98,-0.003,0.0185,Myrtle Beach,"Myrtle Beach-Conway-North Myrtle Beach, SC-NC",Horry County
70561,29572,SC,202411,1441.68,-0.0179,0.0132,Myrtle Beach,"Myrtle Beach-Conway-North Myrtle Beach, SC-NC",Horry County
70561,29572,SC,202412,1395.59,-0.032,-0.0281,Myrtle Beach,"Myrtle Beach-Conway-North Myrtle Beach, SC-NC",Horry County
70561,29572,SC,202501,1395.28,-0.0002,-0.0462,Myrtle Beach,"Myrtle Beach-Conway-North Myrtle Beach, SC-NC",Horry County
70561,29572,SC,202502,1412.47,0.0123,-0.0431,Myrtle Beach,"Myrtle Beach-Conway-North Myrtle Beach, SC-NC",Horry County
70561,29572,SC,202503,1445.01,0.023,-0.0077,Myrtle Beach,"Myrtle Beach-Conway-North Myrtle Beach, SC-NC",Horry County
70561,29572,SC,202504,1448.92,0.0027,-0.0134,Myrtle Beach,"Myrtle Beach-Conway-North Myrtle Beach, SC-NC",Horry County
70561,29572,SC,202505,1450.1,0.0008,-0.0086,Myrtle Beach,"Myrtle Beach-Conway-North Myrtle Beach, SC-NC",Horry County
70561,29572,SC,202506,1458.05,0.0055,-0.0158,Myrtle Beach,"Myrtle Beach-Conway-North Myrtle Beach, SC-NC",Horry County
70561,29572,SC,202507,1460.61,0.0018,-0.0065,Myrtle Beach,"Myrtle Beach-Conway-North Myrtle Beach, SC-NC",Horry County
70561,29572,SC,202508,1456.13,-0.0031,-0.0143,Myrtle Beach,"Myrtle Beach-Conway-North Myrtle Beach, SC-NC",Horry County
70561,29572,SC,202509,1458.75,0.0018,-0.0093,Myrtle Beach,"Myrtle Beach-Conway-North Myrtle Beach, SC-NC",Horry County
70561,29572,SC,202510,1444.41,-0.0098,-0.0161,Myrtle Beach,"Myrtle Beach-Conway-North Myrtle Beach, SC-NC",Horry County
70561,29572,SC,202511,1432.06,-0.0086,-0.0067,Myrtle Beach,"Myrtle Beach-Conway-North Myrtle Beach, SC-NC",Horry County
70561,29572,SC,202512,1405.78,-0.0183,0.0073,Myrtle Beach,"Myrtle Beach-Conway-North Myrtle Beach, SC-NC",Horry County
70561,29572,SC,202601,1397.26,-0.0061,0.0014,Myrtle Beach,"Myrtle Beach-Conway-North Myrtle Beach, SC-NC",Horry County
70561,29572,SC,202602,1429.04,0.0227,0.0117,Myrtle Beach,"Myrtle Beach-Conway-North Myrtle Beach, SC-NC",Horry County
70561,29572,SC,202603,1443.06,0.0098,-0.0013,Myrtle Beach,"Myrtle Beach-Conway-North Myrtle Beach, SC-NC",Horry County
70561,29572,SC,202604,1459.4,0.0113,0.0072,Myrtle Beach,"Myrtle Beach-Conway-North Myrtle Beach, SC-NC",Horry County
70561,29572,SC,202605,1464.93,0.0038,0.0102,Myrtle Beach,"Myrtle Beach-Conway-North Myrtle Beach, SC-NC",Horry County
70561,29572,SC,202606,1512.83,0.0327,0.0376,Myrtle Beach,"Myrtle Beach-Conway-North Myrtle Beach, SC-NC",Horry County
70561,29572,SC,202607,1522.69,0.0065,0.0425,Myrtle Beach,"Myrtle Beach-Conway-North Myrtle Beach, SC-NC",Horry County
70561,29572,SC,202608,1525.03,0.0015,0.0473,Myrtle Beach,"Myrtle Beach-Conway-North Myrtle Beach, SC-NC",Horry County
70564,29575,SC,202401,1512.52,,,Surfside Beach,"Myrtle Beach-Conway-North Myrtle Beach, SC-NC",Horry County
70564,29575,SC,202403,1518.69,0.0041,,Surfside Beach,"Myrtle Beach-Conway-North Myrtle Beach, SC-NC",Horry County
70564,29575,SC,202404,1529.01,0.0068,,Surfside Beach,"Myrtle Beach-Conway-North Myrtle Beach, SC-NC",Horry County
70564,29575,SC,202405,1541.52,0.0082,,Surfside Beach,"Myrtle Beach-Conway-North Myrtle Beach, SC-NC",Horry County
70564,29575,SC,202406,1529.58,-0.0077,,Surfside Beach,"Myrtle Beach-Conway-North Myrtle Beach, SC-NC",Horry County
70564,29575,SC,202407,1534.89,0.0035,,Surfside Beach,"Myrtle Beach-Conway-North Myrtle Beach, SC-NC",Horry County
70564,29575,SC,202408,1542.91,0.0052,,Surfside Beach,"Myrtle Beach-Conway-North Myrtle Beach, SC-NC",Horry County
70564,29575,SC,202409,1545.14,0.0014,,Surfside Beach,"Myrtle Beach-Conway-North Myrtle Beach, SC-NC",Horry County
70564,29575,SC,202410,1534.0,-0.0072,,Surfside Beach,"Myrtle Beach-Conway-North Myrtle Beach, SC-NC",Horry County
70564,29575,SC,202411,1521.37,-0.0082,,Surfside Beach,"Myrtle Beach-Conway-North Myrtle Beach, SC-NC",Horry County
70564,29575,SC,202412,1517.79,-0.0024,,Surfside Beach,"Myrtle Beach-Conway-North Myrtle Beach, SC-NC",Horry County
70564,29575,SC,202501,1533.75,0.0105,,Surfside Beach,"Myrtle Beach-Conway-North Myrtle Beach, SC-NC",Horry County
70564,29575,SC,202502,1549.12,0.01,0.0242,Surfside Beach,"Myrtle Beach-Conway-North Myrtle Beach, SC-NC",Horry County
70564,29575,SC,202503,1562.27,0.0085,0.0287,Surfside Beach,"Myrtle Beach-Conway-North Myrtle Beach, SC-NC",Horry County
70564,29575,SC,202504,1554.76,-0.0048,0.0168,Surfside Beach,"Myrtle Beach-Conway-North Myrtle Beach, SC-NC",Horry County
70564,29575,SC,202505,1553.98,-0.0005,0.0081,Surfside Beach,"Myrtle Beach-Conway-North Myrtle Beach, SC-NC",Horry County
70564,29575,SC,202506,1550.94,-0.002,0.014,Surfside Beach,"Myrtle Beach-Conway-North Myrtle Beach, SC-NC",Horry County
70564,29575,SC,202507,1535.06,-0.0102,0.0001,Surfside Beach,"Myrtle Beach-Conway-North Myrtle Beach, SC-NC",Horry County
70564,29575,SC,202508,1534.91,-0.0001,-0.0052,Surfside Beach,"Myrtle Beach-Conway-North Myrtle Beach, SC-NC",Horry County
70564,29575,SC,202509,1541.04,0.004,-0.0027,Surfside Beach,"Myrtle Beach-Conway-North Myrtle Beach, SC-NC",Horry County
70564,29575,SC,202510,1554.27,0.0086,0.0132,Surfside Beach,"Myrtle Beach-Conway-North Myrtle Beach, SC-NC",Horry County
70564,29575,SC,202511,1502.02,-0.0336,-0.0127,Surfside Beach,"Myrtle Beach-Conway-North Myrtle Beach, SC-NC",Horry County
70564,29575,SC,202512,1521.71,0.0131,0.0026,Surfside Beach,"Myrtle Beach-Conway-North Myrtle Beach, SC-NC",Horry County
70564,29575,SC,202601,1539.83,0.0119,0.004,Surfside Beach,"Myrtle Beach-Conway-North Myrtle Beach, SC-NC",Horry County
70564,29575,SC,202602,1610.37,0.0458,0.0395,Surfside Beach,"Myrtle Beach-Conway-North Myrtle Beach, SC-NC",Horry County
70564,29575,SC,202603,1599.68,-0.0066,0.024,Surfside Beach,"Myrtle Beach-Conway-North Myrtle Beach, SC-NC",Horry County
70564,29575,SC,202604,1600.65,0.0006,0.0295,Surfside Beach,"Myrtle Beach-Conway-North Myrtle Beach, SC-NC",Horry County
70564,29575,SC,202605,1582.14,-0.0116,0.0181,Surfside Beach,"Myrtle Beach-Conway-North Myrtle Beach, SC-NC",Horry County
70564,29575,SC,202606,1582.63,0.0003,0.0204,Surfside Beach,"Myrtle Beach-Conway-North Myrtle Beach, SC-NC",Horry County
70564,29575,SC,202607,1587.75,0.0032,0.0343,Surfside Beach,"Myrtle Beach-Conway-North Myrtle Beach, SC-NC",Horry County
70564,29575,SC,202608,1610.53,0.0143,0.0493,Surfside Beach,"Myrtle Beach-Conway-North Myrtle Beach, SC-NC",Horry County
70565,29576,SC,202401,1802.13,,,Murrells Inlet,"Myrtle Beach-Conway-North Myrtle Beach, SC-NC",Horry County
70565,29576,SC,202402,1809.78,0.0042,,Murrells Inlet,"Myrtle Beach-Conway-North Myrtle Beach, SC-NC",Horry County
70565,29576,SC,202403,1802.64,-0.0039,,Murrells Inlet,"Myrtle Beach-Conway-North Myrtle Beach, SC-NC",Horry County
70565,29576,SC,202404,1787.39,-0.0085,,Murrells Inlet,"Myrtle Beach-Conway-North Myrtle Beach, SC-NC",Horry County
70565,29576,SC,202405,1778.35,-0.0051,,Murrells Inlet,"Myrtle Beach-Conway-North Myrtle Beach, SC-NC",Horry County
70565,29576,SC,202406,1798.58,0.0114,,Murrells Inlet,"Myrtle Beach-Conway-North Myrtle Beach, SC-NC",Horry County
70565,29576,SC,202407,1847.49,0.0272,,Murrells Inlet,"Myrtle Beach-Conway-North Myrtle Beach, SC-NC",Horry County
70565,29576,SC,202408,1864.54,0.0092,,Murrells Inlet,"Myrtle Beach-Conway-North Myrtle Beach, SC-NC",Horry County
70565,29576,SC,202409,1871.38,0.0037,,Murrells Inlet,"Myrtle Beach-Conway-North Myrtle Beach, SC-NC",Horry County
70565,29576,SC,202410,1847.12,-0.013,,Murrells Inlet,"Myrtle Beach-Conway-North Myrtle Beach, SC-NC",Horry County
70565,29576,SC,202411,1842.28,-0.0026,,Murrells Inlet,"Myrtle Beach-Conway-North Myrtle Beach, SC-NC",Horry County
70565,29576,SC,202412,1824.88,-0.0094,,Murrells Inlet,"Myrtle Beach-Conway-North Myrtle Beach, SC-NC",Horry County
70565,29576,SC,202501,1811.47,-0.0073,0.0052,Murrells Inlet,"Myrtle Beach-Conway-North Myrtle Beach, SC-NC",Horry County
70565,29576,SC,202502,1822.24,0.0059,0.0069,Murrells Inlet,"Myrtle Beach-Conway-North Myrtle Beach, SC-NC",Horry County
70565,29576,SC,202503,1831.05,0.0048,0.0158,Murrells Inlet,"Myrtle Beach-Conway-North Myrtle Beach, SC-NC",Horry County
70565,29576,SC,202504,1860.21,0.0159,0.0407,Murrells Inlet,"Myrtle Beach-Conway-North Myrtle Beach, SC-NC",Horry County
70565,29576,SC,202505,1846.71,-0.0073,0.0384,Murrells Inlet,"Myrtle Beach-Conway-North Myrtle Beach, SC-NC",Horry County
70565,29576,SC,202506,1871.89,0.0136,0.0408,Murrells Inlet,"Myrtle Beach-Conway-North Myrtle Beach, SC-NC",Horry County
70565,29576,SC,202507,1874.05,0.0012,0.0144,Murrells Inlet,"Myrtle Beach-Conway-North Myrtle Beach, SC-NC",Horry County
70565,29576,SC,202508,1910.88,0.0197,0.0249,Murrells Inlet,"Myrtle Beach-Conway-North Myrtle Beach, SC-NC",Horry County
70565,29576,SC,202509,1893.61,-0.009,0.0119,Murrells Inlet,"Myrtle Beach-Conway-North Myrtle Beach, SC-NC",Horry County
70565,29576,SC,202510,1905.1,0.0061,0.0314,Murrells Inlet,"Myrtle Beach-Conway-North Myrtle Beach, SC-NC",Horry County
70565,29576,SC,202511,1915.48,0.0055,0.0397,Murrells Inlet,"Myrtle Beach-Conway-North Myrtle Beach, SC-NC",Horry County
70565,29576,SC,202512,1884.29,-0.0163,0.0326,Murrells Inlet,"Myrtle Beach-Conway-North Myrtle Beach, SC-NC",Horry County
70565,29576,SC,202601,1878.57,-0.003,0.037,Murrells Inlet,"Myrtle Beach-Conway-North Myrtle Beach, SC-NC",Horry County
70565,29576,SC,202602,1854.45,-0.0128,0.0177,Murrells Inlet,"Myrtle Beach-Conway-North Myrtle Beach, SC-NC",Horry County
70565,29576,SC,202603,1918.61,0.0346,0.0478,Murrells Inlet,"Myrtle Beach-Conway-North Myrtle Beach, SC-NC",Horry County
70565,29576,SC,202604,1950.69,0.0167,0.0486,Murrells Inlet,"Myrtle Beach-Conway-North Myrtle Beach, SC-NC",Horry County
70565,29576,SC,202605,1978.7,0.0144,0.0715,Murrells Inlet,"Myrtle Beach-Conway-North Myrtle Beach, SC-NC",Horry County
70565,29576,SC,202606,1955.95,-0.0115,0.0449,Murrells Inlet,"Myrtle Beach-Conway-North Myrtle Beach, SC-NC",Horry County
70565,29576,SC,202607,1908.71,-0.0242,0.0185,Murrells Inlet,"Myrtle Beach-Conway-North Myrtle Beach, SC-NC",Horry County
70565,29576,SC,202608,1933.48,0.013,0.0118,Murrells Inlet,"Myrtle Beach-Conway-North Myrtle Beach, SC-NC",Horry County
70566,29577,SC,202207,1513.64,,,Myrtle Beach,"Myrtle Beach-Conway-North Myrtle Beach, SC-NC",Horry County
70566,29577,SC,202208,1565.14,0.034,,Myrtle Beach,"Myrtle Beach-Conway-North Myrtle Beach, SC-NC",Horry County
70566,29577,SC,202209,1598.41,0.0213,,Myrtle Beach,"Myrtle Beach-Conway-North Myrtle Beach, SC-NC",Horry County
70566,29577,SC,202210,1612.3,0.0087,,Myrtle Beach,"Myrtle Beach-Conway-North Myrtle Beach, SC-NC",Horry County
70566,29577,SC,202211,1538.33,-0.0459,,Myrtle Beach,"Myrtle Beach-Conway-North Myrtle Beach, SC-NC",Horry County
70566,29577,SC,202212,1528.61,-0.0063,,Myrtle Beach,"Myrtle Beach-Conway-North Myrtle Beach, SC-NC",Horry County
70566,29577,SC,202301,1506.86,-0.0142,,Myrtle Beach,"Myrtle Beach-Conway-North Myrtle Beach, SC-NC",Horry County
70566,29577,SC,202302,1507.95,0.0007,,Myrtle Beach,"Myrtle Beach-Conway-North Myrtle Beach, SC-NC",Horry County
70566,29577,SC,202303,1515.21,0.0048,,Myrtle Beach,"Myrtle Beach-Conway-North Myrtle Beach, SC-NC",Horry County
70566,29577,SC,202304,1542.74,0.0182,,Myrtle Beach,"Myrtle Beach-Conway-North Myrtle Beach, SC-NC",Horry County
70566,29577,SC,202305,1595.91,0.0345,,Myrtle Beach,"Myrtle Beach-Conway-North Myrtle Beach, SC-NC",Horry County
70566,29577,SC,202306,1601.25,0.0033,,Myrtle Beach,"Myrtle Beach-Conway-North Myrtle Beach, SC-NC",Horry County
70566,29577,SC,202307,1627.19,0.0162,0.075,Myrtle Beach,"Myrtle Beach-Conway-North Myrtle Beach, SC-NC",Horry County
70566,29577,SC,202308,1633.01,0.0036,0.0434,Myrtle Beach,"Myrtle Beach-Conway-North Myrtle Beach, SC-NC",Horry County
70566,29577,SC,202309,1646.46,0.0082,0.0301,Myrtle Beach,"Myrtle Beach-Conway-North Myrtle Beach, SC-NC",Horry County
70566,29577,SC,202310,1612.89,-0.0204,0.0004,Myrtle Beach,"Myrtle Beach-Conway-North Myrtle Beach, SC-NC",Horry County
70566,29577,SC,202311,1596.89,-0.0099,0.0381,Myrtle Beach,"Myrtle Beach-Conway-North Myrtle Beach, SC-NC",Horry County
70566,29577,SC,202312,1590.15,-0.0042,0.0403,Myrtle Beach,"Myrtle Beach-Conway-North Myrtle Beach, SC-NC",Horry County
70566,29577,SC,202401,1592.08,0.0012,0.0566,Myrtle Beach,"Myrtle Beach-Conway-North Myrtle Beach, SC-NC",Horry County
70566,29577,SC,202402,1601.28,0.0058,0.0619,Myrtle Beach,"Myrtle Beach-Conway-North Myrtle Beach, SC-NC",Horry County
70566,29577,SC,202403,1599.68,-0.001,0.0557,Myrtle Beach,"Myrtle Beach-Conway-North Myrtle Beach, SC-NC",Horry County
70566,29577,SC,202404,1611.76,0.0076,0.0447,Myrtle Beach,"Myrtle Beach-Conway-North Myrtle Beach, SC-NC",Horry County
70566,29577,SC,202405,1632.32,0.0128,0.0228,Myrtle Beach,"Myrtle Beach-Conway-North Myrtle Beach, SC-NC",Horry County
70566,29577,SC,202406,1658.26,0.0159,0.0356,Myrtle Beach,"Myrtle Beach-Conway-North Myrtle Beach, SC-NC",Horry County
70566,29577,SC,202407,1666.02,0.0047,0.0239,Myrtle Beach,"Myrtle Beach-Conway-North Myrtle Beach, SC-NC",Horry County
70566,29577,SC,202408,1669.3,0.002,0.0222,Myrtle Beach,"Myrtle Beach-Conway-North Myrtle Beach, SC-NC",Horry County
70566,29577,SC,202409,1665.22,-0.0024,0.0114,Myrtle Beach,"Myrtle Beach-Conway-North Myrtle Beach, SC-NC",Horry County
70566,29577,SC,202410,1674.36,0.0055,0.0381,Myrtle Beach,"Myrtle Beach-Conway-North Myrtle Beach, SC-NC",Horry County
70566,29577,SC,202411,1648.7,-0.0153,0.0324,Myrtle Beach,"Myrtle Beach-Conway-North Myrtle Beach, SC-NC",Horry County
70566,29577,SC,202412,1655.97,0.0044,0.0414,Myrtle Beach,"Myrtle Beach-Conway-North Myrtle Beach, SC-NC",Horry County
70566,29577,SC,202501,1655.88,-0.0001,0.0401,Myrtle Beach,"Myrtle Beach-Conway-North Myrtle Beach, SC-NC",Horry County
70566,29577,SC,202502,1675.27,0.0117,0.0462,Myrtle Beach,"Myrtle Beach-Conway-North Myrtle Beach, SC-NC",Horry County
70566,29577,SC,202503,1674.59,-0.0004,0.0468,Myrtle Beach,"Myrtle Beach-Conway-North Myrtle Beach, SC-NC",Horry County
70566,29577,SC,202504,1681.19,0.0039,0.0431,Myrtle Beach,"Myrtle Beach-Conway-North Myrtle Beach, SC-NC",Horry County
70566,29577,SC,202505,1672.99,-0.0049,0.0249,Myrtle Beach,"Myrtle Beach-Conway-North Myrtle Beach, SC-NC",Horry County
70566,29577,SC,202506,1678.14,0.0031,0.012,Myrtle Beach,"Myrtle Beach-Conway-North Myrtle Beach, SC-NC",Horry County
70566,29577,SC,202507,1675.18,-0.0018,0.0055,Myrtle Beach,"Myrtle Beach-Conway-North Myrtle Beach, SC-NC",Horry County
70566,29577,SC,202508,1676.02,0.0005,0.004,Myrtle Beach,"Myrtle Beach-Conway-North Myrtle Beach, SC-NC",Horry County
70566,29577,SC,202509,1680.42,0.0026,0.0091,Myrtle Beach,"Myrtle Beach-Conway-North Myrtle Beach, SC-NC",Horry County
70566,29577,SC,202510,1677.06,-0.002,0.0016,Myrtle Beach,"Myrtle Beach-Conway-North Myrtle Beach, SC-NC",Horry County
70566,29577,SC,202511,1708.24,0.0186,0.0361,Myrtle Beach,"Myrtle Beach-Conway-North Myrtle Beach, SC-NC",Horry County
70566,29577,SC,202512,1703.27,-0.0029,0.0286,Myrtle Beach,"Myrtle Beach-Conway-North Myrtle Beach, SC-NC",Horry County
70566,29577,SC,202601,1709.99,0.0039,0.0327,Myrtle Beach,"Myrtle Beach-Conway-North Myrtle Beach, SC-NC",Horry County
70566,29577,SC,202602,1677.57,-0.019,0.0014,Myrtle Beach,"Myrtle Beach-Conway-North Myrtle Beach, SC-NC",Horry County
70566,29577,SC,202603,1661.28,-0.0097,-0.008,Myrtle Beach,"Myrtle Beach-Conway-North Myrtle Beach, SC-NC",Horry County
70566,29577,SC,202604,1650.61,-0.0064,-0.0182,Myrtle Beach,"Myrtle Beach-Conway-North Myrtle Beach, SC-NC",Horry County
70566,29577,SC,202605,1662.28,0.0071,-0.0064,Myrtle Beach,"Myrtle Beach-Conway-North Myrtle Beach, SC-NC",Horry County
70566,29577,SC,202606,1672.99,0.0064,-0.0031,Myrtle Beach,"Myrtle Beach-Conway-North Myrtle Beach, SC-NC",Horry County
70566,29577,SC,202607,1704.44,0.0188,0.0175,Myrtle Beach,"Myrtle Beach-Conway-North Myrtle Beach, SC-NC",Horry County
70566,29577,SC,202608,1725.06,0.0121,0.0293,Myrtle Beach,"Myrtle Beach-Conway-North Myrtle Beach, SC-NC",Horry County
70568,29579,SC,201511,1019.63,,,Myrtle Beach,"Myrtle Beach-Conway-North Myrtle Beach, SC-NC",Horry County
70568,29579,SC,201512,1005.13,-0.0142,,Myrtle Beach,"Myrtle Beach-Conway-North Myrtle Beach, SC-NC",Horry County
70568,29579,SC,201601,1004.71,-0.0004,,Myrtle Beach,"Myrtle Beach-Conway-North Myrtle Beach, SC-NC",Horry County
70568,29579,SC,201602,1012.02,0.0073,,Myrtle Beach,"Myrtle Beach-Conway-North Myrtle Beach, SC-NC",Horry County
70568,29579,SC,201603,1015.51,0.0034,,Myrtle Beach,"Myrtle Beach-Conway-North Myrtle Beach, SC-NC",Horry County
70568,29579,SC,201604,1027.65,0.012,,Myrtle Beach,"Myrtle Beach-Conway-North Myrtle Beach, SC-NC",Horry County
70568,29579,SC,201605,1018.53,-0.0089,,Myrtle Beach,"Myrtle Beach-Conway-North Myrtle Beach, SC-NC",Horry County
70568,29579,SC,201606,1053.2,0.034,,Myrtle Beach,"Myrtle Beach-Conway-North Myrtle Beach, SC-NC",Horry County
70568,29579,SC,201607,1058.6,0.0051,,Myrtle Beach,"Myrtle Beach-Conway-North Myrtle Beach, SC-NC",Horry County
70568,29579,SC,201608,1076.96,0.0173,,Myrtle Beach,"Myrtle Beach-Conway-North Myrtle Beach, SC-NC",Horry County
70568,29579,SC,201609,1067.32,-0.0089,,Myrtle Beach,"Myrtle Beach-Conway-North Myrtle Beach, SC-NC",Horry County
70568,29579,SC,201610,1064.01,-0.0031,,Myrtle Beach,"Myrtle Beach-Conway-North Myrtle Beach, SC-NC",Horry County
70568,29579,SC,201611,1068.87,0.0046,0.0483,Myrtle Beach,"Myrtle Beach-Conway-North Myrtle Beach, SC-NC",Horry County
70568,29579,SC,201612,1065.19,-0.0034,0.0597,Myrtle Beach,"Myrtle Beach-Conway-North Myrtle Beach, SC-NC",Horry County
70568,29579,SC,201701,1071.06,0.0055,0.066,Myrtle Beach,"Myrtle Beach-Conway-North Myrtle Beach, SC-NC",Horry County
70568,29579,SC,201702,1076.25,0.0048,0.0635,Myrtle Beach,"Myrtle Beach-Conway-North Myrtle Beach, SC-NC",Horry County
70568,29579,SC,201703,1071.11,-0.0048,0.0548,Myrtle Beach,"Myrtle Beach-Conway-North Myrtle Beach, SC-NC",Horry County
70568,29579,SC,201704,1058.62,-0.0117,0.0301,Myrtle Beach,"Myrtle Beach-Conway-North Myrtle Beach, SC-NC",Horry County
70568,29579,SC,201705,1062.59,0.0037,0.0433,Myrtle Beach,"Myrtle Beach-Conway-North Myrtle Beach, SC-NC",Horry County
70568,29579,SC,201706,1099.93,0.0351,0.0444,Myrtle Beach,"Myrtle Beach-Conway-North Myrtle Beach, SC-NC",Horry County
70568,29579,SC,201707,1122.0,0.0201,0.0599,Myrtle Beach,"Myrtle Beach-Conway-North Myrtle Beach, SC-NC",Horry County
70568,29579,SC,201708,1121.97,-0.0,0.0418,Myrtle Beach,"Myrtle Beach-Conway-North Myrtle Beach, SC-NC",Horry County
70568,29579,SC,201709,1101.92,-0.0179,0.0324,Myrtle Beach,"Myrtle Beach-Conway-North Myrtle Beach, SC-NC",Horry County
70568,29579,SC,201710,1105.12,0.0029,0.0386,Myrtle Beach,"Myrtle Beach-Conway-North Myrtle Beach, SC-NC",Horry County
70568,29579,SC,201711,1113.54,0.0076,0.0418,Myrtle Beach,"Myrtle Beach-Conway-North Myrtle Beach, SC-NC",Horry County
70568,29579,SC,201712,1118.08,0.0041,0.0497,Myrtle Beach,"Myrtle Beach-Conway-North Myrtle Beach, SC-NC",Horry County
70568,29579,SC,201801,1123.11,0.0045,0.0486,Myrtle Beach,"Myrtle Beach-Conway-North Myrtle Beach, SC-NC",Horry County
70568,29579,SC,201802,1128.57,0.0049,0.0486,Myrtle Beach,"Myrtle Beach-Conway-North Myrtle Beach, SC-NC",Horry County
70568,29579,SC,201803,1140.71,0.0108,0.065,Myrtle Beach,"Myrtle Beach-Conway-North Myrtle Beach, SC-NC",Horry County
70568,29579,SC,201804,1140.33,-0.0003,0.0772,Myrtle Beach,"Myrtle Beach-Conway-North Myrtle Beach, SC-NC",Horry County
70568,29579,SC,201805,1152.3,0.0105,0.0844,Myrtle Beach,"Myrtle Beach-Conway-North Myrtle Beach, SC-NC",Horry County
70568,29579,SC,201806,1161.41,0.0079,0.0559,Myrtle Beach,"Myrtle Beach-Conway-North Myrtle Beach, SC-NC",Horry County
70568,29579,SC,201807,1174.07,0.0109,0.0464,Myrtle Beach,"Myrtle Beach-Conway-North Myrtle Beach, SC-NC",Horry County
70568,29579,SC,201808,1153.21,-0.0178,0.0278,Myrtle Beach,"Myrtle Beach-Conway-North Myrtle Beach, SC-NC",Horry County
70568,29579,SC,201809,1149.16,-0.0035,0.0429,Myrtle Beach,"Myrtle Beach-Conway-North Myrtle Beach, SC-NC",Horry County
70568,29579,SC,201810,1141.23,-0.0069,0.0327,Myrtle Beach,"Myrtle Beach-Conway-North Myrtle Beach, SC-NC",Horry County
70568,29579,SC,201811,1173.67,0.0284,0.054,Myrtle Beach,"Myrtle Beach-Conway-North Myrtle Beach, SC-NC",Horry County
70568,29579,SC,201812,1165.21,-0.0072,0.0422,Myrtle Beach,"Myrtle Beach-Conway-North Myrtle Beach, SC-NC",Horry County
70568,29579,SC,201901,1168.03,0.0024,0.04,Myrtle Beach,"Myrtle Beach-Conway-North Myrtle Beach, SC-NC",Horry County
70568,29579,SC,201902,1158.13,-0.0085,0.0262,Myrtle Beach,"Myrtle Beach-Conway-North Myrtle Beach, SC-NC",Horry County
70568,29579,SC,201903,1176.9,0.0162,0.0317,Myrtle Beach,"Myrtle Beach-Conway-North Myrtle Beach, SC-NC",Horry County
70568,29579,SC,201904,1179.02,0.0018,0.0339,Myrtle Beach,"Myrtle Beach-Conway-North Myrtle Beach, SC-NC",Horry County
70568,29579,SC,201905,1202.74,0.0201,0.0438,Myrtle Beach,"Myrtle Beach-Conway-North Myrtle Beach, SC-NC",Horry County
70568,29579,SC,201906,1206.45,0.0031,0.0388,Myrtle Beach,"Myrtle Beach-Conway-North Myrtle Beach, SC-NC",Horry County
70568,29579,SC,201907,1232.68,0.0217,0.0499,Myrtle Beach,"Myrtle Beach-Conway-North Myrtle Beach, SC-NC",Horry County
70568,29579,SC,201908,1232.5,-0.0001,0.0688,Myrtle Beach,"Myrtle Beach-Conway-North Myrtle Beach, SC-NC",Horry County
70568,29579,SC,201909,1219.87,-0.0102,0.0615,Myrtle Beach,"Myrtle Beach-Conway-North Myrtle Beach, SC-NC",Horry County
70568,29579,SC,201910,1216.85,-0.0025,0.0663,Myrtle Beach,"Myrtle Beach-Conway-North Myrtle Beach, SC-NC",Horry County
70568,29579,SC,201911,1213.77,-0.0025,0.0342,Myrtle Beach,"Myrtle Beach-Conway-North Myrtle Beach, SC-NC",Horry County
70568,29579,SC,201912,1232.22,0.0152,0.0575,Myrtle Beach,"Myrtle Beach-Conway-North Myrtle Beach, SC-NC",Horry County
70568,29579,SC,202001,1231.14,-0.0009,0.054,Myrtle Beach,"Myrtle Beach-Conway-North Myrtle Beach, SC-NC",Horry County
70568,29579,SC,202002,1229.33,-0.0015,0.0615,Myrtle Beach,"Myrtle Beach-Conway-North Myrtle Beach, SC-NC",Horry County
70568,29579,SC,202003,1226.95,-0.0019,0.0425,Myrtle Beach,"Myrtle Beach-Conway-North Myrtle Beach, SC-NC",Horry County
70568,29579,SC,202004,1217.13,-0.008,0.0323,Myrtle Beach,"Myrtle Beach-Conway-North Myrtle Beach, SC-NC",Horry County
70568,29579,SC,202005,1209.94,-0.0059,0.006,Myrtle Beach,"Myrtle Beach-Conway-North Myrtle Beach, SC-NC",Horry County
70568,29579,SC,202006,1227.97,0.0149,0.0178,Myrtle Beach,"Myrtle Beach-Conway-North Myrtle Beach, SC-NC",Horry County
70568,29579,SC,202007,1235.07,0.0058,0.0019,Myrtle Beach,"Myrtle Beach-Conway-North Myrtle Beach, SC-NC",Horry County
70568,29579,SC,202008,1257.18,0.0179,0.02,Myrtle Beach,"Myrtle Beach-Conway-North Myrtle Beach, SC-NC",Horry County
70568,29579,SC,202009,1258.1,0.0007,0.0313,Myrtle Beach,"Myrtle Beach-Conway-North Myrtle Beach, SC-NC",Horry County
70568,29579,SC,202010,1266.44,0.0066,0.0408,Myrtle Beach,"Myrtle Beach-Conway-North Myrtle Beach, SC-NC",Horry County
70568,29579,SC,202011,1288.19,0.0172,0.0613,Myrtle Beach,"Myrtle Beach-Conway-North Myrtle Beach, SC-NC",Horry County
70568,29579,SC,202012,1283.78,-0.0034,0.0418,Myrtle Beach,"Myrtle Beach-Conway-North Myrtle Beach, SC-NC",Horry County
70568,29579,SC,202101,1294.21,0.0081,0.0512,Myrtle Beach,"Myrtle Beach-Conway-North Myrtle Beach, SC-NC",Horry County
70568,29579,SC,202102,1276.07,-0.014,0.038,Myrtle Beach,"Myrtle Beach-Conway-North Myrtle Beach, SC-NC",Horry County
70568,29579,SC,202103,1304.46,0.0222,0.0632,Myrtle Beach,"Myrtle Beach-Conway-North Myrtle Beach, SC-NC",Horry County
70568,29579,SC,202104,1321.9,0.0134,0.0861,Myrtle Beach,"Myrtle Beach-Conway-North Myrtle Beach, SC-NC",Horry County
70568,29579,SC,202105,1364.49,0.0322,0.1277,Myrtle Beach,"Myrtle Beach-Conway-North Myrtle Beach, SC-NC",Horry County
70568,29579,SC,202106,1395.49,0.0227,0.1364,Myrtle Beach,"Myrtle Beach-Conway-North Myrtle Beach, SC-NC",Horry County
70568,29579,SC,202107,1457.0,0.0441,0.1797,Myrtle Beach,"Myrtle Beach-Conway-North Myrtle Beach, SC-NC",Horry County
70568,29579,SC,202108,1499.47,0.0291,0.1927,Myrtle Beach,"Myrtle Beach-Conway-North Myrtle Beach, SC-NC",Horry County
70568,29579,SC,202109,1534.16,0.0231,0.2194,Myrtle Beach,"Myrtle Beach-Conway-North Myrtle Beach, SC-NC",Horry County
70568,29579,SC,202110,1562.83,0.0187,0.234,Myrtle Beach,"Myrtle Beach-Conway-North Myrtle Beach, SC-NC",Horry County
70568,29579,SC,202111,1578.81,0.0102,0.2256,Myrtle Beach,"Myrtle Beach-Conway-North Myrtle Beach, SC-NC",Horry County
70568,29579,SC,202112,1603.73,0.0158,0.2492,Myrtle Beach,"Myrtle Beach-Conway-North Myrtle Beach, SC-NC",Horry County
70568,29579,SC,202201,1590.35,-0.0083,0.2288,Myrtle Beach,"Myrtle Beach-Conway-North Myrtle Beach, SC-NC",Horry County
70568,29579,SC,202202,1591.98,0.001,0.2476,Myrtle Beach,"Myrtle Beach-Conway-North Myrtle Beach, SC-NC",Horry County
70568,29579,SC,202203,1605.78,0.0087,0.231,Myrtle Beach,"Myrtle Beach-Conway-North Myrtle Beach, SC-NC",Horry County
70568,29579,SC,202204,1658.42,0.0328,0.2546,Myrtle Beach,"Myrtle Beach-Conway-North Myrtle Beach, SC-NC",Horry County
70568,29579,SC,202205,1696.56,0.023,0.2434,Myrtle Beach,"Myrtle Beach-Conway-North Myrtle Beach, SC-NC",Horry County
70568,29579,SC,202206,1711.08,0.0086,0.2262,Myrtle Beach,"Myrtle Beach-Conway-North Myrtle Beach, SC-NC",Horry County
70568,29579,SC,202207,1705.23,-0.0034,0.1704,Myrtle Beach,"Myrtle Beach-Conway-North Myrtle Beach, SC-NC",Horry County
70568,29579,SC,202208,1734.7,0.0173,0.1569,Myrtle Beach,"Myrtle Beach-Conway-North Myrtle Beach, SC-NC",Horry County
70568,29579,SC,202209,1740.63,0.0034,0.1346,Myrtle Beach,"Myrtle Beach-Conway-North Myrtle Beach, SC-NC",Horry County
70568,29579,SC,202210,1749.34,0.005,0.1193,Myrtle Beach,"Myrtle Beach-Conway-North Myrtle Beach, SC-NC",Horry County
70568,29579,SC,202211,1745.75,-0.0021,0.1057,Myrtle Beach,"Myrtle Beach-Conway-North Myrtle Beach, SC-NC",Horry County
70568,29579,SC,202212,1739.95,-0.0033,0.0849,Myrtle Beach,"Myrtle Beach-Conway-North Myrtle Beach, SC-NC",Horry County
70568,29579,SC,202301,1735.12,-0.0028,0.091,Myrtle Beach,"Myrtle Beach-Conway-North Myrtle Beach, SC-NC",Horry County
70568,29579,SC,202302,1723.29,-0.0068,0.0825,Myrtle Beach,"Myrtle Beach-Conway-North Myrtle Beach, SC-NC",Horry County
70568,29579,SC,202303,1725.19,0.0011,0.0744,Myrtle Beach,"Myrtle Beach-Conway-North Myrtle Beach, SC-NC",Horry County
70568,29579,SC,202304,1727.61,0.0014,0.0417,Myrtle Beach,"Myrtle Beach-Conway-North Myrtle Beach, SC-NC",Horry County
70568,29579,SC,202305,1722.91,-0.0027,0.0155,Myrtle Beach,"Myrtle Beach-Conway-North Myrtle Beach, SC-NC",Horry County
70568,29579,SC,202306,1731.09,0.0047,0.0117,Myrtle Beach,"Myrtle Beach-Conway-North Myrtle Beach, SC-NC",Horry County
70568,29579,SC,202307,1740.17,0.0052,0.0205,Myrtle Beach,"Myrtle Beach-Conway-North Myrtle Beach, SC-NC",Horry County
70568,29579,SC,202308,1742.62,0.0014,0.0046,Myrtle Beach,"Myrtle Beach-Conway-North Myrtle Beach, SC-NC",Horry County
70568,29579,SC,202309,1740.5,-0.0012,-0.0001,Myrtle Beach,"Myrtle Beach-Conway-North Myrtle Beach, SC-NC",Horry County
70568,29579,SC,202310,1720.57,-0.0114,-0.0164,Myrtle Beach,"Myrtle Beach-Conway-North Myrtle Beach, SC-NC",Horry County
70568,29579,SC,202311,1708.81,-0.0068,-0.0212,Myrtle Beach,"Myrtle Beach-Conway-North Myrtle Beach, SC-NC",Horry County
70568,29579,SC,202312,1703.94,-0.0028,-0.0207,Myrtle Beach,"Myrtle Beach-Conway-North Myrtle Beach, SC-NC",Horry County
70568,29579,SC,202401,1719.07,0.0089,-0.0093,Myrtle Beach,"Myrtle Beach-Conway-North Myrtle Beach, SC-NC",Horry County
70568,29579,SC,202402,1728.14,0.0053,0.0028,Myrtle Beach,"Myrtle Beach-Conway-North Myrtle Beach, SC-NC",Horry County
70568,29579,SC,202403,1738.72,0.0061,0.0078,Myrtle Beach,"Myrtle Beach-Conway-North Myrtle Beach, SC-NC",Horry County
70568,29579,SC,202404,1740.91,0.0013,0.0077,Myrtle Beach,"Myrtle Beach-Conway-North Myrtle Beach, SC-NC",Horry County
70568,29579,SC,202405,1745.18,0.0025,0.0129,Myrtle Beach,"Myrtle Beach-Conway-North Myrtle Beach, SC-NC",Horry County
70568,29579,SC,202406,1749.27,0.0023,0.0105,Myrtle Beach,"Myrtle Beach-Conway-North Myrtle Beach, SC-NC",Horry County
70568,29579,SC,202407,1744.96,-0.0025,0.0028,Myrtle Beach,"Myrtle Beach-Conway-North Myrtle Beach, SC-NC",Horry County
70568,29579,SC,202408,1755.46,0.006,0.0074,Myrtle Beach,"Myrtle Beach-Conway-North Myrtle Beach, SC-NC",Horry County
70568,29579,SC,202409,1759.36,0.0022,0.0108,Myrtle Beach,"Myrtle Beach-Conway-North Myrtle Beach, SC-NC",Horry County
70568,29579,SC,202410,1768.61,0.0053,0.0279,Myrtle Beach,"Myrtle Beach-Conway-North Myrtle Beach, SC-NC",Horry County
70568,29579,SC,202411,1755.19,-0.0076,0.0271,Myrtle Beach,"Myrtle Beach-Conway-North Myrtle Beach, SC-NC",Horry County
70568,29579,SC,202412,1736.81,-0.0105,0.0193,Myrtle Beach,"Myrtle Beach-Conway-North Myrtle Beach, SC-NC",Horry County
70568,29579,SC,202501,1734.38,-0.0014,0.0089,Myrtle Beach,"Myrtle Beach-Conway-North Myrtle Beach, SC-NC",Horry County
70568,29579,SC,202502,1743.62,0.0053,0.009,Myrtle Beach,"Myrtle Beach-Conway-North Myrtle Beach, SC-NC",Horry County
70568,29579,SC,202503,1755.81,0.007,0.0098,Myrtle Beach,"Myrtle Beach-Conway-North Myrtle Beach, SC-NC",Horry County
70568,29579,SC,202504,1748.35,-0.0043,0.0043,Myrtle Beach,"Myrtle Beach-Conway-North Myrtle Beach, SC-NC",Horry County
70568,29579,SC,202505,1739.19,-0.0052,-0.0034,Myrtle Beach,"Myrtle Beach-Conway-North Myrtle Beach, SC-NC",Horry County
70568,29579,SC,202506,1742.32,0.0018,-0.004,Myrtle Beach,"Myrtle Beach-Conway-North Myrtle Beach, SC-NC",Horry County
70568,29579,SC,202507,1746.29,0.0023,0.0008,Myrtle Beach,"Myrtle Beach-Conway-North Myrtle Beach, SC-NC",Horry County
70568,29579,SC,202508,1739.47,-0.0039,-0.0091,Myrtle Beach,"Myrtle Beach-Conway-North Myrtle Beach, SC-NC",Horry County
70568,29579,SC,202509,1742.38,0.0017,-0.0097,Myrtle Beach,"Myrtle Beach-Conway-North Myrtle Beach, SC-NC",Horry County
70568,29579,SC,202510,1736.16,-0.0036,-0.0183,Myrtle Beach,"Myrtle Beach-Conway-North Myrtle Beach, SC-NC",Horry County
70568,29579,SC,202511,1738.99,0.0016,-0.0092,Myrtle Beach,"Myrtle Beach-Conway-North Myrtle Beach, SC-NC",Horry County
70568,29579,SC,202512,1716.57,-0.0129,-0.0117,Myrtle Beach,"Myrtle Beach-Conway-North Myrtle Beach, SC-NC",Horry County
70568,29579,SC,202601,1712.69,-0.0023,-0.0125,Myrtle Beach,"Myrtle Beach-Conway-North Myrtle Beach, SC-NC",Horry County
70568,29579,SC,202602,1713.25,0.0003,-0.0174,Myrtle Beach,"Myrtle Beach-Conway-North Myrtle Beach, SC-NC",Horry County
70568,29579,SC,202603,1723.42,0.0059,-0.0185,Myrtle Beach,"Myrtle Beach-Conway-North Myrtle Beach, SC-NC",Horry County
70568,29579,SC,202604,1720.8,-0.0015,-0.0158,Myrtle Beach,"Myrtle Beach-Conway-North Myrtle Beach, SC-NC",Horry County
70568,29579,SC,202605,1722.48,0.001,-0.0096,Myrtle Beach,"Myrtle Beach-Conway-North Myrtle Beach, SC-NC",Horry County
70568,29579,SC,202606,1723.7,0.0007,-0.0107,Myrtle Beach,"Myrtle Beach-Conway-North Myrtle Beach, SC-NC",Horry County
70568,29579,SC,202607,1731.73,0.0047,-0.0083,Myrtle Beach,"Myrtle Beach-Conway-North Myrtle Beach, SC-NC",Horry County
70568,29579,SC,202608,1749.08,0.01,0.0055,Myrtle Beach,"Myrtle Beach-Conway-North Myrtle Beach, SC-NC",Horry County
70571,29582,SC,202407,1586.64,,,North Myrtle Beach,"Myrtle Beach-Conway-North Myrtle Beach, SC-NC",Horry County
70571,29582,SC,202408,1584.14,-0.0016,,North Myrtle Beach,"Myrtle Beach-Conway-North Myrtle Beach, SC-NC",Horry County
70571,29582,SC,202409,1582.38,-0.0011,,North Myrtle Beach,"Myrtle Beach-Conway-North Myrtle Beach, SC-NC",Horry County
70571,29582,SC,202410,1557.37,-0.0158,,North Myrtle Beach,"Myrtle Beach-Conway-North Myrtle Beach, SC-NC",Horry County
70571,29582,SC,202411,1540.43,-0.0109,,North Myrtle Beach,"Myrtle Beach-Conway-North Myrtle Beach, SC-NC",Horry County
70571,29582,SC,202412,1531.82,-0.0056,,North Myrtle Beach,"Myrtle Beach-Conway-North Myrtle Beach, SC-NC",Horry County
70571,29582,SC,202501,1512.82,-0.0124,,North Myrtle Beach,"Myrtle Beach-Conway-North Myrtle Beach, SC-NC",Horry County
70571,29582,SC,202502,1484.97,-0.0184,,North Myrtle Beach,"Myrtle Beach-Conway-North Myrtle Beach, SC-NC",Horry County
70571,29582,SC,202503,1494.88,0.0067,,North Myrtle Beach,"Myrtle Beach-Conway-North Myrtle Beach, SC-NC",Horry County
70571,29582,SC,202504,1522.56,0.0185,,North Myrtle Beach,"Myrtle Beach-Conway-North Myrtle Beach, SC-NC",Horry County
70571,29582,SC,202505,1582.51,0.0394,,North Myrtle Beach,"Myrtle Beach-Conway-North Myrtle Beach, SC-NC",Horry County
70571,29582,SC,202506,1603.89,0.0135,,North Myrtle Beach,"Myrtle Beach-Conway-North Myrtle Beach, SC-NC",Horry County
70571,29582,SC,202507,1607.81,0.0024,0.0133,North Myrtle Beach,"Myrtle Beach-Conway-North Myrtle Beach, SC-NC",Horry County
70571,29582,SC,202508,1610.78,0.0018,0.0168,North Myrtle Beach,"Myrtle Beach-Conway-North Myrtle Beach, SC-NC",Horry County
70571,29582,SC,202509,1619.5,0.0054,0.0235,North Myrtle Beach,"Myrtle Beach-Conway-North Myrtle Beach, SC-NC",Horry County
70571,29582,SC,202510,1616.61,-0.0018,0.038,North Myrtle Beach,"Myrtle Beach-Conway-North Myrtle Beach, SC-NC",Horry County
70571,29582,SC,202511,1560.87,-0.0345,0.0133,North Myrtle Beach,"Myrtle Beach-Conway-North Myrtle Beach, SC-NC",Horry County
70571,29582,SC,202512,1503.62,-0.0367,-0.0184,North Myrtle Beach,"Myrtle Beach-Conway-North Myrtle Beach, SC-NC",Horry County
70571,29582,SC,202601,1484.66,-0.0126,-0.0186,North Myrtle Beach,"Myrtle Beach-Conway-North Myrtle Beach, SC-NC",Horry County
70571,29582,SC,202602,1568.07,0.0562,0.056,North Myrtle Beach,"Myrtle Beach-Conway-North Myrtle Beach, SC-NC",Horry County
70571,29582,SC,202603,1608.83,0.026,0.0762,North Myrtle Beach,"Myrtle Beach-Conway-North Myrtle Beach, SC-NC",Horry County
70571,29582,SC,202604,1821.19,0.132,0.1961,North Myrtle Beach,"Myrtle Beach-Conway-North Myrtle Beach, SC-NC",Horry County
70571,29582,SC,202605,1807.66,-0.0074,0.1423,North Myrtle Beach,"Myrtle Beach-Conway-North Myrtle Beach, SC-NC",Horry County
70571,29582,SC,202606,1890.81,0.046,0.1789,North Myrtle Beach,"Myrtle Beach-Conway-North Myrtle Beach, SC-NC",Horry County
70571,29582,SC,202607,1764.55,-0.0668,0.0975,North Myrtle Beach,"Myrtle Beach-Conway-North Myrtle Beach, SC-NC",Horry County
70571,29582,SC,202608,1822.72,0.033,0.1316,North Myrtle Beach,"Myrtle Beach-Conway-North Myrtle Beach, SC-NC",Horry County
70574,29585,SC,202607,1870.01,,,Pawleys Island,"Georgetown, SC",Georgetown County
70574,29585,SC,202608,1913.0,0.023,,Pawleys Island,"Georgetown, SC",Georgetown County
70576,29588,SC,202303,1493.01,,,Myrtle Beach,"Myrtle Beach-Conway-North Myrtle Beach, SC-NC",Horry County
70576,29588,SC,202304,1475.97,-0.0114,,Myrtle Beach,"Myrtle Beach-Conway-North Myrtle Beach, SC-NC",Horry County
70576,29588,SC,202305,1497.3,0.0145,,Myrtle Beach,"Myrtle Beach-Conway-North Myrtle Beach, SC-NC",Horry County
70576,29588,SC,202306,1440.24,-0.0381,,Myrtle Beach,"Myrtle Beach-Conway-North Myrtle Beach, SC-NC",Horry County
70576,29588,SC,202307,1473.65,0.0232,,Myrtle Beach,"Myrtle Beach-Conway-North Myrtle Beach, SC-NC",Horry County
70576,29588,SC,202308,1473.99,0.0002,,Myrtle Beach,"Myrtle Beach-Conway-North Myrtle Beach, SC-NC",Horry County
70576,29588,SC,202309,1561.36,0.0593,,Myrtle Beach,"Myrtle Beach-Conway-North Myrtle Beach, SC-NC",Horry County
70576,29588,SC,202310,1579.13,0.0114,,Myrtle Beach,"Myrtle Beach-Conway-North Myrtle Beach, SC-NC",Horry County
70576,29588,SC,202311,1574.99,-0.0026,,Myrtle Beach,"Myrtle Beach-Conway-North Myrtle Beach, SC-NC",Horry County
70576,29588,SC,202312,1544.16,-0.0196,,Myrtle Beach,"Myrtle Beach-Conway-North Myrtle Beach, SC-NC",Horry County
70576,29588,SC,202401,1523.93,-0.0131,,Myrtle Beach,"Myrtle Beach-Conway-North Myrtle Beach, SC-NC",Horry County
70576,29588,SC,202402,1542.18,0.012,,Myrtle Beach,"Myrtle Beach-Conway-North Myrtle Beach, SC-NC",Horry County
70576,29588,SC,202403,1557.24,0.0098,0.043,Myrtle Beach,"Myrtle Beach-Conway-North Myrtle Beach, SC-NC",Horry County
70576,29588,SC,202404,1582.25,0.0161,0.072,Myrtle Beach,"Myrtle Beach-Conway-North Myrtle Beach, SC-NC",Horry County
70576,29588,SC,202405,1580.99,-0.0008,0.0559,Myrtle Beach,"Myrtle Beach-Conway-North Myrtle Beach, SC-NC",Horry County
70576,29588,SC,202406,1589.76,0.0055,0.1038,Myrtle Beach,"Myrtle Beach-Conway-North Myrtle Beach, SC-NC",Horry County
70576,29588,SC,202407,1568.42,-0.0134,0.0643,Myrtle Beach,"Myrtle Beach-Conway-North Myrtle Beach, SC-NC",Horry County
70576,29588,SC,202408,1589.2,0.0133,0.0782,Myrtle Beach,"Myrtle Beach-Conway-North Myrtle Beach, SC-NC",Horry County
70576,29588,SC,202409,1607.1,0.0113,0.0293,Myrtle Beach,"Myrtle Beach-Conway-North Myrtle Beach, SC-NC",Horry County
70576,29588,SC,202410,1620.45,0.0083,0.0262,Myrtle Beach,"Myrtle Beach-Conway-North Myrtle Beach, SC-NC",Horry County
70576,29588,SC,202411,1611.47,-0.0055,0.0232,Myrtle Beach,"Myrtle Beach-Conway-North Myrtle Beach, SC-NC",Horry County
70576,29588,SC,202412,1604.02,-0.0046,0.0388,Myrtle Beach,"Myrtle Beach-Conway-North Myrtle Beach, SC-NC",Horry County
70576,29588,SC,202501,1582.14,-0.0136,0.0382,Myrtle Beach,"Myrtle Beach-Conway-North Myrtle Beach, SC-NC",Horry County
70576,29588,SC,202502,1579.23,-0.0018,0.024,Myrtle Beach,"Myrtle Beach-Conway-North Myrtle Beach, SC-NC",Horry County
70576,29588,SC,202503,1567.47,-0.0074,0.0066,Myrtle Beach,"Myrtle Beach-Conway-North Myrtle Beach, SC-NC",Horry County
70576,29588,SC,202504,1590.44,0.0147,0.0052,Myrtle Beach,"Myrtle Beach-Conway-North Myrtle Beach, SC-NC",Horry County
70576,29588,SC,202505,1596.51,0.0038,0.0098,Myrtle Beach,"Myrtle Beach-Conway-North Myrtle Beach, SC-NC",Horry County
70576,29588,SC,202506,1604.82,0.0052,0.0095,Myrtle Beach,"Myrtle Beach-Conway-North Myrtle Beach, SC-NC",Horry County
70576,29588,SC,202507,1607.13,0.0014,0.0247,Myrtle Beach,"Myrtle Beach-Conway-North Myrtle Beach, SC-NC",Horry County
70576,29588,SC,202508,1639.7,0.0203,0.0318,Myrtle Beach,"Myrtle Beach-Conway-North Myrtle Beach, SC-NC",Horry County
70576,29588,SC,202509,1644.16,0.0027,0.0231,Myrtle Beach,"Myrtle Beach-Conway-North Myrtle Beach, SC-NC",Horry County
70576,29588,SC,202510,1644.68,0.0003,0.015,Myrtle Beach,"Myrtle Beach-Conway-North Myrtle Beach, SC-NC",Horry County
70576,29588,SC,202511,1577.31,-0.041,-0.0212,Myrtle Beach,"Myrtle Beach-Conway-North Myrtle Beach, SC-NC",Horry County
70576,29588,SC,202512,1581.89,0.0029,-0.0138,Myrtle Beach,"Myrtle Beach-Conway-North Myrtle Beach, SC-NC",Horry County
70576,29588,SC,202601,1579.99,-0.0012,-0.0014,Myrtle Beach,"Myrtle Beach-Conway-North Myrtle Beach, SC-NC",Horry County
70576,29588,SC,202602,1609.93,0.019,0.0194,Myrtle Beach,"Myrtle Beach-Conway-North Myrtle Beach, SC-NC",Horry County
70576,29588,SC,202603,1608.84,-0.0007,0.0264,Myrtle Beach,"Myrtle Beach-Conway-North Myrtle Beach, SC-NC",Horry County
70576,29588,SC,202604,1618.26,0.0059,0.0175,Myrtle Beach,"Myrtle Beach-Conway-North Myrtle Beach, SC-NC",Horry County
70576,29588,SC,202605,1617.18,-0.0007,0.0129,Myrtle Beach,"Myrtle Beach-Conway-North Myrtle Beach, SC-NC",Horry County
70576,29588,SC,202606,1618.58,0.0009,0.0086,Myrtle Beach,"Myrtle Beach-Conway-North Myrtle Beach, SC-NC",Horry County
70576,29588,SC,202607,1615.32,-0.002,0.0051,Myrtle Beach,"Myrtle Beach-Conway-North Myrtle Beach, SC-NC",Horry County
70576,29588,SC,202608,1622.83,0.0046,-0.0103,Myrtle Beach,"Myrtle Beach-Conway-North Myrtle Beach, SC-NC",Horry County
70586,29601,SC,201609,1210.4,,,Greenville,"Greenville-Anderson, SC",Greenville County
70586,29601,SC,201610,1196.87,-0.0112,,Greenville,"Greenville-Anderson, SC",Greenville County
70586,29601,SC,201611,1185.81,-0.0092,,Greenville,"Greenville-Anderson, SC",Greenville County
70586,29601,SC,201612,1196.24,0.0088,,Greenville,"Greenville-Anderson, SC",Greenville County
70586,29601,SC,201701,1222.53,0.022,,Greenville,"Greenville-Anderson, SC",Greenville County
70586,29601,SC,201702,1213.49,-0.0074,,Greenville,"Greenville-Anderson, SC",Greenville County
70586,29601,SC,201703,1212.91,-0.0005,,Greenville,"Greenville-Anderson, SC",Greenville County
70586,29601,SC,201704,1218.78,0.0048,,Greenville,"Greenville-Anderson, SC",Greenville County
70586,29601,SC,201705,1233.56,0.0121,,Greenville,"Greenville-Anderson, SC",Greenville County
70586,29601,SC,201706,1255.02,0.0174,,Greenville,"Greenville-Anderson, SC",Greenville County
70586,29601,SC,201707,1275.1,0.016,,Greenville,"Greenville-Anderson, SC",Greenville County
70586,29601,SC,201708,1293.95,0.0148,,Greenville,"Greenville-Anderson, SC",Greenville County
70586,29601,SC,201709,1240.83,-0.041,0.0251,Greenville,"Greenville-Anderson, SC",Greenville County
70586,29601,SC,201710,1215.77,-0.0202,0.0158,Greenville,"Greenville-Anderson, SC",Greenville County
70586,29601,SC,201711,1202.16,-0.0112,0.0138,Greenville,"Greenville-Anderson, SC",Greenville County
70586,29601,SC,201712,1224.92,0.0189,0.024,Greenville,"Greenville-Anderson, SC",Greenville County
70586,29601,SC,201801,1235.25,0.0084,0.0104,Greenville,"Greenville-Anderson, SC",Greenville County
70586,29601,SC,201802,1246.56,0.0092,0.0272,Greenville,"Greenville-Anderson, SC",Greenville County
70586,29601,SC,201803,1263.85,0.0139,0.042,Greenville,"Greenville-Anderson, SC",Greenville County
70586,29601,SC,201804,1296.65,0.026,0.0639,Greenville,"Greenville-Anderson, SC",Greenville County
70586,29601,SC,201805,1309.48,0.0099,0.0616,Greenville,"Greenville-Anderson, SC",Greenville County
70586,29601,SC,201806,1340.31,0.0235,0.068,Greenville,"Greenville-Anderson, SC",Greenville County
70586,29601,SC,201807,1343.26,0.0022,0.0535,Greenville,"Greenville-Anderson, SC",Greenville County
70586,29601,SC,201808,1343.36,0.0001,0.0382,Greenville,"Greenville-Anderson, SC",Greenville County
70586,29601,SC,201809,1310.28,-0.0246,0.056,Greenville,"Greenville-Anderson, SC",Greenville County
70586,29601,SC,201810,1294.15,-0.0123,0.0645,Greenville,"Greenville-Anderson, SC",Greenville County
70586,29601,SC,201811,1297.92,0.0029,0.0797,Greenville,"Greenville-Anderson, SC",Greenville County
70586,29601,SC,201812,1314.91,0.0131,0.0735,Greenville,"Greenville-Anderson, SC",Greenville County
70586,29601,SC,201901,1320.8,0.0045,0.0693,Greenville,"Greenville-Anderson, SC",Greenville County
70586,29601,SC,201902,1305.23,-0.0118,0.0471,Greenville,"Greenville-Anderson, SC",Greenville County
70586,29601,SC,201903,1274.59,-0.0235,0.0085,Greenville,"Greenville-Anderson, SC",Greenville County
70586,29601,SC,201904,1269.73,-0.0038,-0.0208,Greenville,"Greenville-Anderson, SC",Greenville County
70586,29601,SC,201905,1302.37,0.0257,-0.0054,Greenville,"Greenville-Anderson, SC",Greenville County
70586,29601,SC,201906,1344.46,0.0323,0.0031,Greenville,"Greenville-Anderson, SC",Greenville County
70586,29601,SC,201907,1353.83,0.007,0.0079,Greenville,"Greenville-Anderson, SC",Greenville County
70586,29601,SC,201908,1329.46,-0.018,-0.0103,Greenville,"Greenville-Anderson, SC",Greenville County
70586,29601,SC,201909,1329.62,0.0001,0.0148,Greenville,"Greenville-Anderson, SC",Greenville County
70586,29601,SC,201910,1339.69,0.0076,0.0352,Greenville,"Greenville-Anderson, SC",Greenville County
70586,29601,SC,201911,1354.02,0.0107,0.0432,Greenville,"Greenville-Anderson, SC",Greenville County
70586,29601,SC,201912,1335.04,-0.014,0.0153,Greenville,"Greenville-Anderson, SC",Greenville County
70586,29601,SC,202001,1339.45,0.0033,0.0141,Greenville,"Greenville-Anderson, SC",Greenville County
70586,29601,SC,202002,1351.64,0.0091,0.0356,Greenville,"Greenville-Anderson, SC",Greenville County
70586,29601,SC,202003,1370.08,0.0136,0.0749,Greenville,"Greenville-Anderson, SC",Greenville County
70586,29601,SC,202004,1366.28,-0.0028,0.076,Greenville,"Greenville-Anderson, SC",Greenville County
70586,29601,SC,202005,1360.42,-0.0043,0.0446,Greenville,"Greenville-Anderson, SC",Greenville County
70586,29601,SC,202006,1362.12,0.0013,0.0131,Greenville,"Greenville-Anderson, SC",Greenville County
70586,29601,SC,202007,1337.76,-0.0179,-0.0119,Greenville,"Greenville-Anderson, SC",Greenville County
70586,29601,SC,202008,1336.5,-0.0009,0.0053,Greenville,"Greenville-Anderson, SC",Greenville County
70586,29601,SC,202009,1320.48,-0.012,-0.0069,Greenville,"Greenville-Anderson, SC",Greenville County
70586,29601,SC,202010,1343.33,0.0173,0.0027,Greenville,"Greenville-Anderson, SC",Greenville County
70586,29601,SC,202011,1333.63,-0.0072,-0.0151,Greenville,"Greenville-Anderson, SC",Greenville County
70586,29601,SC,202012,1345.35,0.0088,0.0077,Greenville,"Greenville-Anderson, SC",Greenville County
70586,29601,SC,202101,1361.04,0.0117,0.0161,Greenville,"Greenville-Anderson, SC",Greenville County
70586,29601,SC,202102,1394.34,0.0245,0.0316,Greenville,"Greenville-Anderson, SC",Greenville County
70586,29601,SC,202103,1427.63,0.0239,0.042,Greenville,"Greenville-Anderson, SC",Greenville County
70586,29601,SC,202104,1446.36,0.0131,0.0586,Greenville,"Greenville-Anderson, SC",Greenville County
70586,29601,SC,202105,1478.32,0.0221,0.0867,Greenville,"Greenville-Anderson, SC",Greenville County
70586,29601,SC,202106,1525.8,0.0321,0.1202,Greenville,"Greenville-Anderson, SC",Greenville County
70586,29601,SC,202107,1561.83,0.0236,0.1675,Greenville,"Greenville-Anderson, SC",Greenville County
70586,29601,SC,202108,1584.98,0.0148,0.1859,Greenville,"Greenville-Anderson, SC",Greenville County
70586,29601,SC,202109,1568.61,-0.0103,0.1879,Greenville,"Greenville-Anderson, SC",Greenville County
70586,29601,SC,202110,1566.19,-0.0015,0.1659,Greenville,"Greenville-Anderson, SC",Greenville County
70586,29601,SC,202111,1533.17,-0.0211,0.1496,Greenville,"Greenville-Anderson, SC",Greenville County
70586,29601,SC,202112,1529.91,-0.0021,0.1372,Greenville,"Greenville-Anderson, SC",Greenville County
70586,29601,SC,202201,1531.2,0.0008,0.125,Greenville,"Greenville-Anderson, SC",Greenville County
70586,29601,SC,202202,1537.26,0.004,0.1025,Greenville,"Greenville-Anderson, SC",Greenville County
70586,29601,SC,202203,1557.43,0.0131,0.0909,Greenville,"Greenville-Anderson, SC",Greenville County
70586,29601,SC,202204,1578.85,0.0138,0.0916,Greenville,"Greenville-Anderson, SC",Greenville County
70586,29601,SC,202205,1639.06,0.0381,0.1087,Greenville,"Greenville-Anderson, SC",Greenville County
70586,29601,SC,202206,1683.04,0.0268,0.1031,Greenville,"Greenville-Anderson, SC",Greenville County
70586,29601,SC,202207,1736.41,0.0317,0.1118,Greenville,"Greenville-Anderson, SC",Greenville County
70586,29601,SC,202208,1753.58,0.0099,0.1064,Greenville,"Greenville-Anderson, SC",Greenville County
70586,29601,SC,202209,1730.66,-0.0131,0.1033,Greenville,"Greenville-Anderson, SC",Greenville County
70586,29601,SC,202210,1710.36,-0.0117,0.0921,Greenville,"Greenville-Anderson, SC",Greenville County
70586,29601,SC,202211,1701.47,-0.0052,0.1098,Greenville,"Greenville-Anderson, SC",Greenville County
70586,29601,SC,202212,1728.5,0.0159,0.1298,Greenville,"Greenville-Anderson, SC",Greenville County
70586,29601,SC,202301,1704.65,-0.0138,0.1133,Greenville,"Greenville-Anderson, SC",Greenville County
70586,29601,SC,202302,1700.23,-0.0026,0.106,Greenville,"Greenville-Anderson, SC",Greenville County
70586,29601,SC,202303,1672.52,-0.0163,0.0739,Greenville,"Greenville-Anderson, SC",Greenville County
70586,29601,SC,202304,1691.06,0.0111,0.0711,Greenville,"Greenville-Anderson, SC",Greenville County
70586,29601,SC,202305,1682.74,-0.0049,0.0267,Greenville,"Greenville-Anderson, SC",Greenville County
70586,29601,SC,202306,1688.73,0.0036,0.0034,Greenville,"Greenville-Anderson, SC",Greenville County
70586,29601,SC,202307,1666.4,-0.0132,-0.0403,Greenville,"Greenville-Anderson, SC",Greenville County
70586,29601,SC,202308,1650.75,-0.0094,-0.0586,Greenville,"Greenville-Anderson, SC",Greenville County
70586,29601,SC,202309,1656.95,0.0038,-0.0426,Greenville,"Greenville-Anderson, SC",Greenville County
70586,29601,SC,202310,1663.14,0.0037,-0.0276,Greenville,"Greenville-Anderson, SC",Greenville County
70586,29601,SC,202311,1677.96,0.0089,-0.0138,Greenville,"Greenville-Anderson, SC",Greenville County
70586,29601,SC,202312,1681.86,0.0023,-0.027,Greenville,"Greenville-Anderson, SC",Greenville County
70586,29601,SC,202401,1695.41,0.0081,-0.0054,Greenville,"Greenville-Anderson, SC",Greenville County
70586,29601,SC,202402,1685.15,-0.0061,-0.0089,Greenville,"Greenville-Anderson, SC",Greenville County
70586,29601,SC,202403,1673.88,-0.0067,0.0008,Greenville,"Greenville-Anderson, SC",Greenville County
70586,29601,SC,202404,1678.24,0.0026,-0.0076,Greenville,"Greenville-Anderson, SC",Greenville County
70586,29601,SC,202405,1711.54,0.0198,0.0171,Greenville,"Greenville-Anderson, SC",Greenville County
70586,29601,SC,202406,1754.51,0.0251,0.039,Greenville,"Greenville-Anderson, SC",Greenville County
70586,29601,SC,202407,1758.48,0.0023,0.0553,Greenville,"Greenville-Anderson, SC",Greenville County
70586,29601,SC,202408,1743.97,-0.0083,0.0565,Greenville,"Greenville-Anderson, SC",Greenville County
70586,29601,SC,202409,1706.09,-0.0217,0.0297,Greenville,"Greenville-Anderson, SC",Greenville County
70586,29601,SC,202410,1693.47,-0.0074,0.0182,Greenville,"Greenville-Anderson, SC",Greenville County
70586,29601,SC,202411,1701.12,0.0045,0.0138,Greenville,"Greenville-Anderson, SC",Greenville County
70586,29601,SC,202412,1726.91,0.0152,0.0268,Greenville,"Greenville-Anderson, SC",Greenville County
70586,29601,SC,202501,1767.59,0.0236,0.0426,Greenville,"Greenville-Anderson, SC",Greenville County
70586,29601,SC,202502,1805.74,0.0216,0.0716,Greenville,"Greenville-Anderson, SC",Greenville County
70586,29601,SC,202503,1821.24,0.0086,0.088,Greenville,"Greenville-Anderson, SC",Greenville County
70586,29601,SC,202504,1835.78,0.008,0.0939,Greenville,"Greenville-Anderson, SC",Greenville County
70586,29601,SC,202505,1821.4,-0.0078,0.0642,Greenville,"Greenville-Anderson, SC",Greenville County
70586,29601,SC,202506,1823.05,0.0009,0.0391,Greenville,"Greenville-Anderson, SC",Greenville County
70586,29601,SC,202507,1811.55,-0.0063,0.0302,Greenville,"Greenville-Anderson, SC",Greenville County
70586,29601,SC,202508,1781.32,-0.0167,0.0214,Greenville,"Greenville-Anderson, SC",Greenville County
70586,29601,SC,202509,1755.72,-0.0144,0.0291,Greenville,"Greenville-Anderson, SC",Greenville County
70586,29601,SC,202510,1721.76,-0.0193,0.0167,Greenville,"Greenville-Anderson, SC",Greenville County
70586,29601,SC,202511,1716.01,-0.0033,0.0088,Greenville,"Greenville-Anderson, SC",Greenville County
70586,29601,SC,202512,1718.33,0.0014,-0.005,Greenville,"Greenville-Anderson, SC",Greenville County
70586,29601,SC,202601,1722.45,0.0024,-0.0255,Greenville,"Greenville-Anderson, SC",Greenville County
70586,29601,SC,202602,1769.16,0.0271,-0.0203,Greenville,"Greenville-Anderson, SC",Greenville County
70586,29601,SC,202603,1769.13,-0.0,-0.0286,Greenville,"Greenville-Anderson, SC",Greenville County
70586,29601,SC,202604,1793.44,0.0137,-0.0231,Greenville,"Greenville-Anderson, SC",Greenville County
70586,29601,SC,202605,1798.89,0.003,-0.0124,Greenville,"Greenville-Anderson, SC",Greenville County
70586,29601,SC,202606,1851.01,0.029,0.0153,Greenville,"Greenville-Anderson, SC",Greenville County
70586,29601,SC,202607,1863.23,0.0066,0.0285,Greenville,"Greenville-Anderson, SC",Greenville County
70586,29601,SC,202608,1840.97,-0.0119,0.0335,Greenville,"Greenville-Anderson, SC",Greenville County
70590,29605,SC,201604,924.12,,,Greenville,"Greenville-Anderson, SC",Greenville County
70590,29605,SC,201605,932.74,0.0093,,Greenville,"Greenville-Anderson, SC",Greenville County
70590,29605,SC,201606,934.68,0.0021,,Greenville,"Greenville-Anderson, SC",Greenville County
70590,29605,SC,201607,936.2,0.0016,,Greenville,"Greenville-Anderson, SC",Greenville County
70590,29605,SC,201608,937.41,0.0013,,Greenville,"Greenville-Anderson, SC",Greenville County
70590,29605,SC,201609,931.78,-0.006,,Greenville,"Greenville-Anderson, SC",Greenville County
70590,29605,SC,201610,950.15,0.0197,,Greenville,"Greenville-Anderson, SC",Greenville County
70590,29605,SC,201611,957.26,0.0075,,Greenville,"Greenville-Anderson, SC",Greenville County
70590,29605,SC,201612,981.31,0.0251,,Greenville,"Greenville-Anderson, SC",Greenville County
70590,29605,SC,201701,964.29,-0.0173,,Greenville,"Greenville-Anderson, SC",Greenville County
70590,29605,SC,201702,973.79,0.0098,,Greenville,"Greenville-Anderson, SC",Greenville County
70590,29605,SC,201703,961.4,-0.0127,,Greenville,"Greenville-Anderson, SC",Greenville County
70590,29605,SC,201704,988.51,0.0282,0.0697,Greenville,"Greenville-Anderson, SC",Greenville County
70590,29605,SC,201705,997.77,0.0094,0.0697,Greenville,"Greenville-Anderson, SC",Greenville County
70590,29605,SC,201706,1009.78,0.012,0.0803,Greenville,"Greenville-Anderson, SC",Greenville County
70590,29605,SC,201707,1003.92,-0.0058,0.0723,Greenville,"Greenville-Anderson, SC",Greenville County
70590,29605,SC,201708,992.28,-0.0116,0.0585,Greenville,"Greenville-Anderson, SC",Greenville County
70590,29605,SC,201709,991.08,-0.0012,0.0636,Greenville,"Greenville-Anderson, SC",Greenville County
70590,29605,SC,201710,1001.51,0.0105,0.054,Greenville,"Greenville-Anderson, SC",Greenville County
70590,29605,SC,201711,1002.34,0.0008,0.0471,Greenville,"Greenville-Anderson, SC",Greenville County
70590,29605,SC,201712,1008.72,0.0064,0.0279,Greenville,"Greenville-Anderson, SC",Greenville County
70590,29605,SC,201801,1005.22,-0.0035,0.0424,Greenville,"Greenville-Anderson, SC",Greenville County
70590,29605,SC,201802,1014.39,0.0091,0.0417,Greenville,"Greenville-Anderson, SC",Greenville County
70590,29605,SC,201803,1022.08,0.0076,0.0631,Greenville,"Greenville-Anderson, SC",Greenville County
70590,29605,SC,201804,1033.8,0.0115,0.0458,Greenville,"Greenville-Anderson, SC",Greenville County
70590,29605,SC,201805,1034.29,0.0005,0.0366,Greenville,"Greenville-Anderson, SC",Greenville County
70590,29605,SC,201806,1042.33,0.0078,0.0322,Greenville,"Greenville-Anderson, SC",Greenville County
70590,29605,SC,201807,1043.88,0.0015,0.0398,Greenville,"Greenville-Anderson, SC",Greenville County
70590,29605,SC,201808,1050.51,0.0063,0.0587,Greenville,"Greenville-Anderson, SC",Greenville County
70590,29605,SC,201809,1040.09,-0.0099,0.0495,Greenville,"Greenville-Anderson, SC",Greenville County
70590,29605,SC,201810,1044.27,0.004,0.0427,Greenville,"Greenville-Anderson, SC",Greenville County
70590,29605,SC,201811,1049.99,0.0055,0.0475,Greenville,"Greenville-Anderson, SC",Greenville County
70590,29605,SC,201812,1051.21,0.0012,0.0421,Greenville,"Greenville-Anderson, SC",Greenville County
70590,29605,SC,201901,1065.73,0.0138,0.0602,Greenville,"Greenville-Anderson, SC",Greenville County
70590,29605,SC,201902,1073.49,0.0073,0.0583,Greenville,"Greenville-Anderson, SC",Greenville County
70590,29605,SC,201903,1091.3,0.0166,0.0677,Greenville,"Greenville-Anderson, SC",Greenville County
70590,29605,SC,201904,1098.74,0.0068,0.0628,Greenville,"Greenville-Anderson, SC",Greenville County
70590,29605,SC,201905,1118.55,0.018,0.0815,Greenville,"Greenville-Anderson, SC",Greenville County
70590,29605,SC,201906,1125.28,0.006,0.0796,Greenville,"Greenville-Anderson, SC",Greenville County
70590,29605,SC,201907,1117.98,-0.0065,0.071,Greenville,"Greenville-Anderson, SC",Greenville County
70590,29605,SC,201908,1095.51,-0.0201,0.0428,Greenville,"Greenville-Anderson, SC",Greenville County
70590,29605,SC,201909,1099.1,0.0033,0.0567,Greenville,"Greenville-Anderson, SC",Greenville County
70590,29605,SC,201910,1110.06,0.01,0.063,Greenville,"Greenville-Anderson, SC",Greenville County
70590,29605,SC,201911,1131.15,0.019,0.0773,Greenville,"Greenville-Anderson, SC",Greenville County
70590,29605,SC,201912,1127.84,-0.0029,0.0729,Greenville,"Greenville-Anderson, SC",Greenville County
70590,29605,SC,202001,1122.19,-0.005,0.053,Greenville,"Greenville-Anderson, SC",Greenville County
70590,29605,SC,202002,1127.66,0.0049,0.0505,Greenville,"Greenville-Anderson, SC",Greenville County
70590,29605,SC,202003,1131.29,0.0032,0.0366,Greenville,"Greenville-Anderson, SC",Greenville County
70590,29605,SC,202004,1157.89,0.0235,0.0538,Greenville,"Greenville-Anderson, SC",Greenville County
70590,29605,SC,202005,1161.96,0.0035,0.0388,Greenville,"Greenville-Anderson, SC",Greenville County
70590,29605,SC,202006,1185.51,0.0203,0.0535,Greenville,"Greenville-Anderson, SC",Greenville County
70590,29605,SC,202007,1178.08,-0.0063,0.0538,Greenville,"Greenville-Anderson, SC",Greenville County
70590,29605,SC,202008,1205.18,0.023,0.1001,Greenville,"Greenville-Anderson, SC",Greenville County
70590,29605,SC,202009,1200.95,-0.0035,0.0927,Greenville,"Greenville-Anderson, SC",Greenville County
70590,29605,SC,202010,1202.49,0.0013,0.0833,Greenville,"Greenville-Anderson, SC",Greenville County
70590,29605,SC,202011,1198.83,-0.003,0.0598,Greenville,"Greenville-Anderson, SC",Greenville County
70590,29605,SC,202012,1218.08,0.0161,0.08,Greenville,"Greenville-Anderson, SC",Greenville County
70590,29605,SC,202101,1240.75,0.0186,0.1057,Greenville,"Greenville-Anderson, SC",Greenville County
70590,29605,SC,202102,1244.47,0.003,0.1036,Greenville,"Greenville-Anderson, SC",Greenville County
70590,29605,SC,202103,1246.11,0.0013,0.1015,Greenville,"Greenville-Anderson, SC",Greenville County
70590,29605,SC,202104,1256.54,0.0084,0.0852,Greenville,"Greenville-Anderson, SC",Greenville County
70590,29605,SC,202105,1270.02,0.0107,0.093,Greenville,"Greenville-Anderson, SC",Greenville County
70590,29605,SC,202106,1287.59,0.0138,0.0861,Greenville,"Greenville-Anderson, SC",Greenville County
70590,29605,SC,202107,1295.25,0.0059,0.0995,Greenville,"Greenville-Anderson, SC",Greenville County
70590,29605,SC,202108,1304.96,0.0075,0.0828,Greenville,"Greenville-Anderson, SC",Greenville County
70590,29605,SC,202109,1320.74,0.0121,0.0997,Greenville,"Greenville-Anderson, SC",Greenville County
70590,29605,SC,202110,1329.91,0.0069,0.106,Greenville,"Greenville-Anderson, SC",Greenville County
70590,29605,SC,202111,1350.29,0.0153,0.1263,Greenville,"Greenville-Anderson, SC",Greenville County
70590,29605,SC,202112,1356.19,0.0044,0.1134,Greenville,"Greenville-Anderson, SC",Greenville County
70590,29605,SC,202201,1374.06,0.0132,0.1074,Greenville,"Greenville-Anderson, SC",Greenville County
70590,29605,SC,202202,1391.62,0.0128,0.1182,Greenville,"Greenville-Anderson, SC",Greenville County
70590,29605,SC,202203,1414.8,0.0167,0.1354,Greenville,"Greenville-Anderson, SC",Greenville County
70590,29605,SC,202204,1413.81,-0.0007,0.1252,Greenville,"Greenville-Anderson, SC",Greenville County
70590,29605,SC,202205,1417.09,0.0023,0.1158,Greenville,"Greenville-Anderson, SC",Greenville County
70590,29605,SC,202206,1429.7,0.0089,0.1104,Greenville,"Greenville-Anderson, SC",Greenville County
70590,29605,SC,202207,1471.78,0.0294,0.1363,Greenville,"Greenville-Anderson, SC",Greenville County
70590,29605,SC,202208,1497.61,0.0175,0.1476,Greenville,"Greenville-Anderson, SC",Greenville County
70590,29605,SC,202209,1512.49,0.0099,0.1452,Greenville,"Greenville-Anderson, SC",Greenville County
70590,29605,SC,202210,1505.08,-0.0049,0.1317,Greenville,"Greenville-Anderson, SC",Greenville County
70590,29605,SC,202211,1462.34,-0.0284,0.083,Greenville,"Greenville-Anderson, SC",Greenville County
70590,29605,SC,202212,1449.75,-0.0086,0.069,Greenville,"Greenville-Anderson, SC",Greenville County
70590,29605,SC,202301,1470.13,0.0141,0.0699,Greenville,"Greenville-Anderson, SC",Greenville County
70590,29605,SC,202302,1505.08,0.0238,0.0815,Greenville,"Greenville-Anderson, SC",Greenville County
70590,29605,SC,202303,1534.17,0.0193,0.0844,Greenville,"Greenville-Anderson, SC",Greenville County
70590,29605,SC,202304,1540.17,0.0039,0.0894,Greenville,"Greenville-Anderson, SC",Greenville County
70590,29605,SC,202305,1560.47,0.0132,0.1012,Greenville,"Greenville-Anderson, SC",Greenville County
70590,29605,SC,202306,1554.76,-0.0037,0.0875,Greenville,"Greenville-Anderson, SC",Greenville County
70590,29605,SC,202307,1563.57,0.0057,0.0624,Greenville,"Greenville-Anderson, SC",Greenville County
70590,29605,SC,202308,1567.45,0.0025,0.0466,Greenville,"Greenville-Anderson, SC",Greenville County
70590,29605,SC,202309,1587.69,0.0129,0.0497,Greenville,"Greenville-Anderson, SC",Greenville County
70590,29605,SC,202310,1575.25,-0.0078,0.0466,Greenville,"Greenville-Anderson, SC",Greenville County
70590,29605,SC,202311,1572.73,-0.0016,0.0755,Greenville,"Greenville-Anderson, SC",Greenville County
70590,29605,SC,202312,1572.6,-0.0001,0.0847,Greenville,"Greenville-Anderson, SC",Greenville County
70590,29605,SC,202401,1584.48,0.0076,0.0778,Greenville,"Greenville-Anderson, SC",Greenville County
70590,29605,SC,202402,1586.23,0.0011,0.0539,Greenville,"Greenville-Anderson, SC",Greenville County
70590,29605,SC,202403,1580.78,-0.0034,0.0304,Greenville,"Greenville-Anderson, SC",Greenville County
70590,29605,SC,202404,1586.86,0.0038,0.0303,Greenville,"Greenville-Anderson, SC",Greenville County
70590,29605,SC,202405,1606.21,0.0122,0.0293,Greenville,"Greenville-Anderson, SC",Greenville County
70590,29605,SC,202406,1623.97,0.0111,0.0445,Greenville,"Greenville-Anderson, SC",Greenville County
70590,29605,SC,202407,1622.91,-0.0007,0.038,Greenville,"Greenville-Anderson, SC",Greenville County
70590,29605,SC,202408,1618.47,-0.0027,0.0326,Greenville,"Greenville-Anderson, SC",Greenville County
70590,29605,SC,202409,1620.04,0.001,0.0204,Greenville,"Greenville-Anderson, SC",Greenville County
70590,29605,SC,202410,1641.96,0.0135,0.0423,Greenville,"Greenville-Anderson, SC",Greenville County
70590,29605,SC,202411,1656.7,0.009,0.0534,Greenville,"Greenville-Anderson, SC",Greenville County
70590,29605,SC,202412,1657.86,0.0007,0.0542,Greenville,"Greenville-Anderson, SC",Greenville County
70590,29605,SC,202501,1648.56,-0.0056,0.0404,Greenville,"Greenville-Anderson, SC",Greenville County
70590,29605,SC,202502,1663.06,0.0088,0.0484,Greenville,"Greenville-Anderson, SC",Greenville County
70590,29605,SC,202503,1688.12,0.0151,0.0679,Greenville,"Greenville-Anderson, SC",Greenville County
70590,29605,SC,202504,1703.08,0.0089,0.0732,Greenville,"Greenville-Anderson, SC",Greenville County
70590,29605,SC,202505,1697.44,-0.0033,0.0568,Greenville,"Greenville-Anderson, SC",Greenville County
70590,29605,SC,202506,1683.24,-0.0084,0.0365,Greenville,"Greenville-Anderson, SC",Greenville County
70590,29605,SC,202507,1686.07,0.0017,0.0389,Greenville,"Greenville-Anderson, SC",Greenville County
70590,29605,SC,202508,1689.25,0.0019,0.0437,Greenville,"Greenville-Anderson, SC",Greenville County
70590,29605,SC,202509,1689.14,-0.0001,0.0427,Greenville,"Greenville-Anderson, SC",Greenville County
70590,29605,SC,202510,1697.27,0.0048,0.0337,Greenville,"Greenville-Anderson, SC",Greenville County
70590,29605,SC,202511,1685.74,-0.0068,0.0175,Greenville,"Greenville-Anderson, SC",Greenville County
70590,29605,SC,202512,1711.23,0.0151,0.0322,Greenville,"Greenville-Anderson, SC",Greenville County
70590,29605,SC,202601,1719.51,0.0048,0.043,Greenville,"Greenville-Anderson, SC",Greenville County
70590,29605,SC,202602,1774.07,0.0317,0.0667,Greenville,"Greenville-Anderson, SC",Greenville County
70590,29605,SC,202603,1762.25,-0.0067,0.0439,Greenville,"Greenville-Anderson, SC",Greenville County
70590,29605,SC,202604,1754.62,-0.0043,0.0303,Greenville,"Greenville-Anderson, SC",Greenville County
70590,29605,SC,202605,1752.68,-0.0011,0.0325,Greenville,"Greenville-Anderson, SC",Greenville County
70590,29605,SC,202606,1761.22,0.0049,0.0463,Greenville,"Greenville-Anderson, SC",Greenville County
70590,29605,SC,202607,1782.24,0.0119,0.057,Greenville,"Greenville-Anderson, SC",Greenville County
70590,29605,SC,202608,1757.17,-0.0141,0.0402,Greenville,"Greenville-Anderson, SC",Greenville County
70592,29607,SC,201605,996.47,,,Greenville,"Greenville-Anderson, SC",Greenville County
70592,29607,SC,201606,1002.5,0.006,,Greenville,"Greenville-Anderson, SC",Greenville County
70592,29607,SC,201607,1008.97,0.0065,,Greenville,"Greenville-Anderson, SC",Greenville County
70592,29607,SC,201608,1004.95,-0.004,,Greenville,"Greenville-Anderson, SC",Greenville County
70592,29607,SC,201609,996.32,-0.0086,,Greenville,"Greenville-Anderson, SC",Greenville County
70592,29607,SC,201610,992.36,-0.004,,Greenville,"Greenville-Anderson, SC",Greenville County
70592,29607,SC,201611,975.26,-0.0172,,Greenville,"Greenville-Anderson, SC",Greenville County
70592,29607,SC,201612,970.39,-0.005,,Greenville,"Greenville-Anderson, SC",Greenville County
70592,29607,SC,201701,960.51,-0.0102,,Greenville,"Greenville-Anderson, SC",Greenville County
70592,29607,SC,201702,986.02,0.0266,,Greenville,"Greenville-Anderson, SC",Greenville County
70592,29607,SC,201703,1001.15,0.0153,,Greenville,"Greenville-Anderson, SC",Greenville County
70592,29607,SC,201704,1033.97,0.0328,,Greenville,"Greenville-Anderson, SC",Greenville County
70592,29607,SC,201705,1031.33,-0.0026,0.035,Greenville,"Greenville-Anderson, SC",Greenville County
70592,29607,SC,201706,1027.81,-0.0034,0.0252,Greenville,"Greenville-Anderson, SC",Greenville County
70592,29607,SC,201707,1029.51,0.0017,0.0204,Greenville,"Greenville-Anderson, SC",Greenville County
70592,29607,SC,201708,1030.3,0.0008,0.0252,Greenville,"Greenville-Anderson, SC",Greenville County
70592,29607,SC,201709,1031.8,0.0015,0.0356,Greenville,"Greenville-Anderson, SC",Greenville County
70592,29607,SC,201710,1020.11,-0.0113,0.028,Greenville,"Greenville-Anderson, SC",Greenville County
70592,29607,SC,201711,1012.81,-0.0072,0.0385,Greenville,"Greenville-Anderson, SC",Greenville County
70592,29607,SC,201712,1008.8,-0.004,0.0396,Greenville,"Greenville-Anderson, SC",Greenville County
70592,29607,SC,201801,1012.67,0.0038,0.0543,Greenville,"Greenville-Anderson, SC",Greenville County
70592,29607,SC,201802,1017.01,0.0043,0.0314,Greenville,"Greenville-Anderson, SC",Greenville County
70592,29607,SC,201803,1032.14,0.0149,0.031,Greenville,"Greenville-Anderson, SC",Greenville County
70592,29607,SC,201804,1051.33,0.0186,0.0168,Greenville,"Greenville-Anderson, SC",Greenville County
70592,29607,SC,201805,1075.83,0.0233,0.0432,Greenville,"Greenville-Anderson, SC",Greenville County
70592,29607,SC,201806,1084.51,0.0081,0.0552,Greenville,"Greenville-Anderson, SC",Greenville County
70592,29607,SC,201807,1088.83,0.004,0.0576,Greenville,"Greenville-Anderson, SC",Greenville County
70592,29607,SC,201808,1097.44,0.0079,0.0652,Greenville,"Greenville-Anderson, SC",Greenville County
70592,29607,SC,201809,1103.85,0.0058,0.0698,Greenville,"Greenville-Anderson, SC",Greenville County
70592,29607,SC,201810,1100.44,-0.0031,0.0787,Greenville,"Greenville-Anderson, SC",Greenville County
70592,29607,SC,201811,1095.02,-0.0049,0.0812,Greenville,"Greenville-Anderson, SC",Greenville County
70592,29607,SC,201812,1090.98,-0.0037,0.0815,Greenville,"Greenville-Anderson, SC",Greenville County
70592,29607,SC,201901,1098.94,0.0073,0.0852,Greenville,"Greenville-Anderson, SC",Greenville County
70592,29607,SC,201902,1093.05,-0.0054,0.0748,Greenville,"Greenville-Anderson, SC",Greenville County
70592,29607,SC,201903,1096.96,0.0036,0.0628,Greenville,"Greenville-Anderson, SC",Greenville County
70592,29607,SC,201904,1100.95,0.0036,0.0472,Greenville,"Greenville-Anderson, SC",Greenville County
70592,29607,SC,201905,1131.4,0.0277,0.0517,Greenville,"Greenville-Anderson, SC",Greenville County
70592,29607,SC,201906,1140.36,0.0079,0.0515,Greenville,"Greenville-Anderson, SC",Greenville County
70592,29607,SC,201907,1155.24,0.0131,0.061,Greenville,"Greenville-Anderson, SC",Greenville County
70592,29607,SC,201908,1139.75,-0.0134,0.0386,Greenville,"Greenville-Anderson, SC",Greenville County
70592,29607,SC,201909,1152.47,0.0112,0.044,Greenville,"Greenville-Anderson, SC",Greenville County
70592,29607,SC,201910,1127.31,-0.0218,0.0244,Greenville,"Greenville-Anderson, SC",Greenville County
70592,29607,SC,201911,1112.91,-0.0128,0.0163,Greenville,"Greenville-Anderson, SC",Greenville County
70592,29607,SC,201912,1090.87,-0.0198,-0.0001,Greenville,"Greenville-Anderson, SC",Greenville County
70592,29607,SC,202001,1088.95,-0.0018,-0.0091,Greenville,"Greenville-Anderson, SC",Greenville County
70592,29607,SC,202002,1156.18,0.0617,0.0577,Greenville,"Greenville-Anderson, SC",Greenville County
70592,29607,SC,202003,1186.63,0.0263,0.0817,Greenville,"Greenville-Anderson, SC",Greenville County
70592,29607,SC,202004,1211.49,0.021,0.1004,Greenville,"Greenville-Anderson, SC",Greenville County
70592,29607,SC,202005,1164.65,-0.0387,0.0294,Greenville,"Greenville-Anderson, SC",Greenville County
70592,29607,SC,202006,1154.92,-0.0084,0.0128,Greenville,"Greenville-Anderson, SC",Greenville County
70592,29607,SC,202007,1151.25,-0.0032,-0.0035,Greenville,"Greenville-Anderson, SC",Greenville County
70592,29607,SC,202008,1155.23,0.0035,0.0136,Greenville,"Greenville-Anderson, SC",Greenville County
70592,29607,SC,202009,1161.84,0.0057,0.0081,Greenville,"Greenville-Anderson, SC",Greenville County
70592,29607,SC,202010,1165.27,0.003,0.0337,Greenville,"Greenville-Anderson, SC",Greenville County
70592,29607,SC,202011,1163.04,-0.0019,0.045,Greenville,"Greenville-Anderson, SC",Greenville County
70592,29607,SC,202012,1169.13,0.0052,0.0717,Greenville,"Greenville-Anderson, SC",Greenville County
70592,29607,SC,202101,1173.82,0.004,0.0779,Greenville,"Greenville-Anderson, SC",Greenville County
70592,29607,SC,202102,1184.88,0.0094,0.0248,Greenville,"Greenville-Anderson, SC",Greenville County
70592,29607,SC,202103,1196.08,0.0094,0.008,Greenville,"Greenville-Anderson, SC",Greenville County
70592,29607,SC,202104,1212.05,0.0134,0.0005,Greenville,"Greenville-Anderson, SC",Greenville County
70592,29607,SC,202105,1231.57,0.0161,0.0575,Greenville,"Greenville-Anderson, SC",Greenville County
70592,29607,SC,202106,1260.47,0.0235,0.0914,Greenville,"Greenville-Anderson, SC",Greenville County
70592,29607,SC,202107,1301.0,0.0321,0.1301,Greenville,"Greenville-Anderson, SC",Greenville County
70592,29607,SC,202108,1335.83,0.0268,0.1563,Greenville,"Greenville-Anderson, SC",Greenville County
70592,29607,SC,202109,1348.93,0.0098,0.161,Greenville,"Greenville-Anderson, SC",Greenville County
70592,29607,SC,202110,1346.73,-0.0016,0.1557,Greenville,"Greenville-Anderson, SC",Greenville County
70592,29607,SC,202111,1355.59,0.0066,0.1656,Greenville,"Greenville-Anderson, SC",Greenville County
70592,29607,SC,202112,1356.47,0.0006,0.1602,Greenville,"Greenville-Anderson, SC",Greenville County
70592,29607,SC,202201,1369.95,0.0099,0.1671,Greenville,"Greenville-Anderson, SC",Greenville County
70592,29607,SC,202202,1369.01,-0.0007,0.1554,Greenville,"Greenville-Anderson, SC",Greenville County
70592,29607,SC,202203,1382.02,0.0095,0.1555,Greenville,"Greenville-Anderson, SC",Greenville County
70592,29607,SC,202204,1387.89,0.0042,0.1451,Greenville,"Greenville-Anderson, SC",Greenville County
70592,29607,SC,202205,1399.79,0.0086,0.1366,Greenville,"Greenville-Anderson, SC",Greenville County
70592,29607,SC,202206,1435.75,0.0257,0.1391,Greenville,"Greenville-Anderson, SC",Greenville County
70592,29607,SC,202207,1463.48,0.0193,0.1249,Greenville,"Greenville-Anderson, SC",Greenville County
70592,29607,SC,202208,1481.82,0.0125,0.1093,Greenville,"Greenville-Anderson, SC",Greenville County
70592,29607,SC,202209,1464.17,-0.0119,0.0854,Greenville,"Greenville-Anderson, SC",Greenville County
70592,29607,SC,202210,1450.32,-0.0095,0.0769,Greenville,"Greenville-Anderson, SC",Greenville County
70592,29607,SC,202211,1436.09,-0.0098,0.0594,Greenville,"Greenville-Anderson, SC",Greenville County
70592,29607,SC,202212,1423.24,-0.0089,0.0492,Greenville,"Greenville-Anderson, SC",Greenville County
70592,29607,SC,202301,1423.72,0.0003,0.0393,Greenville,"Greenville-Anderson, SC",Greenville County
70592,29607,SC,202302,1415.74,-0.0056,0.0341,Greenville,"Greenville-Anderson, SC",Greenville County
70592,29607,SC,202303,1435.08,0.0137,0.0384,Greenville,"Greenville-Anderson, SC",Greenville County
70592,29607,SC,202304,1438.68,0.0025,0.0366,Greenville,"Greenville-Anderson, SC",Greenville County
70592,29607,SC,202305,1456.89,0.0127,0.0408,Greenville,"Greenville-Anderson, SC",Greenville County
70592,29607,SC,202306,1465.34,0.0058,0.0206,Greenville,"Greenville-Anderson, SC",Greenville County
70592,29607,SC,202307,1470.62,0.0036,0.0049,Greenville,"Greenville-Anderson, SC",Greenville County
70592,29607,SC,202308,1478.19,0.0051,-0.0025,Greenville,"Greenville-Anderson, SC",Greenville County
70592,29607,SC,202309,1466.9,-0.0076,0.0019,Greenville,"Greenville-Anderson, SC",Greenville County
70592,29607,SC,202310,1475.02,0.0055,0.017,Greenville,"Greenville-Anderson, SC",Greenville County
70592,29607,SC,202311,1468.28,-0.0046,0.0224,Greenville,"Greenville-Anderson, SC",Greenville County
70592,29607,SC,202312,1466.43,-0.0013,0.0303,Greenville,"Greenville-Anderson, SC",Greenville County
70592,29607,SC,202401,1446.23,-0.0138,0.0158,Greenville,"Greenville-Anderson, SC",Greenville County
70592,29607,SC,202402,1439.03,-0.005,0.0165,Greenville,"Greenville-Anderson, SC",Greenville County
70592,29607,SC,202403,1446.8,0.0054,0.0082,Greenville,"Greenville-Anderson, SC",Greenville County
70592,29607,SC,202404,1467.27,0.0141,0.0199,Greenville,"Greenville-Anderson, SC",Greenville County
70592,29607,SC,202405,1482.33,0.0103,0.0175,Greenville,"Greenville-Anderson, SC",Greenville County
70592,29607,SC,202406,1485.07,0.0018,0.0135,Greenville,"Greenville-Anderson, SC",Greenville County
70592,29607,SC,202407,1479.61,-0.0037,0.0061,Greenville,"Greenville-Anderson, SC",Greenville County
70592,29607,SC,202408,1473.66,-0.004,-0.0031,Greenville,"Greenville-Anderson, SC",Greenville County
70592,29607,SC,202409,1468.97,-0.0032,0.0014,Greenville,"Greenville-Anderson, SC",Greenville County
70592,29607,SC,202410,1470.0,0.0007,-0.0034,Greenville,"Greenville-Anderson, SC",Greenville County
70592,29607,SC,202411,1479.65,0.0066,0.0077,Greenville,"Greenville-Anderson, SC",Greenville County
70592,29607,SC,202412,1490.09,0.0071,0.0161,Greenville,"Greenville-Anderson, SC",Greenville County
70592,29607,SC,202501,1500.9,0.0073,0.0378,Greenville,"Greenville-Anderson, SC",Greenville County
70592,29607,SC,202502,1507.54,0.0044,0.0476,Greenville,"Greenville-Anderson, SC",Greenville County
70592,29607,SC,202503,1515.34,0.0052,0.0474,Greenville,"Greenville-Anderson, SC",Greenville County
70592,29607,SC,202504,1515.51,0.0001,0.0329,Greenville,"Greenville-Anderson, SC",Greenville County
70592,29607,SC,202505,1514.8,-0.0005,0.0219,Greenville,"Greenville-Anderson, SC",Greenville County
70592,29607,SC,202506,1513.38,-0.0009,0.0191,Greenville,"Greenville-Anderson, SC",Greenville County
70592,29607,SC,202507,1514.24,0.0006,0.0234,Greenville,"Greenville-Anderson, SC",Greenville County
70592,29607,SC,202508,1517.54,0.0022,0.0298,Greenville,"Greenville-Anderson, SC",Greenville County
70592,29607,SC,202509,1508.62,-0.0059,0.027,Greenville,"Greenville-Anderson, SC",Greenville County
70592,29607,SC,202510,1505.52,-0.0021,0.0242,Greenville,"Greenville-Anderson, SC",Greenville County
70592,29607,SC,202511,1505.01,-0.0003,0.0171,Greenville,"Greenville-Anderson, SC",Greenville County
70592,29607,SC,202512,1495.77,-0.0061,0.0038,Greenville,"Greenville-Anderson, SC",Greenville County
70592,29607,SC,202601,1493.29,-0.0017,-0.0051,Greenville,"Greenville-Anderson, SC",Greenville County
70592,29607,SC,202602,1497.49,0.0028,-0.0067,Greenville,"Greenville-Anderson, SC",Greenville County
70592,29607,SC,202603,1513.21,0.0105,-0.0014,Greenville,"Greenville-Anderson, SC",Greenville County
70592,29607,SC,202604,1520.29,0.0047,0.0032,Greenville,"Greenville-Anderson, SC",Greenville County
70592,29607,SC,202605,1520.04,-0.0002,0.0035,Greenville,"Greenville-Anderson, SC",Greenville County
70592,29607,SC,202606,1526.37,0.0042,0.0086,Greenville,"Greenville-Anderson, SC",Greenville County
70592,29607,SC,202607,1531.6,0.0034,0.0115,Greenville,"Greenville-Anderson, SC",Greenville County
70592,29607,SC,202608,1532.65,0.0007,0.01,Greenville,"Greenville-Anderson, SC",Greenville County
70594,29609,SC,202105,1063.49,,,Greenville,"Greenville-Anderson, SC",Greenville County
70594,29609,SC,202106,1088.59,0.0236,,Greenville,"Greenville-Anderson, SC",Greenville County
70594,29609,SC,202107,1107.51,0.0174,,Greenville,"Greenville-Anderson, SC",Greenville County
70594,29609,SC,202108,1115.06,0.0068,,Greenville,"Greenville-Anderson, SC",Greenville County
70594,29609,SC,202109,1117.11,0.0018,,Greenville,"Greenville-Anderson, SC",Greenville County
70594,29609,SC,202110,1128.43,0.0101,,Greenville,"Greenville-Anderson, SC",Greenville County
70594,29609,SC,202111,1134.85,0.0057,,Greenville,"Greenville-Anderson, SC",Greenville County
70594,29609,SC,202112,1139.97,0.0045,,Greenville,"Greenville-Anderson, SC",Greenville County
70594,29609,SC,202201,1146.09,0.0054,,Greenville,"Greenville-Anderson, SC",Greenville County
70594,29609,SC,202202,1164.63,0.0162,,Greenville,"Greenville-Anderson, SC",Greenville County
70594,29609,SC,202203,1187.9,0.02,,Greenville,"Greenville-Anderson, SC",Greenville County
70594,29609,SC,202204,1180.36,-0.0063,,Greenville,"Greenville-Anderson, SC",Greenville County
70594,29609,SC,202205,1196.39,0.0136,0.125,Greenville,"Greenville-Anderson, SC",Greenville County
70594,29609,SC,202206,1191.21,-0.0043,0.0943,Greenville,"Greenville-Anderson, SC",Greenville County
70594,29609,SC,202207,1235.19,0.0369,0.1153,Greenville,"Greenville-Anderson, SC",Greenville County
70594,29609,SC,202208,1244.32,0.0074,0.1159,Greenville,"Greenville-Anderson, SC",Greenville County
70594,29609,SC,202209,1252.81,0.0068,0.1215,Greenville,"Greenville-Anderson, SC",Greenville County
70594,29609,SC,202210,1257.48,0.0037,0.1144,Greenville,"Greenville-Anderson, SC",Greenville County
70594,29609,SC,202211,1265.08,0.006,0.1148,Greenville,"Greenville-Anderson, SC",Greenville County
70594,29609,SC,202212,1279.42,0.0113,0.1223,Greenville,"Greenville-Anderson, SC",Greenville County
70594,29609,SC,202301,1287.4,0.0062,0.1233,Greenville,"Greenville-Anderson, SC",Greenville County
70594,29609,SC,202302,1292.32,0.0038,0.1096,Greenville,"Greenville-Anderson, SC",Greenville County
70594,29609,SC,202303,1296.27,0.0031,0.0912,Greenville,"Greenville-Anderson, SC",Greenville County
70594,29609,SC,202304,1282.28,-0.0108,0.0863,Greenville,"Greenville-Anderson, SC",Greenville County
70594,29609,SC,202305,1283.51,0.001,0.0728,Greenville,"Greenville-Anderson, SC",Greenville County
70594,29609,SC,202306,1313.26,0.0232,0.1025,Greenville,"Greenville-Anderson, SC",Greenville County
70594,29609,SC,202307,1339.88,0.0203,0.0848,Greenville,"Greenville-Anderson, SC",Greenville County
70594,29609,SC,202308,1348.99,0.0068,0.0841,Greenville,"Greenville-Anderson, SC",Greenville County
70594,29609,SC,202309,1338.48,-0.0078,0.0684,Greenville,"Greenville-Anderson, SC",Greenville County
70594,29609,SC,202310,1313.45,-0.0187,0.0445,Greenville,"Greenville-Anderson, SC",Greenville County
70594,29609,SC,202311,1335.35,0.0167,0.0555,Greenville,"Greenville-Anderson, SC",Greenville County
70594,29609,SC,202312,1345.5,0.0076,0.0516,Greenville,"Greenville-Anderson, SC",Greenville County
70594,29609,SC,202401,1366.25,0.0154,0.0613,Greenville,"Greenville-Anderson, SC",Greenville County
70594,29609,SC,202402,1342.42,-0.0174,0.0388,Greenville,"Greenville-Anderson, SC",Greenville County
70594,29609,SC,202403,1326.06,-0.0122,0.023,Greenville,"Greenville-Anderson, SC",Greenville County
70594,29609,SC,202404,1336.26,0.0077,0.0421,Greenville,"Greenville-Anderson, SC",Greenville County
70594,29609,SC,202405,1372.64,0.0272,0.0694,Greenville,"Greenville-Anderson, SC",Greenville County
70594,29609,SC,202406,1391.53,0.0138,0.0596,Greenville,"Greenville-Anderson, SC",Greenville County
70594,29609,SC,202407,1391.47,-0.0,0.0385,Greenville,"Greenville-Anderson, SC",Greenville County
70594,29609,SC,202408,1378.97,-0.009,0.0222,Greenville,"Greenville-Anderson, SC",Greenville County
70594,29609,SC,202409,1388.27,0.0067,0.0372,Greenville,"Greenville-Anderson, SC",Greenville County
70594,29609,SC,202410,1419.96,0.0228,0.0811,Greenville,"Greenville-Anderson, SC",Greenville County
70594,29609,SC,202411,1426.78,0.0048,0.0685,Greenville,"Greenville-Anderson, SC",Greenville County
70594,29609,SC,202412,1448.14,0.015,0.0763,Greenville,"Greenville-Anderson, SC",Greenville County
70594,29609,SC,202501,1443.27,-0.0034,0.0564,Greenville,"Greenville-Anderson, SC",Greenville County
70594,29609,SC,202502,1455.64,0.0086,0.0843,Greenville,"Greenville-Anderson, SC",Greenville County
70594,29609,SC,202503,1425.41,-0.0208,0.0749,Greenville,"Greenville-Anderson, SC",Greenville County
70594,29609,SC,202504,1426.65,0.0009,0.0676,Greenville,"Greenville-Anderson, SC",Greenville County
70594,29609,SC,202505,1431.02,0.0031,0.0425,Greenville,"Greenville-Anderson, SC",Greenville County
70594,29609,SC,202506,1447.47,0.0115,0.0402,Greenville,"Greenville-Anderson, SC",Greenville County
70594,29609,SC,202507,1451.53,0.0028,0.0432,Greenville,"Greenville-Anderson, SC",Greenville County
70594,29609,SC,202508,1460.05,0.0059,0.0588,Greenville,"Greenville-Anderson, SC",Greenville County
70594,29609,SC,202509,1469.2,0.0063,0.0583,Greenville,"Greenville-Anderson, SC",Greenville County
70594,29609,SC,202510,1447.56,-0.0147,0.0194,Greenville,"Greenville-Anderson, SC",Greenville County
70594,29609,SC,202511,1438.12,-0.0065,0.0079,Greenville,"Greenville-Anderson, SC",Greenville County
70594,29609,SC,202512,1422.29,-0.011,-0.0178,Greenville,"Greenville-Anderson, SC",Greenville County
70594,29609,SC,202601,1437.79,0.0109,-0.0038,Greenville,"Greenville-Anderson, SC",Greenville County
70594,29609,SC,202602,1430.13,-0.0053,-0.0175,Greenville,"Greenville-Anderson, SC",Greenville County
70594,29609,SC,202603,1423.99,-0.0043,-0.001,Greenville,"Greenville-Anderson, SC",Greenville County
70594,29609,SC,202604,1425.03,0.0007,-0.0011,Greenville,"Greenville-Anderson, SC",Greenville County
70594,29609,SC,202605,1431.39,0.0045,0.0003,Greenville,"Greenville-Anderson, SC",Greenville County
70594,29609,SC,202606,1471.23,0.0278,0.0164,Greenville,"Greenville-Anderson, SC",Greenville County
70594,29609,SC,202607,1494.73,0.016,0.0298,Greenville,"Greenville-Anderson, SC",Greenville County
70594,29609,SC,202608,1520.85,0.0175,0.0416,Greenville,"Greenville-Anderson, SC",Greenville County
70596,29611,SC,202102,1164.09,,,Greenville,"Greenville-Anderson, SC",Greenville County
70596,29611,SC,202103,1162.2,-0.0016,,Greenville,"Greenville-Anderson, SC",Greenville County
70596,29611,SC,202104,1165.24,0.0026,,Greenville,"Greenville-Anderson, SC",Greenville County
70596,29611,SC,202105,1222.64,0.0493,,Greenville,"Greenville-Anderson, SC",Greenville County
70596,29611,SC,202106,1241.84,0.0157,,Greenville,"Greenville-Anderson, SC",Greenville County
70596,29611,SC,202107,1244.54,0.0022,,Greenville,"Greenville-Anderson, SC",Greenville County
70596,29611,SC,202108,1222.37,-0.0178,,Greenville,"Greenville-Anderson, SC",Greenville County
70596,29611,SC,202109,1246.94,0.0201,,Greenville,"Greenville-Anderson, SC",Greenville County
70596,29611,SC,202110,1259.09,0.0097,,Greenville,"Greenville-Anderson, SC",Greenville County
70596,29611,SC,202111,1264.56,0.0043,,Greenville,"Greenville-Anderson, SC",Greenville County
70596,29611,SC,202112,1267.92,0.0027,,Greenville,"Greenville-Anderson, SC",Greenville County
70596,29611,SC,202201,1275.46,0.0059,,Greenville,"Greenville-Anderson, SC",Greenville County
70596,29611,SC,202202,1282.31,0.0054,0.1016,Greenville,"Greenville-Anderson, SC",Greenville County
70596,29611,SC,202203,1285.46,0.0025,0.1061,Greenville,"Greenville-Anderson, SC",Greenville County
70596,29611,SC,202204,1291.04,0.0043,0.108,Greenville,"Greenville-Anderson, SC",Greenville County
70596,29611,SC,202205,1320.52,0.0228,0.0801,Greenville,"Greenville-Anderson, SC",Greenville County
70596,29611,SC,202206,1353.36,0.0249,0.0898,Greenville,"Greenville-Anderson, SC",Greenville County
70596,29611,SC,202207,1401.56,0.0356,0.1262,Greenville,"Greenville-Anderson, SC",Greenville County
70596,29611,SC,202208,1399.37,-0.0016,0.1448,Greenville,"Greenville-Anderson, SC",Greenville County
70596,29611,SC,202209,1400.87,0.0011,0.1234,Greenville,"Greenville-Anderson, SC",Greenville County
70596,29611,SC,202210,1376.59,-0.0173,0.0933,Greenville,"Greenville-Anderson, SC",Greenville County
70596,29611,SC,202211,1383.06,0.0047,0.0937,Greenville,"Greenville-Anderson, SC",Greenville County
70596,29611,SC,202212,1377.02,-0.0044,0.086,Greenville,"Greenville-Anderson, SC",Greenville County
70596,29611,SC,202301,1389.35,0.009,0.0893,Greenville,"Greenville-Anderson, SC",Greenville County
70596,29611,SC,202302,1406.03,0.012,0.0965,Greenville,"Greenville-Anderson, SC",Greenville County
70596,29611,SC,202303,1403.8,-0.0016,0.0921,Greenville,"Greenville-Anderson, SC",Greenville County
70596,29611,SC,202304,1416.72,0.0092,0.0974,Greenville,"Greenville-Anderson, SC",Greenville County
70596,29611,SC,202305,1413.28,-0.0024,0.0702,Greenville,"Greenville-Anderson, SC",Greenville County
70596,29611,SC,202306,1434.24,0.0148,0.0598,Greenville,"Greenville-Anderson, SC",Greenville County
70596,29611,SC,202307,1439.88,0.0039,0.0273,Greenville,"Greenville-Anderson, SC",Greenville County
70596,29611,SC,202308,1439.66,-0.0002,0.0288,Greenville,"Greenville-Anderson, SC",Greenville County
70596,29611,SC,202309,1444.03,0.003,0.0308,Greenville,"Greenville-Anderson, SC",Greenville County
70596,29611,SC,202310,1448.07,0.0028,0.0519,Greenville,"Greenville-Anderson, SC",Greenville County
70596,29611,SC,202311,1464.07,0.011,0.0586,Greenville,"Greenville-Anderson, SC",Greenville County
70596,29611,SC,202312,1466.51,0.0017,0.065,Greenville,"Greenville-Anderson, SC",Greenville County
70596,29611,SC,202401,1463.7,-0.0019,0.0535,Greenville,"Greenville-Anderson, SC",Greenville County
70596,29611,SC,202402,1458.98,-0.0032,0.0377,Greenville,"Greenville-Anderson, SC",Greenville County
70596,29611,SC,202403,1457.15,-0.0013,0.038,Greenville,"Greenville-Anderson, SC",Greenville County
70596,29611,SC,202404,1463.82,0.0046,0.0332,Greenville,"Greenville-Anderson, SC",Greenville County
70596,29611,SC,202405,1458.86,-0.0034,0.0323,Greenville,"Greenville-Anderson, SC",Greenville County
70596,29611,SC,202406,1469.58,0.0073,0.0246,Greenville,"Greenville-Anderson, SC",Greenville County
70596,29611,SC,202407,1476.79,0.0049,0.0256,Greenville,"Greenville-Anderson, SC",Greenville County
70596,29611,SC,202408,1514.53,0.0256,0.052,Greenville,"Greenville-Anderson, SC",Greenville County
70596,29611,SC,202409,1506.65,-0.0052,0.0434,Greenville,"Greenville-Anderson, SC",Greenville County
70596,29611,SC,202410,1533.94,0.0181,0.0593,Greenville,"Greenville-Anderson, SC",Greenville County
70596,29611,SC,202411,1537.76,0.0025,0.0503,Greenville,"Greenville-Anderson, SC",Greenville County
70596,29611,SC,202412,1557.08,0.0126,0.0618,Greenville,"Greenville-Anderson, SC",Greenville County
70596,29611,SC,202501,1546.07,-0.0071,0.0563,Greenville,"Greenville-Anderson, SC",Greenville County
70596,29611,SC,202502,1542.22,-0.0025,0.0571,Greenville,"Greenville-Anderson, SC",Greenville County
70596,29611,SC,202503,1537.83,-0.0028,0.0554,Greenville,"Greenville-Anderson, SC",Greenville County
70596,29611,SC,202504,1540.09,0.0015,0.0521,Greenville,"Greenville-Anderson, SC",Greenville County
70596,29611,SC,202505,1543.4,0.0022,0.0579,Greenville,"Greenville-Anderson, SC",Greenville County
70596,29611,SC,202506,1556.55,0.0085,0.0592,Greenville,"Greenville-Anderson, SC",Greenville County
70596,29611,SC,202507,1558.2,0.0011,0.0551,Greenville,"Greenville-Anderson, SC",Greenville County
70596,29611,SC,202508,1559.85,0.0011,0.0299,Greenville,"Greenville-Anderson, SC",Greenville County
70596,29611,SC,202509,1559.59,-0.0002,0.0351,Greenville,"Greenville-Anderson, SC",Greenville County
70596,29611,SC,202510,1581.71,0.0142,0.0311,Greenville,"Greenville-Anderson, SC",Greenville County
70596,29611,SC,202511,1590.63,0.0056,0.0344,Greenville,"Greenville-Anderson, SC",Greenville County
70596,29611,SC,202512,1613.33,0.0143,0.0361,Greenville,"Greenville-Anderson, SC",Greenville County
70596,29611,SC,202601,1585.74,-0.0171,0.0257,Greenville,"Greenville-Anderson, SC",Greenville County
70596,29611,SC,202602,1581.25,-0.0028,0.0253,Greenville,"Greenville-Anderson, SC",Greenville County
70596,29611,SC,202603,1570.84,-0.0066,0.0215,Greenville,"Greenville-Anderson, SC",Greenville County
70596,29611,SC,202604,1578.01,0.0046,0.0246,Greenville,"Greenville-Anderson, SC",Greenville County
70596,29611,SC,202605,1601.47,0.0149,0.0376,Greenville,"Greenville-Anderson, SC",Greenville County
70596,29611,SC,202606,1615.1,0.0085,0.0376,Greenville,"Greenville-Anderson, SC",Greenville County
70596,29611,SC,202607,1624.71,0.006,0.0427,Greenville,"Greenville-Anderson, SC",Greenville County
70596,29611,SC,202608,1608.78,-0.0098,0.0314,Greenville,"Greenville-Anderson, SC",Greenville County
70600,29615,SC,201811,977.6,,,Greenville,"Greenville-Anderson, SC",Greenville County
70600,29615,SC,201812,979.25,0.0017,,Greenville,"Greenville-Anderson, SC",Greenville County
70600,29615,SC,201901,987.95,0.0089,,Greenville,"Greenville-Anderson, SC",Greenville County
70600,29615,SC,201902,1002.95,0.0152,,Greenville,"Greenville-Anderson, SC",Greenville County
70600,29615,SC,201903,1012.78,0.0098,,Greenville,"Greenville-Anderson, SC",Greenville County
70600,29615,SC,201904,993.02,-0.0195,,Greenville,"Greenville-Anderson, SC",Greenville County
70600,29615,SC,201905,995.33,0.0023,,Greenville,"Greenville-Anderson, SC",Greenville County
70600,29615,SC,201906,1001.42,0.0061,,Greenville,"Greenville-Anderson, SC",Greenville County
70600,29615,SC,201907,1010.45,0.009,,Greenville,"Greenville-Anderson, SC",Greenville County
70600,29615,SC,201908,1010.16,-0.0003,,Greenville,"Greenville-Anderson, SC",Greenville County
70600,29615,SC,201909,1017.09,0.0069,,Greenville,"Greenville-Anderson, SC",Greenville County
70600,29615,SC,201910,1026.56,0.0093,,Greenville,"Greenville-Anderson, SC",Greenville County
70600,29615,SC,201911,1036.79,0.01,0.0605,Greenville,"Greenville-Anderson, SC",Greenville County
70600,29615,SC,201912,1043.13,0.0061,0.0652,Greenville,"Greenville-Anderson, SC",Greenville County
70600,29615,SC,202001,1053.09,0.0095,0.0659,Greenville,"Greenville-Anderson, SC",Greenville County
70600,29615,SC,202002,1040.84,-0.0116,0.0378,Greenville,"Greenville-Anderson, SC",Greenville County
70600,29615,SC,202003,1028.2,-0.0121,0.0152,Greenville,"Greenville-Anderson, SC",Greenville County
70600,29615,SC,202004,1020.25,-0.0077,0.0274,Greenville,"Greenville-Anderson, SC",Greenville County
70600,29615,SC,202005,1017.93,-0.0023,0.0227,Greenville,"Greenville-Anderson, SC",Greenville County
70600,29615,SC,202006,1015.88,-0.002,0.0144,Greenville,"Greenville-Anderson, SC",Greenville County
70600,29615,SC,202007,1020.88,0.0049,0.0103,Greenville,"Greenville-Anderson, SC",Greenville County
70600,29615,SC,202008,1033.0,0.0119,0.0226,Greenville,"Greenville-Anderson, SC",Greenville County
70600,29615,SC,202009,1048.81,0.0153,0.0312,Greenville,"Greenville-Anderson, SC",Greenville County
70600,29615,SC,202010,1053.06,0.0041,0.0258,Greenville,"Greenville-Anderson, SC",Greenville County
70600,29615,SC,202011,1043.18,-0.0094,0.0062,Greenville,"Greenville-Anderson, SC",Greenville County
70600,29615,SC,202012,1047.34,0.004,0.004,Greenville,"Greenville-Anderson, SC",Greenville County
70600,29615,SC,202101,1041.63,-0.0055,-0.0109,Greenville,"Greenville-Anderson, SC",Greenville County
70600,29615,SC,202102,1057.16,0.0149,0.0157,Greenville,"Greenville-Anderson, SC",Greenville County
70600,29615,SC,202103,1064.2,0.0067,0.035,Greenville,"Greenville-Anderson, SC",Greenville County
70600,29615,SC,202104,1080.94,0.0157,0.0595,Greenville,"Greenville-Anderson, SC",Greenville County
70600,29615,SC,202105,1102.65,0.0201,0.0832,Greenville,"Greenville-Anderson, SC",Greenville County
70600,29615,SC,202106,1116.39,0.0125,0.0989,Greenville,"Greenville-Anderson, SC",Greenville County
70600,29615,SC,202107,1136.74,0.0182,0.1135,Greenville,"Greenville-Anderson, SC",Greenville County
70600,29615,SC,202108,1145.65,0.0078,0.1091,Greenville,"Greenville-Anderson, SC",Greenville County
70600,29615,SC,202109,1150.96,0.0046,0.0974,Greenville,"Greenville-Anderson, SC",Greenville County
70600,29615,SC,202110,1150.3,-0.0006,0.0923,Greenville,"Greenville-Anderson, SC",Greenville County
70600,29615,SC,202111,1158.21,0.0069,0.1103,Greenville,"Greenville-Anderson, SC",Greenville County
70600,29615,SC,202112,1170.37,0.0105,0.1175,Greenville,"Greenville-Anderson, SC",Greenville County
70600,29615,SC,202201,1183.5,0.0112,0.1362,Greenville,"Greenville-Anderson, SC",Greenville County
70600,29615,SC,202202,1193.82,0.0087,0.1293,Greenville,"Greenville-Anderson, SC",Greenville County
70600,29615,SC,202203,1208.79,0.0125,0.1359,Greenville,"Greenville-Anderson, SC",Greenville County
70600,29615,SC,202204,1224.79,0.0132,0.1331,Greenville,"Greenville-Anderson, SC",Greenville County
70600,29615,SC,202205,1230.9,0.005,0.1163,Greenville,"Greenville-Anderson, SC",Greenville County
70600,29615,SC,202206,1237.61,0.0055,0.1086,Greenville,"Greenville-Anderson, SC",Greenville County
70600,29615,SC,202207,1236.42,-0.001,0.0877,Greenville,"Greenville-Anderson, SC",Greenville County
70600,29615,SC,202208,1243.84,0.006,0.0857,Greenville,"Greenville-Anderson, SC",Greenville County
70600,29615,SC,202209,1237.82,-0.0048,0.0755,Greenville,"Greenville-Anderson, SC",Greenville County
70600,29615,SC,202210,1237.23,-0.0005,0.0756,Greenville,"Greenville-Anderson, SC",Greenville County
70600,29615,SC,202211,1238.26,0.0008,0.0691,Greenville,"Greenville-Anderson, SC",Greenville County
70600,29615,SC,202212,1243.05,0.0039,0.0621,Greenville,"Greenville-Anderson, SC",Greenville County
70600,29615,SC,202301,1237.41,-0.0045,0.0455,Greenville,"Greenville-Anderson, SC",Greenville County
70600,29615,SC,202302,1237.59,0.0002,0.0367,Greenville,"Greenville-Anderson, SC",Greenville County
70600,29615,SC,202303,1250.65,0.0105,0.0346,Greenville,"Greenville-Anderson, SC",Greenville County
70600,29615,SC,202304,1274.13,0.0188,0.0403,Greenville,"Greenville-Anderson, SC",Greenville County
70600,29615,SC,202305,1295.34,0.0166,0.0524,Greenville,"Greenville-Anderson, SC",Greenville County
70600,29615,SC,202306,1299.35,0.0031,0.0499,Greenville,"Greenville-Anderson, SC",Greenville County
70600,29615,SC,202307,1291.89,-0.0057,0.0449,Greenville,"Greenville-Anderson, SC",Greenville County
70600,29615,SC,202308,1276.8,-0.0117,0.0265,Greenville,"Greenville-Anderson, SC",Greenville County
70600,29615,SC,202309,1274.77,-0.0016,0.0299,Greenville,"Greenville-Anderson, SC",Greenville County
70600,29615,SC,202310,1285.05,0.0081,0.0387,Greenville,"Greenville-Anderson, SC",Greenville County
70600,29615,SC,202311,1288.0,0.0023,0.0402,Greenville,"Greenville-Anderson, SC",Greenville County
70600,29615,SC,202312,1283.31,-0.0036,0.0324,Greenville,"Greenville-Anderson, SC",Greenville County
70600,29615,SC,202401,1278.97,-0.0034,0.0336,Greenville,"Greenville-Anderson, SC",Greenville County
70600,29615,SC,202402,1274.3,-0.0036,0.0297,Greenville,"Greenville-Anderson, SC",Greenville County
70600,29615,SC,202403,1278.13,0.003,0.022,Greenville,"Greenville-Anderson, SC",Greenville County
70600,29615,SC,202404,1290.12,0.0094,0.0125,Greenville,"Greenville-Anderson, SC",Greenville County
70600,29615,SC,202405,1301.05,0.0085,0.0044,Greenville,"Greenville-Anderson, SC",Greenville County
70600,29615,SC,202406,1304.63,0.0028,0.0041,Greenville,"Greenville-Anderson, SC",Greenville County
70600,29615,SC,202407,1303.19,-0.0011,0.0087,Greenville,"Greenville-Anderson, SC",Greenville County
70600,29615,SC,202408,1309.22,0.0046,0.0254,Greenville,"Greenville-Anderson, SC",Greenville County
70600,29615,SC,202409,1312.07,0.0022,0.0293,Greenville,"Greenville-Anderson, SC",Greenville County
70600,29615,SC,202410,1311.38,-0.0005,0.0205,Greenville,"Greenville-Anderson, SC",Greenville County
70600,29615,SC,202411,1315.37,0.003,0.0213,Greenville,"Greenville-Anderson, SC",Greenville County
70600,29615,SC,202412,1315.71,0.0003,0.0253,Greenville,"Greenville-Anderson, SC",Greenville County
70600,29615,SC,202501,1349.35,0.0256,0.055,Greenville,"Greenville-Anderson, SC",Greenville County
70600,29615,SC,202502,1382.37,0.0245,0.0848,Greenville,"Greenville-Anderson, SC",Greenville County
70600,29615,SC,202503,1400.64,0.0132,0.0959,Greenville,"Greenville-Anderson, SC",Greenville County
70600,29615,SC,202504,1392.77,-0.0056,0.0796,Greenville,"Greenville-Anderson, SC",Greenville County
70600,29615,SC,202505,1373.88,-0.0136,0.056,Greenville,"Greenville-Anderson, SC",Greenville County
70600,29615,SC,202506,1377.71,0.0028,0.056,Greenville,"Greenville-Anderson, SC",Greenville County
70600,29615,SC,202507,1363.37,-0.0104,0.0462,Greenville,"Greenville-Anderson, SC",Greenville County
70600,29615,SC,202508,1363.17,-0.0002,0.0412,Greenville,"Greenville-Anderson, SC",Greenville County
70600,29615,SC,202509,1347.45,-0.0115,0.027,Greenville,"Greenville-Anderson, SC",Greenville County
70600,29615,SC,202510,1326.06,-0.0159,0.0112,Greenville,"Greenville-Anderson, SC",Greenville County
70600,29615,SC,202511,1304.45,-0.0163,-0.0083,Greenville,"Greenville-Anderson, SC",Greenville County
70600,29615,SC,202512,1306.25,0.0014,-0.0072,Greenville,"Greenville-Anderson, SC",Greenville County
70600,29615,SC,202601,1324.48,0.0139,-0.0184,Greenville,"Greenville-Anderson, SC",Greenville County
70600,29615,SC,202602,1341.19,0.0126,-0.0298,Greenville,"Greenville-Anderson, SC",Greenville County
70600,29615,SC,202603,1340.36,-0.0006,-0.043,Greenville,"Greenville-Anderson, SC",Greenville County
70600,29615,SC,202604,1339.81,-0.0004,-0.038,Greenville,"Greenville-Anderson, SC",Greenville County
70600,29615,SC,202605,1334.82,-0.0037,-0.0284,Greenville,"Greenville-Anderson, SC",Greenville County
70600,29615,SC,202606,1343.98,0.0069,-0.0245,Greenville,"Greenville-Anderson, SC",Greenville County
70600,29615,SC,202607,1350.12,0.0046,-0.0097,Greenville,"Greenville-Anderson, SC",Greenville County
70600,29615,SC,202608,1355.25,0.0038,-0.0058,Greenville,"Greenville-Anderson, SC",Greenville County
70602,29617,SC,202501,1662.88,,,Greenville,"Greenville-Anderson, SC",Greenville County
70602,29617,SC,202502,1698.4,0.0214,,Greenville,"Greenville-Anderson, SC",Greenville County
70602,29617,SC,202503,1690.05,-0.0049,,Greenville,"Greenville-Anderson, SC",Greenville County
70602,29617,SC,202504,1701.71,0.0069,,Greenville,"Greenville-Anderson, SC",Greenville County
70602,29617,SC,202505,1661.53,-0.0236,,Greenville,"Greenville-Anderson, SC",Greenville County
70602,29617,SC,202506,1661.24,-0.0002,,Greenville,"Greenville-Anderson, SC",Greenville County
70602,29617,SC,202507,1660.01,-0.0007,,Greenville,"Greenville-Anderson, SC",Greenville County
70602,29617,SC,202508,1663.09,0.0019,,Greenville,"Greenville-Anderson, SC",Greenville County
70602,29617,SC,202509,1677.21,0.0085,,Greenville,"Greenville-Anderson, SC",Greenville County
70602,29617,SC,202510,1666.59,-0.0063,,Greenville,"Greenville-Anderson, SC",Greenville County
70602,29617,SC,202511,1696.79,0.0181,,Greenville,"Greenville-Anderson, SC",Greenville County
70602,29617,SC,202512,1730.6,0.0199,,Greenville,"Greenville-Anderson, SC",Greenville County
70602,29617,SC,202601,1778.32,0.0276,0.0694,Greenville,"Greenville-Anderson, SC",Greenville County
70602,29617,SC,202602,1726.52,-0.0291,0.0166,Greenville,"Greenville-Anderson, SC",Greenville County
70602,29617,SC,202603,1712.41,-0.0082,0.0132,Greenville,"Greenville-Anderson, SC",Greenville County
70602,29617,SC,202604,1669.15,-0.0253,-0.0191,Greenville,"Greenville-Anderson, SC",Greenville County
70602,29617,SC,202605,1712.06,0.0257,0.0304,Greenville,"Greenville-Anderson, SC",Greenville County
70602,29617,SC,202606,1713.7,0.001,0.0316,Greenville,"Greenville-Anderson, SC",Greenville County
70602,29617,SC,202607,1726.19,0.0073,0.0399,Greenville,"Greenville-Anderson, SC",Greenville County
70602,29617,SC,202608,1718.72,-0.0043,0.0335,Greenville,"Greenville-Anderson, SC",Greenville County
70604,29621,SC,202212,1213.68,,,Anderson,"Greenville-Anderson, SC",Anderson County
70604,29621,SC,202301,1202.38,-0.0093,,Anderson,"Greenville-Anderson, SC",Anderson County
70604,29621,SC,202302,1198.26,-0.0034,,Anderson,"Greenville-Anderson, SC",Anderson County
70604,29621,SC,202303,1194.94,-0.0028,,Anderson,"Greenville-Anderson, SC",Anderson County
70604,29621,SC,202304,1214.06,0.016,,Anderson,"Greenville-Anderson, SC",Anderson County
70604,29621,SC,202305,1225.38,0.0093,,Anderson,"Greenville-Anderson, SC",Anderson County
70604,29621,SC,202306,1191.05,-0.028,,Anderson,"Greenville-Anderson, SC",Anderson County
70604,29621,SC,202307,1184.1,-0.0058,,Anderson,"Greenville-Anderson, SC",Anderson County
70604,29621,SC,202308,1212.91,0.0243,,Anderson,"Greenville-Anderson, SC",Anderson County
70604,29621,SC,202309,1288.81,0.0626,,Anderson,"Greenville-Anderson, SC",Anderson County
70604,29621,SC,202310,1307.93,0.0148,,Anderson,"Greenville-Anderson, SC",Anderson County
70604,29621,SC,202311,1310.56,0.002,,Anderson,"Greenville-Anderson, SC",Anderson County
70604,29621,SC,202312,1268.95,-0.0317,0.0455,Anderson,"Greenville-Anderson, SC",Anderson County
70604,29621,SC,202401,1276.88,0.0062,0.062,Anderson,"Greenville-Anderson, SC",Anderson County
70604,29621,SC,202402,1265.7,-0.0088,0.0563,Anderson,"Greenville-Anderson, SC",Anderson County
70604,29621,SC,202403,1287.72,0.0174,0.0776,Anderson,"Greenville-Anderson, SC",Anderson County
70604,29621,SC,202404,1309.06,0.0166,0.0782,Anderson,"Greenville-Anderson, SC",Anderson County
70604,29621,SC,202405,1320.09,0.0084,0.0773,Anderson,"Greenville-Anderson, SC",Anderson County
70604,29621,SC,202406,1334.1,0.0106,0.1201,Anderson,"Greenville-Anderson, SC",Anderson County
70604,29621,SC,202407,1321.98,-0.0091,0.1164,Anderson,"Greenville-Anderson, SC",Anderson County
70604,29621,SC,202408,1313.16,-0.0067,0.0827,Anderson,"Greenville-Anderson, SC",Anderson County
70604,29621,SC,202409,1288.02,-0.0191,-0.0006,Anderson,"Greenville-Anderson, SC",Anderson County
70604,29621,SC,202410,1297.1,0.007,-0.0083,Anderson,"Greenville-Anderson, SC",Anderson County
70604,29621,SC,202411,1312.27,0.0117,0.0013,Anderson,"Greenville-Anderson, SC",Anderson County
70604,29621,SC,202412,1340.07,0.0212,0.056,Anderson,"Greenville-Anderson, SC",Anderson County
70604,29621,SC,202501,1325.74,-0.0107,0.0383,Anderson,"Greenville-Anderson, SC",Anderson County
70604,29621,SC,202502,1329.62,0.0029,0.0505,Anderson,"Greenville-Anderson, SC",Anderson County
70604,29621,SC,202503,1324.01,-0.0042,0.0282,Anderson,"Greenville-Anderson, SC",Anderson County
70604,29621,SC,202504,1324.04,0.0,0.0114,Anderson,"Greenville-Anderson, SC",Anderson County
70604,29621,SC,202505,1330.97,0.0052,0.0082,Anderson,"Greenville-Anderson, SC",Anderson County
70604,29621,SC,202506,1311.43,-0.0147,-0.017,Anderson,"Greenville-Anderson, SC",Anderson County
70604,29621,SC,202507,1343.35,0.0243,0.0162,Anderson,"Greenville-Anderson, SC",Anderson County
70604,29621,SC,202508,1330.88,-0.0093,0.0135,Anderson,"Greenville-Anderson, SC",Anderson County
70604,29621,SC,202509,1364.92,0.0256,0.0597,Anderson,"Greenville-Anderson, SC",Anderson County
70604,29621,SC,202510,1344.71,-0.0148,0.0367,Anderson,"Greenville-Anderson, SC",Anderson County
70604,29621,SC,202511,1351.27,0.0049,0.0297,Anderson,"Greenville-Anderson, SC",Anderson County
70604,29621,SC,202512,1335.71,-0.0115,-0.0033,Anderson,"Greenville-Anderson, SC",Anderson County
70604,29621,SC,202601,1346.31,0.0079,0.0155,Anderson,"Greenville-Anderson, SC",Anderson County
70604,29621,SC,202602,1371.05,0.0184,0.0312,Anderson,"Greenville-Anderson, SC",Anderson County
70604,29621,SC,202603,1392.92,0.0159,0.052,Anderson,"Greenville-Anderson, SC",Anderson County
70604,29621,SC,202604,1392.96,0.0,0.052,Anderson,"Greenville-Anderson, SC",Anderson County
70604,29621,SC,202605,1380.47,-0.009,0.0372,Anderson,"Greenville-Anderson, SC",Anderson County
70604,29621,SC,202606,1377.93,-0.0018,0.0507,Anderson,"Greenville-Anderson, SC",Anderson County
70604,29621,SC,202607,1375.98,-0.0014,0.0243,Anderson,"Greenville-Anderson, SC",Anderson County
70604,29621,SC,202608,1362.05,-0.0101,0.0234,Anderson,"Greenville-Anderson, SC",Anderson County
70607,29624,SC,202605,1161.59,,,Anderson,"Greenville-Anderson, SC",Anderson County
70607,29624,SC,202606,1146.6,-0.0129,,Anderson,"Greenville-Anderson, SC",Anderson County
70607,29624,SC,202607,1196.05,0.0431,,Anderson,"Greenville-Anderson, SC",Anderson County
70607,29624,SC,202608,1189.56,-0.0054,,Anderson,"Greenville-Anderson, SC",Anderson County
70608,29625,SC,202410,1141.37,,,Anderson,"Greenville-Anderson, SC",Anderson County
70608,29625,SC,202411,1139.2,-0.0019,,Anderson,"Greenville-Anderson, SC",Anderson County
70608,29625,SC,202412,1145.66,0.0057,,Anderson,"Greenville-Anderson, SC",Anderson County
70608,29625,SC,202501,1157.76,0.0106,,Anderson,"Greenville-Anderson, SC",Anderson County
70608,29625,SC,202502,1177.78,0.0173,,Anderson,"Greenville-Anderson, SC",Anderson County
70608,29625,SC,202503,1171.85,-0.005,,Anderson,"Greenville-Anderson, SC",Anderson County
70608,29625,SC,202504,1185.92,0.012,,Anderson,"Greenville-Anderson, SC",Anderson County
70608,29625,SC,202505,1189.8,0.0033,,Anderson,"Greenville-Anderson, SC",Anderson County
70608,29625,SC,202506,1198.17,0.007,,Anderson,"Greenville-Anderson, SC",Anderson County
70608,29625,SC,202507,1181.34,-0.0141,,Anderson,"Greenville-Anderson, SC",Anderson County
70608,29625,SC,202508,1189.36,0.0068,,Anderson,"Greenville-Anderson, SC",Anderson County
70608,29625,SC,202509,1184.66,-0.0039,,Anderson,"Greenville-Anderson, SC",Anderson County
70608,29625,SC,202510,1187.2,0.0021,0.0402,Anderson,"Greenville-Anderson, SC",Anderson County
70608,29625,SC,202511,1193.22,0.0051,0.0474,Anderson,"Greenville-Anderson, SC",Anderson County
70608,29625,SC,202512,1215.84,0.019,0.0613,Anderson,"Greenville-Anderson, SC",Anderson County
70608,29625,SC,202601,1212.89,-0.0024,0.0476,Anderson,"Greenville-Anderson, SC",Anderson County
70608,29625,SC,202602,1197.38,-0.0128,0.0166,Anderson,"Greenville-Anderson, SC",Anderson County
70608,29625,SC,202603,1182.82,-0.0122,0.0094,Anderson,"Greenville-Anderson, SC",Anderson County
70608,29625,SC,202604,1186.39,0.003,0.0004,Anderson,"Greenville-Anderson, SC",Anderson County
70608,29625,SC,202605,1195.67,0.0078,0.0049,Anderson,"Greenville-Anderson, SC",Anderson County
70608,29625,SC,202606,1195.39,-0.0002,-0.0023,Anderson,"Greenville-Anderson, SC",Anderson County
70608,29625,SC,202607,1223.16,0.0232,0.0354,Anderson,"Greenville-Anderson, SC",Anderson County
70608,29625,SC,202608,1232.64,0.0077,0.0364,Anderson,"Greenville-Anderson, SC",Anderson County
70609,29626,SC,202608,1250.0,,,Anderson,"Greenville-Anderson, SC",Anderson County
70612,29630,SC,202509,1227.9,,,Central,"Greenville-Anderson, SC",Pickens County
70612,29630,SC,202510,1258.5,0.0249,,Central,"Greenville-Anderson, SC",Pickens County
70612,29630,SC,202511,1222.65,-0.0285,,Central,"Greenville-Anderson, SC",Pickens County
70612,29630,SC,202512,1282.09,0.0486,,Central,"Greenville-Anderson, SC",Pickens County
70612,29630,SC,202601,1280.74,-0.001,,Central,"Greenville-Anderson, SC",Pickens County
70612,29630,SC,202602,1304.3,0.0184,,Central,"Greenville-Anderson, SC",Pickens County
70612,29630,SC,202603,1248.27,-0.043,,Central,"Greenville-Anderson, SC",Pickens County
70612,29630,SC,202604,1236.79,-0.0092,,Central,"Greenville-Anderson, SC",Pickens County
70612,29630,SC,202605,1230.4,-0.0052,,Central,"Greenville-Anderson, SC",Pickens County
70612,29630,SC,202606,1227.0,-0.0028,,Central,"Greenville-Anderson, SC",Pickens County
70612,29630,SC,202607,1221.81,-0.0042,,Central,"Greenville-Anderson, SC",Pickens County
70612,29630,SC,202608,1261.8,0.0327,,Central,"Greenville-Anderson, SC",Pickens County
70613,29631,SC,202411,1264.5,,,Clemson,"Greenville-Anderson, SC",Pickens County
70613,29631,SC,202412,1305.29,0.0323,,Clemson,"Greenville-Anderson, SC",Pickens County
70613,29631,SC,202501,1301.16,-0.0032,,Clemson,"Greenville-Anderson, SC",Pickens County
70613,29631,SC,202502,1278.12,-0.0177,,Clemson,"Greenville-Anderson, SC",Pickens County
70613,29631,SC,202503,1264.32,-0.0108,,Clemson,"Greenville-Anderson, SC",Pickens County
70613,29631,SC,202504,1256.17,-0.0064,,Clemson,"Greenville-Anderson, SC",Pickens County
70613,29631,SC,202505,1212.9,-0.0344,,Clemson,"Greenville-Anderson, SC",Pickens County
70613,29631,SC,202506,1206.91,-0.0049,,Clemson,"Greenville-Anderson, SC",Pickens County
70613,29631,SC,202508,1243.08,0.03,,Clemson,"Greenville-Anderson, SC",Pickens County
70613,29631,SC,202509,1234.5,-0.0069,,Clemson,"Greenville-Anderson, SC",Pickens County
70613,29631,SC,202510,1185.26,-0.0399,,Clemson,"Greenville-Anderson, SC",Pickens County
70613,29631,SC,202511,1174.91,-0.0087,,Clemson,"Greenville-Anderson, SC",Pickens County
70613,29631,SC,202512,1238.83,0.0544,-0.0203,Clemson,"Greenville-Anderson, SC",Pickens County
70613,29631,SC,202601,1346.82,0.0872,0.0318,Clemson,"Greenville-Anderson, SC",Pickens County
70613,29631,SC,202602,1363.73,0.0126,0.0481,Clemson,"Greenville-Anderson, SC",Pickens County
70613,29631,SC,202603,1343.52,-0.0148,0.0512,Clemson,"Greenville-Anderson, SC",Pickens County
70613,29631,SC,202604,1330.59,-0.0096,0.0524,Clemson,"Greenville-Anderson, SC",Pickens County
70613,29631,SC,202605,1309.67,-0.0157,0.0426,Clemson,"Greenville-Anderson, SC",Pickens County
70613,29631,SC,202606,1342.44,0.025,0.1068,Clemson,"Greenville-Anderson, SC",Pickens County
70613,29631,SC,202607,1316.77,-0.0191,0.091,Clemson,"Greenville-Anderson, SC",Pickens County
70613,29631,SC,202608,1411.39,0.0719,0.1354,Clemson,"Greenville-Anderson, SC",Pickens County
70621,29640,SC,202401,1417.77,,,Easley,"Greenville-Anderson, SC",Pickens County
70621,29640,SC,202402,1400.84,-0.0119,,Easley,"Greenville-Anderson, SC",Pickens County
70621,29640,SC,202403,1398.64,-0.0016,,Easley,"Greenville-Anderson, SC",Pickens County
70621,29640,SC,202404,1397.81,-0.0006,,Easley,"Greenville-Anderson, SC",Pickens County
70621,29640,SC,202405,1401.27,0.0025,,Easley,"Greenville-Anderson, SC",Pickens County
70621,29640,SC,202406,1433.63,0.0231,,Easley,"Greenville-Anderson, SC",Pickens County
70621,29640,SC,202407,1454.03,0.0142,,Easley,"Greenville-Anderson, SC",Pickens County
70621,29640,SC,202408,1458.37,0.003,,Easley,"Greenville-Anderson, SC",Pickens County
70621,29640,SC,202409,1460.97,0.0018,,Easley,"Greenville-Anderson, SC",Pickens County
70621,29640,SC,202410,1444.64,-0.0112,,Easley,"Greenville-Anderson, SC",Pickens County
70621,29640,SC,202411,1426.77,-0.0124,,Easley,"Greenville-Anderson, SC",Pickens County
70621,29640,SC,202412,1432.81,0.0042,,Easley,"Greenville-Anderson, SC",Pickens County
70621,29640,SC,202501,1433.5,0.0005,0.0111,Easley,"Greenville-Anderson, SC",Pickens County
70621,29640,SC,202502,1453.1,0.0137,0.0373,Easley,"Greenville-Anderson, SC",Pickens County
70621,29640,SC,202503,1442.93,-0.007,0.0317,Easley,"Greenville-Anderson, SC",Pickens County
70621,29640,SC,202504,1454.96,0.0083,0.0409,Easley,"Greenville-Anderson, SC",Pickens County
70621,29640,SC,202505,1457.83,0.002,0.0404,Easley,"Greenville-Anderson, SC",Pickens County
70621,29640,SC,202506,1477.41,0.0134,0.0305,Easley,"Greenville-Anderson, SC",Pickens County
70621,29640,SC,202507,1503.85,0.0179,0.0343,Easley,"Greenville-Anderson, SC",Pickens County
70621,29640,SC,202508,1529.93,0.0173,0.0491,Easley,"Greenville-Anderson, SC",Pickens County
70621,29640,SC,202509,1504.73,-0.0165,0.03,Easley,"Greenville-Anderson, SC",Pickens County
70621,29640,SC,202510,1497.26,-0.005,0.0364,Easley,"Greenville-Anderson, SC",Pickens County
70621,29640,SC,202511,1512.29,0.01,0.0599,Easley,"Greenville-Anderson, SC",Pickens County
70621,29640,SC,202512,1536.66,0.0161,0.0725,Easley,"Greenville-Anderson, SC",Pickens County
70621,29640,SC,202601,1541.89,0.0034,0.0756,Easley,"Greenville-Anderson, SC",Pickens County
70621,29640,SC,202602,1515.03,-0.0174,0.0426,Easley,"Greenville-Anderson, SC",Pickens County
70621,29640,SC,202603,1520.24,0.0034,0.0536,Easley,"Greenville-Anderson, SC",Pickens County
70621,29640,SC,202604,1499.88,-0.0134,0.0309,Easley,"Greenville-Anderson, SC",Pickens County
70621,29640,SC,202605,1513.59,0.0091,0.0382,Easley,"Greenville-Anderson, SC",Pickens County
70621,29640,SC,202606,1508.35,-0.0035,0.0209,Easley,"Greenville-Anderson, SC",Pickens County
70621,29640,SC,202607,1542.06,0.0223,0.0254,Easley,"Greenville-Anderson, SC",Pickens County
70621,29640,SC,202608,1547.88,0.0038,0.0117,Easley,"Greenville-Anderson, SC",Pickens County
70623,29642,SC,202501,1829.45,,,Easley,"Greenville-Anderson, SC",Pickens County
70623,29642,SC,202502,1828.08,-0.0007,,Easley,"Greenville-Anderson, SC",Pickens County
70623,29642,SC,202503,1836.32,0.0045,,Easley,"Greenville-Anderson, SC",Pickens County
70623,29642,SC,202504,1832.43,-0.0021,,Easley,"Greenville-Anderson, SC",Pickens County
70623,29642,SC,202505,1846.19,0.0075,,Easley,"Greenville-Anderson, SC",Pickens County
70623,29642,SC,202506,1828.7,-0.0095,,Easley,"Greenville-Anderson, SC",Pickens County
70623,29642,SC,202507,1827.18,-0.0008,,Easley,"Greenville-Anderson, SC",Pickens County
70623,29642,SC,202508,1826.22,-0.0005,,Easley,"Greenville-Anderson, SC",Pickens County
70623,29642,SC,202509,1853.92,0.0152,,Easley,"Greenville-Anderson, SC",Pickens County
70623,29642,SC,202510,1887.44,0.0181,,Easley,"Greenville-Anderson, SC",Pickens County
70623,29642,SC,202511,1880.5,-0.0037,,Easley,"Greenville-Anderson, SC",Pickens County
70623,29642,SC,202512,1880.84,0.0002,,Easley,"Greenville-Anderson, SC",Pickens County
70623,29642,SC,202601,1875.71,-0.0027,0.0253,Easley,"Greenville-Anderson, SC",Pickens County
70623,29642,SC,202602,1909.94,0.0182,0.0448,Easley,"Greenville-Anderson, SC",Pickens County
70623,29642,SC,202603,1913.58,0.0019,0.0421,Easley,"Greenville-Anderson, SC",Pickens County
70623,29642,SC,202604,1918.74,0.0027,0.0471,Easley,"Greenville-Anderson, SC",Pickens County
70623,29642,SC,202605,1888.69,-0.0157,0.023,Easley,"Greenville-Anderson, SC",Pickens County
70623,29642,SC,202606,1884.58,-0.0022,0.0306,Easley,"Greenville-Anderson, SC",Pickens County
70623,29642,SC,202607,1897.05,0.0066,0.0382,Easley,"Greenville-Anderson, SC",Pickens County
70623,29642,SC,202608,1912.31,0.008,0.0471,Easley,"Greenville-Anderson, SC",Pickens County
70625,29644,SC,202307,1893.86,,,Fountain Inn,"Greenville-Anderson, SC",Greenville County
70625,29644,SC,202308,1916.02,0.0117,,Fountain Inn,"Greenville-Anderson, SC",Greenville County
70625,29644,SC,202309,1879.57,-0.019,,Fountain Inn,"Greenville-Anderson, SC",Greenville County
70625,29644,SC,202310,1858.63,-0.0111,,Fountain Inn,"Greenville-Anderson, SC",Greenville County
70625,29644,SC,202311,1838.89,-0.0106,,Fountain Inn,"Greenville-Anderson, SC",Greenville County
70625,29644,SC,202312,1872.67,0.0184,,Fountain Inn,"Greenville-Anderson, SC",Greenville County
70625,29644,SC,202401,1928.85,0.03,,Fountain Inn,"Greenville-Anderson, SC",Greenville County
70625,29644,SC,202402,1962.36,0.0174,,Fountain Inn,"Greenville-Anderson, SC",Greenville County
70625,29644,SC,202403,1964.02,0.0008,,Fountain Inn,"Greenville-Anderson, SC",Greenville County
70625,29644,SC,202404,1937.59,-0.0135,,Fountain Inn,"Greenville-Anderson, SC",Greenville County
70625,29644,SC,202405,1924.86,-0.0066,,Fountain Inn,"Greenville-Anderson, SC",Greenville County
70625,29644,SC,202406,1953.3,0.0148,,Fountain Inn,"Greenville-Anderson, SC",Greenville County
70625,29644,SC,202407,1963.53,0.0052,0.0368,Fountain Inn,"Greenville-Anderson, SC",Greenville County
70625,29644,SC,202408,1962.41,-0.0006,0.0242,Fountain Inn,"Greenville-Anderson, SC",Greenville County
70625,29644,SC,202409,1933.78,-0.0146,0.0288,Fountain Inn,"Greenville-Anderson, SC",Greenville County
70625,29644,SC,202410,1950.52,0.0087,0.0494,Fountain Inn,"Greenville-Anderson, SC",Greenville County
70625,29644,SC,202411,1984.54,0.0174,0.0792,Fountain Inn,"Greenville-Anderson, SC",Greenville County
70625,29644,SC,202412,2000.74,0.0082,0.0684,Fountain Inn,"Greenville-Anderson, SC",Greenville County
70625,29644,SC,202501,2004.52,0.0019,0.0392,Fountain Inn,"Greenville-Anderson, SC",Greenville County
70625,29644,SC,202502,1989.32,-0.0076,0.0137,Fountain Inn,"Greenville-Anderson, SC",Greenville County
70625,29644,SC,202503,1978.45,-0.0055,0.0073,Fountain Inn,"Greenville-Anderson, SC",Greenville County
70625,29644,SC,202504,1972.24,-0.0031,0.0179,Fountain Inn,"Greenville-Anderson, SC",Greenville County
70625,29644,SC,202505,1984.66,0.0063,0.0311,Fountain Inn,"Greenville-Anderson, SC",Greenville County
70625,29644,SC,202506,2008.2,0.0119,0.0281,Fountain Inn,"Greenville-Anderson, SC",Greenville County
70625,29644,SC,202507,2015.91,0.0038,0.0267,Fountain Inn,"Greenville-Anderson, SC",Greenville County
70625,29644,SC,202508,2005.58,-0.0051,0.022,Fountain Inn,"Greenville-Anderson, SC",Greenville County
70625,29644,SC,202509,2024.68,0.0095,0.047,Fountain Inn,"Greenville-Anderson, SC",Greenville County
70625,29644,SC,202510,2012.86,-0.0058,0.032,Fountain Inn,"Greenville-Anderson, SC",Greenville County
70625,29644,SC,202511,2023.68,0.0054,0.0197,Fountain Inn,"Greenville-Anderson, SC",Greenville County
70625,29644,SC,202512,2043.39,0.0097,0.0213,Fountain Inn,"Greenville-Anderson, SC",Greenville County
70625,29644,SC,202601,2060.77,0.0085,0.0281,Fountain Inn,"Greenville-Anderson, SC",Greenville County
70625,29644,SC,202602,2064.57,0.0018,0.0378,Fountain Inn,"Greenville-Anderson, SC",Greenville County
70625,29644,SC,202603,2073.77,0.0045,0.0482,Fountain Inn,"Greenville-Anderson, SC",Greenville County
70625,29644,SC,202604,2084.22,0.005,0.0568,Fountain Inn,"Greenville-Anderson, SC",Greenville County
70625,29644,SC,202605,2127.91,0.021,0.0722,Fountain Inn,"Greenville-Anderson, SC",Greenville County
70625,29644,SC,202606,2091.05,-0.0173,0.0413,Fountain Inn,"Greenville-Anderson, SC",Greenville County
70625,29644,SC,202607,2099.49,0.004,0.0415,Fountain Inn,"Greenville-Anderson, SC",Greenville County
70625,29644,SC,202608,2071.13,-0.0135,0.0327,Fountain Inn,"Greenville-Anderson, SC",Greenville County
70627,29646,SC,202608,866.67,,,Greenwood,"Greenwood, SC",Greenwood County
70630,29649,SC,202510,1190.51,,,Greenwood,"Greenwood, SC",Greenwood County
70630,29649,SC,202511,1151.84,-0.0325,,Greenwood,"Greenwood, SC",Greenwood County
70630,29649,SC,202512,1167.03,0.0132,,Greenwood,"Greenwood, SC",Greenwood County
70630,29649,SC,202601,1192.12,0.0215,,Greenwood,"Greenwood, SC",Greenwood County
70630,29649,SC,202602,1221.93,0.025,,Greenwood,"Greenwood, SC",Greenwood County
70630,29649,SC,202603,1232.15,0.0084,,Greenwood,"Greenwood, SC",Greenwood County
70630,29649,SC,202604,1210.9,-0.0172,,Greenwood,"Greenwood, SC",Greenwood County
70630,29649,SC,202605,1243.52,0.0269,,Greenwood,"Greenwood, SC",Greenwood County
70630,29649,SC,202606,1254.96,0.0092,,Greenwood,"Greenwood, SC",Greenwood County
70630,29649,SC,202607,1285.07,0.024,,Greenwood,"Greenwood, SC",Greenwood County
70630,29649,SC,202608,1291.72,0.0052,,Greenwood,"Greenwood, SC",Greenwood County
70631,29650,SC,201801,1125.32,,,Greer,"Greenville-Anderson, SC",Greenville County
70631,29650,SC,201802,1135.38,0.0089,,Greer,"Greenville-Anderson, SC",Greenville County
70631,29650,SC,201803,1146.42,0.0097,,Greer,"Greenville-Anderson, SC",Greenville County
70631,29650,SC,201804,1158.91,0.0109,,Greer,"Greenville-Anderson, SC",Greenville County
70631,29650,SC,201805,1161.63,0.0023,,Greer,"Greenville-Anderson, SC",Greenville County
70631,29650,SC,201806,1159.82,-0.0016,,Greer,"Greenville-Anderson, SC",Greenville County
70631,29650,SC,201807,1160.48,0.0006,,Greer,"Greenville-Anderson, SC",Greenville County
70631,29650,SC,201808,1161.7,0.001,,Greer,"Greenville-Anderson, SC",Greenville County
70631,29650,SC,201809,1180.05,0.0158,,Greer,"Greenville-Anderson, SC",Greenville County
70631,29650,SC,201810,1180.01,-0.0,,Greer,"Greenville-Anderson, SC",Greenville County
70631,29650,SC,201811,1182.1,0.0018,,Greer,"Greenville-Anderson, SC",Greenville County
70631,29650,SC,201812,1153.73,-0.024,,Greer,"Greenville-Anderson, SC",Greenville County
70631,29650,SC,201901,1155.68,0.0017,0.027,Greer,"Greenville-Anderson, SC",Greenville County
70631,29650,SC,201902,1167.14,0.0099,0.028,Greer,"Greenville-Anderson, SC",Greenville County
70631,29650,SC,201903,1192.97,0.0221,0.0406,Greer,"Greenville-Anderson, SC",Greenville County
70631,29650,SC,201904,1193.78,0.0007,0.0301,Greer,"Greenville-Anderson, SC",Greenville County
70631,29650,SC,201905,1189.77,-0.0034,0.0242,Greer,"Greenville-Anderson, SC",Greenville County
70631,29650,SC,201906,1183.26,-0.0055,0.0202,Greer,"Greenville-Anderson, SC",Greenville County
70631,29650,SC,201907,1185.16,0.0016,0.0213,Greer,"Greenville-Anderson, SC",Greenville County
70631,29650,SC,201908,1191.42,0.0053,0.0256,Greer,"Greenville-Anderson, SC",Greenville County
70631,29650,SC,201909,1186.37,-0.0042,0.0054,Greer,"Greenville-Anderson, SC",Greenville County
70631,29650,SC,201910,1195.89,0.008,0.0135,Greer,"Greenville-Anderson, SC",Greenville County
70631,29650,SC,201911,1188.59,-0.0061,0.0055,Greer,"Greenville-Anderson, SC",Greenville County
70631,29650,SC,201912,1180.77,-0.0066,0.0234,Greer,"Greenville-Anderson, SC",Greenville County
70631,29650,SC,202001,1180.22,-0.0005,0.0212,Greer,"Greenville-Anderson, SC",Greenville County
70631,29650,SC,202002,1177.72,-0.0021,0.0091,Greer,"Greenville-Anderson, SC",Greenville County
70631,29650,SC,202003,1208.48,0.0261,0.013,Greer,"Greenville-Anderson, SC",Greenville County
70631,29650,SC,202004,1207.05,-0.0012,0.0111,Greer,"Greenville-Anderson, SC",Greenville County
70631,29650,SC,202005,1225.75,0.0155,0.0302,Greer,"Greenville-Anderson, SC",Greenville County
70631,29650,SC,202006,1225.25,-0.0004,0.0355,Greer,"Greenville-Anderson, SC",Greenville County
70631,29650,SC,202007,1241.25,0.0131,0.0473,Greer,"Greenville-Anderson, SC",Greenville County
70631,29650,SC,202008,1248.07,0.0055,0.0475,Greer,"Greenville-Anderson, SC",Greenville County
70631,29650,SC,202009,1255.79,0.0062,0.0585,Greer,"Greenville-Anderson, SC",Greenville County
70631,29650,SC,202010,1249.59,-0.0049,0.0449,Greer,"Greenville-Anderson, SC",Greenville County
70631,29650,SC,202011,1248.11,-0.0012,0.0501,Greer,"Greenville-Anderson, SC",Greenville County
70631,29650,SC,202012,1248.11,-0.0,0.057,Greer,"Greenville-Anderson, SC",Greenville County
70631,29650,SC,202101,1257.29,0.0074,0.0653,Greer,"Greenville-Anderson, SC",Greenville County
70631,29650,SC,202102,1268.24,0.0087,0.0769,Greer,"Greenville-Anderson, SC",Greenville County
70631,29650,SC,202103,1280.19,0.0094,0.0593,Greer,"Greenville-Anderson, SC",Greenville County
70631,29650,SC,202104,1304.51,0.019,0.0807,Greer,"Greenville-Anderson, SC",Greenville County
70631,29650,SC,202105,1312.27,0.0059,0.0706,Greer,"Greenville-Anderson, SC",Greenville County
70631,29650,SC,202106,1337.96,0.0196,0.092,Greer,"Greenville-Anderson, SC",Greenville County
70631,29650,SC,202107,1340.89,0.0022,0.0803,Greer,"Greenville-Anderson, SC",Greenville County
70631,29650,SC,202108,1363.51,0.0169,0.0925,Greer,"Greenville-Anderson, SC",Greenville County
70631,29650,SC,202109,1356.48,-0.0052,0.0802,Greer,"Greenville-Anderson, SC",Greenville County
70631,29650,SC,202110,1368.27,0.0087,0.095,Greer,"Greenville-Anderson, SC",Greenville County
70631,29650,SC,202111,1369.01,0.0005,0.0969,Greer,"Greenville-Anderson, SC",Greenville County
70631,29650,SC,202112,1376.66,0.0056,0.103,Greer,"Greenville-Anderson, SC",Greenville County
70631,29650,SC,202201,1383.35,0.0049,0.1003,Greer,"Greenville-Anderson, SC",Greenville County
70631,29650,SC,202202,1398.51,0.011,0.1027,Greer,"Greenville-Anderson, SC",Greenville County
70631,29650,SC,202203,1412.7,0.0101,0.1035,Greer,"Greenville-Anderson, SC",Greenville County
70631,29650,SC,202204,1433.59,0.0148,0.099,Greer,"Greenville-Anderson, SC",Greenville County
70631,29650,SC,202205,1455.15,0.015,0.1089,Greer,"Greenville-Anderson, SC",Greenville County
70631,29650,SC,202206,1483.11,0.0192,0.1085,Greer,"Greenville-Anderson, SC",Greenville County
70631,29650,SC,202207,1501.32,0.0123,0.1196,Greer,"Greenville-Anderson, SC",Greenville County
70631,29650,SC,202208,1506.54,0.0035,0.1049,Greer,"Greenville-Anderson, SC",Greenville County
70631,29650,SC,202209,1521.79,0.0101,0.1219,Greer,"Greenville-Anderson, SC",Greenville County
70631,29650,SC,202210,1527.07,0.0035,0.1161,Greer,"Greenville-Anderson, SC",Greenville County
70631,29650,SC,202211,1516.98,-0.0066,0.1081,Greer,"Greenville-Anderson, SC",Greenville County
70631,29650,SC,202212,1495.78,-0.014,0.0865,Greer,"Greenville-Anderson, SC",Greenville County
70631,29650,SC,202301,1496.33,0.0004,0.0817,Greer,"Greenville-Anderson, SC",Greenville County
70631,29650,SC,202302,1525.91,0.0198,0.0911,Greer,"Greenville-Anderson, SC",Greenville County
70631,29650,SC,202303,1546.12,0.0132,0.0944,Greer,"Greenville-Anderson, SC",Greenville County
70631,29650,SC,202304,1552.6,0.0042,0.083,Greer,"Greenville-Anderson, SC",Greenville County
70631,29650,SC,202305,1554.46,0.0012,0.0682,Greer,"Greenville-Anderson, SC",Greenville County
70631,29650,SC,202306,1555.35,0.0006,0.0487,Greer,"Greenville-Anderson, SC",Greenville County
70631,29650,SC,202307,1554.27,-0.0007,0.0353,Greer,"Greenville-Anderson, SC",Greenville County
70631,29650,SC,202308,1553.9,-0.0002,0.0314,Greer,"Greenville-Anderson, SC",Greenville County
70631,29650,SC,202309,1558.25,0.0028,0.024,Greer,"Greenville-Anderson, SC",Greenville County
70631,29650,SC,202310,1558.71,0.0003,0.0207,Greer,"Greenville-Anderson, SC",Greenville County
70631,29650,SC,202311,1557.39,-0.0008,0.0266,Greer,"Greenville-Anderson, SC",Greenville County
70631,29650,SC,202312,1554.22,-0.002,0.0391,Greer,"Greenville-Anderson, SC",Greenville County
70631,29650,SC,202401,1560.93,0.0043,0.0432,Greer,"Greenville-Anderson, SC",Greenville County
70631,29650,SC,202402,1568.39,0.0048,0.0278,Greer,"Greenville-Anderson, SC",Greenville County
70631,29650,SC,202403,1585.58,0.011,0.0255,Greer,"Greenville-Anderson, SC",Greenville County
70631,29650,SC,202404,1589.45,0.0024,0.0237,Greer,"Greenville-Anderson, SC",Greenville County
70631,29650,SC,202405,1596.85,0.0047,0.0273,Greer,"Greenville-Anderson, SC",Greenville County
70631,29650,SC,202406,1602.88,0.0038,0.0306,Greer,"Greenville-Anderson, SC",Greenville County
70631,29650,SC,202407,1615.8,0.0081,0.0396,Greer,"Greenville-Anderson, SC",Greenville County
70631,29650,SC,202408,1620.85,0.0031,0.0431,Greer,"Greenville-Anderson, SC",Greenville County
70631,29650,SC,202409,1616.36,-0.0028,0.0373,Greer,"Greenville-Anderson, SC",Greenville County
70631,29650,SC,202410,1600.52,-0.0098,0.0268,Greer,"Greenville-Anderson, SC",Greenville County
70631,29650,SC,202411,1593.89,-0.0041,0.0234,Greer,"Greenville-Anderson, SC",Greenville County
70631,29650,SC,202412,1600.24,0.004,0.0296,Greer,"Greenville-Anderson, SC",Greenville County
70631,29650,SC,202501,1607.28,0.0044,0.0297,Greer,"Greenville-Anderson, SC",Greenville County
70631,29650,SC,202502,1619.15,0.0074,0.0324,Greer,"Greenville-Anderson, SC",Greenville County
70631,29650,SC,202503,1619.54,0.0002,0.0214,Greer,"Greenville-Anderson, SC",Greenville County
70631,29650,SC,202504,1637.36,0.011,0.0301,Greer,"Greenville-Anderson, SC",Greenville County
70631,29650,SC,202505,1636.64,-0.0004,0.0249,Greer,"Greenville-Anderson, SC",Greenville County
70631,29650,SC,202506,1643.08,0.0039,0.0251,Greer,"Greenville-Anderson, SC",Greenville County
70631,29650,SC,202507,1640.69,-0.0015,0.0154,Greer,"Greenville-Anderson, SC",Greenville County
70631,29650,SC,202508,1652.85,0.0074,0.0197,Greer,"Greenville-Anderson, SC",Greenville County
70631,29650,SC,202509,1662.02,0.0055,0.0282,Greer,"Greenville-Anderson, SC",Greenville County
70631,29650,SC,202510,1679.42,0.0105,0.0493,Greer,"Greenville-Anderson, SC",Greenville County
70631,29650,SC,202511,1672.27,-0.0043,0.0492,Greer,"Greenville-Anderson, SC",Greenville County
70631,29650,SC,202512,1666.23,-0.0036,0.0412,Greer,"Greenville-Anderson, SC",Greenville County
70631,29650,SC,202601,1645.86,-0.0122,0.024,Greer,"Greenville-Anderson, SC",Greenville County
70631,29650,SC,202602,1634.19,-0.0071,0.0093,Greer,"Greenville-Anderson, SC",Greenville County
70631,29650,SC,202603,1626.96,-0.0044,0.0046,Greer,"Greenville-Anderson, SC",Greenville County
70631,29650,SC,202604,1638.88,0.0073,0.0009,Greer,"Greenville-Anderson, SC",Greenville County
70631,29650,SC,202605,1650.89,0.0073,0.0087,Greer,"Greenville-Anderson, SC",Greenville County
70631,29650,SC,202606,1682.57,0.0192,0.024,Greer,"Greenville-Anderson, SC",Greenville County
70631,29650,SC,202607,1688.87,0.0037,0.0294,Greer,"Greenville-Anderson, SC",Greenville County
70631,29650,SC,202608,1704.72,0.0094,0.0314,Greer,"Greenville-Anderson, SC",Greenville County
70632,29651,SC,201903,1058.36,,,Greer,"Spartanburg, SC",Spartanburg County
70632,29651,SC,201904,1082.38,0.0227,,Greer,"Spartanburg, SC",Spartanburg County
70632,29651,SC,201905,1093.46,0.0102,,Greer,"Spartanburg, SC",Spartanburg County
70632,29651,SC,201906,1106.02,0.0115,,Greer,"Spartanburg, SC",Spartanburg County
70632,29651,SC,201907,1104.6,-0.0013,,Greer,"Spartanburg, SC",Spartanburg County
70632,29651,SC,201908,1088.33,-0.0147,,Greer,"Spartanburg, SC",Spartanburg County
70632,29651,SC,201909,1087.02,-0.0012,,Greer,"Spartanburg, SC",Spartanburg County
70632,29651,SC,201910,1086.38,-0.0006,,Greer,"Spartanburg, SC",Spartanburg County
70632,29651,SC,201911,1105.74,0.0178,,Greer,"Spartanburg, SC",Spartanburg County
70632,29651,SC,201912,1106.97,0.0011,,Greer,"Spartanburg, SC",Spartanburg County
70632,29651,SC,202001,1095.57,-0.0103,,Greer,"Spartanburg, SC",Spartanburg County
70632,29651,SC,202002,1107.49,0.0109,,Greer,"Spartanburg, SC",Spartanburg County
70632,29651,SC,202003,1124.0,0.0149,0.062,Greer,"Spartanburg, SC",Spartanburg County
70632,29651,SC,202004,1139.78,0.014,0.053,Greer,"Spartanburg, SC",Spartanburg County
70632,29651,SC,202005,1146.6,0.006,0.0486,Greer,"Spartanburg, SC",Spartanburg County
70632,29651,SC,202006,1156.42,0.0086,0.0456,Greer,"Spartanburg, SC",Spartanburg County
70632,29651,SC,202007,1176.51,0.0174,0.0651,Greer,"Spartanburg, SC",Spartanburg County
70632,29651,SC,202008,1162.71,-0.0117,0.0683,Greer,"Spartanburg, SC",Spartanburg County
70632,29651,SC,202009,1162.39,-0.0003,0.0693,Greer,"Spartanburg, SC",Spartanburg County
70632,29651,SC,202010,1151.99,-0.0089,0.0604,Greer,"Spartanburg, SC",Spartanburg County
70632,29651,SC,202011,1163.54,0.01,0.0523,Greer,"Spartanburg, SC",Spartanburg County
70632,29651,SC,202012,1146.56,-0.0146,0.0358,Greer,"Spartanburg, SC",Spartanburg County
70632,29651,SC,202101,1159.75,0.0115,0.0586,Greer,"Spartanburg, SC",Spartanburg County
70632,29651,SC,202102,1152.69,-0.0061,0.0408,Greer,"Spartanburg, SC",Spartanburg County
70632,29651,SC,202103,1190.27,0.0326,0.059,Greer,"Spartanburg, SC",Spartanburg County
70632,29651,SC,202104,1203.17,0.0108,0.0556,Greer,"Spartanburg, SC",Spartanburg County
70632,29651,SC,202105,1239.75,0.0304,0.0812,Greer,"Spartanburg, SC",Spartanburg County
70632,29651,SC,202106,1246.21,0.0052,0.0776,Greer,"Spartanburg, SC",Spartanburg County
70632,29651,SC,202107,1270.72,0.0197,0.0801,Greer,"Spartanburg, SC",Spartanburg County
70632,29651,SC,202108,1293.1,0.0176,0.1121,Greer,"Spartanburg, SC",Spartanburg County
70632,29651,SC,202109,1307.33,0.011,0.1247,Greer,"Spartanburg, SC",Spartanburg County
70632,29651,SC,202110,1311.68,0.0033,0.1386,Greer,"Spartanburg, SC",Spartanburg County
70632,29651,SC,202111,1323.01,0.0086,0.1371,Greer,"Spartanburg, SC",Spartanburg County
70632,29651,SC,202112,1329.51,0.0049,0.1596,Greer,"Spartanburg, SC",Spartanburg County
70632,29651,SC,202201,1337.54,0.006,0.1533,Greer,"Spartanburg, SC",Spartanburg County
70632,29651,SC,202202,1328.04,-0.0071,0.1521,Greer,"Spartanburg, SC",Spartanburg County
70632,29651,SC,202203,1364.84,0.0277,0.1467,Greer,"Spartanburg, SC",Spartanburg County
70632,29651,SC,202204,1394.8,0.022,0.1593,Greer,"Spartanburg, SC",Spartanburg County
70632,29651,SC,202205,1423.95,0.0209,0.1486,Greer,"Spartanburg, SC",Spartanburg County
70632,29651,SC,202206,1430.39,0.0045,0.1478,Greer,"Spartanburg, SC",Spartanburg County
70632,29651,SC,202207,1435.15,0.0033,0.1294,Greer,"Spartanburg, SC",Spartanburg County
70632,29651,SC,202208,1468.8,0.0234,0.1359,Greer,"Spartanburg, SC",Spartanburg County
70632,29651,SC,202209,1454.49,-0.0097,0.1126,Greer,"Spartanburg, SC",Spartanburg County
70632,29651,SC,202210,1471.94,0.012,0.1222,Greer,"Spartanburg, SC",Spartanburg County
70632,29651,SC,202211,1444.22,-0.0188,0.0916,Greer,"Spartanburg, SC",Spartanburg County
70632,29651,SC,202212,1461.16,0.0117,0.099,Greer,"Spartanburg, SC",Spartanburg County
70632,29651,SC,202301,1470.39,0.0063,0.0993,Greer,"Spartanburg, SC",Spartanburg County
70632,29651,SC,202302,1486.6,0.011,0.1194,Greer,"Spartanburg, SC",Spartanburg County
70632,29651,SC,202303,1495.81,0.0062,0.096,Greer,"Spartanburg, SC",Spartanburg County
70632,29651,SC,202304,1492.1,-0.0025,0.0698,Greer,"Spartanburg, SC",Spartanburg County
70632,29651,SC,202305,1497.19,0.0034,0.0514,Greer,"Spartanburg, SC",Spartanburg County
70632,29651,SC,202306,1517.76,0.0137,0.0611,Greer,"Spartanburg, SC",Spartanburg County
70632,29651,SC,202307,1523.85,0.004,0.0618,Greer,"Spartanburg, SC",Spartanburg County
70632,29651,SC,202308,1536.81,0.0085,0.0463,Greer,"Spartanburg, SC",Spartanburg County
70632,29651,SC,202309,1527.64,-0.006,0.0503,Greer,"Spartanburg, SC",Spartanburg County
70632,29651,SC,202310,1523.51,-0.0027,0.035,Greer,"Spartanburg, SC",Spartanburg County
70632,29651,SC,202311,1523.57,0.0,0.0549,Greer,"Spartanburg, SC",Spartanburg County
70632,29651,SC,202312,1493.13,-0.02,0.0219,Greer,"Spartanburg, SC",Spartanburg County
70632,29651,SC,202401,1499.64,0.0044,0.0199,Greer,"Spartanburg, SC",Spartanburg County
70632,29651,SC,202402,1514.56,0.0099,0.0188,Greer,"Spartanburg, SC",Spartanburg County
70632,29651,SC,202403,1573.83,0.0391,0.0522,Greer,"Spartanburg, SC",Spartanburg County
70632,29651,SC,202404,1591.11,0.011,0.0664,Greer,"Spartanburg, SC",Spartanburg County
70632,29651,SC,202405,1597.64,0.0041,0.0671,Greer,"Spartanburg, SC",Spartanburg County
70632,29651,SC,202406,1597.87,0.0001,0.0528,Greer,"Spartanburg, SC",Spartanburg County
70632,29651,SC,202407,1608.58,0.0067,0.0556,Greer,"Spartanburg, SC",Spartanburg County
70632,29651,SC,202408,1614.65,0.0038,0.0507,Greer,"Spartanburg, SC",Spartanburg County
70632,29651,SC,202409,1606.93,-0.0048,0.0519,Greer,"Spartanburg, SC",Spartanburg County
70632,29651,SC,202410,1599.76,-0.0045,0.0501,Greer,"Spartanburg, SC",Spartanburg County
70632,29651,SC,202411,1604.96,0.0032,0.0534,Greer,"Spartanburg, SC",Spartanburg County
70632,29651,SC,202412,1606.5,0.001,0.0759,Greer,"Spartanburg, SC",Spartanburg County
70632,29651,SC,202501,1611.52,0.0031,0.0746,Greer,"Spartanburg, SC",Spartanburg County
70632,29651,SC,202502,1624.66,0.0081,0.0727,Greer,"Spartanburg, SC",Spartanburg County
70632,29651,SC,202503,1643.03,0.0113,0.044,Greer,"Spartanburg, SC",Spartanburg County
70632,29651,SC,202504,1654.04,0.0067,0.0395,Greer,"Spartanburg, SC",Spartanburg County
70632,29651,SC,202505,1639.0,-0.0091,0.0259,Greer,"Spartanburg, SC",Spartanburg County
70632,29651,SC,202506,1632.07,-0.0042,0.0214,Greer,"Spartanburg, SC",Spartanburg County
70632,29651,SC,202507,1638.15,0.0037,0.0184,Greer,"Spartanburg, SC",Spartanburg County
70632,29651,SC,202508,1654.08,0.0097,0.0244,Greer,"Spartanburg, SC",Spartanburg County
70632,29651,SC,202509,1655.52,0.0009,0.0302,Greer,"Spartanburg, SC",Spartanburg County
70632,29651,SC,202510,1651.73,-0.0023,0.0325,Greer,"Spartanburg, SC",Spartanburg County
70632,29651,SC,202511,1648.47,-0.002,0.0271,Greer,"Spartanburg, SC",Spartanburg County
70632,29651,SC,202512,1647.22,-0.0008,0.0253,Greer,"Spartanburg, SC",Spartanburg County
70632,29651,SC,202601,1646.22,-0.0006,0.0215,Greer,"Spartanburg, SC",Spartanburg County
70632,29651,SC,202602,1660.31,0.0086,0.0219,Greer,"Spartanburg, SC",Spartanburg County
70632,29651,SC,202603,1655.48,-0.0029,0.0076,Greer,"Spartanburg, SC",Spartanburg County
70632,29651,SC,202604,1661.73,0.0038,0.0046,Greer,"Spartanburg, SC",Spartanburg County
70632,29651,SC,202605,1656.49,-0.0032,0.0107,Greer,"Spartanburg, SC",Spartanburg County
70632,29651,SC,202606,1679.14,0.0137,0.0288,Greer,"Spartanburg, SC",Spartanburg County
70632,29651,SC,202607,1685.67,0.0039,0.029,Greer,"Spartanburg, SC",Spartanburg County
70632,29651,SC,202608,1690.96,0.0031,0.0223,Greer,"Spartanburg, SC",Spartanburg County
70642,29662,SC,202109,1218.53,,,Mauldin,"Greenville-Anderson, SC",Greenville County
70642,29662,SC,202110,1242.91,0.02,,Mauldin,"Greenville-Anderson, SC",Greenville County
70642,29662,SC,202111,1235.86,-0.0057,,Mauldin,"Greenville-Anderson, SC",Greenville County
70642,29662,SC,202112,1237.08,0.001,,Mauldin,"Greenville-Anderson, SC",Greenville County
70642,29662,SC,202201,1200.16,-0.0298,,Mauldin,"Greenville-Anderson, SC",Greenville County
70642,29662,SC,202202,1200.4,0.0002,,Mauldin,"Greenville-Anderson, SC",Greenville County
70642,29662,SC,202203,1208.43,0.0067,,Mauldin,"Greenville-Anderson, SC",Greenville County
70642,29662,SC,202204,1251.29,0.0355,,Mauldin,"Greenville-Anderson, SC",Greenville County
70642,29662,SC,202205,1280.61,0.0234,,Mauldin,"Greenville-Anderson, SC",Greenville County
70642,29662,SC,202206,1293.74,0.0103,,Mauldin,"Greenville-Anderson, SC",Greenville County
70642,29662,SC,202207,1301.06,0.0057,,Mauldin,"Greenville-Anderson, SC",Greenville County
70642,29662,SC,202208,1298.12,-0.0023,,Mauldin,"Greenville-Anderson, SC",Greenville County
70642,29662,SC,202209,1291.91,-0.0048,0.0602,Mauldin,"Greenville-Anderson, SC",Greenville County
70642,29662,SC,202210,1275.7,-0.0125,0.0264,Mauldin,"Greenville-Anderson, SC",Greenville County
70642,29662,SC,202211,1268.01,-0.006,0.026,Mauldin,"Greenville-Anderson, SC",Greenville County
70642,29662,SC,202301,1243.15,-0.0196,0.0049,Mauldin,"Greenville-Anderson, SC",Greenville County
70642,29662,SC,202302,1240.22,-0.0024,0.0334,Mauldin,"Greenville-Anderson, SC",Greenville County
70642,29662,SC,202303,1270.71,0.0246,0.0586,Mauldin,"Greenville-Anderson, SC",Greenville County
70642,29662,SC,202304,1282.69,0.0094,0.0615,Mauldin,"Greenville-Anderson, SC",Greenville County
70642,29662,SC,202305,1312.65,0.0234,0.049,Mauldin,"Greenville-Anderson, SC",Greenville County
70642,29662,SC,202306,1293.16,-0.0149,0.0098,Mauldin,"Greenville-Anderson, SC",Greenville County
70642,29662,SC,202307,1307.9,0.0114,0.0109,Mauldin,"Greenville-Anderson, SC",Greenville County
70642,29662,SC,202308,1283.21,-0.0189,-0.0137,Mauldin,"Greenville-Anderson, SC",Greenville County
70642,29662,SC,202309,1289.46,0.0049,-0.0067,Mauldin,"Greenville-Anderson, SC",Greenville County
70642,29662,SC,202310,1297.83,0.0065,0.0046,Mauldin,"Greenville-Anderson, SC",Greenville County
70642,29662,SC,202311,1307.41,0.0074,0.0249,Mauldin,"Greenville-Anderson, SC",Greenville County
70642,29662,SC,202312,1309.58,0.0017,0.0328,Mauldin,"Greenville-Anderson, SC",Greenville County
70642,29662,SC,202401,1318.81,0.007,0.0609,Mauldin,"Greenville-Anderson, SC",Greenville County
70642,29662,SC,202402,1324.92,0.0046,0.0683,Mauldin,"Greenville-Anderson, SC",Greenville County
70642,29662,SC,202403,1323.47,-0.0011,0.0415,Mauldin,"Greenville-Anderson, SC",Greenville County
70642,29662,SC,202404,1323.37,-0.0001,0.0317,Mauldin,"Greenville-Anderson, SC",Greenville County
70642,29662,SC,202405,1334.88,0.0087,0.0169,Mauldin,"Greenville-Anderson, SC",Greenville County
70642,29662,SC,202406,1340.75,0.0044,0.0368,Mauldin,"Greenville-Anderson, SC",Greenville County
70642,29662,SC,202407,1337.06,-0.0027,0.0223,Mauldin,"Greenville-Anderson, SC",Greenville County
70642,29662,SC,202408,1333.92,-0.0023,0.0395,Mauldin,"Greenville-Anderson, SC",Greenville County
70642,29662,SC,202409,1344.47,0.0079,0.0427,Mauldin,"Greenville-Anderson, SC",Greenville County
70642,29662,SC,202410,1350.1,0.0042,0.0403,Mauldin,"Greenville-Anderson, SC",Greenville County
70642,29662,SC,202411,1348.97,-0.0008,0.0318,Mauldin,"Greenville-Anderson, SC",Greenville County
70642,29662,SC,202412,1360.91,0.0089,0.0392,Mauldin,"Greenville-Anderson, SC",Greenville County
70642,29662,SC,202501,1365.44,0.0033,0.0354,Mauldin,"Greenville-Anderson, SC",Greenville County
70642,29662,SC,202502,1358.1,-0.0054,0.025,Mauldin,"Greenville-Anderson, SC",Greenville County
70642,29662,SC,202503,1345.92,-0.009,0.017,Mauldin,"Greenville-Anderson, SC",Greenville County
70642,29662,SC,202504,1331.58,-0.0107,0.0062,Mauldin,"Greenville-Anderson, SC",Greenville County
70642,29662,SC,202505,1336.62,0.0038,0.0013,Mauldin,"Greenville-Anderson, SC",Greenville County
70642,29662,SC,202506,1321.02,-0.0117,-0.0147,Mauldin,"Greenville-Anderson, SC",Greenville County
70642,29662,SC,202507,1313.89,-0.0054,-0.0173,Mauldin,"Greenville-Anderson, SC",Greenville County
70642,29662,SC,202508,1313.82,-0.0001,-0.0151,Mauldin,"Greenville-Anderson, SC",Greenville County
70642,29662,SC,202509,1333.1,0.0147,-0.0085,Mauldin,"Greenville-Anderson, SC",Greenville County
70642,29662,SC,202510,1337.96,0.0036,-0.009,Mauldin,"Greenville-Anderson, SC",Greenville County
70642,29662,SC,202511,1328.58,-0.007,-0.0151,Mauldin,"Greenville-Anderson, SC",Greenville County
70642,29662,SC,202512,1318.93,-0.0073,-0.0308,Mauldin,"Greenville-Anderson, SC",Greenville County
70642,29662,SC,202601,1335.33,0.0124,-0.0221,Mauldin,"Greenville-Anderson, SC",Greenville County
70642,29662,SC,202602,1346.47,0.0083,-0.0086,Mauldin,"Greenville-Anderson, SC",Greenville County
70642,29662,SC,202603,1342.17,-0.0032,-0.0028,Mauldin,"Greenville-Anderson, SC",Greenville County
70642,29662,SC,202604,1338.28,-0.0029,0.005,Mauldin,"Greenville-Anderson, SC",Greenville County
70642,29662,SC,202605,1342.06,0.0028,0.0041,Mauldin,"Greenville-Anderson, SC",Greenville County
70642,29662,SC,202606,1372.4,0.0226,0.0389,Mauldin,"Greenville-Anderson, SC",Greenville County
70642,29662,SC,202607,1379.73,0.0053,0.0501,Mauldin,"Greenville-Anderson, SC",Greenville County
70642,29662,SC,202608,1396.54,0.0122,0.063,Mauldin,"Greenville-Anderson, SC",Greenville County
70648,29670,SC,202506,1442.45,,,Pendleton,"Greenville-Anderson, SC",Anderson County
70648,29670,SC,202507,1443.45,0.0007,,Pendleton,"Greenville-Anderson, SC",Anderson County
70648,29670,SC,202508,1445.71,0.0016,,Pendleton,"Greenville-Anderson, SC",Anderson County
70648,29670,SC,202509,1453.93,0.0057,,Pendleton,"Greenville-Anderson, SC",Anderson County
70648,29670,SC,202510,1452.37,-0.0011,,Pendleton,"Greenville-Anderson, SC",Anderson County
70648,29670,SC,202511,1476.27,0.0165,,Pendleton,"Greenville-Anderson, SC",Anderson County
70648,29670,SC,202512,1481.99,0.0039,,Pendleton,"Greenville-Anderson, SC",Anderson County
70648,29670,SC,202601,1492.92,0.0074,,Pendleton,"Greenville-Anderson, SC",Anderson County
70648,29670,SC,202602,1493.05,0.0001,,Pendleton,"Greenville-Anderson, SC",Anderson County
70648,29670,SC,202603,1495.57,0.0017,,Pendleton,"Greenville-Anderson, SC",Anderson County
70648,29670,SC,202604,1488.13,-0.005,,Pendleton,"Greenville-Anderson, SC",Anderson County
70648,29670,SC,202605,1471.75,-0.011,,Pendleton,"Greenville-Anderson, SC",Anderson County
70648,29670,SC,202606,1463.73,-0.0054,0.0148,Pendleton,"Greenville-Anderson, SC",Anderson County
70648,29670,SC,202607,1486.06,0.0153,0.0295,Pendleton,"Greenville-Anderson, SC",Anderson County
70648,29670,SC,202608,1485.6,-0.0003,0.0276,Pendleton,"Greenville-Anderson, SC",Anderson County
70650,29672,SC,202512,1350.53,,,Seneca,"Seneca, SC",Oconee County
70650,29672,SC,202601,1369.65,0.0142,,Seneca,"Seneca, SC",Oconee County
70650,29672,SC,202602,1414.78,0.0329,,Seneca,"Seneca, SC",Oconee County
70650,29672,SC,202603,1438.59,0.0168,,Seneca,"Seneca, SC",Oconee County
70650,29672,SC,202604,1457.01,0.0128,,Seneca,"Seneca, SC",Oconee County
70650,29672,SC,202605,1471.69,0.0101,,Seneca,"Seneca, SC",Oconee County
70650,29672,SC,202606,1473.27,0.0011,,Seneca,"Seneca, SC",Oconee County
70650,29672,SC,202607,1480.24,0.0047,,Seneca,"Seneca, SC",Oconee County
70650,29672,SC,202608,1488.06,0.0053,,Seneca,"Seneca, SC",Oconee County
70651,29673,SC,202402,1437.99,,,Piedmont,"Greenville-Anderson, SC",Greenville County
70651,29673,SC,202403,1432.6,-0.0037,,Piedmont,"Greenville-Anderson, SC",Greenville County
70651,29673,SC,202404,1453.24,0.0144,,Piedmont,"Greenville-Anderson, SC",Greenville County
70651,29673,SC,202405,1459.46,0.0043,,Piedmont,"Greenville-Anderson, SC",Greenville County
70651,29673,SC,202406,1477.42,0.0123,,Piedmont,"Greenville-Anderson, SC",Greenville County
70651,29673,SC,202407,1477.18,-0.0002,,Piedmont,"Greenville-Anderson, SC",Greenville County
70651,29673,SC,202408,1476.93,-0.0002,,Piedmont,"Greenville-Anderson, SC",Greenville County
70651,29673,SC,202409,1482.21,0.0036,,Piedmont,"Greenville-Anderson, SC",Greenville County
70651,29673,SC,202410,1487.95,0.0039,,Piedmont,"Greenville-Anderson, SC",Greenville County
70651,29673,SC,202411,1477.92,-0.0067,,Piedmont,"Greenville-Anderson, SC",Greenville County
70651,29673,SC,202412,1463.16,-0.01,,Piedmont,"Greenville-Anderson, SC",Greenville County
70651,29673,SC,202501,1487.3,0.0165,,Piedmont,"Greenville-Anderson, SC",Greenville County
70651,29673,SC,202502,1526.89,0.0266,0.0618,Piedmont,"Greenville-Anderson, SC",Greenville County
70651,29673,SC,202503,1572.44,0.0298,0.0976,Piedmont,"Greenville-Anderson, SC",Greenville County
70651,29673,SC,202504,1555.71,-0.0106,0.0705,Piedmont,"Greenville-Anderson, SC",Greenville County
70651,29673,SC,202505,1559.92,0.0027,0.0688,Piedmont,"Greenville-Anderson, SC",Greenville County
70651,29673,SC,202506,1537.77,-0.0142,0.0408,Piedmont,"Greenville-Anderson, SC",Greenville County
70651,29673,SC,202507,1556.56,0.0122,0.0537,Piedmont,"Greenville-Anderson, SC",Greenville County
70651,29673,SC,202508,1539.09,-0.0112,0.0421,Piedmont,"Greenville-Anderson, SC",Greenville County
70651,29673,SC,202509,1533.07,-0.0039,0.0343,Piedmont,"Greenville-Anderson, SC",Greenville County
70651,29673,SC,202510,1526.18,-0.0045,0.0257,Piedmont,"Greenville-Anderson, SC",Greenville County
70651,29673,SC,202511,1529.97,0.0025,0.0352,Piedmont,"Greenville-Anderson, SC",Greenville County
70651,29673,SC,202512,1552.0,0.0144,0.0607,Piedmont,"Greenville-Anderson, SC",Greenville County
70651,29673,SC,202601,1545.19,-0.0044,0.0389,Piedmont,"Greenville-Anderson, SC",Greenville County
70651,29673,SC,202602,1537.49,-0.005,0.0069,Piedmont,"Greenville-Anderson, SC",Greenville County
70651,29673,SC,202603,1534.27,-0.0021,-0.0243,Piedmont,"Greenville-Anderson, SC",Greenville County
70651,29673,SC,202604,1531.75,-0.0016,-0.0154,Piedmont,"Greenville-Anderson, SC",Greenville County
70651,29673,SC,202605,1536.64,0.0032,-0.0149,Piedmont,"Greenville-Anderson, SC",Greenville County
70651,29673,SC,202606,1520.49,-0.0105,-0.0112,Piedmont,"Greenville-Anderson, SC",Greenville County
70651,29673,SC,202607,1525.97,0.0036,-0.0197,Piedmont,"Greenville-Anderson, SC",Greenville County
70651,29673,SC,202608,1545.17,0.0126,0.0039,Piedmont,"Greenville-Anderson, SC",Greenville County
70655,29678,SC,202412,1203.0,,,Seneca,"Seneca, SC",Oconee County
70655,29678,SC,202501,1216.41,0.0111,,Seneca,"Seneca, SC",Oconee County
70655,29678,SC,202502,1214.99,-0.0012,,Seneca,"Seneca, SC",Oconee County
70655,29678,SC,202503,1194.97,-0.0165,,Seneca,"Seneca, SC",Oconee County
70655,29678,SC,202504,1193.68,-0.0011,,Seneca,"Seneca, SC",Oconee County
70655,29678,SC,202505,1247.76,0.0453,,Seneca,"Seneca, SC",Oconee County
70655,29678,SC,202506,1272.27,0.0196,,Seneca,"Seneca, SC",Oconee County
70655,29678,SC,202507,1273.81,0.0012,,Seneca,"Seneca, SC",Oconee County
70655,29678,SC,202508,1266.34,-0.0059,,Seneca,"Seneca, SC",Oconee County
70655,29678,SC,202509,1250.68,-0.0124,,Seneca,"Seneca, SC",Oconee County
70655,29678,SC,202510,1265.77,0.0121,,Seneca,"Seneca, SC",Oconee County
70655,29678,SC,202511,1314.08,0.0382,,Seneca,"Seneca, SC",Oconee County
70655,29678,SC,202512,1317.28,0.0024,0.095,Seneca,"Seneca, SC",Oconee County
70655,29678,SC,202601,1305.26,-0.0091,0.073,Seneca,"Seneca, SC",Oconee County
70655,29678,SC,202602,1266.5,-0.0297,0.0424,Seneca,"Seneca, SC",Oconee County
70655,29678,SC,202603,1272.74,0.0049,0.0651,Seneca,"Seneca, SC",Oconee County
70655,29678,SC,202604,1273.39,0.0005,0.0668,Seneca,"Seneca, SC",Oconee County
70655,29678,SC,202605,1267.65,-0.0045,0.0159,Seneca,"Seneca, SC",Oconee County
70655,29678,SC,202606,1274.77,0.0056,0.002,Seneca,"Seneca, SC",Oconee County
70655,29678,SC,202607,1292.27,0.0137,0.0145,Seneca,"Seneca, SC",Oconee County
70655,29678,SC,202608,1306.11,0.0107,0.0314,Seneca,"Seneca, SC",Oconee County
70657,29680,SC,201912,1256.71,,,Simpsonville,"Greenville-Anderson, SC",Greenville County
70657,29680,SC,202001,1242.88,-0.011,,Simpsonville,"Greenville-Anderson, SC",Greenville County
70657,29680,SC,202002,1221.89,-0.0169,,Simpsonville,"Greenville-Anderson, SC",Greenville County
70657,29680,SC,202003,1250.32,0.0233,,Simpsonville,"Greenville-Anderson, SC",Greenville County
70657,29680,SC,202004,1266.32,0.0128,,Simpsonville,"Greenville-Anderson, SC",Greenville County
70657,29680,SC,202005,1289.89,0.0186,,Simpsonville,"Greenville-Anderson, SC",Greenville County
70657,29680,SC,202006,1285.28,-0.0036,,Simpsonville,"Greenville-Anderson, SC",Greenville County
70657,29680,SC,202007,1305.25,0.0155,,Simpsonville,"Greenville-Anderson, SC",Greenville County
70657,29680,SC,202008,1325.76,0.0157,,Simpsonville,"Greenville-Anderson, SC",Greenville County
70657,29680,SC,202009,1331.04,0.004,,Simpsonville,"Greenville-Anderson, SC",Greenville County
70657,29680,SC,202010,1327.41,-0.0027,,Simpsonville,"Greenville-Anderson, SC",Greenville County
70657,29680,SC,202011,1339.31,0.009,,Simpsonville,"Greenville-Anderson, SC",Greenville County
70657,29680,SC,202012,1346.82,0.0056,0.0717,Simpsonville,"Greenville-Anderson, SC",Greenville County
70657,29680,SC,202101,1346.76,-0.0,0.0836,Simpsonville,"Greenville-Anderson, SC",Greenville County
70657,29680,SC,202102,1340.44,-0.0047,0.097,Simpsonville,"Greenville-Anderson, SC",Greenville County
70657,29680,SC,202103,1371.84,0.0234,0.0972,Simpsonville,"Greenville-Anderson, SC",Greenville County
70657,29680,SC,202104,1410.45,0.0281,0.1138,Simpsonville,"Greenville-Anderson, SC",Greenville County
70657,29680,SC,202105,1437.99,0.0195,0.1148,Simpsonville,"Greenville-Anderson, SC",Greenville County
70657,29680,SC,202106,1469.65,0.022,0.1435,Simpsonville,"Greenville-Anderson, SC",Greenville County
70657,29680,SC,202107,1476.83,0.0049,0.1315,Simpsonville,"Greenville-Anderson, SC",Greenville County
70657,29680,SC,202108,1498.64,0.0148,0.1304,Simpsonville,"Greenville-Anderson, SC",Greenville County
70657,29680,SC,202109,1494.88,-0.0025,0.1231,Simpsonville,"Greenville-Anderson, SC",Greenville County
70657,29680,SC,202110,1503.16,0.0055,0.1324,Simpsonville,"Greenville-Anderson, SC",Greenville County
70657,29680,SC,202111,1504.32,0.0008,0.1232,Simpsonville,"Greenville-Anderson, SC",Greenville County
70657,29680,SC,202112,1509.62,0.0035,0.1209,Simpsonville,"Greenville-Anderson, SC",Greenville County
70657,29680,SC,202201,1523.74,0.0094,0.1314,Simpsonville,"Greenville-Anderson, SC",Greenville County
70657,29680,SC,202202,1529.0,0.0035,0.1407,Simpsonville,"Greenville-Anderson, SC",Greenville County
70657,29680,SC,202203,1546.22,0.0113,0.1271,Simpsonville,"Greenville-Anderson, SC",Greenville County
70657,29680,SC,202204,1565.24,0.0123,0.1097,Simpsonville,"Greenville-Anderson, SC",Greenville County
70657,29680,SC,202205,1599.88,0.0221,0.1126,Simpsonville,"Greenville-Anderson, SC",Greenville County
70657,29680,SC,202206,1605.13,0.0033,0.0922,Simpsonville,"Greenville-Anderson, SC",Greenville County
70657,29680,SC,202207,1611.26,0.0038,0.091,Simpsonville,"Greenville-Anderson, SC",Greenville County
70657,29680,SC,202208,1603.33,-0.0049,0.0699,Simpsonville,"Greenville-Anderson, SC",Greenville County
70657,29680,SC,202209,1596.93,-0.004,0.0683,Simpsonville,"Greenville-Anderson, SC",Greenville County
70657,29680,SC,202210,1594.37,-0.0016,0.0607,Simpsonville,"Greenville-Anderson, SC",Greenville County
70657,29680,SC,202211,1593.28,-0.0007,0.0591,Simpsonville,"Greenville-Anderson, SC",Greenville County
70657,29680,SC,202212,1596.6,0.0021,0.0576,Simpsonville,"Greenville-Anderson, SC",Greenville County
70657,29680,SC,202301,1586.58,-0.0063,0.0412,Simpsonville,"Greenville-Anderson, SC",Greenville County
70657,29680,SC,202302,1596.76,0.0064,0.0443,Simpsonville,"Greenville-Anderson, SC",Greenville County
70657,29680,SC,202303,1609.76,0.0081,0.0411,Simpsonville,"Greenville-Anderson, SC",Greenville County
70657,29680,SC,202304,1632.82,0.0143,0.0432,Simpsonville,"Greenville-Anderson, SC",Greenville County
70657,29680,SC,202305,1625.98,-0.0042,0.0163,Simpsonville,"Greenville-Anderson, SC",Greenville County
70657,29680,SC,202306,1630.51,0.0028,0.0158,Simpsonville,"Greenville-Anderson, SC",Greenville County
70657,29680,SC,202307,1644.25,0.0084,0.0205,Simpsonville,"Greenville-Anderson, SC",Greenville County
70657,29680,SC,202308,1658.2,0.0085,0.0342,Simpsonville,"Greenville-Anderson, SC",Greenville County
70657,29680,SC,202309,1656.58,-0.001,0.0374,Simpsonville,"Greenville-Anderson, SC",Greenville County
70657,29680,SC,202310,1643.41,-0.008,0.0308,Simpsonville,"Greenville-Anderson, SC",Greenville County
70657,29680,SC,202311,1644.34,0.0006,0.032,Simpsonville,"Greenville-Anderson, SC",Greenville County
70657,29680,SC,202312,1635.9,-0.0051,0.0246,Simpsonville,"Greenville-Anderson, SC",Greenville County
70657,29680,SC,202401,1635.53,-0.0002,0.0309,Simpsonville,"Greenville-Anderson, SC",Greenville County
70657,29680,SC,202402,1639.27,0.0023,0.0266,Simpsonville,"Greenville-Anderson, SC",Greenville County
70657,29680,SC,202403,1660.95,0.0132,0.0318,Simpsonville,"Greenville-Anderson, SC",Greenville County
70657,29680,SC,202404,1685.05,0.0145,0.032,Simpsonville,"Greenville-Anderson, SC",Greenville County
70657,29680,SC,202405,1691.56,0.0039,0.0403,Simpsonville,"Greenville-Anderson, SC",Greenville County
70657,29680,SC,202406,1697.18,0.0033,0.0409,Simpsonville,"Greenville-Anderson, SC",Greenville County
70657,29680,SC,202407,1683.68,-0.008,0.024,Simpsonville,"Greenville-Anderson, SC",Greenville County
70657,29680,SC,202408,1690.31,0.0039,0.0194,Simpsonville,"Greenville-Anderson, SC",Greenville County
70657,29680,SC,202409,1665.02,-0.015,0.0051,Simpsonville,"Greenville-Anderson, SC",Greenville County
70657,29680,SC,202410,1681.81,0.0101,0.0234,Simpsonville,"Greenville-Anderson, SC",Greenville County
70657,29680,SC,202411,1675.42,-0.0038,0.0189,Simpsonville,"Greenville-Anderson, SC",Greenville County
70657,29680,SC,202412,1707.14,0.0189,0.0435,Simpsonville,"Greenville-Anderson, SC",Greenville County
70657,29680,SC,202501,1705.4,-0.001,0.0427,Simpsonville,"Greenville-Anderson, SC",Greenville County
70657,29680,SC,202502,1728.28,0.0134,0.0543,Simpsonville,"Greenville-Anderson, SC",Greenville County
70657,29680,SC,202503,1723.78,-0.0026,0.0378,Simpsonville,"Greenville-Anderson, SC",Greenville County
70657,29680,SC,202504,1730.93,0.0041,0.0272,Simpsonville,"Greenville-Anderson, SC",Greenville County
70657,29680,SC,202505,1738.65,0.0045,0.0278,Simpsonville,"Greenville-Anderson, SC",Greenville County
70657,29680,SC,202506,1756.41,0.0102,0.0349,Simpsonville,"Greenville-Anderson, SC",Greenville County
70657,29680,SC,202507,1754.3,-0.0012,0.0419,Simpsonville,"Greenville-Anderson, SC",Greenville County
70657,29680,SC,202508,1751.19,-0.0018,0.036,Simpsonville,"Greenville-Anderson, SC",Greenville County
70657,29680,SC,202509,1762.49,0.0065,0.0585,Simpsonville,"Greenville-Anderson, SC",Greenville County
70657,29680,SC,202510,1783.71,0.012,0.0606,Simpsonville,"Greenville-Anderson, SC",Greenville County
70657,29680,SC,202511,1770.36,-0.0075,0.0567,Simpsonville,"Greenville-Anderson, SC",Greenville County
70657,29680,SC,202512,1780.67,0.0058,0.0431,Simpsonville,"Greenville-Anderson, SC",Greenville County
70657,29680,SC,202601,1767.3,-0.0075,0.0363,Simpsonville,"Greenville-Anderson, SC",Greenville County
70657,29680,SC,202602,1786.51,0.0109,0.0337,Simpsonville,"Greenville-Anderson, SC",Greenville County
70657,29680,SC,202603,1768.3,-0.0102,0.0258,Simpsonville,"Greenville-Anderson, SC",Greenville County
70657,29680,SC,202604,1775.87,0.0043,0.026,Simpsonville,"Greenville-Anderson, SC",Greenville County
70657,29680,SC,202605,1776.36,0.0003,0.0217,Simpsonville,"Greenville-Anderson, SC",Greenville County
70657,29680,SC,202606,1772.12,-0.0024,0.0089,Simpsonville,"Greenville-Anderson, SC",Greenville County
70657,29680,SC,202607,1773.88,0.001,0.0112,Simpsonville,"Greenville-Anderson, SC",Greenville County
70657,29680,SC,202608,1774.66,0.0004,0.0134,Simpsonville,"Greenville-Anderson, SC",Greenville County
70658,29681,SC,201501,1106.69,,,Simpsonville,"Greenville-Anderson, SC",Greenville County
70658,29681,SC,201502,1103.79,-0.0026,,Simpsonville,"Greenville-Anderson, SC",Greenville County
70658,29681,SC,201503,1103.13,-0.0006,,Simpsonville,"Greenville-Anderson, SC",Greenville County
70658,29681,SC,201505,1130.18,0.0245,,Simpsonville,"Greenville-Anderson, SC",Greenville County
70658,29681,SC,201506,1134.73,0.004,,Simpsonville,"Greenville-Anderson, SC",Greenville County
70658,29681,SC,201507,1111.94,-0.0201,,Simpsonville,"Greenville-Anderson, SC",Greenville County
70658,29681,SC,201508,1116.81,0.0044,,Simpsonville,"Greenville-Anderson, SC",Greenville County
70658,29681,SC,201509,1127.72,0.0098,,Simpsonville,"Greenville-Anderson, SC",Greenville County
70658,29681,SC,201510,1149.16,0.019,,Simpsonville,"Greenville-Anderson, SC",Greenville County
70658,29681,SC,201511,1151.63,0.0022,,Simpsonville,"Greenville-Anderson, SC",Greenville County
70658,29681,SC,201512,1144.96,-0.0058,,Simpsonville,"Greenville-Anderson, SC",Greenville County
70658,29681,SC,201601,1160.44,0.0135,,Simpsonville,"Greenville-Anderson, SC",Greenville County
70658,29681,SC,201602,1163.9,0.003,0.0517,Simpsonville,"Greenville-Anderson, SC",Greenville County
70658,29681,SC,201603,1176.86,0.0111,0.0662,Simpsonville,"Greenville-Anderson, SC",Greenville County
70658,29681,SC,201604,1171.96,-0.0042,0.0624,Simpsonville,"Greenville-Anderson, SC",Greenville County
70658,29681,SC,201605,1179.23,0.0062,0.0434,Simpsonville,"Greenville-Anderson, SC",Greenville County
70658,29681,SC,201606,1184.63,0.0046,0.044,Simpsonville,"Greenville-Anderson, SC",Greenville County
70658,29681,SC,201607,1199.92,0.0129,0.0791,Simpsonville,"Greenville-Anderson, SC",Greenville County
70658,29681,SC,201608,1196.89,-0.0025,0.0717,Simpsonville,"Greenville-Anderson, SC",Greenville County
70658,29681,SC,201609,1192.39,-0.0038,0.0573,Simpsonville,"Greenville-Anderson, SC",Greenville County
70658,29681,SC,201610,1188.88,-0.0029,0.0346,Simpsonville,"Greenville-Anderson, SC",Greenville County
70658,29681,SC,201611,1177.95,-0.0092,0.0228,Simpsonville,"Greenville-Anderson, SC",Greenville County
70658,29681,SC,201612,1173.31,-0.0039,0.0248,Simpsonville,"Greenville-Anderson, SC",Greenville County
70658,29681,SC,201701,1177.86,0.0039,0.015,Simpsonville,"Greenville-Anderson, SC",Greenville County
70658,29681,SC,201702,1184.5,0.0056,0.0177,Simpsonville,"Greenville-Anderson, SC",Greenville County
70658,29681,SC,201703,1197.86,0.0113,0.0178,Simpsonville,"Greenville-Anderson, SC",Greenville County
70658,29681,SC,201704,1201.07,0.0027,0.0248,Simpsonville,"Greenville-Anderson, SC",Greenville County
70658,29681,SC,201705,1212.19,0.0093,0.028,Simpsonville,"Greenville-Anderson, SC",Greenville County
70658,29681,SC,201706,1212.62,0.0004,0.0236,Simpsonville,"Greenville-Anderson, SC",Greenville County
70658,29681,SC,201707,1217.49,0.004,0.0146,Simpsonville,"Greenville-Anderson, SC",Greenville County
70658,29681,SC,201708,1222.28,0.0039,0.0212,Simpsonville,"Greenville-Anderson, SC",Greenville County
70658,29681,SC,201709,1229.48,0.0059,0.0311,Simpsonville,"Greenville-Anderson, SC",Greenville County
70658,29681,SC,201710,1217.99,-0.0093,0.0245,Simpsonville,"Greenville-Anderson, SC",Greenville County
70658,29681,SC,201711,1208.49,-0.0078,0.0259,Simpsonville,"Greenville-Anderson, SC",Greenville County
70658,29681,SC,201712,1199.55,-0.0074,0.0224,Simpsonville,"Greenville-Anderson, SC",Greenville County
70658,29681,SC,201801,1206.74,0.006,0.0245,Simpsonville,"Greenville-Anderson, SC",Greenville County
70658,29681,SC,201802,1218.08,0.0094,0.0284,Simpsonville,"Greenville-Anderson, SC",Greenville County
70658,29681,SC,201803,1232.41,0.0118,0.0288,Simpsonville,"Greenville-Anderson, SC",Greenville County
70658,29681,SC,201804,1242.3,0.008,0.0343,Simpsonville,"Greenville-Anderson, SC",Greenville County
70658,29681,SC,201805,1256.59,0.0115,0.0366,Simpsonville,"Greenville-Anderson, SC",Greenville County
70658,29681,SC,201806,1259.36,0.0022,0.0385,Simpsonville,"Greenville-Anderson, SC",Greenville County
70658,29681,SC,201807,1284.65,0.0201,0.0552,Simpsonville,"Greenville-Anderson, SC",Greenville County
70658,29681,SC,201808,1273.41,-0.0088,0.0418,Simpsonville,"Greenville-Anderson, SC",Greenville County
70658,29681,SC,201809,1273.34,-0.0001,0.0357,Simpsonville,"Greenville-Anderson, SC",Greenville County
70658,29681,SC,201810,1250.47,-0.018,0.0267,Simpsonville,"Greenville-Anderson, SC",Greenville County
70658,29681,SC,201811,1253.53,0.0024,0.0373,Simpsonville,"Greenville-Anderson, SC",Greenville County
70658,29681,SC,201812,1253.87,0.0003,0.0453,Simpsonville,"Greenville-Anderson, SC",Greenville County
70658,29681,SC,201901,1253.55,-0.0003,0.0388,Simpsonville,"Greenville-Anderson, SC",Greenville County
70658,29681,SC,201902,1257.9,0.0035,0.0327,Simpsonville,"Greenville-Anderson, SC",Greenville County
70658,29681,SC,201903,1265.87,0.0063,0.0271,Simpsonville,"Greenville-Anderson, SC",Greenville County
70658,29681,SC,201904,1271.75,0.0046,0.0237,Simpsonville,"Greenville-Anderson, SC",Greenville County
70658,29681,SC,201905,1283.36,0.0091,0.0213,Simpsonville,"Greenville-Anderson, SC",Greenville County
70658,29681,SC,201906,1290.37,0.0055,0.0246,Simpsonville,"Greenville-Anderson, SC",Greenville County
70658,29681,SC,201907,1303.2,0.0099,0.0144,Simpsonville,"Greenville-Anderson, SC",Greenville County
70658,29681,SC,201908,1297.92,-0.0041,0.0192,Simpsonville,"Greenville-Anderson, SC",Greenville County
70658,29681,SC,201909,1300.14,0.0017,0.021,Simpsonville,"Greenville-Anderson, SC",Greenville County
70658,29681,SC,201910,1301.7,0.0012,0.041,Simpsonville,"Greenville-Anderson, SC",Greenville County
70658,29681,SC,201911,1295.92,-0.0044,0.0338,Simpsonville,"Greenville-Anderson, SC",Greenville County
70658,29681,SC,201912,1299.42,0.0027,0.0363,Simpsonville,"Greenville-Anderson, SC",Greenville County
70658,29681,SC,202001,1291.84,-0.0058,0.0305,Simpsonville,"Greenville-Anderson, SC",Greenville County
70658,29681,SC,202002,1290.79,-0.0008,0.0261,Simpsonville,"Greenville-Anderson, SC",Greenville County
70658,29681,SC,202003,1291.79,0.0008,0.0205,Simpsonville,"Greenville-Anderson, SC",Greenville County
70658,29681,SC,202004,1291.38,-0.0003,0.0154,Simpsonville,"Greenville-Anderson, SC",Greenville County
70658,29681,SC,202005,1314.22,0.0177,0.024,Simpsonville,"Greenville-Anderson, SC",Greenville County
70658,29681,SC,202006,1326.27,0.0092,0.0278,Simpsonville,"Greenville-Anderson, SC",Greenville County
70658,29681,SC,202007,1340.15,0.0105,0.0284,Simpsonville,"Greenville-Anderson, SC",Greenville County
70658,29681,SC,202008,1341.74,0.0012,0.0338,Simpsonville,"Greenville-Anderson, SC",Greenville County
70658,29681,SC,202009,1338.92,-0.0021,0.0298,Simpsonville,"Greenville-Anderson, SC",Greenville County
70658,29681,SC,202010,1362.86,0.0179,0.047,Simpsonville,"Greenville-Anderson, SC",Greenville County
70658,29681,SC,202011,1367.11,0.0031,0.0549,Simpsonville,"Greenville-Anderson, SC",Greenville County
70658,29681,SC,202012,1374.98,0.0058,0.0581,Simpsonville,"Greenville-Anderson, SC",Greenville County
70658,29681,SC,202101,1370.39,-0.0033,0.0608,Simpsonville,"Greenville-Anderson, SC",Greenville County
70658,29681,SC,202102,1392.66,0.0162,0.0789,Simpsonville,"Greenville-Anderson, SC",Greenville County
70658,29681,SC,202103,1394.23,0.0011,0.0793,Simpsonville,"Greenville-Anderson, SC",Greenville County
70658,29681,SC,202104,1405.14,0.0078,0.0881,Simpsonville,"Greenville-Anderson, SC",Greenville County
70658,29681,SC,202105,1434.64,0.021,0.0916,Simpsonville,"Greenville-Anderson, SC",Greenville County
70658,29681,SC,202106,1466.17,0.022,0.1055,Simpsonville,"Greenville-Anderson, SC",Greenville County
70658,29681,SC,202107,1489.32,0.0158,0.1113,Simpsonville,"Greenville-Anderson, SC",Greenville County
70658,29681,SC,202108,1478.46,-0.0073,0.1019,Simpsonville,"Greenville-Anderson, SC",Greenville County
70658,29681,SC,202109,1496.36,0.0121,0.1176,Simpsonville,"Greenville-Anderson, SC",Greenville County
70658,29681,SC,202110,1498.37,0.0013,0.0994,Simpsonville,"Greenville-Anderson, SC",Greenville County
70658,29681,SC,202111,1513.5,0.0101,0.1071,Simpsonville,"Greenville-Anderson, SC",Greenville County
70658,29681,SC,202112,1509.38,-0.0027,0.0977,Simpsonville,"Greenville-Anderson, SC",Greenville County
70658,29681,SC,202201,1510.38,0.0007,0.1021,Simpsonville,"Greenville-Anderson, SC",Greenville County
70658,29681,SC,202202,1508.5,-0.0012,0.0832,Simpsonville,"Greenville-Anderson, SC",Greenville County
70658,29681,SC,202203,1526.3,0.0118,0.0947,Simpsonville,"Greenville-Anderson, SC",Greenville County
70658,29681,SC,202204,1556.36,0.0197,0.1076,Simpsonville,"Greenville-Anderson, SC",Greenville County
70658,29681,SC,202205,1581.62,0.0162,0.1024,Simpsonville,"Greenville-Anderson, SC",Greenville County
70658,29681,SC,202206,1588.38,0.0043,0.0834,Simpsonville,"Greenville-Anderson, SC",Greenville County
70658,29681,SC,202207,1599.65,0.0071,0.0741,Simpsonville,"Greenville-Anderson, SC",Greenville County
70658,29681,SC,202208,1608.75,0.0057,0.0881,Simpsonville,"Greenville-Anderson, SC",Greenville County
70658,29681,SC,202209,1624.88,0.01,0.0859,Simpsonville,"Greenville-Anderson, SC",Greenville County
70658,29681,SC,202210,1633.85,0.0055,0.0904,Simpsonville,"Greenville-Anderson, SC",Greenville County
70658,29681,SC,202211,1638.92,0.0031,0.0829,Simpsonville,"Greenville-Anderson, SC",Greenville County
70658,29681,SC,202212,1635.01,-0.0024,0.0832,Simpsonville,"Greenville-Anderson, SC",Greenville County
70658,29681,SC,202301,1634.68,-0.0002,0.0823,Simpsonville,"Greenville-Anderson, SC",Greenville County
70658,29681,SC,202302,1639.87,0.0032,0.0871,Simpsonville,"Greenville-Anderson, SC",Greenville County
70658,29681,SC,202303,1649.44,0.0058,0.0807,Simpsonville,"Greenville-Anderson, SC",Greenville County
70658,29681,SC,202304,1665.4,0.0097,0.0701,Simpsonville,"Greenville-Anderson, SC",Greenville County
70658,29681,SC,202305,1678.0,0.0076,0.0609,Simpsonville,"Greenville-Anderson, SC",Greenville County
70658,29681,SC,202306,1682.59,0.0027,0.0593,Simpsonville,"Greenville-Anderson, SC",Greenville County
70658,29681,SC,202307,1684.13,0.0009,0.0528,Simpsonville,"Greenville-Anderson, SC",Greenville County
70658,29681,SC,202308,1679.7,-0.0026,0.0441,Simpsonville,"Greenville-Anderson, SC",Greenville County
70658,29681,SC,202309,1683.87,0.0025,0.0363,Simpsonville,"Greenville-Anderson, SC",Greenville County
70658,29681,SC,202310,1687.91,0.0024,0.0331,Simpsonville,"Greenville-Anderson, SC",Greenville County
70658,29681,SC,202311,1692.94,0.003,0.033,Simpsonville,"Greenville-Anderson, SC",Greenville County
70658,29681,SC,202312,1688.16,-0.0028,0.0325,Simpsonville,"Greenville-Anderson, SC",Greenville County
70658,29681,SC,202401,1677.92,-0.0061,0.0265,Simpsonville,"Greenville-Anderson, SC",Greenville County
70658,29681,SC,202402,1684.37,0.0038,0.0271,Simpsonville,"Greenville-Anderson, SC",Greenville County
70658,29681,SC,202403,1701.81,0.0104,0.0317,Simpsonville,"Greenville-Anderson, SC",Greenville County
70658,29681,SC,202404,1710.52,0.0051,0.0271,Simpsonville,"Greenville-Anderson, SC",Greenville County
70658,29681,SC,202405,1712.65,0.0012,0.0207,Simpsonville,"Greenville-Anderson, SC",Greenville County
70658,29681,SC,202406,1712.79,0.0001,0.0179,Simpsonville,"Greenville-Anderson, SC",Greenville County
70658,29681,SC,202407,1710.34,-0.0014,0.0156,Simpsonville,"Greenville-Anderson, SC",Greenville County
70658,29681,SC,202408,1715.24,0.0029,0.0212,Simpsonville,"Greenville-Anderson, SC",Greenville County
70658,29681,SC,202409,1715.71,0.0003,0.0189,Simpsonville,"Greenville-Anderson, SC",Greenville County
70658,29681,SC,202410,1722.15,0.0038,0.0203,Simpsonville,"Greenville-Anderson, SC",Greenville County
70658,29681,SC,202411,1718.56,-0.0021,0.0151,Simpsonville,"Greenville-Anderson, SC",Greenville County
70658,29681,SC,202412,1712.25,-0.0037,0.0143,Simpsonville,"Greenville-Anderson, SC",Greenville County
70658,29681,SC,202501,1714.37,0.0012,0.0217,Simpsonville,"Greenville-Anderson, SC",Greenville County
70658,29681,SC,202502,1714.36,-0.0,0.0178,Simpsonville,"Greenville-Anderson, SC",Greenville County
70658,29681,SC,202503,1730.48,0.0094,0.0169,Simpsonville,"Greenville-Anderson, SC",Greenville County
70658,29681,SC,202504,1734.21,0.0022,0.0139,Simpsonville,"Greenville-Anderson, SC",Greenville County
70658,29681,SC,202505,1744.22,0.0058,0.0184,Simpsonville,"Greenville-Anderson, SC",Greenville County
70658,29681,SC,202506,1748.94,0.0027,0.0211,Simpsonville,"Greenville-Anderson, SC",Greenville County
70658,29681,SC,202507,1755.39,0.0037,0.0263,Simpsonville,"Greenville-Anderson, SC",Greenville County
70658,29681,SC,202508,1768.03,0.0072,0.0308,Simpsonville,"Greenville-Anderson, SC",Greenville County
70658,29681,SC,202509,1775.3,0.0041,0.0347,Simpsonville,"Greenville-Anderson, SC",Greenville County
70658,29681,SC,202510,1784.65,0.0053,0.0363,Simpsonville,"Greenville-Anderson, SC",Greenville County
70658,29681,SC,202511,1762.35,-0.0125,0.0255,Simpsonville,"Greenville-Anderson, SC",Greenville County
70658,29681,SC,202512,1743.51,-0.0107,0.0183,Simpsonville,"Greenville-Anderson, SC",Greenville County
70658,29681,SC,202601,1754.04,0.006,0.0231,Simpsonville,"Greenville-Anderson, SC",Greenville County
70658,29681,SC,202602,1775.42,0.0122,0.0356,Simpsonville,"Greenville-Anderson, SC",Greenville County
70658,29681,SC,202603,1791.59,0.0091,0.0353,Simpsonville,"Greenville-Anderson, SC",Greenville County
70658,29681,SC,202604,1782.13,-0.0053,0.0276,Simpsonville,"Greenville-Anderson, SC",Greenville County
70658,29681,SC,202605,1786.28,0.0023,0.0241,Simpsonville,"Greenville-Anderson, SC",Greenville County
70658,29681,SC,202606,1789.11,0.0016,0.023,Simpsonville,"Greenville-Anderson, SC",Greenville County
70658,29681,SC,202607,1798.49,0.0052,0.0245,Simpsonville,"Greenville-Anderson, SC",Greenville County
70658,29681,SC,202608,1802.67,0.0023,0.0196,Simpsonville,"Greenville-Anderson, SC",Greenville County
70664,29687,SC,201901,898.09,,,Taylors,"Greenville-Anderson, SC",Greenville County
70664,29687,SC,201902,906.1,0.0089,,Taylors,"Greenville-Anderson, SC",Greenville County
70664,29687,SC,201903,906.49,0.0004,,Taylors,"Greenville-Anderson, SC",Greenville County
70664,29687,SC,201904,919.76,0.0146,,Taylors,"Greenville-Anderson, SC",Greenville County
70664,29687,SC,201905,918.8,-0.001,,Taylors,"Greenville-Anderson, SC",Greenville County
70664,29687,SC,201906,926.71,0.0086,,Taylors,"Greenville-Anderson, SC",Greenville County
70664,29687,SC,201907,940.17,0.0145,,Taylors,"Greenville-Anderson, SC",Greenville County
70664,29687,SC,201908,937.83,-0.0025,,Taylors,"Greenville-Anderson, SC",Greenville County
70664,29687,SC,201909,932.21,-0.006,,Taylors,"Greenville-Anderson, SC",Greenville County
70664,29687,SC,201910,924.1,-0.0087,,Taylors,"Greenville-Anderson, SC",Greenville County
70664,29687,SC,201911,933.44,0.0101,,Taylors,"Greenville-Anderson, SC",Greenville County
70664,29687,SC,201912,927.86,-0.006,,Taylors,"Greenville-Anderson, SC",Greenville County
70664,29687,SC,202001,933.44,0.006,0.0394,Taylors,"Greenville-Anderson, SC",Greenville County
70664,29687,SC,202002,937.23,0.0041,0.0344,Taylors,"Greenville-Anderson, SC",Greenville County
70664,29687,SC,202003,954.04,0.0179,0.0525,Taylors,"Greenville-Anderson, SC",Greenville County
70664,29687,SC,202004,945.16,-0.0093,0.0276,Taylors,"Greenville-Anderson, SC",Greenville County
70664,29687,SC,202005,940.52,-0.0049,0.0236,Taylors,"Greenville-Anderson, SC",Greenville County
70664,29687,SC,202006,933.44,-0.0075,0.0073,Taylors,"Greenville-Anderson, SC",Greenville County
70664,29687,SC,202007,958.96,0.0273,0.02,Taylors,"Greenville-Anderson, SC",Greenville County
70664,29687,SC,202008,978.23,0.0201,0.0431,Taylors,"Greenville-Anderson, SC",Greenville County
70664,29687,SC,202009,986.64,0.0086,0.0584,Taylors,"Greenville-Anderson, SC",Greenville County
70664,29687,SC,202010,985.71,-0.0009,0.0667,Taylors,"Greenville-Anderson, SC",Greenville County
70664,29687,SC,202011,976.41,-0.0094,0.046,Taylors,"Greenville-Anderson, SC",Greenville County
70664,29687,SC,202012,961.81,-0.0149,0.0366,Taylors,"Greenville-Anderson, SC",Greenville County
70664,29687,SC,202102,974.52,0.0132,0.044,Taylors,"Greenville-Anderson, SC",Greenville County
70664,29687,SC,202103,998.71,0.0248,0.0656,Taylors,"Greenville-Anderson, SC",Greenville County
70664,29687,SC,202104,1014.4,0.0157,0.0633,Taylors,"Greenville-Anderson, SC",Greenville County
70664,29687,SC,202105,1009.69,-0.0046,0.0683,Taylors,"Greenville-Anderson, SC",Greenville County
70664,29687,SC,202106,1045.3,0.0353,0.1114,Taylors,"Greenville-Anderson, SC",Greenville County
70664,29687,SC,202107,1073.4,0.0269,0.1499,Taylors,"Greenville-Anderson, SC",Greenville County
70664,29687,SC,202108,1101.85,0.0265,0.149,Taylors,"Greenville-Anderson, SC",Greenville County
70664,29687,SC,202109,1097.28,-0.0041,0.1217,Taylors,"Greenville-Anderson, SC",Greenville County
70664,29687,SC,202110,1098.72,0.0013,0.1136,Taylors,"Greenville-Anderson, SC",Greenville County
70664,29687,SC,202111,1124.71,0.0237,0.141,Taylors,"Greenville-Anderson, SC",Greenville County
70664,29687,SC,202112,1135.33,0.0094,0.1628,Taylors,"Greenville-Anderson, SC",Greenville County
70664,29687,SC,202201,1142.34,0.0062,0.1877,Taylors,"Greenville-Anderson, SC",Greenville County
70664,29687,SC,202202,1138.48,-0.0034,0.1682,Taylors,"Greenville-Anderson, SC",Greenville County
70664,29687,SC,202203,1147.75,0.0081,0.1492,Taylors,"Greenville-Anderson, SC",Greenville County
70664,29687,SC,202204,1156.49,0.0076,0.1401,Taylors,"Greenville-Anderson, SC",Greenville County
70664,29687,SC,202205,1165.49,0.0078,0.1543,Taylors,"Greenville-Anderson, SC",Greenville County
70664,29687,SC,202206,1174.86,0.008,0.1239,Taylors,"Greenville-Anderson, SC",Greenville County
70664,29687,SC,202207,1190.38,0.0132,0.109,Taylors,"Greenville-Anderson, SC",Greenville County
70664,29687,SC,202208,1197.21,0.0057,0.0865,Taylors,"Greenville-Anderson, SC",Greenville County
70664,29687,SC,202209,1211.26,0.0117,0.1039,Taylors,"Greenville-Anderson, SC",Greenville County
70664,29687,SC,202210,1210.26,-0.0008,0.1015,Taylors,"Greenville-Anderson, SC",Greenville County
70664,29687,SC,202211,1197.92,-0.0102,0.0651,Taylors,"Greenville-Anderson, SC",Greenville County
70664,29687,SC,202212,1185.11,-0.0107,0.0438,Taylors,"Greenville-Anderson, SC",Greenville County
70664,29687,SC,202301,1203.39,0.0154,0.0534,Taylors,"Greenville-Anderson, SC",Greenville County
70664,29687,SC,202302,1240.58,0.0309,0.0897,Taylors,"Greenville-Anderson, SC",Greenville County
70664,29687,SC,202303,1253.08,0.0101,0.0918,Taylors,"Greenville-Anderson, SC",Greenville County
70664,29687,SC,202304,1240.33,-0.0102,0.0725,Taylors,"Greenville-Anderson, SC",Greenville County
70664,29687,SC,202305,1236.79,-0.0029,0.0612,Taylors,"Greenville-Anderson, SC",Greenville County
70664,29687,SC,202306,1249.25,0.0101,0.0633,Taylors,"Greenville-Anderson, SC",Greenville County
70664,29687,SC,202307,1260.15,0.0087,0.0586,Taylors,"Greenville-Anderson, SC",Greenville County
70664,29687,SC,202308,1254.1,-0.0048,0.0475,Taylors,"Greenville-Anderson, SC",Greenville County
70664,29687,SC,202309,1254.88,0.0006,0.036,Taylors,"Greenville-Anderson, SC",Greenville County
70664,29687,SC,202310,1260.71,0.0046,0.0417,Taylors,"Greenville-Anderson, SC",Greenville County
70664,29687,SC,202311,1270.05,0.0074,0.0602,Taylors,"Greenville-Anderson, SC",Greenville County
70664,29687,SC,202312,1273.44,0.0027,0.0745,Taylors,"Greenville-Anderson, SC",Greenville County
70664,29687,SC,202401,1263.29,-0.008,0.0498,Taylors,"Greenville-Anderson, SC",Greenville County
70664,29687,SC,202402,1267.85,0.0036,0.022,Taylors,"Greenville-Anderson, SC",Greenville County
70664,29687,SC,202403,1266.99,-0.0007,0.0111,Taylors,"Greenville-Anderson, SC",Greenville County
70664,29687,SC,202404,1287.87,0.0165,0.0383,Taylors,"Greenville-Anderson, SC",Greenville County
70664,29687,SC,202405,1287.42,-0.0004,0.0409,Taylors,"Greenville-Anderson, SC",Greenville County
70664,29687,SC,202406,1330.61,0.0335,0.0651,Taylors,"Greenville-Anderson, SC",Greenville County
70664,29687,SC,202407,1323.5,-0.0053,0.0503,Taylors,"Greenville-Anderson, SC",Greenville County
70664,29687,SC,202408,1316.52,-0.0053,0.0498,Taylors,"Greenville-Anderson, SC",Greenville County
70664,29687,SC,202409,1277.05,-0.03,0.0177,Taylors,"Greenville-Anderson, SC",Greenville County
70664,29687,SC,202410,1300.9,0.0187,0.0319,Taylors,"Greenville-Anderson, SC",Greenville County
70664,29687,SC,202411,1310.22,0.0072,0.0316,Taylors,"Greenville-Anderson, SC",Greenville County
70664,29687,SC,202412,1324.58,0.011,0.0402,Taylors,"Greenville-Anderson, SC",Greenville County
70664,29687,SC,202501,1318.69,-0.0044,0.0439,Taylors,"Greenville-Anderson, SC",Greenville County
70664,29687,SC,202502,1336.33,0.0134,0.054,Taylors,"Greenville-Anderson, SC",Greenville County
70664,29687,SC,202503,1337.41,0.0008,0.0556,Taylors,"Greenville-Anderson, SC",Greenville County
70664,29687,SC,202504,1339.43,0.0015,0.04,Taylors,"Greenville-Anderson, SC",Greenville County
70664,29687,SC,202505,1321.99,-0.013,0.0269,Taylors,"Greenville-Anderson, SC",Greenville County
70664,29687,SC,202506,1324.51,0.0019,-0.0046,Taylors,"Greenville-Anderson, SC",Greenville County
70664,29687,SC,202507,1323.98,-0.0004,0.0004,Taylors,"Greenville-Anderson, SC",Greenville County
70664,29687,SC,202508,1344.51,0.0155,0.0213,Taylors,"Greenville-Anderson, SC",Greenville County
70664,29687,SC,202509,1342.99,-0.0011,0.0516,Taylors,"Greenville-Anderson, SC",Greenville County
70664,29687,SC,202510,1350.28,0.0054,0.038,Taylors,"Greenville-Anderson, SC",Greenville County
70664,29687,SC,202511,1331.58,-0.0138,0.0163,Taylors,"Greenville-Anderson, SC",Greenville County
70664,29687,SC,202512,1310.9,-0.0155,-0.0103,Taylors,"Greenville-Anderson, SC",Greenville County
70664,29687,SC,202601,1300.03,-0.0083,-0.0142,Taylors,"Greenville-Anderson, SC",Greenville County
70664,29687,SC,202602,1300.47,0.0003,-0.0268,Taylors,"Greenville-Anderson, SC",Greenville County
70664,29687,SC,202603,1332.23,0.0244,-0.0039,Taylors,"Greenville-Anderson, SC",Greenville County
70664,29687,SC,202604,1348.96,0.0126,0.0071,Taylors,"Greenville-Anderson, SC",Greenville County
70664,29687,SC,202605,1369.18,0.015,0.0357,Taylors,"Greenville-Anderson, SC",Greenville County
70664,29687,SC,202606,1358.06,-0.0081,0.0253,Taylors,"Greenville-Anderson, SC",Greenville County
70664,29687,SC,202607,1356.57,-0.0011,0.0246,Taylors,"Greenville-Anderson, SC",Greenville County
70664,29687,SC,202608,1357.16,0.0004,0.0094,Taylors,"Greenville-Anderson, SC",Greenville County
70667,29690,SC,202505,1790.11,,,Travelers Rest,"Greenville-Anderson, SC",Greenville County
70667,29690,SC,202506,1776.44,-0.0076,,Travelers Rest,"Greenville-Anderson, SC",Greenville County
70667,29690,SC,202507,1787.58,0.0063,,Travelers Rest,"Greenville-Anderson, SC",Greenville County
70667,29690,SC,202508,1782.72,-0.0027,,Travelers Rest,"Greenville-Anderson, SC",Greenville County
70667,29690,SC,202509,1789.32,0.0037,,Travelers Rest,"Greenville-Anderson, SC",Greenville County
70667,29690,SC,202510,1797.58,0.0046,,Travelers Rest,"Greenville-Anderson, SC",Greenville County
70667,29690,SC,202511,1816.18,0.0103,,Travelers Rest,"Greenville-Anderson, SC",Greenville County
70667,29690,SC,202512,1855.03,0.0214,,Travelers Rest,"Greenville-Anderson, SC",Greenville County
70667,29690,SC,202601,1840.67,-0.0077,,Travelers Rest,"Greenville-Anderson, SC",Greenville County
70667,29690,SC,202602,1844.9,0.0023,,Travelers Rest,"Greenville-Anderson, SC",Greenville County
70667,29690,SC,202603,1855.6,0.0058,,Travelers Rest,"Greenville-Anderson, SC",Greenville County
70667,29690,SC,202604,1855.24,-0.0002,,Travelers Rest,"Greenville-Anderson, SC",Greenville County
70667,29690,SC,202605,1858.31,0.0017,0.0381,Travelers Rest,"Greenville-Anderson, SC",Greenville County
70667,29690,SC,202606,1835.46,-0.0123,0.0332,Travelers Rest,"Greenville-Anderson, SC",Greenville County
70667,29690,SC,202607,1822.96,-0.0068,0.0198,Travelers Rest,"Greenville-Anderson, SC",Greenville County
70667,29690,SC,202608,1822.91,-0.0,0.0225,Travelers Rest,"Greenville-Anderson, SC",Greenville County
70679,29708,SC,202205,1660.87,,,Fort Mill,"Charlotte-Concord-Gastonia, NC-SC",York County
70679,29708,SC,202206,1694.64,0.0203,,Fort Mill,"Charlotte-Concord-Gastonia, NC-SC",York County
70679,29708,SC,202207,1713.22,0.011,,Fort Mill,"Charlotte-Concord-Gastonia, NC-SC",York County
70679,29708,SC,202208,1722.32,0.0053,,Fort Mill,"Charlotte-Concord-Gastonia, NC-SC",York County
70679,29708,SC,202209,1698.52,-0.0138,,Fort Mill,"Charlotte-Concord-Gastonia, NC-SC",York County
70679,29708,SC,202210,1706.17,0.0045,,Fort Mill,"Charlotte-Concord-Gastonia, NC-SC",York County
70679,29708,SC,202211,1686.8,-0.0114,,Fort Mill,"Charlotte-Concord-Gastonia, NC-SC",York County
70679,29708,SC,202212,1677.88,-0.0053,,Fort Mill,"Charlotte-Concord-Gastonia, NC-SC",York County
70679,29708,SC,202301,1663.41,-0.0086,,Fort Mill,"Charlotte-Concord-Gastonia, NC-SC",York County
70679,29708,SC,202302,1661.4,-0.0012,,Fort Mill,"Charlotte-Concord-Gastonia, NC-SC",York County
70679,29708,SC,202303,1692.97,0.019,,Fort Mill,"Charlotte-Concord-Gastonia, NC-SC",York County
70679,29708,SC,202304,1705.33,0.0073,,Fort Mill,"Charlotte-Concord-Gastonia, NC-SC",York County
70679,29708,SC,202305,1745.1,0.0233,0.0507,Fort Mill,"Charlotte-Concord-Gastonia, NC-SC",York County
70679,29708,SC,202306,1719.81,-0.0145,0.0149,Fort Mill,"Charlotte-Concord-Gastonia, NC-SC",York County
70679,29708,SC,202307,1721.85,0.0012,0.005,Fort Mill,"Charlotte-Concord-Gastonia, NC-SC",York County
70679,29708,SC,202308,1689.25,-0.0189,-0.0192,Fort Mill,"Charlotte-Concord-Gastonia, NC-SC",York County
70679,29708,SC,202309,1686.06,-0.0019,-0.0073,Fort Mill,"Charlotte-Concord-Gastonia, NC-SC",York County
70679,29708,SC,202310,1670.43,-0.0093,-0.0209,Fort Mill,"Charlotte-Concord-Gastonia, NC-SC",York County
70679,29708,SC,202311,1681.55,0.0067,-0.0031,Fort Mill,"Charlotte-Concord-Gastonia, NC-SC",York County
70679,29708,SC,202312,1673.16,-0.005,-0.0028,Fort Mill,"Charlotte-Concord-Gastonia, NC-SC",York County
70679,29708,SC,202401,1681.6,0.005,0.0109,Fort Mill,"Charlotte-Concord-Gastonia, NC-SC",York County
70679,29708,SC,202402,1683.75,0.0013,0.0135,Fort Mill,"Charlotte-Concord-Gastonia, NC-SC",York County
70679,29708,SC,202403,1717.89,0.0203,0.0147,Fort Mill,"Charlotte-Concord-Gastonia, NC-SC",York County
70679,29708,SC,202404,1735.69,0.0104,0.0178,Fort Mill,"Charlotte-Concord-Gastonia, NC-SC",York County
70679,29708,SC,202405,1732.61,-0.0018,-0.0072,Fort Mill,"Charlotte-Concord-Gastonia, NC-SC",York County
70679,29708,SC,202406,1722.53,-0.0058,0.0016,Fort Mill,"Charlotte-Concord-Gastonia, NC-SC",York County
70679,29708,SC,202407,1716.95,-0.0032,-0.0029,Fort Mill,"Charlotte-Concord-Gastonia, NC-SC",York County
70679,29708,SC,202408,1720.43,0.002,0.0185,Fort Mill,"Charlotte-Concord-Gastonia, NC-SC",York County
70679,29708,SC,202409,1709.17,-0.0065,0.0137,Fort Mill,"Charlotte-Concord-Gastonia, NC-SC",York County
70679,29708,SC,202410,1689.29,-0.0116,0.0113,Fort Mill,"Charlotte-Concord-Gastonia, NC-SC",York County
70679,29708,SC,202411,1680.0,-0.0055,-0.0009,Fort Mill,"Charlotte-Concord-Gastonia, NC-SC",York County
70679,29708,SC,202412,1674.76,-0.0031,0.001,Fort Mill,"Charlotte-Concord-Gastonia, NC-SC",York County
70679,29708,SC,202501,1707.05,0.0193,0.0151,Fort Mill,"Charlotte-Concord-Gastonia, NC-SC",York County
70679,29708,SC,202502,1739.74,0.0192,0.0333,Fort Mill,"Charlotte-Concord-Gastonia, NC-SC",York County
70679,29708,SC,202503,1758.94,0.011,0.0239,Fort Mill,"Charlotte-Concord-Gastonia, NC-SC",York County
70679,29708,SC,202504,1757.88,-0.0006,0.0128,Fort Mill,"Charlotte-Concord-Gastonia, NC-SC",York County
70679,29708,SC,202505,1741.83,-0.0091,0.0053,Fort Mill,"Charlotte-Concord-Gastonia, NC-SC",York County
70679,29708,SC,202506,1748.16,0.0036,0.0149,Fort Mill,"Charlotte-Concord-Gastonia, NC-SC",York County
70679,29708,SC,202507,1730.9,-0.0099,0.0081,Fort Mill,"Charlotte-Concord-Gastonia, NC-SC",York County
70679,29708,SC,202508,1741.27,0.006,0.0121,Fort Mill,"Charlotte-Concord-Gastonia, NC-SC",York County
70679,29708,SC,202509,1723.02,-0.0105,0.0081,Fort Mill,"Charlotte-Concord-Gastonia, NC-SC",York County
70679,29708,SC,202510,1744.63,0.0125,0.0328,Fort Mill,"Charlotte-Concord-Gastonia, NC-SC",York County
70679,29708,SC,202511,1750.15,0.0032,0.0418,Fort Mill,"Charlotte-Concord-Gastonia, NC-SC",York County
70679,29708,SC,202512,1782.7,0.0186,0.0644,Fort Mill,"Charlotte-Concord-Gastonia, NC-SC",York County
70679,29708,SC,202601,1800.35,0.0099,0.0547,Fort Mill,"Charlotte-Concord-Gastonia, NC-SC",York County
70679,29708,SC,202602,1786.14,-0.0079,0.0267,Fort Mill,"Charlotte-Concord-Gastonia, NC-SC",York County
70679,29708,SC,202603,1783.41,-0.0015,0.0139,Fort Mill,"Charlotte-Concord-Gastonia, NC-SC",York County
70679,29708,SC,202604,1763.61,-0.0111,0.0033,Fort Mill,"Charlotte-Concord-Gastonia, NC-SC",York County
70679,29708,SC,202605,1785.52,0.0124,0.0251,Fort Mill,"Charlotte-Concord-Gastonia, NC-SC",York County
70679,29708,SC,202606,1775.44,-0.0056,0.0156,Fort Mill,"Charlotte-Concord-Gastonia, NC-SC",York County
70679,29708,SC,202607,1764.4,-0.0062,0.0194,Fort Mill,"Charlotte-Concord-Gastonia, NC-SC",York County
70679,29708,SC,202608,1760.37,-0.0023,0.011,Fort Mill,"Charlotte-Concord-Gastonia, NC-SC",York County
70681,29710,SC,202410,1859.83,,,Clover,"Charlotte-Concord-Gastonia, NC-SC",York County
70681,29710,SC,202411,1839.61,-0.0109,,Clover,"Charlotte-Concord-Gastonia, NC-SC",York County
70681,29710,SC,202412,1864.21,0.0134,,Clover,"Charlotte-Concord-Gastonia, NC-SC",York County
70681,29710,SC,202501,1937.03,0.0391,,Clover,"Charlotte-Concord-Gastonia, NC-SC",York County
70681,29710,SC,202502,1951.63,0.0075,,Clover,"Charlotte-Concord-Gastonia, NC-SC",York County
70681,29710,SC,202503,1941.77,-0.0051,,Clover,"Charlotte-Concord-Gastonia, NC-SC",York County
70681,29710,SC,202504,1948.06,0.0032,,Clover,"Charlotte-Concord-Gastonia, NC-SC",York County
70681,29710,SC,202505,1975.72,0.0142,,Clover,"Charlotte-Concord-Gastonia, NC-SC",York County
70681,29710,SC,202506,2008.5,0.0166,,Clover,"Charlotte-Concord-Gastonia, NC-SC",York County
70681,29710,SC,202507,1996.85,-0.0058,,Clover,"Charlotte-Concord-Gastonia, NC-SC",York County
70681,29710,SC,202508,1982.92,-0.007,,Clover,"Charlotte-Concord-Gastonia, NC-SC",York County
70681,29710,SC,202509,1925.33,-0.029,,Clover,"Charlotte-Concord-Gastonia, NC-SC",York County
70681,29710,SC,202510,1903.34,-0.0114,0.0234,Clover,"Charlotte-Concord-Gastonia, NC-SC",York County
70681,29710,SC,202511,1875.64,-0.0146,0.0196,Clover,"Charlotte-Concord-Gastonia, NC-SC",York County
70681,29710,SC,202512,1891.94,0.0087,0.0149,Clover,"Charlotte-Concord-Gastonia, NC-SC",York County
70681,29710,SC,202601,1901.16,0.0049,-0.0185,Clover,"Charlotte-Concord-Gastonia, NC-SC",York County
70681,29710,SC,202602,1920.12,0.01,-0.0161,Clover,"Charlotte-Concord-Gastonia, NC-SC",York County
70681,29710,SC,202603,1929.8,0.005,-0.0062,Clover,"Charlotte-Concord-Gastonia, NC-SC",York County
70681,29710,SC,202604,1952.85,0.0119,0.0025,Clover,"Charlotte-Concord-Gastonia, NC-SC",York County
70681,29710,SC,202605,1998.74,0.0235,0.0117,Clover,"Charlotte-Concord-Gastonia, NC-SC",York County
70681,29710,SC,202606,2044.66,0.023,0.018,Clover,"Charlotte-Concord-Gastonia, NC-SC",York County
70681,29710,SC,202607,2057.36,0.0062,0.0303,Clover,"Charlotte-Concord-Gastonia, NC-SC",York County
70681,29710,SC,202608,2048.57,-0.0043,0.0331,Clover,"Charlotte-Concord-Gastonia, NC-SC",York County
70684,29715,SC,202304,1658.97,,,Fort Mill,"Charlotte-Concord-Gastonia, NC-SC",York County
70684,29715,SC,202305,1698.31,0.0237,,Fort Mill,"Charlotte-Concord-Gastonia, NC-SC",York County
70684,29715,SC,202306,1728.93,0.018,,Fort Mill,"Charlotte-Concord-Gastonia, NC-SC",York County
70684,29715,SC,202307,1760.17,0.0181,,Fort Mill,"Charlotte-Concord-Gastonia, NC-SC",York County
70684,29715,SC,202308,1735.32,-0.0141,,Fort Mill,"Charlotte-Concord-Gastonia, NC-SC",York County
70684,29715,SC,202309,1730.94,-0.0025,,Fort Mill,"Charlotte-Concord-Gastonia, NC-SC",York County
70684,29715,SC,202310,1713.98,-0.0098,,Fort Mill,"Charlotte-Concord-Gastonia, NC-SC",York County
70684,29715,SC,202311,1721.95,0.0047,,Fort Mill,"Charlotte-Concord-Gastonia, NC-SC",York County
70684,29715,SC,202312,1723.69,0.001,,Fort Mill,"Charlotte-Concord-Gastonia, NC-SC",York County
70684,29715,SC,202401,1734.12,0.006,,Fort Mill,"Charlotte-Concord-Gastonia, NC-SC",York County
70684,29715,SC,202402,1716.56,-0.0101,,Fort Mill,"Charlotte-Concord-Gastonia, NC-SC",York County
70684,29715,SC,202403,1718.96,0.0014,,Fort Mill,"Charlotte-Concord-Gastonia, NC-SC",York County
70684,29715,SC,202404,1735.9,0.0099,0.0464,Fort Mill,"Charlotte-Concord-Gastonia, NC-SC",York County
70684,29715,SC,202405,1765.75,0.0172,0.0397,Fort Mill,"Charlotte-Concord-Gastonia, NC-SC",York County
70684,29715,SC,202406,1776.02,0.0058,0.0272,Fort Mill,"Charlotte-Concord-Gastonia, NC-SC",York County
70684,29715,SC,202407,1764.85,-0.0063,0.0027,Fort Mill,"Charlotte-Concord-Gastonia, NC-SC",York County
70684,29715,SC,202408,1748.59,-0.0092,0.0076,Fort Mill,"Charlotte-Concord-Gastonia, NC-SC",York County
70684,29715,SC,202409,1749.12,0.0003,0.0105,Fort Mill,"Charlotte-Concord-Gastonia, NC-SC",York County
70684,29715,SC,202410,1755.29,0.0035,0.0241,Fort Mill,"Charlotte-Concord-Gastonia, NC-SC",York County
70684,29715,SC,202411,1767.35,0.0069,0.0264,Fort Mill,"Charlotte-Concord-Gastonia, NC-SC",York County
70684,29715,SC,202412,1760.42,-0.0039,0.0213,Fort Mill,"Charlotte-Concord-Gastonia, NC-SC",York County
70684,29715,SC,202501,1748.29,-0.0069,0.0082,Fort Mill,"Charlotte-Concord-Gastonia, NC-SC",York County
70684,29715,SC,202502,1761.96,0.0078,0.0264,Fort Mill,"Charlotte-Concord-Gastonia, NC-SC",York County
70684,29715,SC,202503,1774.96,0.0074,0.0326,Fort Mill,"Charlotte-Concord-Gastonia, NC-SC",York County
70684,29715,SC,202504,1805.05,0.0169,0.0398,Fort Mill,"Charlotte-Concord-Gastonia, NC-SC",York County
70684,29715,SC,202505,1808.67,0.002,0.0243,Fort Mill,"Charlotte-Concord-Gastonia, NC-SC",York County
70684,29715,SC,202506,1813.17,0.0025,0.0209,Fort Mill,"Charlotte-Concord-Gastonia, NC-SC",York County
70684,29715,SC,202507,1801.47,-0.0065,0.0207,Fort Mill,"Charlotte-Concord-Gastonia, NC-SC",York County
70684,29715,SC,202508,1808.05,0.0037,0.034,Fort Mill,"Charlotte-Concord-Gastonia, NC-SC",York County
70684,29715,SC,202509,1794.61,-0.0074,0.026,Fort Mill,"Charlotte-Concord-Gastonia, NC-SC",York County
70684,29715,SC,202510,1790.2,-0.0025,0.0199,Fort Mill,"Charlotte-Concord-Gastonia, NC-SC",York County
70684,29715,SC,202511,1767.06,-0.0129,-0.0002,Fort Mill,"Charlotte-Concord-Gastonia, NC-SC",York County
70684,29715,SC,202512,1768.53,0.0008,0.0046,Fort Mill,"Charlotte-Concord-Gastonia, NC-SC",York County
70684,29715,SC,202601,1766.71,-0.001,0.0105,Fort Mill,"Charlotte-Concord-Gastonia, NC-SC",York County
70684,29715,SC,202602,1781.31,0.0083,0.011,Fort Mill,"Charlotte-Concord-Gastonia, NC-SC",York County
70684,29715,SC,202603,1787.94,0.0037,0.0073,Fort Mill,"Charlotte-Concord-Gastonia, NC-SC",York County
70684,29715,SC,202604,1792.19,0.0024,-0.0071,Fort Mill,"Charlotte-Concord-Gastonia, NC-SC",York County
70684,29715,SC,202605,1787.87,-0.0024,-0.0115,Fort Mill,"Charlotte-Concord-Gastonia, NC-SC",York County
70684,29715,SC,202606,1799.48,0.0065,-0.0075,Fort Mill,"Charlotte-Concord-Gastonia, NC-SC",York County
70684,29715,SC,202607,1819.65,0.0112,0.0101,Fort Mill,"Charlotte-Concord-Gastonia, NC-SC",York County
70684,29715,SC,202608,1833.49,0.0076,0.0141,Fort Mill,"Charlotte-Concord-Gastonia, NC-SC",York County
70696,29730,SC,202205,1364.99,,,Rock Hill,"Charlotte-Concord-Gastonia, NC-SC",York County
70696,29730,SC,202206,1358.37,-0.0049,,Rock Hill,"Charlotte-Concord-Gastonia, NC-SC",York County
70696,29730,SC,202207,1371.16,0.0094,,Rock Hill,"Charlotte-Concord-Gastonia, NC-SC",York County
70696,29730,SC,202208,1363.08,-0.0059,,Rock Hill,"Charlotte-Concord-Gastonia, NC-SC",York County
70696,29730,SC,202209,1330.71,-0.0238,,Rock Hill,"Charlotte-Concord-Gastonia, NC-SC",York County
70696,29730,SC,202210,1336.97,0.0047,,Rock Hill,"Charlotte-Concord-Gastonia, NC-SC",York County
70696,29730,SC,202211,1344.62,0.0057,,Rock Hill,"Charlotte-Concord-Gastonia, NC-SC",York County
70696,29730,SC,202212,1382.87,0.0284,,Rock Hill,"Charlotte-Concord-Gastonia, NC-SC",York County
70696,29730,SC,202301,1387.25,0.0032,,Rock Hill,"Charlotte-Concord-Gastonia, NC-SC",York County
70696,29730,SC,202302,1400.43,0.0095,,Rock Hill,"Charlotte-Concord-Gastonia, NC-SC",York County
70696,29730,SC,202303,1417.5,0.0122,,Rock Hill,"Charlotte-Concord-Gastonia, NC-SC",York County
70696,29730,SC,202304,1429.93,0.0088,,Rock Hill,"Charlotte-Concord-Gastonia, NC-SC",York County
70696,29730,SC,202305,1433.85,0.0027,0.0504,Rock Hill,"Charlotte-Concord-Gastonia, NC-SC",York County
70696,29730,SC,202306,1430.69,-0.0022,0.0532,Rock Hill,"Charlotte-Concord-Gastonia, NC-SC",York County
70696,29730,SC,202307,1431.89,0.0008,0.0443,Rock Hill,"Charlotte-Concord-Gastonia, NC-SC",York County
70696,29730,SC,202308,1421.52,-0.0072,0.0429,Rock Hill,"Charlotte-Concord-Gastonia, NC-SC",York County
70696,29730,SC,202309,1429.36,0.0055,0.0741,Rock Hill,"Charlotte-Concord-Gastonia, NC-SC",York County
70696,29730,SC,202310,1426.96,-0.0017,0.0673,Rock Hill,"Charlotte-Concord-Gastonia, NC-SC",York County
70696,29730,SC,202311,1412.65,-0.01,0.0506,Rock Hill,"Charlotte-Concord-Gastonia, NC-SC",York County
70696,29730,SC,202312,1399.22,-0.0095,0.0118,Rock Hill,"Charlotte-Concord-Gastonia, NC-SC",York County
70696,29730,SC,202401,1387.77,-0.0082,0.0004,Rock Hill,"Charlotte-Concord-Gastonia, NC-SC",York County
70696,29730,SC,202402,1396.79,0.0065,-0.0026,Rock Hill,"Charlotte-Concord-Gastonia, NC-SC",York County
70696,29730,SC,202403,1408.74,0.0086,-0.0062,Rock Hill,"Charlotte-Concord-Gastonia, NC-SC",York County
70696,29730,SC,202404,1425.08,0.0116,-0.0034,Rock Hill,"Charlotte-Concord-Gastonia, NC-SC",York County
70696,29730,SC,202405,1431.54,0.0045,-0.0016,Rock Hill,"Charlotte-Concord-Gastonia, NC-SC",York County
70696,29730,SC,202406,1432.74,0.0008,0.0014,Rock Hill,"Charlotte-Concord-Gastonia, NC-SC",York County
70696,29730,SC,202407,1446.61,0.0097,0.0103,Rock Hill,"Charlotte-Concord-Gastonia, NC-SC",York County
70696,29730,SC,202408,1455.12,0.0059,0.0236,Rock Hill,"Charlotte-Concord-Gastonia, NC-SC",York County
70696,29730,SC,202409,1450.86,-0.0029,0.015,Rock Hill,"Charlotte-Concord-Gastonia, NC-SC",York County
70696,29730,SC,202410,1428.7,-0.0153,0.0012,Rock Hill,"Charlotte-Concord-Gastonia, NC-SC",York County
70696,29730,SC,202411,1430.57,0.0013,0.0127,Rock Hill,"Charlotte-Concord-Gastonia, NC-SC",York County
70696,29730,SC,202412,1435.06,0.0031,0.0256,Rock Hill,"Charlotte-Concord-Gastonia, NC-SC",York County
70696,29730,SC,202501,1439.16,0.0029,0.037,Rock Hill,"Charlotte-Concord-Gastonia, NC-SC",York County
70696,29730,SC,202502,1436.6,-0.0018,0.0285,Rock Hill,"Charlotte-Concord-Gastonia, NC-SC",York County
70696,29730,SC,202503,1433.61,-0.0021,0.0177,Rock Hill,"Charlotte-Concord-Gastonia, NC-SC",York County
70696,29730,SC,202504,1441.25,0.0053,0.0113,Rock Hill,"Charlotte-Concord-Gastonia, NC-SC",York County
70696,29730,SC,202505,1434.01,-0.005,0.0017,Rock Hill,"Charlotte-Concord-Gastonia, NC-SC",York County
70696,29730,SC,202506,1446.42,0.0087,0.0095,Rock Hill,"Charlotte-Concord-Gastonia, NC-SC",York County
70696,29730,SC,202507,1473.29,0.0186,0.0184,Rock Hill,"Charlotte-Concord-Gastonia, NC-SC",York County
70696,29730,SC,202508,1491.86,0.0126,0.0253,Rock Hill,"Charlotte-Concord-Gastonia, NC-SC",York County
70696,29730,SC,202509,1488.52,-0.0022,0.026,Rock Hill,"Charlotte-Concord-Gastonia, NC-SC",York County
70696,29730,SC,202510,1470.11,-0.0124,0.029,Rock Hill,"Charlotte-Concord-Gastonia, NC-SC",York County
70696,29730,SC,202511,1468.82,-0.0009,0.0267,Rock Hill,"Charlotte-Concord-Gastonia, NC-SC",York County
70696,29730,SC,202512,1470.1,0.0009,0.0244,Rock Hill,"Charlotte-Concord-Gastonia, NC-SC",York County
70696,29730,SC,202601,1483.18,0.0089,0.0306,Rock Hill,"Charlotte-Concord-Gastonia, NC-SC",York County
70696,29730,SC,202602,1483.23,0.0,0.0325,Rock Hill,"Charlotte-Concord-Gastonia, NC-SC",York County
70696,29730,SC,202603,1512.66,0.0198,0.0551,Rock Hill,"Charlotte-Concord-Gastonia, NC-SC",York County
70696,29730,SC,202604,1520.24,0.005,0.0548,Rock Hill,"Charlotte-Concord-Gastonia, NC-SC",York County
70696,29730,SC,202605,1527.88,0.005,0.0655,Rock Hill,"Charlotte-Concord-Gastonia, NC-SC",York County
70696,29730,SC,202606,1512.84,-0.0098,0.0459,Rock Hill,"Charlotte-Concord-Gastonia, NC-SC",York County
70696,29730,SC,202607,1494.69,-0.012,0.0145,Rock Hill,"Charlotte-Concord-Gastonia, NC-SC",York County
70696,29730,SC,202608,1500.13,0.0036,0.0055,Rock Hill,"Charlotte-Concord-Gastonia, NC-SC",York County
70698,29732,SC,202111,1272.95,,,Rock Hill,"Charlotte-Concord-Gastonia, NC-SC",York County
70698,29732,SC,202112,1288.69,0.0124,,Rock Hill,"Charlotte-Concord-Gastonia, NC-SC",York County
70698,29732,SC,202201,1298.0,0.0072,,Rock Hill,"Charlotte-Concord-Gastonia, NC-SC",York County
70698,29732,SC,202202,1304.62,0.0051,,Rock Hill,"Charlotte-Concord-Gastonia, NC-SC",York County
70698,29732,SC,202203,1322.85,0.014,,Rock Hill,"Charlotte-Concord-Gastonia, NC-SC",York County
70698,29732,SC,202204,1336.86,0.0106,,Rock Hill,"Charlotte-Concord-Gastonia, NC-SC",York County
70698,29732,SC,202205,1361.87,0.0187,,Rock Hill,"Charlotte-Concord-Gastonia, NC-SC",York County
70698,29732,SC,202206,1372.14,0.0075,,Rock Hill,"Charlotte-Concord-Gastonia, NC-SC",York County
70698,29732,SC,202207,1356.22,-0.0116,,Rock Hill,"Charlotte-Concord-Gastonia, NC-SC",York County
70698,29732,SC,202208,1353.5,-0.002,,Rock Hill,"Charlotte-Concord-Gastonia, NC-SC",York County
70698,29732,SC,202209,1345.28,-0.0061,,Rock Hill,"Charlotte-Concord-Gastonia, NC-SC",York County
70698,29732,SC,202210,1396.51,0.0381,,Rock Hill,"Charlotte-Concord-Gastonia, NC-SC",York County
70698,29732,SC,202211,1405.66,0.0066,0.1043,Rock Hill,"Charlotte-Concord-Gastonia, NC-SC",York County
70698,29732,SC,202212,1421.04,0.0109,0.1027,Rock Hill,"Charlotte-Concord-Gastonia, NC-SC",York County
70698,29732,SC,202301,1407.62,-0.0094,0.0845,Rock Hill,"Charlotte-Concord-Gastonia, NC-SC",York County
70698,29732,SC,202302,1408.89,0.0009,0.0799,Rock Hill,"Charlotte-Concord-Gastonia, NC-SC",York County
70698,29732,SC,202303,1412.06,0.0022,0.0674,Rock Hill,"Charlotte-Concord-Gastonia, NC-SC",York County
70698,29732,SC,202304,1418.42,0.0045,0.061,Rock Hill,"Charlotte-Concord-Gastonia, NC-SC",York County
70698,29732,SC,202305,1416.31,-0.0015,0.04,Rock Hill,"Charlotte-Concord-Gastonia, NC-SC",York County
70698,29732,SC,202306,1422.88,0.0046,0.037,Rock Hill,"Charlotte-Concord-Gastonia, NC-SC",York County
70698,29732,SC,202307,1424.41,0.0011,0.0503,Rock Hill,"Charlotte-Concord-Gastonia, NC-SC",York County
70698,29732,SC,202308,1418.7,-0.004,0.0482,Rock Hill,"Charlotte-Concord-Gastonia, NC-SC",York County
70698,29732,SC,202309,1423.09,0.0031,0.0578,Rock Hill,"Charlotte-Concord-Gastonia, NC-SC",York County
70698,29732,SC,202310,1417.13,-0.0042,0.0148,Rock Hill,"Charlotte-Concord-Gastonia, NC-SC",York County
70698,29732,SC,202311,1420.22,0.0022,0.0104,Rock Hill,"Charlotte-Concord-Gastonia, NC-SC",York County
70698,29732,SC,202312,1404.01,-0.0114,-0.012,Rock Hill,"Charlotte-Concord-Gastonia, NC-SC",York County
70698,29732,SC,202401,1401.87,-0.0015,-0.0041,Rock Hill,"Charlotte-Concord-Gastonia, NC-SC",York County
70698,29732,SC,202402,1400.4,-0.0011,-0.006,Rock Hill,"Charlotte-Concord-Gastonia, NC-SC",York County
70698,29732,SC,202403,1402.77,0.0017,-0.0066,Rock Hill,"Charlotte-Concord-Gastonia, NC-SC",York County
70698,29732,SC,202404,1406.16,0.0024,-0.0086,Rock Hill,"Charlotte-Concord-Gastonia, NC-SC",York County
70698,29732,SC,202405,1400.17,-0.0043,-0.0114,Rock Hill,"Charlotte-Concord-Gastonia, NC-SC",York County
70698,29732,SC,202406,1404.06,0.0028,-0.0132,Rock Hill,"Charlotte-Concord-Gastonia, NC-SC",York County
70698,29732,SC,202407,1414.19,0.0072,-0.0072,Rock Hill,"Charlotte-Concord-Gastonia, NC-SC",York County
70698,29732,SC,202408,1441.12,0.019,0.0158,Rock Hill,"Charlotte-Concord-Gastonia, NC-SC",York County
70698,29732,SC,202409,1462.56,0.0149,0.0277,Rock Hill,"Charlotte-Concord-Gastonia, NC-SC",York County
70698,29732,SC,202410,1465.01,0.0017,0.0338,Rock Hill,"Charlotte-Concord-Gastonia, NC-SC",York County
70698,29732,SC,202411,1471.21,0.0042,0.0359,Rock Hill,"Charlotte-Concord-Gastonia, NC-SC",York County
70698,29732,SC,202412,1457.24,-0.0095,0.0379,Rock Hill,"Charlotte-Concord-Gastonia, NC-SC",York County
70698,29732,SC,202501,1465.26,0.0055,0.0452,Rock Hill,"Charlotte-Concord-Gastonia, NC-SC",York County
70698,29732,SC,202502,1459.75,-0.0038,0.0424,Rock Hill,"Charlotte-Concord-Gastonia, NC-SC",York County
70698,29732,SC,202503,1458.53,-0.0008,0.0398,Rock Hill,"Charlotte-Concord-Gastonia, NC-SC",York County
70698,29732,SC,202504,1436.52,-0.0151,0.0216,Rock Hill,"Charlotte-Concord-Gastonia, NC-SC",York County
70698,29732,SC,202505,1425.25,-0.0078,0.0179,Rock Hill,"Charlotte-Concord-Gastonia, NC-SC",York County
70698,29732,SC,202506,1433.54,0.0058,0.021,Rock Hill,"Charlotte-Concord-Gastonia, NC-SC",York County
70698,29732,SC,202507,1442.26,0.0061,0.0198,Rock Hill,"Charlotte-Concord-Gastonia, NC-SC",York County
70698,29732,SC,202508,1429.79,-0.0086,-0.0079,Rock Hill,"Charlotte-Concord-Gastonia, NC-SC",York County
70698,29732,SC,202509,1426.12,-0.0026,-0.0249,Rock Hill,"Charlotte-Concord-Gastonia, NC-SC",York County
70698,29732,SC,202510,1437.48,0.008,-0.0188,Rock Hill,"Charlotte-Concord-Gastonia, NC-SC",York County
70698,29732,SC,202511,1472.96,0.0247,0.0012,Rock Hill,"Charlotte-Concord-Gastonia, NC-SC",York County
70698,29732,SC,202512,1475.17,0.0015,0.0123,Rock Hill,"Charlotte-Concord-Gastonia, NC-SC",York County
70698,29732,SC,202601,1471.95,-0.0022,0.0046,Rock Hill,"Charlotte-Concord-Gastonia, NC-SC",York County
70698,29732,SC,202602,1453.64,-0.0124,-0.0042,Rock Hill,"Charlotte-Concord-Gastonia, NC-SC",York County
70698,29732,SC,202603,1460.88,0.005,0.0016,Rock Hill,"Charlotte-Concord-Gastonia, NC-SC",York County
70698,29732,SC,202604,1464.68,0.0026,0.0196,Rock Hill,"Charlotte-Concord-Gastonia, NC-SC",York County
70698,29732,SC,202605,1473.85,0.0063,0.0341,Rock Hill,"Charlotte-Concord-Gastonia, NC-SC",York County
70698,29732,SC,202606,1472.71,-0.0008,0.0273,Rock Hill,"Charlotte-Concord-Gastonia, NC-SC",York County
70698,29732,SC,202607,1470.18,-0.0017,0.0194,Rock Hill,"Charlotte-Concord-Gastonia, NC-SC",York County
70698,29732,SC,202608,1470.74,0.0004,0.0286,Rock Hill,"Charlotte-Concord-Gastonia, NC-SC",York County
70706,29801,SC,202204,1292.45,,,Aiken,"Augusta-Richmond County, GA-SC",Aiken County
70706,29801,SC,202205,1309.79,0.0134,,Aiken,"Augusta-Richmond County, GA-SC",Aiken County
70706,29801,SC,202206,1284.62,-0.0192,,Aiken,"Augusta-Richmond County, GA-SC",Aiken County
70706,29801,SC,202207,1292.84,0.0064,,Aiken,"Augusta-Richmond County, GA-SC",Aiken County
70706,29801,SC,202208,1308.94,0.0125,,Aiken,"Augusta-Richmond County, GA-SC",Aiken County
70706,29801,SC,202209,1342.09,0.0253,,Aiken,"Augusta-Richmond County, GA-SC",Aiken County
70706,29801,SC,202210,1353.4,0.0084,,Aiken,"Augusta-Richmond County, GA-SC",Aiken County
70706,29801,SC,202211,1365.25,0.0087,,Aiken,"Augusta-Richmond County, GA-SC",Aiken County
70706,29801,SC,202212,1390.81,0.0187,,Aiken,"Augusta-Richmond County, GA-SC",Aiken County
70706,29801,SC,202301,1420.11,0.0211,,Aiken,"Augusta-Richmond County, GA-SC",Aiken County
70706,29801,SC,202302,1443.63,0.0166,,Aiken,"Augusta-Richmond County, GA-SC",Aiken County
70706,29801,SC,202303,1406.83,-0.0255,,Aiken,"Augusta-Richmond County, GA-SC",Aiken County
70706,29801,SC,202304,1388.58,-0.013,0.0744,Aiken,"Augusta-Richmond County, GA-SC",Aiken County
70706,29801,SC,202305,1372.15,-0.0118,0.0476,Aiken,"Augusta-Richmond County, GA-SC",Aiken County
70706,29801,SC,202306,1413.01,0.0298,0.0999,Aiken,"Augusta-Richmond County, GA-SC",Aiken County
70706,29801,SC,202307,1415.2,0.0015,0.0946,Aiken,"Augusta-Richmond County, GA-SC",Aiken County
70706,29801,SC,202308,1434.66,0.0137,0.096,Aiken,"Augusta-Richmond County, GA-SC",Aiken County
70706,29801,SC,202310,1476.21,0.029,0.0999,Aiken,"Augusta-Richmond County, GA-SC",Aiken County
70706,29801,SC,202311,1488.58,0.0084,0.0999,Aiken,"Augusta-Richmond County, GA-SC",Aiken County
70706,29801,SC,202312,1485.98,-0.0017,0.0884,Aiken,"Augusta-Richmond County, GA-SC",Aiken County
70706,29801,SC,202401,1465.47,-0.0138,0.0537,Aiken,"Augusta-Richmond County, GA-SC",Aiken County
70706,29801,SC,202402,1456.58,-0.0061,0.0257,Aiken,"Augusta-Richmond County, GA-SC",Aiken County
70706,29801,SC,202403,1442.43,-0.0097,-0.0008,Aiken,"Augusta-Richmond County, GA-SC",Aiken County
70706,29801,SC,202404,1448.16,0.004,0.0294,Aiken,"Augusta-Richmond County, GA-SC",Aiken County
70706,29801,SC,202405,1483.93,0.0247,0.0687,Aiken,"Augusta-Richmond County, GA-SC",Aiken County
70706,29801,SC,202406,1498.25,0.0097,0.0919,Aiken,"Augusta-Richmond County, GA-SC",Aiken County
70706,29801,SC,202407,1502.61,0.0029,0.0634,Aiken,"Augusta-Richmond County, GA-SC",Aiken County
70706,29801,SC,202408,1479.91,-0.0151,0.0457,Aiken,"Augusta-Richmond County, GA-SC",Aiken County
70706,29801,SC,202409,1503.21,0.0157,0.0478,Aiken,"Augusta-Richmond County, GA-SC",Aiken County
70706,29801,SC,202410,1529.59,0.0176,0.0362,Aiken,"Augusta-Richmond County, GA-SC",Aiken County
70706,29801,SC,202411,1564.83,0.023,0.0512,Aiken,"Augusta-Richmond County, GA-SC",Aiken County
70706,29801,SC,202412,1542.58,-0.0142,0.0381,Aiken,"Augusta-Richmond County, GA-SC",Aiken County
70706,29801,SC,202501,1550.4,0.0051,0.058,Aiken,"Augusta-Richmond County, GA-SC",Aiken County
70706,29801,SC,202502,1541.89,-0.0055,0.0586,Aiken,"Augusta-Richmond County, GA-SC",Aiken County
70706,29801,SC,202503,1584.01,0.0273,0.0982,Aiken,"Augusta-Richmond County, GA-SC",Aiken County
70706,29801,SC,202504,1601.11,0.0108,0.1056,Aiken,"Augusta-Richmond County, GA-SC",Aiken County
70706,29801,SC,202505,1632.01,0.0193,0.0998,Aiken,"Augusta-Richmond County, GA-SC",Aiken County
70706,29801,SC,202506,1612.44,-0.012,0.0762,Aiken,"Augusta-Richmond County, GA-SC",Aiken County
70706,29801,SC,202507,1606.99,-0.0034,0.0695,Aiken,"Augusta-Richmond County, GA-SC",Aiken County
70706,29801,SC,202508,1604.83,-0.0013,0.0844,Aiken,"Augusta-Richmond County, GA-SC",Aiken County
70706,29801,SC,202509,1649.28,0.0277,0.0972,Aiken,"Augusta-Richmond County, GA-SC",Aiken County
70706,29801,SC,202510,1678.21,0.0175,0.0972,Aiken,"Augusta-Richmond County, GA-SC",Aiken County
70706,29801,SC,202511,1661.19,-0.0101,0.0616,Aiken,"Augusta-Richmond County, GA-SC",Aiken County
70706,29801,SC,202512,1637.07,-0.0145,0.0613,Aiken,"Augusta-Richmond County, GA-SC",Aiken County
70706,29801,SC,202601,1610.1,-0.0165,0.0385,Aiken,"Augusta-Richmond County, GA-SC",Aiken County
70706,29801,SC,202602,1641.04,0.0192,0.0643,Aiken,"Augusta-Richmond County, GA-SC",Aiken County
70706,29801,SC,202603,1644.63,0.0022,0.0383,Aiken,"Augusta-Richmond County, GA-SC",Aiken County
70706,29801,SC,202604,1682.22,0.0229,0.0507,Aiken,"Augusta-Richmond County, GA-SC",Aiken County
70706,29801,SC,202605,1644.49,-0.0224,0.0077,Aiken,"Augusta-Richmond County, GA-SC",Aiken County
70706,29801,SC,202606,1656.25,0.0071,0.0272,Aiken,"Augusta-Richmond County, GA-SC",Aiken County
70706,29801,SC,202607,1651.39,-0.0029,0.0276,Aiken,"Augusta-Richmond County, GA-SC",Aiken County
70706,29801,SC,202608,1669.42,0.0109,0.0402,Aiken,"Augusta-Richmond County, GA-SC",Aiken County
70708,29803,SC,202301,1121.66,,,Aiken,"Augusta-Richmond County, GA-SC",Aiken County
70708,29803,SC,202302,1150.5,0.0257,,Aiken,"Augusta-Richmond County, GA-SC",Aiken County
70708,29803,SC,202303,1186.61,0.0314,,Aiken,"Augusta-Richmond County, GA-SC",Aiken County
70708,29803,SC,202304,1183.43,-0.0027,,Aiken,"Augusta-Richmond County, GA-SC",Aiken County
70708,29803,SC,202305,1177.94,-0.0046,,Aiken,"Augusta-Richmond County, GA-SC",Aiken County
70708,29803,SC,202306,1183.34,0.0046,,Aiken,"Augusta-Richmond County, GA-SC",Aiken County
70708,29803,SC,202307,1196.88,0.0115,,Aiken,"Augusta-Richmond County, GA-SC",Aiken County
70708,29803,SC,202308,1200.03,0.0026,,Aiken,"Augusta-Richmond County, GA-SC",Aiken County
70708,29803,SC,202309,1199.92,-0.0001,,Aiken,"Augusta-Richmond County, GA-SC",Aiken County
70708,29803,SC,202310,1192.19,-0.0064,,Aiken,"Augusta-Richmond County, GA-SC",Aiken County
70708,29803,SC,202311,1176.96,-0.0128,,Aiken,"Augusta-Richmond County, GA-SC",Aiken County
70708,29803,SC,202312,1153.85,-0.0196,,Aiken,"Augusta-Richmond County, GA-SC",Aiken County
70708,29803,SC,202401,1159.13,0.0046,0.0334,Aiken,"Augusta-Richmond County, GA-SC",Aiken County
70708,29803,SC,202402,1166.78,0.0066,0.0141,Aiken,"Augusta-Richmond County, GA-SC",Aiken County
70708,29803,SC,202403,1188.12,0.0183,0.0013,Aiken,"Augusta-Richmond County, GA-SC",Aiken County
70708,29803,SC,202404,1190.84,0.0023,0.0063,Aiken,"Augusta-Richmond County, GA-SC",Aiken County
70708,29803,SC,202405,1198.21,0.0062,0.0172,Aiken,"Augusta-Richmond County, GA-SC",Aiken County
70708,29803,SC,202406,1207.01,0.0073,0.02,Aiken,"Augusta-Richmond County, GA-SC",Aiken County
70708,29803,SC,202407,1210.62,0.003,0.0115,Aiken,"Augusta-Richmond County, GA-SC",Aiken County
70708,29803,SC,202408,1234.23,0.0195,0.0285,Aiken,"Augusta-Richmond County, GA-SC",Aiken County
70708,29803,SC,202409,1234.11,-0.0001,0.0285,Aiken,"Augusta-Richmond County, GA-SC",Aiken County
70708,29803,SC,202410,1246.49,0.01,0.0456,Aiken,"Augusta-Richmond County, GA-SC",Aiken County
70708,29803,SC,202411,1244.24,-0.0018,0.0572,Aiken,"Augusta-Richmond County, GA-SC",Aiken County
70708,29803,SC,202412,1243.93,-0.0003,0.0781,Aiken,"Augusta-Richmond County, GA-SC",Aiken County
70708,29803,SC,202501,1229.77,-0.0114,0.0609,Aiken,"Augusta-Richmond County, GA-SC",Aiken County
70708,29803,SC,202502,1226.29,-0.0028,0.051,Aiken,"Augusta-Richmond County, GA-SC",Aiken County
70708,29803,SC,202503,1233.87,0.0062,0.0385,Aiken,"Augusta-Richmond County, GA-SC",Aiken County
70708,29803,SC,202504,1253.37,0.0158,0.0525,Aiken,"Augusta-Richmond County, GA-SC",Aiken County
70708,29803,SC,202505,1257.25,0.0031,0.0493,Aiken,"Augusta-Richmond County, GA-SC",Aiken County
70708,29803,SC,202506,1261.13,0.0031,0.0448,Aiken,"Augusta-Richmond County, GA-SC",Aiken County
70708,29803,SC,202507,1261.19,0.0,0.0418,Aiken,"Augusta-Richmond County, GA-SC",Aiken County
70708,29803,SC,202508,1267.07,0.0047,0.0266,Aiken,"Augusta-Richmond County, GA-SC",Aiken County
70708,29803,SC,202509,1266.83,-0.0002,0.0265,Aiken,"Augusta-Richmond County, GA-SC",Aiken County
70708,29803,SC,202510,1267.94,0.0009,0.0172,Aiken,"Augusta-Richmond County, GA-SC",Aiken County
70708,29803,SC,202511,1265.42,-0.002,0.017,Aiken,"Augusta-Richmond County, GA-SC",Aiken County
70708,29803,SC,202512,1279.38,0.011,0.0285,Aiken,"Augusta-Richmond County, GA-SC",Aiken County
70708,29803,SC,202601,1289.26,0.0077,0.0484,Aiken,"Augusta-Richmond County, GA-SC",Aiken County
70708,29803,SC,202602,1289.83,0.0004,0.0518,Aiken,"Augusta-Richmond County, GA-SC",Aiken County
70708,29803,SC,202603,1280.82,-0.007,0.0381,Aiken,"Augusta-Richmond County, GA-SC",Aiken County
70708,29803,SC,202604,1266.86,-0.0109,0.0108,Aiken,"Augusta-Richmond County, GA-SC",Aiken County
70708,29803,SC,202605,1278.93,0.0095,0.0172,Aiken,"Augusta-Richmond County, GA-SC",Aiken County
70708,29803,SC,202606,1275.44,-0.0027,0.0113,Aiken,"Augusta-Richmond County, GA-SC",Aiken County
70708,29803,SC,202607,1293.27,0.014,0.0254,Aiken,"Augusta-Richmond County, GA-SC",Aiken County
70708,29803,SC,202608,1277.85,-0.0119,0.0085,Aiken,"Augusta-Richmond County, GA-SC",Aiken County
70725,29829,SC,202606,1952.5,,,Graniteville,"Augusta-Richmond County, GA-SC",Aiken County
70725,29829,SC,202607,1964.02,0.0059,,Graniteville,"Augusta-Richmond County, GA-SC",Aiken County
70725,29829,SC,202608,1990.75,0.0136,,Graniteville,"Augusta-Richmond County, GA-SC",Aiken County
70734,29841,SC,202111,1096.64,,,North Augusta,"Augusta-Richmond County, GA-SC",Aiken County
70734,29841,SC,202112,1115.13,0.0169,,North Augusta,"Augusta-Richmond County, GA-SC",Aiken County
70734,29841,SC,202201,1132.75,0.0158,,North Augusta,"Augusta-Richmond County, GA-SC",Aiken County
70734,29841,SC,202202,1146.17,0.0118,,North Augusta,"Augusta-Richmond County, GA-SC",Aiken County
70734,29841,SC,202203,1140.25,-0.0052,,North Augusta,"Augusta-Richmond County, GA-SC",Aiken County
70734,29841,SC,202204,1165.45,0.0221,,North Augusta,"Augusta-Richmond County, GA-SC",Aiken County
70734,29841,SC,202205,1142.79,-0.0194,,North Augusta,"Augusta-Richmond County, GA-SC",Aiken County
70734,29841,SC,202206,1186.31,0.0381,,North Augusta,"Augusta-Richmond County, GA-SC",Aiken County
70734,29841,SC,202207,1189.6,0.0028,,North Augusta,"Augusta-Richmond County, GA-SC",Aiken County
70734,29841,SC,202208,1210.8,0.0178,,North Augusta,"Augusta-Richmond County, GA-SC",Aiken County
70734,29841,SC,202209,1189.24,-0.0178,,North Augusta,"Augusta-Richmond County, GA-SC",Aiken County
70734,29841,SC,202210,1177.8,-0.0096,,North Augusta,"Augusta-Richmond County, GA-SC",Aiken County
70734,29841,SC,202211,1194.15,0.0139,0.0889,North Augusta,"Augusta-Richmond County, GA-SC",Aiken County
70734,29841,SC,202212,1230.13,0.0301,0.1031,North Augusta,"Augusta-Richmond County, GA-SC",Aiken County
70734,29841,SC,202301,1252.69,0.0183,0.1059,North Augusta,"Augusta-Richmond County, GA-SC",Aiken County
70734,29841,SC,202302,1263.19,0.0084,0.1021,North Augusta,"Augusta-Richmond County, GA-SC",Aiken County
70734,29841,SC,202303,1244.74,-0.0146,0.0916,North Augusta,"Augusta-Richmond County, GA-SC",Aiken County
70734,29841,SC,202304,1255.87,0.0089,0.0776,North Augusta,"Augusta-Richmond County, GA-SC",Aiken County
70734,29841,SC,202305,1272.99,0.0136,0.1139,North Augusta,"Augusta-Richmond County, GA-SC",Aiken County
70734,29841,SC,202306,1295.01,0.0173,0.0916,North Augusta,"Augusta-Richmond County, GA-SC",Aiken County
70734,29841,SC,202307,1300.68,0.0044,0.0934,North Augusta,"Augusta-Richmond County, GA-SC",Aiken County
70734,29841,SC,202308,1298.72,-0.0015,0.0726,North Augusta,"Augusta-Richmond County, GA-SC",Aiken County
70734,29841,SC,202309,1301.59,0.0022,0.0945,North Augusta,"Augusta-Richmond County, GA-SC",Aiken County
70734,29841,SC,202310,1288.23,-0.0103,0.0938,North Augusta,"Augusta-Richmond County, GA-SC",Aiken County
70734,29841,SC,202311,1287.11,-0.0009,0.0778,North Augusta,"Augusta-Richmond County, GA-SC",Aiken County
70734,29841,SC,202312,1283.6,-0.0027,0.0435,North Augusta,"Augusta-Richmond County, GA-SC",Aiken County
70734,29841,SC,202401,1333.06,0.0385,0.0642,North Augusta,"Augusta-Richmond County, GA-SC",Aiken County
70734,29841,SC,202402,1345.14,0.0091,0.0649,North Augusta,"Augusta-Richmond County, GA-SC",Aiken County
70734,29841,SC,202403,1367.07,0.0163,0.0983,North Augusta,"Augusta-Richmond County, GA-SC",Aiken County
70734,29841,SC,202404,1340.77,-0.0192,0.0676,North Augusta,"Augusta-Richmond County, GA-SC",Aiken County
70734,29841,SC,202405,1351.68,0.0081,0.0618,North Augusta,"Augusta-Richmond County, GA-SC",Aiken County
70734,29841,SC,202406,1350.75,-0.0007,0.043,North Augusta,"Augusta-Richmond County, GA-SC",Aiken County
70734,29841,SC,202407,1347.68,-0.0023,0.0361,North Augusta,"Augusta-Richmond County, GA-SC",Aiken County
70734,29841,SC,202408,1351.68,0.003,0.0408,North Augusta,"Augusta-Richmond County, GA-SC",Aiken County
70734,29841,SC,202409,1377.09,0.0188,0.058,North Augusta,"Augusta-Richmond County, GA-SC",Aiken County
70734,29841,SC,202410,1402.36,0.0183,0.0886,North Augusta,"Augusta-Richmond County, GA-SC",Aiken County
70734,29841,SC,202411,1419.36,0.0121,0.1027,North Augusta,"Augusta-Richmond County, GA-SC",Aiken County
70734,29841,SC,202412,1407.28,-0.0085,0.0964,North Augusta,"Augusta-Richmond County, GA-SC",Aiken County
70734,29841,SC,202501,1421.09,0.0098,0.066,North Augusta,"Augusta-Richmond County, GA-SC",Aiken County
70734,29841,SC,202502,1426.7,0.0039,0.0606,North Augusta,"Augusta-Richmond County, GA-SC",Aiken County
70734,29841,SC,202503,1423.54,-0.0022,0.0413,North Augusta,"Augusta-Richmond County, GA-SC",Aiken County
70734,29841,SC,202504,1440.75,0.0121,0.0746,North Augusta,"Augusta-Richmond County, GA-SC",Aiken County
70734,29841,SC,202505,1440.42,-0.0002,0.0656,North Augusta,"Augusta-Richmond County, GA-SC",Aiken County
70734,29841,SC,202506,1487.89,0.033,0.1015,North Augusta,"Augusta-Richmond County, GA-SC",Aiken County
70734,29841,SC,202507,1483.63,-0.0029,0.1009,North Augusta,"Augusta-Richmond County, GA-SC",Aiken County
70734,29841,SC,202508,1490.14,0.0044,0.1024,North Augusta,"Augusta-Richmond County, GA-SC",Aiken County
70734,29841,SC,202509,1454.93,-0.0236,0.0565,North Augusta,"Augusta-Richmond County, GA-SC",Aiken County
70734,29841,SC,202510,1463.06,0.0056,0.0433,North Augusta,"Augusta-Richmond County, GA-SC",Aiken County
70734,29841,SC,202511,1466.32,0.0022,0.0331,North Augusta,"Augusta-Richmond County, GA-SC",Aiken County
70734,29841,SC,202512,1484.81,0.0126,0.0551,North Augusta,"Augusta-Richmond County, GA-SC",Aiken County
70734,29841,SC,202601,1484.21,-0.0004,0.0444,North Augusta,"Augusta-Richmond County, GA-SC",Aiken County
70734,29841,SC,202602,1479.81,-0.003,0.0372,North Augusta,"Augusta-Richmond County, GA-SC",Aiken County
70734,29841,SC,202603,1472.27,-0.0051,0.0342,North Augusta,"Augusta-Richmond County, GA-SC",Aiken County
70734,29841,SC,202604,1464.2,-0.0055,0.0163,North Augusta,"Augusta-Richmond County, GA-SC",Aiken County
70734,29841,SC,202605,1475.07,0.0074,0.0241,North Augusta,"Augusta-Richmond County, GA-SC",Aiken County
70734,29841,SC,202606,1483.2,0.0055,-0.0032,North Augusta,"Augusta-Richmond County, GA-SC",Aiken County
70734,29841,SC,202607,1495.41,0.0082,0.0079,North Augusta,"Augusta-Richmond County, GA-SC",Aiken County
70734,29841,SC,202608,1511.3,0.0106,0.0142,North Augusta,"Augusta-Richmond County, GA-SC",Aiken County
70747,29860,SC,202603,2064.78,,,North Augusta,"Augusta-Richmond County, GA-SC",Edgefield County
70747,29860,SC,202604,1957.93,-0.0517,,North Augusta,"Augusta-Richmond County, GA-SC",Edgefield County
70747,29860,SC,202605,1957.13,-0.0004,,North Augusta,"Augusta-Richmond County, GA-SC",Edgefield County
70747,29860,SC,202606,1955.76,-0.0007,,North Augusta,"Augusta-Richmond County, GA-SC",Edgefield County
70747,29860,SC,202607,1943.9,-0.0061,,North Augusta,"Augusta-Richmond County, GA-SC",Edgefield County
70747,29860,SC,202608,1913.63,-0.0156,,North Augusta,"Augusta-Richmond County, GA-SC",Edgefield County
70751,29902,SC,202310,1688.74,,,Beaufort,"Hilton Head Island-Bluffton, SC",Beaufort County
70751,29902,SC,202311,1697.34,0.0051,,Beaufort,"Hilton Head Island-Bluffton, SC",Beaufort County
70751,29902,SC,202312,1702.98,0.0033,,Beaufort,"Hilton Head Island-Bluffton, SC",Beaufort County
70751,29902,SC,202401,1719.16,0.0095,,Beaufort,"Hilton Head Island-Bluffton, SC",Beaufort County
70751,29902,SC,202402,1721.73,0.0015,,Beaufort,"Hilton Head Island-Bluffton, SC",Beaufort County
70751,29902,SC,202403,1760.51,0.0225,,Beaufort,"Hilton Head Island-Bluffton, SC",Beaufort County
70751,29902,SC,202404,1767.12,0.0038,,Beaufort,"Hilton Head Island-Bluffton, SC",Beaufort County
70751,29902,SC,202405,1784.65,0.0099,,Beaufort,"Hilton Head Island-Bluffton, SC",Beaufort County
70751,29902,SC,202406,1761.8,-0.0128,,Beaufort,"Hilton Head Island-Bluffton, SC",Beaufort County
70751,29902,SC,202407,1753.23,-0.0049,,Beaufort,"Hilton Head Island-Bluffton, SC",Beaufort County
70751,29902,SC,202408,1783.12,0.017,,Beaufort,"Hilton Head Island-Bluffton, SC",Beaufort County
70751,29902,SC,202409,1771.03,-0.0068,,Beaufort,"Hilton Head Island-Bluffton, SC",Beaufort County
70751,29902,SC,202410,1793.56,0.0127,0.0621,Beaufort,"Hilton Head Island-Bluffton, SC",Beaufort County
70751,29902,SC,202411,1810.58,0.0095,0.0667,Beaufort,"Hilton Head Island-Bluffton, SC",Beaufort County
70751,29902,SC,202412,1837.15,0.0147,0.0788,Beaufort,"Hilton Head Island-Bluffton, SC",Beaufort County
70751,29902,SC,202501,1862.74,0.0139,0.0835,Beaufort,"Hilton Head Island-Bluffton, SC",Beaufort County
70751,29902,SC,202502,1812.24,-0.0271,0.0526,Beaufort,"Hilton Head Island-Bluffton, SC",Beaufort County
70751,29902,SC,202503,1822.15,0.0055,0.035,Beaufort,"Hilton Head Island-Bluffton, SC",Beaufort County
70751,29902,SC,202504,1806.3,-0.0087,0.0222,Beaufort,"Hilton Head Island-Bluffton, SC",Beaufort County
70751,29902,SC,202505,1826.65,0.0113,0.0235,Beaufort,"Hilton Head Island-Bluffton, SC",Beaufort County
70751,29902,SC,202506,1815.59,-0.0061,0.0305,Beaufort,"Hilton Head Island-Bluffton, SC",Beaufort County
70751,29902,SC,202507,1814.86,-0.0004,0.0351,Beaufort,"Hilton Head Island-Bluffton, SC",Beaufort County
70751,29902,SC,202508,1767.84,-0.0259,-0.0086,Beaufort,"Hilton Head Island-Bluffton, SC",Beaufort County
70751,29902,SC,202509,1773.37,0.0031,0.0013,Beaufort,"Hilton Head Island-Bluffton, SC",Beaufort County
70751,29902,SC,202510,1760.09,-0.0075,-0.0187,Beaufort,"Hilton Head Island-Bluffton, SC",Beaufort County
70751,29902,SC,202511,1769.68,0.0054,-0.0226,Beaufort,"Hilton Head Island-Bluffton, SC",Beaufort County
70751,29902,SC,202512,1752.94,-0.0095,-0.0458,Beaufort,"Hilton Head Island-Bluffton, SC",Beaufort County
70751,29902,SC,202601,1747.87,-0.0029,-0.0617,Beaufort,"Hilton Head Island-Bluffton, SC",Beaufort County
70751,29902,SC,202602,1770.09,0.0127,-0.0233,Beaufort,"Hilton Head Island-Bluffton, SC",Beaufort County
70751,29902,SC,202603,1754.53,-0.0088,-0.0371,Beaufort,"Hilton Head Island-Bluffton, SC",Beaufort County
70751,29902,SC,202604,1779.95,0.0145,-0.0146,Beaufort,"Hilton Head Island-Bluffton, SC",Beaufort County
70751,29902,SC,202605,1771.43,-0.0048,-0.0302,Beaufort,"Hilton Head Island-Bluffton, SC",Beaufort County
70751,29902,SC,202606,1776.86,0.0031,-0.0213,Beaufort,"Hilton Head Island-Bluffton, SC",Beaufort County
70751,29902,SC,202607,1750.93,-0.0146,-0.0352,Beaufort,"Hilton Head Island-Bluffton, SC",Beaufort County
70751,29902,SC,202608,1720.07,-0.0176,-0.027,Beaufort,"Hilton Head Island-Bluffton, SC",Beaufort County
70755,29906,SC,202312,1516.59,,,Beaufort,"Hilton Head Island-Bluffton, SC",Beaufort County
70755,29906,SC,202401,1503.3,-0.0088,,Beaufort,"Hilton Head Island-Bluffton, SC",Beaufort County
70755,29906,SC,202402,1507.56,0.0028,,Beaufort,"Hilton Head Island-Bluffton, SC",Beaufort County
70755,29906,SC,202403,1482.37,-0.0167,,Beaufort,"Hilton Head Island-Bluffton, SC",Beaufort County
70755,29906,SC,202404,1550.94,0.0463,,Beaufort,"Hilton Head Island-Bluffton, SC",Beaufort County
70755,29906,SC,202405,1569.22,0.0118,,Beaufort,"Hilton Head Island-Bluffton, SC",Beaufort County
70755,29906,SC,202406,1592.77,0.015,,Beaufort,"Hilton Head Island-Bluffton, SC",Beaufort County
70755,29906,SC,202407,1556.82,-0.0226,,Beaufort,"Hilton Head Island-Bluffton, SC",Beaufort County
70755,29906,SC,202408,1566.38,0.0061,,Beaufort,"Hilton Head Island-Bluffton, SC",Beaufort County
70755,29906,SC,202409,1583.92,0.0112,,Beaufort,"Hilton Head Island-Bluffton, SC",Beaufort County
70755,29906,SC,202410,1612.28,0.0179,,Beaufort,"Hilton Head Island-Bluffton, SC",Beaufort County
70755,29906,SC,202411,1570.66,-0.0258,,Beaufort,"Hilton Head Island-Bluffton, SC",Beaufort County
70755,29906,SC,202412,1573.54,0.0018,0.0376,Beaufort,"Hilton Head Island-Bluffton, SC",Beaufort County
70755,29906,SC,202501,1578.6,0.0032,0.0501,Beaufort,"Hilton Head Island-Bluffton, SC",Beaufort County
70755,29906,SC,202502,1622.74,0.028,0.0764,Beaufort,"Hilton Head Island-Bluffton, SC",Beaufort County
70755,29906,SC,202503,1650.21,0.0169,0.1132,Beaufort,"Hilton Head Island-Bluffton, SC",Beaufort County
70755,29906,SC,202504,1646.78,-0.0021,0.0618,Beaufort,"Hilton Head Island-Bluffton, SC",Beaufort County
70755,29906,SC,202505,1666.1,0.0117,0.0617,Beaufort,"Hilton Head Island-Bluffton, SC",Beaufort County
70755,29906,SC,202506,1664.03,-0.0012,0.0447,Beaufort,"Hilton Head Island-Bluffton, SC",Beaufort County
70755,29906,SC,202507,1653.1,-0.0066,0.0618,Beaufort,"Hilton Head Island-Bluffton, SC",Beaufort County
70755,29906,SC,202508,1643.56,-0.0058,0.0493,Beaufort,"Hilton Head Island-Bluffton, SC",Beaufort County
70755,29906,SC,202509,1628.61,-0.0091,0.0282,Beaufort,"Hilton Head Island-Bluffton, SC",Beaufort County
70755,29906,SC,202510,1681.03,0.0322,0.0426,Beaufort,"Hilton Head Island-Bluffton, SC",Beaufort County
70755,29906,SC,202511,1683.06,0.0012,0.0716,Beaufort,"Hilton Head Island-Bluffton, SC",Beaufort County
70755,29906,SC,202512,1702.24,0.0114,0.0818,Beaufort,"Hilton Head Island-Bluffton, SC",Beaufort County
70755,29906,SC,202601,1682.65,-0.0115,0.0659,Beaufort,"Hilton Head Island-Bluffton, SC",Beaufort County
70755,29906,SC,202602,1715.39,0.0195,0.0571,Beaufort,"Hilton Head Island-Bluffton, SC",Beaufort County
70755,29906,SC,202603,1743.31,0.0163,0.0564,Beaufort,"Hilton Head Island-Bluffton, SC",Beaufort County
70755,29906,SC,202604,1725.21,-0.0104,0.0476,Beaufort,"Hilton Head Island-Bluffton, SC",Beaufort County
70755,29906,SC,202605,1696.44,-0.0167,0.0182,Beaufort,"Hilton Head Island-Bluffton, SC",Beaufort County
70755,29906,SC,202606,1728.41,0.0188,0.0387,Beaufort,"Hilton Head Island-Bluffton, SC",Beaufort County
70755,29906,SC,202607,1735.47,0.0041,0.0498,Beaufort,"Hilton Head Island-Bluffton, SC",Beaufort County
70755,29906,SC,202608,1741.56,0.0035,0.0596,Beaufort,"Hilton Head Island-Bluffton, SC",Beaufort County
70756,29907,SC,202410,2128.0,,,Beaufort,"Hilton Head Island-Bluffton, SC",Beaufort County
70756,29907,SC,202411,2105.76,-0.0105,,Beaufort,"Hilton Head Island-Bluffton, SC",Beaufort County
70756,29907,SC,202412,2121.53,0.0075,,Beaufort,"Hilton Head Island-Bluffton, SC",Beaufort County
70756,29907,SC,202501,2122.32,0.0004,,Beaufort,"Hilton Head Island-Bluffton, SC",Beaufort County
70756,29907,SC,202502,2150.69,0.0134,,Beaufort,"Hilton Head Island-Bluffton, SC",Beaufort County
70756,29907,SC,202503,2175.86,0.0117,,Beaufort,"Hilton Head Island-Bluffton, SC",Beaufort County
70756,29907,SC,202504,2204.08,0.013,,Beaufort,"Hilton Head Island-Bluffton, SC",Beaufort County
70756,29907,SC,202505,2194.8,-0.0042,,Beaufort,"Hilton Head Island-Bluffton, SC",Beaufort County
70756,29907,SC,202506,2178.03,-0.0076,,Beaufort,"Hilton Head Island-Bluffton, SC",Beaufort County
70756,29907,SC,202507,2166.43,-0.0053,,Beaufort,"Hilton Head Island-Bluffton, SC",Beaufort County
70756,29907,SC,202508,2141.76,-0.0114,,Beaufort,"Hilton Head Island-Bluffton, SC",Beaufort County
70756,29907,SC,202509,2127.18,-0.0068,,Beaufort,"Hilton Head Island-Bluffton, SC",Beaufort County
70756,29907,SC,202510,2108.54,-0.0088,-0.0091,Beaufort,"Hilton Head Island-Bluffton, SC",Beaufort County
70756,29907,SC,202511,2097.42,-0.0053,-0.004,Beaufort,"Hilton Head Island-Bluffton, SC",Beaufort County
70756,29907,SC,202512,2120.44,0.011,-0.0005,Beaufort,"Hilton Head Island-Bluffton, SC",Beaufort County
70756,29907,SC,202601,2150.02,0.0139,0.013,Beaufort,"Hilton Head Island-Bluffton, SC",Beaufort County
70756,29907,SC,202602,2184.31,0.0159,0.0156,Beaufort,"Hilton Head Island-Bluffton, SC",Beaufort County
70756,29907,SC,202603,2196.64,0.0056,0.0095,Beaufort,"Hilton Head Island-Bluffton, SC",Beaufort County
70756,29907,SC,202604,2226.67,0.0137,0.0103,Beaufort,"Hilton Head Island-Bluffton, SC",Beaufort County
70756,29907,SC,202605,2225.48,-0.0005,0.014,Beaufort,"Hilton Head Island-Bluffton, SC",Beaufort County
70756,29907,SC,202606,2256.0,0.0137,0.0358,Beaufort,"Hilton Head Island-Bluffton, SC",Beaufort County
70756,29907,SC,202607,2203.03,-0.0235,0.0169,Beaufort,"Hilton Head Island-Bluffton, SC",Beaufort County
70756,29907,SC,202608,2238.42,0.0161,0.0451,Beaufort,"Hilton Head Island-Bluffton, SC",Beaufort County
70757,29909,SC,202510,2582.97,,,Bluffton,"Hilton Head Island-Bluffton, SC",Beaufort County
70757,29909,SC,202511,2575.05,-0.0031,,Bluffton,"Hilton Head Island-Bluffton, SC",Beaufort County
70757,29909,SC,202512,2539.78,-0.0137,,Bluffton,"Hilton Head Island-Bluffton, SC",Beaufort County
70757,29909,SC,202601,2625.22,0.0336,,Bluffton,"Hilton Head Island-Bluffton, SC",Beaufort County
70757,29909,SC,202602,2658.87,0.0128,,Bluffton,"Hilton Head Island-Bluffton, SC",Beaufort County
70757,29909,SC,202603,2663.74,0.0018,,Bluffton,"Hilton Head Island-Bluffton, SC",Beaufort County
70757,29909,SC,202604,2645.67,-0.0068,,Bluffton,"Hilton Head Island-Bluffton, SC",Beaufort County
70757,29909,SC,202605,2653.83,0.0031,,Bluffton,"Hilton Head Island-Bluffton, SC",Beaufort County
70757,29909,SC,202606,2631.88,-0.0083,,Bluffton,"Hilton Head Island-Bluffton, SC",Beaufort County
70757,29909,SC,202607,2585.05,-0.0178,,Bluffton,"Hilton Head Island-Bluffton, SC",Beaufort County
70757,29909,SC,202608,2603.06,0.007,,Bluffton,"Hilton Head Island-Bluffton, SC",Beaufort County
70758,29910,SC,201605,1160.6,,,Bluffton,"Hilton Head Island-Bluffton, SC",Beaufort County
70758,29910,SC,201606,1176.72,0.0139,,Bluffton,"Hilton Head Island-Bluffton, SC",Beaufort County
70758,29910,SC,201607,1200.49,0.0202,,Bluffton,"Hilton Head Island-Bluffton, SC",Beaufort County
70758,29910,SC,201608,1207.82,0.0061,,Bluffton,"Hilton Head Island-Bluffton, SC",Beaufort County
70758,29910,SC,201609,1200.89,-0.0057,,Bluffton,"Hilton Head Island-Bluffton, SC",Beaufort County
70758,29910,SC,201610,1193.07,-0.0065,,Bluffton,"Hilton Head Island-Bluffton, SC",Beaufort County
70758,29910,SC,201611,1193.9,0.0007,,Bluffton,"Hilton Head Island-Bluffton, SC",Beaufort County
70758,29910,SC,201612,1211.53,0.0148,,Bluffton,"Hilton Head Island-Bluffton, SC",Beaufort County
70758,29910,SC,201701,1208.25,-0.0027,,Bluffton,"Hilton Head Island-Bluffton, SC",Beaufort County
70758,29910,SC,201702,1212.16,0.0032,,Bluffton,"Hilton Head Island-Bluffton, SC",Beaufort County
70758,29910,SC,201703,1212.97,0.0007,,Bluffton,"Hilton Head Island-Bluffton, SC",Beaufort County
70758,29910,SC,201704,1216.59,0.003,,Bluffton,"Hilton Head Island-Bluffton, SC",Beaufort County
70758,29910,SC,201705,1230.68,0.0116,0.0604,Bluffton,"Hilton Head Island-Bluffton, SC",Beaufort County
70758,29910,SC,201706,1236.18,0.0045,0.0505,Bluffton,"Hilton Head Island-Bluffton, SC",Beaufort County
70758,29910,SC,201707,1248.24,0.0098,0.0398,Bluffton,"Hilton Head Island-Bluffton, SC",Beaufort County
70758,29910,SC,201708,1258.86,0.0085,0.0423,Bluffton,"Hilton Head Island-Bluffton, SC",Beaufort County
70758,29910,SC,201710,1270.43,0.0092,0.0579,Bluffton,"Hilton Head Island-Bluffton, SC",Beaufort County
70758,29910,SC,201711,1265.09,-0.0042,0.0604,Bluffton,"Hilton Head Island-Bluffton, SC",Beaufort County
70758,29910,SC,201712,1270.65,0.0044,0.0643,Bluffton,"Hilton Head Island-Bluffton, SC",Beaufort County
70758,29910,SC,201801,1266.68,-0.0031,0.0455,Bluffton,"Hilton Head Island-Bluffton, SC",Beaufort County
70758,29910,SC,201802,1274.61,0.0063,0.0549,Bluffton,"Hilton Head Island-Bluffton, SC",Beaufort County
70758,29910,SC,201803,1288.26,0.0107,0.0628,Bluffton,"Hilton Head Island-Bluffton, SC",Beaufort County
70758,29910,SC,201804,1292.8,0.0035,0.0658,Bluffton,"Hilton Head Island-Bluffton, SC",Beaufort County
70758,29910,SC,201805,1293.55,0.0006,0.0633,Bluffton,"Hilton Head Island-Bluffton, SC",Beaufort County
70758,29910,SC,201806,1294.43,0.0007,0.0518,Bluffton,"Hilton Head Island-Bluffton, SC",Beaufort County
70758,29910,SC,201807,1310.32,0.0123,0.06,Bluffton,"Hilton Head Island-Bluffton, SC",Beaufort County
70758,29910,SC,201808,1304.95,-0.0041,0.0454,Bluffton,"Hilton Head Island-Bluffton, SC",Beaufort County
70758,29910,SC,201809,1297.33,-0.0058,0.0306,Bluffton,"Hilton Head Island-Bluffton, SC",Beaufort County
70758,29910,SC,201810,1277.98,-0.0149,0.0059,Bluffton,"Hilton Head Island-Bluffton, SC",Beaufort County
70758,29910,SC,201811,1289.71,0.0092,0.0195,Bluffton,"Hilton Head Island-Bluffton, SC",Beaufort County
70758,29910,SC,201812,1293.11,0.0026,0.0177,Bluffton,"Hilton Head Island-Bluffton, SC",Beaufort County
70758,29910,SC,201901,1298.75,0.0044,0.0253,Bluffton,"Hilton Head Island-Bluffton, SC",Beaufort County
70758,29910,SC,201902,1302.32,0.0028,0.0217,Bluffton,"Hilton Head Island-Bluffton, SC",Beaufort County
70758,29910,SC,201903,1326.23,0.0184,0.0295,Bluffton,"Hilton Head Island-Bluffton, SC",Beaufort County
70758,29910,SC,201904,1353.91,0.0209,0.0473,Bluffton,"Hilton Head Island-Bluffton, SC",Beaufort County
70758,29910,SC,201905,1369.46,0.0115,0.0587,Bluffton,"Hilton Head Island-Bluffton, SC",Beaufort County
70758,29910,SC,201906,1372.71,0.0024,0.0605,Bluffton,"Hilton Head Island-Bluffton, SC",Beaufort County
70758,29910,SC,201907,1373.57,0.0006,0.0483,Bluffton,"Hilton Head Island-Bluffton, SC",Beaufort County
70758,29910,SC,201908,1361.1,-0.0091,0.043,Bluffton,"Hilton Head Island-Bluffton, SC",Beaufort County
70758,29910,SC,201909,1362.36,0.0009,0.0501,Bluffton,"Hilton Head Island-Bluffton, SC",Beaufort County
70758,29910,SC,201910,1354.56,-0.0057,0.0599,Bluffton,"Hilton Head Island-Bluffton, SC",Beaufort County
70758,29910,SC,201911,1366.57,0.0089,0.0596,Bluffton,"Hilton Head Island-Bluffton, SC",Beaufort County
70758,29910,SC,201912,1345.57,-0.0154,0.0406,Bluffton,"Hilton Head Island-Bluffton, SC",Beaufort County
70758,29910,SC,202001,1337.72,-0.0058,0.03,Bluffton,"Hilton Head Island-Bluffton, SC",Beaufort County
70758,29910,SC,202002,1331.77,-0.0044,0.0226,Bluffton,"Hilton Head Island-Bluffton, SC",Beaufort County
70758,29910,SC,202003,1327.0,-0.0036,0.0006,Bluffton,"Hilton Head Island-Bluffton, SC",Beaufort County
70758,29910,SC,202004,1337.64,0.008,-0.012,Bluffton,"Hilton Head Island-Bluffton, SC",Beaufort County
70758,29910,SC,202005,1333.28,-0.0033,-0.0264,Bluffton,"Hilton Head Island-Bluffton, SC",Beaufort County
70758,29910,SC,202006,1357.3,0.018,-0.0112,Bluffton,"Hilton Head Island-Bluffton, SC",Beaufort County
70758,29910,SC,202007,1366.91,0.0071,-0.0049,Bluffton,"Hilton Head Island-Bluffton, SC",Beaufort County
70758,29910,SC,202008,1386.11,0.014,0.0184,Bluffton,"Hilton Head Island-Bluffton, SC",Beaufort County
70758,29910,SC,202009,1393.55,0.0054,0.0229,Bluffton,"Hilton Head Island-Bluffton, SC",Beaufort County
70758,29910,SC,202010,1410.1,0.0119,0.041,Bluffton,"Hilton Head Island-Bluffton, SC",Beaufort County
70758,29910,SC,202011,1416.29,0.0044,0.0364,Bluffton,"Hilton Head Island-Bluffton, SC",Beaufort County
70758,29910,SC,202012,1431.55,0.0108,0.0639,Bluffton,"Hilton Head Island-Bluffton, SC",Beaufort County
70758,29910,SC,202101,1436.02,0.0031,0.0735,Bluffton,"Hilton Head Island-Bluffton, SC",Beaufort County
70758,29910,SC,202102,1442.31,0.0044,0.083,Bluffton,"Hilton Head Island-Bluffton, SC",Beaufort County
70758,29910,SC,202103,1445.04,0.0019,0.089,Bluffton,"Hilton Head Island-Bluffton, SC",Beaufort County
70758,29910,SC,202104,1453.63,0.0059,0.0867,Bluffton,"Hilton Head Island-Bluffton, SC",Beaufort County
70758,29910,SC,202105,1485.65,0.022,0.1143,Bluffton,"Hilton Head Island-Bluffton, SC",Beaufort County
70758,29910,SC,202106,1542.58,0.0383,0.1365,Bluffton,"Hilton Head Island-Bluffton, SC",Beaufort County
70758,29910,SC,202107,1616.26,0.0478,0.1824,Bluffton,"Hilton Head Island-Bluffton, SC",Beaufort County
70758,29910,SC,202108,1682.77,0.0412,0.214,Bluffton,"Hilton Head Island-Bluffton, SC",Beaufort County
70758,29910,SC,202109,1750.69,0.0404,0.2563,Bluffton,"Hilton Head Island-Bluffton, SC",Beaufort County
70758,29910,SC,202110,1811.68,0.0348,0.2848,Bluffton,"Hilton Head Island-Bluffton, SC",Beaufort County
70758,29910,SC,202111,1847.47,0.0198,0.3044,Bluffton,"Hilton Head Island-Bluffton, SC",Beaufort County
70758,29910,SC,202112,1804.42,-0.0233,0.2605,Bluffton,"Hilton Head Island-Bluffton, SC",Beaufort County
70758,29910,SC,202201,1808.4,0.0022,0.2593,Bluffton,"Hilton Head Island-Bluffton, SC",Beaufort County
70758,29910,SC,202202,1811.51,0.0017,0.256,Bluffton,"Hilton Head Island-Bluffton, SC",Beaufort County
70758,29910,SC,202203,1872.19,0.0335,0.2956,Bluffton,"Hilton Head Island-Bluffton, SC",Beaufort County
70758,29910,SC,202204,1900.94,0.0154,0.3077,Bluffton,"Hilton Head Island-Bluffton, SC",Beaufort County
70758,29910,SC,202205,1958.48,0.0303,0.3183,Bluffton,"Hilton Head Island-Bluffton, SC",Beaufort County
70758,29910,SC,202206,1998.74,0.0206,0.2957,Bluffton,"Hilton Head Island-Bluffton, SC",Beaufort County
70758,29910,SC,202207,2038.01,0.0197,0.2609,Bluffton,"Hilton Head Island-Bluffton, SC",Beaufort County
70758,29910,SC,202208,2045.77,0.0038,0.2157,Bluffton,"Hilton Head Island-Bluffton, SC",Beaufort County
70758,29910,SC,202209,2058.92,0.0064,0.1761,Bluffton,"Hilton Head Island-Bluffton, SC",Beaufort County
70758,29910,SC,202210,2022.35,-0.0178,0.1163,Bluffton,"Hilton Head Island-Bluffton, SC",Beaufort County
70758,29910,SC,202211,1983.82,-0.0191,0.0738,Bluffton,"Hilton Head Island-Bluffton, SC",Beaufort County
70758,29910,SC,202212,1941.42,-0.0214,0.0759,Bluffton,"Hilton Head Island-Bluffton, SC",Beaufort County
70758,29910,SC,202301,1919.08,-0.0115,0.0612,Bluffton,"Hilton Head Island-Bluffton, SC",Beaufort County
70758,29910,SC,202302,1932.7,0.0071,0.0669,Bluffton,"Hilton Head Island-Bluffton, SC",Beaufort County
70758,29910,SC,202303,1967.48,0.018,0.0509,Bluffton,"Hilton Head Island-Bluffton, SC",Beaufort County
70758,29910,SC,202304,2011.14,0.0222,0.058,Bluffton,"Hilton Head Island-Bluffton, SC",Beaufort County
70758,29910,SC,202305,2050.58,0.0196,0.047,Bluffton,"Hilton Head Island-Bluffton, SC",Beaufort County
70758,29910,SC,202306,2069.16,0.0091,0.0352,Bluffton,"Hilton Head Island-Bluffton, SC",Beaufort County
70758,29910,SC,202307,2077.88,0.0042,0.0196,Bluffton,"Hilton Head Island-Bluffton, SC",Beaufort County
70758,29910,SC,202308,2087.96,0.0049,0.0206,Bluffton,"Hilton Head Island-Bluffton, SC",Beaufort County
70758,29910,SC,202309,2087.51,-0.0002,0.0139,Bluffton,"Hilton Head Island-Bluffton, SC",Beaufort County
70758,29910,SC,202310,2071.93,-0.0075,0.0245,Bluffton,"Hilton Head Island-Bluffton, SC",Beaufort County
70758,29910,SC,202311,2008.9,-0.0304,0.0126,Bluffton,"Hilton Head Island-Bluffton, SC",Beaufort County
70758,29910,SC,202312,1996.05,-0.0064,0.0281,Bluffton,"Hilton Head Island-Bluffton, SC",Beaufort County
70758,29910,SC,202401,1991.39,-0.0023,0.0377,Bluffton,"Hilton Head Island-Bluffton, SC",Beaufort County
70758,29910,SC,202402,2029.79,0.0193,0.0502,Bluffton,"Hilton Head Island-Bluffton, SC",Beaufort County
70758,29910,SC,202403,2016.16,-0.0067,0.0247,Bluffton,"Hilton Head Island-Bluffton, SC",Beaufort County
70758,29910,SC,202404,2042.84,0.0132,0.0158,Bluffton,"Hilton Head Island-Bluffton, SC",Beaufort County
70758,29910,SC,202405,2061.68,0.0092,0.0054,Bluffton,"Hilton Head Island-Bluffton, SC",Beaufort County
70758,29910,SC,202406,2086.4,0.012,0.0083,Bluffton,"Hilton Head Island-Bluffton, SC",Beaufort County
70758,29910,SC,202407,2082.32,-0.002,0.0021,Bluffton,"Hilton Head Island-Bluffton, SC",Beaufort County
70758,29910,SC,202408,2054.95,-0.0131,-0.0158,Bluffton,"Hilton Head Island-Bluffton, SC",Beaufort County
70758,29910,SC,202409,2038.6,-0.008,-0.0234,Bluffton,"Hilton Head Island-Bluffton, SC",Beaufort County
70758,29910,SC,202410,2025.15,-0.0066,-0.0226,Bluffton,"Hilton Head Island-Bluffton, SC",Beaufort County
70758,29910,SC,202411,2042.0,0.0083,0.0165,Bluffton,"Hilton Head Island-Bluffton, SC",Beaufort County
70758,29910,SC,202412,2045.08,0.0015,0.0246,Bluffton,"Hilton Head Island-Bluffton, SC",Beaufort County
70758,29910,SC,202501,2037.82,-0.0036,0.0233,Bluffton,"Hilton Head Island-Bluffton, SC",Beaufort County
70758,29910,SC,202502,2005.45,-0.0159,-0.012,Bluffton,"Hilton Head Island-Bluffton, SC",Beaufort County
70758,29910,SC,202503,1995.83,-0.0048,-0.0101,Bluffton,"Hilton Head Island-Bluffton, SC",Beaufort County
70758,29910,SC,202504,1990.88,-0.0025,-0.0254,Bluffton,"Hilton Head Island-Bluffton, SC",Beaufort County
70758,29910,SC,202505,2028.53,0.0189,-0.0161,Bluffton,"Hilton Head Island-Bluffton, SC",Beaufort County
70758,29910,SC,202506,2047.96,0.0096,-0.0184,Bluffton,"Hilton Head Island-Bluffton, SC",Beaufort County
70758,29910,SC,202507,2072.99,0.0122,-0.0045,Bluffton,"Hilton Head Island-Bluffton, SC",Beaufort County
70758,29910,SC,202508,2060.89,-0.0058,0.0029,Bluffton,"Hilton Head Island-Bluffton, SC",Beaufort County
70758,29910,SC,202509,2056.6,-0.0021,0.0088,Bluffton,"Hilton Head Island-Bluffton, SC",Beaufort County
70758,29910,SC,202510,2050.04,-0.0032,0.0123,Bluffton,"Hilton Head Island-Bluffton, SC",Beaufort County
70758,29910,SC,202511,2057.8,0.0038,0.0077,Bluffton,"Hilton Head Island-Bluffton, SC",Beaufort County
70758,29910,SC,202512,2037.9,-0.0097,-0.0035,Bluffton,"Hilton Head Island-Bluffton, SC",Beaufort County
70758,29910,SC,202601,2033.77,-0.002,-0.002,Bluffton,"Hilton Head Island-Bluffton, SC",Beaufort County
70758,29910,SC,202602,2046.27,0.0061,0.0204,Bluffton,"Hilton Head Island-Bluffton, SC",Beaufort County
70758,29910,SC,202603,2080.5,0.0167,0.0424,Bluffton,"Hilton Head Island-Bluffton, SC",Beaufort County
70758,29910,SC,202604,2100.21,0.0095,0.0549,Bluffton,"Hilton Head Island-Bluffton, SC",Beaufort County
70758,29910,SC,202605,2095.47,-0.0023,0.033,Bluffton,"Hilton Head Island-Bluffton, SC",Beaufort County
70758,29910,SC,202606,2083.83,-0.0056,0.0175,Bluffton,"Hilton Head Island-Bluffton, SC",Beaufort County
70758,29910,SC,202607,2068.82,-0.0072,-0.002,Bluffton,"Hilton Head Island-Bluffton, SC",Beaufort County
70758,29910,SC,202608,2051.06,-0.0086,-0.0048,Bluffton,"Hilton Head Island-Bluffton, SC",Beaufort County
70772,29926,SC,202401,2613.27,,,Hilton Head Island,"Hilton Head Island-Bluffton, SC",Beaufort County
70772,29926,SC,202402,2612.31,-0.0004,,Hilton Head Island,"Hilton Head Island-Bluffton, SC",Beaufort County
70772,29926,SC,202403,2534.56,-0.0298,,Hilton Head Island,"Hilton Head Island-Bluffton, SC",Beaufort County
70772,29926,SC,202404,2558.06,0.0093,,Hilton Head Island,"Hilton Head Island-Bluffton, SC",Beaufort County
70772,29926,SC,202405,2574.74,0.0065,,Hilton Head Island,"Hilton Head Island-Bluffton, SC",Beaufort County
70772,29926,SC,202406,2632.66,0.0225,,Hilton Head Island,"Hilton Head Island-Bluffton, SC",Beaufort County
70772,29926,SC,202407,2659.73,0.0103,,Hilton Head Island,"Hilton Head Island-Bluffton, SC",Beaufort County
70772,29926,SC,202408,2603.41,-0.0212,,Hilton Head Island,"Hilton Head Island-Bluffton, SC",Beaufort County
70772,29926,SC,202409,2614.91,0.0044,,Hilton Head Island,"Hilton Head Island-Bluffton, SC",Beaufort County
70772,29926,SC,202410,2569.73,-0.0173,,Hilton Head Island,"Hilton Head Island-Bluffton, SC",Beaufort County
70772,29926,SC,202411,2596.89,0.0106,,Hilton Head Island,"Hilton Head Island-Bluffton, SC",Beaufort County
70772,29926,SC,202412,2557.97,-0.015,,Hilton Head Island,"Hilton Head Island-Bluffton, SC",Beaufort County
70772,29926,SC,202501,2574.5,0.0065,-0.0148,Hilton Head Island,"Hilton Head Island-Bluffton, SC",Beaufort County
70772,29926,SC,202502,2602.11,0.0107,-0.0039,Hilton Head Island,"Hilton Head Island-Bluffton, SC",Beaufort County
70772,29926,SC,202503,2651.3,0.0189,0.0461,Hilton Head Island,"Hilton Head Island-Bluffton, SC",Beaufort County
70772,29926,SC,202504,2652.27,0.0004,0.0368,Hilton Head Island,"Hilton Head Island-Bluffton, SC",Beaufort County
70772,29926,SC,202505,2690.5,0.0144,0.045,Hilton Head Island,"Hilton Head Island-Bluffton, SC",Beaufort County
70772,29926,SC,202506,2697.02,0.0024,0.0244,Hilton Head Island,"Hilton Head Island-Bluffton, SC",Beaufort County
70772,29926,SC,202507,2683.72,-0.0049,0.009,Hilton Head Island,"Hilton Head Island-Bluffton, SC",Beaufort County
70772,29926,SC,202508,2642.53,-0.0153,0.015,Hilton Head Island,"Hilton Head Island-Bluffton, SC",Beaufort County
70772,29926,SC,202509,2599.88,-0.0161,-0.0058,Hilton Head Island,"Hilton Head Island-Bluffton, SC",Beaufort County
70772,29926,SC,202510,2571.51,-0.0109,0.0007,Hilton Head Island,"Hilton Head Island-Bluffton, SC",Beaufort County
70772,29926,SC,202511,2588.78,0.0067,-0.0031,Hilton Head Island,"Hilton Head Island-Bluffton, SC",Beaufort County
70772,29926,SC,202512,2597.63,0.0034,0.0155,Hilton Head Island,"Hilton Head Island-Bluffton, SC",Beaufort County
70772,29926,SC,202601,2608.07,0.004,0.013,Hilton Head Island,"Hilton Head Island-Bluffton, SC",Beaufort County
70772,29926,SC,202602,2578.18,-0.0115,-0.0092,Hilton Head Island,"Hilton Head Island-Bluffton, SC",Beaufort County
70772,29926,SC,202603,2635.92,0.0224,-0.0058,Hilton Head Island,"Hilton Head Island-Bluffton, SC",Beaufort County
70772,29926,SC,202604,2768.51,0.0503,0.0438,Hilton Head Island,"Hilton Head Island-Bluffton, SC",Beaufort County
70772,29926,SC,202605,2825.08,0.0204,0.05,Hilton Head Island,"Hilton Head Island-Bluffton, SC",Beaufort County
70772,29926,SC,202606,2883.56,0.0207,0.0692,Hilton Head Island,"Hilton Head Island-Bluffton, SC",Beaufort County
70772,29926,SC,202607,2819.27,-0.0223,0.0505,Hilton Head Island,"Hilton Head Island-Bluffton, SC",Beaufort County
70772,29926,SC,202608,2793.39,-0.0092,0.0571,Hilton Head Island,"Hilton Head Island-Bluffton, SC",Beaufort County
70773,29927,SC,202410,1888.41,,,Hardeeville,"Hilton Head Island-Bluffton, SC",Jasper County
70773,29927,SC,202411,1827.74,-0.0321,,Hardeeville,"Hilton Head Island-Bluffton, SC",Jasper County
70773,29927,SC,202412,1810.66,-0.0093,,Hardeeville,"Hilton Head Island-Bluffton, SC",Jasper County
70773,29927,SC,202501,1822.39,0.0065,,Hardeeville,"Hilton Head Island-Bluffton, SC",Jasper County
70773,29927,SC,202502,1860.78,0.0211,,Hardeeville,"Hilton Head Island-Bluffton, SC",Jasper County
70773,29927,SC,202503,1860.32,-0.0002,,Hardeeville,"Hilton Head Island-Bluffton, SC",Jasper County
70773,29927,SC,202504,1858.99,-0.0007,,Hardeeville,"Hilton Head Island-Bluffton, SC",Jasper County
70773,29927,SC,202505,1844.78,-0.0076,,Hardeeville,"Hilton Head Island-Bluffton, SC",Jasper County
70773,29927,SC,202506,1861.85,0.0093,,Hardeeville,"Hilton Head Island-Bluffton, SC",Jasper County
70773,29927,SC,202507,1847.15,-0.0079,,Hardeeville,"Hilton Head Island-Bluffton, SC",Jasper County
70773,29927,SC,202508,1835.2,-0.0065,,Hardeeville,"Hilton Head Island-Bluffton, SC",Jasper County
70773,29927,SC,202509,1824.15,-0.006,,Hardeeville,"Hilton Head Island-Bluffton, SC",Jasper County
70773,29927,SC,202510,1828.46,0.0024,-0.0317,Hardeeville,"Hilton Head Island-Bluffton, SC",Jasper County
70773,29927,SC,202511,1765.84,-0.0342,-0.0339,Hardeeville,"Hilton Head Island-Bluffton, SC",Jasper County
70773,29927,SC,202512,1789.37,0.0133,-0.0118,Hardeeville,"Hilton Head Island-Bluffton, SC",Jasper County
70773,29927,SC,202601,1781.5,-0.0044,-0.0224,Hardeeville,"Hilton Head Island-Bluffton, SC",Jasper County
70773,29927,SC,202602,1864.37,0.0465,0.0019,Hardeeville,"Hilton Head Island-Bluffton, SC",Jasper County
70773,29927,SC,202603,1836.88,-0.0147,-0.0126,Hardeeville,"Hilton Head Island-Bluffton, SC",Jasper County
70773,29927,SC,202604,1832.93,-0.0021,-0.014,Hardeeville,"Hilton Head Island-Bluffton, SC",Jasper County
70773,29927,SC,202605,1793.78,-0.0214,-0.0276,Hardeeville,"Hilton Head Island-Bluffton, SC",Jasper County
70773,29927,SC,202606,1779.02,-0.0082,-0.0445,Hardeeville,"Hilton Head Island-Bluffton, SC",Jasper County
70773,29927,SC,202607,1809.71,0.0173,-0.0203,Hardeeville,"Hilton Head Island-Bluffton, SC",Jasper County
70773,29927,SC,202608,1843.4,0.0186,0.0045,Hardeeville,"Hilton Head Island-Bluffton, SC",Jasper County
70774,29928,SC,202403,2402.99,,,Hilton Head Island,"Hilton Head Island-Bluffton, SC",Beaufort County
70774,29928,SC,202404,2387.31,-0.0065,,Hilton Head Island,"Hilton Head Island-Bluffton, SC",Beaufort County
70774,29928,SC,202405,2338.63,-0.0204,,Hilton Head Island,"Hilton Head Island-Bluffton, SC",Beaufort County
70774,29928,SC,202406,2388.57,0.0214,,Hilton Head Island,"Hilton Head Island-Bluffton, SC",Beaufort County
70774,29928,SC,202407,2427.7,0.0164,,Hilton Head Island,"Hilton Head Island-Bluffton, SC",Beaufort County
70774,29928,SC,202408,2493.4,0.0271,,Hilton Head Island,"Hilton Head Island-Bluffton, SC",Beaufort County
70774,29928,SC,202409,2531.27,0.0152,,Hilton Head Island,"Hilton Head Island-Bluffton, SC",Beaufort County
70774,29928,SC,202410,2510.84,-0.0081,,Hilton Head Island,"Hilton Head Island-Bluffton, SC",Beaufort County
70774,29928,SC,202411,2492.95,-0.0071,,Hilton Head Island,"Hilton Head Island-Bluffton, SC",Beaufort County
70774,29928,SC,202412,2429.1,-0.0256,,Hilton Head Island,"Hilton Head Island-Bluffton, SC",Beaufort County
70774,29928,SC,202501,2456.25,0.0112,,Hilton Head Island,"Hilton Head Island-Bluffton, SC",Beaufort County
70774,29928,SC,202502,2471.3,0.0061,,Hilton Head Island,"Hilton Head Island-Bluffton, SC",Beaufort County
70774,29928,SC,202503,2536.33,0.0263,0.0555,Hilton Head Island,"Hilton Head Island-Bluffton, SC",Beaufort County
70774,29928,SC,202504,2552.92,0.0065,0.0694,Hilton Head Island,"Hilton Head Island-Bluffton, SC",Beaufort County
70774,29928,SC,202505,2571.88,0.0074,0.0997,Hilton Head Island,"Hilton Head Island-Bluffton, SC",Beaufort County
70774,29928,SC,202506,2656.98,0.0331,0.1124,Hilton Head Island,"Hilton Head Island-Bluffton, SC",Beaufort County
70774,29928,SC,202507,2662.02,0.0019,0.0965,Hilton Head Island,"Hilton Head Island-Bluffton, SC",Beaufort County
70774,29928,SC,202508,2691.83,0.0112,0.0796,Hilton Head Island,"Hilton Head Island-Bluffton, SC",Beaufort County
70774,29928,SC,202509,2573.46,-0.044,0.0167,Hilton Head Island,"Hilton Head Island-Bluffton, SC",Beaufort County
70774,29928,SC,202510,2594.09,0.008,0.0332,Hilton Head Island,"Hilton Head Island-Bluffton, SC",Beaufort County
70774,29928,SC,202511,2494.21,-0.0385,0.0005,Hilton Head Island,"Hilton Head Island-Bluffton, SC",Beaufort County
70774,29928,SC,202512,2565.26,0.0285,0.0561,Hilton Head Island,"Hilton Head Island-Bluffton, SC",Beaufort County
70774,29928,SC,202601,2565.56,0.0001,0.0445,Hilton Head Island,"Hilton Head Island-Bluffton, SC",Beaufort County
70774,29928,SC,202602,2657.69,0.0359,0.0754,Hilton Head Island,"Hilton Head Island-Bluffton, SC",Beaufort County
70774,29928,SC,202603,2628.01,-0.0112,0.0361,Hilton Head Island,"Hilton Head Island-Bluffton, SC",Beaufort County
70774,29928,SC,202604,2715.88,0.0334,0.0638,Hilton Head Island,"Hilton Head Island-Bluffton, SC",Beaufort County
70774,29928,SC,202605,2782.95,0.0247,0.0821,Hilton Head Island,"Hilton Head Island-Bluffton, SC",Beaufort County
70774,29928,SC,202606,2886.1,0.0371,0.0862,Hilton Head Island,"Hilton Head Island-Bluffton, SC",Beaufort County
70774,29928,SC,202607,2865.45,-0.0072,0.0764,Hilton Head Island,"Hilton Head Island-Bluffton, SC",Beaufort County
70774,29928,SC,202608,2862.5,-0.001,0.0634,Hilton Head Island,"Hilton Head Island-Bluffton, SC",Beaufort County
70780,29935,SC,202408,1319.94,,,Port Royal,"Hilton Head Island-Bluffton, SC",Beaufort County
70780,29935,SC,202409,1343.52,0.0179,,Port Royal,"Hilton Head Island-Bluffton, SC",Beaufort County
70780,29935,SC,202410,1430.47,0.0647,,Port Royal,"Hilton Head Island-Bluffton, SC",Beaufort County
70780,29935,SC,202411,1458.35,0.0195,,Port Royal,"Hilton Head Island-Bluffton, SC",Beaufort County
70780,29935,SC,202412,1450.23,-0.0056,,Port Royal,"Hilton Head Island-Bluffton, SC",Beaufort County
70780,29935,SC,202501,1428.01,-0.0153,,Port Royal,"Hilton Head Island-Bluffton, SC",Beaufort County
70780,29935,SC,202502,1403.77,-0.017,,Port Royal,"Hilton Head Island-Bluffton, SC",Beaufort County
70780,29935,SC,202503,1388.0,-0.0112,,Port Royal,"Hilton Head Island-Bluffton, SC",Beaufort County
70780,29935,SC,202504,1355.94,-0.0231,,Port Royal,"Hilton Head Island-Bluffton, SC",Beaufort County
70780,29935,SC,202505,1338.11,-0.0131,,Port Royal,"Hilton Head Island-Bluffton, SC",Beaufort County
70780,29935,SC,202506,1357.31,0.0143,,Port Royal,"Hilton Head Island-Bluffton, SC",Beaufort County
70780,29935,SC,202507,1378.28,0.0154,,Port Royal,"Hilton Head Island-Bluffton, SC",Beaufort County
70780,29935,SC,202508,1416.91,0.028,0.0735,Port Royal,"Hilton Head Island-Bluffton, SC",Beaufort County
70780,29935,SC,202509,1417.86,0.0007,0.0553,Port Royal,"Hilton Head Island-Bluffton, SC",Beaufort County
70780,29935,SC,202510,1428.79,0.0077,-0.0012,Port Royal,"Hilton Head Island-Bluffton, SC",Beaufort County
70780,29935,SC,202511,1449.84,0.0147,-0.0058,Port Royal,"Hilton Head Island-Bluffton, SC",Beaufort County
70780,29935,SC,202512,1473.28,0.0162,0.0159,Port Royal,"Hilton Head Island-Bluffton, SC",Beaufort County
70780,29935,SC,202601,1461.23,-0.0082,0.0233,Port Royal,"Hilton Head Island-Bluffton, SC",Beaufort County
70780,29935,SC,202602,1437.2,-0.0164,0.0238,Port Royal,"Hilton Head Island-Bluffton, SC",Beaufort County
70780,29935,SC,202603,1428.57,-0.006,0.0292,Port Royal,"Hilton Head Island-Bluffton, SC",Beaufort County
70780,29935,SC,202604,1439.86,0.0079,0.0619,Port Royal,"Hilton Head Island-Bluffton, SC",Beaufort County
70780,29935,SC,202605,1437.66,-0.0015,0.0744,Port Royal,"Hilton Head Island-Bluffton, SC",Beaufort County
70780,29935,SC,202606,1457.88,0.0141,0.0741,Port Royal,"Hilton Head Island-Bluffton, SC",Beaufort County
70780,29935,SC,202607,1456.99,-0.0006,0.0571,Port Royal,"Hilton Head Island-Bluffton, SC",Beaufort County
70780,29935,SC,202608,1493.59,0.0251,0.0541,Port Royal,"Hilton Head Island-Bluffton, SC",Beaufort County
70781,29936,SC,202510,1708.45,,,Ridgeland,"Hilton Head Island-Bluffton, SC",Jasper County
70781,29936,SC,202512,1678.07,-0.0178,,Ridgeland,"Hilton Head Island-Bluffton, SC",Jasper County
70781,29936,SC,202602,1779.97,0.0607,,Ridgeland,"Hilton Head Island-Bluffton, SC",Jasper County
70781,29936,SC,202603,1781.62,0.0009,,Ridgeland,"Hilton Head Island-Bluffton, SC",Jasper County
70781,29936,SC,202604,1790.96,0.0052,,Ridgeland,"Hilton Head Island-Bluffton, SC",Jasper County
70781,29936,SC,202607,1751.34,-0.0221,,Ridgeland,"Hilton Head Island-Bluffton, SC",Jasper County
70781,29936,SC,202608,1717.94,-0.0191,,Ridgeland,"Hilton Head Island-Bluffton, SC",Jasper County
399565,29707,SC,202011,1428.53,,,Fort Mill,"Charlotte-Concord-Gastonia, NC-SC",Lancaster County
399565,29707,SC,202012,1415.09,-0.0094,,Fort Mill,"Charlotte-Concord-Gastonia, NC-SC",Lancaster County
399565,29707,SC,202101,1411.68,-0.0024,,Fort Mill,"Charlotte-Concord-Gastonia, NC-SC",Lancaster County
399565,29707,SC,202102,1407.47,-0.003,,Fort Mill,"Charlotte-Concord-Gastonia, NC-SC",Lancaster County
399565,29707,SC,202103,1425.01,0.0125,,Fort Mill,"Charlotte-Concord-Gastonia, NC-SC",Lancaster County
399565,29707,SC,202104,1441.55,0.0116,,Fort Mill,"Charlotte-Concord-Gastonia, NC-SC",Lancaster County
399565,29707,SC,202105,1464.47,0.0159,,Fort Mill,"Charlotte-Concord-Gastonia, NC-SC",Lancaster County
399565,29707,SC,202106,1481.81,0.0118,,Fort Mill,"Charlotte-Concord-Gastonia, NC-SC",Lancaster County
399565,29707,SC,202107,1506.03,0.0163,,Fort Mill,"Charlotte-Concord-Gastonia, NC-SC",Lancaster County
399565,29707,SC,202108,1552.38,0.0308,,Fort Mill,"Charlotte-Concord-Gastonia, NC-SC",Lancaster County
399565,29707,SC,202109,1605.44,0.0342,,Fort Mill,"Charlotte-Concord-Gastonia, NC-SC",Lancaster County
399565,29707,SC,202110,1644.81,0.0245,,Fort Mill,"Charlotte-Concord-Gastonia, NC-SC",Lancaster County
399565,29707,SC,202111,1618.26,-0.0161,0.1328,Fort Mill,"Charlotte-Concord-Gastonia, NC-SC",Lancaster County
399565,29707,SC,202112,1610.66,-0.0047,0.1382,Fort Mill,"Charlotte-Concord-Gastonia, NC-SC",Lancaster County
399565,29707,SC,202201,1601.69,-0.0056,0.1346,Fort Mill,"Charlotte-Concord-Gastonia, NC-SC",Lancaster County
399565,29707,SC,202202,1638.32,0.0229,0.164,Fort Mill,"Charlotte-Concord-Gastonia, NC-SC",Lancaster County
399565,29707,SC,202203,1649.62,0.0069,0.1576,Fort Mill,"Charlotte-Concord-Gastonia, NC-SC",Lancaster County
399565,29707,SC,202204,1709.77,0.0365,0.1861,Fort Mill,"Charlotte-Concord-Gastonia, NC-SC",Lancaster County
399565,29707,SC,202205,1747.5,0.0221,0.1933,Fort Mill,"Charlotte-Concord-Gastonia, NC-SC",Lancaster County
399565,29707,SC,202206,1782.66,0.0201,0.203,Fort Mill,"Charlotte-Concord-Gastonia, NC-SC",Lancaster County
399565,29707,SC,202207,1758.17,-0.0137,0.1674,Fort Mill,"Charlotte-Concord-Gastonia, NC-SC",Lancaster County
399565,29707,SC,202208,1718.66,-0.0225,0.1071,Fort Mill,"Charlotte-Concord-Gastonia, NC-SC",Lancaster County
399565,29707,SC,202210,1712.63,-0.0035,0.0668,Fort Mill,"Charlotte-Concord-Gastonia, NC-SC",Lancaster County
399565,29707,SC,202211,1739.86,0.0159,0.0578,Fort Mill,"Charlotte-Concord-Gastonia, NC-SC",Lancaster County
399565,29707,SC,202212,1734.55,-0.0031,0.0719,Fort Mill,"Charlotte-Concord-Gastonia, NC-SC",Lancaster County
399565,29707,SC,202302,1733.25,-0.0007,0.0761,Fort Mill,"Charlotte-Concord-Gastonia, NC-SC",Lancaster County
399565,29707,SC,202304,1741.36,0.0047,0.0872,Fort Mill,"Charlotte-Concord-Gastonia, NC-SC",Lancaster County
399565,29707,SC,202305,1748.26,0.004,0.0671,Fort Mill,"Charlotte-Concord-Gastonia, NC-SC",Lancaster County
399565,29707,SC,202306,1742.1,-0.0035,0.0561,Fort Mill,"Charlotte-Concord-Gastonia, NC-SC",Lancaster County
399565,29707,SC,202307,1727.83,-0.0082,0.0106,Fort Mill,"Charlotte-Concord-Gastonia, NC-SC",Lancaster County
399565,29707,SC,202308,1692.43,-0.0205,-0.0315,Fort Mill,"Charlotte-Concord-Gastonia, NC-SC",Lancaster County
399565,29707,SC,202309,1666.9,-0.0151,-0.0649,Fort Mill,"Charlotte-Concord-Gastonia, NC-SC",Lancaster County
399565,29707,SC,202310,1671.32,0.0026,-0.0494,Fort Mill,"Charlotte-Concord-Gastonia, NC-SC",Lancaster County
399565,29707,SC,202311,1682.39,0.0066,-0.0211,Fort Mill,"Charlotte-Concord-Gastonia, NC-SC",Lancaster County
399565,29707,SC,202312,1682.31,-0.0001,-0.0177,Fort Mill,"Charlotte-Concord-Gastonia, NC-SC",Lancaster County
399565,29707,SC,202401,1681.55,-0.0004,-0.0335,Fort Mill,"Charlotte-Concord-Gastonia, NC-SC",Lancaster County
399565,29707,SC,202402,1695.5,0.0083,-0.0225,Fort Mill,"Charlotte-Concord-Gastonia, NC-SC",Lancaster County
399565,29707,SC,202403,1727.68,0.019,-0.0032,Fort Mill,"Charlotte-Concord-Gastonia, NC-SC",Lancaster County
399565,29707,SC,202404,1747.03,0.0112,0.0033,Fort Mill,"Charlotte-Concord-Gastonia, NC-SC",Lancaster County
399565,29707,SC,202405,1735.39,-0.0067,-0.0074,Fort Mill,"Charlotte-Concord-Gastonia, NC-SC",Lancaster County
399565,29707,SC,202406,1729.89,-0.0032,-0.007,Fort Mill,"Charlotte-Concord-Gastonia, NC-SC",Lancaster County
399565,29707,SC,202407,1708.18,-0.0125,-0.0114,Fort Mill,"Charlotte-Concord-Gastonia, NC-SC",Lancaster County
399565,29707,SC,202408,1706.7,-0.0009,0.0084,Fort Mill,"Charlotte-Concord-Gastonia, NC-SC",Lancaster County
399565,29707,SC,202409,1707.94,0.0007,0.0246,Fort Mill,"Charlotte-Concord-Gastonia, NC-SC",Lancaster County
399565,29707,SC,202410,1716.47,0.005,0.027,Fort Mill,"Charlotte-Concord-Gastonia, NC-SC",Lancaster County
399565,29707,SC,202411,1719.46,0.0017,0.022,Fort Mill,"Charlotte-Concord-Gastonia, NC-SC",Lancaster County
399565,29707,SC,202412,1726.66,0.0042,0.0264,Fort Mill,"Charlotte-Concord-Gastonia, NC-SC",Lancaster County
399565,29707,SC,202501,1733.8,0.0041,0.0311,Fort Mill,"Charlotte-Concord-Gastonia, NC-SC",Lancaster County
399565,29707,SC,202502,1732.5,-0.0007,0.0218,Fort Mill,"Charlotte-Concord-Gastonia, NC-SC",Lancaster County
399565,29707,SC,202503,1736.5,0.0023,0.0051,Fort Mill,"Charlotte-Concord-Gastonia, NC-SC",Lancaster County
399565,29707,SC,202504,1741.93,0.0031,-0.0029,Fort Mill,"Charlotte-Concord-Gastonia, NC-SC",Lancaster County
399565,29707,SC,202505,1750.72,0.005,0.0088,Fort Mill,"Charlotte-Concord-Gastonia, NC-SC",Lancaster County
399565,29707,SC,202506,1737.64,-0.0075,0.0045,Fort Mill,"Charlotte-Concord-Gastonia, NC-SC",Lancaster County
399565,29707,SC,202507,1719.76,-0.0103,0.0068,Fort Mill,"Charlotte-Concord-Gastonia, NC-SC",Lancaster County
399565,29707,SC,202508,1709.36,-0.006,0.0016,Fort Mill,"Charlotte-Concord-Gastonia, NC-SC",Lancaster County
399565,29707,SC,202509,1705.4,-0.0023,-0.0015,Fort Mill,"Charlotte-Concord-Gastonia, NC-SC",Lancaster County
399565,29707,SC,202510,1712.55,0.0042,-0.0023,Fort Mill,"Charlotte-Concord-Gastonia, NC-SC",Lancaster County
399565,29707,SC,202511,1724.41,0.0069,0.0029,Fort Mill,"Charlotte-Concord-Gastonia, NC-SC",Lancaster County
399565,29707,SC,202512,1756.14,0.0184,0.0171,Fort Mill,"Charlotte-Concord-Gastonia, NC-SC",Lancaster County
399565,29707,SC,202601,1763.95,0.0044,0.0174,Fort Mill,"Charlotte-Concord-Gastonia, NC-SC",Lancaster County
399565,29707,SC,202602,1772.73,0.005,0.0232,Fort Mill,"Charlotte-Concord-Gastonia, NC-SC",Lancaster County
399565,29707,SC,202603,1775.75,0.0017,0.0226,Fort Mill,"Charlotte-Concord-Gastonia, NC-SC",Lancaster County
399565,29707,SC,202604,1784.87,0.0051,0.0247,Fort Mill,"Charlotte-Concord-Gastonia, NC-SC",Lancaster County
399565,29707,SC,202605,1777.63,-0.0041,0.0154,Fort Mill,"Charlotte-Concord-Gastonia, NC-SC",Lancaster County
399565,29707,SC,202606,1748.83,-0.0162,0.0064,Fort Mill,"Charlotte-Concord-Gastonia, NC-SC",Lancaster County
399565,29707,SC,202607,1734.8,-0.008,0.0087,Fort Mill,"Charlotte-Concord-Gastonia, NC-SC",Lancaster County
399565,29707,SC,202608,1749.67,0.0086,0.0236,Fort Mill,"Charlotte-Concord-Gastonia, NC-SC",Lancaster County
753844,29486,SC,202011,1478.23,,,Summerville,"Charleston-North Charleston, SC",Berkeley County
753844,29486,SC,202012,1494.16,0.0108,,Summerville,"Charleston-North Charleston, SC",Berkeley County
753844,29486,SC,202101,1506.03,0.0079,,Summerville,"Charleston-North Charleston, SC",Berkeley County
753844,29486,SC,202102,1517.52,0.0076,,Summerville,"Charleston-North Charleston, SC",Berkeley County
753844,29486,SC,202103,1530.48,0.0085,,Summerville,"Charleston-North Charleston, SC",Berkeley County
753844,29486,SC,202104,1534.94,0.0029,,Summerville,"Charleston-North Charleston, SC",Berkeley County
753844,29486,SC,202105,1535.74,0.0005,,Summerville,"Charleston-North Charleston, SC",Berkeley County
753844,29486,SC,202106,1551.77,0.0104,,Summerville,"Charleston-North Charleston, SC",Berkeley County
753844,29486,SC,202107,1590.43,0.0249,,Summerville,"Charleston-North Charleston, SC",Berkeley County
753844,29486,SC,202108,1644.63,0.0341,,Summerville,"Charleston-North Charleston, SC",Berkeley County
753844,29486,SC,202109,1682.41,0.023,,Summerville,"Charleston-North Charleston, SC",Berkeley County
753844,29486,SC,202110,1677.39,-0.003,,Summerville,"Charleston-North Charleston, SC",Berkeley County
753844,29486,SC,202111,1680.06,0.0016,0.1365,Summerville,"Charleston-North Charleston, SC",Berkeley County
753844,29486,SC,202112,1676.69,-0.002,0.1222,Summerville,"Charleston-North Charleston, SC",Berkeley County
753844,29486,SC,202201,1710.79,0.0203,0.136,Summerville,"Charleston-North Charleston, SC",Berkeley County
753844,29486,SC,202202,1724.62,0.0081,0.1365,Summerville,"Charleston-North Charleston, SC",Berkeley County
753844,29486,SC,202203,1741.94,0.01,0.1382,Summerville,"Charleston-North Charleston, SC",Berkeley County
753844,29486,SC,202204,1734.56,-0.0042,0.1301,Summerville,"Charleston-North Charleston, SC",Berkeley County
753844,29486,SC,202205,1752.67,0.0104,0.1413,Summerville,"Charleston-North Charleston, SC",Berkeley County
753844,29486,SC,202206,1770.02,0.0099,0.1407,Summerville,"Charleston-North Charleston, SC",Berkeley County
753844,29486,SC,202207,1803.36,0.0188,0.1339,Summerville,"Charleston-North Charleston, SC",Berkeley County
753844,29486,SC,202208,1810.61,0.004,0.1009,Summerville,"Charleston-North Charleston, SC",Berkeley County
753844,29486,SC,202209,1818.71,0.0045,0.081,Summerville,"Charleston-North Charleston, SC",Berkeley County
753844,29486,SC,202210,1815.0,-0.002,0.082,Summerville,"Charleston-North Charleston, SC",Berkeley County
753844,29486,SC,202211,1819.42,0.0024,0.0829,Summerville,"Charleston-North Charleston, SC",Berkeley County
753844,29486,SC,202212,1802.7,-0.0092,0.0752,Summerville,"Charleston-North Charleston, SC",Berkeley County
753844,29486,SC,202301,1817.75,0.0083,0.0625,Summerville,"Charleston-North Charleston, SC",Berkeley County
753844,29486,SC,202302,1833.92,0.0089,0.0634,Summerville,"Charleston-North Charleston, SC",Berkeley County
753844,29486,SC,202303,1877.95,0.024,0.0781,Summerville,"Charleston-North Charleston, SC",Berkeley County
753844,29486,SC,202304,1880.33,0.0013,0.084,Summerville,"Charleston-North Charleston, SC",Berkeley County
753844,29486,SC,202305,1885.97,0.003,0.0761,Summerville,"Charleston-North Charleston, SC",Berkeley County
753844,29486,SC,202306,1886.88,0.0005,0.066,Summerville,"Charleston-North Charleston, SC",Berkeley County
753844,29486,SC,202307,1895.3,0.0045,0.051,Summerville,"Charleston-North Charleston, SC",Berkeley County
753844,29486,SC,202308,1901.82,0.0034,0.0504,Summerville,"Charleston-North Charleston, SC",Berkeley County
753844,29486,SC,202309,1890.33,-0.006,0.0394,Summerville,"Charleston-North Charleston, SC",Berkeley County
753844,29486,SC,202310,1874.23,-0.0085,0.0326,Summerville,"Charleston-North Charleston, SC",Berkeley County
753844,29486,SC,202311,1857.79,-0.0088,0.0211,Summerville,"Charleston-North Charleston, SC",Berkeley County
753844,29486,SC,202312,1857.9,0.0001,0.0306,Summerville,"Charleston-North Charleston, SC",Berkeley County
753844,29486,SC,202401,1873.76,0.0085,0.0308,Summerville,"Charleston-North Charleston, SC",Berkeley County
753844,29486,SC,202402,1895.66,0.0117,0.0337,Summerville,"Charleston-North Charleston, SC",Berkeley County
753844,29486,SC,202403,1900.1,0.0023,0.0118,Summerville,"Charleston-North Charleston, SC",Berkeley County
753844,29486,SC,202404,1898.51,-0.0008,0.0097,Summerville,"Charleston-North Charleston, SC",Berkeley County
753844,29486,SC,202405,1896.89,-0.0009,0.0058,Summerville,"Charleston-North Charleston, SC",Berkeley County
753844,29486,SC,202406,1901.95,0.0027,0.008,Summerville,"Charleston-North Charleston, SC",Berkeley County
753844,29486,SC,202407,1909.56,0.004,0.0075,Summerville,"Charleston-North Charleston, SC",Berkeley County
753844,29486,SC,202408,1906.71,-0.0015,0.0026,Summerville,"Charleston-North Charleston, SC",Berkeley County
753844,29486,SC,202409,1910.12,0.0018,0.0105,Summerville,"Charleston-North Charleston, SC",Berkeley County
753844,29486,SC,202410,1918.99,0.0046,0.0239,Summerville,"Charleston-North Charleston, SC",Berkeley County
753844,29486,SC,202411,1918.55,-0.0002,0.0327,Summerville,"Charleston-North Charleston, SC",Berkeley County
753844,29486,SC,202412,1910.89,-0.004,0.0285,Summerville,"Charleston-North Charleston, SC",Berkeley County
753844,29486,SC,202501,1901.65,-0.0048,0.0149,Summerville,"Charleston-North Charleston, SC",Berkeley County
753844,29486,SC,202502,1895.28,-0.0034,-0.0002,Summerville,"Charleston-North Charleston, SC",Berkeley County
753844,29486,SC,202503,1899.84,0.0024,-0.0001,Summerville,"Charleston-North Charleston, SC",Berkeley County
753844,29486,SC,202504,1911.23,0.006,0.0067,Summerville,"Charleston-North Charleston, SC",Berkeley County
753844,29486,SC,202505,1925.62,0.0075,0.0151,Summerville,"Charleston-North Charleston, SC",Berkeley County
753844,29486,SC,202506,1936.01,0.0054,0.0179,Summerville,"Charleston-North Charleston, SC",Berkeley County
753844,29486,SC,202507,1925.03,-0.0057,0.0081,Summerville,"Charleston-North Charleston, SC",Berkeley County
753844,29486,SC,202508,1913.01,-0.0062,0.0033,Summerville,"Charleston-North Charleston, SC",Berkeley County
753844,29486,SC,202509,1908.34,-0.0024,-0.0009,Summerville,"Charleston-North Charleston, SC",Berkeley County
753844,29486,SC,202510,1906.51,-0.001,-0.0065,Summerville,"Charleston-North Charleston, SC",Berkeley County
753844,29486,SC,202511,1902.37,-0.0022,-0.0084,Summerville,"Charleston-North Charleston, SC",Berkeley County
753844,29486,SC,202512,1879.96,-0.0118,-0.0162,Summerville,"Charleston-North Charleston, SC",Berkeley County
753844,29486,SC,202601,1887.5,0.004,-0.0074,Summerville,"Charleston-North Charleston, SC",Berkeley County
753844,29486,SC,202602,1910.92,0.0124,0.0083,Summerville,"Charleston-North Charleston, SC",Berkeley County
753844,29486,SC,202603,1946.06,0.0184,0.0243,Summerville,"Charleston-North Charleston, SC",Berkeley County
753844,29486,SC,202604,1961.72,0.008,0.0264,Summerville,"Charleston-North Charleston, SC",Berkeley County
753844,29486,SC,202605,1970.63,0.0045,0.0234,Summerville,"Charleston-North Charleston, SC",Berkeley County
753844,29486,SC,202606,1975.78,0.0026,0.0205,Summerville,"Charleston-North Charleston, SC",Berkeley County
753844,29486,SC,202607,1980.32,0.0023,0.0287,Summerville,"Charleston-North Charleston, SC",Berkeley County
753844,29486,SC,202608,1976.71,-0.0018,0.0333,Summerville,"Charleston-North Charleston, SC",Berkeley County
