RegionID,RegionName,State,month_date_yyyymm,zori,zori_mm,zori_yy,City,Metro,CountyName
94375,84003,UT,202205,1647.96,,,American Fork,"Provo-Orem, UT",Utah County
94375,84003,UT,202206,1699.87,0.0315,,American Fork,"Provo-Orem, UT",Utah County
94375,84003,UT,202207,1716.39,0.0097,,American Fork,"Provo-Orem, UT",Utah County
94375,84003,UT,202208,1737.94,0.0126,,American Fork,"Provo-Orem, UT",Utah County
94375,84003,UT,202209,1707.67,-0.0174,,American Fork,"Provo-Orem, UT",Utah County
94375,84003,UT,202210,1710.76,0.0018,,American Fork,"Provo-Orem, UT",Utah County
94375,84003,UT,202211,1668.74,-0.0246,,American Fork,"Provo-Orem, UT",Utah County
94375,84003,UT,202301,1635.9,-0.0197,,American Fork,"Provo-Orem, UT",Utah County
94375,84003,UT,202302,1657.85,0.0134,,American Fork,"Provo-Orem, UT",Utah County
94375,84003,UT,202303,1684.14,0.0159,,American Fork,"Provo-Orem, UT",Utah County
94375,84003,UT,202304,1685.51,0.0008,,American Fork,"Provo-Orem, UT",Utah County
94375,84003,UT,202305,1709.74,0.0144,,American Fork,"Provo-Orem, UT",Utah County
94375,84003,UT,202306,1727.49,0.0104,0.0483,American Fork,"Provo-Orem, UT",Utah County
94375,84003,UT,202307,1753.69,0.0152,0.0317,American Fork,"Provo-Orem, UT",Utah County
94375,84003,UT,202308,1746.29,-0.0042,0.0174,American Fork,"Provo-Orem, UT",Utah County
94375,84003,UT,202309,1724.91,-0.0122,-0.0075,American Fork,"Provo-Orem, UT",Utah County
94375,84003,UT,202310,1721.93,-0.0017,0.0084,American Fork,"Provo-Orem, UT",Utah County
94375,84003,UT,202311,1709.55,-0.0072,-0.0007,American Fork,"Provo-Orem, UT",Utah County
94375,84003,UT,202312,1689.69,-0.0116,0.0126,American Fork,"Provo-Orem, UT",Utah County
94375,84003,UT,202401,1664.68,-0.0148,0.0176,American Fork,"Provo-Orem, UT",Utah County
94375,84003,UT,202402,1688.69,0.0144,0.0186,American Fork,"Provo-Orem, UT",Utah County
94375,84003,UT,202403,1721.06,0.0192,0.0219,American Fork,"Provo-Orem, UT",Utah County
94375,84003,UT,202404,1738.99,0.0104,0.0317,American Fork,"Provo-Orem, UT",Utah County
94375,84003,UT,202405,1729.25,-0.0056,0.0114,American Fork,"Provo-Orem, UT",Utah County
94375,84003,UT,202406,1728.87,-0.0002,0.0008,American Fork,"Provo-Orem, UT",Utah County
94375,84003,UT,202407,1740.46,0.0067,-0.0075,American Fork,"Provo-Orem, UT",Utah County
94375,84003,UT,202408,1733.74,-0.0039,-0.0072,American Fork,"Provo-Orem, UT",Utah County
94375,84003,UT,202409,1723.98,-0.0056,-0.0005,American Fork,"Provo-Orem, UT",Utah County
94375,84003,UT,202410,1722.86,-0.0006,0.0005,American Fork,"Provo-Orem, UT",Utah County
94375,84003,UT,202411,1711.44,-0.0066,0.0011,American Fork,"Provo-Orem, UT",Utah County
94375,84003,UT,202412,1697.17,-0.0083,0.0044,American Fork,"Provo-Orem, UT",Utah County
94375,84003,UT,202501,1672.73,-0.0144,0.0048,American Fork,"Provo-Orem, UT",Utah County
94375,84003,UT,202502,1686.08,0.008,-0.0015,American Fork,"Provo-Orem, UT",Utah County
94375,84003,UT,202503,1696.59,0.0062,-0.0142,American Fork,"Provo-Orem, UT",Utah County
94375,84003,UT,202504,1716.63,0.0118,-0.0129,American Fork,"Provo-Orem, UT",Utah County
94375,84003,UT,202505,1725.25,0.005,-0.0023,American Fork,"Provo-Orem, UT",Utah County
94375,84003,UT,202506,1738.31,0.0076,0.0055,American Fork,"Provo-Orem, UT",Utah County
94375,84003,UT,202507,1754.56,0.0094,0.0081,American Fork,"Provo-Orem, UT",Utah County
94375,84003,UT,202508,1760.9,0.0036,0.0157,American Fork,"Provo-Orem, UT",Utah County
94375,84003,UT,202509,1765.18,0.0024,0.0239,American Fork,"Provo-Orem, UT",Utah County
94375,84003,UT,202510,1756.91,-0.0047,0.0198,American Fork,"Provo-Orem, UT",Utah County
94375,84003,UT,202511,1767.39,0.006,0.0327,American Fork,"Provo-Orem, UT",Utah County
94375,84003,UT,202512,1751.33,-0.0091,0.0319,American Fork,"Provo-Orem, UT",Utah County
94375,84003,UT,202601,1764.4,0.0075,0.0548,American Fork,"Provo-Orem, UT",Utah County
94375,84003,UT,202602,1751.12,-0.0075,0.0386,American Fork,"Provo-Orem, UT",Utah County
94375,84003,UT,202603,1771.1,0.0114,0.0439,American Fork,"Provo-Orem, UT",Utah County
94375,84003,UT,202604,1755.13,-0.009,0.0224,American Fork,"Provo-Orem, UT",Utah County
94375,84003,UT,202605,1762.96,0.0045,0.0219,American Fork,"Provo-Orem, UT",Utah County
94375,84003,UT,202606,1774.88,0.0068,0.021,American Fork,"Provo-Orem, UT",Utah County
94375,84003,UT,202607,1774.67,-0.0001,0.0115,American Fork,"Provo-Orem, UT",Utah County
94375,84003,UT,202608,1768.54,-0.0035,0.0043,American Fork,"Provo-Orem, UT",Utah County
94380,84010,UT,202401,1493.65,,,Bountiful,"Ogden-Clearfield, UT",Davis County
94380,84010,UT,202402,1471.28,-0.015,,Bountiful,"Ogden-Clearfield, UT",Davis County
94380,84010,UT,202403,1483.13,0.0081,,Bountiful,"Ogden-Clearfield, UT",Davis County
94380,84010,UT,202404,1492.5,0.0063,,Bountiful,"Ogden-Clearfield, UT",Davis County
94380,84010,UT,202405,1527.97,0.0238,,Bountiful,"Ogden-Clearfield, UT",Davis County
94380,84010,UT,202406,1526.68,-0.0008,,Bountiful,"Ogden-Clearfield, UT",Davis County
94380,84010,UT,202407,1539.76,0.0086,,Bountiful,"Ogden-Clearfield, UT",Davis County
94380,84010,UT,202408,1523.37,-0.0106,,Bountiful,"Ogden-Clearfield, UT",Davis County
94380,84010,UT,202409,1531.88,0.0056,,Bountiful,"Ogden-Clearfield, UT",Davis County
94380,84010,UT,202410,1523.96,-0.0052,,Bountiful,"Ogden-Clearfield, UT",Davis County
94380,84010,UT,202411,1519.21,-0.0031,,Bountiful,"Ogden-Clearfield, UT",Davis County
94380,84010,UT,202412,1481.48,-0.0248,,Bountiful,"Ogden-Clearfield, UT",Davis County
94380,84010,UT,202501,1520.27,0.0262,0.0178,Bountiful,"Ogden-Clearfield, UT",Davis County
94380,84010,UT,202502,1548.35,0.0185,0.0524,Bountiful,"Ogden-Clearfield, UT",Davis County
94380,84010,UT,202503,1581.08,0.0211,0.066,Bountiful,"Ogden-Clearfield, UT",Davis County
94380,84010,UT,202504,1552.43,-0.0181,0.0402,Bountiful,"Ogden-Clearfield, UT",Davis County
94380,84010,UT,202505,1546.68,-0.0037,0.0122,Bountiful,"Ogden-Clearfield, UT",Davis County
94380,84010,UT,202506,1561.38,0.0095,0.0227,Bountiful,"Ogden-Clearfield, UT",Davis County
94380,84010,UT,202507,1570.27,0.0057,0.0198,Bountiful,"Ogden-Clearfield, UT",Davis County
94380,84010,UT,202508,1561.75,-0.0054,0.0252,Bountiful,"Ogden-Clearfield, UT",Davis County
94380,84010,UT,202509,1531.18,-0.0196,-0.0005,Bountiful,"Ogden-Clearfield, UT",Davis County
94380,84010,UT,202510,1539.06,0.0051,0.0099,Bountiful,"Ogden-Clearfield, UT",Davis County
94380,84010,UT,202511,1533.54,-0.0036,0.0094,Bountiful,"Ogden-Clearfield, UT",Davis County
94380,84010,UT,202512,1547.79,0.0093,0.0448,Bountiful,"Ogden-Clearfield, UT",Davis County
94380,84010,UT,202601,1533.4,-0.0093,0.0086,Bountiful,"Ogden-Clearfield, UT",Davis County
94380,84010,UT,202602,1546.81,0.0087,-0.001,Bountiful,"Ogden-Clearfield, UT",Davis County
94380,84010,UT,202603,1564.96,0.0117,-0.0102,Bountiful,"Ogden-Clearfield, UT",Davis County
94380,84010,UT,202604,1583.26,0.0117,0.0199,Bountiful,"Ogden-Clearfield, UT",Davis County
94380,84010,UT,202605,1583.76,0.0003,0.024,Bountiful,"Ogden-Clearfield, UT",Davis County
94380,84010,UT,202606,1604.45,0.0131,0.0276,Bountiful,"Ogden-Clearfield, UT",Davis County
94380,84010,UT,202607,1612.09,0.0048,0.0266,Bountiful,"Ogden-Clearfield, UT",Davis County
94380,84010,UT,202608,1611.91,-0.0001,0.0321,Bountiful,"Ogden-Clearfield, UT",Davis County
94383,84014,UT,202603,2106.33,,,Centerville,"Ogden-Clearfield, UT",Davis County
94383,84014,UT,202604,2162.31,0.0266,,Centerville,"Ogden-Clearfield, UT",Davis County
94383,84014,UT,202605,2215.6,0.0246,,Centerville,"Ogden-Clearfield, UT",Davis County
94383,84014,UT,202606,2174.02,-0.0188,,Centerville,"Ogden-Clearfield, UT",Davis County
94383,84014,UT,202607,2145.21,-0.0133,,Centerville,"Ogden-Clearfield, UT",Davis County
94383,84014,UT,202608,2174.17,0.0135,,Centerville,"Ogden-Clearfield, UT",Davis County
94384,84015,UT,201711,1034.22,,,Clearfield,"Ogden-Clearfield, UT",Davis County
94384,84015,UT,201712,1038.95,0.0046,,Clearfield,"Ogden-Clearfield, UT",Davis County
94384,84015,UT,201801,1058.4,0.0187,,Clearfield,"Ogden-Clearfield, UT",Davis County
94384,84015,UT,201802,1080.93,0.0213,,Clearfield,"Ogden-Clearfield, UT",Davis County
94384,84015,UT,201803,1083.87,0.0027,,Clearfield,"Ogden-Clearfield, UT",Davis County
94384,84015,UT,201804,1102.69,0.0174,,Clearfield,"Ogden-Clearfield, UT",Davis County
94384,84015,UT,201805,1101.93,-0.0007,,Clearfield,"Ogden-Clearfield, UT",Davis County
94384,84015,UT,201806,1119.61,0.016,,Clearfield,"Ogden-Clearfield, UT",Davis County
94384,84015,UT,201807,1112.13,-0.0067,,Clearfield,"Ogden-Clearfield, UT",Davis County
94384,84015,UT,201808,1115.42,0.003,,Clearfield,"Ogden-Clearfield, UT",Davis County
94384,84015,UT,201809,1129.66,0.0128,,Clearfield,"Ogden-Clearfield, UT",Davis County
94384,84015,UT,201810,1143.82,0.0125,,Clearfield,"Ogden-Clearfield, UT",Davis County
94384,84015,UT,201811,1145.62,0.0016,0.1077,Clearfield,"Ogden-Clearfield, UT",Davis County
94384,84015,UT,201812,1123.19,-0.0196,0.0811,Clearfield,"Ogden-Clearfield, UT",Davis County
94384,84015,UT,201901,1121.89,-0.0012,0.06,Clearfield,"Ogden-Clearfield, UT",Davis County
94384,84015,UT,201902,1130.28,0.0075,0.0457,Clearfield,"Ogden-Clearfield, UT",Davis County
94384,84015,UT,201903,1154.65,0.0216,0.0653,Clearfield,"Ogden-Clearfield, UT",Davis County
94384,84015,UT,201904,1171.69,0.0147,0.0626,Clearfield,"Ogden-Clearfield, UT",Davis County
94384,84015,UT,201905,1182.89,0.0096,0.0735,Clearfield,"Ogden-Clearfield, UT",Davis County
94384,84015,UT,201906,1194.3,0.0096,0.0667,Clearfield,"Ogden-Clearfield, UT",Davis County
94384,84015,UT,201907,1195.28,0.0008,0.0748,Clearfield,"Ogden-Clearfield, UT",Davis County
94384,84015,UT,201908,1180.91,-0.012,0.0587,Clearfield,"Ogden-Clearfield, UT",Davis County
94384,84015,UT,201909,1164.01,-0.0143,0.0304,Clearfield,"Ogden-Clearfield, UT",Davis County
94384,84015,UT,201910,1166.69,0.0023,0.02,Clearfield,"Ogden-Clearfield, UT",Davis County
94384,84015,UT,201911,1192.71,0.0223,0.0411,Clearfield,"Ogden-Clearfield, UT",Davis County
94384,84015,UT,201912,1200.85,0.0068,0.0691,Clearfield,"Ogden-Clearfield, UT",Davis County
94384,84015,UT,202001,1206.86,0.005,0.0757,Clearfield,"Ogden-Clearfield, UT",Davis County
94384,84015,UT,202002,1202.93,-0.0033,0.0643,Clearfield,"Ogden-Clearfield, UT",Davis County
94384,84015,UT,202003,1224.94,0.0183,0.0609,Clearfield,"Ogden-Clearfield, UT",Davis County
94384,84015,UT,202004,1247.12,0.0181,0.0644,Clearfield,"Ogden-Clearfield, UT",Davis County
94384,84015,UT,202005,1254.06,0.0056,0.0602,Clearfield,"Ogden-Clearfield, UT",Davis County
94384,84015,UT,202006,1261.07,0.0056,0.0559,Clearfield,"Ogden-Clearfield, UT",Davis County
94384,84015,UT,202007,1250.23,-0.0086,0.046,Clearfield,"Ogden-Clearfield, UT",Davis County
94384,84015,UT,202008,1260.12,0.0079,0.0671,Clearfield,"Ogden-Clearfield, UT",Davis County
94384,84015,UT,202009,1262.32,0.0017,0.0845,Clearfield,"Ogden-Clearfield, UT",Davis County
94384,84015,UT,202010,1276.06,0.0109,0.0937,Clearfield,"Ogden-Clearfield, UT",Davis County
94384,84015,UT,202011,1310.72,0.0272,0.0989,Clearfield,"Ogden-Clearfield, UT",Davis County
94384,84015,UT,202012,1314.82,0.0031,0.0949,Clearfield,"Ogden-Clearfield, UT",Davis County
94384,84015,UT,202101,1331.58,0.0127,0.1033,Clearfield,"Ogden-Clearfield, UT",Davis County
94384,84015,UT,202102,1345.37,0.0104,0.1184,Clearfield,"Ogden-Clearfield, UT",Davis County
94384,84015,UT,202103,1372.37,0.0201,0.1204,Clearfield,"Ogden-Clearfield, UT",Davis County
94384,84015,UT,202104,1387.58,0.0111,0.1126,Clearfield,"Ogden-Clearfield, UT",Davis County
94384,84015,UT,202105,1405.93,0.0132,0.1211,Clearfield,"Ogden-Clearfield, UT",Davis County
94384,84015,UT,202106,1420.75,0.0105,0.1266,Clearfield,"Ogden-Clearfield, UT",Davis County
94384,84015,UT,202107,1442.94,0.0156,0.1541,Clearfield,"Ogden-Clearfield, UT",Davis County
94384,84015,UT,202108,1435.83,-0.0049,0.1394,Clearfield,"Ogden-Clearfield, UT",Davis County
94384,84015,UT,202109,1468.0,0.0224,0.1629,Clearfield,"Ogden-Clearfield, UT",Davis County
94384,84015,UT,202110,1470.03,0.0014,0.152,Clearfield,"Ogden-Clearfield, UT",Davis County
94384,84015,UT,202111,1489.06,0.0129,0.1361,Clearfield,"Ogden-Clearfield, UT",Davis County
94384,84015,UT,202112,1511.2,0.0149,0.1494,Clearfield,"Ogden-Clearfield, UT",Davis County
94384,84015,UT,202201,1534.44,0.0154,0.1523,Clearfield,"Ogden-Clearfield, UT",Davis County
94384,84015,UT,202202,1551.28,0.011,0.1531,Clearfield,"Ogden-Clearfield, UT",Davis County
94384,84015,UT,202203,1549.31,-0.0013,0.1289,Clearfield,"Ogden-Clearfield, UT",Davis County
94384,84015,UT,202204,1555.93,0.0043,0.1213,Clearfield,"Ogden-Clearfield, UT",Davis County
94384,84015,UT,202205,1590.61,0.0223,0.1314,Clearfield,"Ogden-Clearfield, UT",Davis County
94384,84015,UT,202206,1603.83,0.0083,0.1289,Clearfield,"Ogden-Clearfield, UT",Davis County
94384,84015,UT,202207,1635.0,0.0194,0.1331,Clearfield,"Ogden-Clearfield, UT",Davis County
94384,84015,UT,202208,1626.43,-0.0052,0.1327,Clearfield,"Ogden-Clearfield, UT",Davis County
94384,84015,UT,202209,1622.51,-0.0024,0.1053,Clearfield,"Ogden-Clearfield, UT",Davis County
94384,84015,UT,202210,1585.86,-0.0226,0.0788,Clearfield,"Ogden-Clearfield, UT",Davis County
94384,84015,UT,202211,1566.45,-0.0122,0.052,Clearfield,"Ogden-Clearfield, UT",Davis County
94384,84015,UT,202212,1549.1,-0.0111,0.0251,Clearfield,"Ogden-Clearfield, UT",Davis County
94384,84015,UT,202301,1571.14,0.0142,0.0239,Clearfield,"Ogden-Clearfield, UT",Davis County
94384,84015,UT,202302,1600.23,0.0185,0.0316,Clearfield,"Ogden-Clearfield, UT",Davis County
94384,84015,UT,202303,1641.77,0.026,0.0597,Clearfield,"Ogden-Clearfield, UT",Davis County
94384,84015,UT,202304,1657.88,0.0098,0.0655,Clearfield,"Ogden-Clearfield, UT",Davis County
94384,84015,UT,202305,1665.65,0.0047,0.0472,Clearfield,"Ogden-Clearfield, UT",Davis County
94384,84015,UT,202306,1676.03,0.0062,0.045,Clearfield,"Ogden-Clearfield, UT",Davis County
94384,84015,UT,202307,1683.32,0.0043,0.0295,Clearfield,"Ogden-Clearfield, UT",Davis County
94384,84015,UT,202308,1687.27,0.0023,0.0374,Clearfield,"Ogden-Clearfield, UT",Davis County
94384,84015,UT,202309,1662.13,-0.0149,0.0244,Clearfield,"Ogden-Clearfield, UT",Davis County
94384,84015,UT,202310,1645.38,-0.0101,0.0375,Clearfield,"Ogden-Clearfield, UT",Davis County
94384,84015,UT,202311,1617.45,-0.017,0.0326,Clearfield,"Ogden-Clearfield, UT",Davis County
94384,84015,UT,202312,1632.13,0.0091,0.0536,Clearfield,"Ogden-Clearfield, UT",Davis County
94384,84015,UT,202401,1637.74,0.0034,0.0424,Clearfield,"Ogden-Clearfield, UT",Davis County
94384,84015,UT,202402,1645.28,0.0046,0.0282,Clearfield,"Ogden-Clearfield, UT",Davis County
94384,84015,UT,202403,1638.27,-0.0043,-0.0021,Clearfield,"Ogden-Clearfield, UT",Davis County
94384,84015,UT,202404,1643.09,0.0029,-0.0089,Clearfield,"Ogden-Clearfield, UT",Davis County
94384,84015,UT,202405,1655.32,0.0074,-0.0062,Clearfield,"Ogden-Clearfield, UT",Davis County
94384,84015,UT,202406,1666.23,0.0066,-0.0058,Clearfield,"Ogden-Clearfield, UT",Davis County
94384,84015,UT,202407,1676.12,0.0059,-0.0043,Clearfield,"Ogden-Clearfield, UT",Davis County
94384,84015,UT,202408,1689.85,0.0082,0.0015,Clearfield,"Ogden-Clearfield, UT",Davis County
94384,84015,UT,202409,1694.74,0.0029,0.0196,Clearfield,"Ogden-Clearfield, UT",Davis County
94384,84015,UT,202410,1691.92,-0.0017,0.0283,Clearfield,"Ogden-Clearfield, UT",Davis County
94384,84015,UT,202411,1672.12,-0.0117,0.0338,Clearfield,"Ogden-Clearfield, UT",Davis County
94384,84015,UT,202412,1659.36,-0.0076,0.0167,Clearfield,"Ogden-Clearfield, UT",Davis County
94384,84015,UT,202501,1666.4,0.0042,0.0175,Clearfield,"Ogden-Clearfield, UT",Davis County
94384,84015,UT,202502,1683.97,0.0105,0.0235,Clearfield,"Ogden-Clearfield, UT",Davis County
94384,84015,UT,202503,1693.29,0.0055,0.0336,Clearfield,"Ogden-Clearfield, UT",Davis County
94384,84015,UT,202504,1698.85,0.0033,0.0339,Clearfield,"Ogden-Clearfield, UT",Davis County
94384,84015,UT,202505,1704.8,0.0035,0.0299,Clearfield,"Ogden-Clearfield, UT",Davis County
94384,84015,UT,202506,1711.04,0.0037,0.0269,Clearfield,"Ogden-Clearfield, UT",Davis County
94384,84015,UT,202507,1711.41,0.0002,0.0211,Clearfield,"Ogden-Clearfield, UT",Davis County
94384,84015,UT,202508,1714.34,0.0017,0.0145,Clearfield,"Ogden-Clearfield, UT",Davis County
94384,84015,UT,202509,1706.17,-0.0048,0.0067,Clearfield,"Ogden-Clearfield, UT",Davis County
94384,84015,UT,202510,1689.97,-0.0095,-0.0011,Clearfield,"Ogden-Clearfield, UT",Davis County
94384,84015,UT,202511,1681.11,-0.0052,0.0054,Clearfield,"Ogden-Clearfield, UT",Davis County
94384,84015,UT,202512,1677.64,-0.0021,0.011,Clearfield,"Ogden-Clearfield, UT",Davis County
94384,84015,UT,202601,1700.06,0.0134,0.0202,Clearfield,"Ogden-Clearfield, UT",Davis County
94384,84015,UT,202602,1720.03,0.0118,0.0214,Clearfield,"Ogden-Clearfield, UT",Davis County
94384,84015,UT,202603,1730.7,0.0062,0.0221,Clearfield,"Ogden-Clearfield, UT",Davis County
94384,84015,UT,202604,1725.9,-0.0028,0.0159,Clearfield,"Ogden-Clearfield, UT",Davis County
94384,84015,UT,202605,1717.33,-0.005,0.0074,Clearfield,"Ogden-Clearfield, UT",Davis County
94384,84015,UT,202606,1719.67,0.0014,0.005,Clearfield,"Ogden-Clearfield, UT",Davis County
94384,84015,UT,202607,1727.16,0.0044,0.0092,Clearfield,"Ogden-Clearfield, UT",Davis County
94384,84015,UT,202608,1741.23,0.0081,0.0157,Clearfield,"Ogden-Clearfield, UT",Davis County
94388,84020,UT,201901,1180.78,,,Draper,"Salt Lake City, UT",Salt Lake County
94388,84020,UT,201902,1199.65,0.016,,Draper,"Salt Lake City, UT",Salt Lake County
94388,84020,UT,201903,1221.42,0.0181,,Draper,"Salt Lake City, UT",Salt Lake County
94388,84020,UT,201904,1222.75,0.0011,,Draper,"Salt Lake City, UT",Salt Lake County
94388,84020,UT,201905,1220.77,-0.0016,,Draper,"Salt Lake City, UT",Salt Lake County
94388,84020,UT,201906,1211.69,-0.0074,,Draper,"Salt Lake City, UT",Salt Lake County
94388,84020,UT,201907,1224.64,0.0107,,Draper,"Salt Lake City, UT",Salt Lake County
94388,84020,UT,201908,1225.89,0.001,,Draper,"Salt Lake City, UT",Salt Lake County
94388,84020,UT,201909,1229.49,0.0029,,Draper,"Salt Lake City, UT",Salt Lake County
94388,84020,UT,201910,1241.52,0.0098,,Draper,"Salt Lake City, UT",Salt Lake County
94388,84020,UT,201911,1232.17,-0.0075,,Draper,"Salt Lake City, UT",Salt Lake County
94388,84020,UT,201912,1232.81,0.0005,,Draper,"Salt Lake City, UT",Salt Lake County
94388,84020,UT,202001,1226.83,-0.0049,0.039,Draper,"Salt Lake City, UT",Salt Lake County
94388,84020,UT,202002,1237.79,0.0089,0.0318,Draper,"Salt Lake City, UT",Salt Lake County
94388,84020,UT,202003,1243.09,0.0043,0.0177,Draper,"Salt Lake City, UT",Salt Lake County
94388,84020,UT,202004,1257.42,0.0115,0.0284,Draper,"Salt Lake City, UT",Salt Lake County
94388,84020,UT,202005,1273.34,0.0127,0.0431,Draper,"Salt Lake City, UT",Salt Lake County
94388,84020,UT,202006,1311.86,0.0303,0.0827,Draper,"Salt Lake City, UT",Salt Lake County
94388,84020,UT,202007,1289.14,-0.0173,0.0527,Draper,"Salt Lake City, UT",Salt Lake County
94388,84020,UT,202008,1284.86,-0.0033,0.0481,Draper,"Salt Lake City, UT",Salt Lake County
94388,84020,UT,202009,1265.76,-0.0149,0.0295,Draper,"Salt Lake City, UT",Salt Lake County
94388,84020,UT,202010,1293.07,0.0216,0.0415,Draper,"Salt Lake City, UT",Salt Lake County
94388,84020,UT,202011,1302.38,0.0072,0.057,Draper,"Salt Lake City, UT",Salt Lake County
94388,84020,UT,202012,1323.98,0.0166,0.074,Draper,"Salt Lake City, UT",Salt Lake County
94388,84020,UT,202101,1308.98,-0.0113,0.067,Draper,"Salt Lake City, UT",Salt Lake County
94388,84020,UT,202102,1315.69,0.0051,0.0629,Draper,"Salt Lake City, UT",Salt Lake County
94388,84020,UT,202103,1306.58,-0.0069,0.0511,Draper,"Salt Lake City, UT",Salt Lake County
94388,84020,UT,202104,1328.56,0.0168,0.0566,Draper,"Salt Lake City, UT",Salt Lake County
94388,84020,UT,202105,1366.09,0.0282,0.0728,Draper,"Salt Lake City, UT",Salt Lake County
94388,84020,UT,202106,1411.87,0.0335,0.0762,Draper,"Salt Lake City, UT",Salt Lake County
94388,84020,UT,202107,1438.43,0.0188,0.1158,Draper,"Salt Lake City, UT",Salt Lake County
94388,84020,UT,202108,1455.22,0.0117,0.1326,Draper,"Salt Lake City, UT",Salt Lake County
94388,84020,UT,202109,1465.26,0.0069,0.1576,Draper,"Salt Lake City, UT",Salt Lake County
94388,84020,UT,202110,1495.36,0.0205,0.1564,Draper,"Salt Lake City, UT",Salt Lake County
94388,84020,UT,202111,1499.77,0.003,0.1516,Draper,"Salt Lake City, UT",Salt Lake County
94388,84020,UT,202112,1495.34,-0.003,0.1294,Draper,"Salt Lake City, UT",Salt Lake County
94388,84020,UT,202201,1500.8,0.0037,0.1465,Draper,"Salt Lake City, UT",Salt Lake County
94388,84020,UT,202202,1522.24,0.0143,0.157,Draper,"Salt Lake City, UT",Salt Lake County
94388,84020,UT,202203,1549.52,0.0179,0.1859,Draper,"Salt Lake City, UT",Salt Lake County
94388,84020,UT,202204,1566.27,0.0108,0.1789,Draper,"Salt Lake City, UT",Salt Lake County
94388,84020,UT,202205,1590.92,0.0157,0.1646,Draper,"Salt Lake City, UT",Salt Lake County
94388,84020,UT,202206,1624.63,0.0212,0.1507,Draper,"Salt Lake City, UT",Salt Lake County
94388,84020,UT,202207,1646.28,0.0133,0.1445,Draper,"Salt Lake City, UT",Salt Lake County
94388,84020,UT,202208,1658.07,0.0072,0.1394,Draper,"Salt Lake City, UT",Salt Lake County
94388,84020,UT,202209,1636.68,-0.0129,0.117,Draper,"Salt Lake City, UT",Salt Lake County
94388,84020,UT,202210,1620.25,-0.01,0.0835,Draper,"Salt Lake City, UT",Salt Lake County
94388,84020,UT,202211,1597.54,-0.014,0.0652,Draper,"Salt Lake City, UT",Salt Lake County
94388,84020,UT,202212,1589.36,-0.0051,0.0629,Draper,"Salt Lake City, UT",Salt Lake County
94388,84020,UT,202301,1592.01,0.0017,0.0608,Draper,"Salt Lake City, UT",Salt Lake County
94388,84020,UT,202302,1596.11,0.0026,0.0485,Draper,"Salt Lake City, UT",Salt Lake County
94388,84020,UT,202303,1607.06,0.0069,0.0371,Draper,"Salt Lake City, UT",Salt Lake County
94388,84020,UT,202304,1601.62,-0.0034,0.0226,Draper,"Salt Lake City, UT",Salt Lake County
94388,84020,UT,202305,1603.86,0.0014,0.0081,Draper,"Salt Lake City, UT",Salt Lake County
94388,84020,UT,202306,1609.77,0.0037,-0.0091,Draper,"Salt Lake City, UT",Salt Lake County
94388,84020,UT,202307,1625.95,0.0101,-0.0124,Draper,"Salt Lake City, UT",Salt Lake County
94388,84020,UT,202308,1627.72,0.0011,-0.0183,Draper,"Salt Lake City, UT",Salt Lake County
94388,84020,UT,202309,1621.61,-0.0038,-0.0092,Draper,"Salt Lake City, UT",Salt Lake County
94388,84020,UT,202310,1599.84,-0.0134,-0.0126,Draper,"Salt Lake City, UT",Salt Lake County
94388,84020,UT,202311,1608.95,0.0057,0.0071,Draper,"Salt Lake City, UT",Salt Lake County
94388,84020,UT,202312,1619.9,0.0068,0.0192,Draper,"Salt Lake City, UT",Salt Lake County
94388,84020,UT,202401,1638.62,0.0116,0.0293,Draper,"Salt Lake City, UT",Salt Lake County
94388,84020,UT,202402,1639.82,0.0007,0.0274,Draper,"Salt Lake City, UT",Salt Lake County
94388,84020,UT,202403,1625.5,-0.0087,0.0115,Draper,"Salt Lake City, UT",Salt Lake County
94388,84020,UT,202404,1637.22,0.0072,0.0222,Draper,"Salt Lake City, UT",Salt Lake County
94388,84020,UT,202405,1639.38,0.0013,0.0221,Draper,"Salt Lake City, UT",Salt Lake County
94388,84020,UT,202406,1661.36,0.0134,0.032,Draper,"Salt Lake City, UT",Salt Lake County
94388,84020,UT,202407,1664.73,0.002,0.0239,Draper,"Salt Lake City, UT",Salt Lake County
94388,84020,UT,202408,1691.74,0.0162,0.0393,Draper,"Salt Lake City, UT",Salt Lake County
94388,84020,UT,202409,1682.34,-0.0056,0.0374,Draper,"Salt Lake City, UT",Salt Lake County
94388,84020,UT,202410,1664.98,-0.0103,0.0407,Draper,"Salt Lake City, UT",Salt Lake County
94388,84020,UT,202411,1641.13,-0.0143,0.02,Draper,"Salt Lake City, UT",Salt Lake County
94388,84020,UT,202412,1635.66,-0.0033,0.0097,Draper,"Salt Lake City, UT",Salt Lake County
94388,84020,UT,202501,1643.48,0.0048,0.003,Draper,"Salt Lake City, UT",Salt Lake County
94388,84020,UT,202502,1640.7,-0.0017,0.0005,Draper,"Salt Lake City, UT",Salt Lake County
94388,84020,UT,202503,1658.05,0.0106,0.02,Draper,"Salt Lake City, UT",Salt Lake County
94388,84020,UT,202504,1662.22,0.0025,0.0153,Draper,"Salt Lake City, UT",Salt Lake County
94388,84020,UT,202505,1667.05,0.0029,0.0169,Draper,"Salt Lake City, UT",Salt Lake County
94388,84020,UT,202506,1663.73,-0.002,0.0014,Draper,"Salt Lake City, UT",Salt Lake County
94388,84020,UT,202507,1669.72,0.0036,0.003,Draper,"Salt Lake City, UT",Salt Lake County
94388,84020,UT,202508,1671.8,0.0012,-0.0118,Draper,"Salt Lake City, UT",Salt Lake County
94388,84020,UT,202509,1653.72,-0.0108,-0.017,Draper,"Salt Lake City, UT",Salt Lake County
94388,84020,UT,202510,1649.31,-0.0027,-0.0094,Draper,"Salt Lake City, UT",Salt Lake County
94388,84020,UT,202511,1622.08,-0.0165,-0.0116,Draper,"Salt Lake City, UT",Salt Lake County
94388,84020,UT,202512,1642.19,0.0124,0.004,Draper,"Salt Lake City, UT",Salt Lake County
94388,84020,UT,202601,1631.23,-0.0067,-0.0075,Draper,"Salt Lake City, UT",Salt Lake County
94388,84020,UT,202602,1645.87,0.009,0.0031,Draper,"Salt Lake City, UT",Salt Lake County
94388,84020,UT,202603,1649.98,0.0025,-0.0049,Draper,"Salt Lake City, UT",Salt Lake County
94388,84020,UT,202604,1662.71,0.0077,0.0003,Draper,"Salt Lake City, UT",Salt Lake County
94388,84020,UT,202605,1687.53,0.0149,0.0123,Draper,"Salt Lake City, UT",Salt Lake County
94388,84020,UT,202606,1694.18,0.0039,0.0183,Draper,"Salt Lake City, UT",Salt Lake County
94388,84020,UT,202607,1706.88,0.0075,0.0223,Draper,"Salt Lake City, UT",Salt Lake County
94388,84020,UT,202608,1703.89,-0.0018,0.0192,Draper,"Salt Lake City, UT",Salt Lake County
94393,84025,UT,202203,1522.53,,,Farmington,"Ogden-Clearfield, UT",Davis County
94393,84025,UT,202204,1532.26,0.0064,,Farmington,"Ogden-Clearfield, UT",Davis County
94393,84025,UT,202205,1543.87,0.0076,,Farmington,"Ogden-Clearfield, UT",Davis County
94393,84025,UT,202206,1567.96,0.0156,,Farmington,"Ogden-Clearfield, UT",Davis County
94393,84025,UT,202207,1578.72,0.0069,,Farmington,"Ogden-Clearfield, UT",Davis County
94393,84025,UT,202208,1605.54,0.017,,Farmington,"Ogden-Clearfield, UT",Davis County
94393,84025,UT,202209,1576.77,-0.0179,,Farmington,"Ogden-Clearfield, UT",Davis County
94393,84025,UT,202210,1591.48,0.0093,,Farmington,"Ogden-Clearfield, UT",Davis County
94393,84025,UT,202211,1539.58,-0.0326,,Farmington,"Ogden-Clearfield, UT",Davis County
94393,84025,UT,202302,1564.96,0.0165,,Farmington,"Ogden-Clearfield, UT",Davis County
94393,84025,UT,202303,1602.37,0.0239,,Farmington,"Ogden-Clearfield, UT",Davis County
94393,84025,UT,202304,1576.3,-0.0163,,Farmington,"Ogden-Clearfield, UT",Davis County
94393,84025,UT,202305,1593.25,0.0108,0.0464,Farmington,"Ogden-Clearfield, UT",Davis County
94393,84025,UT,202306,1588.21,-0.0032,0.0365,Farmington,"Ogden-Clearfield, UT",Davis County
94393,84025,UT,202307,1591.2,0.0019,0.0307,Farmington,"Ogden-Clearfield, UT",Davis County
94393,84025,UT,202308,1573.15,-0.0113,0.0033,Farmington,"Ogden-Clearfield, UT",Davis County
94393,84025,UT,202309,1572.12,-0.0007,-0.0042,Farmington,"Ogden-Clearfield, UT",Davis County
94393,84025,UT,202310,1547.32,-0.0158,-0.0363,Farmington,"Ogden-Clearfield, UT",Davis County
94393,84025,UT,202311,1531.38,-0.0103,-0.0288,Farmington,"Ogden-Clearfield, UT",Davis County
94393,84025,UT,202312,1604.13,0.0475,0.0079,Farmington,"Ogden-Clearfield, UT",Davis County
94393,84025,UT,202401,1605.97,0.0011,0.0431,Farmington,"Ogden-Clearfield, UT",Davis County
94393,84025,UT,202402,1615.85,0.0062,0.0325,Farmington,"Ogden-Clearfield, UT",Davis County
94393,84025,UT,202403,1574.64,-0.0255,-0.0173,Farmington,"Ogden-Clearfield, UT",Davis County
94393,84025,UT,202404,1636.05,0.039,0.0379,Farmington,"Ogden-Clearfield, UT",Davis County
94393,84025,UT,202405,1663.77,0.0169,0.0443,Farmington,"Ogden-Clearfield, UT",Davis County
94393,84025,UT,202406,1672.62,0.0053,0.0531,Farmington,"Ogden-Clearfield, UT",Davis County
94393,84025,UT,202407,1649.43,-0.0139,0.0366,Farmington,"Ogden-Clearfield, UT",Davis County
94393,84025,UT,202408,1619.45,-0.0182,0.0294,Farmington,"Ogden-Clearfield, UT",Davis County
94393,84025,UT,202409,1608.27,-0.0069,0.023,Farmington,"Ogden-Clearfield, UT",Davis County
94393,84025,UT,202410,1567.72,-0.0252,0.0132,Farmington,"Ogden-Clearfield, UT",Davis County
94393,84025,UT,202411,1597.46,0.019,0.0432,Farmington,"Ogden-Clearfield, UT",Davis County
94393,84025,UT,202412,1606.37,0.0056,0.0014,Farmington,"Ogden-Clearfield, UT",Davis County
94393,84025,UT,202501,1652.97,0.029,0.0293,Farmington,"Ogden-Clearfield, UT",Davis County
94393,84025,UT,202502,1662.49,0.0058,0.0289,Farmington,"Ogden-Clearfield, UT",Davis County
94393,84025,UT,202503,1738.82,0.0459,0.1043,Farmington,"Ogden-Clearfield, UT",Davis County
94393,84025,UT,202504,1753.25,0.0083,0.0716,Farmington,"Ogden-Clearfield, UT",Davis County
94393,84025,UT,202505,1766.02,0.0073,0.0615,Farmington,"Ogden-Clearfield, UT",Davis County
94393,84025,UT,202506,1646.18,-0.0679,-0.0158,Farmington,"Ogden-Clearfield, UT",Davis County
94393,84025,UT,202507,1632.62,-0.0082,-0.0102,Farmington,"Ogden-Clearfield, UT",Davis County
94393,84025,UT,202508,1618.6,-0.0086,-0.0005,Farmington,"Ogden-Clearfield, UT",Davis County
94393,84025,UT,202509,1635.59,0.0105,0.017,Farmington,"Ogden-Clearfield, UT",Davis County
94393,84025,UT,202510,1642.97,0.0045,0.048,Farmington,"Ogden-Clearfield, UT",Davis County
94393,84025,UT,202511,1565.79,-0.047,-0.0198,Farmington,"Ogden-Clearfield, UT",Davis County
94393,84025,UT,202512,1617.84,0.0332,0.0071,Farmington,"Ogden-Clearfield, UT",Davis County
94393,84025,UT,202601,1660.96,0.0267,0.0048,Farmington,"Ogden-Clearfield, UT",Davis County
94393,84025,UT,202602,1760.06,0.0597,0.0587,Farmington,"Ogden-Clearfield, UT",Davis County
94393,84025,UT,202603,1729.77,-0.0172,-0.0052,Farmington,"Ogden-Clearfield, UT",Davis County
94393,84025,UT,202604,1717.24,-0.0072,-0.0205,Farmington,"Ogden-Clearfield, UT",Davis County
94393,84025,UT,202605,1728.63,0.0066,-0.0212,Farmington,"Ogden-Clearfield, UT",Davis County
94393,84025,UT,202606,1778.82,0.029,0.0806,Farmington,"Ogden-Clearfield, UT",Davis County
94393,84025,UT,202607,1680.6,-0.0552,0.0294,Farmington,"Ogden-Clearfield, UT",Davis County
94393,84025,UT,202608,1716.95,0.0216,0.0608,Farmington,"Ogden-Clearfield, UT",Davis County
94399,84032,UT,202403,2557.85,,,Heber City,"Heber, UT",Wasatch County
94399,84032,UT,202404,2577.88,0.0078,,Heber City,"Heber, UT",Wasatch County
94399,84032,UT,202405,2582.8,0.0019,,Heber City,"Heber, UT",Wasatch County
94399,84032,UT,202406,2560.39,-0.0087,,Heber City,"Heber, UT",Wasatch County
94399,84032,UT,202407,2602.75,0.0165,,Heber City,"Heber, UT",Wasatch County
94399,84032,UT,202408,2598.64,-0.0016,,Heber City,"Heber, UT",Wasatch County
94399,84032,UT,202409,2582.55,-0.0062,,Heber City,"Heber, UT",Wasatch County
94399,84032,UT,202410,2552.77,-0.0115,,Heber City,"Heber, UT",Wasatch County
94399,84032,UT,202411,2520.15,-0.0128,,Heber City,"Heber, UT",Wasatch County
94399,84032,UT,202412,2462.13,-0.023,,Heber City,"Heber, UT",Wasatch County
94399,84032,UT,202501,2443.64,-0.0075,,Heber City,"Heber, UT",Wasatch County
94399,84032,UT,202502,2463.36,0.0081,,Heber City,"Heber, UT",Wasatch County
94399,84032,UT,202503,2515.9,0.0213,-0.0164,Heber City,"Heber, UT",Wasatch County
94399,84032,UT,202504,2569.39,0.0213,-0.0033,Heber City,"Heber, UT",Wasatch County
94399,84032,UT,202505,2575.83,0.0025,-0.0027,Heber City,"Heber, UT",Wasatch County
94399,84032,UT,202506,2552.54,-0.009,-0.0031,Heber City,"Heber, UT",Wasatch County
94399,84032,UT,202507,2514.01,-0.0151,-0.0341,Heber City,"Heber, UT",Wasatch County
94399,84032,UT,202508,2529.99,0.0064,-0.0264,Heber City,"Heber, UT",Wasatch County
94399,84032,UT,202509,2584.21,0.0214,0.0006,Heber City,"Heber, UT",Wasatch County
94399,84032,UT,202510,2586.17,0.0008,0.0131,Heber City,"Heber, UT",Wasatch County
94399,84032,UT,202511,2610.34,0.0093,0.0358,Heber City,"Heber, UT",Wasatch County
94399,84032,UT,202512,2632.09,0.0083,0.069,Heber City,"Heber, UT",Wasatch County
94399,84032,UT,202601,2652.14,0.0076,0.0853,Heber City,"Heber, UT",Wasatch County
94399,84032,UT,202602,2651.07,-0.0004,0.0762,Heber City,"Heber, UT",Wasatch County
94399,84032,UT,202603,2638.53,-0.0047,0.0487,Heber City,"Heber, UT",Wasatch County
94399,84032,UT,202604,2668.0,0.0112,0.0384,Heber City,"Heber, UT",Wasatch County
94399,84032,UT,202605,2668.74,0.0003,0.0361,Heber City,"Heber, UT",Wasatch County
94399,84032,UT,202606,2671.0,0.0008,0.0464,Heber City,"Heber, UT",Wasatch County
94399,84032,UT,202607,2635.88,-0.0131,0.0485,Heber City,"Heber, UT",Wasatch County
94399,84032,UT,202608,2646.86,0.0042,0.0462,Heber City,"Heber, UT",Wasatch County
94403,84036,UT,202602,3898.27,,,Kamas,"Heber, UT",Wasatch County
94403,84036,UT,202603,3747.19,-0.0388,,Kamas,"Heber, UT",Wasatch County
94403,84036,UT,202604,3819.77,0.0194,,Kamas,"Heber, UT",Wasatch County
94403,84036,UT,202605,3763.23,-0.0148,,Kamas,"Heber, UT",Wasatch County
94403,84036,UT,202606,3773.49,0.0027,,Kamas,"Heber, UT",Wasatch County
94403,84036,UT,202607,3767.47,-0.0016,,Kamas,"Heber, UT",Wasatch County
94403,84036,UT,202608,3700.0,-0.0179,,Kamas,"Heber, UT",Wasatch County
94404,84037,UT,202603,1794.1,,,Kaysville,"Ogden-Clearfield, UT",Davis County
94404,84037,UT,202604,1792.56,-0.0009,,Kaysville,"Ogden-Clearfield, UT",Davis County
94404,84037,UT,202605,1878.35,0.0479,,Kaysville,"Ogden-Clearfield, UT",Davis County
94404,84037,UT,202606,1838.67,-0.0211,,Kaysville,"Ogden-Clearfield, UT",Davis County
94404,84037,UT,202607,1894.03,0.0301,,Kaysville,"Ogden-Clearfield, UT",Davis County
94404,84037,UT,202608,1911.3,0.0091,,Kaysville,"Ogden-Clearfield, UT",Davis County
94407,84040,UT,202512,2035.66,,,Layton,"Ogden-Clearfield, UT",Davis County
94407,84040,UT,202601,2041.67,0.0029,,Layton,"Ogden-Clearfield, UT",Davis County
94407,84040,UT,202602,2198.68,0.0769,,Layton,"Ogden-Clearfield, UT",Davis County
94407,84040,UT,202604,2211.33,0.0058,,Layton,"Ogden-Clearfield, UT",Davis County
94407,84040,UT,202605,2217.76,0.0029,,Layton,"Ogden-Clearfield, UT",Davis County
94407,84040,UT,202606,2233.27,0.007,,Layton,"Ogden-Clearfield, UT",Davis County
94407,84040,UT,202607,2237.55,0.0019,,Layton,"Ogden-Clearfield, UT",Davis County
94407,84040,UT,202608,2218.63,-0.0085,,Layton,"Ogden-Clearfield, UT",Davis County
94408,84041,UT,202112,1345.54,,,Layton,"Ogden-Clearfield, UT",Davis County
94408,84041,UT,202201,1384.08,0.0286,,Layton,"Ogden-Clearfield, UT",Davis County
94408,84041,UT,202202,1401.82,0.0128,,Layton,"Ogden-Clearfield, UT",Davis County
94408,84041,UT,202203,1420.75,0.0135,,Layton,"Ogden-Clearfield, UT",Davis County
94408,84041,UT,202204,1410.05,-0.0075,,Layton,"Ogden-Clearfield, UT",Davis County
94408,84041,UT,202205,1417.4,0.0052,,Layton,"Ogden-Clearfield, UT",Davis County
94408,84041,UT,202206,1443.14,0.0182,,Layton,"Ogden-Clearfield, UT",Davis County
94408,84041,UT,202207,1467.15,0.0166,,Layton,"Ogden-Clearfield, UT",Davis County
94408,84041,UT,202208,1469.88,0.0019,,Layton,"Ogden-Clearfield, UT",Davis County
94408,84041,UT,202209,1446.2,-0.0161,,Layton,"Ogden-Clearfield, UT",Davis County
94408,84041,UT,202210,1441.6,-0.0032,,Layton,"Ogden-Clearfield, UT",Davis County
94408,84041,UT,202211,1433.74,-0.0055,,Layton,"Ogden-Clearfield, UT",Davis County
94408,84041,UT,202212,1451.71,0.0125,0.0789,Layton,"Ogden-Clearfield, UT",Davis County
94408,84041,UT,202301,1447.79,-0.0027,0.046,Layton,"Ogden-Clearfield, UT",Davis County
94408,84041,UT,202302,1472.62,0.0171,0.0505,Layton,"Ogden-Clearfield, UT",Davis County
94408,84041,UT,202303,1482.76,0.0069,0.0436,Layton,"Ogden-Clearfield, UT",Davis County
94408,84041,UT,202304,1505.82,0.0156,0.0679,Layton,"Ogden-Clearfield, UT",Davis County
94408,84041,UT,202305,1506.84,0.0007,0.0631,Layton,"Ogden-Clearfield, UT",Davis County
94408,84041,UT,202306,1503.34,-0.0023,0.0417,Layton,"Ogden-Clearfield, UT",Davis County
94408,84041,UT,202307,1497.4,-0.004,0.0206,Layton,"Ogden-Clearfield, UT",Davis County
94408,84041,UT,202308,1498.38,0.0007,0.0194,Layton,"Ogden-Clearfield, UT",Davis County
94408,84041,UT,202309,1497.69,-0.0005,0.0356,Layton,"Ogden-Clearfield, UT",Davis County
94408,84041,UT,202310,1492.64,-0.0034,0.0354,Layton,"Ogden-Clearfield, UT",Davis County
94408,84041,UT,202311,1470.36,-0.0149,0.0255,Layton,"Ogden-Clearfield, UT",Davis County
94408,84041,UT,202312,1460.34,-0.0068,0.0059,Layton,"Ogden-Clearfield, UT",Davis County
94408,84041,UT,202401,1475.22,0.0102,0.0189,Layton,"Ogden-Clearfield, UT",Davis County
94408,84041,UT,202402,1491.83,0.0113,0.013,Layton,"Ogden-Clearfield, UT",Davis County
94408,84041,UT,202403,1504.99,0.0088,0.015,Layton,"Ogden-Clearfield, UT",Davis County
94408,84041,UT,202404,1495.47,-0.0063,-0.0069,Layton,"Ogden-Clearfield, UT",Davis County
94408,84041,UT,202405,1507.5,0.008,0.0004,Layton,"Ogden-Clearfield, UT",Davis County
94408,84041,UT,202406,1514.64,0.0047,0.0075,Layton,"Ogden-Clearfield, UT",Davis County
94408,84041,UT,202407,1522.92,0.0055,0.017,Layton,"Ogden-Clearfield, UT",Davis County
94408,84041,UT,202408,1512.44,-0.0069,0.0094,Layton,"Ogden-Clearfield, UT",Davis County
94408,84041,UT,202409,1511.72,-0.0005,0.0094,Layton,"Ogden-Clearfield, UT",Davis County
94408,84041,UT,202410,1505.03,-0.0044,0.0083,Layton,"Ogden-Clearfield, UT",Davis County
94408,84041,UT,202411,1508.88,0.0026,0.0262,Layton,"Ogden-Clearfield, UT",Davis County
94408,84041,UT,202412,1525.62,0.0111,0.0447,Layton,"Ogden-Clearfield, UT",Davis County
94408,84041,UT,202501,1536.4,0.0071,0.0415,Layton,"Ogden-Clearfield, UT",Davis County
94408,84041,UT,202502,1537.18,0.0005,0.0304,Layton,"Ogden-Clearfield, UT",Davis County
94408,84041,UT,202503,1532.11,-0.0033,0.018,Layton,"Ogden-Clearfield, UT",Davis County
94408,84041,UT,202504,1539.28,0.0047,0.0293,Layton,"Ogden-Clearfield, UT",Davis County
94408,84041,UT,202505,1548.53,0.006,0.0272,Layton,"Ogden-Clearfield, UT",Davis County
94408,84041,UT,202506,1543.43,-0.0033,0.019,Layton,"Ogden-Clearfield, UT",Davis County
94408,84041,UT,202507,1538.88,-0.0029,0.0105,Layton,"Ogden-Clearfield, UT",Davis County
94408,84041,UT,202508,1551.33,0.0081,0.0257,Layton,"Ogden-Clearfield, UT",Davis County
94408,84041,UT,202509,1544.08,-0.0047,0.0214,Layton,"Ogden-Clearfield, UT",Davis County
94408,84041,UT,202510,1545.86,0.0012,0.0271,Layton,"Ogden-Clearfield, UT",Davis County
94408,84041,UT,202511,1540.23,-0.0036,0.0208,Layton,"Ogden-Clearfield, UT",Davis County
94408,84041,UT,202512,1549.13,0.0058,0.0154,Layton,"Ogden-Clearfield, UT",Davis County
94408,84041,UT,202601,1551.31,0.0014,0.0097,Layton,"Ogden-Clearfield, UT",Davis County
94408,84041,UT,202602,1562.88,0.0075,0.0167,Layton,"Ogden-Clearfield, UT",Davis County
94408,84041,UT,202603,1559.82,-0.002,0.0181,Layton,"Ogden-Clearfield, UT",Davis County
94408,84041,UT,202604,1544.97,-0.0095,0.0037,Layton,"Ogden-Clearfield, UT",Davis County
94408,84041,UT,202605,1535.92,-0.0059,-0.0081,Layton,"Ogden-Clearfield, UT",Davis County
94408,84041,UT,202606,1544.72,0.0057,0.0008,Layton,"Ogden-Clearfield, UT",Davis County
94408,84041,UT,202607,1561.61,0.0109,0.0148,Layton,"Ogden-Clearfield, UT",Davis County
94408,84041,UT,202608,1556.78,-0.0031,0.0035,Layton,"Ogden-Clearfield, UT",Davis County
94410,84043,UT,201901,1566.87,,,Lehi,"Provo-Orem, UT",Utah County
94410,84043,UT,201902,1585.09,0.0116,,Lehi,"Provo-Orem, UT",Utah County
94410,84043,UT,201903,1612.1,0.017,,Lehi,"Provo-Orem, UT",Utah County
94410,84043,UT,201904,1631.19,0.0118,,Lehi,"Provo-Orem, UT",Utah County
94410,84043,UT,201905,1635.25,0.0025,,Lehi,"Provo-Orem, UT",Utah County
94410,84043,UT,201906,1659.65,0.0149,,Lehi,"Provo-Orem, UT",Utah County
94410,84043,UT,201907,1647.07,-0.0076,,Lehi,"Provo-Orem, UT",Utah County
94410,84043,UT,201908,1651.0,0.0024,,Lehi,"Provo-Orem, UT",Utah County
94410,84043,UT,201909,1617.28,-0.0204,,Lehi,"Provo-Orem, UT",Utah County
94410,84043,UT,201910,1609.44,-0.0049,,Lehi,"Provo-Orem, UT",Utah County
94410,84043,UT,201911,1602.01,-0.0046,,Lehi,"Provo-Orem, UT",Utah County
94410,84043,UT,201912,1611.29,0.0058,,Lehi,"Provo-Orem, UT",Utah County
94410,84043,UT,202001,1609.21,-0.0013,0.027,Lehi,"Provo-Orem, UT",Utah County
94410,84043,UT,202002,1622.57,0.0083,0.0236,Lehi,"Provo-Orem, UT",Utah County
94410,84043,UT,202003,1631.95,0.0058,0.0123,Lehi,"Provo-Orem, UT",Utah County
94410,84043,UT,202004,1658.01,0.016,0.0164,Lehi,"Provo-Orem, UT",Utah County
94410,84043,UT,202005,1655.39,-0.0016,0.0123,Lehi,"Provo-Orem, UT",Utah County
94410,84043,UT,202006,1666.64,0.0068,0.0042,Lehi,"Provo-Orem, UT",Utah County
94410,84043,UT,202007,1681.91,0.0092,0.0212,Lehi,"Provo-Orem, UT",Utah County
94410,84043,UT,202008,1706.23,0.0145,0.0335,Lehi,"Provo-Orem, UT",Utah County
94410,84043,UT,202009,1727.09,0.0122,0.0679,Lehi,"Provo-Orem, UT",Utah County
94410,84043,UT,202010,1745.23,0.0105,0.0844,Lehi,"Provo-Orem, UT",Utah County
94410,84043,UT,202011,1750.23,0.0029,0.0925,Lehi,"Provo-Orem, UT",Utah County
94410,84043,UT,202101,1794.71,0.0254,0.1138,Lehi,"Provo-Orem, UT",Utah County
94410,84043,UT,202102,1775.59,-0.0107,0.1034,Lehi,"Provo-Orem, UT",Utah County
94410,84043,UT,202103,1808.01,0.0183,0.1143,Lehi,"Provo-Orem, UT",Utah County
94410,84043,UT,202104,1824.36,0.009,0.1179,Lehi,"Provo-Orem, UT",Utah County
94410,84043,UT,202105,1907.06,0.0453,0.1502,Lehi,"Provo-Orem, UT",Utah County
94410,84043,UT,202106,1898.46,-0.0045,0.1468,Lehi,"Provo-Orem, UT",Utah County
94410,84043,UT,202107,1939.46,0.0216,0.1637,Lehi,"Provo-Orem, UT",Utah County
94410,84043,UT,202108,1966.92,0.0142,0.1695,Lehi,"Provo-Orem, UT",Utah County
94410,84043,UT,202109,2012.95,0.0234,0.1798,Lehi,"Provo-Orem, UT",Utah County
94410,84043,UT,202110,2045.84,0.0163,0.1846,Lehi,"Provo-Orem, UT",Utah County
94410,84043,UT,202111,2049.42,0.0017,0.1743,Lehi,"Provo-Orem, UT",Utah County
94410,84043,UT,202112,2025.28,-0.0118,0.1572,Lehi,"Provo-Orem, UT",Utah County
94410,84043,UT,202201,1995.27,-0.0148,0.1118,Lehi,"Provo-Orem, UT",Utah County
94410,84043,UT,202202,1995.52,0.0001,0.1239,Lehi,"Provo-Orem, UT",Utah County
94410,84043,UT,202203,2044.0,0.0243,0.1305,Lehi,"Provo-Orem, UT",Utah County
94410,84043,UT,202204,2094.58,0.0247,0.1481,Lehi,"Provo-Orem, UT",Utah County
94410,84043,UT,202205,2132.07,0.0179,0.118,Lehi,"Provo-Orem, UT",Utah County
94410,84043,UT,202206,2133.48,0.0007,0.1238,Lehi,"Provo-Orem, UT",Utah County
94410,84043,UT,202207,2139.39,0.0028,0.1031,Lehi,"Provo-Orem, UT",Utah County
94410,84043,UT,202208,2140.17,0.0004,0.0881,Lehi,"Provo-Orem, UT",Utah County
94410,84043,UT,202209,2136.94,-0.0015,0.0616,Lehi,"Provo-Orem, UT",Utah County
94410,84043,UT,202210,2130.1,-0.0032,0.0412,Lehi,"Provo-Orem, UT",Utah County
94410,84043,UT,202211,2110.01,-0.0094,0.0296,Lehi,"Provo-Orem, UT",Utah County
94410,84043,UT,202212,2109.79,-0.0001,0.0417,Lehi,"Provo-Orem, UT",Utah County
94410,84043,UT,202301,2104.75,-0.0024,0.0549,Lehi,"Provo-Orem, UT",Utah County
94410,84043,UT,202302,2134.26,0.014,0.0695,Lehi,"Provo-Orem, UT",Utah County
94410,84043,UT,202303,2144.02,0.0046,0.0489,Lehi,"Provo-Orem, UT",Utah County
94410,84043,UT,202304,2158.16,0.0066,0.0304,Lehi,"Provo-Orem, UT",Utah County
94410,84043,UT,202305,2172.95,0.0069,0.0192,Lehi,"Provo-Orem, UT",Utah County
94410,84043,UT,202306,2181.54,0.004,0.0225,Lehi,"Provo-Orem, UT",Utah County
94410,84043,UT,202307,2197.9,0.0075,0.0273,Lehi,"Provo-Orem, UT",Utah County
94410,84043,UT,202308,2175.78,-0.0101,0.0166,Lehi,"Provo-Orem, UT",Utah County
94410,84043,UT,202309,2168.56,-0.0033,0.0148,Lehi,"Provo-Orem, UT",Utah County
94410,84043,UT,202310,2147.33,-0.0098,0.0081,Lehi,"Provo-Orem, UT",Utah County
94410,84043,UT,202311,2152.62,0.0025,0.0202,Lehi,"Provo-Orem, UT",Utah County
94410,84043,UT,202312,2190.56,0.0176,0.0383,Lehi,"Provo-Orem, UT",Utah County
94410,84043,UT,202401,2196.32,0.0026,0.0435,Lehi,"Provo-Orem, UT",Utah County
94410,84043,UT,202402,2220.29,0.0109,0.0403,Lehi,"Provo-Orem, UT",Utah County
94410,84043,UT,202403,2186.28,-0.0153,0.0197,Lehi,"Provo-Orem, UT",Utah County
94410,84043,UT,202404,2209.81,0.0108,0.0239,Lehi,"Provo-Orem, UT",Utah County
94410,84043,UT,202405,2212.47,0.0012,0.0182,Lehi,"Provo-Orem, UT",Utah County
94410,84043,UT,202406,2237.04,0.0111,0.0254,Lehi,"Provo-Orem, UT",Utah County
94410,84043,UT,202407,2234.04,-0.0013,0.0164,Lehi,"Provo-Orem, UT",Utah County
94410,84043,UT,202408,2227.15,-0.0031,0.0236,Lehi,"Provo-Orem, UT",Utah County
94410,84043,UT,202409,2225.06,-0.0009,0.0261,Lehi,"Provo-Orem, UT",Utah County
94410,84043,UT,202410,2212.93,-0.0054,0.0305,Lehi,"Provo-Orem, UT",Utah County
94410,84043,UT,202411,2210.22,-0.0012,0.0268,Lehi,"Provo-Orem, UT",Utah County
94410,84043,UT,202412,2189.73,-0.0093,-0.0004,Lehi,"Provo-Orem, UT",Utah County
94410,84043,UT,202501,2189.08,-0.0003,-0.0033,Lehi,"Provo-Orem, UT",Utah County
94410,84043,UT,202502,2202.74,0.0062,-0.0079,Lehi,"Provo-Orem, UT",Utah County
94410,84043,UT,202503,2223.3,0.0093,0.0169,Lehi,"Provo-Orem, UT",Utah County
94410,84043,UT,202504,2247.76,0.011,0.0172,Lehi,"Provo-Orem, UT",Utah County
94410,84043,UT,202505,2245.03,-0.0012,0.0147,Lehi,"Provo-Orem, UT",Utah County
94410,84043,UT,202506,2255.15,0.0045,0.0081,Lehi,"Provo-Orem, UT",Utah County
94410,84043,UT,202507,2255.47,0.0001,0.0096,Lehi,"Provo-Orem, UT",Utah County
94410,84043,UT,202508,2241.09,-0.0064,0.0063,Lehi,"Provo-Orem, UT",Utah County
94410,84043,UT,202509,2227.75,-0.006,0.0012,Lehi,"Provo-Orem, UT",Utah County
94410,84043,UT,202510,2230.24,0.0011,0.0078,Lehi,"Provo-Orem, UT",Utah County
94410,84043,UT,202511,2229.28,-0.0004,0.0086,Lehi,"Provo-Orem, UT",Utah County
94410,84043,UT,202512,2226.42,-0.0013,0.0168,Lehi,"Provo-Orem, UT",Utah County
94410,84043,UT,202601,2203.43,-0.0103,0.0066,Lehi,"Provo-Orem, UT",Utah County
94410,84043,UT,202602,2238.06,0.0157,0.016,Lehi,"Provo-Orem, UT",Utah County
94410,84043,UT,202603,2243.16,0.0023,0.0089,Lehi,"Provo-Orem, UT",Utah County
94410,84043,UT,202604,2285.29,0.0188,0.0167,Lehi,"Provo-Orem, UT",Utah County
94410,84043,UT,202605,2288.04,0.0012,0.0192,Lehi,"Provo-Orem, UT",Utah County
94410,84043,UT,202606,2317.96,0.0131,0.0278,Lehi,"Provo-Orem, UT",Utah County
94410,84043,UT,202607,2311.8,-0.0027,0.025,Lehi,"Provo-Orem, UT",Utah County
94410,84043,UT,202608,2331.27,0.0084,0.0402,Lehi,"Provo-Orem, UT",Utah County
94411,84044,UT,202510,1624.15,,,Magna,"Salt Lake City, UT",Salt Lake County
94411,84044,UT,202511,1631.66,0.0046,,Magna,"Salt Lake City, UT",Salt Lake County
94411,84044,UT,202512,1587.7,-0.0269,,Magna,"Salt Lake City, UT",Salt Lake County
94411,84044,UT,202601,1583.52,-0.0026,,Magna,"Salt Lake City, UT",Salt Lake County
94411,84044,UT,202602,1558.29,-0.0159,,Magna,"Salt Lake City, UT",Salt Lake County
94411,84044,UT,202603,1590.91,0.0209,,Magna,"Salt Lake City, UT",Salt Lake County
94411,84044,UT,202604,1596.98,0.0038,,Magna,"Salt Lake City, UT",Salt Lake County
94411,84044,UT,202605,1615.77,0.0118,,Magna,"Salt Lake City, UT",Salt Lake County
94411,84044,UT,202606,1577.17,-0.0239,,Magna,"Salt Lake City, UT",Salt Lake County
94411,84044,UT,202607,1586.63,0.006,,Magna,"Salt Lake City, UT",Salt Lake County
94411,84044,UT,202608,1606.45,0.0125,,Magna,"Salt Lake City, UT",Salt Lake County
94413,84047,UT,202101,1201.58,,,Midvale,"Salt Lake City, UT",Salt Lake County
94413,84047,UT,202102,1217.22,0.013,,Midvale,"Salt Lake City, UT",Salt Lake County
94413,84047,UT,202103,1249.64,0.0266,,Midvale,"Salt Lake City, UT",Salt Lake County
94413,84047,UT,202104,1290.55,0.0327,,Midvale,"Salt Lake City, UT",Salt Lake County
94413,84047,UT,202105,1320.75,0.0234,,Midvale,"Salt Lake City, UT",Salt Lake County
94413,84047,UT,202106,1329.28,0.0065,,Midvale,"Salt Lake City, UT",Salt Lake County
94413,84047,UT,202107,1350.88,0.0163,,Midvale,"Salt Lake City, UT",Salt Lake County
94413,84047,UT,202108,1382.32,0.0233,,Midvale,"Salt Lake City, UT",Salt Lake County
94413,84047,UT,202109,1404.22,0.0158,,Midvale,"Salt Lake City, UT",Salt Lake County
94413,84047,UT,202110,1406.14,0.0014,,Midvale,"Salt Lake City, UT",Salt Lake County
94413,84047,UT,202111,1400.14,-0.0043,,Midvale,"Salt Lake City, UT",Salt Lake County
94413,84047,UT,202112,1427.55,0.0196,,Midvale,"Salt Lake City, UT",Salt Lake County
94413,84047,UT,202201,1470.48,0.0301,0.2238,Midvale,"Salt Lake City, UT",Salt Lake County
94413,84047,UT,202202,1505.69,0.0239,0.237,Midvale,"Salt Lake City, UT",Salt Lake County
94413,84047,UT,202203,1516.75,0.0073,0.2138,Midvale,"Salt Lake City, UT",Salt Lake County
94413,84047,UT,202204,1522.72,0.0039,0.1799,Midvale,"Salt Lake City, UT",Salt Lake County
94413,84047,UT,202205,1542.93,0.0133,0.1682,Midvale,"Salt Lake City, UT",Salt Lake County
94413,84047,UT,202206,1578.53,0.0231,0.1875,Midvale,"Salt Lake City, UT",Salt Lake County
94413,84047,UT,202207,1600.19,0.0137,0.1845,Midvale,"Salt Lake City, UT",Salt Lake County
94413,84047,UT,202208,1612.74,0.0078,0.1667,Midvale,"Salt Lake City, UT",Salt Lake County
94413,84047,UT,202209,1600.91,-0.0073,0.1401,Midvale,"Salt Lake City, UT",Salt Lake County
94413,84047,UT,202210,1573.44,-0.0172,0.119,Midvale,"Salt Lake City, UT",Salt Lake County
94413,84047,UT,202211,1555.58,-0.0113,0.111,Midvale,"Salt Lake City, UT",Salt Lake County
94413,84047,UT,202212,1552.8,-0.0018,0.0877,Midvale,"Salt Lake City, UT",Salt Lake County
94413,84047,UT,202301,1567.98,0.0098,0.0663,Midvale,"Salt Lake City, UT",Salt Lake County
94413,84047,UT,202302,1589.36,0.0136,0.0556,Midvale,"Salt Lake City, UT",Salt Lake County
94413,84047,UT,202303,1585.13,-0.0027,0.0451,Midvale,"Salt Lake City, UT",Salt Lake County
94413,84047,UT,202304,1565.99,-0.0121,0.0284,Midvale,"Salt Lake City, UT",Salt Lake County
94413,84047,UT,202305,1546.62,-0.0124,0.0024,Midvale,"Salt Lake City, UT",Salt Lake County
94413,84047,UT,202306,1536.81,-0.0063,-0.0264,Midvale,"Salt Lake City, UT",Salt Lake County
94413,84047,UT,202307,1552.24,0.01,-0.03,Midvale,"Salt Lake City, UT",Salt Lake County
94413,84047,UT,202308,1550.74,-0.001,-0.0384,Midvale,"Salt Lake City, UT",Salt Lake County
94413,84047,UT,202309,1541.3,-0.0061,-0.0372,Midvale,"Salt Lake City, UT",Salt Lake County
94413,84047,UT,202310,1541.95,0.0004,-0.02,Midvale,"Salt Lake City, UT",Salt Lake County
94413,84047,UT,202311,1542.24,0.0002,-0.0086,Midvale,"Salt Lake City, UT",Salt Lake County
94413,84047,UT,202312,1511.28,-0.0201,-0.0267,Midvale,"Salt Lake City, UT",Salt Lake County
94413,84047,UT,202401,1495.14,-0.0107,-0.0465,Midvale,"Salt Lake City, UT",Salt Lake County
94413,84047,UT,202402,1514.71,0.0131,-0.047,Midvale,"Salt Lake City, UT",Salt Lake County
94413,84047,UT,202403,1553.09,0.0253,-0.0202,Midvale,"Salt Lake City, UT",Salt Lake County
94413,84047,UT,202404,1574.26,0.0136,0.0053,Midvale,"Salt Lake City, UT",Salt Lake County
94413,84047,UT,202405,1569.77,-0.0029,0.015,Midvale,"Salt Lake City, UT",Salt Lake County
94413,84047,UT,202406,1583.7,0.0089,0.0305,Midvale,"Salt Lake City, UT",Salt Lake County
94413,84047,UT,202407,1584.61,0.0006,0.0209,Midvale,"Salt Lake City, UT",Salt Lake County
94413,84047,UT,202408,1578.87,-0.0036,0.0181,Midvale,"Salt Lake City, UT",Salt Lake County
94413,84047,UT,202409,1551.32,-0.0175,0.0065,Midvale,"Salt Lake City, UT",Salt Lake County
94413,84047,UT,202410,1532.13,-0.0124,-0.0064,Midvale,"Salt Lake City, UT",Salt Lake County
94413,84047,UT,202411,1526.76,-0.0035,-0.01,Midvale,"Salt Lake City, UT",Salt Lake County
94413,84047,UT,202412,1539.12,0.0081,0.0184,Midvale,"Salt Lake City, UT",Salt Lake County
94413,84047,UT,202501,1554.44,0.01,0.0397,Midvale,"Salt Lake City, UT",Salt Lake County
94413,84047,UT,202502,1561.69,0.0047,0.031,Midvale,"Salt Lake City, UT",Salt Lake County
94413,84047,UT,202503,1568.39,0.0043,0.0099,Midvale,"Salt Lake City, UT",Salt Lake County
94413,84047,UT,202504,1583.58,0.0097,0.0059,Midvale,"Salt Lake City, UT",Salt Lake County
94413,84047,UT,202505,1588.98,0.0034,0.0122,Midvale,"Salt Lake City, UT",Salt Lake County
94413,84047,UT,202506,1586.5,-0.0016,0.0018,Midvale,"Salt Lake City, UT",Salt Lake County
94413,84047,UT,202507,1574.64,-0.0075,-0.0063,Midvale,"Salt Lake City, UT",Salt Lake County
94413,84047,UT,202508,1584.51,0.0063,0.0036,Midvale,"Salt Lake City, UT",Salt Lake County
94413,84047,UT,202509,1589.64,0.0032,0.0247,Midvale,"Salt Lake City, UT",Salt Lake County
94413,84047,UT,202510,1570.41,-0.0121,0.025,Midvale,"Salt Lake City, UT",Salt Lake County
94413,84047,UT,202511,1574.7,0.0027,0.0314,Midvale,"Salt Lake City, UT",Salt Lake County
94413,84047,UT,202512,1561.49,-0.0084,0.0145,Midvale,"Salt Lake City, UT",Salt Lake County
94413,84047,UT,202601,1575.77,0.0092,0.0137,Midvale,"Salt Lake City, UT",Salt Lake County
94413,84047,UT,202602,1547.86,-0.0177,-0.0089,Midvale,"Salt Lake City, UT",Salt Lake County
94413,84047,UT,202603,1560.13,0.0079,-0.0053,Midvale,"Salt Lake City, UT",Salt Lake County
94413,84047,UT,202604,1566.12,0.0038,-0.011,Midvale,"Salt Lake City, UT",Salt Lake County
94413,84047,UT,202605,1577.04,0.007,-0.0075,Midvale,"Salt Lake City, UT",Salt Lake County
94413,84047,UT,202606,1578.19,0.0007,-0.0052,Midvale,"Salt Lake City, UT",Salt Lake County
94413,84047,UT,202607,1576.23,-0.0012,0.001,Midvale,"Salt Lake City, UT",Salt Lake County
94413,84047,UT,202608,1570.86,-0.0034,-0.0086,Midvale,"Salt Lake City, UT",Salt Lake County
94414,84049,UT,202608,2700.0,,,Midway,"Heber, UT",Wasatch County
94419,84054,UT,202012,1265.91,,,North Salt Lake,"Ogden-Clearfield, UT",Davis County
94419,84054,UT,202101,1263.61,-0.0018,,North Salt Lake,"Ogden-Clearfield, UT",Davis County
94419,84054,UT,202102,1259.08,-0.0036,,North Salt Lake,"Ogden-Clearfield, UT",Davis County
94419,84054,UT,202103,1268.14,0.0072,,North Salt Lake,"Ogden-Clearfield, UT",Davis County
94419,84054,UT,202104,1285.11,0.0134,,North Salt Lake,"Ogden-Clearfield, UT",Davis County
94419,84054,UT,202105,1311.39,0.0205,,North Salt Lake,"Ogden-Clearfield, UT",Davis County
94419,84054,UT,202106,1330.7,0.0147,,North Salt Lake,"Ogden-Clearfield, UT",Davis County
94419,84054,UT,202107,1366.04,0.0266,,North Salt Lake,"Ogden-Clearfield, UT",Davis County
94419,84054,UT,202108,1394.72,0.021,,North Salt Lake,"Ogden-Clearfield, UT",Davis County
94419,84054,UT,202109,1450.73,0.0402,,North Salt Lake,"Ogden-Clearfield, UT",Davis County
94419,84054,UT,202110,1479.08,0.0195,,North Salt Lake,"Ogden-Clearfield, UT",Davis County
94419,84054,UT,202111,1493.24,0.0096,,North Salt Lake,"Ogden-Clearfield, UT",Davis County
94419,84054,UT,202112,1497.44,0.0028,0.1829,North Salt Lake,"Ogden-Clearfield, UT",Davis County
94419,84054,UT,202201,1507.13,0.0065,0.1927,North Salt Lake,"Ogden-Clearfield, UT",Davis County
94419,84054,UT,202202,1548.78,0.0276,0.2301,North Salt Lake,"Ogden-Clearfield, UT",Davis County
94419,84054,UT,202203,1566.29,0.0113,0.2351,North Salt Lake,"Ogden-Clearfield, UT",Davis County
94419,84054,UT,202204,1588.08,0.0139,0.2358,North Salt Lake,"Ogden-Clearfield, UT",Davis County
94419,84054,UT,202205,1577.98,-0.0064,0.2033,North Salt Lake,"Ogden-Clearfield, UT",Davis County
94419,84054,UT,202206,1592.82,0.0094,0.197,North Salt Lake,"Ogden-Clearfield, UT",Davis County
94419,84054,UT,202207,1583.77,-0.0057,0.1594,North Salt Lake,"Ogden-Clearfield, UT",Davis County
94419,84054,UT,202208,1585.06,0.0008,0.1365,North Salt Lake,"Ogden-Clearfield, UT",Davis County
94419,84054,UT,202209,1559.3,-0.0163,0.0748,North Salt Lake,"Ogden-Clearfield, UT",Davis County
94419,84054,UT,202210,1563.71,0.0028,0.0572,North Salt Lake,"Ogden-Clearfield, UT",Davis County
94419,84054,UT,202211,1575.81,0.0077,0.0553,North Salt Lake,"Ogden-Clearfield, UT",Davis County
94419,84054,UT,202212,1572.45,-0.0021,0.0501,North Salt Lake,"Ogden-Clearfield, UT",Davis County
94419,84054,UT,202301,1568.6,-0.0024,0.0408,North Salt Lake,"Ogden-Clearfield, UT",Davis County
94419,84054,UT,202302,1561.83,-0.0043,0.0084,North Salt Lake,"Ogden-Clearfield, UT",Davis County
94419,84054,UT,202303,1592.38,0.0196,0.0167,North Salt Lake,"Ogden-Clearfield, UT",Davis County
94419,84054,UT,202304,1600.37,0.005,0.0077,North Salt Lake,"Ogden-Clearfield, UT",Davis County
94419,84054,UT,202305,1615.55,0.0095,0.0238,North Salt Lake,"Ogden-Clearfield, UT",Davis County
94419,84054,UT,202306,1607.81,-0.0048,0.0094,North Salt Lake,"Ogden-Clearfield, UT",Davis County
94419,84054,UT,202307,1593.59,-0.0088,0.0062,North Salt Lake,"Ogden-Clearfield, UT",Davis County
94419,84054,UT,202308,1583.34,-0.0064,-0.0011,North Salt Lake,"Ogden-Clearfield, UT",Davis County
94419,84054,UT,202309,1571.62,-0.0074,0.0079,North Salt Lake,"Ogden-Clearfield, UT",Davis County
94419,84054,UT,202310,1586.7,0.0096,0.0147,North Salt Lake,"Ogden-Clearfield, UT",Davis County
94419,84054,UT,202311,1593.49,0.0043,0.0112,North Salt Lake,"Ogden-Clearfield, UT",Davis County
94419,84054,UT,202312,1609.79,0.0102,0.0238,North Salt Lake,"Ogden-Clearfield, UT",Davis County
94419,84054,UT,202401,1607.81,-0.0012,0.025,North Salt Lake,"Ogden-Clearfield, UT",Davis County
94419,84054,UT,202402,1598.46,-0.0058,0.0235,North Salt Lake,"Ogden-Clearfield, UT",Davis County
94419,84054,UT,202403,1601.5,0.0019,0.0057,North Salt Lake,"Ogden-Clearfield, UT",Davis County
94419,84054,UT,202404,1605.1,0.0022,0.003,North Salt Lake,"Ogden-Clearfield, UT",Davis County
94419,84054,UT,202405,1610.56,0.0034,-0.0031,North Salt Lake,"Ogden-Clearfield, UT",Davis County
94419,84054,UT,202406,1600.62,-0.0062,-0.0045,North Salt Lake,"Ogden-Clearfield, UT",Davis County
94419,84054,UT,202407,1604.24,0.0023,0.0067,North Salt Lake,"Ogden-Clearfield, UT",Davis County
94419,84054,UT,202408,1605.95,0.0011,0.0143,North Salt Lake,"Ogden-Clearfield, UT",Davis County
94419,84054,UT,202409,1616.88,0.0068,0.0288,North Salt Lake,"Ogden-Clearfield, UT",Davis County
94419,84054,UT,202410,1604.16,-0.0079,0.011,North Salt Lake,"Ogden-Clearfield, UT",Davis County
94419,84054,UT,202411,1592.19,-0.0075,-0.0008,North Salt Lake,"Ogden-Clearfield, UT",Davis County
94419,84054,UT,202412,1573.32,-0.0119,-0.0227,North Salt Lake,"Ogden-Clearfield, UT",Davis County
94419,84054,UT,202501,1576.38,0.0019,-0.0196,North Salt Lake,"Ogden-Clearfield, UT",Davis County
94419,84054,UT,202502,1564.61,-0.0075,-0.0212,North Salt Lake,"Ogden-Clearfield, UT",Davis County
94419,84054,UT,202503,1576.03,0.0073,-0.0159,North Salt Lake,"Ogden-Clearfield, UT",Davis County
94419,84054,UT,202504,1584.09,0.0051,-0.0131,North Salt Lake,"Ogden-Clearfield, UT",Davis County
94419,84054,UT,202505,1631.0,0.0296,0.0127,North Salt Lake,"Ogden-Clearfield, UT",Davis County
94419,84054,UT,202506,1654.29,0.0143,0.0335,North Salt Lake,"Ogden-Clearfield, UT",Davis County
94419,84054,UT,202507,1666.47,0.0074,0.0388,North Salt Lake,"Ogden-Clearfield, UT",Davis County
94419,84054,UT,202508,1648.89,-0.0106,0.0267,North Salt Lake,"Ogden-Clearfield, UT",Davis County
94419,84054,UT,202509,1648.7,-0.0001,0.0197,North Salt Lake,"Ogden-Clearfield, UT",Davis County
94419,84054,UT,202510,1623.63,-0.0152,0.0121,North Salt Lake,"Ogden-Clearfield, UT",Davis County
94419,84054,UT,202511,1639.28,0.0096,0.0296,North Salt Lake,"Ogden-Clearfield, UT",Davis County
94419,84054,UT,202512,1673.62,0.021,0.0638,North Salt Lake,"Ogden-Clearfield, UT",Davis County
94419,84054,UT,202601,1684.56,0.0065,0.0686,North Salt Lake,"Ogden-Clearfield, UT",Davis County
94419,84054,UT,202602,1706.46,0.013,0.0907,North Salt Lake,"Ogden-Clearfield, UT",Davis County
94419,84054,UT,202603,1672.37,-0.02,0.0611,North Salt Lake,"Ogden-Clearfield, UT",Davis County
94419,84054,UT,202604,1715.65,0.0259,0.0831,North Salt Lake,"Ogden-Clearfield, UT",Davis County
94419,84054,UT,202605,1688.13,-0.016,0.035,North Salt Lake,"Ogden-Clearfield, UT",Davis County
94419,84054,UT,202606,1697.11,0.0053,0.0259,North Salt Lake,"Ogden-Clearfield, UT",Davis County
94419,84054,UT,202607,1674.21,-0.0135,0.0046,North Salt Lake,"Ogden-Clearfield, UT",Davis County
94419,84054,UT,202608,1684.01,0.0059,0.0213,North Salt Lake,"Ogden-Clearfield, UT",Davis County
94422,84057,UT,202311,1313.32,,,Orem,"Provo-Orem, UT",Utah County
94422,84057,UT,202312,1314.4,0.0008,,Orem,"Provo-Orem, UT",Utah County
94422,84057,UT,202401,1355.37,0.0312,,Orem,"Provo-Orem, UT",Utah County
94422,84057,UT,202402,1369.21,0.0102,,Orem,"Provo-Orem, UT",Utah County
94422,84057,UT,202403,1363.88,-0.0039,,Orem,"Provo-Orem, UT",Utah County
94422,84057,UT,202404,1368.99,0.0038,,Orem,"Provo-Orem, UT",Utah County
94422,84057,UT,202405,1371.21,0.0016,,Orem,"Provo-Orem, UT",Utah County
94422,84057,UT,202406,1394.75,0.0172,,Orem,"Provo-Orem, UT",Utah County
94422,84057,UT,202407,1405.47,0.0077,,Orem,"Provo-Orem, UT",Utah County
94422,84057,UT,202408,1415.67,0.0073,,Orem,"Provo-Orem, UT",Utah County
94422,84057,UT,202409,1414.17,-0.0011,,Orem,"Provo-Orem, UT",Utah County
94422,84057,UT,202410,1404.51,-0.0068,,Orem,"Provo-Orem, UT",Utah County
94422,84057,UT,202411,1407.57,0.0022,0.0718,Orem,"Provo-Orem, UT",Utah County
94422,84057,UT,202412,1389.66,-0.0127,0.0573,Orem,"Provo-Orem, UT",Utah County
94422,84057,UT,202501,1385.07,-0.0033,0.0219,Orem,"Provo-Orem, UT",Utah County
94422,84057,UT,202502,1373.34,-0.0085,0.003,Orem,"Provo-Orem, UT",Utah County
94422,84057,UT,202503,1397.1,0.0173,0.0244,Orem,"Provo-Orem, UT",Utah County
94422,84057,UT,202504,1401.14,0.0029,0.0235,Orem,"Provo-Orem, UT",Utah County
94422,84057,UT,202505,1420.21,0.0136,0.0357,Orem,"Provo-Orem, UT",Utah County
94422,84057,UT,202506,1429.36,0.0064,0.0248,Orem,"Provo-Orem, UT",Utah County
94422,84057,UT,202507,1438.75,0.0066,0.0237,Orem,"Provo-Orem, UT",Utah County
94422,84057,UT,202508,1431.55,-0.005,0.0112,Orem,"Provo-Orem, UT",Utah County
94422,84057,UT,202509,1456.31,0.0173,0.0298,Orem,"Provo-Orem, UT",Utah County
94422,84057,UT,202510,1482.86,0.0182,0.0558,Orem,"Provo-Orem, UT",Utah County
94422,84057,UT,202511,1486.12,0.0022,0.0558,Orem,"Provo-Orem, UT",Utah County
94422,84057,UT,202512,1460.45,-0.0173,0.0509,Orem,"Provo-Orem, UT",Utah County
94422,84057,UT,202601,1433.33,-0.0186,0.0348,Orem,"Provo-Orem, UT",Utah County
94422,84057,UT,202602,1465.1,0.0222,0.0668,Orem,"Provo-Orem, UT",Utah County
94422,84057,UT,202603,1474.22,0.0062,0.0552,Orem,"Provo-Orem, UT",Utah County
94422,84057,UT,202604,1495.72,0.0146,0.0675,Orem,"Provo-Orem, UT",Utah County
94422,84057,UT,202605,1482.21,-0.009,0.0437,Orem,"Provo-Orem, UT",Utah County
94422,84057,UT,202606,1499.12,0.0114,0.0488,Orem,"Provo-Orem, UT",Utah County
94422,84057,UT,202607,1502.05,0.002,0.044,Orem,"Provo-Orem, UT",Utah County
94422,84057,UT,202608,1500.93,-0.0007,0.0485,Orem,"Provo-Orem, UT",Utah County
94423,84058,UT,202012,1165.76,,,Orem,"Provo-Orem, UT",Utah County
94423,84058,UT,202101,1157.23,-0.0073,,Orem,"Provo-Orem, UT",Utah County
94423,84058,UT,202102,1169.56,0.0107,,Orem,"Provo-Orem, UT",Utah County
94423,84058,UT,202103,1165.7,-0.0033,,Orem,"Provo-Orem, UT",Utah County
94423,84058,UT,202104,1188.91,0.0199,,Orem,"Provo-Orem, UT",Utah County
94423,84058,UT,202105,1208.38,0.0164,,Orem,"Provo-Orem, UT",Utah County
94423,84058,UT,202106,1230.13,0.018,,Orem,"Provo-Orem, UT",Utah County
94423,84058,UT,202107,1272.94,0.0348,,Orem,"Provo-Orem, UT",Utah County
94423,84058,UT,202108,1295.01,0.0173,,Orem,"Provo-Orem, UT",Utah County
94423,84058,UT,202109,1320.67,0.0198,,Orem,"Provo-Orem, UT",Utah County
94423,84058,UT,202110,1340.92,0.0153,,Orem,"Provo-Orem, UT",Utah County
94423,84058,UT,202111,1351.19,0.0077,,Orem,"Provo-Orem, UT",Utah County
94423,84058,UT,202112,1373.48,0.0165,0.1782,Orem,"Provo-Orem, UT",Utah County
94423,84058,UT,202201,1362.42,-0.0081,0.1773,Orem,"Provo-Orem, UT",Utah County
94423,84058,UT,202202,1382.66,0.0149,0.1822,Orem,"Provo-Orem, UT",Utah County
94423,84058,UT,202203,1400.58,0.013,0.2015,Orem,"Provo-Orem, UT",Utah County
94423,84058,UT,202204,1431.32,0.0219,0.2039,Orem,"Provo-Orem, UT",Utah County
94423,84058,UT,202205,1448.83,0.0122,0.199,Orem,"Provo-Orem, UT",Utah County
94423,84058,UT,202206,1440.2,-0.006,0.1708,Orem,"Provo-Orem, UT",Utah County
94423,84058,UT,202207,1425.82,-0.01,0.1201,Orem,"Provo-Orem, UT",Utah County
94423,84058,UT,202208,1427.5,0.0012,0.1023,Orem,"Provo-Orem, UT",Utah County
94423,84058,UT,202209,1455.52,0.0196,0.1021,Orem,"Provo-Orem, UT",Utah County
94423,84058,UT,202210,1450.1,-0.0037,0.0814,Orem,"Provo-Orem, UT",Utah County
94423,84058,UT,202211,1462.61,0.0086,0.0825,Orem,"Provo-Orem, UT",Utah County
94423,84058,UT,202212,1423.58,-0.0267,0.0365,Orem,"Provo-Orem, UT",Utah County
94423,84058,UT,202301,1453.22,0.0208,0.0666,Orem,"Provo-Orem, UT",Utah County
94423,84058,UT,202302,1445.63,-0.0052,0.0455,Orem,"Provo-Orem, UT",Utah County
94423,84058,UT,202303,1470.89,0.0175,0.0502,Orem,"Provo-Orem, UT",Utah County
94423,84058,UT,202304,1463.89,-0.0048,0.0228,Orem,"Provo-Orem, UT",Utah County
94423,84058,UT,202305,1472.71,0.006,0.0165,Orem,"Provo-Orem, UT",Utah County
94423,84058,UT,202306,1488.27,0.0106,0.0334,Orem,"Provo-Orem, UT",Utah County
94423,84058,UT,202307,1486.02,-0.0015,0.0422,Orem,"Provo-Orem, UT",Utah County
94423,84058,UT,202308,1469.24,-0.0113,0.0292,Orem,"Provo-Orem, UT",Utah County
94423,84058,UT,202309,1450.49,-0.0128,-0.0035,Orem,"Provo-Orem, UT",Utah County
94423,84058,UT,202310,1457.59,0.0049,0.0052,Orem,"Provo-Orem, UT",Utah County
94423,84058,UT,202311,1462.14,0.0031,-0.0003,Orem,"Provo-Orem, UT",Utah County
94423,84058,UT,202312,1459.64,-0.0017,0.0253,Orem,"Provo-Orem, UT",Utah County
94423,84058,UT,202401,1463.35,0.0025,0.007,Orem,"Provo-Orem, UT",Utah County
94423,84058,UT,202402,1470.35,0.0048,0.0171,Orem,"Provo-Orem, UT",Utah County
94423,84058,UT,202403,1489.82,0.0132,0.0129,Orem,"Provo-Orem, UT",Utah County
94423,84058,UT,202404,1489.18,-0.0004,0.0173,Orem,"Provo-Orem, UT",Utah County
94423,84058,UT,202405,1485.35,-0.0026,0.0086,Orem,"Provo-Orem, UT",Utah County
94423,84058,UT,202406,1481.61,-0.0025,-0.0045,Orem,"Provo-Orem, UT",Utah County
94423,84058,UT,202407,1467.27,-0.0097,-0.0126,Orem,"Provo-Orem, UT",Utah County
94423,84058,UT,202408,1471.6,0.003,0.0016,Orem,"Provo-Orem, UT",Utah County
94423,84058,UT,202409,1462.54,-0.0062,0.0083,Orem,"Provo-Orem, UT",Utah County
94423,84058,UT,202410,1455.24,-0.005,-0.0016,Orem,"Provo-Orem, UT",Utah County
94423,84058,UT,202411,1432.14,-0.0159,-0.0205,Orem,"Provo-Orem, UT",Utah County
94423,84058,UT,202412,1421.75,-0.0073,-0.026,Orem,"Provo-Orem, UT",Utah County
94423,84058,UT,202501,1427.96,0.0044,-0.0242,Orem,"Provo-Orem, UT",Utah County
94423,84058,UT,202502,1452.76,0.0174,-0.012,Orem,"Provo-Orem, UT",Utah County
94423,84058,UT,202503,1453.28,0.0004,-0.0245,Orem,"Provo-Orem, UT",Utah County
94423,84058,UT,202504,1459.87,0.0045,-0.0197,Orem,"Provo-Orem, UT",Utah County
94423,84058,UT,202505,1461.55,0.0011,-0.016,Orem,"Provo-Orem, UT",Utah County
94423,84058,UT,202506,1483.89,0.0153,0.0015,Orem,"Provo-Orem, UT",Utah County
94423,84058,UT,202507,1492.66,0.0059,0.0173,Orem,"Provo-Orem, UT",Utah County
94423,84058,UT,202508,1497.52,0.0033,0.0176,Orem,"Provo-Orem, UT",Utah County
94423,84058,UT,202509,1480.4,-0.0114,0.0122,Orem,"Provo-Orem, UT",Utah County
94423,84058,UT,202510,1480.65,0.0002,0.0175,Orem,"Provo-Orem, UT",Utah County
94423,84058,UT,202511,1476.62,-0.0027,0.0311,Orem,"Provo-Orem, UT",Utah County
94423,84058,UT,202512,1463.19,-0.0091,0.0291,Orem,"Provo-Orem, UT",Utah County
94423,84058,UT,202601,1466.6,0.0023,0.0271,Orem,"Provo-Orem, UT",Utah County
94423,84058,UT,202602,1458.46,-0.0056,0.0039,Orem,"Provo-Orem, UT",Utah County
94423,84058,UT,202603,1490.01,0.0216,0.0253,Orem,"Provo-Orem, UT",Utah County
94423,84058,UT,202604,1470.98,-0.0128,0.0076,Orem,"Provo-Orem, UT",Utah County
94423,84058,UT,202605,1493.6,0.0154,0.0219,Orem,"Provo-Orem, UT",Utah County
94423,84058,UT,202606,1498.3,0.0031,0.0097,Orem,"Provo-Orem, UT",Utah County
94423,84058,UT,202607,1511.32,0.0087,0.0125,Orem,"Provo-Orem, UT",Utah County
94423,84058,UT,202608,1504.65,-0.0044,0.0048,Orem,"Provo-Orem, UT",Utah County
94424,84059,UT,202311,1802.7,,,Vineyard,"Provo-Orem, UT",Utah County
94424,84059,UT,202312,1754.87,-0.0265,,Vineyard,"Provo-Orem, UT",Utah County
94424,84059,UT,202401,1719.8,-0.02,,Vineyard,"Provo-Orem, UT",Utah County
94424,84059,UT,202402,1723.13,0.0019,,Vineyard,"Provo-Orem, UT",Utah County
94424,84059,UT,202403,1762.74,0.023,,Vineyard,"Provo-Orem, UT",Utah County
94424,84059,UT,202404,1783.25,0.0116,,Vineyard,"Provo-Orem, UT",Utah County
94424,84059,UT,202405,1793.46,0.0057,,Vineyard,"Provo-Orem, UT",Utah County
94424,84059,UT,202406,1790.24,-0.0018,,Vineyard,"Provo-Orem, UT",Utah County
94424,84059,UT,202407,1813.18,0.0128,,Vineyard,"Provo-Orem, UT",Utah County
94424,84059,UT,202408,1822.9,0.0054,,Vineyard,"Provo-Orem, UT",Utah County
94424,84059,UT,202409,1812.77,-0.0056,,Vineyard,"Provo-Orem, UT",Utah County
94424,84059,UT,202410,1793.96,-0.0104,,Vineyard,"Provo-Orem, UT",Utah County
94424,84059,UT,202411,1784.54,-0.0052,-0.0101,Vineyard,"Provo-Orem, UT",Utah County
94424,84059,UT,202412,1787.72,0.0018,0.0187,Vineyard,"Provo-Orem, UT",Utah County
94424,84059,UT,202501,1769.47,-0.0102,0.0289,Vineyard,"Provo-Orem, UT",Utah County
94424,84059,UT,202502,1758.97,-0.0059,0.0208,Vineyard,"Provo-Orem, UT",Utah County
94424,84059,UT,202503,1770.92,0.0068,0.0046,Vineyard,"Provo-Orem, UT",Utah County
94424,84059,UT,202504,1785.97,0.0085,0.0015,Vineyard,"Provo-Orem, UT",Utah County
94424,84059,UT,202505,1784.81,-0.0006,-0.0048,Vineyard,"Provo-Orem, UT",Utah County
94424,84059,UT,202506,1773.22,-0.0065,-0.0095,Vineyard,"Provo-Orem, UT",Utah County
94424,84059,UT,202507,1783.28,0.0057,-0.0165,Vineyard,"Provo-Orem, UT",Utah County
94424,84059,UT,202508,1785.55,0.0013,-0.0205,Vineyard,"Provo-Orem, UT",Utah County
94424,84059,UT,202509,1770.34,-0.0085,-0.0234,Vineyard,"Provo-Orem, UT",Utah County
94424,84059,UT,202510,1760.32,-0.0057,-0.0188,Vineyard,"Provo-Orem, UT",Utah County
94424,84059,UT,202511,1736.54,-0.0135,-0.0269,Vineyard,"Provo-Orem, UT",Utah County
94424,84059,UT,202601,1714.34,-0.0128,-0.041,Vineyard,"Provo-Orem, UT",Utah County
94424,84059,UT,202602,1737.51,0.0135,-0.0181,Vineyard,"Provo-Orem, UT",Utah County
94424,84059,UT,202603,1780.74,0.0249,0.0124,Vineyard,"Provo-Orem, UT",Utah County
94424,84059,UT,202604,1798.0,0.0097,0.0153,Vineyard,"Provo-Orem, UT",Utah County
94424,84059,UT,202605,1816.6,0.0103,0.0172,Vineyard,"Provo-Orem, UT",Utah County
94424,84059,UT,202606,1806.54,-0.0055,0.0122,Vineyard,"Provo-Orem, UT",Utah County
94424,84059,UT,202607,1778.3,-0.0156,0.0029,Vineyard,"Provo-Orem, UT",Utah County
94424,84059,UT,202608,1777.49,-0.0005,-0.0032,Vineyard,"Provo-Orem, UT",Utah County
94425,84060,UT,202601,2565.67,,,Park City,"Heber, UT",Summit County
94425,84060,UT,202602,2603.52,0.0148,,Park City,"Heber, UT",Summit County
94425,84060,UT,202603,2636.39,0.0126,,Park City,"Heber, UT",Summit County
94425,84060,UT,202605,3193.39,0.2113,,Park City,"Heber, UT",Summit County
94425,84060,UT,202606,3392.89,0.0625,,Park City,"Heber, UT",Summit County
94425,84060,UT,202607,3011.13,-0.1125,,Park City,"Heber, UT",Summit County
94425,84060,UT,202608,3110.42,0.033,,Park City,"Heber, UT",Summit County
94427,84062,UT,202203,1538.36,,,Pleasant Grove,"Provo-Orem, UT",Utah County
94427,84062,UT,202204,1546.35,0.0052,,Pleasant Grove,"Provo-Orem, UT",Utah County
94427,84062,UT,202205,1559.46,0.0085,,Pleasant Grove,"Provo-Orem, UT",Utah County
94427,84062,UT,202206,1542.23,-0.011,,Pleasant Grove,"Provo-Orem, UT",Utah County
94427,84062,UT,202207,1542.51,0.0002,,Pleasant Grove,"Provo-Orem, UT",Utah County
94427,84062,UT,202208,1532.03,-0.0068,,Pleasant Grove,"Provo-Orem, UT",Utah County
94427,84062,UT,202209,1547.3,0.01,,Pleasant Grove,"Provo-Orem, UT",Utah County
94427,84062,UT,202210,1546.31,-0.0006,,Pleasant Grove,"Provo-Orem, UT",Utah County
94427,84062,UT,202211,1536.45,-0.0064,,Pleasant Grove,"Provo-Orem, UT",Utah County
94427,84062,UT,202212,1558.26,0.0142,,Pleasant Grove,"Provo-Orem, UT",Utah County
94427,84062,UT,202301,1581.14,0.0147,,Pleasant Grove,"Provo-Orem, UT",Utah County
94427,84062,UT,202302,1603.89,0.0144,,Pleasant Grove,"Provo-Orem, UT",Utah County
94427,84062,UT,202303,1607.27,0.0021,0.0448,Pleasant Grove,"Provo-Orem, UT",Utah County
94427,84062,UT,202304,1603.19,-0.0025,0.0368,Pleasant Grove,"Provo-Orem, UT",Utah County
94427,84062,UT,202305,1593.24,-0.0062,0.0217,Pleasant Grove,"Provo-Orem, UT",Utah County
94427,84062,UT,202306,1579.4,-0.0087,0.0241,Pleasant Grove,"Provo-Orem, UT",Utah County
94427,84062,UT,202307,1587.53,0.0052,0.0292,Pleasant Grove,"Provo-Orem, UT",Utah County
94427,84062,UT,202308,1591.22,0.0023,0.0386,Pleasant Grove,"Provo-Orem, UT",Utah County
94427,84062,UT,202309,1597.84,0.0042,0.0327,Pleasant Grove,"Provo-Orem, UT",Utah County
94427,84062,UT,202310,1592.21,-0.0035,0.0297,Pleasant Grove,"Provo-Orem, UT",Utah County
94427,84062,UT,202311,1596.22,0.0025,0.0389,Pleasant Grove,"Provo-Orem, UT",Utah County
94427,84062,UT,202312,1584.32,-0.0075,0.0167,Pleasant Grove,"Provo-Orem, UT",Utah County
94427,84062,UT,202401,1611.58,0.0172,0.0193,Pleasant Grove,"Provo-Orem, UT",Utah County
94427,84062,UT,202402,1620.68,0.0056,0.0105,Pleasant Grove,"Provo-Orem, UT",Utah County
94427,84062,UT,202403,1641.58,0.0129,0.0213,Pleasant Grove,"Provo-Orem, UT",Utah County
94427,84062,UT,202404,1625.26,-0.0099,0.0138,Pleasant Grove,"Provo-Orem, UT",Utah County
94427,84062,UT,202405,1621.72,-0.0022,0.0179,Pleasant Grove,"Provo-Orem, UT",Utah County
94427,84062,UT,202406,1632.0,0.0063,0.0333,Pleasant Grove,"Provo-Orem, UT",Utah County
94427,84062,UT,202407,1632.51,0.0003,0.0283,Pleasant Grove,"Provo-Orem, UT",Utah County
94427,84062,UT,202408,1644.56,0.0074,0.0335,Pleasant Grove,"Provo-Orem, UT",Utah County
94427,84062,UT,202409,1627.63,-0.0103,0.0186,Pleasant Grove,"Provo-Orem, UT",Utah County
94427,84062,UT,202410,1616.74,-0.0067,0.0154,Pleasant Grove,"Provo-Orem, UT",Utah County
94427,84062,UT,202411,1617.99,0.0008,0.0136,Pleasant Grove,"Provo-Orem, UT",Utah County
94427,84062,UT,202412,1601.08,-0.0105,0.0106,Pleasant Grove,"Provo-Orem, UT",Utah County
94427,84062,UT,202501,1586.95,-0.0088,-0.0153,Pleasant Grove,"Provo-Orem, UT",Utah County
94427,84062,UT,202502,1567.94,-0.012,-0.0325,Pleasant Grove,"Provo-Orem, UT",Utah County
94427,84062,UT,202503,1604.55,0.0233,-0.0226,Pleasant Grove,"Provo-Orem, UT",Utah County
94427,84062,UT,202504,1639.0,0.0215,0.0085,Pleasant Grove,"Provo-Orem, UT",Utah County
94427,84062,UT,202505,1665.62,0.0162,0.0271,Pleasant Grove,"Provo-Orem, UT",Utah County
94427,84062,UT,202506,1669.56,0.0024,0.023,Pleasant Grove,"Provo-Orem, UT",Utah County
94427,84062,UT,202507,1676.7,0.0043,0.0271,Pleasant Grove,"Provo-Orem, UT",Utah County
94427,84062,UT,202508,1689.99,0.0079,0.0276,Pleasant Grove,"Provo-Orem, UT",Utah County
94427,84062,UT,202509,1672.92,-0.0101,0.0278,Pleasant Grove,"Provo-Orem, UT",Utah County
94427,84062,UT,202510,1682.17,0.0055,0.0405,Pleasant Grove,"Provo-Orem, UT",Utah County
94427,84062,UT,202511,1663.26,-0.0112,0.028,Pleasant Grove,"Provo-Orem, UT",Utah County
94427,84062,UT,202512,1672.71,0.0057,0.0447,Pleasant Grove,"Provo-Orem, UT",Utah County
94427,84062,UT,202601,1653.24,-0.0116,0.0418,Pleasant Grove,"Provo-Orem, UT",Utah County
94427,84062,UT,202602,1660.27,0.0042,0.0589,Pleasant Grove,"Provo-Orem, UT",Utah County
94427,84062,UT,202603,1666.86,0.004,0.0388,Pleasant Grove,"Provo-Orem, UT",Utah County
94427,84062,UT,202604,1675.25,0.005,0.0221,Pleasant Grove,"Provo-Orem, UT",Utah County
94427,84062,UT,202605,1677.45,0.0013,0.0071,Pleasant Grove,"Provo-Orem, UT",Utah County
94427,84062,UT,202606,1693.87,0.0098,0.0146,Pleasant Grove,"Provo-Orem, UT",Utah County
94427,84062,UT,202607,1713.84,0.0118,0.0222,Pleasant Grove,"Provo-Orem, UT",Utah County
94427,84062,UT,202608,1732.13,0.0107,0.0249,Pleasant Grove,"Provo-Orem, UT",Utah County
94430,84065,UT,202012,1675.36,,,Riverton,"Salt Lake City, UT",Salt Lake County
94430,84065,UT,202101,1687.62,0.0073,,Riverton,"Salt Lake City, UT",Salt Lake County
94430,84065,UT,202102,1739.35,0.0307,,Riverton,"Salt Lake City, UT",Salt Lake County
94430,84065,UT,202103,1764.28,0.0143,,Riverton,"Salt Lake City, UT",Salt Lake County
94430,84065,UT,202104,1821.3,0.0323,,Riverton,"Salt Lake City, UT",Salt Lake County
94430,84065,UT,202105,1839.24,0.0098,,Riverton,"Salt Lake City, UT",Salt Lake County
94430,84065,UT,202106,1880.96,0.0227,,Riverton,"Salt Lake City, UT",Salt Lake County
94430,84065,UT,202107,1940.28,0.0315,,Riverton,"Salt Lake City, UT",Salt Lake County
94430,84065,UT,202108,1958.83,0.0096,,Riverton,"Salt Lake City, UT",Salt Lake County
94430,84065,UT,202109,1949.19,-0.0049,,Riverton,"Salt Lake City, UT",Salt Lake County
94430,84065,UT,202110,1940.88,-0.0043,,Riverton,"Salt Lake City, UT",Salt Lake County
94430,84065,UT,202111,1947.17,0.0032,,Riverton,"Salt Lake City, UT",Salt Lake County
94430,84065,UT,202112,1982.97,0.0184,0.1836,Riverton,"Salt Lake City, UT",Salt Lake County
94430,84065,UT,202201,1966.12,-0.0085,0.165,Riverton,"Salt Lake City, UT",Salt Lake County
94430,84065,UT,202202,1994.04,0.0142,0.1464,Riverton,"Salt Lake City, UT",Salt Lake County
94430,84065,UT,202203,1988.01,-0.003,0.1268,Riverton,"Salt Lake City, UT",Salt Lake County
94430,84065,UT,202204,2039.37,0.0258,0.1197,Riverton,"Salt Lake City, UT",Salt Lake County
94430,84065,UT,202205,2056.33,0.0083,0.118,Riverton,"Salt Lake City, UT",Salt Lake County
94430,84065,UT,202206,2077.13,0.0101,0.1043,Riverton,"Salt Lake City, UT",Salt Lake County
94430,84065,UT,202207,2089.05,0.0057,0.0767,Riverton,"Salt Lake City, UT",Salt Lake County
94430,84065,UT,202208,2075.96,-0.0063,0.0598,Riverton,"Salt Lake City, UT",Salt Lake County
94430,84065,UT,202209,2041.43,-0.0166,0.0473,Riverton,"Salt Lake City, UT",Salt Lake County
94430,84065,UT,202210,2014.7,-0.0131,0.038,Riverton,"Salt Lake City, UT",Salt Lake County
94430,84065,UT,202211,2005.43,-0.0046,0.0299,Riverton,"Salt Lake City, UT",Salt Lake County
94430,84065,UT,202212,2046.08,0.0203,0.0318,Riverton,"Salt Lake City, UT",Salt Lake County
94430,84065,UT,202301,2039.63,-0.0032,0.0374,Riverton,"Salt Lake City, UT",Salt Lake County
94430,84065,UT,202302,2044.83,0.0025,0.0255,Riverton,"Salt Lake City, UT",Salt Lake County
94430,84065,UT,202303,2049.46,0.0023,0.0309,Riverton,"Salt Lake City, UT",Salt Lake County
94430,84065,UT,202304,2066.87,0.0085,0.0135,Riverton,"Salt Lake City, UT",Salt Lake County
94430,84065,UT,202305,2084.3,0.0084,0.0136,Riverton,"Salt Lake City, UT",Salt Lake County
94430,84065,UT,202306,2085.96,0.0008,0.0042,Riverton,"Salt Lake City, UT",Salt Lake County
94430,84065,UT,202307,2097.87,0.0057,0.0042,Riverton,"Salt Lake City, UT",Salt Lake County
94430,84065,UT,202308,2106.13,0.0039,0.0145,Riverton,"Salt Lake City, UT",Salt Lake County
94430,84065,UT,202309,2113.69,0.0036,0.0354,Riverton,"Salt Lake City, UT",Salt Lake County
94430,84065,UT,202310,2100.08,-0.0064,0.0424,Riverton,"Salt Lake City, UT",Salt Lake County
94430,84065,UT,202311,2073.21,-0.0128,0.0338,Riverton,"Salt Lake City, UT",Salt Lake County
94430,84065,UT,202312,2060.82,-0.006,0.0072,Riverton,"Salt Lake City, UT",Salt Lake County
94430,84065,UT,202401,2066.84,0.0029,0.0133,Riverton,"Salt Lake City, UT",Salt Lake County
94430,84065,UT,202402,2091.04,0.0117,0.0226,Riverton,"Salt Lake City, UT",Salt Lake County
94430,84065,UT,202403,2096.81,0.0028,0.0231,Riverton,"Salt Lake City, UT",Salt Lake County
94430,84065,UT,202404,2111.41,0.007,0.0215,Riverton,"Salt Lake City, UT",Salt Lake County
94430,84065,UT,202405,2112.73,0.0006,0.0136,Riverton,"Salt Lake City, UT",Salt Lake County
94430,84065,UT,202406,2117.91,0.0025,0.0153,Riverton,"Salt Lake City, UT",Salt Lake County
94430,84065,UT,202407,2098.29,-0.0093,0.0002,Riverton,"Salt Lake City, UT",Salt Lake County
94430,84065,UT,202408,2084.48,-0.0066,-0.0103,Riverton,"Salt Lake City, UT",Salt Lake County
94430,84065,UT,202409,2082.13,-0.0011,-0.0149,Riverton,"Salt Lake City, UT",Salt Lake County
94430,84065,UT,202410,2107.93,0.0124,0.0037,Riverton,"Salt Lake City, UT",Salt Lake County
94430,84065,UT,202411,2129.88,0.0104,0.0273,Riverton,"Salt Lake City, UT",Salt Lake County
94430,84065,UT,202412,2122.04,-0.0037,0.0297,Riverton,"Salt Lake City, UT",Salt Lake County
94430,84065,UT,202501,2096.3,-0.0121,0.0143,Riverton,"Salt Lake City, UT",Salt Lake County
94430,84065,UT,202502,2120.23,0.0114,0.014,Riverton,"Salt Lake City, UT",Salt Lake County
94430,84065,UT,202503,2152.51,0.0152,0.0266,Riverton,"Salt Lake City, UT",Salt Lake County
94430,84065,UT,202504,2192.8,0.0187,0.0385,Riverton,"Salt Lake City, UT",Salt Lake County
94430,84065,UT,202505,2184.51,-0.0038,0.034,Riverton,"Salt Lake City, UT",Salt Lake County
94430,84065,UT,202506,2181.41,-0.0014,0.03,Riverton,"Salt Lake City, UT",Salt Lake County
94430,84065,UT,202507,2176.29,-0.0023,0.0372,Riverton,"Salt Lake City, UT",Salt Lake County
94430,84065,UT,202508,2166.79,-0.0044,0.0395,Riverton,"Salt Lake City, UT",Salt Lake County
94430,84065,UT,202509,2165.17,-0.0008,0.0399,Riverton,"Salt Lake City, UT",Salt Lake County
94430,84065,UT,202510,2150.52,-0.0068,0.0202,Riverton,"Salt Lake City, UT",Salt Lake County
94430,84065,UT,202511,2175.19,0.0115,0.0213,Riverton,"Salt Lake City, UT",Salt Lake County
94430,84065,UT,202512,2205.94,0.0141,0.0395,Riverton,"Salt Lake City, UT",Salt Lake County
94430,84065,UT,202601,2229.47,0.0107,0.0635,Riverton,"Salt Lake City, UT",Salt Lake County
94430,84065,UT,202602,2199.1,-0.0136,0.0372,Riverton,"Salt Lake City, UT",Salt Lake County
94430,84065,UT,202603,2217.95,0.0086,0.0304,Riverton,"Salt Lake City, UT",Salt Lake County
94430,84065,UT,202604,2222.49,0.0021,0.0135,Riverton,"Salt Lake City, UT",Salt Lake County
94430,84065,UT,202605,2261.95,0.0178,0.0355,Riverton,"Salt Lake City, UT",Salt Lake County
94430,84065,UT,202606,2215.05,-0.0207,0.0154,Riverton,"Salt Lake City, UT",Salt Lake County
94430,84065,UT,202607,2225.21,0.0046,0.0225,Riverton,"Salt Lake City, UT",Salt Lake County
94430,84065,UT,202608,2234.64,0.0042,0.0313,Riverton,"Salt Lake City, UT",Salt Lake County
94432,84067,UT,202301,1424.15,,,Roy,"Ogden-Clearfield, UT",Weber County
94432,84067,UT,202302,1441.65,0.0123,,Roy,"Ogden-Clearfield, UT",Weber County
94432,84067,UT,202303,1517.63,0.0527,,Roy,"Ogden-Clearfield, UT",Weber County
94432,84067,UT,202304,1539.96,0.0147,,Roy,"Ogden-Clearfield, UT",Weber County
94432,84067,UT,202305,1534.18,-0.0038,,Roy,"Ogden-Clearfield, UT",Weber County
94432,84067,UT,202306,1562.83,0.0187,,Roy,"Ogden-Clearfield, UT",Weber County
94432,84067,UT,202307,1586.98,0.0154,,Roy,"Ogden-Clearfield, UT",Weber County
94432,84067,UT,202308,1611.41,0.0154,,Roy,"Ogden-Clearfield, UT",Weber County
94432,84067,UT,202309,1600.87,-0.0065,,Roy,"Ogden-Clearfield, UT",Weber County
94432,84067,UT,202310,1594.95,-0.0037,,Roy,"Ogden-Clearfield, UT",Weber County
94432,84067,UT,202311,1571.09,-0.015,,Roy,"Ogden-Clearfield, UT",Weber County
94432,84067,UT,202312,1556.16,-0.0095,,Roy,"Ogden-Clearfield, UT",Weber County
94432,84067,UT,202401,1548.95,-0.0046,0.0876,Roy,"Ogden-Clearfield, UT",Weber County
94432,84067,UT,202402,1597.33,0.0312,0.108,Roy,"Ogden-Clearfield, UT",Weber County
94432,84067,UT,202403,1623.23,0.0162,0.0696,Roy,"Ogden-Clearfield, UT",Weber County
94432,84067,UT,202404,1649.28,0.016,0.071,Roy,"Ogden-Clearfield, UT",Weber County
94432,84067,UT,202405,1627.62,-0.0131,0.0609,Roy,"Ogden-Clearfield, UT",Weber County
94432,84067,UT,202406,1604.18,-0.0144,0.0265,Roy,"Ogden-Clearfield, UT",Weber County
94432,84067,UT,202407,1588.68,-0.0097,0.0011,Roy,"Ogden-Clearfield, UT",Weber County
94432,84067,UT,202408,1625.0,0.0229,0.0084,Roy,"Ogden-Clearfield, UT",Weber County
94432,84067,UT,202409,1631.42,0.004,0.0191,Roy,"Ogden-Clearfield, UT",Weber County
94432,84067,UT,202410,1619.3,-0.0074,0.0153,Roy,"Ogden-Clearfield, UT",Weber County
94432,84067,UT,202411,1565.94,-0.033,-0.0033,Roy,"Ogden-Clearfield, UT",Weber County
94432,84067,UT,202412,1542.64,-0.0149,-0.0087,Roy,"Ogden-Clearfield, UT",Weber County
94432,84067,UT,202501,1544.13,0.001,-0.0031,Roy,"Ogden-Clearfield, UT",Weber County
94432,84067,UT,202502,1561.51,0.0113,-0.0224,Roy,"Ogden-Clearfield, UT",Weber County
94432,84067,UT,202503,1594.22,0.0209,-0.0179,Roy,"Ogden-Clearfield, UT",Weber County
94432,84067,UT,202504,1596.57,0.0015,-0.032,Roy,"Ogden-Clearfield, UT",Weber County
94432,84067,UT,202505,1617.04,0.0128,-0.0065,Roy,"Ogden-Clearfield, UT",Weber County
94432,84067,UT,202506,1641.68,0.0152,0.0234,Roy,"Ogden-Clearfield, UT",Weber County
94432,84067,UT,202507,1671.58,0.0182,0.0522,Roy,"Ogden-Clearfield, UT",Weber County
94432,84067,UT,202508,1665.67,-0.0035,0.025,Roy,"Ogden-Clearfield, UT",Weber County
94432,84067,UT,202509,1660.38,-0.0032,0.0178,Roy,"Ogden-Clearfield, UT",Weber County
94432,84067,UT,202510,1616.76,-0.0263,-0.0016,Roy,"Ogden-Clearfield, UT",Weber County
94432,84067,UT,202511,1574.81,-0.0259,0.0057,Roy,"Ogden-Clearfield, UT",Weber County
94432,84067,UT,202512,1558.26,-0.0105,0.0101,Roy,"Ogden-Clearfield, UT",Weber County
94432,84067,UT,202601,1583.18,0.016,0.0253,Roy,"Ogden-Clearfield, UT",Weber County
94432,84067,UT,202602,1600.2,0.0108,0.0248,Roy,"Ogden-Clearfield, UT",Weber County
94432,84067,UT,202603,1595.59,-0.0029,0.0009,Roy,"Ogden-Clearfield, UT",Weber County
94432,84067,UT,202604,1589.59,-0.0038,-0.0044,Roy,"Ogden-Clearfield, UT",Weber County
94432,84067,UT,202605,1609.89,0.0128,-0.0044,Roy,"Ogden-Clearfield, UT",Weber County
94432,84067,UT,202606,1628.28,0.0114,-0.0082,Roy,"Ogden-Clearfield, UT",Weber County
94432,84067,UT,202607,1644.65,0.0101,-0.0161,Roy,"Ogden-Clearfield, UT",Weber County
94432,84067,UT,202608,1658.34,0.0083,-0.0044,Roy,"Ogden-Clearfield, UT",Weber County
94435,84070,UT,201901,1302.24,,,Sandy,"Salt Lake City, UT",Salt Lake County
94435,84070,UT,201902,1285.94,-0.0125,,Sandy,"Salt Lake City, UT",Salt Lake County
94435,84070,UT,201903,1268.0,-0.014,,Sandy,"Salt Lake City, UT",Salt Lake County
94435,84070,UT,201904,1248.55,-0.0153,,Sandy,"Salt Lake City, UT",Salt Lake County
94435,84070,UT,201905,1257.36,0.0071,,Sandy,"Salt Lake City, UT",Salt Lake County
94435,84070,UT,201906,1279.89,0.0179,,Sandy,"Salt Lake City, UT",Salt Lake County
94435,84070,UT,201907,1290.16,0.008,,Sandy,"Salt Lake City, UT",Salt Lake County
94435,84070,UT,201908,1287.5,-0.0021,,Sandy,"Salt Lake City, UT",Salt Lake County
94435,84070,UT,201909,1273.84,-0.0106,,Sandy,"Salt Lake City, UT",Salt Lake County
94435,84070,UT,201910,1270.18,-0.0029,,Sandy,"Salt Lake City, UT",Salt Lake County
94435,84070,UT,201911,1266.32,-0.003,,Sandy,"Salt Lake City, UT",Salt Lake County
94435,84070,UT,201912,1262.11,-0.0033,,Sandy,"Salt Lake City, UT",Salt Lake County
94435,84070,UT,202001,1280.46,0.0145,-0.0167,Sandy,"Salt Lake City, UT",Salt Lake County
94435,84070,UT,202002,1299.51,0.0149,0.0105,Sandy,"Salt Lake City, UT",Salt Lake County
94435,84070,UT,202003,1322.92,0.018,0.0433,Sandy,"Salt Lake City, UT",Salt Lake County
94435,84070,UT,202004,1303.34,-0.0148,0.0439,Sandy,"Salt Lake City, UT",Salt Lake County
94435,84070,UT,202005,1298.67,-0.0036,0.0329,Sandy,"Salt Lake City, UT",Salt Lake County
94435,84070,UT,202006,1290.77,-0.0061,0.0085,Sandy,"Salt Lake City, UT",Salt Lake County
94435,84070,UT,202007,1298.07,0.0057,0.0061,Sandy,"Salt Lake City, UT",Salt Lake County
94435,84070,UT,202008,1298.84,0.0006,0.0088,Sandy,"Salt Lake City, UT",Salt Lake County
94435,84070,UT,202009,1299.94,0.0008,0.0205,Sandy,"Salt Lake City, UT",Salt Lake County
94435,84070,UT,202010,1311.29,0.0087,0.0324,Sandy,"Salt Lake City, UT",Salt Lake County
94435,84070,UT,202011,1318.76,0.0057,0.0414,Sandy,"Salt Lake City, UT",Salt Lake County
94435,84070,UT,202012,1344.59,0.0196,0.0653,Sandy,"Salt Lake City, UT",Salt Lake County
94435,84070,UT,202101,1349.09,0.0033,0.0536,Sandy,"Salt Lake City, UT",Salt Lake County
94435,84070,UT,202102,1351.9,0.0021,0.0403,Sandy,"Salt Lake City, UT",Salt Lake County
94435,84070,UT,202103,1346.36,-0.0041,0.0177,Sandy,"Salt Lake City, UT",Salt Lake County
94435,84070,UT,202104,1353.23,0.0051,0.0383,Sandy,"Salt Lake City, UT",Salt Lake County
94435,84070,UT,202105,1381.36,0.0208,0.0637,Sandy,"Salt Lake City, UT",Salt Lake County
94435,84070,UT,202106,1408.45,0.0196,0.0912,Sandy,"Salt Lake City, UT",Salt Lake County
94435,84070,UT,202107,1450.32,0.0297,0.1173,Sandy,"Salt Lake City, UT",Salt Lake County
94435,84070,UT,202108,1465.34,0.0104,0.1282,Sandy,"Salt Lake City, UT",Salt Lake County
94435,84070,UT,202109,1495.85,0.0208,0.1507,Sandy,"Salt Lake City, UT",Salt Lake County
94435,84070,UT,202110,1532.28,0.0244,0.1685,Sandy,"Salt Lake City, UT",Salt Lake County
94435,84070,UT,202111,1584.67,0.0342,0.2016,Sandy,"Salt Lake City, UT",Salt Lake County
94435,84070,UT,202112,1593.96,0.0059,0.1855,Sandy,"Salt Lake City, UT",Salt Lake County
94435,84070,UT,202201,1591.39,-0.0016,0.1796,Sandy,"Salt Lake City, UT",Salt Lake County
94435,84070,UT,202202,1586.51,-0.0031,0.1735,Sandy,"Salt Lake City, UT",Salt Lake County
94435,84070,UT,202203,1622.24,0.0225,0.2049,Sandy,"Salt Lake City, UT",Salt Lake County
94435,84070,UT,202204,1652.47,0.0186,0.2211,Sandy,"Salt Lake City, UT",Salt Lake County
94435,84070,UT,202205,1677.36,0.0151,0.2143,Sandy,"Salt Lake City, UT",Salt Lake County
94435,84070,UT,202206,1664.71,-0.0075,0.1819,Sandy,"Salt Lake City, UT",Salt Lake County
94435,84070,UT,202207,1644.98,-0.0119,0.1342,Sandy,"Salt Lake City, UT",Salt Lake County
94435,84070,UT,202208,1620.89,-0.0146,0.1062,Sandy,"Salt Lake City, UT",Salt Lake County
94435,84070,UT,202209,1628.14,0.0045,0.0884,Sandy,"Salt Lake City, UT",Salt Lake County
94435,84070,UT,202210,1623.67,-0.0027,0.0596,Sandy,"Salt Lake City, UT",Salt Lake County
94435,84070,UT,202211,1591.35,-0.0199,0.0042,Sandy,"Salt Lake City, UT",Salt Lake County
94435,84070,UT,202212,1571.9,-0.0122,-0.0138,Sandy,"Salt Lake City, UT",Salt Lake County
94435,84070,UT,202301,1560.54,-0.0072,-0.0194,Sandy,"Salt Lake City, UT",Salt Lake County
94435,84070,UT,202302,1579.38,0.0121,-0.0045,Sandy,"Salt Lake City, UT",Salt Lake County
94435,84070,UT,202303,1601.59,0.0141,-0.0127,Sandy,"Salt Lake City, UT",Salt Lake County
94435,84070,UT,202304,1626.02,0.0153,-0.016,Sandy,"Salt Lake City, UT",Salt Lake County
94435,84070,UT,202305,1646.47,0.0126,-0.0184,Sandy,"Salt Lake City, UT",Salt Lake County
94435,84070,UT,202306,1635.97,-0.0064,-0.0173,Sandy,"Salt Lake City, UT",Salt Lake County
94435,84070,UT,202307,1622.38,-0.0083,-0.0137,Sandy,"Salt Lake City, UT",Salt Lake County
94435,84070,UT,202308,1616.77,-0.0035,-0.0025,Sandy,"Salt Lake City, UT",Salt Lake County
94435,84070,UT,202309,1638.83,0.0136,0.0066,Sandy,"Salt Lake City, UT",Salt Lake County
94435,84070,UT,202310,1643.26,0.0027,0.0121,Sandy,"Salt Lake City, UT",Salt Lake County
94435,84070,UT,202311,1645.14,0.0011,0.0338,Sandy,"Salt Lake City, UT",Salt Lake County
94435,84070,UT,202312,1607.39,-0.0229,0.0226,Sandy,"Salt Lake City, UT",Salt Lake County
94435,84070,UT,202401,1604.13,-0.002,0.0279,Sandy,"Salt Lake City, UT",Salt Lake County
94435,84070,UT,202402,1591.59,-0.0078,0.0077,Sandy,"Salt Lake City, UT",Salt Lake County
94435,84070,UT,202403,1592.72,0.0007,-0.0055,Sandy,"Salt Lake City, UT",Salt Lake County
94435,84070,UT,202404,1613.42,0.013,-0.0077,Sandy,"Salt Lake City, UT",Salt Lake County
94435,84070,UT,202405,1632.66,0.0119,-0.0084,Sandy,"Salt Lake City, UT",Salt Lake County
94435,84070,UT,202406,1651.07,0.0113,0.0092,Sandy,"Salt Lake City, UT",Salt Lake County
94435,84070,UT,202407,1648.42,-0.0016,0.016,Sandy,"Salt Lake City, UT",Salt Lake County
94435,84070,UT,202408,1635.44,-0.0079,0.0116,Sandy,"Salt Lake City, UT",Salt Lake County
94435,84070,UT,202409,1618.35,-0.0105,-0.0125,Sandy,"Salt Lake City, UT",Salt Lake County
94435,84070,UT,202410,1587.12,-0.0193,-0.0342,Sandy,"Salt Lake City, UT",Salt Lake County
94435,84070,UT,202411,1584.52,-0.0016,-0.0368,Sandy,"Salt Lake City, UT",Salt Lake County
94435,84070,UT,202412,1589.7,0.0033,-0.011,Sandy,"Salt Lake City, UT",Salt Lake County
94435,84070,UT,202501,1595.44,0.0036,-0.0054,Sandy,"Salt Lake City, UT",Salt Lake County
94435,84070,UT,202502,1609.09,0.0086,0.011,Sandy,"Salt Lake City, UT",Salt Lake County
94435,84070,UT,202503,1618.08,0.0056,0.0159,Sandy,"Salt Lake City, UT",Salt Lake County
94435,84070,UT,202504,1627.13,0.0056,0.0085,Sandy,"Salt Lake City, UT",Salt Lake County
94435,84070,UT,202505,1633.3,0.0038,0.0004,Sandy,"Salt Lake City, UT",Salt Lake County
94435,84070,UT,202506,1643.24,0.0061,-0.0047,Sandy,"Salt Lake City, UT",Salt Lake County
94435,84070,UT,202507,1659.03,0.0096,0.0064,Sandy,"Salt Lake City, UT",Salt Lake County
94435,84070,UT,202508,1645.29,-0.0083,0.006,Sandy,"Salt Lake City, UT",Salt Lake County
94435,84070,UT,202509,1603.58,-0.0254,-0.0091,Sandy,"Salt Lake City, UT",Salt Lake County
94435,84070,UT,202510,1580.94,-0.0141,-0.0039,Sandy,"Salt Lake City, UT",Salt Lake County
94435,84070,UT,202511,1577.16,-0.0024,-0.0046,Sandy,"Salt Lake City, UT",Salt Lake County
94435,84070,UT,202512,1593.18,0.0102,0.0022,Sandy,"Salt Lake City, UT",Salt Lake County
94435,84070,UT,202601,1574.33,-0.0118,-0.0132,Sandy,"Salt Lake City, UT",Salt Lake County
94435,84070,UT,202602,1567.89,-0.0041,-0.0256,Sandy,"Salt Lake City, UT",Salt Lake County
94435,84070,UT,202603,1565.55,-0.0015,-0.0325,Sandy,"Salt Lake City, UT",Salt Lake County
94435,84070,UT,202604,1586.29,0.0133,-0.0251,Sandy,"Salt Lake City, UT",Salt Lake County
94435,84070,UT,202605,1609.44,0.0146,-0.0146,Sandy,"Salt Lake City, UT",Salt Lake County
94435,84070,UT,202606,1622.6,0.0082,-0.0126,Sandy,"Salt Lake City, UT",Salt Lake County
94435,84070,UT,202607,1630.49,0.0049,-0.0172,Sandy,"Salt Lake City, UT",Salt Lake County
94435,84070,UT,202608,1609.96,-0.0126,-0.0215,Sandy,"Salt Lake City, UT",Salt Lake County
94439,84074,UT,202212,1383.7,,,Erda,"Salt Lake City, UT",Tooele County
94439,84074,UT,202301,1403.13,0.014,,Erda,"Salt Lake City, UT",Tooele County
94439,84074,UT,202302,1459.36,0.0401,,Erda,"Salt Lake City, UT",Tooele County
94439,84074,UT,202303,1473.93,0.01,,Erda,"Salt Lake City, UT",Tooele County
94439,84074,UT,202304,1467.42,-0.0044,,Erda,"Salt Lake City, UT",Tooele County
94439,84074,UT,202305,1455.4,-0.0082,,Erda,"Salt Lake City, UT",Tooele County
94439,84074,UT,202306,1456.94,0.0011,,Erda,"Salt Lake City, UT",Tooele County
94439,84074,UT,202307,1484.59,0.019,,Erda,"Salt Lake City, UT",Tooele County
94439,84074,UT,202308,1484.15,-0.0003,,Erda,"Salt Lake City, UT",Tooele County
94439,84074,UT,202309,1495.88,0.0079,,Erda,"Salt Lake City, UT",Tooele County
94439,84074,UT,202310,1491.09,-0.0032,,Erda,"Salt Lake City, UT",Tooele County
94439,84074,UT,202311,1476.97,-0.0095,,Erda,"Salt Lake City, UT",Tooele County
94439,84074,UT,202312,1473.59,-0.0023,0.065,Erda,"Salt Lake City, UT",Tooele County
94439,84074,UT,202401,1466.65,-0.0047,0.0453,Erda,"Salt Lake City, UT",Tooele County
94439,84074,UT,202402,1467.13,0.0003,0.0053,Erda,"Salt Lake City, UT",Tooele County
94439,84074,UT,202403,1489.33,0.0151,0.0104,Erda,"Salt Lake City, UT",Tooele County
94439,84074,UT,202404,1481.01,-0.0056,0.0093,Erda,"Salt Lake City, UT",Tooele County
94439,84074,UT,202405,1487.58,0.0044,0.0221,Erda,"Salt Lake City, UT",Tooele County
94439,84074,UT,202406,1484.23,-0.0023,0.0187,Erda,"Salt Lake City, UT",Tooele County
94439,84074,UT,202407,1518.8,0.0233,0.023,Erda,"Salt Lake City, UT",Tooele County
94439,84074,UT,202408,1538.71,0.0131,0.0368,Erda,"Salt Lake City, UT",Tooele County
94439,84074,UT,202409,1577.14,0.025,0.0543,Erda,"Salt Lake City, UT",Tooele County
94439,84074,UT,202410,1565.3,-0.0075,0.0498,Erda,"Salt Lake City, UT",Tooele County
94439,84074,UT,202411,1553.79,-0.0074,0.052,Erda,"Salt Lake City, UT",Tooele County
94439,84074,UT,202412,1507.68,-0.0297,0.0231,Erda,"Salt Lake City, UT",Tooele County
94439,84074,UT,202501,1525.16,0.0116,0.0399,Erda,"Salt Lake City, UT",Tooele County
94439,84074,UT,202502,1525.35,0.0001,0.0397,Erda,"Salt Lake City, UT",Tooele County
94439,84074,UT,202503,1544.52,0.0126,0.0371,Erda,"Salt Lake City, UT",Tooele County
94439,84074,UT,202504,1528.26,-0.0105,0.0319,Erda,"Salt Lake City, UT",Tooele County
94439,84074,UT,202505,1543.42,0.0099,0.0375,Erda,"Salt Lake City, UT",Tooele County
94439,84074,UT,202506,1526.44,-0.011,0.0284,Erda,"Salt Lake City, UT",Tooele County
94439,84074,UT,202507,1524.41,-0.0013,0.0037,Erda,"Salt Lake City, UT",Tooele County
94439,84074,UT,202508,1530.21,0.0038,-0.0055,Erda,"Salt Lake City, UT",Tooele County
94439,84074,UT,202509,1562.2,0.0209,-0.0095,Erda,"Salt Lake City, UT",Tooele County
94439,84074,UT,202510,1551.49,-0.0069,-0.0088,Erda,"Salt Lake City, UT",Tooele County
94439,84074,UT,202511,1551.06,-0.0003,-0.0018,Erda,"Salt Lake City, UT",Tooele County
94439,84074,UT,202512,1526.1,-0.0161,0.0122,Erda,"Salt Lake City, UT",Tooele County
94439,84074,UT,202601,1574.46,0.0317,0.0323,Erda,"Salt Lake City, UT",Tooele County
94439,84074,UT,202602,1586.13,0.0074,0.0398,Erda,"Salt Lake City, UT",Tooele County
94439,84074,UT,202603,1588.38,0.0014,0.0284,Erda,"Salt Lake City, UT",Tooele County
94439,84074,UT,202604,1557.74,-0.0193,0.0193,Erda,"Salt Lake City, UT",Tooele County
94439,84074,UT,202605,1543.66,-0.009,0.0002,Erda,"Salt Lake City, UT",Tooele County
94439,84074,UT,202606,1554.29,0.0069,0.0182,Erda,"Salt Lake City, UT",Tooele County
94439,84074,UT,202607,1543.08,-0.0072,0.0122,Erda,"Salt Lake City, UT",Tooele County
94439,84074,UT,202608,1554.64,0.0075,0.016,Erda,"Salt Lake City, UT",Tooele County
94440,84075,UT,202512,2098.84,,,Syracuse,"Ogden-Clearfield, UT",Davis County
94440,84075,UT,202601,2085.78,-0.0062,,Syracuse,"Ogden-Clearfield, UT",Davis County
94440,84075,UT,202602,2111.74,0.0124,,Syracuse,"Ogden-Clearfield, UT",Davis County
94440,84075,UT,202603,2124.33,0.006,,Syracuse,"Ogden-Clearfield, UT",Davis County
94440,84075,UT,202604,2102.85,-0.0101,,Syracuse,"Ogden-Clearfield, UT",Davis County
94440,84075,UT,202605,2097.95,-0.0023,,Syracuse,"Ogden-Clearfield, UT",Davis County
94440,84075,UT,202606,2058.65,-0.0187,,Syracuse,"Ogden-Clearfield, UT",Davis County
94440,84075,UT,202607,2072.9,0.0069,,Syracuse,"Ogden-Clearfield, UT",Davis County
94440,84075,UT,202608,2076.72,0.0018,,Syracuse,"Ogden-Clearfield, UT",Davis County
94442,84078,UT,202502,1464.78,,,Vernal,"Vernal, UT",Uintah County
94442,84078,UT,202503,1441.98,-0.0156,,Vernal,"Vernal, UT",Uintah County
94442,84078,UT,202504,1431.85,-0.007,,Vernal,"Vernal, UT",Uintah County
94442,84078,UT,202505,1468.96,0.0259,,Vernal,"Vernal, UT",Uintah County
94442,84078,UT,202506,1481.46,0.0085,,Vernal,"Vernal, UT",Uintah County
94442,84078,UT,202507,1494.42,0.0087,,Vernal,"Vernal, UT",Uintah County
94442,84078,UT,202508,1474.9,-0.0131,,Vernal,"Vernal, UT",Uintah County
94442,84078,UT,202509,1480.09,0.0035,,Vernal,"Vernal, UT",Uintah County
94442,84078,UT,202511,1473.17,-0.0047,,Vernal,"Vernal, UT",Uintah County
94442,84078,UT,202512,1503.41,0.0205,,Vernal,"Vernal, UT",Uintah County
94442,84078,UT,202601,1509.98,0.0044,,Vernal,"Vernal, UT",Uintah County
94442,84078,UT,202602,1548.86,0.0258,,Vernal,"Vernal, UT",Uintah County
94442,84078,UT,202603,1516.28,-0.021,0.0352,Vernal,"Vernal, UT",Uintah County
94442,84078,UT,202604,1517.01,0.0005,0.052,Vernal,"Vernal, UT",Uintah County
94442,84078,UT,202605,1517.6,0.0004,0.0599,Vernal,"Vernal, UT",Uintah County
94442,84078,UT,202607,1513.55,-0.0027,0.0304,Vernal,"Vernal, UT",Uintah County
94442,84078,UT,202608,1498.06,-0.0102,0.0112,Vernal,"Vernal, UT",Uintah County
94447,84084,UT,202303,1362.45,,,West Jordan,"Salt Lake City, UT",Salt Lake County
94447,84084,UT,202304,1344.92,-0.0129,,West Jordan,"Salt Lake City, UT",Salt Lake County
94447,84084,UT,202305,1355.05,0.0075,,West Jordan,"Salt Lake City, UT",Salt Lake County
94447,84084,UT,202306,1344.6,-0.0077,,West Jordan,"Salt Lake City, UT",Salt Lake County
94447,84084,UT,202307,1338.02,-0.0049,,West Jordan,"Salt Lake City, UT",Salt Lake County
94447,84084,UT,202308,1356.04,0.0135,,West Jordan,"Salt Lake City, UT",Salt Lake County
94447,84084,UT,202309,1368.23,0.009,,West Jordan,"Salt Lake City, UT",Salt Lake County
94447,84084,UT,202310,1405.91,0.0275,,West Jordan,"Salt Lake City, UT",Salt Lake County
94447,84084,UT,202311,1364.29,-0.0296,,West Jordan,"Salt Lake City, UT",Salt Lake County
94447,84084,UT,202312,1353.2,-0.0081,,West Jordan,"Salt Lake City, UT",Salt Lake County
94447,84084,UT,202401,1371.73,0.0137,,West Jordan,"Salt Lake City, UT",Salt Lake County
94447,84084,UT,202402,1397.61,0.0189,,West Jordan,"Salt Lake City, UT",Salt Lake County
94447,84084,UT,202403,1415.54,0.0128,0.039,West Jordan,"Salt Lake City, UT",Salt Lake County
94447,84084,UT,202404,1407.2,-0.0059,0.0463,West Jordan,"Salt Lake City, UT",Salt Lake County
94447,84084,UT,202405,1414.86,0.0054,0.0441,West Jordan,"Salt Lake City, UT",Salt Lake County
94447,84084,UT,202406,1417.8,0.0021,0.0544,West Jordan,"Salt Lake City, UT",Salt Lake County
94447,84084,UT,202407,1399.79,-0.0127,0.0462,West Jordan,"Salt Lake City, UT",Salt Lake County
94447,84084,UT,202408,1376.4,-0.0167,0.015,West Jordan,"Salt Lake City, UT",Salt Lake County
94447,84084,UT,202409,1371.13,-0.0038,0.0021,West Jordan,"Salt Lake City, UT",Salt Lake County
94447,84084,UT,202410,1396.05,0.0182,-0.007,West Jordan,"Salt Lake City, UT",Salt Lake County
94447,84084,UT,202411,1422.58,0.019,0.0427,West Jordan,"Salt Lake City, UT",Salt Lake County
94447,84084,UT,202412,1394.99,-0.0194,0.0309,West Jordan,"Salt Lake City, UT",Salt Lake County
94447,84084,UT,202501,1382.02,-0.0093,0.0075,West Jordan,"Salt Lake City, UT",Salt Lake County
94447,84084,UT,202502,1368.45,-0.0098,-0.0209,West Jordan,"Salt Lake City, UT",Salt Lake County
94447,84084,UT,202503,1403.79,0.0258,-0.0083,West Jordan,"Salt Lake City, UT",Salt Lake County
94447,84084,UT,202504,1410.61,0.0049,0.0024,West Jordan,"Salt Lake City, UT",Salt Lake County
94447,84084,UT,202505,1424.86,0.0101,0.0071,West Jordan,"Salt Lake City, UT",Salt Lake County
94447,84084,UT,202506,1417.49,-0.0052,-0.0002,West Jordan,"Salt Lake City, UT",Salt Lake County
94447,84084,UT,202507,1413.78,-0.0026,0.01,West Jordan,"Salt Lake City, UT",Salt Lake County
94447,84084,UT,202508,1398.93,-0.0105,0.0164,West Jordan,"Salt Lake City, UT",Salt Lake County
94447,84084,UT,202509,1413.37,0.0103,0.0308,West Jordan,"Salt Lake City, UT",Salt Lake County
94447,84084,UT,202510,1392.54,-0.0147,-0.0025,West Jordan,"Salt Lake City, UT",Salt Lake County
94447,84084,UT,202511,1454.33,0.0444,0.0223,West Jordan,"Salt Lake City, UT",Salt Lake County
94447,84084,UT,202512,1457.31,0.002,0.0447,West Jordan,"Salt Lake City, UT",Salt Lake County
94447,84084,UT,202601,1493.09,0.0246,0.0804,West Jordan,"Salt Lake City, UT",Salt Lake County
94447,84084,UT,202602,1466.29,-0.0179,0.0715,West Jordan,"Salt Lake City, UT",Salt Lake County
94447,84084,UT,202603,1467.68,0.0009,0.0455,West Jordan,"Salt Lake City, UT",Salt Lake County
94447,84084,UT,202604,1463.3,-0.003,0.0374,West Jordan,"Salt Lake City, UT",Salt Lake County
94447,84084,UT,202605,1436.76,-0.0181,0.0083,West Jordan,"Salt Lake City, UT",Salt Lake County
94447,84084,UT,202606,1408.16,-0.0199,-0.0066,West Jordan,"Salt Lake City, UT",Salt Lake County
94447,84084,UT,202607,1402.15,-0.0043,-0.0082,West Jordan,"Salt Lake City, UT",Salt Lake County
94447,84084,UT,202608,1403.85,0.0012,0.0035,West Jordan,"Salt Lake City, UT",Salt Lake County
94450,84087,UT,202604,2294.71,,,Woods Cross,"Ogden-Clearfield, UT",Davis County
94450,84087,UT,202605,2252.15,-0.0185,,Woods Cross,"Ogden-Clearfield, UT",Davis County
94450,84087,UT,202606,2278.97,0.0119,,Woods Cross,"Ogden-Clearfield, UT",Davis County
94450,84087,UT,202607,2292.95,0.0061,,Woods Cross,"Ogden-Clearfield, UT",Davis County
94450,84087,UT,202608,2291.0,-0.0009,,Woods Cross,"Ogden-Clearfield, UT",Davis County
94451,84088,UT,202111,1449.57,,,West Jordan,"Salt Lake City, UT",Salt Lake County
94451,84088,UT,202112,1492.12,0.0294,,West Jordan,"Salt Lake City, UT",Salt Lake County
94451,84088,UT,202201,1490.28,-0.0012,,West Jordan,"Salt Lake City, UT",Salt Lake County
94451,84088,UT,202202,1523.79,0.0225,,West Jordan,"Salt Lake City, UT",Salt Lake County
94451,84088,UT,202203,1535.12,0.0074,,West Jordan,"Salt Lake City, UT",Salt Lake County
94451,84088,UT,202204,1554.74,0.0128,,West Jordan,"Salt Lake City, UT",Salt Lake County
94451,84088,UT,202205,1542.94,-0.0076,,West Jordan,"Salt Lake City, UT",Salt Lake County
94451,84088,UT,202206,1569.71,0.0173,,West Jordan,"Salt Lake City, UT",Salt Lake County
94451,84088,UT,202207,1588.24,0.0118,,West Jordan,"Salt Lake City, UT",Salt Lake County
94451,84088,UT,202208,1610.94,0.0143,,West Jordan,"Salt Lake City, UT",Salt Lake County
94451,84088,UT,202209,1603.89,-0.0044,,West Jordan,"Salt Lake City, UT",Salt Lake County
94451,84088,UT,202210,1588.01,-0.0099,,West Jordan,"Salt Lake City, UT",Salt Lake County
94451,84088,UT,202211,1582.89,-0.0032,0.092,West Jordan,"Salt Lake City, UT",Salt Lake County
94451,84088,UT,202212,1588.42,0.0035,0.0645,West Jordan,"Salt Lake City, UT",Salt Lake County
94451,84088,UT,202301,1599.74,0.0071,0.0735,West Jordan,"Salt Lake City, UT",Salt Lake County
94451,84088,UT,202302,1629.27,0.0185,0.0692,West Jordan,"Salt Lake City, UT",Salt Lake County
94451,84088,UT,202303,1621.34,-0.0049,0.0562,West Jordan,"Salt Lake City, UT",Salt Lake County
94451,84088,UT,202304,1628.55,0.0044,0.0475,West Jordan,"Salt Lake City, UT",Salt Lake County
94451,84088,UT,202305,1612.56,-0.0098,0.0451,West Jordan,"Salt Lake City, UT",Salt Lake County
94451,84088,UT,202306,1610.32,-0.0014,0.0259,West Jordan,"Salt Lake City, UT",Salt Lake County
94451,84088,UT,202307,1618.06,0.0048,0.0188,West Jordan,"Salt Lake City, UT",Salt Lake County
94451,84088,UT,202308,1626.09,0.005,0.0094,West Jordan,"Salt Lake City, UT",Salt Lake County
94451,84088,UT,202309,1642.93,0.0104,0.0243,West Jordan,"Salt Lake City, UT",Salt Lake County
94451,84088,UT,202310,1609.78,-0.0202,0.0137,West Jordan,"Salt Lake City, UT",Salt Lake County
94451,84088,UT,202311,1587.48,-0.0139,0.0029,West Jordan,"Salt Lake City, UT",Salt Lake County
94451,84088,UT,202312,1568.45,-0.012,-0.0126,West Jordan,"Salt Lake City, UT",Salt Lake County
94451,84088,UT,202401,1584.68,0.0103,-0.0094,West Jordan,"Salt Lake City, UT",Salt Lake County
94451,84088,UT,202402,1569.53,-0.0096,-0.0367,West Jordan,"Salt Lake City, UT",Salt Lake County
94451,84088,UT,202403,1558.74,-0.0069,-0.0386,West Jordan,"Salt Lake City, UT",Salt Lake County
94451,84088,UT,202404,1559.85,0.0007,-0.0422,West Jordan,"Salt Lake City, UT",Salt Lake County
94451,84088,UT,202405,1595.44,0.0228,-0.0106,West Jordan,"Salt Lake City, UT",Salt Lake County
94451,84088,UT,202406,1618.16,0.0142,0.0049,West Jordan,"Salt Lake City, UT",Salt Lake County
94451,84088,UT,202407,1640.87,0.014,0.0141,West Jordan,"Salt Lake City, UT",Salt Lake County
94451,84088,UT,202408,1638.56,-0.0014,0.0077,West Jordan,"Salt Lake City, UT",Salt Lake County
94451,84088,UT,202409,1620.75,-0.0109,-0.0135,West Jordan,"Salt Lake City, UT",Salt Lake County
94451,84088,UT,202410,1613.26,-0.0046,0.0022,West Jordan,"Salt Lake City, UT",Salt Lake County
94451,84088,UT,202411,1576.37,-0.0229,-0.007,West Jordan,"Salt Lake City, UT",Salt Lake County
94451,84088,UT,202412,1577.72,0.0009,0.0059,West Jordan,"Salt Lake City, UT",Salt Lake County
94451,84088,UT,202501,1570.07,-0.0048,-0.0092,West Jordan,"Salt Lake City, UT",Salt Lake County
94451,84088,UT,202502,1605.38,0.0225,0.0228,West Jordan,"Salt Lake City, UT",Salt Lake County
94451,84088,UT,202503,1597.7,-0.0048,0.025,West Jordan,"Salt Lake City, UT",Salt Lake County
94451,84088,UT,202504,1603.47,0.0036,0.028,West Jordan,"Salt Lake City, UT",Salt Lake County
94451,84088,UT,202505,1609.26,0.0036,0.0087,West Jordan,"Salt Lake City, UT",Salt Lake County
94451,84088,UT,202506,1637.9,0.0178,0.0122,West Jordan,"Salt Lake City, UT",Salt Lake County
94451,84088,UT,202507,1644.37,0.004,0.0021,West Jordan,"Salt Lake City, UT",Salt Lake County
94451,84088,UT,202508,1638.06,-0.0038,-0.0003,West Jordan,"Salt Lake City, UT",Salt Lake County
94451,84088,UT,202509,1637.9,-0.0001,0.0106,West Jordan,"Salt Lake City, UT",Salt Lake County
94451,84088,UT,202510,1616.0,-0.0134,0.0017,West Jordan,"Salt Lake City, UT",Salt Lake County
94451,84088,UT,202511,1584.92,-0.0192,0.0054,West Jordan,"Salt Lake City, UT",Salt Lake County
94451,84088,UT,202512,1557.47,-0.0173,-0.0128,West Jordan,"Salt Lake City, UT",Salt Lake County
94451,84088,UT,202601,1546.89,-0.0068,-0.0148,West Jordan,"Salt Lake City, UT",Salt Lake County
94451,84088,UT,202602,1556.78,0.0064,-0.0303,West Jordan,"Salt Lake City, UT",Salt Lake County
94451,84088,UT,202603,1566.69,0.0064,-0.0194,West Jordan,"Salt Lake City, UT",Salt Lake County
94451,84088,UT,202604,1597.56,0.0197,-0.0037,West Jordan,"Salt Lake City, UT",Salt Lake County
94451,84088,UT,202605,1627.61,0.0188,0.0114,West Jordan,"Salt Lake City, UT",Salt Lake County
94451,84088,UT,202606,1649.87,0.0137,0.0073,West Jordan,"Salt Lake City, UT",Salt Lake County
94451,84088,UT,202607,1647.9,-0.0012,0.0021,West Jordan,"Salt Lake City, UT",Salt Lake County
94451,84088,UT,202608,1646.82,-0.0007,0.0053,West Jordan,"Salt Lake City, UT",Salt Lake County
94455,84092,UT,202503,2378.58,,,Sandy,"Salt Lake City, UT",Salt Lake County
94455,84092,UT,202504,2432.3,0.0226,,Sandy,"Salt Lake City, UT",Salt Lake County
94455,84092,UT,202505,2604.89,0.071,,Sandy,"Salt Lake City, UT",Salt Lake County
94455,84092,UT,202506,2528.35,-0.0294,,Sandy,"Salt Lake City, UT",Salt Lake County
94455,84092,UT,202507,2511.66,-0.0066,,Sandy,"Salt Lake City, UT",Salt Lake County
94455,84092,UT,202508,2543.13,0.0125,,Sandy,"Salt Lake City, UT",Salt Lake County
94455,84092,UT,202509,2583.95,0.016,,Sandy,"Salt Lake City, UT",Salt Lake County
94455,84092,UT,202510,2602.01,0.007,,Sandy,"Salt Lake City, UT",Salt Lake County
94455,84092,UT,202511,2530.67,-0.0274,,Sandy,"Salt Lake City, UT",Salt Lake County
94455,84092,UT,202512,2618.87,0.0349,,Sandy,"Salt Lake City, UT",Salt Lake County
94455,84092,UT,202601,2554.83,-0.0245,,Sandy,"Salt Lake City, UT",Salt Lake County
94455,84092,UT,202602,2596.9,0.0165,,Sandy,"Salt Lake City, UT",Salt Lake County
94455,84092,UT,202603,2528.57,-0.0263,0.0631,Sandy,"Salt Lake City, UT",Salt Lake County
94455,84092,UT,202604,2653.86,0.0496,0.0911,Sandy,"Salt Lake City, UT",Salt Lake County
94455,84092,UT,202605,2679.83,0.0098,0.0288,Sandy,"Salt Lake City, UT",Salt Lake County
94455,84092,UT,202606,2698.73,0.0071,0.0674,Sandy,"Salt Lake City, UT",Salt Lake County
94455,84092,UT,202607,2669.16,-0.011,0.0627,Sandy,"Salt Lake City, UT",Salt Lake County
94455,84092,UT,202608,2641.58,-0.0103,0.0387,Sandy,"Salt Lake City, UT",Salt Lake County
94456,84093,UT,202510,1914.11,,,Sandy,"Salt Lake City, UT",Salt Lake County
94456,84093,UT,202511,1947.1,0.0172,,Sandy,"Salt Lake City, UT",Salt Lake County
94456,84093,UT,202512,2095.73,0.0763,,Sandy,"Salt Lake City, UT",Salt Lake County
94456,84093,UT,202602,2187.34,0.0437,,Sandy,"Salt Lake City, UT",Salt Lake County
94456,84093,UT,202603,2270.97,0.0382,,Sandy,"Salt Lake City, UT",Salt Lake County
94456,84093,UT,202604,2428.92,0.0696,,Sandy,"Salt Lake City, UT",Salt Lake County
94456,84093,UT,202605,2317.12,-0.046,,Sandy,"Salt Lake City, UT",Salt Lake County
94456,84093,UT,202606,2290.24,-0.0116,,Sandy,"Salt Lake City, UT",Salt Lake County
94456,84093,UT,202607,2325.42,0.0154,,Sandy,"Salt Lake City, UT",Salt Lake County
94456,84093,UT,202608,2424.0,0.0424,,Sandy,"Salt Lake City, UT",Salt Lake County
94457,84094,UT,202201,1648.12,,,White City,"Salt Lake City, UT",Salt Lake County
94457,84094,UT,202202,1645.45,-0.0016,,White City,"Salt Lake City, UT",Salt Lake County
94457,84094,UT,202203,1663.57,0.011,,White City,"Salt Lake City, UT",Salt Lake County
94457,84094,UT,202204,1728.23,0.0389,,White City,"Salt Lake City, UT",Salt Lake County
94457,84094,UT,202205,1742.97,0.0085,,White City,"Salt Lake City, UT",Salt Lake County
94457,84094,UT,202206,1784.46,0.0238,,White City,"Salt Lake City, UT",Salt Lake County
94457,84094,UT,202207,1754.89,-0.0166,,White City,"Salt Lake City, UT",Salt Lake County
94457,84094,UT,202208,1774.77,0.0113,,White City,"Salt Lake City, UT",Salt Lake County
94457,84094,UT,202209,1772.95,-0.001,,White City,"Salt Lake City, UT",Salt Lake County
94457,84094,UT,202210,1752.55,-0.0115,,White City,"Salt Lake City, UT",Salt Lake County
94457,84094,UT,202211,1725.57,-0.0154,,White City,"Salt Lake City, UT",Salt Lake County
94457,84094,UT,202212,1724.66,-0.0005,,White City,"Salt Lake City, UT",Salt Lake County
94457,84094,UT,202301,1741.88,0.01,0.0569,White City,"Salt Lake City, UT",Salt Lake County
94457,84094,UT,202302,1746.28,0.0025,0.0613,White City,"Salt Lake City, UT",Salt Lake County
94457,84094,UT,202303,1730.35,-0.0091,0.0401,White City,"Salt Lake City, UT",Salt Lake County
94457,84094,UT,202304,1732.22,0.0011,0.0023,White City,"Salt Lake City, UT",Salt Lake County
94457,84094,UT,202305,1768.9,0.0212,0.0149,White City,"Salt Lake City, UT",Salt Lake County
94457,84094,UT,202306,1789.37,0.0116,0.0027,White City,"Salt Lake City, UT",Salt Lake County
94457,84094,UT,202307,1781.52,-0.0044,0.0152,White City,"Salt Lake City, UT",Salt Lake County
94457,84094,UT,202308,1754.3,-0.0153,-0.0115,White City,"Salt Lake City, UT",Salt Lake County
94457,84094,UT,202309,1741.25,-0.0074,-0.0179,White City,"Salt Lake City, UT",Salt Lake County
94457,84094,UT,202310,1758.79,0.0101,0.0036,White City,"Salt Lake City, UT",Salt Lake County
94457,84094,UT,202311,1748.11,-0.0061,0.0131,White City,"Salt Lake City, UT",Salt Lake County
94457,84094,UT,202312,1721.78,-0.0151,-0.0017,White City,"Salt Lake City, UT",Salt Lake County
94457,84094,UT,202401,1712.24,-0.0055,-0.017,White City,"Salt Lake City, UT",Salt Lake County
94457,84094,UT,202402,1757.08,0.0262,0.0062,White City,"Salt Lake City, UT",Salt Lake County
94457,84094,UT,202403,1818.1,0.0347,0.0507,White City,"Salt Lake City, UT",Salt Lake County
94457,84094,UT,202404,1820.97,0.0016,0.0512,White City,"Salt Lake City, UT",Salt Lake County
94457,84094,UT,202405,1792.34,-0.0157,0.0133,White City,"Salt Lake City, UT",Salt Lake County
94457,84094,UT,202406,1752.95,-0.022,-0.0204,White City,"Salt Lake City, UT",Salt Lake County
94457,84094,UT,202407,1768.77,0.009,-0.0072,White City,"Salt Lake City, UT",Salt Lake County
94457,84094,UT,202408,1762.41,-0.0036,0.0046,White City,"Salt Lake City, UT",Salt Lake County
94457,84094,UT,202409,1784.75,0.0127,0.025,White City,"Salt Lake City, UT",Salt Lake County
94457,84094,UT,202410,1792.24,0.0042,0.019,White City,"Salt Lake City, UT",Salt Lake County
94457,84094,UT,202411,1810.02,0.0099,0.0354,White City,"Salt Lake City, UT",Salt Lake County
94457,84094,UT,202412,1783.09,-0.0149,0.0356,White City,"Salt Lake City, UT",Salt Lake County
94457,84094,UT,202501,1779.51,-0.002,0.0393,White City,"Salt Lake City, UT",Salt Lake County
94457,84094,UT,202502,1775.04,-0.0025,0.0102,White City,"Salt Lake City, UT",Salt Lake County
94457,84094,UT,202503,1799.41,0.0137,-0.0103,White City,"Salt Lake City, UT",Salt Lake County
94457,84094,UT,202504,1799.4,-0.0,-0.0118,White City,"Salt Lake City, UT",Salt Lake County
94457,84094,UT,202505,1802.35,0.0016,0.0056,White City,"Salt Lake City, UT",Salt Lake County
94457,84094,UT,202506,1812.26,0.0055,0.0338,White City,"Salt Lake City, UT",Salt Lake County
94457,84094,UT,202507,1829.47,0.0095,0.0343,White City,"Salt Lake City, UT",Salt Lake County
94457,84094,UT,202508,1839.82,0.0057,0.0439,White City,"Salt Lake City, UT",Salt Lake County
94457,84094,UT,202509,1844.55,0.0026,0.0335,White City,"Salt Lake City, UT",Salt Lake County
94457,84094,UT,202510,1810.6,-0.0184,0.0102,White City,"Salt Lake City, UT",Salt Lake County
94457,84094,UT,202511,1786.09,-0.0135,-0.0132,White City,"Salt Lake City, UT",Salt Lake County
94457,84094,UT,202512,1752.09,-0.019,-0.0174,White City,"Salt Lake City, UT",Salt Lake County
94457,84094,UT,202601,1776.17,0.0137,-0.0019,White City,"Salt Lake City, UT",Salt Lake County
94457,84094,UT,202602,1781.34,0.0029,0.0035,White City,"Salt Lake City, UT",Salt Lake County
94457,84094,UT,202603,1792.19,0.0061,-0.004,White City,"Salt Lake City, UT",Salt Lake County
94457,84094,UT,202604,1781.33,-0.0061,-0.01,White City,"Salt Lake City, UT",Salt Lake County
94457,84094,UT,202605,1786.65,0.003,-0.0087,White City,"Salt Lake City, UT",Salt Lake County
94457,84094,UT,202606,1783.58,-0.0017,-0.0158,White City,"Salt Lake City, UT",Salt Lake County
94457,84094,UT,202607,1735.93,-0.0267,-0.0511,White City,"Salt Lake City, UT",Salt Lake County
94457,84094,UT,202608,1740.98,0.0029,-0.0537,White City,"Salt Lake City, UT",Salt Lake County
94458,84095,UT,202210,2001.27,,,South Jordan,"Salt Lake City, UT",Salt Lake County
94458,84095,UT,202211,2003.13,0.0009,,South Jordan,"Salt Lake City, UT",Salt Lake County
94458,84095,UT,202212,2007.47,0.0022,,South Jordan,"Salt Lake City, UT",Salt Lake County
94458,84095,UT,202301,1926.03,-0.0406,,South Jordan,"Salt Lake City, UT",Salt Lake County
94458,84095,UT,202302,1925.08,-0.0005,,South Jordan,"Salt Lake City, UT",Salt Lake County
94458,84095,UT,202303,1955.17,0.0156,,South Jordan,"Salt Lake City, UT",Salt Lake County
94458,84095,UT,202304,1972.54,0.0089,,South Jordan,"Salt Lake City, UT",Salt Lake County
94458,84095,UT,202305,2030.11,0.0292,,South Jordan,"Salt Lake City, UT",Salt Lake County
94458,84095,UT,202306,2024.41,-0.0028,,South Jordan,"Salt Lake City, UT",Salt Lake County
94458,84095,UT,202307,2037.09,0.0063,,South Jordan,"Salt Lake City, UT",Salt Lake County
94458,84095,UT,202308,2010.66,-0.013,,South Jordan,"Salt Lake City, UT",Salt Lake County
94458,84095,UT,202309,2024.61,0.0069,,South Jordan,"Salt Lake City, UT",Salt Lake County
94458,84095,UT,202310,2030.77,0.003,0.0147,South Jordan,"Salt Lake City, UT",Salt Lake County
94458,84095,UT,202311,2009.58,-0.0104,0.0032,South Jordan,"Salt Lake City, UT",Salt Lake County
94458,84095,UT,202312,1975.43,-0.017,-0.016,South Jordan,"Salt Lake City, UT",Salt Lake County
94458,84095,UT,202401,1974.22,-0.0006,0.025,South Jordan,"Salt Lake City, UT",Salt Lake County
94458,84095,UT,202402,1977.19,0.0015,0.0271,South Jordan,"Salt Lake City, UT",Salt Lake County
94458,84095,UT,202403,1991.8,0.0074,0.0187,South Jordan,"Salt Lake City, UT",Salt Lake County
94458,84095,UT,202404,1997.22,0.0027,0.0125,South Jordan,"Salt Lake City, UT",Salt Lake County
94458,84095,UT,202405,2014.12,0.0085,-0.0079,South Jordan,"Salt Lake City, UT",Salt Lake County
94458,84095,UT,202406,2036.07,0.0109,0.0058,South Jordan,"Salt Lake City, UT",Salt Lake County
94458,84095,UT,202407,2034.63,-0.0007,-0.0012,South Jordan,"Salt Lake City, UT",Salt Lake County
94458,84095,UT,202408,2044.44,0.0048,0.0168,South Jordan,"Salt Lake City, UT",Salt Lake County
94458,84095,UT,202409,2038.36,-0.003,0.0068,South Jordan,"Salt Lake City, UT",Salt Lake County
94458,84095,UT,202410,2025.04,-0.0065,-0.0028,South Jordan,"Salt Lake City, UT",Salt Lake County
94458,84095,UT,202411,2022.76,-0.0011,0.0066,South Jordan,"Salt Lake City, UT",Salt Lake County
94458,84095,UT,202412,2002.79,-0.0099,0.0138,South Jordan,"Salt Lake City, UT",Salt Lake County
94458,84095,UT,202501,1995.3,-0.0037,0.0107,South Jordan,"Salt Lake City, UT",Salt Lake County
94458,84095,UT,202502,1993.61,-0.0008,0.0083,South Jordan,"Salt Lake City, UT",Salt Lake County
94458,84095,UT,202503,2013.04,0.0097,0.0107,South Jordan,"Salt Lake City, UT",Salt Lake County
94458,84095,UT,202504,2040.08,0.0134,0.0215,South Jordan,"Salt Lake City, UT",Salt Lake County
94458,84095,UT,202505,2019.88,-0.0099,0.0029,South Jordan,"Salt Lake City, UT",Salt Lake County
94458,84095,UT,202506,2030.22,0.0051,-0.0029,South Jordan,"Salt Lake City, UT",Salt Lake County
94458,84095,UT,202507,2038.52,0.0041,0.0019,South Jordan,"Salt Lake City, UT",Salt Lake County
94458,84095,UT,202508,2000.32,-0.0187,-0.0216,South Jordan,"Salt Lake City, UT",Salt Lake County
94458,84095,UT,202509,2020.04,0.0099,-0.009,South Jordan,"Salt Lake City, UT",Salt Lake County
94458,84095,UT,202510,1989.3,-0.0152,-0.0177,South Jordan,"Salt Lake City, UT",Salt Lake County
94458,84095,UT,202511,2030.86,0.0209,0.004,South Jordan,"Salt Lake City, UT",Salt Lake County
94458,84095,UT,202512,2007.11,-0.0117,0.0022,South Jordan,"Salt Lake City, UT",Salt Lake County
94458,84095,UT,202601,2027.81,0.0103,0.0163,South Jordan,"Salt Lake City, UT",Salt Lake County
94458,84095,UT,202602,2043.3,0.0076,0.0249,South Jordan,"Salt Lake City, UT",Salt Lake County
94458,84095,UT,202603,2046.88,0.0018,0.0168,South Jordan,"Salt Lake City, UT",Salt Lake County
94458,84095,UT,202604,2046.09,-0.0004,0.0029,South Jordan,"Salt Lake City, UT",Salt Lake County
94458,84095,UT,202605,2081.31,0.0172,0.0304,South Jordan,"Salt Lake City, UT",Salt Lake County
94458,84095,UT,202606,2127.0,0.022,0.0477,South Jordan,"Salt Lake City, UT",Salt Lake County
94458,84095,UT,202607,2155.24,0.0133,0.0573,South Jordan,"Salt Lake City, UT",Salt Lake County
94458,84095,UT,202608,2162.37,0.0033,0.081,South Jordan,"Salt Lake City, UT",Salt Lake County
94459,84097,UT,202210,1301.65,,,Orem,"Provo-Orem, UT",Utah County
94459,84097,UT,202211,1321.74,0.0154,,Orem,"Provo-Orem, UT",Utah County
94459,84097,UT,202212,1395.9,0.0561,,Orem,"Provo-Orem, UT",Utah County
94459,84097,UT,202301,1390.33,-0.004,,Orem,"Provo-Orem, UT",Utah County
94459,84097,UT,202302,1376.51,-0.0099,,Orem,"Provo-Orem, UT",Utah County
94459,84097,UT,202303,1352.67,-0.0173,,Orem,"Provo-Orem, UT",Utah County
94459,84097,UT,202304,1370.68,0.0133,,Orem,"Provo-Orem, UT",Utah County
94459,84097,UT,202305,1403.01,0.0236,,Orem,"Provo-Orem, UT",Utah County
94459,84097,UT,202306,1415.1,0.0086,,Orem,"Provo-Orem, UT",Utah County
94459,84097,UT,202307,1427.64,0.0089,,Orem,"Provo-Orem, UT",Utah County
94459,84097,UT,202308,1428.3,0.0005,,Orem,"Provo-Orem, UT",Utah County
94459,84097,UT,202309,1469.78,0.029,,Orem,"Provo-Orem, UT",Utah County
94459,84097,UT,202310,1482.27,0.0085,0.1388,Orem,"Provo-Orem, UT",Utah County
94459,84097,UT,202311,1475.43,-0.0046,0.1163,Orem,"Provo-Orem, UT",Utah County
94459,84097,UT,202312,1480.42,0.0034,0.0605,Orem,"Provo-Orem, UT",Utah County
94459,84097,UT,202401,1437.79,-0.0288,0.0341,Orem,"Provo-Orem, UT",Utah County
94459,84097,UT,202402,1406.98,-0.0214,0.0221,Orem,"Provo-Orem, UT",Utah County
94459,84097,UT,202403,1379.27,-0.0197,0.0197,Orem,"Provo-Orem, UT",Utah County
94459,84097,UT,202404,1395.84,0.012,0.0184,Orem,"Provo-Orem, UT",Utah County
94459,84097,UT,202405,1430.63,0.0249,0.0197,Orem,"Provo-Orem, UT",Utah County
94459,84097,UT,202406,1434.61,0.0028,0.0138,Orem,"Provo-Orem, UT",Utah County
94459,84097,UT,202407,1480.9,0.0323,0.0373,Orem,"Provo-Orem, UT",Utah County
94459,84097,UT,202408,1509.04,0.019,0.0565,Orem,"Provo-Orem, UT",Utah County
94459,84097,UT,202409,1518.7,0.0064,0.0333,Orem,"Provo-Orem, UT",Utah County
94459,84097,UT,202410,1511.1,-0.005,0.0195,Orem,"Provo-Orem, UT",Utah County
94459,84097,UT,202411,1484.23,-0.0178,0.006,Orem,"Provo-Orem, UT",Utah County
94459,84097,UT,202412,1462.31,-0.0148,-0.0122,Orem,"Provo-Orem, UT",Utah County
94459,84097,UT,202501,1437.37,-0.0171,-0.0003,Orem,"Provo-Orem, UT",Utah County
94459,84097,UT,202502,1442.0,0.0032,0.0249,Orem,"Provo-Orem, UT",Utah County
94459,84097,UT,202503,1414.31,-0.0192,0.0254,Orem,"Provo-Orem, UT",Utah County
94459,84097,UT,202504,1420.57,0.0044,0.0177,Orem,"Provo-Orem, UT",Utah County
94459,84097,UT,202505,1431.17,0.0075,0.0004,Orem,"Provo-Orem, UT",Utah County
94459,84097,UT,202506,1483.75,0.0367,0.0343,Orem,"Provo-Orem, UT",Utah County
94459,84097,UT,202507,1489.97,0.0042,0.0061,Orem,"Provo-Orem, UT",Utah County
94459,84097,UT,202508,1503.95,0.0094,-0.0034,Orem,"Provo-Orem, UT",Utah County
94459,84097,UT,202509,1527.0,0.0153,0.0055,Orem,"Provo-Orem, UT",Utah County
94459,84097,UT,202510,1536.67,0.0063,0.0169,Orem,"Provo-Orem, UT",Utah County
94459,84097,UT,202511,1547.6,0.0071,0.0427,Orem,"Provo-Orem, UT",Utah County
94459,84097,UT,202512,1546.54,-0.0007,0.0576,Orem,"Provo-Orem, UT",Utah County
94459,84097,UT,202601,1541.04,-0.0036,0.0721,Orem,"Provo-Orem, UT",Utah County
94459,84097,UT,202602,1579.64,0.025,0.0954,Orem,"Provo-Orem, UT",Utah County
94459,84097,UT,202603,1565.26,-0.0091,0.1067,Orem,"Provo-Orem, UT",Utah County
94459,84097,UT,202604,1624.17,0.0376,0.1433,Orem,"Provo-Orem, UT",Utah County
94459,84097,UT,202605,1575.51,-0.03,0.1008,Orem,"Provo-Orem, UT",Utah County
94459,84097,UT,202606,1605.13,0.0188,0.0818,Orem,"Provo-Orem, UT",Utah County
94459,84097,UT,202607,1585.51,-0.0122,0.0641,Orem,"Provo-Orem, UT",Utah County
94459,84097,UT,202608,1602.92,0.011,0.0658,Orem,"Provo-Orem, UT",Utah County
94460,84098,UT,202301,3224.53,,,Park City,"Heber, UT",Summit County
94460,84098,UT,202302,3189.62,-0.0108,,Park City,"Heber, UT",Summit County
94460,84098,UT,202303,3204.61,0.0047,,Park City,"Heber, UT",Summit County
94460,84098,UT,202304,3171.86,-0.0102,,Park City,"Heber, UT",Summit County
94460,84098,UT,202305,3144.8,-0.0085,,Park City,"Heber, UT",Summit County
94460,84098,UT,202306,3135.55,-0.0029,,Park City,"Heber, UT",Summit County
94460,84098,UT,202307,3179.05,0.0139,,Park City,"Heber, UT",Summit County
94460,84098,UT,202308,3183.99,0.0016,,Park City,"Heber, UT",Summit County
94460,84098,UT,202309,3162.34,-0.0068,,Park City,"Heber, UT",Summit County
94460,84098,UT,202310,3200.6,0.0121,,Park City,"Heber, UT",Summit County
94460,84098,UT,202311,3234.28,0.0105,,Park City,"Heber, UT",Summit County
94460,84098,UT,202312,3336.38,0.0316,,Park City,"Heber, UT",Summit County
94460,84098,UT,202401,3359.34,0.0069,0.0418,Park City,"Heber, UT",Summit County
94460,84098,UT,202402,3318.4,-0.0122,0.0404,Park City,"Heber, UT",Summit County
94460,84098,UT,202403,3296.3,-0.0067,0.0286,Park City,"Heber, UT",Summit County
94460,84098,UT,202404,3273.29,-0.007,0.032,Park City,"Heber, UT",Summit County
94460,84098,UT,202405,3313.86,0.0124,0.0538,Park City,"Heber, UT",Summit County
94460,84098,UT,202406,3319.38,0.0017,0.0586,Park City,"Heber, UT",Summit County
94460,84098,UT,202407,3307.94,-0.0034,0.0405,Park City,"Heber, UT",Summit County
94460,84098,UT,202408,3347.61,0.012,0.0514,Park City,"Heber, UT",Summit County
94460,84098,UT,202409,3332.93,-0.0044,0.0539,Park City,"Heber, UT",Summit County
94460,84098,UT,202410,3264.68,-0.0205,0.02,Park City,"Heber, UT",Summit County
94460,84098,UT,202411,3269.02,0.0013,0.0107,Park City,"Heber, UT",Summit County
94460,84098,UT,202412,3301.06,0.0098,-0.0106,Park City,"Heber, UT",Summit County
94460,84098,UT,202501,3379.9,0.0239,0.0061,Park City,"Heber, UT",Summit County
94460,84098,UT,202502,3373.33,-0.0019,0.0166,Park City,"Heber, UT",Summit County
94460,84098,UT,202503,3356.58,-0.005,0.0183,Park City,"Heber, UT",Summit County
94460,84098,UT,202504,3333.35,-0.0069,0.0183,Park City,"Heber, UT",Summit County
94460,84098,UT,202505,3338.11,0.0014,0.0073,Park City,"Heber, UT",Summit County
94460,84098,UT,202506,3355.11,0.0051,0.0108,Park City,"Heber, UT",Summit County
94460,84098,UT,202507,3413.41,0.0174,0.0319,Park City,"Heber, UT",Summit County
94460,84098,UT,202508,3398.84,-0.0043,0.0153,Park City,"Heber, UT",Summit County
94460,84098,UT,202509,3398.62,-0.0001,0.0197,Park City,"Heber, UT",Summit County
94460,84098,UT,202510,3426.17,0.0081,0.0495,Park City,"Heber, UT",Summit County
94460,84098,UT,202511,3467.35,0.012,0.0607,Park City,"Heber, UT",Summit County
94460,84098,UT,202512,3551.92,0.0244,0.076,Park City,"Heber, UT",Summit County
94460,84098,UT,202601,3483.68,-0.0192,0.0307,Park City,"Heber, UT",Summit County
94460,84098,UT,202602,3457.75,-0.0074,0.025,Park City,"Heber, UT",Summit County
94460,84098,UT,202603,3399.5,-0.0168,0.0128,Park City,"Heber, UT",Summit County
94460,84098,UT,202605,3760.32,0.1061,0.1281,Park City,"Heber, UT",Summit County
94460,84098,UT,202606,3881.23,0.0322,0.1627,Park City,"Heber, UT",Summit County
94460,84098,UT,202607,3706.93,-0.0449,0.1049,Park City,"Heber, UT",Summit County
94460,84098,UT,202608,3783.92,0.0208,0.1085,Park City,"Heber, UT",Summit County
94461,84101,UT,201903,1153.49,,,Salt Lake City,"Salt Lake City, UT",Salt Lake County
94461,84101,UT,201904,1183.37,0.0259,,Salt Lake City,"Salt Lake City, UT",Salt Lake County
94461,84101,UT,201905,1197.06,0.0116,,Salt Lake City,"Salt Lake City, UT",Salt Lake County
94461,84101,UT,201906,1201.1,0.0034,,Salt Lake City,"Salt Lake City, UT",Salt Lake County
94461,84101,UT,201907,1194.28,-0.0057,,Salt Lake City,"Salt Lake City, UT",Salt Lake County
94461,84101,UT,201908,1205.86,0.0097,,Salt Lake City,"Salt Lake City, UT",Salt Lake County
94461,84101,UT,201909,1195.84,-0.0083,,Salt Lake City,"Salt Lake City, UT",Salt Lake County
94461,84101,UT,201910,1166.97,-0.0241,,Salt Lake City,"Salt Lake City, UT",Salt Lake County
94461,84101,UT,201911,1177.66,0.0092,,Salt Lake City,"Salt Lake City, UT",Salt Lake County
94461,84101,UT,201912,1175.4,-0.0019,,Salt Lake City,"Salt Lake City, UT",Salt Lake County
94461,84101,UT,202001,1187.08,0.0099,,Salt Lake City,"Salt Lake City, UT",Salt Lake County
94461,84101,UT,202002,1178.45,-0.0073,,Salt Lake City,"Salt Lake City, UT",Salt Lake County
94461,84101,UT,202003,1163.58,-0.0126,0.0088,Salt Lake City,"Salt Lake City, UT",Salt Lake County
94461,84101,UT,202004,1168.36,0.0041,-0.0127,Salt Lake City,"Salt Lake City, UT",Salt Lake County
94461,84101,UT,202005,1161.48,-0.0059,-0.0297,Salt Lake City,"Salt Lake City, UT",Salt Lake County
94461,84101,UT,202006,1185.65,0.0208,-0.0129,Salt Lake City,"Salt Lake City, UT",Salt Lake County
94461,84101,UT,202007,1215.69,0.0253,0.0179,Salt Lake City,"Salt Lake City, UT",Salt Lake County
94461,84101,UT,202008,1232.92,0.0142,0.0224,Salt Lake City,"Salt Lake City, UT",Salt Lake County
94461,84101,UT,202009,1243.72,0.0088,0.04,Salt Lake City,"Salt Lake City, UT",Salt Lake County
94461,84101,UT,202010,1216.89,-0.0216,0.0428,Salt Lake City,"Salt Lake City, UT",Salt Lake County
94461,84101,UT,202011,1224.7,0.0064,0.0399,Salt Lake City,"Salt Lake City, UT",Salt Lake County
94461,84101,UT,202012,1189.32,-0.0289,0.0118,Salt Lake City,"Salt Lake City, UT",Salt Lake County
94461,84101,UT,202101,1207.36,0.0152,0.0171,Salt Lake City,"Salt Lake City, UT",Salt Lake County
94461,84101,UT,202102,1190.94,-0.0136,0.0106,Salt Lake City,"Salt Lake City, UT",Salt Lake County
94461,84101,UT,202103,1260.61,0.0585,0.0834,Salt Lake City,"Salt Lake City, UT",Salt Lake County
94461,84101,UT,202104,1275.72,0.012,0.0919,Salt Lake City,"Salt Lake City, UT",Salt Lake County
94461,84101,UT,202105,1314.91,0.0307,0.1321,Salt Lake City,"Salt Lake City, UT",Salt Lake County
94461,84101,UT,202106,1327.14,0.0093,0.1193,Salt Lake City,"Salt Lake City, UT",Salt Lake County
94461,84101,UT,202107,1376.99,0.0376,0.1327,Salt Lake City,"Salt Lake City, UT",Salt Lake County
94461,84101,UT,202108,1397.12,0.0146,0.1332,Salt Lake City,"Salt Lake City, UT",Salt Lake County
94461,84101,UT,202109,1428.61,0.0225,0.1487,Salt Lake City,"Salt Lake City, UT",Salt Lake County
94461,84101,UT,202110,1444.77,0.0113,0.1873,Salt Lake City,"Salt Lake City, UT",Salt Lake County
94461,84101,UT,202111,1485.02,0.0279,0.2126,Salt Lake City,"Salt Lake City, UT",Salt Lake County
94461,84101,UT,202112,1517.3,0.0217,0.2758,Salt Lake City,"Salt Lake City, UT",Salt Lake County
94461,84101,UT,202201,1530.88,0.0089,0.268,Salt Lake City,"Salt Lake City, UT",Salt Lake County
94461,84101,UT,202202,1498.41,-0.0212,0.2582,Salt Lake City,"Salt Lake City, UT",Salt Lake County
94461,84101,UT,202203,1487.4,-0.0073,0.1799,Salt Lake City,"Salt Lake City, UT",Salt Lake County
94461,84101,UT,202204,1502.86,0.0104,0.178,Salt Lake City,"Salt Lake City, UT",Salt Lake County
94461,84101,UT,202205,1549.46,0.031,0.1784,Salt Lake City,"Salt Lake City, UT",Salt Lake County
94461,84101,UT,202206,1587.19,0.0243,0.1959,Salt Lake City,"Salt Lake City, UT",Salt Lake County
94461,84101,UT,202207,1571.5,-0.0099,0.1413,Salt Lake City,"Salt Lake City, UT",Salt Lake County
94461,84101,UT,202208,1560.85,-0.0068,0.1172,Salt Lake City,"Salt Lake City, UT",Salt Lake County
94461,84101,UT,202209,1558.8,-0.0013,0.0911,Salt Lake City,"Salt Lake City, UT",Salt Lake County
94461,84101,UT,202210,1555.52,-0.0021,0.0767,Salt Lake City,"Salt Lake City, UT",Salt Lake County
94461,84101,UT,202211,1547.97,-0.0049,0.0424,Salt Lake City,"Salt Lake City, UT",Salt Lake County
94461,84101,UT,202212,1537.99,-0.0064,0.0136,Salt Lake City,"Salt Lake City, UT",Salt Lake County
94461,84101,UT,202301,1566.63,0.0186,0.0233,Salt Lake City,"Salt Lake City, UT",Salt Lake County
94461,84101,UT,202302,1573.53,0.0044,0.0501,Salt Lake City,"Salt Lake City, UT",Salt Lake County
94461,84101,UT,202303,1561.56,-0.0076,0.0499,Salt Lake City,"Salt Lake City, UT",Salt Lake County
94461,84101,UT,202304,1541.05,-0.0131,0.0254,Salt Lake City,"Salt Lake City, UT",Salt Lake County
94461,84101,UT,202305,1550.05,0.0058,0.0004,Salt Lake City,"Salt Lake City, UT",Salt Lake County
94461,84101,UT,202306,1556.61,0.0042,-0.0193,Salt Lake City,"Salt Lake City, UT",Salt Lake County
94461,84101,UT,202307,1576.55,0.0128,0.0032,Salt Lake City,"Salt Lake City, UT",Salt Lake County
94461,84101,UT,202308,1580.69,0.0026,0.0127,Salt Lake City,"Salt Lake City, UT",Salt Lake County
94461,84101,UT,202309,1569.84,-0.0069,0.0071,Salt Lake City,"Salt Lake City, UT",Salt Lake County
94461,84101,UT,202310,1551.78,-0.0115,-0.0024,Salt Lake City,"Salt Lake City, UT",Salt Lake County
94461,84101,UT,202311,1540.62,-0.0072,-0.0047,Salt Lake City,"Salt Lake City, UT",Salt Lake County
94461,84101,UT,202312,1548.47,0.0051,0.0068,Salt Lake City,"Salt Lake City, UT",Salt Lake County
94461,84101,UT,202401,1557.12,0.0056,-0.0061,Salt Lake City,"Salt Lake City, UT",Salt Lake County
94461,84101,UT,202402,1561.94,0.0031,-0.0074,Salt Lake City,"Salt Lake City, UT",Salt Lake County
94461,84101,UT,202403,1564.8,0.0018,0.0021,Salt Lake City,"Salt Lake City, UT",Salt Lake County
94461,84101,UT,202404,1564.7,-0.0001,0.0153,Salt Lake City,"Salt Lake City, UT",Salt Lake County
94461,84101,UT,202405,1585.99,0.0136,0.0232,Salt Lake City,"Salt Lake City, UT",Salt Lake County
94461,84101,UT,202406,1587.47,0.0009,0.0198,Salt Lake City,"Salt Lake City, UT",Salt Lake County
94461,84101,UT,202407,1581.23,-0.0039,0.003,Salt Lake City,"Salt Lake City, UT",Salt Lake County
94461,84101,UT,202408,1556.58,-0.0156,-0.0153,Salt Lake City,"Salt Lake City, UT",Salt Lake County
94461,84101,UT,202409,1554.93,-0.0011,-0.0095,Salt Lake City,"Salt Lake City, UT",Salt Lake County
94461,84101,UT,202410,1567.42,0.008,0.0101,Salt Lake City,"Salt Lake City, UT",Salt Lake County
94461,84101,UT,202411,1563.08,-0.0028,0.0146,Salt Lake City,"Salt Lake City, UT",Salt Lake County
94461,84101,UT,202412,1549.34,-0.0088,0.0006,Salt Lake City,"Salt Lake City, UT",Salt Lake County
94461,84101,UT,202501,1533.22,-0.0104,-0.0153,Salt Lake City,"Salt Lake City, UT",Salt Lake County
94461,84101,UT,202502,1523.38,-0.0064,-0.0247,Salt Lake City,"Salt Lake City, UT",Salt Lake County
94461,84101,UT,202503,1529.24,0.0038,-0.0227,Salt Lake City,"Salt Lake City, UT",Salt Lake County
94461,84101,UT,202504,1537.78,0.0056,-0.0172,Salt Lake City,"Salt Lake City, UT",Salt Lake County
94461,84101,UT,202505,1549.08,0.0073,-0.0233,Salt Lake City,"Salt Lake City, UT",Salt Lake County
94461,84101,UT,202506,1561.07,0.0077,-0.0166,Salt Lake City,"Salt Lake City, UT",Salt Lake County
94461,84101,UT,202507,1551.17,-0.0063,-0.019,Salt Lake City,"Salt Lake City, UT",Salt Lake County
94461,84101,UT,202508,1554.21,0.002,-0.0015,Salt Lake City,"Salt Lake City, UT",Salt Lake County
94461,84101,UT,202509,1556.08,0.0012,0.0007,Salt Lake City,"Salt Lake City, UT",Salt Lake County
94461,84101,UT,202510,1567.7,0.0075,0.0002,Salt Lake City,"Salt Lake City, UT",Salt Lake County
94461,84101,UT,202511,1589.24,0.0137,0.0167,Salt Lake City,"Salt Lake City, UT",Salt Lake County
94461,84101,UT,202512,1565.12,-0.0152,0.0102,Salt Lake City,"Salt Lake City, UT",Salt Lake County
94461,84101,UT,202601,1567.81,0.0017,0.0226,Salt Lake City,"Salt Lake City, UT",Salt Lake County
94461,84101,UT,202602,1548.36,-0.0124,0.0164,Salt Lake City,"Salt Lake City, UT",Salt Lake County
94461,84101,UT,202603,1571.69,0.0151,0.0278,Salt Lake City,"Salt Lake City, UT",Salt Lake County
94461,84101,UT,202604,1572.77,0.0007,0.0228,Salt Lake City,"Salt Lake City, UT",Salt Lake County
94461,84101,UT,202605,1578.84,0.0039,0.0192,Salt Lake City,"Salt Lake City, UT",Salt Lake County
94461,84101,UT,202606,1577.16,-0.0011,0.0103,Salt Lake City,"Salt Lake City, UT",Salt Lake County
94461,84101,UT,202607,1573.36,-0.0024,0.0143,Salt Lake City,"Salt Lake City, UT",Salt Lake County
94461,84101,UT,202608,1572.41,-0.0006,0.0117,Salt Lake City,"Salt Lake City, UT",Salt Lake County
94462,84102,UT,201605,907.88,,,Salt Lake City,"Salt Lake City, UT",Salt Lake County
94462,84102,UT,201606,902.55,-0.0059,,Salt Lake City,"Salt Lake City, UT",Salt Lake County
94462,84102,UT,201607,902.15,-0.0004,,Salt Lake City,"Salt Lake City, UT",Salt Lake County
94462,84102,UT,201608,939.34,0.0412,,Salt Lake City,"Salt Lake City, UT",Salt Lake County
94462,84102,UT,201609,925.41,-0.0148,,Salt Lake City,"Salt Lake City, UT",Salt Lake County
94462,84102,UT,201610,914.3,-0.012,,Salt Lake City,"Salt Lake City, UT",Salt Lake County
94462,84102,UT,201611,908.67,-0.0062,,Salt Lake City,"Salt Lake City, UT",Salt Lake County
94462,84102,UT,201612,911.56,0.0032,,Salt Lake City,"Salt Lake City, UT",Salt Lake County
94462,84102,UT,201701,907.7,-0.0042,,Salt Lake City,"Salt Lake City, UT",Salt Lake County
94462,84102,UT,201702,904.54,-0.0035,,Salt Lake City,"Salt Lake City, UT",Salt Lake County
94462,84102,UT,201703,914.39,0.0109,,Salt Lake City,"Salt Lake City, UT",Salt Lake County
94462,84102,UT,201704,934.95,0.0225,,Salt Lake City,"Salt Lake City, UT",Salt Lake County
94462,84102,UT,201705,959.82,0.0266,0.0572,Salt Lake City,"Salt Lake City, UT",Salt Lake County
94462,84102,UT,201706,968.82,0.0094,0.0734,Salt Lake City,"Salt Lake City, UT",Salt Lake County
94462,84102,UT,201707,981.17,0.0127,0.0876,Salt Lake City,"Salt Lake City, UT",Salt Lake County
94462,84102,UT,201708,972.91,-0.0084,0.0357,Salt Lake City,"Salt Lake City, UT",Salt Lake County
94462,84102,UT,201709,980.44,0.0077,0.0595,Salt Lake City,"Salt Lake City, UT",Salt Lake County
94462,84102,UT,201710,977.25,-0.0033,0.0689,Salt Lake City,"Salt Lake City, UT",Salt Lake County
94462,84102,UT,201711,955.41,-0.0224,0.0514,Salt Lake City,"Salt Lake City, UT",Salt Lake County
94462,84102,UT,201712,955.43,0.0,0.0481,Salt Lake City,"Salt Lake City, UT",Salt Lake County
94462,84102,UT,201801,960.07,0.0049,0.0577,Salt Lake City,"Salt Lake City, UT",Salt Lake County
94462,84102,UT,201802,991.57,0.0328,0.0962,Salt Lake City,"Salt Lake City, UT",Salt Lake County
94462,84102,UT,201803,992.01,0.0004,0.0849,Salt Lake City,"Salt Lake City, UT",Salt Lake County
94462,84102,UT,201804,1019.91,0.0281,0.0909,Salt Lake City,"Salt Lake City, UT",Salt Lake County
94462,84102,UT,201805,1016.56,-0.0033,0.0591,Salt Lake City,"Salt Lake City, UT",Salt Lake County
94462,84102,UT,201806,1032.99,0.0162,0.0662,Salt Lake City,"Salt Lake City, UT",Salt Lake County
94462,84102,UT,201807,1026.31,-0.0065,0.046,Salt Lake City,"Salt Lake City, UT",Salt Lake County
94462,84102,UT,201808,1039.96,0.0133,0.0689,Salt Lake City,"Salt Lake City, UT",Salt Lake County
94462,84102,UT,201809,1046.61,0.0064,0.0675,Salt Lake City,"Salt Lake City, UT",Salt Lake County
94462,84102,UT,201810,1039.59,-0.0067,0.0638,Salt Lake City,"Salt Lake City, UT",Salt Lake County
94462,84102,UT,201811,1040.23,0.0006,0.0888,Salt Lake City,"Salt Lake City, UT",Salt Lake County
94462,84102,UT,201812,1044.95,0.0045,0.0937,Salt Lake City,"Salt Lake City, UT",Salt Lake County
94462,84102,UT,201901,1039.4,-0.0053,0.0826,Salt Lake City,"Salt Lake City, UT",Salt Lake County
94462,84102,UT,201902,1047.53,0.0078,0.0564,Salt Lake City,"Salt Lake City, UT",Salt Lake County
94462,84102,UT,201903,1045.29,-0.0021,0.0537,Salt Lake City,"Salt Lake City, UT",Salt Lake County
94462,84102,UT,201904,1067.0,0.0208,0.0462,Salt Lake City,"Salt Lake City, UT",Salt Lake County
94462,84102,UT,201905,1073.73,0.0063,0.0562,Salt Lake City,"Salt Lake City, UT",Salt Lake County
94462,84102,UT,201906,1088.13,0.0134,0.0534,Salt Lake City,"Salt Lake City, UT",Salt Lake County
94462,84102,UT,201907,1093.33,0.0048,0.0653,Salt Lake City,"Salt Lake City, UT",Salt Lake County
94462,84102,UT,201908,1095.35,0.0018,0.0533,Salt Lake City,"Salt Lake City, UT",Salt Lake County
94462,84102,UT,201909,1087.89,-0.0068,0.0394,Salt Lake City,"Salt Lake City, UT",Salt Lake County
94462,84102,UT,201910,1068.02,-0.0183,0.0274,Salt Lake City,"Salt Lake City, UT",Salt Lake County
94462,84102,UT,201911,1073.35,0.005,0.0318,Salt Lake City,"Salt Lake City, UT",Salt Lake County
94462,84102,UT,201912,1078.75,0.005,0.0323,Salt Lake City,"Salt Lake City, UT",Salt Lake County
94462,84102,UT,202001,1088.61,0.0091,0.0473,Salt Lake City,"Salt Lake City, UT",Salt Lake County
94462,84102,UT,202002,1081.2,-0.0068,0.0321,Salt Lake City,"Salt Lake City, UT",Salt Lake County
94462,84102,UT,202003,1091.47,0.0095,0.0442,Salt Lake City,"Salt Lake City, UT",Salt Lake County
94462,84102,UT,202004,1109.07,0.0161,0.0394,Salt Lake City,"Salt Lake City, UT",Salt Lake County
94462,84102,UT,202005,1118.1,0.0081,0.0413,Salt Lake City,"Salt Lake City, UT",Salt Lake County
94462,84102,UT,202006,1119.79,0.0015,0.0291,Salt Lake City,"Salt Lake City, UT",Salt Lake County
94462,84102,UT,202007,1112.66,-0.0064,0.0177,Salt Lake City,"Salt Lake City, UT",Salt Lake County
94462,84102,UT,202008,1110.17,-0.0022,0.0135,Salt Lake City,"Salt Lake City, UT",Salt Lake County
94462,84102,UT,202009,1108.33,-0.0017,0.0188,Salt Lake City,"Salt Lake City, UT",Salt Lake County
94462,84102,UT,202010,1114.73,0.0058,0.0437,Salt Lake City,"Salt Lake City, UT",Salt Lake County
94462,84102,UT,202011,1112.53,-0.002,0.0365,Salt Lake City,"Salt Lake City, UT",Salt Lake County
94462,84102,UT,202012,1097.69,-0.0133,0.0176,Salt Lake City,"Salt Lake City, UT",Salt Lake County
94462,84102,UT,202101,1100.69,0.0027,0.0111,Salt Lake City,"Salt Lake City, UT",Salt Lake County
94462,84102,UT,202102,1104.65,0.0036,0.0217,Salt Lake City,"Salt Lake City, UT",Salt Lake County
94462,84102,UT,202103,1120.91,0.0147,0.027,Salt Lake City,"Salt Lake City, UT",Salt Lake County
94462,84102,UT,202104,1140.77,0.0177,0.0286,Salt Lake City,"Salt Lake City, UT",Salt Lake County
94462,84102,UT,202105,1171.09,0.0266,0.0474,Salt Lake City,"Salt Lake City, UT",Salt Lake County
94462,84102,UT,202106,1202.67,0.027,0.074,Salt Lake City,"Salt Lake City, UT",Salt Lake County
94462,84102,UT,202107,1226.49,0.0198,0.1023,Salt Lake City,"Salt Lake City, UT",Salt Lake County
94462,84102,UT,202108,1253.72,0.0222,0.1293,Salt Lake City,"Salt Lake City, UT",Salt Lake County
94462,84102,UT,202109,1263.37,0.0077,0.1399,Salt Lake City,"Salt Lake City, UT",Salt Lake County
94462,84102,UT,202110,1279.38,0.0127,0.1477,Salt Lake City,"Salt Lake City, UT",Salt Lake County
94462,84102,UT,202111,1272.88,-0.0051,0.1441,Salt Lake City,"Salt Lake City, UT",Salt Lake County
94462,84102,UT,202112,1301.16,0.0222,0.1854,Salt Lake City,"Salt Lake City, UT",Salt Lake County
94462,84102,UT,202201,1328.47,0.021,0.2069,Salt Lake City,"Salt Lake City, UT",Salt Lake County
94462,84102,UT,202202,1352.4,0.018,0.2243,Salt Lake City,"Salt Lake City, UT",Salt Lake County
94462,84102,UT,202203,1333.48,-0.014,0.1896,Salt Lake City,"Salt Lake City, UT",Salt Lake County
94462,84102,UT,202204,1305.16,-0.0212,0.1441,Salt Lake City,"Salt Lake City, UT",Salt Lake County
94462,84102,UT,202205,1310.84,0.0044,0.1193,Salt Lake City,"Salt Lake City, UT",Salt Lake County
94462,84102,UT,202206,1358.14,0.0361,0.1293,Salt Lake City,"Salt Lake City, UT",Salt Lake County
94462,84102,UT,202207,1402.75,0.0328,0.1437,Salt Lake City,"Salt Lake City, UT",Salt Lake County
94462,84102,UT,202208,1408.27,0.0039,0.1233,Salt Lake City,"Salt Lake City, UT",Salt Lake County
94462,84102,UT,202209,1402.35,-0.0042,0.11,Salt Lake City,"Salt Lake City, UT",Salt Lake County
94462,84102,UT,202210,1390.77,-0.0083,0.0871,Salt Lake City,"Salt Lake City, UT",Salt Lake County
94462,84102,UT,202211,1396.72,0.0043,0.0973,Salt Lake City,"Salt Lake City, UT",Salt Lake County
94462,84102,UT,202212,1398.5,0.0013,0.0748,Salt Lake City,"Salt Lake City, UT",Salt Lake County
94462,84102,UT,202301,1401.48,0.0021,0.055,Salt Lake City,"Salt Lake City, UT",Salt Lake County
94462,84102,UT,202302,1413.74,0.0088,0.0454,Salt Lake City,"Salt Lake City, UT",Salt Lake County
94462,84102,UT,202303,1422.7,0.0063,0.0669,Salt Lake City,"Salt Lake City, UT",Salt Lake County
94462,84102,UT,202304,1435.21,0.0088,0.0996,Salt Lake City,"Salt Lake City, UT",Salt Lake County
94462,84102,UT,202305,1440.24,0.0035,0.0987,Salt Lake City,"Salt Lake City, UT",Salt Lake County
94462,84102,UT,202306,1434.95,-0.0037,0.0566,Salt Lake City,"Salt Lake City, UT",Salt Lake County
94462,84102,UT,202307,1422.76,-0.0085,0.0143,Salt Lake City,"Salt Lake City, UT",Salt Lake County
94462,84102,UT,202308,1403.28,-0.0137,-0.0035,Salt Lake City,"Salt Lake City, UT",Salt Lake County
94462,84102,UT,202309,1392.65,-0.0076,-0.0069,Salt Lake City,"Salt Lake City, UT",Salt Lake County
94462,84102,UT,202310,1384.43,-0.0059,-0.0046,Salt Lake City,"Salt Lake City, UT",Salt Lake County
94462,84102,UT,202311,1374.83,-0.0069,-0.0157,Salt Lake City,"Salt Lake City, UT",Salt Lake County
94462,84102,UT,202312,1369.99,-0.0035,-0.0204,Salt Lake City,"Salt Lake City, UT",Salt Lake County
94462,84102,UT,202401,1365.99,-0.0029,-0.0253,Salt Lake City,"Salt Lake City, UT",Salt Lake County
94462,84102,UT,202402,1397.07,0.0228,-0.0118,Salt Lake City,"Salt Lake City, UT",Salt Lake County
94462,84102,UT,202403,1396.58,-0.0004,-0.0184,Salt Lake City,"Salt Lake City, UT",Salt Lake County
94462,84102,UT,202404,1410.59,0.01,-0.0172,Salt Lake City,"Salt Lake City, UT",Salt Lake County
94462,84102,UT,202405,1411.47,0.0006,-0.02,Salt Lake City,"Salt Lake City, UT",Salt Lake County
94462,84102,UT,202406,1431.44,0.0141,-0.0024,Salt Lake City,"Salt Lake City, UT",Salt Lake County
94462,84102,UT,202407,1440.36,0.0062,0.0124,Salt Lake City,"Salt Lake City, UT",Salt Lake County
94462,84102,UT,202408,1438.21,-0.0015,0.0249,Salt Lake City,"Salt Lake City, UT",Salt Lake County
94462,84102,UT,202409,1440.62,0.0017,0.0344,Salt Lake City,"Salt Lake City, UT",Salt Lake County
94462,84102,UT,202410,1428.56,-0.0084,0.0319,Salt Lake City,"Salt Lake City, UT",Salt Lake County
94462,84102,UT,202411,1415.62,-0.0091,0.0297,Salt Lake City,"Salt Lake City, UT",Salt Lake County
94462,84102,UT,202412,1404.1,-0.0081,0.0249,Salt Lake City,"Salt Lake City, UT",Salt Lake County
94462,84102,UT,202501,1410.79,0.0048,0.0328,Salt Lake City,"Salt Lake City, UT",Salt Lake County
94462,84102,UT,202502,1397.25,-0.0096,0.0001,Salt Lake City,"Salt Lake City, UT",Salt Lake County
94462,84102,UT,202503,1403.58,0.0045,0.005,Salt Lake City,"Salt Lake City, UT",Salt Lake County
94462,84102,UT,202504,1407.74,0.003,-0.002,Salt Lake City,"Salt Lake City, UT",Salt Lake County
94462,84102,UT,202505,1433.17,0.0181,0.0154,Salt Lake City,"Salt Lake City, UT",Salt Lake County
94462,84102,UT,202506,1433.79,0.0004,0.0016,Salt Lake City,"Salt Lake City, UT",Salt Lake County
94462,84102,UT,202507,1435.83,0.0014,-0.0031,Salt Lake City,"Salt Lake City, UT",Salt Lake County
94462,84102,UT,202508,1429.44,-0.0044,-0.0061,Salt Lake City,"Salt Lake City, UT",Salt Lake County
94462,84102,UT,202509,1428.57,-0.0006,-0.0084,Salt Lake City,"Salt Lake City, UT",Salt Lake County
94462,84102,UT,202510,1418.76,-0.0069,-0.0069,Salt Lake City,"Salt Lake City, UT",Salt Lake County
94462,84102,UT,202511,1399.19,-0.0138,-0.0116,Salt Lake City,"Salt Lake City, UT",Salt Lake County
94462,84102,UT,202512,1379.71,-0.0139,-0.0174,Salt Lake City,"Salt Lake City, UT",Salt Lake County
94462,84102,UT,202601,1380.9,0.0009,-0.0212,Salt Lake City,"Salt Lake City, UT",Salt Lake County
94462,84102,UT,202602,1414.08,0.024,0.012,Salt Lake City,"Salt Lake City, UT",Salt Lake County
94462,84102,UT,202603,1436.76,0.016,0.0236,Salt Lake City,"Salt Lake City, UT",Salt Lake County
94462,84102,UT,202604,1436.85,0.0001,0.0207,Salt Lake City,"Salt Lake City, UT",Salt Lake County
94462,84102,UT,202605,1423.87,-0.009,-0.0065,Salt Lake City,"Salt Lake City, UT",Salt Lake County
94462,84102,UT,202606,1421.87,-0.0014,-0.0083,Salt Lake City,"Salt Lake City, UT",Salt Lake County
94462,84102,UT,202607,1422.69,0.0006,-0.0091,Salt Lake City,"Salt Lake City, UT",Salt Lake County
94462,84102,UT,202608,1433.03,0.0073,0.0025,Salt Lake City,"Salt Lake City, UT",Salt Lake County
94463,84103,UT,201712,1113.94,,,Salt Lake City,"Salt Lake City, UT",Salt Lake County
94463,84103,UT,201801,1087.67,-0.0236,,Salt Lake City,"Salt Lake City, UT",Salt Lake County
94463,84103,UT,201802,1080.69,-0.0064,,Salt Lake City,"Salt Lake City, UT",Salt Lake County
94463,84103,UT,201803,1100.8,0.0186,,Salt Lake City,"Salt Lake City, UT",Salt Lake County
94463,84103,UT,201804,1135.06,0.0311,,Salt Lake City,"Salt Lake City, UT",Salt Lake County
94463,84103,UT,201805,1144.93,0.0087,,Salt Lake City,"Salt Lake City, UT",Salt Lake County
94463,84103,UT,201806,1146.96,0.0018,,Salt Lake City,"Salt Lake City, UT",Salt Lake County
94463,84103,UT,201807,1155.89,0.0078,,Salt Lake City,"Salt Lake City, UT",Salt Lake County
94463,84103,UT,201808,1157.87,0.0017,,Salt Lake City,"Salt Lake City, UT",Salt Lake County
94463,84103,UT,201809,1169.22,0.0098,,Salt Lake City,"Salt Lake City, UT",Salt Lake County
94463,84103,UT,201810,1180.21,0.0094,,Salt Lake City,"Salt Lake City, UT",Salt Lake County
94463,84103,UT,201811,1177.32,-0.0024,,Salt Lake City,"Salt Lake City, UT",Salt Lake County
94463,84103,UT,201812,1157.17,-0.0171,0.0388,Salt Lake City,"Salt Lake City, UT",Salt Lake County
94463,84103,UT,201901,1152.03,-0.0044,0.0592,Salt Lake City,"Salt Lake City, UT",Salt Lake County
94463,84103,UT,201902,1170.74,0.0162,0.0833,Salt Lake City,"Salt Lake City, UT",Salt Lake County
94463,84103,UT,201903,1206.01,0.0301,0.0956,Salt Lake City,"Salt Lake City, UT",Salt Lake County
94463,84103,UT,201904,1219.29,0.011,0.0742,Salt Lake City,"Salt Lake City, UT",Salt Lake County
94463,84103,UT,201905,1226.09,0.0056,0.0709,Salt Lake City,"Salt Lake City, UT",Salt Lake County
94463,84103,UT,201906,1229.87,0.0031,0.0723,Salt Lake City,"Salt Lake City, UT",Salt Lake County
94463,84103,UT,201907,1242.81,0.0105,0.0752,Salt Lake City,"Salt Lake City, UT",Salt Lake County
94463,84103,UT,201908,1238.68,-0.0033,0.0698,Salt Lake City,"Salt Lake City, UT",Salt Lake County
94463,84103,UT,201909,1247.67,0.0073,0.0671,Salt Lake City,"Salt Lake City, UT",Salt Lake County
94463,84103,UT,201910,1241.38,-0.005,0.0518,Salt Lake City,"Salt Lake City, UT",Salt Lake County
94463,84103,UT,201911,1242.2,0.0007,0.0551,Salt Lake City,"Salt Lake City, UT",Salt Lake County
94463,84103,UT,201912,1223.33,-0.0152,0.0572,Salt Lake City,"Salt Lake City, UT",Salt Lake County
94463,84103,UT,202001,1220.45,-0.0024,0.0594,Salt Lake City,"Salt Lake City, UT",Salt Lake County
94463,84103,UT,202002,1208.3,-0.0099,0.0321,Salt Lake City,"Salt Lake City, UT",Salt Lake County
94463,84103,UT,202003,1214.88,0.0054,0.0074,Salt Lake City,"Salt Lake City, UT",Salt Lake County
94463,84103,UT,202004,1222.36,0.0062,0.0025,Salt Lake City,"Salt Lake City, UT",Salt Lake County
94463,84103,UT,202005,1235.0,0.0103,0.0073,Salt Lake City,"Salt Lake City, UT",Salt Lake County
94463,84103,UT,202006,1234.9,-0.0001,0.0041,Salt Lake City,"Salt Lake City, UT",Salt Lake County
94463,84103,UT,202007,1235.81,0.0007,-0.0056,Salt Lake City,"Salt Lake City, UT",Salt Lake County
94463,84103,UT,202008,1241.36,0.0045,0.0022,Salt Lake City,"Salt Lake City, UT",Salt Lake County
94463,84103,UT,202009,1266.61,0.0203,0.0152,Salt Lake City,"Salt Lake City, UT",Salt Lake County
94463,84103,UT,202010,1277.86,0.0089,0.0294,Salt Lake City,"Salt Lake City, UT",Salt Lake County
94463,84103,UT,202011,1279.53,0.0013,0.0301,Salt Lake City,"Salt Lake City, UT",Salt Lake County
94463,84103,UT,202012,1261.13,-0.0144,0.0309,Salt Lake City,"Salt Lake City, UT",Salt Lake County
94463,84103,UT,202101,1260.65,-0.0004,0.0329,Salt Lake City,"Salt Lake City, UT",Salt Lake County
94463,84103,UT,202102,1286.0,0.0201,0.0643,Salt Lake City,"Salt Lake City, UT",Salt Lake County
94463,84103,UT,202103,1311.42,0.0198,0.0795,Salt Lake City,"Salt Lake City, UT",Salt Lake County
94463,84103,UT,202104,1325.23,0.0105,0.0842,Salt Lake City,"Salt Lake City, UT",Salt Lake County
94463,84103,UT,202105,1342.66,0.0131,0.0872,Salt Lake City,"Salt Lake City, UT",Salt Lake County
94463,84103,UT,202106,1362.56,0.0148,0.1034,Salt Lake City,"Salt Lake City, UT",Salt Lake County
94463,84103,UT,202107,1381.38,0.0138,0.1178,Salt Lake City,"Salt Lake City, UT",Salt Lake County
94463,84103,UT,202108,1374.58,-0.0049,0.1073,Salt Lake City,"Salt Lake City, UT",Salt Lake County
94463,84103,UT,202109,1378.33,0.0027,0.0882,Salt Lake City,"Salt Lake City, UT",Salt Lake County
94463,84103,UT,202110,1392.25,0.0101,0.0895,Salt Lake City,"Salt Lake City, UT",Salt Lake County
94463,84103,UT,202111,1419.75,0.0198,0.1096,Salt Lake City,"Salt Lake City, UT",Salt Lake County
94463,84103,UT,202112,1443.82,0.0169,0.1449,Salt Lake City,"Salt Lake City, UT",Salt Lake County
94463,84103,UT,202201,1454.35,0.0073,0.1537,Salt Lake City,"Salt Lake City, UT",Salt Lake County
94463,84103,UT,202202,1469.65,0.0105,0.1428,Salt Lake City,"Salt Lake City, UT",Salt Lake County
94463,84103,UT,202203,1493.12,0.016,0.1385,Salt Lake City,"Salt Lake City, UT",Salt Lake County
94463,84103,UT,202204,1523.16,0.0201,0.1494,Salt Lake City,"Salt Lake City, UT",Salt Lake County
94463,84103,UT,202205,1554.65,0.0207,0.1579,Salt Lake City,"Salt Lake City, UT",Salt Lake County
94463,84103,UT,202206,1547.48,-0.0046,0.1357,Salt Lake City,"Salt Lake City, UT",Salt Lake County
94463,84103,UT,202207,1554.08,0.0043,0.125,Salt Lake City,"Salt Lake City, UT",Salt Lake County
94463,84103,UT,202208,1557.14,0.002,0.1328,Salt Lake City,"Salt Lake City, UT",Salt Lake County
94463,84103,UT,202209,1560.04,0.0019,0.1318,Salt Lake City,"Salt Lake City, UT",Salt Lake County
94463,84103,UT,202210,1555.56,-0.0029,0.1173,Salt Lake City,"Salt Lake City, UT",Salt Lake County
94463,84103,UT,202211,1526.7,-0.0186,0.0753,Salt Lake City,"Salt Lake City, UT",Salt Lake County
94463,84103,UT,202212,1512.73,-0.0092,0.0477,Salt Lake City,"Salt Lake City, UT",Salt Lake County
94463,84103,UT,202301,1496.27,-0.0109,0.0288,Salt Lake City,"Salt Lake City, UT",Salt Lake County
94463,84103,UT,202302,1493.32,-0.002,0.0161,Salt Lake City,"Salt Lake City, UT",Salt Lake County
94463,84103,UT,202303,1507.12,0.0092,0.0094,Salt Lake City,"Salt Lake City, UT",Salt Lake County
94463,84103,UT,202304,1528.48,0.0142,0.0035,Salt Lake City,"Salt Lake City, UT",Salt Lake County
94463,84103,UT,202305,1557.37,0.0189,0.0017,Salt Lake City,"Salt Lake City, UT",Salt Lake County
94463,84103,UT,202306,1572.85,0.0099,0.0164,Salt Lake City,"Salt Lake City, UT",Salt Lake County
94463,84103,UT,202307,1570.05,-0.0018,0.0103,Salt Lake City,"Salt Lake City, UT",Salt Lake County
94463,84103,UT,202308,1572.05,0.0013,0.0096,Salt Lake City,"Salt Lake City, UT",Salt Lake County
94463,84103,UT,202309,1562.73,-0.0059,0.0017,Salt Lake City,"Salt Lake City, UT",Salt Lake County
94463,84103,UT,202310,1564.12,0.0009,0.0055,Salt Lake City,"Salt Lake City, UT",Salt Lake County
94463,84103,UT,202311,1539.83,-0.0155,0.0086,Salt Lake City,"Salt Lake City, UT",Salt Lake County
94463,84103,UT,202312,1530.82,-0.0058,0.012,Salt Lake City,"Salt Lake City, UT",Salt Lake County
94463,84103,UT,202401,1512.87,-0.0117,0.0111,Salt Lake City,"Salt Lake City, UT",Salt Lake County
94463,84103,UT,202402,1534.3,0.0142,0.0274,Salt Lake City,"Salt Lake City, UT",Salt Lake County
94463,84103,UT,202403,1547.58,0.0087,0.0268,Salt Lake City,"Salt Lake City, UT",Salt Lake County
94463,84103,UT,202404,1562.24,0.0095,0.0221,Salt Lake City,"Salt Lake City, UT",Salt Lake County
94463,84103,UT,202405,1564.01,0.0011,0.0043,Salt Lake City,"Salt Lake City, UT",Salt Lake County
94463,84103,UT,202406,1574.87,0.0069,0.0013,Salt Lake City,"Salt Lake City, UT",Salt Lake County
94463,84103,UT,202407,1585.46,0.0067,0.0098,Salt Lake City,"Salt Lake City, UT",Salt Lake County
94463,84103,UT,202408,1582.3,-0.002,0.0065,Salt Lake City,"Salt Lake City, UT",Salt Lake County
94463,84103,UT,202409,1628.72,0.0293,0.0422,Salt Lake City,"Salt Lake City, UT",Salt Lake County
94463,84103,UT,202410,1619.08,-0.0059,0.0351,Salt Lake City,"Salt Lake City, UT",Salt Lake County
94463,84103,UT,202411,1617.16,-0.0012,0.0502,Salt Lake City,"Salt Lake City, UT",Salt Lake County
94463,84103,UT,202412,1563.85,-0.033,0.0216,Salt Lake City,"Salt Lake City, UT",Salt Lake County
94463,84103,UT,202501,1561.66,-0.0014,0.0322,Salt Lake City,"Salt Lake City, UT",Salt Lake County
94463,84103,UT,202502,1569.99,0.0053,0.0233,Salt Lake City,"Salt Lake City, UT",Salt Lake County
94463,84103,UT,202503,1575.87,0.0037,0.0183,Salt Lake City,"Salt Lake City, UT",Salt Lake County
94463,84103,UT,202504,1590.78,0.0095,0.0183,Salt Lake City,"Salt Lake City, UT",Salt Lake County
94463,84103,UT,202505,1604.37,0.0085,0.0258,Salt Lake City,"Salt Lake City, UT",Salt Lake County
94463,84103,UT,202506,1609.79,0.0034,0.0222,Salt Lake City,"Salt Lake City, UT",Salt Lake County
94463,84103,UT,202507,1623.99,0.0088,0.0243,Salt Lake City,"Salt Lake City, UT",Salt Lake County
94463,84103,UT,202508,1628.11,0.0025,0.029,Salt Lake City,"Salt Lake City, UT",Salt Lake County
94463,84103,UT,202509,1631.11,0.0018,0.0015,Salt Lake City,"Salt Lake City, UT",Salt Lake County
94463,84103,UT,202510,1623.58,-0.0046,0.0028,Salt Lake City,"Salt Lake City, UT",Salt Lake County
94463,84103,UT,202511,1614.84,-0.0054,-0.0014,Salt Lake City,"Salt Lake City, UT",Salt Lake County
94463,84103,UT,202512,1599.39,-0.0096,0.0227,Salt Lake City,"Salt Lake City, UT",Salt Lake County
94463,84103,UT,202601,1590.57,-0.0055,0.0185,Salt Lake City,"Salt Lake City, UT",Salt Lake County
94463,84103,UT,202602,1578.13,-0.0078,0.0052,Salt Lake City,"Salt Lake City, UT",Salt Lake County
94463,84103,UT,202603,1596.5,0.0116,0.0131,Salt Lake City,"Salt Lake City, UT",Salt Lake County
94463,84103,UT,202604,1626.63,0.0189,0.0225,Salt Lake City,"Salt Lake City, UT",Salt Lake County
94463,84103,UT,202605,1643.94,0.0106,0.0247,Salt Lake City,"Salt Lake City, UT",Salt Lake County
94463,84103,UT,202606,1649.91,0.0036,0.0249,Salt Lake City,"Salt Lake City, UT",Salt Lake County
94463,84103,UT,202607,1637.84,-0.0073,0.0085,Salt Lake City,"Salt Lake City, UT",Salt Lake County
94463,84103,UT,202608,1648.08,0.0062,0.0123,Salt Lake City,"Salt Lake City, UT",Salt Lake County
94464,84104,UT,202501,1478.27,,,Salt Lake City,"Salt Lake City, UT",Salt Lake County
94464,84104,UT,202502,1468.94,-0.0063,,Salt Lake City,"Salt Lake City, UT",Salt Lake County
94464,84104,UT,202503,1464.79,-0.0028,,Salt Lake City,"Salt Lake City, UT",Salt Lake County
94464,84104,UT,202504,1483.75,0.0129,,Salt Lake City,"Salt Lake City, UT",Salt Lake County
94464,84104,UT,202505,1522.56,0.0262,,Salt Lake City,"Salt Lake City, UT",Salt Lake County
94464,84104,UT,202506,1539.11,0.0109,,Salt Lake City,"Salt Lake City, UT",Salt Lake County
94464,84104,UT,202507,1515.48,-0.0154,,Salt Lake City,"Salt Lake City, UT",Salt Lake County
94464,84104,UT,202508,1501.7,-0.0091,,Salt Lake City,"Salt Lake City, UT",Salt Lake County
94464,84104,UT,202509,1469.65,-0.0213,,Salt Lake City,"Salt Lake City, UT",Salt Lake County
94464,84104,UT,202510,1483.35,0.0093,,Salt Lake City,"Salt Lake City, UT",Salt Lake County
94464,84104,UT,202511,1467.19,-0.0109,,Salt Lake City,"Salt Lake City, UT",Salt Lake County
94464,84104,UT,202512,1458.93,-0.0056,,Salt Lake City,"Salt Lake City, UT",Salt Lake County
94464,84104,UT,202601,1420.43,-0.0264,-0.0391,Salt Lake City,"Salt Lake City, UT",Salt Lake County
94464,84104,UT,202602,1418.11,-0.0016,-0.0346,Salt Lake City,"Salt Lake City, UT",Salt Lake County
94464,84104,UT,202603,1410.93,-0.0051,-0.0368,Salt Lake City,"Salt Lake City, UT",Salt Lake County
94464,84104,UT,202604,1416.1,0.0037,-0.0456,Salt Lake City,"Salt Lake City, UT",Salt Lake County
94464,84104,UT,202605,1387.47,-0.0202,-0.0887,Salt Lake City,"Salt Lake City, UT",Salt Lake County
94464,84104,UT,202606,1403.42,0.0115,-0.0882,Salt Lake City,"Salt Lake City, UT",Salt Lake County
94464,84104,UT,202607,1414.13,0.0076,-0.0669,Salt Lake City,"Salt Lake City, UT",Salt Lake County
94464,84104,UT,202608,1426.1,0.0085,-0.0503,Salt Lake City,"Salt Lake City, UT",Salt Lake County
94465,84105,UT,202201,1568.66,,,Salt Lake City,"Salt Lake City, UT",Salt Lake County
94465,84105,UT,202202,1598.86,0.0193,,Salt Lake City,"Salt Lake City, UT",Salt Lake County
94465,84105,UT,202203,1644.02,0.0282,,Salt Lake City,"Salt Lake City, UT",Salt Lake County
94465,84105,UT,202204,1670.96,0.0164,,Salt Lake City,"Salt Lake City, UT",Salt Lake County
94465,84105,UT,202205,1704.85,0.0203,,Salt Lake City,"Salt Lake City, UT",Salt Lake County
94465,84105,UT,202206,1695.85,-0.0053,,Salt Lake City,"Salt Lake City, UT",Salt Lake County
94465,84105,UT,202207,1709.24,0.0079,,Salt Lake City,"Salt Lake City, UT",Salt Lake County
94465,84105,UT,202208,1697.82,-0.0067,,Salt Lake City,"Salt Lake City, UT",Salt Lake County
94465,84105,UT,202209,1699.63,0.0011,,Salt Lake City,"Salt Lake City, UT",Salt Lake County
94465,84105,UT,202210,1694.46,-0.003,,Salt Lake City,"Salt Lake City, UT",Salt Lake County
94465,84105,UT,202211,1671.17,-0.0137,,Salt Lake City,"Salt Lake City, UT",Salt Lake County
94465,84105,UT,202212,1700.34,0.0175,,Salt Lake City,"Salt Lake City, UT",Salt Lake County
94465,84105,UT,202301,1667.19,-0.0195,0.0628,Salt Lake City,"Salt Lake City, UT",Salt Lake County
94465,84105,UT,202302,1719.15,0.0312,0.0752,Salt Lake City,"Salt Lake City, UT",Salt Lake County
94465,84105,UT,202303,1709.29,-0.0057,0.0397,Salt Lake City,"Salt Lake City, UT",Salt Lake County
94465,84105,UT,202304,1768.84,0.0348,0.0586,Salt Lake City,"Salt Lake City, UT",Salt Lake County
94465,84105,UT,202305,1761.72,-0.004,0.0334,Salt Lake City,"Salt Lake City, UT",Salt Lake County
94465,84105,UT,202306,1756.8,-0.0028,0.0359,Salt Lake City,"Salt Lake City, UT",Salt Lake County
94465,84105,UT,202307,1741.3,-0.0088,0.0188,Salt Lake City,"Salt Lake City, UT",Salt Lake County
94465,84105,UT,202308,1739.74,-0.0009,0.0247,Salt Lake City,"Salt Lake City, UT",Salt Lake County
94465,84105,UT,202309,1770.54,0.0177,0.0417,Salt Lake City,"Salt Lake City, UT",Salt Lake County
94465,84105,UT,202310,1778.25,0.0044,0.0494,Salt Lake City,"Salt Lake City, UT",Salt Lake County
94465,84105,UT,202311,1776.87,-0.0008,0.0632,Salt Lake City,"Salt Lake City, UT",Salt Lake County
94465,84105,UT,202312,1781.91,0.0028,0.048,Salt Lake City,"Salt Lake City, UT",Salt Lake County
94465,84105,UT,202401,1784.55,0.0015,0.0704,Salt Lake City,"Salt Lake City, UT",Salt Lake County
94465,84105,UT,202402,1781.71,-0.0016,0.0364,Salt Lake City,"Salt Lake City, UT",Salt Lake County
94465,84105,UT,202403,1766.3,-0.0086,0.0334,Salt Lake City,"Salt Lake City, UT",Salt Lake County
94465,84105,UT,202404,1788.09,0.0123,0.0109,Salt Lake City,"Salt Lake City, UT",Salt Lake County
94465,84105,UT,202405,1799.39,0.0063,0.0214,Salt Lake City,"Salt Lake City, UT",Salt Lake County
94465,84105,UT,202406,1816.38,0.0094,0.0339,Salt Lake City,"Salt Lake City, UT",Salt Lake County
94465,84105,UT,202407,1815.21,-0.0006,0.0424,Salt Lake City,"Salt Lake City, UT",Salt Lake County
94465,84105,UT,202408,1836.61,0.0118,0.0557,Salt Lake City,"Salt Lake City, UT",Salt Lake County
94465,84105,UT,202409,1843.43,0.0037,0.0412,Salt Lake City,"Salt Lake City, UT",Salt Lake County
94465,84105,UT,202410,1827.55,-0.0086,0.0277,Salt Lake City,"Salt Lake City, UT",Salt Lake County
94465,84105,UT,202411,1816.69,-0.0059,0.0224,Salt Lake City,"Salt Lake City, UT",Salt Lake County
94465,84105,UT,202412,1790.99,-0.0141,0.0051,Salt Lake City,"Salt Lake City, UT",Salt Lake County
94465,84105,UT,202501,1809.8,0.0105,0.0141,Salt Lake City,"Salt Lake City, UT",Salt Lake County
94465,84105,UT,202502,1822.54,0.007,0.0229,Salt Lake City,"Salt Lake City, UT",Salt Lake County
94465,84105,UT,202503,1863.94,0.0227,0.0553,Salt Lake City,"Salt Lake City, UT",Salt Lake County
94465,84105,UT,202504,1878.08,0.0076,0.0503,Salt Lake City,"Salt Lake City, UT",Salt Lake County
94465,84105,UT,202505,1865.91,-0.0065,0.037,Salt Lake City,"Salt Lake City, UT",Salt Lake County
94465,84105,UT,202506,1867.95,0.0011,0.0284,Salt Lake City,"Salt Lake City, UT",Salt Lake County
94465,84105,UT,202507,1859.93,-0.0043,0.0246,Salt Lake City,"Salt Lake City, UT",Salt Lake County
94465,84105,UT,202508,1875.58,0.0084,0.0212,Salt Lake City,"Salt Lake City, UT",Salt Lake County
94465,84105,UT,202509,1870.9,-0.0025,0.0149,Salt Lake City,"Salt Lake City, UT",Salt Lake County
94465,84105,UT,202510,1892.17,0.0114,0.0354,Salt Lake City,"Salt Lake City, UT",Salt Lake County
94465,84105,UT,202511,1874.3,-0.0094,0.0317,Salt Lake City,"Salt Lake City, UT",Salt Lake County
94465,84105,UT,202512,1909.11,0.0186,0.066,Salt Lake City,"Salt Lake City, UT",Salt Lake County
94465,84105,UT,202601,1920.3,0.0059,0.0611,Salt Lake City,"Salt Lake City, UT",Salt Lake County
94465,84105,UT,202602,1942.8,0.0117,0.066,Salt Lake City,"Salt Lake City, UT",Salt Lake County
94465,84105,UT,202603,1942.64,-0.0001,0.0422,Salt Lake City,"Salt Lake City, UT",Salt Lake County
94465,84105,UT,202604,1937.1,-0.0029,0.0314,Salt Lake City,"Salt Lake City, UT",Salt Lake County
94465,84105,UT,202605,1953.47,0.0084,0.0469,Salt Lake City,"Salt Lake City, UT",Salt Lake County
94465,84105,UT,202606,1940.22,-0.0068,0.0387,Salt Lake City,"Salt Lake City, UT",Salt Lake County
94465,84105,UT,202607,1936.28,-0.002,0.041,Salt Lake City,"Salt Lake City, UT",Salt Lake County
94465,84105,UT,202608,1944.1,0.004,0.0365,Salt Lake City,"Salt Lake City, UT",Salt Lake County
94466,84106,UT,201802,1197.78,,,Salt Lake City,"Salt Lake City, UT",Salt Lake County
94466,84106,UT,201803,1234.46,0.0306,,Salt Lake City,"Salt Lake City, UT",Salt Lake County
94466,84106,UT,201804,1225.94,-0.0069,,Salt Lake City,"Salt Lake City, UT",Salt Lake County
94466,84106,UT,201805,1220.4,-0.0045,,Salt Lake City,"Salt Lake City, UT",Salt Lake County
94466,84106,UT,201806,1221.02,0.0005,,Salt Lake City,"Salt Lake City, UT",Salt Lake County
94466,84106,UT,201807,1214.87,-0.005,,Salt Lake City,"Salt Lake City, UT",Salt Lake County
94466,84106,UT,201808,1258.82,0.0362,,Salt Lake City,"Salt Lake City, UT",Salt Lake County
94466,84106,UT,201809,1261.79,0.0024,,Salt Lake City,"Salt Lake City, UT",Salt Lake County
94466,84106,UT,201810,1286.57,0.0196,,Salt Lake City,"Salt Lake City, UT",Salt Lake County
94466,84106,UT,201811,1284.99,-0.0012,,Salt Lake City,"Salt Lake City, UT",Salt Lake County
94466,84106,UT,201812,1301.69,0.013,,Salt Lake City,"Salt Lake City, UT",Salt Lake County
94466,84106,UT,201901,1298.49,-0.0025,,Salt Lake City,"Salt Lake City, UT",Salt Lake County
94466,84106,UT,201902,1286.4,-0.0093,0.074,Salt Lake City,"Salt Lake City, UT",Salt Lake County
94466,84106,UT,201903,1296.43,0.0078,0.0502,Salt Lake City,"Salt Lake City, UT",Salt Lake County
94466,84106,UT,201904,1299.48,0.0023,0.06,Salt Lake City,"Salt Lake City, UT",Salt Lake County
94466,84106,UT,201905,1312.7,0.0102,0.0756,Salt Lake City,"Salt Lake City, UT",Salt Lake County
94466,84106,UT,201906,1313.93,0.0009,0.0761,Salt Lake City,"Salt Lake City, UT",Salt Lake County
94466,84106,UT,201907,1329.06,0.0115,0.094,Salt Lake City,"Salt Lake City, UT",Salt Lake County
94466,84106,UT,201908,1346.39,0.013,0.0696,Salt Lake City,"Salt Lake City, UT",Salt Lake County
94466,84106,UT,201909,1329.0,-0.0129,0.0533,Salt Lake City,"Salt Lake City, UT",Salt Lake County
94466,84106,UT,201910,1336.38,0.0056,0.0387,Salt Lake City,"Salt Lake City, UT",Salt Lake County
94466,84106,UT,201911,1322.05,-0.0107,0.0288,Salt Lake City,"Salt Lake City, UT",Salt Lake County
94466,84106,UT,201912,1341.9,0.015,0.0309,Salt Lake City,"Salt Lake City, UT",Salt Lake County
94466,84106,UT,202001,1350.89,0.0067,0.0404,Salt Lake City,"Salt Lake City, UT",Salt Lake County
94466,84106,UT,202002,1342.48,-0.0062,0.0436,Salt Lake City,"Salt Lake City, UT",Salt Lake County
94466,84106,UT,202003,1342.08,-0.0003,0.0352,Salt Lake City,"Salt Lake City, UT",Salt Lake County
94466,84106,UT,202004,1331.49,-0.0079,0.0246,Salt Lake City,"Salt Lake City, UT",Salt Lake County
94466,84106,UT,202005,1360.11,0.0215,0.0361,Salt Lake City,"Salt Lake City, UT",Salt Lake County
94466,84106,UT,202006,1366.34,0.0046,0.0399,Salt Lake City,"Salt Lake City, UT",Salt Lake County
94466,84106,UT,202007,1385.67,0.0141,0.0426,Salt Lake City,"Salt Lake City, UT",Salt Lake County
94466,84106,UT,202008,1396.77,0.008,0.0374,Salt Lake City,"Salt Lake City, UT",Salt Lake County
94466,84106,UT,202009,1396.76,-0.0,0.051,Salt Lake City,"Salt Lake City, UT",Salt Lake County
94466,84106,UT,202010,1388.39,-0.006,0.0389,Salt Lake City,"Salt Lake City, UT",Salt Lake County
94466,84106,UT,202011,1388.94,0.0004,0.0506,Salt Lake City,"Salt Lake City, UT",Salt Lake County
94466,84106,UT,202012,1398.85,0.0071,0.0424,Salt Lake City,"Salt Lake City, UT",Salt Lake County
94466,84106,UT,202101,1424.71,0.0185,0.0546,Salt Lake City,"Salt Lake City, UT",Salt Lake County
94466,84106,UT,202102,1451.29,0.0187,0.0811,Salt Lake City,"Salt Lake City, UT",Salt Lake County
94466,84106,UT,202103,1480.25,0.02,0.103,Salt Lake City,"Salt Lake City, UT",Salt Lake County
94466,84106,UT,202104,1512.37,0.0217,0.1358,Salt Lake City,"Salt Lake City, UT",Salt Lake County
94466,84106,UT,202105,1525.92,0.009,0.1219,Salt Lake City,"Salt Lake City, UT",Salt Lake County
94466,84106,UT,202106,1565.49,0.0259,0.1458,Salt Lake City,"Salt Lake City, UT",Salt Lake County
94466,84106,UT,202107,1569.54,0.0026,0.1327,Salt Lake City,"Salt Lake City, UT",Salt Lake County
94466,84106,UT,202108,1589.82,0.0129,0.1382,Salt Lake City,"Salt Lake City, UT",Salt Lake County
94466,84106,UT,202109,1597.56,0.0049,0.1438,Salt Lake City,"Salt Lake City, UT",Salt Lake County
94466,84106,UT,202110,1604.38,0.0043,0.1556,Salt Lake City,"Salt Lake City, UT",Salt Lake County
94466,84106,UT,202111,1604.71,0.0002,0.1554,Salt Lake City,"Salt Lake City, UT",Salt Lake County
94466,84106,UT,202112,1629.72,0.0156,0.165,Salt Lake City,"Salt Lake City, UT",Salt Lake County
94466,84106,UT,202201,1650.59,0.0128,0.1585,Salt Lake City,"Salt Lake City, UT",Salt Lake County
94466,84106,UT,202202,1666.25,0.0095,0.1481,Salt Lake City,"Salt Lake City, UT",Salt Lake County
94466,84106,UT,202203,1682.49,0.0097,0.1366,Salt Lake City,"Salt Lake City, UT",Salt Lake County
94466,84106,UT,202204,1708.79,0.0156,0.1299,Salt Lake City,"Salt Lake City, UT",Salt Lake County
94466,84106,UT,202205,1727.87,0.0112,0.1323,Salt Lake City,"Salt Lake City, UT",Salt Lake County
94466,84106,UT,202206,1718.88,-0.0052,0.098,Salt Lake City,"Salt Lake City, UT",Salt Lake County
94466,84106,UT,202207,1727.43,0.005,0.1006,Salt Lake City,"Salt Lake City, UT",Salt Lake County
94466,84106,UT,202208,1734.82,0.0043,0.0912,Salt Lake City,"Salt Lake City, UT",Salt Lake County
94466,84106,UT,202209,1749.82,0.0086,0.0953,Salt Lake City,"Salt Lake City, UT",Salt Lake County
94466,84106,UT,202210,1765.38,0.0089,0.1004,Salt Lake City,"Salt Lake City, UT",Salt Lake County
94466,84106,UT,202211,1796.04,0.0174,0.1192,Salt Lake City,"Salt Lake City, UT",Salt Lake County
94466,84106,UT,202212,1792.84,-0.0018,0.1001,Salt Lake City,"Salt Lake City, UT",Salt Lake County
94466,84106,UT,202301,1788.32,-0.0025,0.0834,Salt Lake City,"Salt Lake City, UT",Salt Lake County
94466,84106,UT,202302,1767.93,-0.0114,0.061,Salt Lake City,"Salt Lake City, UT",Salt Lake County
94466,84106,UT,202303,1780.74,0.0072,0.0584,Salt Lake City,"Salt Lake City, UT",Salt Lake County
94466,84106,UT,202304,1775.28,-0.0031,0.0389,Salt Lake City,"Salt Lake City, UT",Salt Lake County
94466,84106,UT,202305,1787.56,0.0069,0.0345,Salt Lake City,"Salt Lake City, UT",Salt Lake County
94466,84106,UT,202306,1800.51,0.0072,0.0475,Salt Lake City,"Salt Lake City, UT",Salt Lake County
94466,84106,UT,202307,1795.19,-0.003,0.0392,Salt Lake City,"Salt Lake City, UT",Salt Lake County
94466,84106,UT,202308,1785.77,-0.0052,0.0294,Salt Lake City,"Salt Lake City, UT",Salt Lake County
94466,84106,UT,202309,1738.73,-0.0263,-0.0063,Salt Lake City,"Salt Lake City, UT",Salt Lake County
94466,84106,UT,202310,1751.42,0.0073,-0.0079,Salt Lake City,"Salt Lake City, UT",Salt Lake County
94466,84106,UT,202311,1747.61,-0.0022,-0.027,Salt Lake City,"Salt Lake City, UT",Salt Lake County
94466,84106,UT,202312,1765.89,0.0105,-0.015,Salt Lake City,"Salt Lake City, UT",Salt Lake County
94466,84106,UT,202401,1760.52,-0.003,-0.0155,Salt Lake City,"Salt Lake City, UT",Salt Lake County
94466,84106,UT,202402,1800.17,0.0225,0.0182,Salt Lake City,"Salt Lake City, UT",Salt Lake County
94466,84106,UT,202403,1821.31,0.0117,0.0228,Salt Lake City,"Salt Lake City, UT",Salt Lake County
94466,84106,UT,202404,1844.74,0.0129,0.0391,Salt Lake City,"Salt Lake City, UT",Salt Lake County
94466,84106,UT,202405,1837.74,-0.0038,0.0281,Salt Lake City,"Salt Lake City, UT",Salt Lake County
94466,84106,UT,202406,1843.82,0.0033,0.0241,Salt Lake City,"Salt Lake City, UT",Salt Lake County
94466,84106,UT,202407,1845.84,0.0011,0.0282,Salt Lake City,"Salt Lake City, UT",Salt Lake County
94466,84106,UT,202408,1817.55,-0.0153,0.0178,Salt Lake City,"Salt Lake City, UT",Salt Lake County
94466,84106,UT,202409,1809.11,-0.0046,0.0405,Salt Lake City,"Salt Lake City, UT",Salt Lake County
94466,84106,UT,202410,1787.66,-0.0119,0.0207,Salt Lake City,"Salt Lake City, UT",Salt Lake County
94466,84106,UT,202411,1769.24,-0.0103,0.0124,Salt Lake City,"Salt Lake City, UT",Salt Lake County
94466,84106,UT,202412,1761.23,-0.0045,-0.0026,Salt Lake City,"Salt Lake City, UT",Salt Lake County
94466,84106,UT,202501,1769.43,0.0047,0.0051,Salt Lake City,"Salt Lake City, UT",Salt Lake County
94466,84106,UT,202502,1806.82,0.0211,0.0037,Salt Lake City,"Salt Lake City, UT",Salt Lake County
94466,84106,UT,202503,1815.92,0.005,-0.003,Salt Lake City,"Salt Lake City, UT",Salt Lake County
94466,84106,UT,202504,1819.6,0.002,-0.0136,Salt Lake City,"Salt Lake City, UT",Salt Lake County
94466,84106,UT,202505,1829.03,0.0052,-0.0047,Salt Lake City,"Salt Lake City, UT",Salt Lake County
94466,84106,UT,202506,1839.71,0.0058,-0.0022,Salt Lake City,"Salt Lake City, UT",Salt Lake County
94466,84106,UT,202507,1849.65,0.0054,0.0021,Salt Lake City,"Salt Lake City, UT",Salt Lake County
94466,84106,UT,202508,1847.06,-0.0014,0.0162,Salt Lake City,"Salt Lake City, UT",Salt Lake County
94466,84106,UT,202509,1834.83,-0.0066,0.0142,Salt Lake City,"Salt Lake City, UT",Salt Lake County
94466,84106,UT,202510,1826.79,-0.0044,0.0219,Salt Lake City,"Salt Lake City, UT",Salt Lake County
94466,84106,UT,202511,1815.52,-0.0062,0.0262,Salt Lake City,"Salt Lake City, UT",Salt Lake County
94466,84106,UT,202512,1825.65,0.0056,0.0366,Salt Lake City,"Salt Lake City, UT",Salt Lake County
94466,84106,UT,202601,1814.74,-0.006,0.0256,Salt Lake City,"Salt Lake City, UT",Salt Lake County
94466,84106,UT,202602,1816.62,0.001,0.0054,Salt Lake City,"Salt Lake City, UT",Salt Lake County
94466,84106,UT,202603,1810.35,-0.0035,-0.0031,Salt Lake City,"Salt Lake City, UT",Salt Lake County
94466,84106,UT,202604,1836.52,0.0145,0.0093,Salt Lake City,"Salt Lake City, UT",Salt Lake County
94466,84106,UT,202605,1863.03,0.0144,0.0186,Salt Lake City,"Salt Lake City, UT",Salt Lake County
94466,84106,UT,202606,1879.76,0.009,0.0218,Salt Lake City,"Salt Lake City, UT",Salt Lake County
94466,84106,UT,202607,1893.78,0.0075,0.0239,Salt Lake City,"Salt Lake City, UT",Salt Lake County
94466,84106,UT,202608,1887.06,-0.0035,0.0217,Salt Lake City,"Salt Lake City, UT",Salt Lake County
94467,84107,UT,202012,1092.24,,,Murray,"Salt Lake City, UT",Salt Lake County
94467,84107,UT,202101,1105.31,0.012,,Murray,"Salt Lake City, UT",Salt Lake County
94467,84107,UT,202102,1125.59,0.0184,,Murray,"Salt Lake City, UT",Salt Lake County
94467,84107,UT,202103,1162.56,0.0328,,Murray,"Salt Lake City, UT",Salt Lake County
94467,84107,UT,202104,1172.2,0.0083,,Murray,"Salt Lake City, UT",Salt Lake County
94467,84107,UT,202105,1192.73,0.0175,,Murray,"Salt Lake City, UT",Salt Lake County
94467,84107,UT,202106,1208.22,0.013,,Murray,"Salt Lake City, UT",Salt Lake County
94467,84107,UT,202107,1242.36,0.0283,,Murray,"Salt Lake City, UT",Salt Lake County
94467,84107,UT,202108,1294.47,0.0419,,Murray,"Salt Lake City, UT",Salt Lake County
94467,84107,UT,202109,1338.57,0.0341,,Murray,"Salt Lake City, UT",Salt Lake County
94467,84107,UT,202110,1344.74,0.0046,,Murray,"Salt Lake City, UT",Salt Lake County
94467,84107,UT,202111,1350.14,0.004,,Murray,"Salt Lake City, UT",Salt Lake County
94467,84107,UT,202112,1374.33,0.0179,0.2583,Murray,"Salt Lake City, UT",Salt Lake County
94467,84107,UT,202201,1401.12,0.0195,0.2676,Murray,"Salt Lake City, UT",Salt Lake County
94467,84107,UT,202202,1381.55,-0.014,0.2274,Murray,"Salt Lake City, UT",Salt Lake County
94467,84107,UT,202203,1364.84,-0.0121,0.174,Murray,"Salt Lake City, UT",Salt Lake County
94467,84107,UT,202204,1364.62,-0.0002,0.1642,Murray,"Salt Lake City, UT",Salt Lake County
94467,84107,UT,202205,1392.66,0.0206,0.1676,Murray,"Salt Lake City, UT",Salt Lake County
94467,84107,UT,202206,1403.01,0.0074,0.1612,Murray,"Salt Lake City, UT",Salt Lake County
94467,84107,UT,202207,1442.45,0.0281,0.161,Murray,"Salt Lake City, UT",Salt Lake County
94467,84107,UT,202208,1455.54,0.0091,0.1244,Murray,"Salt Lake City, UT",Salt Lake County
94467,84107,UT,202209,1457.13,0.0011,0.0886,Murray,"Salt Lake City, UT",Salt Lake County
94467,84107,UT,202210,1427.38,-0.0204,0.0615,Murray,"Salt Lake City, UT",Salt Lake County
94467,84107,UT,202211,1421.3,-0.0043,0.0527,Murray,"Salt Lake City, UT",Salt Lake County
94467,84107,UT,202212,1431.27,0.007,0.0414,Murray,"Salt Lake City, UT",Salt Lake County
94467,84107,UT,202301,1437.38,0.0043,0.0259,Murray,"Salt Lake City, UT",Salt Lake County
94467,84107,UT,202302,1433.99,-0.0024,0.038,Murray,"Salt Lake City, UT",Salt Lake County
94467,84107,UT,202303,1427.31,-0.0047,0.0458,Murray,"Salt Lake City, UT",Salt Lake County
94467,84107,UT,202304,1425.2,-0.0015,0.0444,Murray,"Salt Lake City, UT",Salt Lake County
94467,84107,UT,202305,1437.63,0.0087,0.0323,Murray,"Salt Lake City, UT",Salt Lake County
94467,84107,UT,202306,1440.56,0.002,0.0268,Murray,"Salt Lake City, UT",Salt Lake County
94467,84107,UT,202307,1445.57,0.0035,0.0022,Murray,"Salt Lake City, UT",Salt Lake County
94467,84107,UT,202308,1445.95,0.0003,-0.0066,Murray,"Salt Lake City, UT",Salt Lake County
94467,84107,UT,202309,1449.39,0.0024,-0.0053,Murray,"Salt Lake City, UT",Salt Lake County
94467,84107,UT,202310,1445.24,-0.0029,0.0125,Murray,"Salt Lake City, UT",Salt Lake County
94467,84107,UT,202311,1425.35,-0.0138,0.0028,Murray,"Salt Lake City, UT",Salt Lake County
94467,84107,UT,202312,1379.58,-0.0321,-0.0361,Murray,"Salt Lake City, UT",Salt Lake County
94467,84107,UT,202401,1357.0,-0.0164,-0.0559,Murray,"Salt Lake City, UT",Salt Lake County
94467,84107,UT,202402,1349.98,-0.0052,-0.0586,Murray,"Salt Lake City, UT",Salt Lake County
94467,84107,UT,202403,1384.76,0.0258,-0.0298,Murray,"Salt Lake City, UT",Salt Lake County
94467,84107,UT,202404,1397.55,0.0092,-0.0194,Murray,"Salt Lake City, UT",Salt Lake County
94467,84107,UT,202405,1427.13,0.0212,-0.0073,Murray,"Salt Lake City, UT",Salt Lake County
94467,84107,UT,202406,1427.29,0.0001,-0.0092,Murray,"Salt Lake City, UT",Salt Lake County
94467,84107,UT,202407,1432.16,0.0034,-0.0093,Murray,"Salt Lake City, UT",Salt Lake County
94467,84107,UT,202408,1425.83,-0.0044,-0.0139,Murray,"Salt Lake City, UT",Salt Lake County
94467,84107,UT,202409,1429.2,0.0024,-0.0139,Murray,"Salt Lake City, UT",Salt Lake County
94467,84107,UT,202410,1430.87,0.0012,-0.0099,Murray,"Salt Lake City, UT",Salt Lake County
94467,84107,UT,202411,1413.37,-0.0122,-0.0084,Murray,"Salt Lake City, UT",Salt Lake County
94467,84107,UT,202412,1386.28,-0.0192,0.0049,Murray,"Salt Lake City, UT",Salt Lake County
94467,84107,UT,202501,1361.59,-0.0178,0.0034,Murray,"Salt Lake City, UT",Salt Lake County
94467,84107,UT,202502,1368.95,0.0054,0.014,Murray,"Salt Lake City, UT",Salt Lake County
94467,84107,UT,202503,1391.96,0.0168,0.0052,Murray,"Salt Lake City, UT",Salt Lake County
94467,84107,UT,202504,1420.05,0.0202,0.0161,Murray,"Salt Lake City, UT",Salt Lake County
94467,84107,UT,202505,1423.92,0.0027,-0.0022,Murray,"Salt Lake City, UT",Salt Lake County
94467,84107,UT,202506,1426.55,0.0018,-0.0005,Murray,"Salt Lake City, UT",Salt Lake County
94467,84107,UT,202507,1422.88,-0.0026,-0.0065,Murray,"Salt Lake City, UT",Salt Lake County
94467,84107,UT,202508,1417.72,-0.0036,-0.0057,Murray,"Salt Lake City, UT",Salt Lake County
94467,84107,UT,202509,1421.14,0.0024,-0.0056,Murray,"Salt Lake City, UT",Salt Lake County
94467,84107,UT,202510,1425.89,0.0033,-0.0035,Murray,"Salt Lake City, UT",Salt Lake County
94467,84107,UT,202511,1411.72,-0.0099,-0.0012,Murray,"Salt Lake City, UT",Salt Lake County
94467,84107,UT,202512,1376.37,-0.025,-0.0072,Murray,"Salt Lake City, UT",Salt Lake County
94467,84107,UT,202601,1341.62,-0.0252,-0.0147,Murray,"Salt Lake City, UT",Salt Lake County
94467,84107,UT,202602,1329.1,-0.0093,-0.0291,Murray,"Salt Lake City, UT",Salt Lake County
94467,84107,UT,202603,1343.07,0.0105,-0.0351,Murray,"Salt Lake City, UT",Salt Lake County
94467,84107,UT,202604,1357.73,0.0109,-0.0439,Murray,"Salt Lake City, UT",Salt Lake County
94467,84107,UT,202605,1379.64,0.0161,-0.0311,Murray,"Salt Lake City, UT",Salt Lake County
94467,84107,UT,202606,1393.98,0.0104,-0.0228,Murray,"Salt Lake City, UT",Salt Lake County
94467,84107,UT,202607,1407.41,0.0096,-0.0109,Murray,"Salt Lake City, UT",Salt Lake County
94467,84107,UT,202608,1412.12,0.0033,-0.004,Murray,"Salt Lake City, UT",Salt Lake County
94468,84108,UT,202601,2863.74,,,Salt Lake City,"Salt Lake City, UT",Salt Lake County
94468,84108,UT,202603,2524.12,-0.1186,,Salt Lake City,"Salt Lake City, UT",Salt Lake County
94468,84108,UT,202604,2578.11,0.0214,,Salt Lake City,"Salt Lake City, UT",Salt Lake County
94468,84108,UT,202605,2566.81,-0.0044,,Salt Lake City,"Salt Lake City, UT",Salt Lake County
94468,84108,UT,202606,2576.4,0.0037,,Salt Lake City,"Salt Lake City, UT",Salt Lake County
94468,84108,UT,202607,2617.46,0.0159,,Salt Lake City,"Salt Lake City, UT",Salt Lake County
94468,84108,UT,202608,2634.76,0.0066,,Salt Lake City,"Salt Lake City, UT",Salt Lake County
94469,84109,UT,202403,2066.49,,,Millcreek,"Salt Lake City, UT",Salt Lake County
94469,84109,UT,202404,2053.43,-0.0063,,Millcreek,"Salt Lake City, UT",Salt Lake County
94469,84109,UT,202405,2066.35,0.0063,,Millcreek,"Salt Lake City, UT",Salt Lake County
94469,84109,UT,202406,2036.14,-0.0146,,Millcreek,"Salt Lake City, UT",Salt Lake County
94469,84109,UT,202407,2027.61,-0.0042,,Millcreek,"Salt Lake City, UT",Salt Lake County
94469,84109,UT,202408,2011.9,-0.0077,,Millcreek,"Salt Lake City, UT",Salt Lake County
94469,84109,UT,202409,2000.15,-0.0058,,Millcreek,"Salt Lake City, UT",Salt Lake County
94469,84109,UT,202410,2013.9,0.0069,,Millcreek,"Salt Lake City, UT",Salt Lake County
94469,84109,UT,202411,2016.91,0.0015,,Millcreek,"Salt Lake City, UT",Salt Lake County
94469,84109,UT,202412,2024.48,0.0038,,Millcreek,"Salt Lake City, UT",Salt Lake County
94469,84109,UT,202501,2026.6,0.001,,Millcreek,"Salt Lake City, UT",Salt Lake County
94469,84109,UT,202502,2004.85,-0.0107,,Millcreek,"Salt Lake City, UT",Salt Lake County
94469,84109,UT,202503,2081.08,0.038,0.0071,Millcreek,"Salt Lake City, UT",Salt Lake County
94469,84109,UT,202504,2078.06,-0.0015,0.012,Millcreek,"Salt Lake City, UT",Salt Lake County
94469,84109,UT,202505,2146.13,0.0328,0.0386,Millcreek,"Salt Lake City, UT",Salt Lake County
94469,84109,UT,202506,2106.27,-0.0186,0.0344,Millcreek,"Salt Lake City, UT",Salt Lake County
94469,84109,UT,202507,2154.33,0.0228,0.0625,Millcreek,"Salt Lake City, UT",Salt Lake County
94469,84109,UT,202508,2185.91,0.0147,0.0865,Millcreek,"Salt Lake City, UT",Salt Lake County
94469,84109,UT,202509,2201.02,0.0069,0.1004,Millcreek,"Salt Lake City, UT",Salt Lake County
94469,84109,UT,202510,2172.01,-0.0132,0.0785,Millcreek,"Salt Lake City, UT",Salt Lake County
94469,84109,UT,202511,2154.06,-0.0083,0.068,Millcreek,"Salt Lake City, UT",Salt Lake County
94469,84109,UT,202512,2111.9,-0.0196,0.0432,Millcreek,"Salt Lake City, UT",Salt Lake County
94469,84109,UT,202601,2104.01,-0.0037,0.0382,Millcreek,"Salt Lake City, UT",Salt Lake County
94469,84109,UT,202602,2084.21,-0.0094,0.0396,Millcreek,"Salt Lake City, UT",Salt Lake County
94469,84109,UT,202603,2165.91,0.0392,0.0408,Millcreek,"Salt Lake City, UT",Salt Lake County
94469,84109,UT,202604,2213.43,0.0219,0.0651,Millcreek,"Salt Lake City, UT",Salt Lake County
94469,84109,UT,202605,2268.02,0.0247,0.0568,Millcreek,"Salt Lake City, UT",Salt Lake County
94469,84109,UT,202606,2299.42,0.0138,0.0917,Millcreek,"Salt Lake City, UT",Salt Lake County
94469,84109,UT,202607,2334.69,0.0153,0.0837,Millcreek,"Salt Lake City, UT",Salt Lake County
94469,84109,UT,202608,2292.97,-0.0179,0.049,Millcreek,"Salt Lake City, UT",Salt Lake County
94471,84111,UT,201811,1323.86,,,Salt Lake City,"Salt Lake City, UT",Salt Lake County
94471,84111,UT,201812,1355.81,0.0241,,Salt Lake City,"Salt Lake City, UT",Salt Lake County
94471,84111,UT,201901,1368.15,0.0091,,Salt Lake City,"Salt Lake City, UT",Salt Lake County
94471,84111,UT,201902,1412.38,0.0323,,Salt Lake City,"Salt Lake City, UT",Salt Lake County
94471,84111,UT,201903,1412.03,-0.0002,,Salt Lake City,"Salt Lake City, UT",Salt Lake County
94471,84111,UT,201904,1429.32,0.0122,,Salt Lake City,"Salt Lake City, UT",Salt Lake County
94471,84111,UT,201905,1415.2,-0.0099,,Salt Lake City,"Salt Lake City, UT",Salt Lake County
94471,84111,UT,201906,1421.6,0.0045,,Salt Lake City,"Salt Lake City, UT",Salt Lake County
94471,84111,UT,201907,1439.11,0.0123,,Salt Lake City,"Salt Lake City, UT",Salt Lake County
94471,84111,UT,201908,1451.39,0.0085,,Salt Lake City,"Salt Lake City, UT",Salt Lake County
94471,84111,UT,201909,1411.66,-0.0274,,Salt Lake City,"Salt Lake City, UT",Salt Lake County
94471,84111,UT,201910,1412.71,0.0007,,Salt Lake City,"Salt Lake City, UT",Salt Lake County
94471,84111,UT,201911,1427.37,0.0104,0.0782,Salt Lake City,"Salt Lake City, UT",Salt Lake County
94471,84111,UT,201912,1474.27,0.0329,0.0874,Salt Lake City,"Salt Lake City, UT",Salt Lake County
94471,84111,UT,202001,1463.61,-0.0072,0.0698,Salt Lake City,"Salt Lake City, UT",Salt Lake County
94471,84111,UT,202002,1452.29,-0.0077,0.0283,Salt Lake City,"Salt Lake City, UT",Salt Lake County
94471,84111,UT,202003,1452.18,-0.0001,0.0284,Salt Lake City,"Salt Lake City, UT",Salt Lake County
94471,84111,UT,202004,1452.77,0.0004,0.0164,Salt Lake City,"Salt Lake City, UT",Salt Lake County
94471,84111,UT,202005,1450.98,-0.0012,0.0253,Salt Lake City,"Salt Lake City, UT",Salt Lake County
94471,84111,UT,202006,1457.58,0.0045,0.0253,Salt Lake City,"Salt Lake City, UT",Salt Lake County
94471,84111,UT,202007,1461.47,0.0027,0.0155,Salt Lake City,"Salt Lake City, UT",Salt Lake County
94471,84111,UT,202008,1497.34,0.0245,0.0317,Salt Lake City,"Salt Lake City, UT",Salt Lake County
94471,84111,UT,202009,1497.21,-0.0001,0.0606,Salt Lake City,"Salt Lake City, UT",Salt Lake County
94471,84111,UT,202010,1523.81,0.0178,0.0786,Salt Lake City,"Salt Lake City, UT",Salt Lake County
94471,84111,UT,202011,1503.07,-0.0136,0.053,Salt Lake City,"Salt Lake City, UT",Salt Lake County
94471,84111,UT,202012,1457.84,-0.0301,-0.0111,Salt Lake City,"Salt Lake City, UT",Salt Lake County
94471,84111,UT,202101,1447.4,-0.0072,-0.0111,Salt Lake City,"Salt Lake City, UT",Salt Lake County
94471,84111,UT,202102,1508.17,0.042,0.0385,Salt Lake City,"Salt Lake City, UT",Salt Lake County
94471,84111,UT,202103,1574.84,0.0442,0.0845,Salt Lake City,"Salt Lake City, UT",Salt Lake County
94471,84111,UT,202104,1609.21,0.0218,0.1077,Salt Lake City,"Salt Lake City, UT",Salt Lake County
94471,84111,UT,202105,1580.54,-0.0178,0.0893,Salt Lake City,"Salt Lake City, UT",Salt Lake County
94471,84111,UT,202106,1595.86,0.0097,0.0949,Salt Lake City,"Salt Lake City, UT",Salt Lake County
94471,84111,UT,202107,1627.68,0.0199,0.1137,Salt Lake City,"Salt Lake City, UT",Salt Lake County
94471,84111,UT,202108,1685.25,0.0354,0.1255,Salt Lake City,"Salt Lake City, UT",Salt Lake County
94471,84111,UT,202109,1725.18,0.0237,0.1523,Salt Lake City,"Salt Lake City, UT",Salt Lake County
94471,84111,UT,202110,1699.14,-0.0151,0.1151,Salt Lake City,"Salt Lake City, UT",Salt Lake County
94471,84111,UT,202111,1677.5,-0.0127,0.116,Salt Lake City,"Salt Lake City, UT",Salt Lake County
94471,84111,UT,202112,1682.42,0.0029,0.1541,Salt Lake City,"Salt Lake City, UT",Salt Lake County
94471,84111,UT,202201,1736.48,0.0321,0.1997,Salt Lake City,"Salt Lake City, UT",Salt Lake County
94471,84111,UT,202202,1770.7,0.0197,0.1741,Salt Lake City,"Salt Lake City, UT",Salt Lake County
94471,84111,UT,202203,1791.32,0.0116,0.1375,Salt Lake City,"Salt Lake City, UT",Salt Lake County
94471,84111,UT,202204,1800.04,0.0049,0.1186,Salt Lake City,"Salt Lake City, UT",Salt Lake County
94471,84111,UT,202205,1815.32,0.0085,0.1485,Salt Lake City,"Salt Lake City, UT",Salt Lake County
94471,84111,UT,202206,1821.61,0.0035,0.1415,Salt Lake City,"Salt Lake City, UT",Salt Lake County
94471,84111,UT,202207,1844.41,0.0125,0.1332,Salt Lake City,"Salt Lake City, UT",Salt Lake County
94471,84111,UT,202208,1847.66,0.0018,0.0964,Salt Lake City,"Salt Lake City, UT",Salt Lake County
94471,84111,UT,202209,1851.25,0.0019,0.0731,Salt Lake City,"Salt Lake City, UT",Salt Lake County
94471,84111,UT,202210,1835.12,-0.0087,0.08,Salt Lake City,"Salt Lake City, UT",Salt Lake County
94471,84111,UT,202211,1821.44,-0.0075,0.0858,Salt Lake City,"Salt Lake City, UT",Salt Lake County
94471,84111,UT,202212,1801.14,-0.0111,0.0706,Salt Lake City,"Salt Lake City, UT",Salt Lake County
94471,84111,UT,202301,1798.04,-0.0017,0.0355,Salt Lake City,"Salt Lake City, UT",Salt Lake County
94471,84111,UT,202302,1807.09,0.005,0.0205,Salt Lake City,"Salt Lake City, UT",Salt Lake County
94471,84111,UT,202303,1822.43,0.0085,0.0174,Salt Lake City,"Salt Lake City, UT",Salt Lake County
94471,84111,UT,202304,1811.23,-0.0061,0.0062,Salt Lake City,"Salt Lake City, UT",Salt Lake County
94471,84111,UT,202305,1807.26,-0.0022,-0.0044,Salt Lake City,"Salt Lake City, UT",Salt Lake County
94471,84111,UT,202306,1797.48,-0.0054,-0.0132,Salt Lake City,"Salt Lake City, UT",Salt Lake County
94471,84111,UT,202307,1818.62,0.0118,-0.014,Salt Lake City,"Salt Lake City, UT",Salt Lake County
94471,84111,UT,202308,1813.66,-0.0027,-0.0184,Salt Lake City,"Salt Lake City, UT",Salt Lake County
94471,84111,UT,202309,1799.54,-0.0078,-0.0279,Salt Lake City,"Salt Lake City, UT",Salt Lake County
94471,84111,UT,202310,1779.13,-0.0113,-0.0305,Salt Lake City,"Salt Lake City, UT",Salt Lake County
94471,84111,UT,202311,1756.05,-0.013,-0.0359,Salt Lake City,"Salt Lake City, UT",Salt Lake County
94471,84111,UT,202312,1749.16,-0.0039,-0.0289,Salt Lake City,"Salt Lake City, UT",Salt Lake County
94471,84111,UT,202401,1761.25,0.0069,-0.0205,Salt Lake City,"Salt Lake City, UT",Salt Lake County
94471,84111,UT,202402,1794.66,0.019,-0.0069,Salt Lake City,"Salt Lake City, UT",Salt Lake County
94471,84111,UT,202403,1819.4,0.0138,-0.0017,Salt Lake City,"Salt Lake City, UT",Salt Lake County
94471,84111,UT,202404,1810.25,-0.005,-0.0005,Salt Lake City,"Salt Lake City, UT",Salt Lake County
94471,84111,UT,202405,1819.72,0.0052,0.0069,Salt Lake City,"Salt Lake City, UT",Salt Lake County
94471,84111,UT,202406,1814.72,-0.0027,0.0096,Salt Lake City,"Salt Lake City, UT",Salt Lake County
94471,84111,UT,202407,1826.89,0.0067,0.0045,Salt Lake City,"Salt Lake City, UT",Salt Lake County
94471,84111,UT,202408,1808.2,-0.0102,-0.003,Salt Lake City,"Salt Lake City, UT",Salt Lake County
94471,84111,UT,202409,1800.5,-0.0043,0.0005,Salt Lake City,"Salt Lake City, UT",Salt Lake County
94471,84111,UT,202410,1775.3,-0.014,-0.0022,Salt Lake City,"Salt Lake City, UT",Salt Lake County
94471,84111,UT,202411,1765.1,-0.0057,0.0052,Salt Lake City,"Salt Lake City, UT",Salt Lake County
94471,84111,UT,202412,1752.7,-0.007,0.002,Salt Lake City,"Salt Lake City, UT",Salt Lake County
94471,84111,UT,202501,1765.78,0.0075,0.0026,Salt Lake City,"Salt Lake City, UT",Salt Lake County
94471,84111,UT,202502,1762.65,-0.0018,-0.0178,Salt Lake City,"Salt Lake City, UT",Salt Lake County
94471,84111,UT,202503,1780.5,0.0101,-0.0214,Salt Lake City,"Salt Lake City, UT",Salt Lake County
94471,84111,UT,202504,1792.1,0.0065,-0.01,Salt Lake City,"Salt Lake City, UT",Salt Lake County
94471,84111,UT,202505,1816.56,0.0137,-0.0017,Salt Lake City,"Salt Lake City, UT",Salt Lake County
94471,84111,UT,202506,1826.37,0.0054,0.0064,Salt Lake City,"Salt Lake City, UT",Salt Lake County
94471,84111,UT,202507,1825.06,-0.0007,-0.001,Salt Lake City,"Salt Lake City, UT",Salt Lake County
94471,84111,UT,202508,1825.84,0.0004,0.0098,Salt Lake City,"Salt Lake City, UT",Salt Lake County
94471,84111,UT,202509,1802.98,-0.0125,0.0014,Salt Lake City,"Salt Lake City, UT",Salt Lake County
94471,84111,UT,202510,1792.18,-0.006,0.0095,Salt Lake City,"Salt Lake City, UT",Salt Lake County
94471,84111,UT,202511,1799.52,0.0041,0.0195,Salt Lake City,"Salt Lake City, UT",Salt Lake County
94471,84111,UT,202512,1820.38,0.0116,0.0386,Salt Lake City,"Salt Lake City, UT",Salt Lake County
94471,84111,UT,202601,1813.48,-0.0038,0.027,Salt Lake City,"Salt Lake City, UT",Salt Lake County
94471,84111,UT,202602,1794.51,-0.0105,0.0181,Salt Lake City,"Salt Lake City, UT",Salt Lake County
94471,84111,UT,202603,1807.64,0.0073,0.0152,Salt Lake City,"Salt Lake City, UT",Salt Lake County
94471,84111,UT,202604,1838.72,0.0172,0.026,Salt Lake City,"Salt Lake City, UT",Salt Lake County
94471,84111,UT,202605,1860.76,0.012,0.0243,Salt Lake City,"Salt Lake City, UT",Salt Lake County
94471,84111,UT,202606,1861.3,0.0003,0.0191,Salt Lake City,"Salt Lake City, UT",Salt Lake County
94471,84111,UT,202607,1848.93,-0.0066,0.0131,Salt Lake City,"Salt Lake City, UT",Salt Lake County
94471,84111,UT,202608,1834.24,-0.0079,0.0046,Salt Lake City,"Salt Lake City, UT",Salt Lake County
94475,84115,UT,201801,987.51,,,South Salt Lake,"Salt Lake City, UT",Salt Lake County
94475,84115,UT,201802,1009.04,0.0218,,South Salt Lake,"Salt Lake City, UT",Salt Lake County
94475,84115,UT,201803,1027.99,0.0188,,South Salt Lake,"Salt Lake City, UT",Salt Lake County
94475,84115,UT,201804,1038.45,0.0102,,South Salt Lake,"Salt Lake City, UT",Salt Lake County
94475,84115,UT,201805,1033.07,-0.0052,,South Salt Lake,"Salt Lake City, UT",Salt Lake County
94475,84115,UT,201806,1047.86,0.0143,,South Salt Lake,"Salt Lake City, UT",Salt Lake County
94475,84115,UT,201807,1060.44,0.012,,South Salt Lake,"Salt Lake City, UT",Salt Lake County
94475,84115,UT,201808,1076.75,0.0154,,South Salt Lake,"Salt Lake City, UT",Salt Lake County
94475,84115,UT,201809,1080.79,0.0038,,South Salt Lake,"Salt Lake City, UT",Salt Lake County
94475,84115,UT,201810,1090.12,0.0086,,South Salt Lake,"Salt Lake City, UT",Salt Lake County
94475,84115,UT,201811,1067.62,-0.0206,,South Salt Lake,"Salt Lake City, UT",Salt Lake County
94475,84115,UT,201812,1071.23,0.0034,,South Salt Lake,"Salt Lake City, UT",Salt Lake County
94475,84115,UT,201901,1077.42,0.0058,0.091,South Salt Lake,"Salt Lake City, UT",Salt Lake County
94475,84115,UT,201902,1107.17,0.0276,0.0973,South Salt Lake,"Salt Lake City, UT",Salt Lake County
94475,84115,UT,201903,1113.86,0.006,0.0835,South Salt Lake,"Salt Lake City, UT",Salt Lake County
94475,84115,UT,201904,1129.64,0.0142,0.0878,South Salt Lake,"Salt Lake City, UT",Salt Lake County
94475,84115,UT,201905,1152.39,0.0201,0.1155,South Salt Lake,"Salt Lake City, UT",Salt Lake County
94475,84115,UT,201906,1168.44,0.0139,0.1151,South Salt Lake,"Salt Lake City, UT",Salt Lake County
94475,84115,UT,201907,1178.0,0.0082,0.1109,South Salt Lake,"Salt Lake City, UT",Salt Lake County
94475,84115,UT,201908,1164.54,-0.0114,0.0815,South Salt Lake,"Salt Lake City, UT",Salt Lake County
94475,84115,UT,201909,1157.03,-0.0064,0.0705,South Salt Lake,"Salt Lake City, UT",Salt Lake County
94475,84115,UT,201910,1125.57,-0.0272,0.0325,South Salt Lake,"Salt Lake City, UT",Salt Lake County
94475,84115,UT,201911,1108.76,-0.0149,0.0385,South Salt Lake,"Salt Lake City, UT",Salt Lake County
94475,84115,UT,201912,1104.73,-0.0036,0.0313,South Salt Lake,"Salt Lake City, UT",Salt Lake County
94475,84115,UT,202001,1141.86,0.0336,0.0598,South Salt Lake,"Salt Lake City, UT",Salt Lake County
94475,84115,UT,202002,1176.33,0.0302,0.0625,South Salt Lake,"Salt Lake City, UT",Salt Lake County
94475,84115,UT,202003,1187.8,0.0098,0.0664,South Salt Lake,"Salt Lake City, UT",Salt Lake County
94475,84115,UT,202004,1176.48,-0.0095,0.0415,South Salt Lake,"Salt Lake City, UT",Salt Lake County
94475,84115,UT,202005,1156.06,-0.0174,0.0032,South Salt Lake,"Salt Lake City, UT",Salt Lake County
94475,84115,UT,202006,1163.74,0.0066,-0.004,South Salt Lake,"Salt Lake City, UT",Salt Lake County
94475,84115,UT,202007,1178.97,0.0131,0.0008,South Salt Lake,"Salt Lake City, UT",Salt Lake County
94475,84115,UT,202008,1183.68,0.004,0.0164,South Salt Lake,"Salt Lake City, UT",Salt Lake County
94475,84115,UT,202009,1171.03,-0.0107,0.0121,South Salt Lake,"Salt Lake City, UT",Salt Lake County
94475,84115,UT,202010,1170.5,-0.0004,0.0399,South Salt Lake,"Salt Lake City, UT",Salt Lake County
94475,84115,UT,202011,1173.07,0.0022,0.058,South Salt Lake,"Salt Lake City, UT",Salt Lake County
94475,84115,UT,202012,1180.16,0.006,0.0683,South Salt Lake,"Salt Lake City, UT",Salt Lake County
94475,84115,UT,202101,1196.66,0.014,0.048,South Salt Lake,"Salt Lake City, UT",Salt Lake County
94475,84115,UT,202102,1222.76,0.0218,0.0395,South Salt Lake,"Salt Lake City, UT",Salt Lake County
94475,84115,UT,202103,1240.4,0.0144,0.0443,South Salt Lake,"Salt Lake City, UT",Salt Lake County
94475,84115,UT,202104,1247.52,0.0057,0.0604,South Salt Lake,"Salt Lake City, UT",Salt Lake County
94475,84115,UT,202105,1270.79,0.0187,0.0992,South Salt Lake,"Salt Lake City, UT",Salt Lake County
94475,84115,UT,202106,1305.44,0.0273,0.1218,South Salt Lake,"Salt Lake City, UT",Salt Lake County
94475,84115,UT,202107,1341.81,0.0279,0.1381,South Salt Lake,"Salt Lake City, UT",Salt Lake County
94475,84115,UT,202108,1357.85,0.012,0.1471,South Salt Lake,"Salt Lake City, UT",Salt Lake County
94475,84115,UT,202109,1370.26,0.0091,0.1701,South Salt Lake,"Salt Lake City, UT",Salt Lake County
94475,84115,UT,202110,1370.29,0.0,0.1707,South Salt Lake,"Salt Lake City, UT",Salt Lake County
94475,84115,UT,202111,1392.62,0.0163,0.1872,South Salt Lake,"Salt Lake City, UT",Salt Lake County
94475,84115,UT,202112,1402.75,0.0073,0.1886,South Salt Lake,"Salt Lake City, UT",Salt Lake County
94475,84115,UT,202201,1406.64,0.0028,0.1755,South Salt Lake,"Salt Lake City, UT",Salt Lake County
94475,84115,UT,202202,1412.27,0.004,0.155,South Salt Lake,"Salt Lake City, UT",Salt Lake County
94475,84115,UT,202203,1433.28,0.0149,0.1555,South Salt Lake,"Salt Lake City, UT",Salt Lake County
94475,84115,UT,202204,1466.16,0.0229,0.1753,South Salt Lake,"Salt Lake City, UT",Salt Lake County
94475,84115,UT,202205,1489.23,0.0157,0.1719,South Salt Lake,"Salt Lake City, UT",Salt Lake County
94475,84115,UT,202206,1507.27,0.0121,0.1546,South Salt Lake,"Salt Lake City, UT",Salt Lake County
94475,84115,UT,202207,1519.35,0.008,0.1323,South Salt Lake,"Salt Lake City, UT",Salt Lake County
94475,84115,UT,202208,1525.57,0.0041,0.1235,South Salt Lake,"Salt Lake City, UT",Salt Lake County
94475,84115,UT,202209,1524.19,-0.0009,0.1123,South Salt Lake,"Salt Lake City, UT",Salt Lake County
94475,84115,UT,202210,1526.64,0.0016,0.1141,South Salt Lake,"Salt Lake City, UT",Salt Lake County
94475,84115,UT,202211,1513.18,-0.0088,0.0866,South Salt Lake,"Salt Lake City, UT",Salt Lake County
94475,84115,UT,202212,1522.77,0.0063,0.0856,South Salt Lake,"Salt Lake City, UT",Salt Lake County
94475,84115,UT,202301,1508.08,-0.0096,0.0721,South Salt Lake,"Salt Lake City, UT",Salt Lake County
94475,84115,UT,202302,1518.49,0.0069,0.0752,South Salt Lake,"Salt Lake City, UT",Salt Lake County
94475,84115,UT,202303,1510.2,-0.0055,0.0537,South Salt Lake,"Salt Lake City, UT",Salt Lake County
94475,84115,UT,202304,1533.38,0.0153,0.0458,South Salt Lake,"Salt Lake City, UT",Salt Lake County
94475,84115,UT,202305,1537.64,0.0028,0.0325,South Salt Lake,"Salt Lake City, UT",Salt Lake County
94475,84115,UT,202306,1552.89,0.0099,0.0303,South Salt Lake,"Salt Lake City, UT",Salt Lake County
94475,84115,UT,202307,1538.72,-0.0091,0.0127,South Salt Lake,"Salt Lake City, UT",Salt Lake County
94475,84115,UT,202308,1537.29,-0.0009,0.0077,South Salt Lake,"Salt Lake City, UT",Salt Lake County
94475,84115,UT,202309,1514.12,-0.0151,-0.0066,South Salt Lake,"Salt Lake City, UT",Salt Lake County
94475,84115,UT,202310,1515.34,0.0008,-0.0074,South Salt Lake,"Salt Lake City, UT",Salt Lake County
94475,84115,UT,202311,1501.19,-0.0093,-0.0079,South Salt Lake,"Salt Lake City, UT",Salt Lake County
94475,84115,UT,202312,1492.88,-0.0055,-0.0196,South Salt Lake,"Salt Lake City, UT",Salt Lake County
94475,84115,UT,202401,1488.04,-0.0032,-0.0133,South Salt Lake,"Salt Lake City, UT",Salt Lake County
94475,84115,UT,202402,1485.38,-0.0018,-0.0218,South Salt Lake,"Salt Lake City, UT",Salt Lake County
94475,84115,UT,202403,1500.52,0.0102,-0.0064,South Salt Lake,"Salt Lake City, UT",Salt Lake County
94475,84115,UT,202404,1515.95,0.0103,-0.0114,South Salt Lake,"Salt Lake City, UT",Salt Lake County
94475,84115,UT,202405,1535.5,0.0129,-0.0014,South Salt Lake,"Salt Lake City, UT",Salt Lake County
94475,84115,UT,202406,1544.27,0.0057,-0.0056,South Salt Lake,"Salt Lake City, UT",Salt Lake County
94475,84115,UT,202407,1552.86,0.0056,0.0092,South Salt Lake,"Salt Lake City, UT",Salt Lake County
94475,84115,UT,202408,1552.67,-0.0001,0.01,South Salt Lake,"Salt Lake City, UT",Salt Lake County
94475,84115,UT,202409,1557.29,0.003,0.0285,South Salt Lake,"Salt Lake City, UT",Salt Lake County
94475,84115,UT,202410,1542.45,-0.0095,0.0179,South Salt Lake,"Salt Lake City, UT",Salt Lake County
94475,84115,UT,202411,1526.84,-0.0101,0.0171,South Salt Lake,"Salt Lake City, UT",Salt Lake County
94475,84115,UT,202412,1511.07,-0.0103,0.0122,South Salt Lake,"Salt Lake City, UT",Salt Lake County
94475,84115,UT,202501,1502.6,-0.0056,0.0098,South Salt Lake,"Salt Lake City, UT",Salt Lake County
94475,84115,UT,202502,1512.4,0.0065,0.0182,South Salt Lake,"Salt Lake City, UT",Salt Lake County
94475,84115,UT,202503,1516.29,0.0026,0.0105,South Salt Lake,"Salt Lake City, UT",Salt Lake County
94475,84115,UT,202504,1537.71,0.0141,0.0144,South Salt Lake,"Salt Lake City, UT",Salt Lake County
94475,84115,UT,202505,1543.65,0.0039,0.0053,South Salt Lake,"Salt Lake City, UT",Salt Lake County
94475,84115,UT,202506,1560.35,0.0108,0.0104,South Salt Lake,"Salt Lake City, UT",Salt Lake County
94475,84115,UT,202507,1554.54,-0.0037,0.0011,South Salt Lake,"Salt Lake City, UT",Salt Lake County
94475,84115,UT,202508,1559.62,0.0033,0.0045,South Salt Lake,"Salt Lake City, UT",Salt Lake County
94475,84115,UT,202509,1541.47,-0.0116,-0.0102,South Salt Lake,"Salt Lake City, UT",Salt Lake County
94475,84115,UT,202510,1529.7,-0.0076,-0.0083,South Salt Lake,"Salt Lake City, UT",Salt Lake County
94475,84115,UT,202511,1498.16,-0.0206,-0.0188,South Salt Lake,"Salt Lake City, UT",Salt Lake County
94475,84115,UT,202512,1467.28,-0.0206,-0.029,South Salt Lake,"Salt Lake City, UT",Salt Lake County
94475,84115,UT,202601,1451.61,-0.0107,-0.0339,South Salt Lake,"Salt Lake City, UT",Salt Lake County
94475,84115,UT,202602,1474.32,0.0156,-0.0252,South Salt Lake,"Salt Lake City, UT",Salt Lake County
94475,84115,UT,202603,1508.34,0.0231,-0.0052,South Salt Lake,"Salt Lake City, UT",Salt Lake County
94475,84115,UT,202604,1541.92,0.0223,0.0027,South Salt Lake,"Salt Lake City, UT",Salt Lake County
94475,84115,UT,202605,1550.13,0.0053,0.0042,South Salt Lake,"Salt Lake City, UT",Salt Lake County
94475,84115,UT,202606,1571.43,0.0137,0.0071,South Salt Lake,"Salt Lake City, UT",Salt Lake County
94475,84115,UT,202607,1558.77,-0.0081,0.0027,South Salt Lake,"Salt Lake City, UT",Salt Lake County
94475,84115,UT,202608,1551.25,-0.0048,-0.0054,South Salt Lake,"Salt Lake City, UT",Salt Lake County
94476,84116,UT,202102,944.15,,,Salt Lake City,"Salt Lake City, UT",Salt Lake County
94476,84116,UT,202103,961.28,0.0181,,Salt Lake City,"Salt Lake City, UT",Salt Lake County
94476,84116,UT,202104,995.53,0.0356,,Salt Lake City,"Salt Lake City, UT",Salt Lake County
94476,84116,UT,202105,1020.9,0.0255,,Salt Lake City,"Salt Lake City, UT",Salt Lake County
94476,84116,UT,202106,1058.74,0.0371,,Salt Lake City,"Salt Lake City, UT",Salt Lake County
94476,84116,UT,202107,1078.42,0.0186,,Salt Lake City,"Salt Lake City, UT",Salt Lake County
94476,84116,UT,202108,1110.45,0.0297,,Salt Lake City,"Salt Lake City, UT",Salt Lake County
94476,84116,UT,202109,1140.27,0.0269,,Salt Lake City,"Salt Lake City, UT",Salt Lake County
94476,84116,UT,202110,1158.36,0.0159,,Salt Lake City,"Salt Lake City, UT",Salt Lake County
94476,84116,UT,202111,1179.13,0.0179,,Salt Lake City,"Salt Lake City, UT",Salt Lake County
94476,84116,UT,202112,1170.21,-0.0076,,Salt Lake City,"Salt Lake City, UT",Salt Lake County
94476,84116,UT,202201,1183.79,0.0116,,Salt Lake City,"Salt Lake City, UT",Salt Lake County
94476,84116,UT,202202,1195.84,0.0102,0.2666,Salt Lake City,"Salt Lake City, UT",Salt Lake County
94476,84116,UT,202203,1238.44,0.0356,0.2883,Salt Lake City,"Salt Lake City, UT",Salt Lake County
94476,84116,UT,202204,1266.53,0.0227,0.2722,Salt Lake City,"Salt Lake City, UT",Salt Lake County
94476,84116,UT,202205,1285.08,0.0146,0.2588,Salt Lake City,"Salt Lake City, UT",Salt Lake County
94476,84116,UT,202206,1292.96,0.0061,0.2212,Salt Lake City,"Salt Lake City, UT",Salt Lake County
94476,84116,UT,202207,1300.01,0.0055,0.2055,Salt Lake City,"Salt Lake City, UT",Salt Lake County
94476,84116,UT,202208,1302.44,0.0019,0.1729,Salt Lake City,"Salt Lake City, UT",Salt Lake County
94476,84116,UT,202209,1291.48,-0.0084,0.1326,Salt Lake City,"Salt Lake City, UT",Salt Lake County
94476,84116,UT,202210,1282.34,-0.0071,0.107,Salt Lake City,"Salt Lake City, UT",Salt Lake County
94476,84116,UT,202211,1274.92,-0.0058,0.0812,Salt Lake City,"Salt Lake City, UT",Salt Lake County
94476,84116,UT,202212,1268.2,-0.0053,0.0837,Salt Lake City,"Salt Lake City, UT",Salt Lake County
94476,84116,UT,202301,1266.31,-0.0015,0.0697,Salt Lake City,"Salt Lake City, UT",Salt Lake County
94476,84116,UT,202302,1270.89,0.0036,0.0628,Salt Lake City,"Salt Lake City, UT",Salt Lake County
94476,84116,UT,202303,1280.19,0.0073,0.0337,Salt Lake City,"Salt Lake City, UT",Salt Lake County
94476,84116,UT,202304,1270.91,-0.0072,0.0035,Salt Lake City,"Salt Lake City, UT",Salt Lake County
94476,84116,UT,202305,1271.57,0.0005,-0.0105,Salt Lake City,"Salt Lake City, UT",Salt Lake County
94476,84116,UT,202306,1271.54,-0.0,-0.0166,Salt Lake City,"Salt Lake City, UT",Salt Lake County
94476,84116,UT,202307,1283.21,0.0092,-0.0129,Salt Lake City,"Salt Lake City, UT",Salt Lake County
94476,84116,UT,202308,1273.55,-0.0075,-0.0222,Salt Lake City,"Salt Lake City, UT",Salt Lake County
94476,84116,UT,202309,1261.84,-0.0092,-0.023,Salt Lake City,"Salt Lake City, UT",Salt Lake County
94476,84116,UT,202310,1260.99,-0.0007,-0.0166,Salt Lake City,"Salt Lake City, UT",Salt Lake County
94476,84116,UT,202311,1265.95,0.0039,-0.007,Salt Lake City,"Salt Lake City, UT",Salt Lake County
94476,84116,UT,202312,1267.68,0.0014,-0.0004,Salt Lake City,"Salt Lake City, UT",Salt Lake County
94476,84116,UT,202401,1262.26,-0.0043,-0.0032,Salt Lake City,"Salt Lake City, UT",Salt Lake County
94476,84116,UT,202402,1263.68,0.0011,-0.0057,Salt Lake City,"Salt Lake City, UT",Salt Lake County
94476,84116,UT,202403,1271.22,0.006,-0.007,Salt Lake City,"Salt Lake City, UT",Salt Lake County
94476,84116,UT,202404,1268.38,-0.0022,-0.002,Salt Lake City,"Salt Lake City, UT",Salt Lake County
94476,84116,UT,202405,1266.58,-0.0014,-0.0039,Salt Lake City,"Salt Lake City, UT",Salt Lake County
94476,84116,UT,202406,1271.06,0.0035,-0.0004,Salt Lake City,"Salt Lake City, UT",Salt Lake County
94476,84116,UT,202407,1286.83,0.0124,0.0028,Salt Lake City,"Salt Lake City, UT",Salt Lake County
94476,84116,UT,202408,1291.25,0.0034,0.0139,Salt Lake City,"Salt Lake City, UT",Salt Lake County
94476,84116,UT,202409,1283.44,-0.006,0.0171,Salt Lake City,"Salt Lake City, UT",Salt Lake County
94476,84116,UT,202410,1262.44,-0.0164,0.0011,Salt Lake City,"Salt Lake City, UT",Salt Lake County
94476,84116,UT,202411,1246.97,-0.0123,-0.015,Salt Lake City,"Salt Lake City, UT",Salt Lake County
94476,84116,UT,202412,1244.54,-0.002,-0.0183,Salt Lake City,"Salt Lake City, UT",Salt Lake County
94476,84116,UT,202501,1256.79,0.0098,-0.0043,Salt Lake City,"Salt Lake City, UT",Salt Lake County
94476,84116,UT,202502,1264.26,0.0059,0.0005,Salt Lake City,"Salt Lake City, UT",Salt Lake County
94476,84116,UT,202503,1281.5,0.0136,0.0081,Salt Lake City,"Salt Lake City, UT",Salt Lake County
94476,84116,UT,202504,1268.1,-0.0105,-0.0002,Salt Lake City,"Salt Lake City, UT",Salt Lake County
94476,84116,UT,202505,1252.12,-0.0126,-0.0114,Salt Lake City,"Salt Lake City, UT",Salt Lake County
94476,84116,UT,202506,1231.94,-0.0161,-0.0308,Salt Lake City,"Salt Lake City, UT",Salt Lake County
94476,84116,UT,202507,1246.35,0.0117,-0.0315,Salt Lake City,"Salt Lake City, UT",Salt Lake County
94476,84116,UT,202508,1259.18,0.0103,-0.0248,Salt Lake City,"Salt Lake City, UT",Salt Lake County
94476,84116,UT,202509,1258.14,-0.0008,-0.0197,Salt Lake City,"Salt Lake City, UT",Salt Lake County
94476,84116,UT,202510,1258.05,-0.0001,-0.0035,Salt Lake City,"Salt Lake City, UT",Salt Lake County
94476,84116,UT,202511,1248.26,-0.0078,0.001,Salt Lake City,"Salt Lake City, UT",Salt Lake County
94476,84116,UT,202512,1251.28,0.0024,0.0054,Salt Lake City,"Salt Lake City, UT",Salt Lake County
94476,84116,UT,202601,1242.22,-0.0072,-0.0116,Salt Lake City,"Salt Lake City, UT",Salt Lake County
94476,84116,UT,202602,1252.7,0.0084,-0.0092,Salt Lake City,"Salt Lake City, UT",Salt Lake County
94476,84116,UT,202603,1256.55,0.0031,-0.0195,Salt Lake City,"Salt Lake City, UT",Salt Lake County
94476,84116,UT,202604,1260.35,0.003,-0.0061,Salt Lake City,"Salt Lake City, UT",Salt Lake County
94476,84116,UT,202605,1266.34,0.0048,0.0114,Salt Lake City,"Salt Lake City, UT",Salt Lake County
94476,84116,UT,202606,1275.66,0.0074,0.0355,Salt Lake City,"Salt Lake City, UT",Salt Lake County
94476,84116,UT,202607,1274.51,-0.0009,0.0226,Salt Lake City,"Salt Lake City, UT",Salt Lake County
94476,84116,UT,202608,1257.89,-0.013,-0.001,Salt Lake City,"Salt Lake City, UT",Salt Lake County
94477,84117,UT,202102,1201.21,,,Holladay,"Salt Lake City, UT",Salt Lake County
94477,84117,UT,202103,1224.6,0.0195,,Holladay,"Salt Lake City, UT",Salt Lake County
94477,84117,UT,202104,1253.6,0.0237,,Holladay,"Salt Lake City, UT",Salt Lake County
94477,84117,UT,202105,1291.05,0.0299,,Holladay,"Salt Lake City, UT",Salt Lake County
94477,84117,UT,202106,1330.76,0.0308,,Holladay,"Salt Lake City, UT",Salt Lake County
94477,84117,UT,202107,1381.16,0.0379,,Holladay,"Salt Lake City, UT",Salt Lake County
94477,84117,UT,202108,1421.26,0.029,,Holladay,"Salt Lake City, UT",Salt Lake County
94477,84117,UT,202109,1443.83,0.0159,,Holladay,"Salt Lake City, UT",Salt Lake County
94477,84117,UT,202110,1434.84,-0.0062,,Holladay,"Salt Lake City, UT",Salt Lake County
94477,84117,UT,202111,1421.98,-0.009,,Holladay,"Salt Lake City, UT",Salt Lake County
94477,84117,UT,202112,1437.48,0.0109,,Holladay,"Salt Lake City, UT",Salt Lake County
94477,84117,UT,202201,1458.72,0.0148,,Holladay,"Salt Lake City, UT",Salt Lake County
94477,84117,UT,202202,1490.09,0.0215,0.2405,Holladay,"Salt Lake City, UT",Salt Lake County
94477,84117,UT,202203,1493.36,0.0022,0.2195,Holladay,"Salt Lake City, UT",Salt Lake County
94477,84117,UT,202204,1527.15,0.0226,0.2182,Holladay,"Salt Lake City, UT",Salt Lake County
94477,84117,UT,202205,1504.28,-0.015,0.1652,Holladay,"Salt Lake City, UT",Salt Lake County
94477,84117,UT,202206,1512.12,0.0052,0.1363,Holladay,"Salt Lake City, UT",Salt Lake County
94477,84117,UT,202207,1490.06,-0.0146,0.0788,Holladay,"Salt Lake City, UT",Salt Lake County
94477,84117,UT,202208,1504.25,0.0095,0.0584,Holladay,"Salt Lake City, UT",Salt Lake County
94477,84117,UT,202209,1489.27,-0.01,0.0315,Holladay,"Salt Lake City, UT",Salt Lake County
94477,84117,UT,202210,1485.7,-0.0024,0.0354,Holladay,"Salt Lake City, UT",Salt Lake County
94477,84117,UT,202211,1471.9,-0.0093,0.0351,Holladay,"Salt Lake City, UT",Salt Lake County
94477,84117,UT,202212,1463.82,-0.0055,0.0183,Holladay,"Salt Lake City, UT",Salt Lake County
94477,84117,UT,202301,1437.03,-0.0183,-0.0149,Holladay,"Salt Lake City, UT",Salt Lake County
94477,84117,UT,202302,1422.67,-0.01,-0.0452,Holladay,"Salt Lake City, UT",Salt Lake County
94477,84117,UT,202303,1398.75,-0.0168,-0.0634,Holladay,"Salt Lake City, UT",Salt Lake County
94477,84117,UT,202304,1428.4,0.0212,-0.0647,Holladay,"Salt Lake City, UT",Salt Lake County
94477,84117,UT,202305,1460.88,0.0227,-0.0289,Holladay,"Salt Lake City, UT",Salt Lake County
94477,84117,UT,202306,1495.43,0.0237,-0.011,Holladay,"Salt Lake City, UT",Salt Lake County
94477,84117,UT,202307,1479.89,-0.0104,-0.0068,Holladay,"Salt Lake City, UT",Salt Lake County
94477,84117,UT,202308,1470.78,-0.0062,-0.0222,Holladay,"Salt Lake City, UT",Salt Lake County
94477,84117,UT,202309,1473.15,0.0016,-0.0108,Holladay,"Salt Lake City, UT",Salt Lake County
94477,84117,UT,202310,1475.11,0.0013,-0.0071,Holladay,"Salt Lake City, UT",Salt Lake County
94477,84117,UT,202311,1452.38,-0.0154,-0.0133,Holladay,"Salt Lake City, UT",Salt Lake County
94477,84117,UT,202312,1427.25,-0.0173,-0.025,Holladay,"Salt Lake City, UT",Salt Lake County
94477,84117,UT,202401,1417.97,-0.0065,-0.0133,Holladay,"Salt Lake City, UT",Salt Lake County
94477,84117,UT,202402,1431.0,0.0092,0.0059,Holladay,"Salt Lake City, UT",Salt Lake County
94477,84117,UT,202403,1457.51,0.0185,0.042,Holladay,"Salt Lake City, UT",Salt Lake County
94477,84117,UT,202404,1481.76,0.0166,0.0374,Holladay,"Salt Lake City, UT",Salt Lake County
94477,84117,UT,202405,1498.31,0.0112,0.0256,Holladay,"Salt Lake City, UT",Salt Lake County
94477,84117,UT,202406,1500.41,0.0014,0.0033,Holladay,"Salt Lake City, UT",Salt Lake County
94477,84117,UT,202407,1481.87,-0.0124,0.0013,Holladay,"Salt Lake City, UT",Salt Lake County
94477,84117,UT,202408,1491.08,0.0062,0.0138,Holladay,"Salt Lake City, UT",Salt Lake County
94477,84117,UT,202409,1505.12,0.0094,0.0217,Holladay,"Salt Lake City, UT",Salt Lake County
94477,84117,UT,202410,1504.17,-0.0006,0.0197,Holladay,"Salt Lake City, UT",Salt Lake County
94477,84117,UT,202411,1480.24,-0.0159,0.0192,Holladay,"Salt Lake City, UT",Salt Lake County
94477,84117,UT,202412,1459.04,-0.0143,0.0223,Holladay,"Salt Lake City, UT",Salt Lake County
94477,84117,UT,202501,1476.41,0.0119,0.0412,Holladay,"Salt Lake City, UT",Salt Lake County
94477,84117,UT,202502,1457.86,-0.0126,0.0188,Holladay,"Salt Lake City, UT",Salt Lake County
94477,84117,UT,202503,1459.7,0.0013,0.0015,Holladay,"Salt Lake City, UT",Salt Lake County
94477,84117,UT,202504,1516.13,0.0387,0.0232,Holladay,"Salt Lake City, UT",Salt Lake County
94477,84117,UT,202505,1561.78,0.0301,0.0424,Holladay,"Salt Lake City, UT",Salt Lake County
94477,84117,UT,202506,1596.08,0.022,0.0638,Holladay,"Salt Lake City, UT",Salt Lake County
94477,84117,UT,202507,1529.91,-0.0415,0.0324,Holladay,"Salt Lake City, UT",Salt Lake County
94477,84117,UT,202508,1528.19,-0.0011,0.0249,Holladay,"Salt Lake City, UT",Salt Lake County
94477,84117,UT,202509,1503.22,-0.0163,-0.0013,Holladay,"Salt Lake City, UT",Salt Lake County
94477,84117,UT,202510,1494.58,-0.0057,-0.0064,Holladay,"Salt Lake City, UT",Salt Lake County
94477,84117,UT,202511,1512.47,0.012,0.0218,Holladay,"Salt Lake City, UT",Salt Lake County
94477,84117,UT,202512,1510.47,-0.0013,0.0352,Holladay,"Salt Lake City, UT",Salt Lake County
94477,84117,UT,202601,1525.52,0.01,0.0333,Holladay,"Salt Lake City, UT",Salt Lake County
94477,84117,UT,202602,1491.92,-0.022,0.0234,Holladay,"Salt Lake City, UT",Salt Lake County
94477,84117,UT,202603,1501.54,0.0064,0.0287,Holladay,"Salt Lake City, UT",Salt Lake County
94477,84117,UT,202604,1511.24,0.0065,-0.0032,Holladay,"Salt Lake City, UT",Salt Lake County
94477,84117,UT,202605,1530.84,0.013,-0.0198,Holladay,"Salt Lake City, UT",Salt Lake County
94477,84117,UT,202606,1552.72,0.0143,-0.0272,Holladay,"Salt Lake City, UT",Salt Lake County
94477,84117,UT,202607,1536.42,-0.0105,0.0043,Holladay,"Salt Lake City, UT",Salt Lake County
94477,84117,UT,202608,1584.53,0.0313,0.0369,Holladay,"Salt Lake City, UT",Salt Lake County
94478,84118,UT,202512,2372.86,,,Kearns,"Salt Lake City, UT",Salt Lake County
94478,84118,UT,202601,2352.28,-0.0087,,Kearns,"Salt Lake City, UT",Salt Lake County
94478,84118,UT,202603,2418.88,0.0283,,Kearns,"Salt Lake City, UT",Salt Lake County
94478,84118,UT,202604,2531.74,0.0467,,Kearns,"Salt Lake City, UT",Salt Lake County
94478,84118,UT,202605,2507.11,-0.0097,,Kearns,"Salt Lake City, UT",Salt Lake County
94478,84118,UT,202606,2547.06,0.0159,,Kearns,"Salt Lake City, UT",Salt Lake County
94478,84118,UT,202607,2425.24,-0.0478,,Kearns,"Salt Lake City, UT",Salt Lake County
94478,84118,UT,202608,2461.94,0.0151,,Kearns,"Salt Lake City, UT",Salt Lake County
94479,84119,UT,202107,1253.54,,,West Valley City,"Salt Lake City, UT",Salt Lake County
94479,84119,UT,202108,1283.02,0.0235,,West Valley City,"Salt Lake City, UT",Salt Lake County
94479,84119,UT,202109,1321.61,0.0301,,West Valley City,"Salt Lake City, UT",Salt Lake County
94479,84119,UT,202110,1352.63,0.0235,,West Valley City,"Salt Lake City, UT",Salt Lake County
94479,84119,UT,202111,1346.11,-0.0048,,West Valley City,"Salt Lake City, UT",Salt Lake County
94479,84119,UT,202112,1331.54,-0.0108,,West Valley City,"Salt Lake City, UT",Salt Lake County
94479,84119,UT,202201,1340.41,0.0067,,West Valley City,"Salt Lake City, UT",Salt Lake County
94479,84119,UT,202202,1383.75,0.0323,,West Valley City,"Salt Lake City, UT",Salt Lake County
94479,84119,UT,202203,1439.25,0.0401,,West Valley City,"Salt Lake City, UT",Salt Lake County
94479,84119,UT,202204,1459.37,0.014,,West Valley City,"Salt Lake City, UT",Salt Lake County
94479,84119,UT,202205,1490.13,0.0211,,West Valley City,"Salt Lake City, UT",Salt Lake County
94479,84119,UT,202206,1519.47,0.0197,,West Valley City,"Salt Lake City, UT",Salt Lake County
94479,84119,UT,202207,1517.09,-0.0016,0.2102,West Valley City,"Salt Lake City, UT",Salt Lake County
94479,84119,UT,202208,1504.58,-0.0082,0.1727,West Valley City,"Salt Lake City, UT",Salt Lake County
94479,84119,UT,202209,1473.18,-0.0209,0.1147,West Valley City,"Salt Lake City, UT",Salt Lake County
94479,84119,UT,202210,1483.17,0.0068,0.0965,West Valley City,"Salt Lake City, UT",Salt Lake County
94479,84119,UT,202211,1459.79,-0.0158,0.0845,West Valley City,"Salt Lake City, UT",Salt Lake County
94479,84119,UT,202212,1443.01,-0.0115,0.0837,West Valley City,"Salt Lake City, UT",Salt Lake County
94479,84119,UT,202301,1421.44,-0.0149,0.0604,West Valley City,"Salt Lake City, UT",Salt Lake County
94479,84119,UT,202302,1454.53,0.0233,0.0512,West Valley City,"Salt Lake City, UT",Salt Lake County
94479,84119,UT,202303,1471.61,0.0117,0.0225,West Valley City,"Salt Lake City, UT",Salt Lake County
94479,84119,UT,202304,1482.0,0.0071,0.0155,West Valley City,"Salt Lake City, UT",Salt Lake County
94479,84119,UT,202305,1468.83,-0.0089,-0.0143,West Valley City,"Salt Lake City, UT",Salt Lake County
94479,84119,UT,202306,1478.51,0.0066,-0.027,West Valley City,"Salt Lake City, UT",Salt Lake County
94479,84119,UT,202307,1473.52,-0.0034,-0.0287,West Valley City,"Salt Lake City, UT",Salt Lake County
94479,84119,UT,202308,1482.96,0.0064,-0.0144,West Valley City,"Salt Lake City, UT",Salt Lake County
94479,84119,UT,202309,1478.93,-0.0027,0.0039,West Valley City,"Salt Lake City, UT",Salt Lake County
94479,84119,UT,202310,1478.47,-0.0003,-0.0032,West Valley City,"Salt Lake City, UT",Salt Lake County
94479,84119,UT,202311,1460.88,-0.0119,0.0007,West Valley City,"Salt Lake City, UT",Salt Lake County
94479,84119,UT,202312,1451.59,-0.0064,0.0059,West Valley City,"Salt Lake City, UT",Salt Lake County
94479,84119,UT,202401,1461.26,0.0067,0.028,West Valley City,"Salt Lake City, UT",Salt Lake County
94479,84119,UT,202402,1466.4,0.0035,0.0082,West Valley City,"Salt Lake City, UT",Salt Lake County
94479,84119,UT,202403,1467.52,0.0008,-0.0028,West Valley City,"Salt Lake City, UT",Salt Lake County
94479,84119,UT,202404,1472.12,0.0031,-0.0067,West Valley City,"Salt Lake City, UT",Salt Lake County
94479,84119,UT,202405,1475.55,0.0023,0.0046,West Valley City,"Salt Lake City, UT",Salt Lake County
94479,84119,UT,202406,1487.13,0.0079,0.0058,West Valley City,"Salt Lake City, UT",Salt Lake County
94479,84119,UT,202407,1488.27,0.0008,0.01,West Valley City,"Salt Lake City, UT",Salt Lake County
94479,84119,UT,202408,1498.67,0.007,0.0106,West Valley City,"Salt Lake City, UT",Salt Lake County
94479,84119,UT,202409,1508.43,0.0065,0.0199,West Valley City,"Salt Lake City, UT",Salt Lake County
94479,84119,UT,202410,1483.73,-0.0164,0.0036,West Valley City,"Salt Lake City, UT",Salt Lake County
94479,84119,UT,202411,1476.74,-0.0047,0.0109,West Valley City,"Salt Lake City, UT",Salt Lake County
94479,84119,UT,202412,1460.49,-0.011,0.0061,West Valley City,"Salt Lake City, UT",Salt Lake County
94479,84119,UT,202501,1471.97,0.0079,0.0073,West Valley City,"Salt Lake City, UT",Salt Lake County
94479,84119,UT,202502,1467.47,-0.0031,0.0007,West Valley City,"Salt Lake City, UT",Salt Lake County
94479,84119,UT,202503,1455.4,-0.0082,-0.0083,West Valley City,"Salt Lake City, UT",Salt Lake County
94479,84119,UT,202504,1458.83,0.0024,-0.009,West Valley City,"Salt Lake City, UT",Salt Lake County
94479,84119,UT,202505,1476.38,0.012,0.0006,West Valley City,"Salt Lake City, UT",Salt Lake County
94479,84119,UT,202506,1489.98,0.0092,0.0019,West Valley City,"Salt Lake City, UT",Salt Lake County
94479,84119,UT,202507,1501.91,0.008,0.0092,West Valley City,"Salt Lake City, UT",Salt Lake County
94479,84119,UT,202508,1498.28,-0.0024,-0.0003,West Valley City,"Salt Lake City, UT",Salt Lake County
94479,84119,UT,202509,1505.44,0.0048,-0.002,West Valley City,"Salt Lake City, UT",Salt Lake County
94479,84119,UT,202510,1494.42,-0.0073,0.0072,West Valley City,"Salt Lake City, UT",Salt Lake County
94479,84119,UT,202511,1475.99,-0.0123,-0.0005,West Valley City,"Salt Lake City, UT",Salt Lake County
94479,84119,UT,202512,1461.19,-0.01,0.0005,West Valley City,"Salt Lake City, UT",Salt Lake County
94479,84119,UT,202601,1454.22,-0.0048,-0.0121,West Valley City,"Salt Lake City, UT",Salt Lake County
94479,84119,UT,202602,1452.16,-0.0014,-0.0104,West Valley City,"Salt Lake City, UT",Salt Lake County
94479,84119,UT,202603,1455.82,0.0025,0.0003,West Valley City,"Salt Lake City, UT",Salt Lake County
94479,84119,UT,202604,1455.71,-0.0001,-0.0021,West Valley City,"Salt Lake City, UT",Salt Lake County
94479,84119,UT,202605,1466.98,0.0077,-0.0064,West Valley City,"Salt Lake City, UT",Salt Lake County
94479,84119,UT,202606,1473.65,0.0045,-0.011,West Valley City,"Salt Lake City, UT",Salt Lake County
94479,84119,UT,202607,1487.88,0.0097,-0.0093,West Valley City,"Salt Lake City, UT",Salt Lake County
94479,84119,UT,202608,1491.7,0.0026,-0.0044,West Valley City,"Salt Lake City, UT",Salt Lake County
94480,84120,UT,202301,1736.61,,,West Valley City,"Salt Lake City, UT",Salt Lake County
94480,84120,UT,202302,1733.0,-0.0021,,West Valley City,"Salt Lake City, UT",Salt Lake County
94480,84120,UT,202303,1740.86,0.0045,,West Valley City,"Salt Lake City, UT",Salt Lake County
94480,84120,UT,202304,1778.09,0.0214,,West Valley City,"Salt Lake City, UT",Salt Lake County
94480,84120,UT,202305,1754.88,-0.0131,,West Valley City,"Salt Lake City, UT",Salt Lake County
94480,84120,UT,202306,1762.05,0.0041,,West Valley City,"Salt Lake City, UT",Salt Lake County
94480,84120,UT,202307,1748.67,-0.0076,,West Valley City,"Salt Lake City, UT",Salt Lake County
94480,84120,UT,202308,1774.36,0.0147,,West Valley City,"Salt Lake City, UT",Salt Lake County
94480,84120,UT,202309,1781.2,0.0039,,West Valley City,"Salt Lake City, UT",Salt Lake County
94480,84120,UT,202310,1790.18,0.005,,West Valley City,"Salt Lake City, UT",Salt Lake County
94480,84120,UT,202311,1784.71,-0.0031,,West Valley City,"Salt Lake City, UT",Salt Lake County
94480,84120,UT,202312,1755.0,-0.0166,,West Valley City,"Salt Lake City, UT",Salt Lake County
94480,84120,UT,202401,1778.05,0.0131,0.0239,West Valley City,"Salt Lake City, UT",Salt Lake County
94480,84120,UT,202402,1787.29,0.0052,0.0313,West Valley City,"Salt Lake City, UT",Salt Lake County
94480,84120,UT,202403,1812.03,0.0138,0.0409,West Valley City,"Salt Lake City, UT",Salt Lake County
94480,84120,UT,202404,1814.34,0.0013,0.0204,West Valley City,"Salt Lake City, UT",Salt Lake County
94480,84120,UT,202405,1831.13,0.0093,0.0435,West Valley City,"Salt Lake City, UT",Salt Lake County
94480,84120,UT,202406,1817.49,-0.0074,0.0315,West Valley City,"Salt Lake City, UT",Salt Lake County
94480,84120,UT,202407,1813.77,-0.0021,0.0372,West Valley City,"Salt Lake City, UT",Salt Lake County
94480,84120,UT,202408,1812.1,-0.0009,0.0213,West Valley City,"Salt Lake City, UT",Salt Lake County
94480,84120,UT,202409,1904.49,0.051,0.0692,West Valley City,"Salt Lake City, UT",Salt Lake County
94480,84120,UT,202410,1943.61,0.0205,0.0857,West Valley City,"Salt Lake City, UT",Salt Lake County
94480,84120,UT,202411,1909.05,-0.0178,0.0697,West Valley City,"Salt Lake City, UT",Salt Lake County
94480,84120,UT,202412,1858.82,-0.0263,0.0592,West Valley City,"Salt Lake City, UT",Salt Lake County
94480,84120,UT,202501,1834.12,-0.0133,0.0315,West Valley City,"Salt Lake City, UT",Salt Lake County
94480,84120,UT,202502,1872.1,0.0207,0.0475,West Valley City,"Salt Lake City, UT",Salt Lake County
94480,84120,UT,202503,1870.42,-0.0009,0.0322,West Valley City,"Salt Lake City, UT",Salt Lake County
94480,84120,UT,202504,1876.56,0.0033,0.0343,West Valley City,"Salt Lake City, UT",Salt Lake County
94480,84120,UT,202505,1885.42,0.0047,0.0297,West Valley City,"Salt Lake City, UT",Salt Lake County
94480,84120,UT,202506,1863.89,-0.0114,0.0255,West Valley City,"Salt Lake City, UT",Salt Lake County
94480,84120,UT,202507,1847.1,-0.009,0.0184,West Valley City,"Salt Lake City, UT",Salt Lake County
94480,84120,UT,202508,1844.07,-0.0016,0.0176,West Valley City,"Salt Lake City, UT",Salt Lake County
94480,84120,UT,202509,1857.51,0.0073,-0.0247,West Valley City,"Salt Lake City, UT",Salt Lake County
94480,84120,UT,202510,1871.03,0.0073,-0.0373,West Valley City,"Salt Lake City, UT",Salt Lake County
94480,84120,UT,202511,1837.61,-0.0179,-0.0374,West Valley City,"Salt Lake City, UT",Salt Lake County
94480,84120,UT,202512,1820.87,-0.0091,-0.0204,West Valley City,"Salt Lake City, UT",Salt Lake County
94480,84120,UT,202601,1778.35,-0.0234,-0.0304,West Valley City,"Salt Lake City, UT",Salt Lake County
94480,84120,UT,202602,1814.06,0.0201,-0.031,West Valley City,"Salt Lake City, UT",Salt Lake County
94480,84120,UT,202603,1837.12,0.0127,-0.0178,West Valley City,"Salt Lake City, UT",Salt Lake County
94480,84120,UT,202604,1884.36,0.0257,0.0042,West Valley City,"Salt Lake City, UT",Salt Lake County
94480,84120,UT,202605,1853.37,-0.0164,-0.017,West Valley City,"Salt Lake City, UT",Salt Lake County
94480,84120,UT,202606,1810.42,-0.0232,-0.0287,West Valley City,"Salt Lake City, UT",Salt Lake County
94480,84120,UT,202607,1790.74,-0.0109,-0.0305,West Valley City,"Salt Lake City, UT",Salt Lake County
94480,84120,UT,202608,1832.48,0.0233,-0.0063,West Valley City,"Salt Lake City, UT",Salt Lake County
94481,84121,UT,202101,1345.83,,,Cottonwood Heights,"Salt Lake City, UT",Salt Lake County
94481,84121,UT,202102,1360.23,0.0107,,Cottonwood Heights,"Salt Lake City, UT",Salt Lake County
94481,84121,UT,202103,1366.84,0.0049,,Cottonwood Heights,"Salt Lake City, UT",Salt Lake County
94481,84121,UT,202104,1387.9,0.0154,,Cottonwood Heights,"Salt Lake City, UT",Salt Lake County
94481,84121,UT,202105,1408.44,0.0148,,Cottonwood Heights,"Salt Lake City, UT",Salt Lake County
94481,84121,UT,202106,1428.08,0.0139,,Cottonwood Heights,"Salt Lake City, UT",Salt Lake County
94481,84121,UT,202107,1469.74,0.0292,,Cottonwood Heights,"Salt Lake City, UT",Salt Lake County
94481,84121,UT,202108,1489.41,0.0134,,Cottonwood Heights,"Salt Lake City, UT",Salt Lake County
94481,84121,UT,202109,1513.48,0.0162,,Cottonwood Heights,"Salt Lake City, UT",Salt Lake County
94481,84121,UT,202110,1510.62,-0.0019,,Cottonwood Heights,"Salt Lake City, UT",Salt Lake County
94481,84121,UT,202111,1552.16,0.0275,,Cottonwood Heights,"Salt Lake City, UT",Salt Lake County
94481,84121,UT,202112,1560.88,0.0056,,Cottonwood Heights,"Salt Lake City, UT",Salt Lake County
94481,84121,UT,202201,1564.48,0.0023,0.1625,Cottonwood Heights,"Salt Lake City, UT",Salt Lake County
94481,84121,UT,202202,1553.37,-0.0071,0.142,Cottonwood Heights,"Salt Lake City, UT",Salt Lake County
94481,84121,UT,202203,1586.35,0.0212,0.1606,Cottonwood Heights,"Salt Lake City, UT",Salt Lake County
94481,84121,UT,202204,1614.57,0.0178,0.1633,Cottonwood Heights,"Salt Lake City, UT",Salt Lake County
94481,84121,UT,202205,1633.68,0.0118,0.1599,Cottonwood Heights,"Salt Lake City, UT",Salt Lake County
94481,84121,UT,202206,1621.64,-0.0074,0.1355,Cottonwood Heights,"Salt Lake City, UT",Salt Lake County
94481,84121,UT,202207,1625.06,0.0021,0.1057,Cottonwood Heights,"Salt Lake City, UT",Salt Lake County
94481,84121,UT,202208,1643.62,0.0114,0.1035,Cottonwood Heights,"Salt Lake City, UT",Salt Lake County
94481,84121,UT,202209,1652.51,0.0054,0.0919,Cottonwood Heights,"Salt Lake City, UT",Salt Lake County
94481,84121,UT,202210,1784.59,0.0799,0.1814,Cottonwood Heights,"Salt Lake City, UT",Salt Lake County
94481,84121,UT,202211,1789.87,0.003,0.1531,Cottonwood Heights,"Salt Lake City, UT",Salt Lake County
94481,84121,UT,202212,1791.13,0.0007,0.1475,Cottonwood Heights,"Salt Lake City, UT",Salt Lake County
94481,84121,UT,202302,1683.09,-0.0603,0.0758,Cottonwood Heights,"Salt Lake City, UT",Salt Lake County
94481,84121,UT,202303,1712.35,0.0174,0.1023,Cottonwood Heights,"Salt Lake City, UT",Salt Lake County
94481,84121,UT,202304,1713.88,0.0009,0.0804,Cottonwood Heights,"Salt Lake City, UT",Salt Lake County
94481,84121,UT,202305,1702.08,-0.0069,0.0542,Cottonwood Heights,"Salt Lake City, UT",Salt Lake County
94481,84121,UT,202306,1705.03,0.0017,0.0437,Cottonwood Heights,"Salt Lake City, UT",Salt Lake County
94481,84121,UT,202307,1719.4,0.0084,0.0603,Cottonwood Heights,"Salt Lake City, UT",Salt Lake County
94481,84121,UT,202308,1740.54,0.0123,0.0711,Cottonwood Heights,"Salt Lake City, UT",Salt Lake County
94481,84121,UT,202309,1721.52,-0.0109,0.0474,Cottonwood Heights,"Salt Lake City, UT",Salt Lake County
94481,84121,UT,202310,1721.04,-0.0003,0.0415,Cottonwood Heights,"Salt Lake City, UT",Salt Lake County
94481,84121,UT,202311,1707.26,-0.008,-0.0433,Cottonwood Heights,"Salt Lake City, UT",Salt Lake County
94481,84121,UT,202312,1700.11,-0.0042,-0.0501,Cottonwood Heights,"Salt Lake City, UT",Salt Lake County
94481,84121,UT,202401,1688.97,-0.0066,-0.057,Cottonwood Heights,"Salt Lake City, UT",Salt Lake County
94481,84121,UT,202402,1684.32,-0.0028,0.0007,Cottonwood Heights,"Salt Lake City, UT",Salt Lake County
94481,84121,UT,202403,1700.63,0.0097,-0.0068,Cottonwood Heights,"Salt Lake City, UT",Salt Lake County
94481,84121,UT,202404,1707.14,0.0038,-0.0039,Cottonwood Heights,"Salt Lake City, UT",Salt Lake County
94481,84121,UT,202405,1709.47,0.0014,0.0043,Cottonwood Heights,"Salt Lake City, UT",Salt Lake County
94481,84121,UT,202406,1703.52,-0.0035,-0.0009,Cottonwood Heights,"Salt Lake City, UT",Salt Lake County
94481,84121,UT,202407,1721.8,0.0107,0.0014,Cottonwood Heights,"Salt Lake City, UT",Salt Lake County
94481,84121,UT,202408,1747.48,0.0149,0.004,Cottonwood Heights,"Salt Lake City, UT",Salt Lake County
94481,84121,UT,202409,1770.99,0.0135,0.0287,Cottonwood Heights,"Salt Lake City, UT",Salt Lake County
94481,84121,UT,202410,1771.25,0.0001,0.0292,Cottonwood Heights,"Salt Lake City, UT",Salt Lake County
94481,84121,UT,202411,1742.55,-0.0162,0.0207,Cottonwood Heights,"Salt Lake City, UT",Salt Lake County
94481,84121,UT,202412,1737.9,-0.0027,0.0222,Cottonwood Heights,"Salt Lake City, UT",Salt Lake County
94481,84121,UT,202501,1728.76,-0.0053,0.0236,Cottonwood Heights,"Salt Lake City, UT",Salt Lake County
94481,84121,UT,202502,1750.01,0.0123,0.039,Cottonwood Heights,"Salt Lake City, UT",Salt Lake County
94481,84121,UT,202503,1743.56,-0.0037,0.0252,Cottonwood Heights,"Salt Lake City, UT",Salt Lake County
94481,84121,UT,202504,1734.78,-0.005,0.0162,Cottonwood Heights,"Salt Lake City, UT",Salt Lake County
94481,84121,UT,202505,1720.28,-0.0084,0.0063,Cottonwood Heights,"Salt Lake City, UT",Salt Lake County
94481,84121,UT,202506,1731.03,0.0063,0.0162,Cottonwood Heights,"Salt Lake City, UT",Salt Lake County
94481,84121,UT,202507,1744.46,0.0078,0.0132,Cottonwood Heights,"Salt Lake City, UT",Salt Lake County
94481,84121,UT,202508,1758.04,0.0078,0.006,Cottonwood Heights,"Salt Lake City, UT",Salt Lake County
94481,84121,UT,202509,1786.98,0.0165,0.009,Cottonwood Heights,"Salt Lake City, UT",Salt Lake County
94481,84121,UT,202510,1794.79,0.0044,0.0133,Cottonwood Heights,"Salt Lake City, UT",Salt Lake County
94481,84121,UT,202511,1801.52,0.0037,0.0338,Cottonwood Heights,"Salt Lake City, UT",Salt Lake County
94481,84121,UT,202512,1761.61,-0.0222,0.0136,Cottonwood Heights,"Salt Lake City, UT",Salt Lake County
94481,84121,UT,202601,1745.57,-0.0091,0.0097,Cottonwood Heights,"Salt Lake City, UT",Salt Lake County
94481,84121,UT,202602,1727.92,-0.0101,-0.0126,Cottonwood Heights,"Salt Lake City, UT",Salt Lake County
94481,84121,UT,202603,1753.78,0.015,0.0059,Cottonwood Heights,"Salt Lake City, UT",Salt Lake County
94481,84121,UT,202604,1755.7,0.0011,0.0121,Cottonwood Heights,"Salt Lake City, UT",Salt Lake County
94481,84121,UT,202605,1769.88,0.0081,0.0288,Cottonwood Heights,"Salt Lake City, UT",Salt Lake County
94481,84121,UT,202606,1748.61,-0.012,0.0102,Cottonwood Heights,"Salt Lake City, UT",Salt Lake County
94481,84121,UT,202607,1754.33,0.0033,0.0057,Cottonwood Heights,"Salt Lake City, UT",Salt Lake County
94481,84121,UT,202608,1760.45,0.0035,0.0014,Cottonwood Heights,"Salt Lake City, UT",Salt Lake County
94483,84123,UT,202206,1503.78,,,Taylorsville,"Salt Lake City, UT",Salt Lake County
94483,84123,UT,202207,1519.36,0.0104,,Taylorsville,"Salt Lake City, UT",Salt Lake County
94483,84123,UT,202208,1531.32,0.0079,,Taylorsville,"Salt Lake City, UT",Salt Lake County
94483,84123,UT,202209,1523.59,-0.005,,Taylorsville,"Salt Lake City, UT",Salt Lake County
94483,84123,UT,202210,1513.73,-0.0065,,Taylorsville,"Salt Lake City, UT",Salt Lake County
94483,84123,UT,202211,1499.24,-0.0096,,Taylorsville,"Salt Lake City, UT",Salt Lake County
94483,84123,UT,202212,1482.05,-0.0115,,Taylorsville,"Salt Lake City, UT",Salt Lake County
94483,84123,UT,202301,1482.92,0.0006,,Taylorsville,"Salt Lake City, UT",Salt Lake County
94483,84123,UT,202302,1483.87,0.0006,,Taylorsville,"Salt Lake City, UT",Salt Lake County
94483,84123,UT,202303,1507.58,0.016,,Taylorsville,"Salt Lake City, UT",Salt Lake County
94483,84123,UT,202304,1509.79,0.0015,,Taylorsville,"Salt Lake City, UT",Salt Lake County
94483,84123,UT,202305,1515.68,0.0039,,Taylorsville,"Salt Lake City, UT",Salt Lake County
94483,84123,UT,202306,1508.92,-0.0045,0.0034,Taylorsville,"Salt Lake City, UT",Salt Lake County
94483,84123,UT,202307,1522.91,0.0093,0.0023,Taylorsville,"Salt Lake City, UT",Salt Lake County
94483,84123,UT,202308,1518.99,-0.0026,-0.0081,Taylorsville,"Salt Lake City, UT",Salt Lake County
94483,84123,UT,202309,1514.32,-0.0031,-0.0061,Taylorsville,"Salt Lake City, UT",Salt Lake County
94483,84123,UT,202310,1489.87,-0.0161,-0.0158,Taylorsville,"Salt Lake City, UT",Salt Lake County
94483,84123,UT,202311,1472.6,-0.0116,-0.0178,Taylorsville,"Salt Lake City, UT",Salt Lake County
94483,84123,UT,202312,1447.62,-0.017,-0.0232,Taylorsville,"Salt Lake City, UT",Salt Lake County
94483,84123,UT,202401,1449.94,0.0016,-0.0222,Taylorsville,"Salt Lake City, UT",Salt Lake County
94483,84123,UT,202402,1473.69,0.0164,-0.0069,Taylorsville,"Salt Lake City, UT",Salt Lake County
94483,84123,UT,202403,1497.46,0.0161,-0.0067,Taylorsville,"Salt Lake City, UT",Salt Lake County
94483,84123,UT,202404,1504.91,0.005,-0.0032,Taylorsville,"Salt Lake City, UT",Salt Lake County
94483,84123,UT,202405,1500.17,-0.0031,-0.0102,Taylorsville,"Salt Lake City, UT",Salt Lake County
94483,84123,UT,202406,1518.99,0.0125,0.0067,Taylorsville,"Salt Lake City, UT",Salt Lake County
94483,84123,UT,202407,1537.16,0.012,0.0094,Taylorsville,"Salt Lake City, UT",Salt Lake County
94483,84123,UT,202408,1555.41,0.0119,0.024,Taylorsville,"Salt Lake City, UT",Salt Lake County
94483,84123,UT,202409,1522.36,-0.0213,0.0053,Taylorsville,"Salt Lake City, UT",Salt Lake County
94483,84123,UT,202410,1464.99,-0.0377,-0.0167,Taylorsville,"Salt Lake City, UT",Salt Lake County
94483,84123,UT,202411,1425.97,-0.0266,-0.0317,Taylorsville,"Salt Lake City, UT",Salt Lake County
94483,84123,UT,202412,1429.59,0.0025,-0.0125,Taylorsville,"Salt Lake City, UT",Salt Lake County
94483,84123,UT,202501,1438.67,0.0064,-0.0078,Taylorsville,"Salt Lake City, UT",Salt Lake County
94483,84123,UT,202502,1439.64,0.0007,-0.0231,Taylorsville,"Salt Lake City, UT",Salt Lake County
94483,84123,UT,202503,1469.14,0.0205,-0.0189,Taylorsville,"Salt Lake City, UT",Salt Lake County
94483,84123,UT,202504,1486.4,0.0117,-0.0123,Taylorsville,"Salt Lake City, UT",Salt Lake County
94483,84123,UT,202505,1478.48,-0.0053,-0.0145,Taylorsville,"Salt Lake City, UT",Salt Lake County
94483,84123,UT,202506,1448.49,-0.0203,-0.0464,Taylorsville,"Salt Lake City, UT",Salt Lake County
94483,84123,UT,202507,1456.16,0.0053,-0.0527,Taylorsville,"Salt Lake City, UT",Salt Lake County
94483,84123,UT,202508,1465.51,0.0064,-0.0578,Taylorsville,"Salt Lake City, UT",Salt Lake County
94483,84123,UT,202509,1446.72,-0.0128,-0.0497,Taylorsville,"Salt Lake City, UT",Salt Lake County
94483,84123,UT,202510,1406.76,-0.0276,-0.0397,Taylorsville,"Salt Lake City, UT",Salt Lake County
94483,84123,UT,202511,1376.55,-0.0215,-0.0347,Taylorsville,"Salt Lake City, UT",Salt Lake County
94483,84123,UT,202512,1352.51,-0.0175,-0.0539,Taylorsville,"Salt Lake City, UT",Salt Lake County
94483,84123,UT,202601,1322.13,-0.0225,-0.081,Taylorsville,"Salt Lake City, UT",Salt Lake County
94483,84123,UT,202602,1317.31,-0.0036,-0.085,Taylorsville,"Salt Lake City, UT",Salt Lake County
94483,84123,UT,202603,1339.97,0.0172,-0.0879,Taylorsville,"Salt Lake City, UT",Salt Lake County
94483,84123,UT,202604,1395.58,0.0415,-0.0611,Taylorsville,"Salt Lake City, UT",Salt Lake County
94483,84123,UT,202605,1424.42,0.0207,-0.0366,Taylorsville,"Salt Lake City, UT",Salt Lake County
94483,84123,UT,202606,1443.12,0.0131,-0.0037,Taylorsville,"Salt Lake City, UT",Salt Lake County
94483,84123,UT,202607,1450.86,0.0054,-0.0036,Taylorsville,"Salt Lake City, UT",Salt Lake County
94483,84123,UT,202608,1465.58,0.0101,0.0,Taylorsville,"Salt Lake City, UT",Salt Lake County
94484,84124,UT,202303,1586.66,,,Holladay,"Salt Lake City, UT",Salt Lake County
94484,84124,UT,202304,1774.94,0.1187,,Holladay,"Salt Lake City, UT",Salt Lake County
94484,84124,UT,202305,1774.66,-0.0002,,Holladay,"Salt Lake City, UT",Salt Lake County
94484,84124,UT,202306,1778.84,0.0024,,Holladay,"Salt Lake City, UT",Salt Lake County
94484,84124,UT,202307,1782.86,0.0023,,Holladay,"Salt Lake City, UT",Salt Lake County
94484,84124,UT,202308,1784.89,0.0011,,Holladay,"Salt Lake City, UT",Salt Lake County
94484,84124,UT,202309,1796.78,0.0067,,Holladay,"Salt Lake City, UT",Salt Lake County
94484,84124,UT,202310,1805.6,0.0049,,Holladay,"Salt Lake City, UT",Salt Lake County
94484,84124,UT,202311,1814.58,0.005,,Holladay,"Salt Lake City, UT",Salt Lake County
94484,84124,UT,202312,1804.87,-0.0054,,Holladay,"Salt Lake City, UT",Salt Lake County
94484,84124,UT,202401,1810.29,0.003,,Holladay,"Salt Lake City, UT",Salt Lake County
94484,84124,UT,202402,1783.95,-0.0146,,Holladay,"Salt Lake City, UT",Salt Lake County
94484,84124,UT,202404,1772.15,-0.0066,0.1169,Holladay,"Salt Lake City, UT",Salt Lake County
94484,84124,UT,202405,1795.68,0.0133,0.0117,Holladay,"Salt Lake City, UT",Salt Lake County
94484,84124,UT,202406,1872.44,0.0427,0.0551,Holladay,"Salt Lake City, UT",Salt Lake County
94484,84124,UT,202407,1885.93,0.0072,0.0602,Holladay,"Salt Lake City, UT",Salt Lake County
94484,84124,UT,202408,1889.37,0.0018,0.0597,Holladay,"Salt Lake City, UT",Salt Lake County
94484,84124,UT,202409,1855.3,-0.018,0.0394,Holladay,"Salt Lake City, UT",Salt Lake County
94484,84124,UT,202410,1848.17,-0.0038,0.0286,Holladay,"Salt Lake City, UT",Salt Lake County
94484,84124,UT,202411,1832.51,-0.0085,0.0149,Holladay,"Salt Lake City, UT",Salt Lake County
94484,84124,UT,202412,1860.0,0.015,0.025,Holladay,"Salt Lake City, UT",Salt Lake County
94484,84124,UT,202501,1873.74,0.0074,0.0382,Holladay,"Salt Lake City, UT",Salt Lake County
94484,84124,UT,202502,1860.82,-0.0069,0.0279,Holladay,"Salt Lake City, UT",Salt Lake County
94484,84124,UT,202503,1842.68,-0.0097,0.0329,Holladay,"Salt Lake City, UT",Salt Lake County
94484,84124,UT,202504,1838.14,-0.0025,0.0372,Holladay,"Salt Lake City, UT",Salt Lake County
94484,84124,UT,202505,1873.19,0.0191,0.0432,Holladay,"Salt Lake City, UT",Salt Lake County
94484,84124,UT,202506,1890.55,0.0093,0.0097,Holladay,"Salt Lake City, UT",Salt Lake County
94484,84124,UT,202507,1930.21,0.021,0.0235,Holladay,"Salt Lake City, UT",Salt Lake County
94484,84124,UT,202508,1951.89,0.0112,0.0331,Holladay,"Salt Lake City, UT",Salt Lake County
94484,84124,UT,202509,1937.06,-0.0076,0.0441,Holladay,"Salt Lake City, UT",Salt Lake County
94484,84124,UT,202510,1893.13,-0.0227,0.0243,Holladay,"Salt Lake City, UT",Salt Lake County
94484,84124,UT,202511,1893.46,0.0002,0.0333,Holladay,"Salt Lake City, UT",Salt Lake County
94484,84124,UT,202512,1885.84,-0.004,0.0139,Holladay,"Salt Lake City, UT",Salt Lake County
94484,84124,UT,202601,1873.61,-0.0065,-0.0001,Holladay,"Salt Lake City, UT",Salt Lake County
94484,84124,UT,202602,1867.0,-0.0035,0.0033,Holladay,"Salt Lake City, UT",Salt Lake County
94484,84124,UT,202603,1908.57,0.0223,0.0358,Holladay,"Salt Lake City, UT",Salt Lake County
94484,84124,UT,202604,1945.13,0.0192,0.0582,Holladay,"Salt Lake City, UT",Salt Lake County
94484,84124,UT,202605,1952.86,0.004,0.0425,Holladay,"Salt Lake City, UT",Salt Lake County
94484,84124,UT,202606,1967.35,0.0074,0.0406,Holladay,"Salt Lake City, UT",Salt Lake County
94484,84124,UT,202607,1972.2,0.0025,0.0218,Holladay,"Salt Lake City, UT",Salt Lake County
94484,84124,UT,202608,2052.06,0.0405,0.0513,Holladay,"Salt Lake City, UT",Salt Lake County
94488,84128,UT,202401,1770.72,,,West Valley City,"Salt Lake City, UT",Salt Lake County
94488,84128,UT,202402,1807.36,0.0207,,West Valley City,"Salt Lake City, UT",Salt Lake County
94488,84128,UT,202403,1808.25,0.0005,,West Valley City,"Salt Lake City, UT",Salt Lake County
94488,84128,UT,202404,1818.48,0.0057,,West Valley City,"Salt Lake City, UT",Salt Lake County
94488,84128,UT,202405,1825.29,0.0037,,West Valley City,"Salt Lake City, UT",Salt Lake County
94488,84128,UT,202406,1818.42,-0.0038,,West Valley City,"Salt Lake City, UT",Salt Lake County
94488,84128,UT,202407,1832.09,0.0075,,West Valley City,"Salt Lake City, UT",Salt Lake County
94488,84128,UT,202408,1849.79,0.0097,,West Valley City,"Salt Lake City, UT",Salt Lake County
94488,84128,UT,202409,1819.02,-0.0166,,West Valley City,"Salt Lake City, UT",Salt Lake County
94488,84128,UT,202410,1768.08,-0.028,,West Valley City,"Salt Lake City, UT",Salt Lake County
94488,84128,UT,202411,1710.42,-0.0326,,West Valley City,"Salt Lake City, UT",Salt Lake County
94488,84128,UT,202412,1768.28,0.0338,,West Valley City,"Salt Lake City, UT",Salt Lake County
94488,84128,UT,202501,1788.27,0.0113,0.0099,West Valley City,"Salt Lake City, UT",Salt Lake County
94488,84128,UT,202502,1826.49,0.0214,0.0106,West Valley City,"Salt Lake City, UT",Salt Lake County
94488,84128,UT,202503,1786.54,-0.0219,-0.012,West Valley City,"Salt Lake City, UT",Salt Lake County
94488,84128,UT,202504,1816.83,0.017,-0.0009,West Valley City,"Salt Lake City, UT",Salt Lake County
94488,84128,UT,202505,1809.45,-0.0041,-0.0087,West Valley City,"Salt Lake City, UT",Salt Lake County
94488,84128,UT,202506,1856.66,0.0261,0.021,West Valley City,"Salt Lake City, UT",Salt Lake County
94488,84128,UT,202508,1881.6,0.0134,0.027,West Valley City,"Salt Lake City, UT",Salt Lake County
94488,84128,UT,202509,1855.42,-0.0139,0.003,West Valley City,"Salt Lake City, UT",Salt Lake County
94488,84128,UT,202510,1847.51,-0.0043,0.0157,West Valley City,"Salt Lake City, UT",Salt Lake County
94488,84128,UT,202511,1856.89,0.0051,0.0502,West Valley City,"Salt Lake City, UT",Salt Lake County
94488,84128,UT,202512,1812.96,-0.0237,0.06,West Valley City,"Salt Lake City, UT",Salt Lake County
94488,84128,UT,202601,1781.2,-0.0175,0.0073,West Valley City,"Salt Lake City, UT",Salt Lake County
94488,84128,UT,202602,1707.82,-0.0412,-0.045,West Valley City,"Salt Lake City, UT",Salt Lake County
94488,84128,UT,202603,1716.74,0.0052,-0.0601,West Valley City,"Salt Lake City, UT",Salt Lake County
94488,84128,UT,202604,1743.66,0.0157,-0.024,West Valley City,"Salt Lake City, UT",Salt Lake County
94488,84128,UT,202605,1851.91,0.0621,0.0193,West Valley City,"Salt Lake City, UT",Salt Lake County
94488,84128,UT,202606,1913.82,0.0334,0.0577,West Valley City,"Salt Lake City, UT",Salt Lake County
94488,84128,UT,202607,1911.18,-0.0014,0.0294,West Valley City,"Salt Lake City, UT",Salt Lake County
94488,84128,UT,202608,1892.37,-0.0098,0.0057,West Valley City,"Salt Lake City, UT",Salt Lake County
94520,84302,UT,202606,1631.05,,,Brigham City,"Ogden-Clearfield, UT",Box Elder County
94520,84302,UT,202607,1688.63,0.0353,,Brigham City,"Ogden-Clearfield, UT",Box Elder County
94520,84302,UT,202608,1618.89,-0.0413,,Brigham City,"Ogden-Clearfield, UT",Box Elder County
94538,84321,UT,202401,1147.75,,,Logan,"Logan, UT-ID",Cache County
94538,84321,UT,202402,1158.86,0.0097,,Logan,"Logan, UT-ID",Cache County
94538,84321,UT,202403,1170.9,0.0104,,Logan,"Logan, UT-ID",Cache County
94538,84321,UT,202404,1172.67,0.0015,,Logan,"Logan, UT-ID",Cache County
94538,84321,UT,202405,1164.04,-0.0074,,Logan,"Logan, UT-ID",Cache County
94538,84321,UT,202406,1175.14,0.0095,,Logan,"Logan, UT-ID",Cache County
94538,84321,UT,202407,1184.33,0.0078,,Logan,"Logan, UT-ID",Cache County
94538,84321,UT,202408,1197.37,0.011,,Logan,"Logan, UT-ID",Cache County
94538,84321,UT,202409,1203.98,0.0055,,Logan,"Logan, UT-ID",Cache County
94538,84321,UT,202410,1201.23,-0.0023,,Logan,"Logan, UT-ID",Cache County
94538,84321,UT,202411,1195.71,-0.0046,,Logan,"Logan, UT-ID",Cache County
94538,84321,UT,202412,1160.78,-0.0292,,Logan,"Logan, UT-ID",Cache County
94538,84321,UT,202501,1150.36,-0.009,0.0023,Logan,"Logan, UT-ID",Cache County
94538,84321,UT,202502,1152.95,0.0022,-0.0051,Logan,"Logan, UT-ID",Cache County
94538,84321,UT,202503,1190.05,0.0322,0.0163,Logan,"Logan, UT-ID",Cache County
94538,84321,UT,202504,1216.48,0.0222,0.0374,Logan,"Logan, UT-ID",Cache County
94538,84321,UT,202505,1229.77,0.0109,0.0565,Logan,"Logan, UT-ID",Cache County
94538,84321,UT,202506,1244.89,0.0123,0.0594,Logan,"Logan, UT-ID",Cache County
94538,84321,UT,202507,1254.01,0.0073,0.0588,Logan,"Logan, UT-ID",Cache County
94538,84321,UT,202508,1253.3,-0.0006,0.0467,Logan,"Logan, UT-ID",Cache County
94538,84321,UT,202509,1243.87,-0.0075,0.0331,Logan,"Logan, UT-ID",Cache County
94538,84321,UT,202510,1221.55,-0.0179,0.0169,Logan,"Logan, UT-ID",Cache County
94538,84321,UT,202511,1224.9,0.0027,0.0244,Logan,"Logan, UT-ID",Cache County
94538,84321,UT,202512,1214.18,-0.0088,0.046,Logan,"Logan, UT-ID",Cache County
94538,84321,UT,202601,1214.68,0.0004,0.0559,Logan,"Logan, UT-ID",Cache County
94538,84321,UT,202602,1264.16,0.0407,0.0965,Logan,"Logan, UT-ID",Cache County
94538,84321,UT,202603,1280.14,0.0126,0.0757,Logan,"Logan, UT-ID",Cache County
94538,84321,UT,202604,1324.31,0.0345,0.0886,Logan,"Logan, UT-ID",Cache County
94538,84321,UT,202605,1282.26,-0.0317,0.0427,Logan,"Logan, UT-ID",Cache County
94538,84321,UT,202606,1304.92,0.0177,0.0482,Logan,"Logan, UT-ID",Cache County
94538,84321,UT,202607,1313.91,0.0069,0.0478,Logan,"Logan, UT-ID",Cache County
94538,84321,UT,202608,1314.41,0.0004,0.0488,Logan,"Logan, UT-ID",Cache County
94552,84335,UT,202608,1708.25,,,Smithfield,"Logan, UT-ID",Cache County
94554,84337,UT,202601,1347.56,,,Tremonton,"Ogden-Clearfield, UT",Box Elder County
94554,84337,UT,202602,1371.5,0.0178,,Tremonton,"Ogden-Clearfield, UT",Box Elder County
94554,84337,UT,202603,1429.95,0.0426,,Tremonton,"Ogden-Clearfield, UT",Box Elder County
94554,84337,UT,202604,1455.82,0.0181,,Tremonton,"Ogden-Clearfield, UT",Box Elder County
94554,84337,UT,202605,1430.94,-0.0171,,Tremonton,"Ogden-Clearfield, UT",Box Elder County
94554,84337,UT,202606,1379.22,-0.0361,,Tremonton,"Ogden-Clearfield, UT",Box Elder County
94554,84337,UT,202608,1361.67,-0.0127,,Tremonton,"Ogden-Clearfield, UT",Box Elder County
94558,84341,UT,202512,1507.41,,,North Logan,"Logan, UT-ID",Cache County
94558,84341,UT,202601,1439.24,-0.0452,,North Logan,"Logan, UT-ID",Cache County
94558,84341,UT,202602,1470.4,0.0217,,North Logan,"Logan, UT-ID",Cache County
94558,84341,UT,202603,1467.8,-0.0018,,North Logan,"Logan, UT-ID",Cache County
94558,84341,UT,202604,1512.89,0.0307,,North Logan,"Logan, UT-ID",Cache County
94558,84341,UT,202605,1520.06,0.0047,,North Logan,"Logan, UT-ID",Cache County
94558,84341,UT,202606,1547.08,0.0178,,North Logan,"Logan, UT-ID",Cache County
94558,84341,UT,202607,1545.52,-0.001,,North Logan,"Logan, UT-ID",Cache County
94558,84341,UT,202608,1536.56,-0.0058,,North Logan,"Logan, UT-ID",Cache County
94559,84401,UT,201604,649.15,,,Ogden,"Ogden-Clearfield, UT",Weber County
94559,84401,UT,201605,658.57,0.0145,,Ogden,"Ogden-Clearfield, UT",Weber County
94559,84401,UT,201606,687.82,0.0444,,Ogden,"Ogden-Clearfield, UT",Weber County
94559,84401,UT,201607,734.11,0.0673,,Ogden,"Ogden-Clearfield, UT",Weber County
94559,84401,UT,201608,730.39,-0.0051,,Ogden,"Ogden-Clearfield, UT",Weber County
94559,84401,UT,201609,721.74,-0.0119,,Ogden,"Ogden-Clearfield, UT",Weber County
94559,84401,UT,201610,727.2,0.0076,,Ogden,"Ogden-Clearfield, UT",Weber County
94559,84401,UT,201611,737.69,0.0144,,Ogden,"Ogden-Clearfield, UT",Weber County
94559,84401,UT,201612,739.86,0.0029,,Ogden,"Ogden-Clearfield, UT",Weber County
94559,84401,UT,201701,752.44,0.017,,Ogden,"Ogden-Clearfield, UT",Weber County
94559,84401,UT,201702,764.23,0.0157,,Ogden,"Ogden-Clearfield, UT",Weber County
94559,84401,UT,201703,777.69,0.0176,,Ogden,"Ogden-Clearfield, UT",Weber County
94559,84401,UT,201704,779.79,0.0027,0.2013,Ogden,"Ogden-Clearfield, UT",Weber County
94559,84401,UT,201705,767.05,-0.0163,0.1647,Ogden,"Ogden-Clearfield, UT",Weber County
94559,84401,UT,201706,775.46,0.011,0.1274,Ogden,"Ogden-Clearfield, UT",Weber County
94559,84401,UT,201707,766.02,-0.0122,0.0435,Ogden,"Ogden-Clearfield, UT",Weber County
94559,84401,UT,201708,773.26,0.0095,0.0587,Ogden,"Ogden-Clearfield, UT",Weber County
94559,84401,UT,201709,783.77,0.0136,0.086,Ogden,"Ogden-Clearfield, UT",Weber County
94559,84401,UT,201710,794.02,0.0131,0.0919,Ogden,"Ogden-Clearfield, UT",Weber County
94559,84401,UT,201711,797.97,0.005,0.0817,Ogden,"Ogden-Clearfield, UT",Weber County
94559,84401,UT,201712,785.46,-0.0157,0.0616,Ogden,"Ogden-Clearfield, UT",Weber County
94559,84401,UT,201801,790.52,0.0064,0.0506,Ogden,"Ogden-Clearfield, UT",Weber County
94559,84401,UT,201802,799.72,0.0116,0.0464,Ogden,"Ogden-Clearfield, UT",Weber County
94559,84401,UT,201803,832.81,0.0414,0.0709,Ogden,"Ogden-Clearfield, UT",Weber County
94559,84401,UT,201804,840.95,0.0098,0.0784,Ogden,"Ogden-Clearfield, UT",Weber County
94559,84401,UT,201805,848.24,0.0087,0.1058,Ogden,"Ogden-Clearfield, UT",Weber County
94559,84401,UT,201806,823.51,-0.0292,0.062,Ogden,"Ogden-Clearfield, UT",Weber County
94559,84401,UT,201807,826.94,0.0042,0.0795,Ogden,"Ogden-Clearfield, UT",Weber County
94559,84401,UT,201808,836.46,0.0115,0.0817,Ogden,"Ogden-Clearfield, UT",Weber County
94559,84401,UT,201809,858.7,0.0266,0.0956,Ogden,"Ogden-Clearfield, UT",Weber County
94559,84401,UT,201810,871.87,0.0153,0.0981,Ogden,"Ogden-Clearfield, UT",Weber County
94559,84401,UT,201811,873.61,0.002,0.0948,Ogden,"Ogden-Clearfield, UT",Weber County
94559,84401,UT,201901,904.0,0.0348,0.1509,Ogden,"Ogden-Clearfield, UT",Weber County
94559,84401,UT,201902,895.34,-0.0096,0.1326,Ogden,"Ogden-Clearfield, UT",Weber County
94559,84401,UT,201903,905.57,0.0114,0.1324,Ogden,"Ogden-Clearfield, UT",Weber County
94559,84401,UT,201904,905.53,-0.0,0.0873,Ogden,"Ogden-Clearfield, UT",Weber County
94559,84401,UT,201905,941.45,0.0397,0.1195,Ogden,"Ogden-Clearfield, UT",Weber County
94559,84401,UT,201906,955.66,0.0151,0.1266,Ogden,"Ogden-Clearfield, UT",Weber County
94559,84401,UT,201907,949.55,-0.0064,0.1531,Ogden,"Ogden-Clearfield, UT",Weber County
94559,84401,UT,201908,940.72,-0.0093,0.1376,Ogden,"Ogden-Clearfield, UT",Weber County
94559,84401,UT,201909,945.25,0.0048,0.1301,Ogden,"Ogden-Clearfield, UT",Weber County
94559,84401,UT,201910,959.34,0.0149,0.1172,Ogden,"Ogden-Clearfield, UT",Weber County
94559,84401,UT,201911,972.42,0.0136,0.1153,Ogden,"Ogden-Clearfield, UT",Weber County
94559,84401,UT,201912,968.38,-0.0042,0.1085,Ogden,"Ogden-Clearfield, UT",Weber County
94559,84401,UT,202001,974.2,0.006,0.0776,Ogden,"Ogden-Clearfield, UT",Weber County
94559,84401,UT,202002,976.13,0.002,0.0902,Ogden,"Ogden-Clearfield, UT",Weber County
94559,84401,UT,202003,976.96,0.0009,0.0788,Ogden,"Ogden-Clearfield, UT",Weber County
94559,84401,UT,202004,985.72,0.009,0.0886,Ogden,"Ogden-Clearfield, UT",Weber County
94559,84401,UT,202005,1001.27,0.0158,0.0635,Ogden,"Ogden-Clearfield, UT",Weber County
94559,84401,UT,202006,1022.59,0.0213,0.07,Ogden,"Ogden-Clearfield, UT",Weber County
94559,84401,UT,202007,1031.23,0.0084,0.086,Ogden,"Ogden-Clearfield, UT",Weber County
94559,84401,UT,202008,1028.53,-0.0026,0.0934,Ogden,"Ogden-Clearfield, UT",Weber County
94559,84401,UT,202009,1025.2,-0.0032,0.0846,Ogden,"Ogden-Clearfield, UT",Weber County
94559,84401,UT,202010,1025.72,0.0005,0.0692,Ogden,"Ogden-Clearfield, UT",Weber County
94559,84401,UT,202011,1037.58,0.0116,0.067,Ogden,"Ogden-Clearfield, UT",Weber County
94559,84401,UT,202012,1033.68,-0.0038,0.0674,Ogden,"Ogden-Clearfield, UT",Weber County
94559,84401,UT,202101,1030.14,-0.0034,0.0574,Ogden,"Ogden-Clearfield, UT",Weber County
94559,84401,UT,202102,1045.97,0.0154,0.0715,Ogden,"Ogden-Clearfield, UT",Weber County
94559,84401,UT,202103,1085.5,0.0378,0.1111,Ogden,"Ogden-Clearfield, UT",Weber County
94559,84401,UT,202104,1137.6,0.048,0.1541,Ogden,"Ogden-Clearfield, UT",Weber County
94559,84401,UT,202105,1162.47,0.0219,0.161,Ogden,"Ogden-Clearfield, UT",Weber County
94559,84401,UT,202106,1189.05,0.0229,0.1628,Ogden,"Ogden-Clearfield, UT",Weber County
94559,84401,UT,202107,1193.42,0.0037,0.1573,Ogden,"Ogden-Clearfield, UT",Weber County
94559,84401,UT,202108,1202.58,0.0077,0.1692,Ogden,"Ogden-Clearfield, UT",Weber County
94559,84401,UT,202109,1225.09,0.0187,0.195,Ogden,"Ogden-Clearfield, UT",Weber County
94559,84401,UT,202110,1234.6,0.0078,0.2036,Ogden,"Ogden-Clearfield, UT",Weber County
94559,84401,UT,202111,1232.61,-0.0016,0.188,Ogden,"Ogden-Clearfield, UT",Weber County
94559,84401,UT,202112,1225.95,-0.0054,0.186,Ogden,"Ogden-Clearfield, UT",Weber County
94559,84401,UT,202201,1242.41,0.0134,0.2061,Ogden,"Ogden-Clearfield, UT",Weber County
94559,84401,UT,202202,1265.28,0.0184,0.2097,Ogden,"Ogden-Clearfield, UT",Weber County
94559,84401,UT,202203,1276.3,0.0087,0.1758,Ogden,"Ogden-Clearfield, UT",Weber County
94559,84401,UT,202204,1295.37,0.0149,0.1387,Ogden,"Ogden-Clearfield, UT",Weber County
94559,84401,UT,202205,1320.12,0.0191,0.1356,Ogden,"Ogden-Clearfield, UT",Weber County
94559,84401,UT,202206,1339.24,0.0145,0.1263,Ogden,"Ogden-Clearfield, UT",Weber County
94559,84401,UT,202207,1342.81,0.0027,0.1252,Ogden,"Ogden-Clearfield, UT",Weber County
94559,84401,UT,202208,1342.64,-0.0001,0.1165,Ogden,"Ogden-Clearfield, UT",Weber County
94559,84401,UT,202209,1337.86,-0.0036,0.0921,Ogden,"Ogden-Clearfield, UT",Weber County
94559,84401,UT,202210,1334.54,-0.0025,0.0809,Ogden,"Ogden-Clearfield, UT",Weber County
94559,84401,UT,202211,1313.87,-0.0155,0.0659,Ogden,"Ogden-Clearfield, UT",Weber County
94559,84401,UT,202212,1310.32,-0.0027,0.0688,Ogden,"Ogden-Clearfield, UT",Weber County
94559,84401,UT,202301,1321.62,0.0086,0.0638,Ogden,"Ogden-Clearfield, UT",Weber County
94559,84401,UT,202302,1352.03,0.023,0.0686,Ogden,"Ogden-Clearfield, UT",Weber County
94559,84401,UT,202303,1377.6,0.0189,0.0794,Ogden,"Ogden-Clearfield, UT",Weber County
94559,84401,UT,202304,1381.72,0.003,0.0667,Ogden,"Ogden-Clearfield, UT",Weber County
94559,84401,UT,202305,1381.28,-0.0003,0.0463,Ogden,"Ogden-Clearfield, UT",Weber County
94559,84401,UT,202306,1380.8,-0.0003,0.031,Ogden,"Ogden-Clearfield, UT",Weber County
94559,84401,UT,202307,1390.44,0.007,0.0355,Ogden,"Ogden-Clearfield, UT",Weber County
94559,84401,UT,202308,1378.4,-0.0087,0.0266,Ogden,"Ogden-Clearfield, UT",Weber County
94559,84401,UT,202309,1367.56,-0.0079,0.0222,Ogden,"Ogden-Clearfield, UT",Weber County
94559,84401,UT,202310,1357.33,-0.0075,0.0171,Ogden,"Ogden-Clearfield, UT",Weber County
94559,84401,UT,202311,1360.28,0.0022,0.0353,Ogden,"Ogden-Clearfield, UT",Weber County
94559,84401,UT,202312,1362.07,0.0013,0.0395,Ogden,"Ogden-Clearfield, UT",Weber County
94559,84401,UT,202401,1350.16,-0.0087,0.0216,Ogden,"Ogden-Clearfield, UT",Weber County
94559,84401,UT,202402,1360.75,0.0078,0.0064,Ogden,"Ogden-Clearfield, UT",Weber County
94559,84401,UT,202403,1361.3,0.0004,-0.0118,Ogden,"Ogden-Clearfield, UT",Weber County
94559,84401,UT,202404,1382.2,0.0154,0.0003,Ogden,"Ogden-Clearfield, UT",Weber County
94559,84401,UT,202405,1383.58,0.001,0.0017,Ogden,"Ogden-Clearfield, UT",Weber County
94559,84401,UT,202406,1389.79,0.0045,0.0065,Ogden,"Ogden-Clearfield, UT",Weber County
94559,84401,UT,202407,1384.71,-0.0037,-0.0041,Ogden,"Ogden-Clearfield, UT",Weber County
94559,84401,UT,202408,1385.79,0.0008,0.0054,Ogden,"Ogden-Clearfield, UT",Weber County
94559,84401,UT,202409,1385.85,0.0,0.0134,Ogden,"Ogden-Clearfield, UT",Weber County
94559,84401,UT,202410,1377.79,-0.0058,0.0151,Ogden,"Ogden-Clearfield, UT",Weber County
94559,84401,UT,202411,1376.88,-0.0007,0.0122,Ogden,"Ogden-Clearfield, UT",Weber County
94559,84401,UT,202412,1383.77,0.005,0.0159,Ogden,"Ogden-Clearfield, UT",Weber County
94559,84401,UT,202501,1381.28,-0.0018,0.023,Ogden,"Ogden-Clearfield, UT",Weber County
94559,84401,UT,202502,1388.82,0.0055,0.0206,Ogden,"Ogden-Clearfield, UT",Weber County
94559,84401,UT,202503,1388.84,0.0,0.0202,Ogden,"Ogden-Clearfield, UT",Weber County
94559,84401,UT,202504,1407.54,0.0135,0.0183,Ogden,"Ogden-Clearfield, UT",Weber County
94559,84401,UT,202505,1407.37,-0.0001,0.0172,Ogden,"Ogden-Clearfield, UT",Weber County
94559,84401,UT,202506,1408.5,0.0008,0.0135,Ogden,"Ogden-Clearfield, UT",Weber County
94559,84401,UT,202507,1408.35,-0.0001,0.0171,Ogden,"Ogden-Clearfield, UT",Weber County
94559,84401,UT,202508,1407.7,-0.0005,0.0158,Ogden,"Ogden-Clearfield, UT",Weber County
94559,84401,UT,202509,1404.61,-0.0022,0.0135,Ogden,"Ogden-Clearfield, UT",Weber County
94559,84401,UT,202510,1397.49,-0.0051,0.0143,Ogden,"Ogden-Clearfield, UT",Weber County
94559,84401,UT,202511,1388.06,-0.0067,0.0081,Ogden,"Ogden-Clearfield, UT",Weber County
94559,84401,UT,202512,1393.3,0.0038,0.0069,Ogden,"Ogden-Clearfield, UT",Weber County
94559,84401,UT,202601,1386.16,-0.0051,0.0035,Ogden,"Ogden-Clearfield, UT",Weber County
94559,84401,UT,202602,1406.81,0.0149,0.013,Ogden,"Ogden-Clearfield, UT",Weber County
94559,84401,UT,202603,1412.63,0.0041,0.0171,Ogden,"Ogden-Clearfield, UT",Weber County
94559,84401,UT,202604,1439.24,0.0188,0.0225,Ogden,"Ogden-Clearfield, UT",Weber County
94559,84401,UT,202605,1429.15,-0.007,0.0155,Ogden,"Ogden-Clearfield, UT",Weber County
94559,84401,UT,202606,1417.47,-0.0082,0.0064,Ogden,"Ogden-Clearfield, UT",Weber County
94559,84401,UT,202607,1416.9,-0.0004,0.0061,Ogden,"Ogden-Clearfield, UT",Weber County
94559,84401,UT,202608,1432.41,0.0109,0.0176,Ogden,"Ogden-Clearfield, UT",Weber County
94561,84403,UT,202202,1224.08,,,Ogden,"Ogden-Clearfield, UT",Weber County
94561,84403,UT,202203,1227.83,0.0031,,Ogden,"Ogden-Clearfield, UT",Weber County
94561,84403,UT,202204,1264.68,0.03,,Ogden,"Ogden-Clearfield, UT",Weber County
94561,84403,UT,202205,1291.37,0.0211,,Ogden,"Ogden-Clearfield, UT",Weber County
94561,84403,UT,202206,1269.32,-0.0171,,Ogden,"Ogden-Clearfield, UT",Weber County
94561,84403,UT,202207,1239.98,-0.0231,,Ogden,"Ogden-Clearfield, UT",Weber County
94561,84403,UT,202208,1244.38,0.0035,,Ogden,"Ogden-Clearfield, UT",Weber County
94561,84403,UT,202209,1261.36,0.0136,,Ogden,"Ogden-Clearfield, UT",Weber County
94561,84403,UT,202210,1302.18,0.0324,,Ogden,"Ogden-Clearfield, UT",Weber County
94561,84403,UT,202211,1295.51,-0.0051,,Ogden,"Ogden-Clearfield, UT",Weber County
94561,84403,UT,202212,1289.41,-0.0047,,Ogden,"Ogden-Clearfield, UT",Weber County
94561,84403,UT,202301,1277.7,-0.0091,,Ogden,"Ogden-Clearfield, UT",Weber County
94561,84403,UT,202302,1291.81,0.011,0.0553,Ogden,"Ogden-Clearfield, UT",Weber County
94561,84403,UT,202303,1305.39,0.0105,0.0632,Ogden,"Ogden-Clearfield, UT",Weber County
94561,84403,UT,202304,1345.03,0.0304,0.0635,Ogden,"Ogden-Clearfield, UT",Weber County
94561,84403,UT,202305,1343.35,-0.0013,0.0403,Ogden,"Ogden-Clearfield, UT",Weber County
94561,84403,UT,202306,1369.92,0.0198,0.0793,Ogden,"Ogden-Clearfield, UT",Weber County
94561,84403,UT,202307,1344.12,-0.0188,0.084,Ogden,"Ogden-Clearfield, UT",Weber County
94561,84403,UT,202308,1394.24,0.0373,0.1204,Ogden,"Ogden-Clearfield, UT",Weber County
94561,84403,UT,202309,1378.14,-0.0115,0.0926,Ogden,"Ogden-Clearfield, UT",Weber County
94561,84403,UT,202310,1374.98,-0.0023,0.0559,Ogden,"Ogden-Clearfield, UT",Weber County
94561,84403,UT,202311,1371.54,-0.0025,0.0587,Ogden,"Ogden-Clearfield, UT",Weber County
94561,84403,UT,202312,1388.5,0.0124,0.0769,Ogden,"Ogden-Clearfield, UT",Weber County
94561,84403,UT,202401,1401.57,0.0094,0.097,Ogden,"Ogden-Clearfield, UT",Weber County
94561,84403,UT,202402,1377.57,-0.0171,0.0664,Ogden,"Ogden-Clearfield, UT",Weber County
94561,84403,UT,202403,1357.33,-0.0147,0.0398,Ogden,"Ogden-Clearfield, UT",Weber County
94561,84403,UT,202404,1356.68,-0.0005,0.0087,Ogden,"Ogden-Clearfield, UT",Weber County
94561,84403,UT,202405,1366.46,0.0072,0.0172,Ogden,"Ogden-Clearfield, UT",Weber County
94561,84403,UT,202406,1380.2,0.0101,0.0075,Ogden,"Ogden-Clearfield, UT",Weber County
94561,84403,UT,202407,1381.44,0.0009,0.0278,Ogden,"Ogden-Clearfield, UT",Weber County
94561,84403,UT,202408,1364.87,-0.012,-0.0211,Ogden,"Ogden-Clearfield, UT",Weber County
94561,84403,UT,202409,1364.27,-0.0004,-0.0101,Ogden,"Ogden-Clearfield, UT",Weber County
94561,84403,UT,202410,1355.8,-0.0062,-0.0139,Ogden,"Ogden-Clearfield, UT",Weber County
94561,84403,UT,202411,1383.71,0.0206,0.0089,Ogden,"Ogden-Clearfield, UT",Weber County
94561,84403,UT,202412,1415.33,0.0229,0.0193,Ogden,"Ogden-Clearfield, UT",Weber County
94561,84403,UT,202501,1439.28,0.0169,0.0269,Ogden,"Ogden-Clearfield, UT",Weber County
94561,84403,UT,202502,1435.58,-0.0026,0.0421,Ogden,"Ogden-Clearfield, UT",Weber County
94561,84403,UT,202503,1401.0,-0.0241,0.0322,Ogden,"Ogden-Clearfield, UT",Weber County
94561,84403,UT,202504,1398.1,-0.0021,0.0305,Ogden,"Ogden-Clearfield, UT",Weber County
94561,84403,UT,202505,1393.95,-0.003,0.0201,Ogden,"Ogden-Clearfield, UT",Weber County
94561,84403,UT,202506,1402.05,0.0058,0.0158,Ogden,"Ogden-Clearfield, UT",Weber County
94561,84403,UT,202507,1390.24,-0.0084,0.0064,Ogden,"Ogden-Clearfield, UT",Weber County
94561,84403,UT,202508,1409.85,0.0141,0.033,Ogden,"Ogden-Clearfield, UT",Weber County
94561,84403,UT,202509,1443.34,0.0238,0.058,Ogden,"Ogden-Clearfield, UT",Weber County
94561,84403,UT,202510,1452.47,0.0063,0.0713,Ogden,"Ogden-Clearfield, UT",Weber County
94561,84403,UT,202511,1451.42,-0.0007,0.0489,Ogden,"Ogden-Clearfield, UT",Weber County
94561,84403,UT,202512,1381.76,-0.048,-0.0237,Ogden,"Ogden-Clearfield, UT",Weber County
94561,84403,UT,202601,1390.55,0.0064,-0.0339,Ogden,"Ogden-Clearfield, UT",Weber County
94561,84403,UT,202602,1383.74,-0.0049,-0.0361,Ogden,"Ogden-Clearfield, UT",Weber County
94561,84403,UT,202603,1430.49,0.0338,0.021,Ogden,"Ogden-Clearfield, UT",Weber County
94561,84403,UT,202604,1412.37,-0.0127,0.0102,Ogden,"Ogden-Clearfield, UT",Weber County
94561,84403,UT,202605,1423.03,0.0075,0.0209,Ogden,"Ogden-Clearfield, UT",Weber County
94561,84403,UT,202606,1413.41,-0.0068,0.0081,Ogden,"Ogden-Clearfield, UT",Weber County
94561,84403,UT,202607,1426.0,0.0089,0.0257,Ogden,"Ogden-Clearfield, UT",Weber County
94561,84403,UT,202608,1420.37,-0.0039,0.0075,Ogden,"Ogden-Clearfield, UT",Weber County
94562,84404,UT,202210,1419.75,,,Ogden,"Ogden-Clearfield, UT",Weber County
94562,84404,UT,202211,1421.89,0.0015,,Ogden,"Ogden-Clearfield, UT",Weber County
94562,84404,UT,202212,1423.96,0.0015,,Ogden,"Ogden-Clearfield, UT",Weber County
94562,84404,UT,202301,1436.63,0.0089,,Ogden,"Ogden-Clearfield, UT",Weber County
94562,84404,UT,202302,1436.15,-0.0003,,Ogden,"Ogden-Clearfield, UT",Weber County
94562,84404,UT,202303,1458.15,0.0153,,Ogden,"Ogden-Clearfield, UT",Weber County
94562,84404,UT,202304,1456.59,-0.0011,,Ogden,"Ogden-Clearfield, UT",Weber County
94562,84404,UT,202305,1449.38,-0.005,,Ogden,"Ogden-Clearfield, UT",Weber County
94562,84404,UT,202306,1453.28,0.0027,,Ogden,"Ogden-Clearfield, UT",Weber County
94562,84404,UT,202307,1469.9,0.0114,,Ogden,"Ogden-Clearfield, UT",Weber County
94562,84404,UT,202308,1513.8,0.0299,,Ogden,"Ogden-Clearfield, UT",Weber County
94562,84404,UT,202309,1496.83,-0.0112,,Ogden,"Ogden-Clearfield, UT",Weber County
94562,84404,UT,202310,1487.42,-0.0063,0.0477,Ogden,"Ogden-Clearfield, UT",Weber County
94562,84404,UT,202311,1467.19,-0.0136,0.0319,Ogden,"Ogden-Clearfield, UT",Weber County
94562,84404,UT,202312,1474.53,0.005,0.0355,Ogden,"Ogden-Clearfield, UT",Weber County
94562,84404,UT,202401,1488.68,0.0096,0.0362,Ogden,"Ogden-Clearfield, UT",Weber County
94562,84404,UT,202402,1473.74,-0.01,0.0262,Ogden,"Ogden-Clearfield, UT",Weber County
94562,84404,UT,202403,1459.41,-0.0097,0.0009,Ogden,"Ogden-Clearfield, UT",Weber County
94562,84404,UT,202404,1463.19,0.0026,0.0045,Ogden,"Ogden-Clearfield, UT",Weber County
94562,84404,UT,202405,1486.19,0.0157,0.0254,Ogden,"Ogden-Clearfield, UT",Weber County
94562,84404,UT,202406,1520.29,0.0229,0.0461,Ogden,"Ogden-Clearfield, UT",Weber County
94562,84404,UT,202407,1519.94,-0.0002,0.034,Ogden,"Ogden-Clearfield, UT",Weber County
94562,84404,UT,202408,1520.18,0.0002,0.0042,Ogden,"Ogden-Clearfield, UT",Weber County
94562,84404,UT,202409,1523.16,0.002,0.0176,Ogden,"Ogden-Clearfield, UT",Weber County
94562,84404,UT,202410,1522.46,-0.0005,0.0236,Ogden,"Ogden-Clearfield, UT",Weber County
94562,84404,UT,202411,1519.87,-0.0017,0.0359,Ogden,"Ogden-Clearfield, UT",Weber County
94562,84404,UT,202412,1506.73,-0.0086,0.0218,Ogden,"Ogden-Clearfield, UT",Weber County
94562,84404,UT,202501,1514.01,0.0048,0.017,Ogden,"Ogden-Clearfield, UT",Weber County
94562,84404,UT,202502,1534.2,0.0133,0.041,Ogden,"Ogden-Clearfield, UT",Weber County
94562,84404,UT,202503,1549.15,0.0097,0.0615,Ogden,"Ogden-Clearfield, UT",Weber County
94562,84404,UT,202504,1557.69,0.0055,0.0646,Ogden,"Ogden-Clearfield, UT",Weber County
94562,84404,UT,202505,1529.42,-0.0181,0.0291,Ogden,"Ogden-Clearfield, UT",Weber County
94562,84404,UT,202506,1535.68,0.0041,0.0101,Ogden,"Ogden-Clearfield, UT",Weber County
94562,84404,UT,202507,1547.63,0.0078,0.0182,Ogden,"Ogden-Clearfield, UT",Weber County
94562,84404,UT,202508,1580.68,0.0214,0.0398,Ogden,"Ogden-Clearfield, UT",Weber County
94562,84404,UT,202509,1596.16,0.0098,0.0479,Ogden,"Ogden-Clearfield, UT",Weber County
94562,84404,UT,202510,1592.61,-0.0022,0.0461,Ogden,"Ogden-Clearfield, UT",Weber County
94562,84404,UT,202511,1578.57,-0.0088,0.0386,Ogden,"Ogden-Clearfield, UT",Weber County
94562,84404,UT,202512,1574.16,-0.0028,0.0448,Ogden,"Ogden-Clearfield, UT",Weber County
94562,84404,UT,202601,1568.25,-0.0038,0.0358,Ogden,"Ogden-Clearfield, UT",Weber County
94562,84404,UT,202602,1589.05,0.0133,0.0358,Ogden,"Ogden-Clearfield, UT",Weber County
94562,84404,UT,202603,1576.98,-0.0076,0.018,Ogden,"Ogden-Clearfield, UT",Weber County
94562,84404,UT,202604,1573.41,-0.0023,0.0101,Ogden,"Ogden-Clearfield, UT",Weber County
94562,84404,UT,202605,1560.24,-0.0084,0.0201,Ogden,"Ogden-Clearfield, UT",Weber County
94562,84404,UT,202606,1571.27,0.0071,0.0232,Ogden,"Ogden-Clearfield, UT",Weber County
94562,84404,UT,202607,1597.61,0.0168,0.0323,Ogden,"Ogden-Clearfield, UT",Weber County
94562,84404,UT,202608,1601.11,0.0022,0.0129,Ogden,"Ogden-Clearfield, UT",Weber County
94563,84405,UT,202304,1362.68,,,Washington Terrace,"Ogden-Clearfield, UT",Weber County
94563,84405,UT,202305,1369.89,0.0053,,Washington Terrace,"Ogden-Clearfield, UT",Weber County
94563,84405,UT,202306,1366.76,-0.0023,,Washington Terrace,"Ogden-Clearfield, UT",Weber County
94563,84405,UT,202307,1349.4,-0.0127,,Washington Terrace,"Ogden-Clearfield, UT",Weber County
94563,84405,UT,202308,1336.12,-0.0098,,Washington Terrace,"Ogden-Clearfield, UT",Weber County
94563,84405,UT,202309,1314.91,-0.0159,,Washington Terrace,"Ogden-Clearfield, UT",Weber County
94563,84405,UT,202310,1333.17,0.0139,,Washington Terrace,"Ogden-Clearfield, UT",Weber County
94563,84405,UT,202311,1314.18,-0.0142,,Washington Terrace,"Ogden-Clearfield, UT",Weber County
94563,84405,UT,202312,1298.92,-0.0116,,Washington Terrace,"Ogden-Clearfield, UT",Weber County
94563,84405,UT,202401,1292.01,-0.0053,,Washington Terrace,"Ogden-Clearfield, UT",Weber County
94563,84405,UT,202402,1322.97,0.024,,Washington Terrace,"Ogden-Clearfield, UT",Weber County
94563,84405,UT,202403,1366.77,0.0331,,Washington Terrace,"Ogden-Clearfield, UT",Weber County
94563,84405,UT,202404,1375.83,0.0066,0.0096,Washington Terrace,"Ogden-Clearfield, UT",Weber County
94563,84405,UT,202405,1359.56,-0.0118,-0.0075,Washington Terrace,"Ogden-Clearfield, UT",Weber County
94563,84405,UT,202406,1357.41,-0.0016,-0.0068,Washington Terrace,"Ogden-Clearfield, UT",Weber County
94563,84405,UT,202407,1353.36,-0.003,0.0029,Washington Terrace,"Ogden-Clearfield, UT",Weber County
94563,84405,UT,202408,1355.48,0.0016,0.0145,Washington Terrace,"Ogden-Clearfield, UT",Weber County
94563,84405,UT,202409,1343.72,-0.0087,0.0219,Washington Terrace,"Ogden-Clearfield, UT",Weber County
94563,84405,UT,202410,1362.34,0.0139,0.0219,Washington Terrace,"Ogden-Clearfield, UT",Weber County
94563,84405,UT,202411,1422.38,0.0441,0.0823,Washington Terrace,"Ogden-Clearfield, UT",Weber County
94563,84405,UT,202412,1399.64,-0.016,0.0775,Washington Terrace,"Ogden-Clearfield, UT",Weber County
94563,84405,UT,202501,1375.99,-0.0169,0.065,Washington Terrace,"Ogden-Clearfield, UT",Weber County
94563,84405,UT,202502,1301.57,-0.0541,-0.0162,Washington Terrace,"Ogden-Clearfield, UT",Weber County
94563,84405,UT,202503,1314.44,0.0099,-0.0383,Washington Terrace,"Ogden-Clearfield, UT",Weber County
94563,84405,UT,202504,1355.56,0.0313,-0.0147,Washington Terrace,"Ogden-Clearfield, UT",Weber County
94563,84405,UT,202505,1388.68,0.0244,0.0214,Washington Terrace,"Ogden-Clearfield, UT",Weber County
94563,84405,UT,202506,1424.37,0.0257,0.0493,Washington Terrace,"Ogden-Clearfield, UT",Weber County
94563,84405,UT,202507,1404.53,-0.0139,0.0378,Washington Terrace,"Ogden-Clearfield, UT",Weber County
94563,84405,UT,202508,1399.99,-0.0032,0.0328,Washington Terrace,"Ogden-Clearfield, UT",Weber County
94563,84405,UT,202509,1353.03,-0.0335,0.0069,Washington Terrace,"Ogden-Clearfield, UT",Weber County
94563,84405,UT,202510,1341.76,-0.0083,-0.0151,Washington Terrace,"Ogden-Clearfield, UT",Weber County
94563,84405,UT,202511,1330.07,-0.0087,-0.0649,Washington Terrace,"Ogden-Clearfield, UT",Weber County
94563,84405,UT,202512,1383.62,0.0403,-0.0114,Washington Terrace,"Ogden-Clearfield, UT",Weber County
94563,84405,UT,202601,1398.54,0.0108,0.0164,Washington Terrace,"Ogden-Clearfield, UT",Weber County
94563,84405,UT,202602,1418.84,0.0145,0.0901,Washington Terrace,"Ogden-Clearfield, UT",Weber County
94563,84405,UT,202603,1386.8,-0.0226,0.0551,Washington Terrace,"Ogden-Clearfield, UT",Weber County
94563,84405,UT,202604,1395.4,0.0062,0.0294,Washington Terrace,"Ogden-Clearfield, UT",Weber County
94563,84405,UT,202605,1396.26,0.0006,0.0055,Washington Terrace,"Ogden-Clearfield, UT",Weber County
94563,84405,UT,202606,1403.83,0.0054,-0.0144,Washington Terrace,"Ogden-Clearfield, UT",Weber County
94563,84405,UT,202607,1409.79,0.0042,0.0038,Washington Terrace,"Ogden-Clearfield, UT",Weber County
94563,84405,UT,202608,1410.64,0.0006,0.0076,Washington Terrace,"Ogden-Clearfield, UT",Weber County
94568,84414,UT,202512,1465.74,,,North Ogden,"Ogden-Clearfield, UT",Weber County
94568,84414,UT,202601,1496.36,0.0209,,North Ogden,"Ogden-Clearfield, UT",Weber County
94568,84414,UT,202603,1505.27,0.006,,North Ogden,"Ogden-Clearfield, UT",Weber County
94568,84414,UT,202604,1582.12,0.0511,,North Ogden,"Ogden-Clearfield, UT",Weber County
94568,84414,UT,202606,1777.47,0.1235,,North Ogden,"Ogden-Clearfield, UT",Weber County
94568,84414,UT,202607,1789.77,0.0069,,North Ogden,"Ogden-Clearfield, UT",Weber County
94568,84414,UT,202608,1811.33,0.012,,North Ogden,"Ogden-Clearfield, UT",Weber County
94598,84601,UT,202301,1282.35,,,Provo,"Provo-Orem, UT",Utah County
94598,84601,UT,202302,1307.6,0.0197,,Provo,"Provo-Orem, UT",Utah County
94598,84601,UT,202303,1310.07,0.0019,,Provo,"Provo-Orem, UT",Utah County
94598,84601,UT,202304,1338.99,0.0221,,Provo,"Provo-Orem, UT",Utah County
94598,84601,UT,202305,1327.48,-0.0086,,Provo,"Provo-Orem, UT",Utah County
94598,84601,UT,202306,1331.92,0.0033,,Provo,"Provo-Orem, UT",Utah County
94598,84601,UT,202307,1316.59,-0.0115,,Provo,"Provo-Orem, UT",Utah County
94598,84601,UT,202308,1289.78,-0.0204,,Provo,"Provo-Orem, UT",Utah County
94598,84601,UT,202309,1261.58,-0.0219,,Provo,"Provo-Orem, UT",Utah County
94598,84601,UT,202310,1289.91,0.0225,,Provo,"Provo-Orem, UT",Utah County
94598,84601,UT,202311,1321.68,0.0246,,Provo,"Provo-Orem, UT",Utah County
94598,84601,UT,202312,1348.48,0.0203,,Provo,"Provo-Orem, UT",Utah County
94598,84601,UT,202401,1333.72,-0.0109,0.0401,Provo,"Provo-Orem, UT",Utah County
94598,84601,UT,202402,1354.43,0.0155,0.0358,Provo,"Provo-Orem, UT",Utah County
94598,84601,UT,202403,1369.17,0.0109,0.0451,Provo,"Provo-Orem, UT",Utah County
94598,84601,UT,202404,1357.92,-0.0082,0.0141,Provo,"Provo-Orem, UT",Utah County
94598,84601,UT,202405,1346.76,-0.0082,0.0145,Provo,"Provo-Orem, UT",Utah County
94598,84601,UT,202406,1357.81,0.0082,0.0194,Provo,"Provo-Orem, UT",Utah County
94598,84601,UT,202407,1390.47,0.0241,0.0561,Provo,"Provo-Orem, UT",Utah County
94598,84601,UT,202408,1407.23,0.0121,0.0911,Provo,"Provo-Orem, UT",Utah County
94598,84601,UT,202409,1393.24,-0.0099,0.1044,Provo,"Provo-Orem, UT",Utah County
94598,84601,UT,202410,1394.09,0.0006,0.0808,Provo,"Provo-Orem, UT",Utah County
94598,84601,UT,202411,1380.03,-0.0101,0.0441,Provo,"Provo-Orem, UT",Utah County
94598,84601,UT,202412,1404.24,0.0175,0.0414,Provo,"Provo-Orem, UT",Utah County
94598,84601,UT,202501,1397.34,-0.0049,0.0477,Provo,"Provo-Orem, UT",Utah County
94598,84601,UT,202502,1411.26,0.01,0.042,Provo,"Provo-Orem, UT",Utah County
94598,84601,UT,202503,1414.5,0.0023,0.0331,Provo,"Provo-Orem, UT",Utah County
94598,84601,UT,202504,1430.03,0.011,0.0531,Provo,"Provo-Orem, UT",Utah County
94598,84601,UT,202505,1431.28,0.0009,0.0628,Provo,"Provo-Orem, UT",Utah County
94598,84601,UT,202506,1415.48,-0.011,0.0425,Provo,"Provo-Orem, UT",Utah County
94598,84601,UT,202507,1436.7,0.015,0.0332,Provo,"Provo-Orem, UT",Utah County
94598,84601,UT,202508,1440.91,0.0029,0.0239,Provo,"Provo-Orem, UT",Utah County
94598,84601,UT,202509,1443.41,0.0017,0.036,Provo,"Provo-Orem, UT",Utah County
94598,84601,UT,202510,1412.98,-0.0211,0.0136,Provo,"Provo-Orem, UT",Utah County
94598,84601,UT,202511,1423.2,0.0072,0.0313,Provo,"Provo-Orem, UT",Utah County
94598,84601,UT,202512,1444.47,0.0149,0.0286,Provo,"Provo-Orem, UT",Utah County
94598,84601,UT,202601,1490.94,0.0322,0.067,Provo,"Provo-Orem, UT",Utah County
94598,84601,UT,202602,1481.78,-0.0061,0.05,Provo,"Provo-Orem, UT",Utah County
94598,84601,UT,202603,1486.17,0.003,0.0507,Provo,"Provo-Orem, UT",Utah County
94598,84601,UT,202604,1468.91,-0.0116,0.0272,Provo,"Provo-Orem, UT",Utah County
94598,84601,UT,202605,1493.36,0.0166,0.0434,Provo,"Provo-Orem, UT",Utah County
94598,84601,UT,202606,1483.78,-0.0064,0.0483,Provo,"Provo-Orem, UT",Utah County
94598,84601,UT,202607,1485.74,0.0013,0.0341,Provo,"Provo-Orem, UT",Utah County
94598,84601,UT,202608,1469.52,-0.0109,0.0199,Provo,"Provo-Orem, UT",Utah County
94601,84604,UT,202312,1558.73,,,Provo,"Provo-Orem, UT",Utah County
94601,84604,UT,202401,1581.28,0.0145,,Provo,"Provo-Orem, UT",Utah County
94601,84604,UT,202402,1590.9,0.0061,,Provo,"Provo-Orem, UT",Utah County
94601,84604,UT,202403,1585.64,-0.0033,,Provo,"Provo-Orem, UT",Utah County
94601,84604,UT,202404,1613.03,0.0173,,Provo,"Provo-Orem, UT",Utah County
94601,84604,UT,202405,1640.26,0.0169,,Provo,"Provo-Orem, UT",Utah County
94601,84604,UT,202406,1673.99,0.0206,,Provo,"Provo-Orem, UT",Utah County
94601,84604,UT,202407,1650.33,-0.0141,,Provo,"Provo-Orem, UT",Utah County
94601,84604,UT,202408,1644.51,-0.0035,,Provo,"Provo-Orem, UT",Utah County
94601,84604,UT,202409,1634.02,-0.0064,,Provo,"Provo-Orem, UT",Utah County
94601,84604,UT,202410,1618.02,-0.0098,,Provo,"Provo-Orem, UT",Utah County
94601,84604,UT,202411,1607.26,-0.0067,,Provo,"Provo-Orem, UT",Utah County
94601,84604,UT,202412,1624.81,0.0109,0.0424,Provo,"Provo-Orem, UT",Utah County
94601,84604,UT,202501,1657.24,0.02,0.048,Provo,"Provo-Orem, UT",Utah County
94601,84604,UT,202502,1652.76,-0.0027,0.0389,Provo,"Provo-Orem, UT",Utah County
94601,84604,UT,202503,1649.69,-0.0019,0.0404,Provo,"Provo-Orem, UT",Utah County
94601,84604,UT,202504,1663.13,0.0081,0.0311,Provo,"Provo-Orem, UT",Utah County
94601,84604,UT,202505,1698.89,0.0215,0.0357,Provo,"Provo-Orem, UT",Utah County
94601,84604,UT,202506,1708.21,0.0055,0.0204,Provo,"Provo-Orem, UT",Utah County
94601,84604,UT,202507,1709.67,0.0009,0.036,Provo,"Provo-Orem, UT",Utah County
94601,84604,UT,202508,1698.02,-0.0068,0.0325,Provo,"Provo-Orem, UT",Utah County
94601,84604,UT,202509,1704.68,0.0039,0.0432,Provo,"Provo-Orem, UT",Utah County
94601,84604,UT,202510,1705.64,0.0006,0.0542,Provo,"Provo-Orem, UT",Utah County
94601,84604,UT,202511,1731.83,0.0154,0.0775,Provo,"Provo-Orem, UT",Utah County
94601,84604,UT,202512,1725.3,-0.0038,0.0618,Provo,"Provo-Orem, UT",Utah County
94601,84604,UT,202601,1729.99,0.0027,0.0439,Provo,"Provo-Orem, UT",Utah County
94601,84604,UT,202602,1716.83,-0.0076,0.0388,Provo,"Provo-Orem, UT",Utah County
94601,84604,UT,202603,1722.45,0.0033,0.0441,Provo,"Provo-Orem, UT",Utah County
94601,84604,UT,202604,1739.86,0.0101,0.0461,Provo,"Provo-Orem, UT",Utah County
94601,84604,UT,202605,1763.9,0.0138,0.0383,Provo,"Provo-Orem, UT",Utah County
94601,84604,UT,202606,1762.57,-0.0008,0.0318,Provo,"Provo-Orem, UT",Utah County
94601,84604,UT,202607,1799.08,0.0207,0.0523,Provo,"Provo-Orem, UT",Utah County
94601,84604,UT,202608,1770.91,-0.0157,0.0429,Provo,"Provo-Orem, UT",Utah County
94603,84606,UT,202112,1256.94,,,Provo,"Provo-Orem, UT",Utah County
94603,84606,UT,202201,1228.77,-0.0224,,Provo,"Provo-Orem, UT",Utah County
94603,84606,UT,202202,1257.09,0.023,,Provo,"Provo-Orem, UT",Utah County
94603,84606,UT,202203,1248.12,-0.0071,,Provo,"Provo-Orem, UT",Utah County
94603,84606,UT,202204,1267.27,0.0153,,Provo,"Provo-Orem, UT",Utah County
94603,84606,UT,202205,1268.0,0.0006,,Provo,"Provo-Orem, UT",Utah County
94603,84606,UT,202206,1276.45,0.0067,,Provo,"Provo-Orem, UT",Utah County
94603,84606,UT,202207,1312.17,0.028,,Provo,"Provo-Orem, UT",Utah County
94603,84606,UT,202208,1306.81,-0.0041,,Provo,"Provo-Orem, UT",Utah County
94603,84606,UT,202209,1326.52,0.0151,,Provo,"Provo-Orem, UT",Utah County
94603,84606,UT,202210,1299.42,-0.0204,,Provo,"Provo-Orem, UT",Utah County
94603,84606,UT,202211,1300.85,0.0011,,Provo,"Provo-Orem, UT",Utah County
94603,84606,UT,202212,1336.71,0.0276,0.0635,Provo,"Provo-Orem, UT",Utah County
94603,84606,UT,202301,1345.4,0.0065,0.0949,Provo,"Provo-Orem, UT",Utah County
94603,84606,UT,202302,1355.99,0.0079,0.0787,Provo,"Provo-Orem, UT",Utah County
94603,84606,UT,202303,1341.44,-0.0107,0.0748,Provo,"Provo-Orem, UT",Utah County
94603,84606,UT,202304,1352.36,0.0081,0.0671,Provo,"Provo-Orem, UT",Utah County
94603,84606,UT,202305,1383.32,0.0229,0.0909,Provo,"Provo-Orem, UT",Utah County
94603,84606,UT,202306,1391.68,0.006,0.0903,Provo,"Provo-Orem, UT",Utah County
94603,84606,UT,202307,1408.25,0.0119,0.0732,Provo,"Provo-Orem, UT",Utah County
94603,84606,UT,202308,1409.93,0.0012,0.0789,Provo,"Provo-Orem, UT",Utah County
94603,84606,UT,202309,1429.31,0.0137,0.0775,Provo,"Provo-Orem, UT",Utah County
94603,84606,UT,202310,1441.99,0.0089,0.1097,Provo,"Provo-Orem, UT",Utah County
94603,84606,UT,202311,1445.89,0.0027,0.1115,Provo,"Provo-Orem, UT",Utah County
94603,84606,UT,202312,1420.83,-0.0173,0.0629,Provo,"Provo-Orem, UT",Utah County
94603,84606,UT,202401,1418.62,-0.0016,0.0544,Provo,"Provo-Orem, UT",Utah County
94603,84606,UT,202402,1405.5,-0.0092,0.0365,Provo,"Provo-Orem, UT",Utah County
94603,84606,UT,202403,1406.46,0.0007,0.0485,Provo,"Provo-Orem, UT",Utah County
94603,84606,UT,202404,1416.58,0.0072,0.0475,Provo,"Provo-Orem, UT",Utah County
94603,84606,UT,202405,1426.85,0.0073,0.0315,Provo,"Provo-Orem, UT",Utah County
94603,84606,UT,202406,1436.51,0.0068,0.0322,Provo,"Provo-Orem, UT",Utah County
94603,84606,UT,202407,1448.26,0.0082,0.0284,Provo,"Provo-Orem, UT",Utah County
94603,84606,UT,202408,1459.35,0.0077,0.0351,Provo,"Provo-Orem, UT",Utah County
94603,84606,UT,202409,1449.81,-0.0065,0.0143,Provo,"Provo-Orem, UT",Utah County
94603,84606,UT,202410,1423.12,-0.0184,-0.0131,Provo,"Provo-Orem, UT",Utah County
94603,84606,UT,202411,1419.22,-0.0027,-0.0184,Provo,"Provo-Orem, UT",Utah County
94603,84606,UT,202412,1438.09,0.0133,0.0122,Provo,"Provo-Orem, UT",Utah County
94603,84606,UT,202501,1447.94,0.0068,0.0207,Provo,"Provo-Orem, UT",Utah County
94603,84606,UT,202502,1458.28,0.0071,0.0376,Provo,"Provo-Orem, UT",Utah County
94603,84606,UT,202503,1451.37,-0.0047,0.0319,Provo,"Provo-Orem, UT",Utah County
94603,84606,UT,202504,1452.24,0.0006,0.0252,Provo,"Provo-Orem, UT",Utah County
94603,84606,UT,202505,1453.51,0.0009,0.0187,Provo,"Provo-Orem, UT",Utah County
94603,84606,UT,202506,1455.5,0.0014,0.0132,Provo,"Provo-Orem, UT",Utah County
94603,84606,UT,202507,1466.46,0.0075,0.0126,Provo,"Provo-Orem, UT",Utah County
94603,84606,UT,202508,1464.75,-0.0012,0.0037,Provo,"Provo-Orem, UT",Utah County
94603,84606,UT,202509,1467.45,0.0018,0.0122,Provo,"Provo-Orem, UT",Utah County
94603,84606,UT,202510,1473.97,0.0044,0.0357,Provo,"Provo-Orem, UT",Utah County
94603,84606,UT,202511,1472.07,-0.0013,0.0372,Provo,"Provo-Orem, UT",Utah County
94603,84606,UT,202512,1434.92,-0.0252,-0.0022,Provo,"Provo-Orem, UT",Utah County
94603,84606,UT,202601,1434.58,-0.0002,-0.0092,Provo,"Provo-Orem, UT",Utah County
94603,84606,UT,202602,1445.07,0.0073,-0.0091,Provo,"Provo-Orem, UT",Utah County
94603,84606,UT,202603,1494.59,0.0343,0.0298,Provo,"Provo-Orem, UT",Utah County
94603,84606,UT,202604,1497.64,0.002,0.0313,Provo,"Provo-Orem, UT",Utah County
94603,84606,UT,202605,1508.7,0.0074,0.038,Provo,"Provo-Orem, UT",Utah County
94603,84606,UT,202606,1524.28,0.0103,0.0473,Provo,"Provo-Orem, UT",Utah County
94603,84606,UT,202607,1534.58,0.0068,0.0464,Provo,"Provo-Orem, UT",Utah County
94603,84606,UT,202608,1567.25,0.0213,0.07,Provo,"Provo-Orem, UT",Utah County
94632,84651,UT,202601,1545.12,,,Payson,"Provo-Orem, UT",Utah County
94632,84651,UT,202602,1547.48,0.0015,,Payson,"Provo-Orem, UT",Utah County
94632,84651,UT,202603,1556.89,0.0061,,Payson,"Provo-Orem, UT",Utah County
94632,84651,UT,202604,1580.0,0.0148,,Payson,"Provo-Orem, UT",Utah County
94632,84651,UT,202605,1577.61,-0.0015,,Payson,"Provo-Orem, UT",Utah County
94632,84651,UT,202606,1583.96,0.004,,Payson,"Provo-Orem, UT",Utah County
94632,84651,UT,202607,1585.25,0.0008,,Payson,"Provo-Orem, UT",Utah County
94632,84651,UT,202608,1584.06,-0.0008,,Payson,"Provo-Orem, UT",Utah County
94639,84660,UT,202301,1788.92,,,Spanish Fork,"Provo-Orem, UT",Utah County
94639,84660,UT,202302,1812.75,0.0133,,Spanish Fork,"Provo-Orem, UT",Utah County
94639,84660,UT,202303,1813.54,0.0004,,Spanish Fork,"Provo-Orem, UT",Utah County
94639,84660,UT,202304,1811.93,-0.0009,,Spanish Fork,"Provo-Orem, UT",Utah County
94639,84660,UT,202305,1831.25,0.0107,,Spanish Fork,"Provo-Orem, UT",Utah County
94639,84660,UT,202306,1837.68,0.0035,,Spanish Fork,"Provo-Orem, UT",Utah County
94639,84660,UT,202307,1868.01,0.0165,,Spanish Fork,"Provo-Orem, UT",Utah County
94639,84660,UT,202308,1857.31,-0.0057,,Spanish Fork,"Provo-Orem, UT",Utah County
94639,84660,UT,202309,1882.51,0.0136,,Spanish Fork,"Provo-Orem, UT",Utah County
94639,84660,UT,202310,1860.13,-0.0119,,Spanish Fork,"Provo-Orem, UT",Utah County
94639,84660,UT,202311,1879.21,0.0103,,Spanish Fork,"Provo-Orem, UT",Utah County
94639,84660,UT,202312,1840.06,-0.0208,,Spanish Fork,"Provo-Orem, UT",Utah County
94639,84660,UT,202401,1824.54,-0.0084,0.0199,Spanish Fork,"Provo-Orem, UT",Utah County
94639,84660,UT,202402,1817.99,-0.0036,0.0029,Spanish Fork,"Provo-Orem, UT",Utah County
94639,84660,UT,202403,1855.28,0.0205,0.023,Spanish Fork,"Provo-Orem, UT",Utah County
94639,84660,UT,202404,1899.32,0.0237,0.0482,Spanish Fork,"Provo-Orem, UT",Utah County
94639,84660,UT,202405,1911.0,0.0062,0.0436,Spanish Fork,"Provo-Orem, UT",Utah County
94639,84660,UT,202406,1910.74,-0.0001,0.0398,Spanish Fork,"Provo-Orem, UT",Utah County
94639,84660,UT,202407,1920.68,0.0052,0.0282,Spanish Fork,"Provo-Orem, UT",Utah County
94639,84660,UT,202408,1932.91,0.0064,0.0407,Spanish Fork,"Provo-Orem, UT",Utah County
94639,84660,UT,202409,1933.66,0.0004,0.0272,Spanish Fork,"Provo-Orem, UT",Utah County
94639,84660,UT,202410,1898.11,-0.0184,0.0204,Spanish Fork,"Provo-Orem, UT",Utah County
94639,84660,UT,202411,1880.07,-0.0095,0.0005,Spanish Fork,"Provo-Orem, UT",Utah County
94639,84660,UT,202412,1876.13,-0.0021,0.0196,Spanish Fork,"Provo-Orem, UT",Utah County
94639,84660,UT,202501,1896.18,0.0107,0.0393,Spanish Fork,"Provo-Orem, UT",Utah County
94639,84660,UT,202502,1887.52,-0.0046,0.0382,Spanish Fork,"Provo-Orem, UT",Utah County
94639,84660,UT,202503,1881.61,-0.0031,0.0142,Spanish Fork,"Provo-Orem, UT",Utah County
94639,84660,UT,202504,1885.01,0.0018,-0.0075,Spanish Fork,"Provo-Orem, UT",Utah County
94639,84660,UT,202505,1915.57,0.0162,0.0024,Spanish Fork,"Provo-Orem, UT",Utah County
94639,84660,UT,202506,1944.5,0.0151,0.0177,Spanish Fork,"Provo-Orem, UT",Utah County
94639,84660,UT,202507,1948.74,0.0022,0.0146,Spanish Fork,"Provo-Orem, UT",Utah County
94639,84660,UT,202508,1954.41,0.0029,0.0111,Spanish Fork,"Provo-Orem, UT",Utah County
94639,84660,UT,202509,1956.14,0.0009,0.0116,Spanish Fork,"Provo-Orem, UT",Utah County
94639,84660,UT,202510,1978.69,0.0115,0.0425,Spanish Fork,"Provo-Orem, UT",Utah County
94639,84660,UT,202511,1998.23,0.0099,0.0628,Spanish Fork,"Provo-Orem, UT",Utah County
94639,84660,UT,202512,2015.35,0.0086,0.0742,Spanish Fork,"Provo-Orem, UT",Utah County
94639,84660,UT,202601,1992.16,-0.0115,0.0506,Spanish Fork,"Provo-Orem, UT",Utah County
94639,84660,UT,202602,1970.02,-0.0111,0.0437,Spanish Fork,"Provo-Orem, UT",Utah County
94639,84660,UT,202603,1949.33,-0.0105,0.036,Spanish Fork,"Provo-Orem, UT",Utah County
94639,84660,UT,202604,1961.3,0.0061,0.0405,Spanish Fork,"Provo-Orem, UT",Utah County
94639,84660,UT,202605,1972.74,0.0058,0.0298,Spanish Fork,"Provo-Orem, UT",Utah County
94639,84660,UT,202606,2020.28,0.0241,0.039,Spanish Fork,"Provo-Orem, UT",Utah County
94639,84660,UT,202607,2031.32,0.0055,0.0424,Spanish Fork,"Provo-Orem, UT",Utah County
94639,84660,UT,202608,2027.97,-0.0016,0.0376,Spanish Fork,"Provo-Orem, UT",Utah County
94641,84663,UT,202312,1530.89,,,Springville,"Provo-Orem, UT",Utah County
94641,84663,UT,202401,1544.85,0.0091,,Springville,"Provo-Orem, UT",Utah County
94641,84663,UT,202402,1552.52,0.005,,Springville,"Provo-Orem, UT",Utah County
94641,84663,UT,202403,1563.81,0.0073,,Springville,"Provo-Orem, UT",Utah County
94641,84663,UT,202404,1587.65,0.0152,,Springville,"Provo-Orem, UT",Utah County
94641,84663,UT,202405,1603.31,0.0099,,Springville,"Provo-Orem, UT",Utah County
94641,84663,UT,202406,1625.5,0.0138,,Springville,"Provo-Orem, UT",Utah County
94641,84663,UT,202407,1619.71,-0.0036,,Springville,"Provo-Orem, UT",Utah County
94641,84663,UT,202408,1614.78,-0.003,,Springville,"Provo-Orem, UT",Utah County
94641,84663,UT,202409,1582.52,-0.02,,Springville,"Provo-Orem, UT",Utah County
94641,84663,UT,202410,1583.4,0.0006,,Springville,"Provo-Orem, UT",Utah County
94641,84663,UT,202411,1576.43,-0.0044,,Springville,"Provo-Orem, UT",Utah County
94641,84663,UT,202412,1603.15,0.017,0.0472,Springville,"Provo-Orem, UT",Utah County
94641,84663,UT,202501,1595.9,-0.0045,0.033,Springville,"Provo-Orem, UT",Utah County
94641,84663,UT,202502,1590.43,-0.0034,0.0244,Springville,"Provo-Orem, UT",Utah County
94641,84663,UT,202503,1572.31,-0.0114,0.0054,Springville,"Provo-Orem, UT",Utah County
94641,84663,UT,202504,1566.28,-0.0038,-0.0135,Springville,"Provo-Orem, UT",Utah County
94641,84663,UT,202505,1593.79,0.0176,-0.0059,Springville,"Provo-Orem, UT",Utah County
94641,84663,UT,202506,1605.96,0.0076,-0.012,Springville,"Provo-Orem, UT",Utah County
94641,84663,UT,202507,1629.18,0.0145,0.0058,Springville,"Provo-Orem, UT",Utah County
94641,84663,UT,202508,1611.26,-0.011,-0.0022,Springville,"Provo-Orem, UT",Utah County
94641,84663,UT,202509,1597.93,-0.0083,0.0097,Springville,"Provo-Orem, UT",Utah County
94641,84663,UT,202510,1595.01,-0.0018,0.0073,Springville,"Provo-Orem, UT",Utah County
94641,84663,UT,202511,1583.78,-0.007,0.0047,Springville,"Provo-Orem, UT",Utah County
94641,84663,UT,202512,1589.29,0.0035,-0.0086,Springville,"Provo-Orem, UT",Utah County
94641,84663,UT,202601,1579.02,-0.0065,-0.0106,Springville,"Provo-Orem, UT",Utah County
94641,84663,UT,202602,1610.83,0.0201,0.0128,Springville,"Provo-Orem, UT",Utah County
94641,84663,UT,202603,1620.29,0.0059,0.0305,Springville,"Provo-Orem, UT",Utah County
94641,84663,UT,202604,1625.1,0.003,0.0376,Springville,"Provo-Orem, UT",Utah County
94641,84663,UT,202605,1626.07,0.0006,0.0203,Springville,"Provo-Orem, UT",Utah County
94641,84663,UT,202606,1638.65,0.0077,0.0204,Springville,"Provo-Orem, UT",Utah County
94641,84663,UT,202607,1659.34,0.0126,0.0185,Springville,"Provo-Orem, UT",Utah County
94641,84663,UT,202608,1658.78,-0.0003,0.0295,Springville,"Provo-Orem, UT",Utah County
94642,84664,UT,202608,1900.0,,,Mapleton,"Provo-Orem, UT",Utah County
94656,84720,UT,202306,1315.9,,,Cedar City,"Cedar City, UT",Iron County
94656,84720,UT,202307,1329.23,0.0101,,Cedar City,"Cedar City, UT",Iron County
94656,84720,UT,202308,1391.09,0.0465,,Cedar City,"Cedar City, UT",Iron County
94656,84720,UT,202309,1426.33,0.0253,,Cedar City,"Cedar City, UT",Iron County
94656,84720,UT,202310,1437.36,0.0077,,Cedar City,"Cedar City, UT",Iron County
94656,84720,UT,202312,1382.04,-0.0385,,Cedar City,"Cedar City, UT",Iron County
94656,84720,UT,202401,1393.19,0.0081,,Cedar City,"Cedar City, UT",Iron County
94656,84720,UT,202402,1414.6,0.0154,,Cedar City,"Cedar City, UT",Iron County
94656,84720,UT,202403,1436.56,0.0155,,Cedar City,"Cedar City, UT",Iron County
94656,84720,UT,202404,1430.19,-0.0044,,Cedar City,"Cedar City, UT",Iron County
94656,84720,UT,202405,1418.72,-0.008,,Cedar City,"Cedar City, UT",Iron County
94656,84720,UT,202406,1427.93,0.0065,,Cedar City,"Cedar City, UT",Iron County
94656,84720,UT,202407,1422.08,-0.0041,0.0807,Cedar City,"Cedar City, UT",Iron County
94656,84720,UT,202408,1423.19,0.0008,0.0707,Cedar City,"Cedar City, UT",Iron County
94656,84720,UT,202409,1428.3,0.0036,0.0267,Cedar City,"Cedar City, UT",Iron County
94656,84720,UT,202410,1429.86,0.0011,0.0025,Cedar City,"Cedar City, UT",Iron County
94656,84720,UT,202411,1431.32,0.001,-0.0042,Cedar City,"Cedar City, UT",Iron County
94656,84720,UT,202412,1406.41,-0.0174,0.0176,Cedar City,"Cedar City, UT",Iron County
94656,84720,UT,202501,1390.26,-0.0115,-0.0021,Cedar City,"Cedar City, UT",Iron County
94656,84720,UT,202502,1395.07,0.0035,-0.0138,Cedar City,"Cedar City, UT",Iron County
94656,84720,UT,202503,1405.73,0.0076,-0.0215,Cedar City,"Cedar City, UT",Iron County
94656,84720,UT,202504,1424.42,0.0133,-0.004,Cedar City,"Cedar City, UT",Iron County
94656,84720,UT,202505,1421.04,-0.0024,0.0016,Cedar City,"Cedar City, UT",Iron County
94656,84720,UT,202506,1433.21,0.0086,0.0037,Cedar City,"Cedar City, UT",Iron County
94656,84720,UT,202507,1428.07,-0.0036,0.0042,Cedar City,"Cedar City, UT",Iron County
94656,84720,UT,202508,1436.83,0.0061,0.0096,Cedar City,"Cedar City, UT",Iron County
94656,84720,UT,202509,1435.25,-0.0011,0.0049,Cedar City,"Cedar City, UT",Iron County
94656,84720,UT,202510,1435.08,-0.0001,0.0037,Cedar City,"Cedar City, UT",Iron County
94656,84720,UT,202511,1396.53,-0.0269,-0.0243,Cedar City,"Cedar City, UT",Iron County
94656,84720,UT,202512,1391.09,-0.0039,-0.0109,Cedar City,"Cedar City, UT",Iron County
94656,84720,UT,202601,1397.01,0.0043,0.0049,Cedar City,"Cedar City, UT",Iron County
94656,84720,UT,202602,1404.68,0.0055,0.0069,Cedar City,"Cedar City, UT",Iron County
94656,84720,UT,202603,1411.42,0.0048,0.004,Cedar City,"Cedar City, UT",Iron County
94656,84720,UT,202604,1418.9,0.0053,-0.0039,Cedar City,"Cedar City, UT",Iron County
94656,84720,UT,202605,1442.3,0.0165,0.015,Cedar City,"Cedar City, UT",Iron County
94656,84720,UT,202606,1429.82,-0.0086,-0.0024,Cedar City,"Cedar City, UT",Iron County
94656,84720,UT,202607,1436.41,0.0046,0.0058,Cedar City,"Cedar City, UT",Iron County
94656,84720,UT,202608,1451.36,0.0104,0.0101,Cedar City,"Cedar City, UT",Iron County
94657,84721,UT,202304,1431.57,,,Cedar City,"Cedar City, UT",Iron County
94657,84721,UT,202305,1459.8,0.0197,,Cedar City,"Cedar City, UT",Iron County
94657,84721,UT,202306,1462.49,0.0018,,Cedar City,"Cedar City, UT",Iron County
94657,84721,UT,202307,1460.72,-0.0012,,Cedar City,"Cedar City, UT",Iron County
94657,84721,UT,202308,1447.72,-0.0089,,Cedar City,"Cedar City, UT",Iron County
94657,84721,UT,202309,1438.35,-0.0065,,Cedar City,"Cedar City, UT",Iron County
94657,84721,UT,202310,1452.97,0.0102,,Cedar City,"Cedar City, UT",Iron County
94657,84721,UT,202311,1441.21,-0.0081,,Cedar City,"Cedar City, UT",Iron County
94657,84721,UT,202312,1438.72,-0.0017,,Cedar City,"Cedar City, UT",Iron County
94657,84721,UT,202401,1444.46,0.004,,Cedar City,"Cedar City, UT",Iron County
94657,84721,UT,202402,1458.37,0.0096,,Cedar City,"Cedar City, UT",Iron County
94657,84721,UT,202403,1470.47,0.0083,,Cedar City,"Cedar City, UT",Iron County
94657,84721,UT,202404,1458.4,-0.0082,0.0187,Cedar City,"Cedar City, UT",Iron County
94657,84721,UT,202405,1463.8,0.0037,0.0027,Cedar City,"Cedar City, UT",Iron County
94657,84721,UT,202406,1463.99,0.0001,0.001,Cedar City,"Cedar City, UT",Iron County
94657,84721,UT,202407,1480.46,0.0112,0.0135,Cedar City,"Cedar City, UT",Iron County
94657,84721,UT,202408,1482.62,0.0015,0.0241,Cedar City,"Cedar City, UT",Iron County
94657,84721,UT,202409,1493.33,0.0072,0.0382,Cedar City,"Cedar City, UT",Iron County
94657,84721,UT,202410,1485.58,-0.0052,0.0224,Cedar City,"Cedar City, UT",Iron County
94657,84721,UT,202411,1481.7,-0.0026,0.0281,Cedar City,"Cedar City, UT",Iron County
94657,84721,UT,202412,1464.37,-0.0117,0.0178,Cedar City,"Cedar City, UT",Iron County
94657,84721,UT,202501,1450.32,-0.0096,0.0041,Cedar City,"Cedar City, UT",Iron County
94657,84721,UT,202502,1443.54,-0.0047,-0.0102,Cedar City,"Cedar City, UT",Iron County
94657,84721,UT,202503,1460.93,0.012,-0.0065,Cedar City,"Cedar City, UT",Iron County
94657,84721,UT,202504,1488.42,0.0188,0.0206,Cedar City,"Cedar City, UT",Iron County
94657,84721,UT,202505,1501.77,0.009,0.0259,Cedar City,"Cedar City, UT",Iron County
94657,84721,UT,202506,1498.71,-0.002,0.0237,Cedar City,"Cedar City, UT",Iron County
94657,84721,UT,202507,1504.63,0.0039,0.0163,Cedar City,"Cedar City, UT",Iron County
94657,84721,UT,202508,1511.84,0.0048,0.0197,Cedar City,"Cedar City, UT",Iron County
94657,84721,UT,202509,1507.71,-0.0027,0.0096,Cedar City,"Cedar City, UT",Iron County
94657,84721,UT,202510,1494.38,-0.0088,0.0059,Cedar City,"Cedar City, UT",Iron County
94657,84721,UT,202511,1491.37,-0.002,0.0065,Cedar City,"Cedar City, UT",Iron County
94657,84721,UT,202512,1489.91,-0.001,0.0174,Cedar City,"Cedar City, UT",Iron County
94657,84721,UT,202601,1500.78,0.0073,0.0348,Cedar City,"Cedar City, UT",Iron County
94657,84721,UT,202602,1517.23,0.011,0.051,Cedar City,"Cedar City, UT",Iron County
94657,84721,UT,202603,1528.3,0.0073,0.0461,Cedar City,"Cedar City, UT",Iron County
94657,84721,UT,202604,1532.83,0.003,0.0298,Cedar City,"Cedar City, UT",Iron County
94657,84721,UT,202605,1510.03,-0.0149,0.0055,Cedar City,"Cedar City, UT",Iron County
94657,84721,UT,202606,1501.66,-0.0055,0.002,Cedar City,"Cedar City, UT",Iron County
94657,84721,UT,202607,1498.45,-0.0021,-0.0041,Cedar City,"Cedar City, UT",Iron County
94657,84721,UT,202608,1503.09,0.0031,-0.0058,Cedar City,"Cedar City, UT",Iron County
94672,84737,UT,202402,1931.93,,,Hurricane,"St. George, UT",Washington County
94672,84737,UT,202403,1935.48,0.0018,,Hurricane,"St. George, UT",Washington County
94672,84737,UT,202404,1921.17,-0.0074,,Hurricane,"St. George, UT",Washington County
94672,84737,UT,202405,1885.58,-0.0185,,Hurricane,"St. George, UT",Washington County
94672,84737,UT,202406,1873.7,-0.0063,,Hurricane,"St. George, UT",Washington County
94672,84737,UT,202407,1899.16,0.0136,,Hurricane,"St. George, UT",Washington County
94672,84737,UT,202408,1886.84,-0.0065,,Hurricane,"St. George, UT",Washington County
94672,84737,UT,202409,1917.78,0.0164,,Hurricane,"St. George, UT",Washington County
94672,84737,UT,202410,1927.34,0.005,,Hurricane,"St. George, UT",Washington County
94672,84737,UT,202411,1937.01,0.005,,Hurricane,"St. George, UT",Washington County
94672,84737,UT,202412,1902.32,-0.0179,,Hurricane,"St. George, UT",Washington County
94672,84737,UT,202501,1903.62,0.0007,,Hurricane,"St. George, UT",Washington County
94672,84737,UT,202502,1922.08,0.0097,-0.0051,Hurricane,"St. George, UT",Washington County
94672,84737,UT,202503,1959.79,0.0196,0.0126,Hurricane,"St. George, UT",Washington County
94672,84737,UT,202504,1947.94,-0.006,0.0139,Hurricane,"St. George, UT",Washington County
94672,84737,UT,202505,1940.31,-0.0039,0.029,Hurricane,"St. George, UT",Washington County
94672,84737,UT,202506,1911.95,-0.0146,0.0204,Hurricane,"St. George, UT",Washington County
94672,84737,UT,202507,1951.55,0.0207,0.0276,Hurricane,"St. George, UT",Washington County
94672,84737,UT,202508,1972.63,0.0108,0.0455,Hurricane,"St. George, UT",Washington County
94672,84737,UT,202509,1975.1,0.0013,0.0299,Hurricane,"St. George, UT",Washington County
94672,84737,UT,202510,1941.53,-0.017,0.0074,Hurricane,"St. George, UT",Washington County
94672,84737,UT,202511,1941.24,-0.0002,0.0022,Hurricane,"St. George, UT",Washington County
94672,84737,UT,202512,1948.34,0.0037,0.0242,Hurricane,"St. George, UT",Washington County
94672,84737,UT,202601,1966.79,0.0095,0.0332,Hurricane,"St. George, UT",Washington County
94672,84737,UT,202602,2001.05,0.0174,0.0411,Hurricane,"St. George, UT",Washington County
94672,84737,UT,202603,2009.33,0.0041,0.0253,Hurricane,"St. George, UT",Washington County
94672,84737,UT,202604,2006.41,-0.0015,0.03,Hurricane,"St. George, UT",Washington County
94672,84737,UT,202605,1952.02,-0.0271,0.006,Hurricane,"St. George, UT",Washington County
94672,84737,UT,202606,1971.86,0.0102,0.0313,Hurricane,"St. George, UT",Washington County
94672,84737,UT,202607,1977.0,0.0026,0.013,Hurricane,"St. George, UT",Washington County
94672,84737,UT,202608,1957.6,-0.0098,-0.0076,Hurricane,"St. George, UT",Washington County
94673,84738,UT,202510,2011.52,,,Ivins,"St. George, UT",Washington County
94673,84738,UT,202511,1949.46,-0.0309,,Ivins,"St. George, UT",Washington County
94673,84738,UT,202512,1987.28,0.0194,,Ivins,"St. George, UT",Washington County
94673,84738,UT,202601,2005.49,0.0092,,Ivins,"St. George, UT",Washington County
94673,84738,UT,202602,2049.84,0.0221,,Ivins,"St. George, UT",Washington County
94673,84738,UT,202603,2042.54,-0.0036,,Ivins,"St. George, UT",Washington County
94673,84738,UT,202604,2085.67,0.0211,,Ivins,"St. George, UT",Washington County
94673,84738,UT,202605,2078.89,-0.0033,,Ivins,"St. George, UT",Washington County
94673,84738,UT,202606,2126.34,0.0228,,Ivins,"St. George, UT",Washington County
94673,84738,UT,202607,2105.71,-0.0097,,Ivins,"St. George, UT",Washington County
94673,84738,UT,202608,2129.17,0.0111,,Ivins,"St. George, UT",Washington County
94699,84765,UT,202512,2239.71,,,Santa Clara,"St. George, UT",Washington County
94699,84765,UT,202601,2298.91,0.0264,,Santa Clara,"St. George, UT",Washington County
94699,84765,UT,202602,2238.28,-0.0264,,Santa Clara,"St. George, UT",Washington County
94699,84765,UT,202603,2214.01,-0.0108,,Santa Clara,"St. George, UT",Washington County
94699,84765,UT,202604,2192.64,-0.0097,,Santa Clara,"St. George, UT",Washington County
94699,84765,UT,202605,2186.71,-0.0027,,Santa Clara,"St. George, UT",Washington County
94699,84765,UT,202606,2174.26,-0.0057,,Santa Clara,"St. George, UT",Washington County
94699,84765,UT,202607,2170.62,-0.0017,,Santa Clara,"St. George, UT",Washington County
94699,84765,UT,202608,2202.77,0.0148,,Santa Clara,"St. George, UT",Washington County
94702,84770,UT,201604,930.52,,,Saint George,"St. George, UT",Washington County
94702,84770,UT,201605,940.29,0.0105,,Saint George,"St. George, UT",Washington County
94702,84770,UT,201606,961.51,0.0226,,Saint George,"St. George, UT",Washington County
94702,84770,UT,201607,988.08,0.0276,,Saint George,"St. George, UT",Washington County
94702,84770,UT,201608,986.54,-0.0016,,Saint George,"St. George, UT",Washington County
94702,84770,UT,201609,989.85,0.0034,,Saint George,"St. George, UT",Washington County
94702,84770,UT,201610,997.57,0.0078,,Saint George,"St. George, UT",Washington County
94702,84770,UT,201611,1002.98,0.0054,,Saint George,"St. George, UT",Washington County
94702,84770,UT,201612,1024.53,0.0215,,Saint George,"St. George, UT",Washington County
94702,84770,UT,201701,1023.19,-0.0013,,Saint George,"St. George, UT",Washington County
94702,84770,UT,201702,1025.79,0.0025,,Saint George,"St. George, UT",Washington County
94702,84770,UT,201703,1020.14,-0.0055,,Saint George,"St. George, UT",Washington County
94702,84770,UT,201704,1028.02,0.0077,0.1048,Saint George,"St. George, UT",Washington County
94702,84770,UT,201705,1040.12,0.0118,0.1062,Saint George,"St. George, UT",Washington County
94702,84770,UT,201706,1053.19,0.0126,0.0954,Saint George,"St. George, UT",Washington County
94702,84770,UT,201707,1056.17,0.0028,0.0689,Saint George,"St. George, UT",Washington County
94702,84770,UT,201708,1063.08,0.0065,0.0776,Saint George,"St. George, UT",Washington County
94702,84770,UT,201709,1080.51,0.0164,0.0916,Saint George,"St. George, UT",Washington County
94702,84770,UT,201710,1082.55,0.0019,0.0852,Saint George,"St. George, UT",Washington County
94702,84770,UT,201711,1083.72,0.0011,0.0805,Saint George,"St. George, UT",Washington County
94702,84770,UT,201712,1079.15,-0.0042,0.0533,Saint George,"St. George, UT",Washington County
94702,84770,UT,201801,1082.86,0.0034,0.0583,Saint George,"St. George, UT",Washington County
94702,84770,UT,201802,1087.92,0.0047,0.0606,Saint George,"St. George, UT",Washington County
94702,84770,UT,201803,1081.94,-0.0055,0.0606,Saint George,"St. George, UT",Washington County
94702,84770,UT,201804,1093.65,0.0108,0.0638,Saint George,"St. George, UT",Washington County
94702,84770,UT,201805,1107.33,0.0125,0.0646,Saint George,"St. George, UT",Washington County
94702,84770,UT,201806,1125.51,0.0164,0.0687,Saint George,"St. George, UT",Washington County
94702,84770,UT,201807,1135.46,0.0088,0.0751,Saint George,"St. George, UT",Washington County
94702,84770,UT,201808,1143.42,0.007,0.0756,Saint George,"St. George, UT",Washington County
94702,84770,UT,201809,1146.22,0.0024,0.0608,Saint George,"St. George, UT",Washington County
94702,84770,UT,201810,1149.44,0.0028,0.0618,Saint George,"St. George, UT",Washington County
94702,84770,UT,201811,1145.56,-0.0034,0.0571,Saint George,"St. George, UT",Washington County
94702,84770,UT,201812,1152.81,0.0063,0.0683,Saint George,"St. George, UT",Washington County
94702,84770,UT,201901,1148.83,-0.0035,0.0609,Saint George,"St. George, UT",Washington County
94702,84770,UT,201902,1160.41,0.0101,0.0666,Saint George,"St. George, UT",Washington County
94702,84770,UT,201903,1159.93,-0.0004,0.0721,Saint George,"St. George, UT",Washington County
94702,84770,UT,201904,1166.16,0.0054,0.0663,Saint George,"St. George, UT",Washington County
94702,84770,UT,201905,1164.48,-0.0014,0.0516,Saint George,"St. George, UT",Washington County
94702,84770,UT,201906,1171.35,0.0059,0.0407,Saint George,"St. George, UT",Washington County
94702,84770,UT,201907,1174.03,0.0023,0.034,Saint George,"St. George, UT",Washington County
94702,84770,UT,201908,1181.5,0.0064,0.0333,Saint George,"St. George, UT",Washington County
94702,84770,UT,201909,1173.4,-0.0069,0.0237,Saint George,"St. George, UT",Washington County
94702,84770,UT,201910,1180.09,0.0057,0.0267,Saint George,"St. George, UT",Washington County
94702,84770,UT,201911,1178.61,-0.0013,0.0288,Saint George,"St. George, UT",Washington County
94702,84770,UT,201912,1186.87,0.007,0.0295,Saint George,"St. George, UT",Washington County
94702,84770,UT,202001,1195.11,0.0069,0.0403,Saint George,"St. George, UT",Washington County
94702,84770,UT,202002,1194.9,-0.0002,0.0297,Saint George,"St. George, UT",Washington County
94702,84770,UT,202003,1192.05,-0.0024,0.0277,Saint George,"St. George, UT",Washington County
94702,84770,UT,202004,1177.4,-0.0123,0.0096,Saint George,"St. George, UT",Washington County
94702,84770,UT,202005,1174.06,-0.0028,0.0082,Saint George,"St. George, UT",Washington County
94702,84770,UT,202006,1188.86,0.0126,0.015,Saint George,"St. George, UT",Washington County
94702,84770,UT,202007,1225.97,0.0312,0.0442,Saint George,"St. George, UT",Washington County
94702,84770,UT,202008,1242.76,0.0137,0.0518,Saint George,"St. George, UT",Washington County
94702,84770,UT,202009,1252.56,0.0079,0.0675,Saint George,"St. George, UT",Washington County
94702,84770,UT,202010,1259.93,0.0059,0.0677,Saint George,"St. George, UT",Washington County
94702,84770,UT,202011,1279.44,0.0155,0.0856,Saint George,"St. George, UT",Washington County
94702,84770,UT,202012,1290.22,0.0084,0.0871,Saint George,"St. George, UT",Washington County
94702,84770,UT,202101,1297.96,0.006,0.0861,Saint George,"St. George, UT",Washington County
94702,84770,UT,202102,1328.29,0.0234,0.1116,Saint George,"St. George, UT",Washington County
94702,84770,UT,202103,1343.48,0.0114,0.127,Saint George,"St. George, UT",Washington County
94702,84770,UT,202104,1357.9,0.0107,0.1533,Saint George,"St. George, UT",Washington County
94702,84770,UT,202105,1348.59,-0.0069,0.1486,Saint George,"St. George, UT",Washington County
94702,84770,UT,202106,1364.82,0.012,0.148,Saint George,"St. George, UT",Washington County
94702,84770,UT,202107,1394.62,0.0218,0.1376,Saint George,"St. George, UT",Washington County
94702,84770,UT,202108,1432.28,0.027,0.1525,Saint George,"St. George, UT",Washington County
94702,84770,UT,202109,1445.16,0.009,0.1538,Saint George,"St. George, UT",Washington County
94702,84770,UT,202110,1432.16,-0.009,0.1367,Saint George,"St. George, UT",Washington County
94702,84770,UT,202111,1433.96,0.0013,0.1208,Saint George,"St. George, UT",Washington County
94702,84770,UT,202112,1449.14,0.0106,0.1232,Saint George,"St. George, UT",Washington County
94702,84770,UT,202201,1460.69,0.008,0.1254,Saint George,"St. George, UT",Washington County
94702,84770,UT,202202,1466.24,0.0038,0.1039,Saint George,"St. George, UT",Washington County
94702,84770,UT,202203,1484.48,0.0124,0.105,Saint George,"St. George, UT",Washington County
94702,84770,UT,202204,1506.12,0.0146,0.1092,Saint George,"St. George, UT",Washington County
94702,84770,UT,202205,1517.86,0.0078,0.1255,Saint George,"St. George, UT",Washington County
94702,84770,UT,202206,1524.26,0.0042,0.1168,Saint George,"St. George, UT",Washington County
94702,84770,UT,202207,1538.77,0.0095,0.1034,Saint George,"St. George, UT",Washington County
94702,84770,UT,202208,1540.89,0.0014,0.0758,Saint George,"St. George, UT",Washington County
94702,84770,UT,202209,1537.94,-0.0019,0.0642,Saint George,"St. George, UT",Washington County
94702,84770,UT,202210,1530.89,-0.0046,0.0689,Saint George,"St. George, UT",Washington County
94702,84770,UT,202211,1540.51,0.0063,0.0743,Saint George,"St. George, UT",Washington County
94702,84770,UT,202212,1549.86,0.0061,0.0695,Saint George,"St. George, UT",Washington County
94702,84770,UT,202301,1546.42,-0.0022,0.0587,Saint George,"St. George, UT",Washington County
94702,84770,UT,202302,1543.82,-0.0017,0.0529,Saint George,"St. George, UT",Washington County
94702,84770,UT,202303,1552.43,0.0056,0.0458,Saint George,"St. George, UT",Washington County
94702,84770,UT,202304,1570.68,0.0118,0.0429,Saint George,"St. George, UT",Washington County
94702,84770,UT,202305,1571.46,0.0005,0.0353,Saint George,"St. George, UT",Washington County
94702,84770,UT,202306,1562.05,-0.006,0.0248,Saint George,"St. George, UT",Washington County
94702,84770,UT,202307,1561.23,-0.0005,0.0146,Saint George,"St. George, UT",Washington County
94702,84770,UT,202308,1566.0,0.0031,0.0163,Saint George,"St. George, UT",Washington County
94702,84770,UT,202309,1573.89,0.005,0.0234,Saint George,"St. George, UT",Washington County
94702,84770,UT,202310,1558.95,-0.0095,0.0183,Saint George,"St. George, UT",Washington County
94702,84770,UT,202311,1555.95,-0.0019,0.01,Saint George,"St. George, UT",Washington County
94702,84770,UT,202312,1556.76,0.0005,0.0045,Saint George,"St. George, UT",Washington County
94702,84770,UT,202401,1556.81,0.0,0.0067,Saint George,"St. George, UT",Washington County
94702,84770,UT,202402,1557.73,0.0006,0.009,Saint George,"St. George, UT",Washington County
94702,84770,UT,202403,1556.74,-0.0006,0.0028,Saint George,"St. George, UT",Washington County
94702,84770,UT,202404,1563.35,0.0042,-0.0047,Saint George,"St. George, UT",Washington County
94702,84770,UT,202405,1567.65,0.0028,-0.0024,Saint George,"St. George, UT",Washington County
94702,84770,UT,202406,1575.67,0.0051,0.0087,Saint George,"St. George, UT",Washington County
94702,84770,UT,202407,1599.22,0.0149,0.0243,Saint George,"St. George, UT",Washington County
94702,84770,UT,202408,1609.38,0.0064,0.0277,Saint George,"St. George, UT",Washington County
94702,84770,UT,202409,1611.84,0.0015,0.0241,Saint George,"St. George, UT",Washington County
94702,84770,UT,202410,1605.89,-0.0037,0.0301,Saint George,"St. George, UT",Washington County
94702,84770,UT,202411,1606.75,0.0005,0.0326,Saint George,"St. George, UT",Washington County
94702,84770,UT,202412,1598.45,-0.0052,0.0268,Saint George,"St. George, UT",Washington County
94702,84770,UT,202501,1582.15,-0.0102,0.0163,Saint George,"St. George, UT",Washington County
94702,84770,UT,202502,1584.19,0.0013,0.017,Saint George,"St. George, UT",Washington County
94702,84770,UT,202503,1591.22,0.0044,0.0222,Saint George,"St. George, UT",Washington County
94702,84770,UT,202504,1610.5,0.0121,0.0302,Saint George,"St. George, UT",Washington County
94702,84770,UT,202505,1614.58,0.0025,0.0299,Saint George,"St. George, UT",Washington County
94702,84770,UT,202506,1634.34,0.0122,0.0372,Saint George,"St. George, UT",Washington County
94702,84770,UT,202507,1637.29,0.0018,0.0238,Saint George,"St. George, UT",Washington County
94702,84770,UT,202508,1658.56,0.013,0.0306,Saint George,"St. George, UT",Washington County
94702,84770,UT,202509,1664.04,0.0033,0.0324,Saint George,"St. George, UT",Washington County
94702,84770,UT,202510,1652.42,-0.007,0.029,Saint George,"St. George, UT",Washington County
94702,84770,UT,202511,1658.07,0.0034,0.0319,Saint George,"St. George, UT",Washington County
94702,84770,UT,202512,1656.4,-0.001,0.0363,Saint George,"St. George, UT",Washington County
94702,84770,UT,202601,1673.81,0.0105,0.0579,Saint George,"St. George, UT",Washington County
94702,84770,UT,202602,1639.25,-0.0206,0.0348,Saint George,"St. George, UT",Washington County
94702,84770,UT,202603,1628.85,-0.0063,0.0236,Saint George,"St. George, UT",Washington County
94702,84770,UT,202604,1664.9,0.0221,0.0338,Saint George,"St. George, UT",Washington County
94702,84770,UT,202605,1698.25,0.02,0.0518,Saint George,"St. George, UT",Washington County
94702,84770,UT,202606,1722.62,0.0144,0.054,Saint George,"St. George, UT",Washington County
94702,84770,UT,202607,1697.83,-0.0144,0.037,Saint George,"St. George, UT",Washington County
94702,84770,UT,202608,1676.56,-0.0125,0.0109,Saint George,"St. George, UT",Washington County
94710,84780,UT,202110,1465.47,,,Washington,"St. George, UT",Washington County
94710,84780,UT,202111,1512.42,0.032,,Washington,"St. George, UT",Washington County
94710,84780,UT,202112,1546.07,0.0222,,Washington,"St. George, UT",Washington County
94710,84780,UT,202201,1576.42,0.0196,,Washington,"St. George, UT",Washington County
94710,84780,UT,202202,1604.46,0.0178,,Washington,"St. George, UT",Washington County
94710,84780,UT,202203,1623.36,0.0118,,Washington,"St. George, UT",Washington County
94710,84780,UT,202204,1626.87,0.0022,,Washington,"St. George, UT",Washington County
94710,84780,UT,202205,1633.51,0.0041,,Washington,"St. George, UT",Washington County
94710,84780,UT,202206,1639.92,0.0039,,Washington,"St. George, UT",Washington County
94710,84780,UT,202207,1679.59,0.0242,,Washington,"St. George, UT",Washington County
94710,84780,UT,202208,1671.66,-0.0047,,Washington,"St. George, UT",Washington County
94710,84780,UT,202209,1665.1,-0.0039,,Washington,"St. George, UT",Washington County
94710,84780,UT,202210,1645.61,-0.0117,0.1229,Washington,"St. George, UT",Washington County
94710,84780,UT,202211,1643.58,-0.0012,0.0867,Washington,"St. George, UT",Washington County
94710,84780,UT,202212,1667.1,0.0143,0.0783,Washington,"St. George, UT",Washington County
94710,84780,UT,202301,1677.1,0.006,0.0639,Washington,"St. George, UT",Washington County
94710,84780,UT,202302,1690.79,0.0082,0.0538,Washington,"St. George, UT",Washington County
94710,84780,UT,202303,1686.31,-0.0027,0.0388,Washington,"St. George, UT",Washington County
94710,84780,UT,202304,1698.61,0.0073,0.0441,Washington,"St. George, UT",Washington County
94710,84780,UT,202305,1742.08,0.0256,0.0665,Washington,"St. George, UT",Washington County
94710,84780,UT,202306,1745.48,0.002,0.0644,Washington,"St. George, UT",Washington County
94710,84780,UT,202307,1726.95,-0.0106,0.0282,Washington,"St. George, UT",Washington County
94710,84780,UT,202308,1688.3,-0.0224,0.01,Washington,"St. George, UT",Washington County
94710,84780,UT,202309,1665.48,-0.0135,0.0002,Washington,"St. George, UT",Washington County
94710,84780,UT,202310,1671.2,0.0034,0.0156,Washington,"St. George, UT",Washington County
94710,84780,UT,202311,1670.02,-0.0007,0.0161,Washington,"St. George, UT",Washington County
94710,84780,UT,202312,1688.0,0.0108,0.0125,Washington,"St. George, UT",Washington County
94710,84780,UT,202401,1684.54,-0.002,0.0044,Washington,"St. George, UT",Washington County
94710,84780,UT,202402,1685.64,0.0007,-0.003,Washington,"St. George, UT",Washington County
94710,84780,UT,202403,1674.81,-0.0064,-0.0068,Washington,"St. George, UT",Washington County
94710,84780,UT,202404,1690.58,0.0094,-0.0047,Washington,"St. George, UT",Washington County
94710,84780,UT,202405,1711.43,0.0123,-0.0176,Washington,"St. George, UT",Washington County
94710,84780,UT,202406,1728.37,0.0099,-0.0098,Washington,"St. George, UT",Washington County
94710,84780,UT,202407,1734.83,0.0037,0.0046,Washington,"St. George, UT",Washington County
94710,84780,UT,202408,1725.49,-0.0054,0.022,Washington,"St. George, UT",Washington County
94710,84780,UT,202409,1716.14,-0.0054,0.0304,Washington,"St. George, UT",Washington County
94710,84780,UT,202410,1710.21,-0.0035,0.0233,Washington,"St. George, UT",Washington County
94710,84780,UT,202411,1719.57,0.0055,0.0297,Washington,"St. George, UT",Washington County
94710,84780,UT,202412,1738.17,0.0108,0.0297,Washington,"St. George, UT",Washington County
94710,84780,UT,202501,1757.02,0.0108,0.043,Washington,"St. George, UT",Washington County
94710,84780,UT,202502,1767.26,0.0058,0.0484,Washington,"St. George, UT",Washington County
94710,84780,UT,202503,1777.13,0.0056,0.0611,Washington,"St. George, UT",Washington County
94710,84780,UT,202504,1780.23,0.0017,0.053,Washington,"St. George, UT",Washington County
94710,84780,UT,202505,1786.09,0.0033,0.0436,Washington,"St. George, UT",Washington County
94710,84780,UT,202506,1785.98,-0.0001,0.0333,Washington,"St. George, UT",Washington County
94710,84780,UT,202507,1779.06,-0.0039,0.0255,Washington,"St. George, UT",Washington County
94710,84780,UT,202508,1760.89,-0.0102,0.0205,Washington,"St. George, UT",Washington County
94710,84780,UT,202509,1762.65,0.001,0.0271,Washington,"St. George, UT",Washington County
94710,84780,UT,202510,1758.12,-0.0026,0.028,Washington,"St. George, UT",Washington County
94710,84780,UT,202511,1753.99,-0.0023,0.02,Washington,"St. George, UT",Washington County
94710,84780,UT,202512,1754.91,0.0005,0.0096,Washington,"St. George, UT",Washington County
94710,84780,UT,202601,1760.2,0.003,0.0018,Washington,"St. George, UT",Washington County
94710,84780,UT,202602,1778.24,0.0102,0.0062,Washington,"St. George, UT",Washington County
94710,84780,UT,202603,1777.03,-0.0007,-0.0001,Washington,"St. George, UT",Washington County
94710,84780,UT,202605,1884.13,0.0603,0.0584,Washington,"St. George, UT",Washington County
94710,84780,UT,202606,1903.08,0.0101,0.0655,Washington,"St. George, UT",Washington County
94710,84780,UT,202607,1832.73,-0.037,0.0262,Washington,"St. George, UT",Washington County
94710,84780,UT,202608,1819.3,-0.0073,0.0226,Washington,"St. George, UT",Washington County
94715,84790,UT,202009,1441.47,,,Saint George,"St. George, UT",Washington County
94715,84790,UT,202010,1453.29,0.0082,,Saint George,"St. George, UT",Washington County
94715,84790,UT,202011,1446.02,-0.005,,Saint George,"St. George, UT",Washington County
94715,84790,UT,202012,1437.5,-0.0059,,Saint George,"St. George, UT",Washington County
94715,84790,UT,202101,1481.62,0.0307,,Saint George,"St. George, UT",Washington County
94715,84790,UT,202102,1493.21,0.0078,,Saint George,"St. George, UT",Washington County
94715,84790,UT,202103,1524.0,0.0206,,Saint George,"St. George, UT",Washington County
94715,84790,UT,202104,1531.21,0.0047,,Saint George,"St. George, UT",Washington County
94715,84790,UT,202105,1548.25,0.0111,,Saint George,"St. George, UT",Washington County
94715,84790,UT,202106,1602.39,0.035,,Saint George,"St. George, UT",Washington County
94715,84790,UT,202107,1618.32,0.0099,,Saint George,"St. George, UT",Washington County
94715,84790,UT,202108,1663.64,0.028,,Saint George,"St. George, UT",Washington County
94715,84790,UT,202109,1668.04,0.0026,0.1572,Saint George,"St. George, UT",Washington County
94715,84790,UT,202110,1693.0,0.015,0.1649,Saint George,"St. George, UT",Washington County
94715,84790,UT,202111,1691.89,-0.0007,0.17,Saint George,"St. George, UT",Washington County
94715,84790,UT,202112,1716.46,0.0145,0.1941,Saint George,"St. George, UT",Washington County
94715,84790,UT,202201,1720.67,0.0024,0.1613,Saint George,"St. George, UT",Washington County
94715,84790,UT,202202,1709.59,-0.0064,0.1449,Saint George,"St. George, UT",Washington County
94715,84790,UT,202203,1712.61,0.0018,0.1238,Saint George,"St. George, UT",Washington County
94715,84790,UT,202204,1738.43,0.0151,0.1353,Saint George,"St. George, UT",Washington County
94715,84790,UT,202205,1779.59,0.0237,0.1494,Saint George,"St. George, UT",Washington County
94715,84790,UT,202206,1799.59,0.0112,0.1231,Saint George,"St. George, UT",Washington County
94715,84790,UT,202207,1805.58,0.0033,0.1157,Saint George,"St. George, UT",Washington County
94715,84790,UT,202208,1786.45,-0.0106,0.0738,Saint George,"St. George, UT",Washington County
94715,84790,UT,202209,1768.53,-0.01,0.0602,Saint George,"St. George, UT",Washington County
94715,84790,UT,202210,1754.51,-0.0079,0.0363,Saint George,"St. George, UT",Washington County
94715,84790,UT,202211,1788.67,0.0195,0.0572,Saint George,"St. George, UT",Washington County
94715,84790,UT,202212,1814.47,0.0144,0.0571,Saint George,"St. George, UT",Washington County
94715,84790,UT,202301,1805.78,-0.0048,0.0495,Saint George,"St. George, UT",Washington County
94715,84790,UT,202302,1786.26,-0.0108,0.0448,Saint George,"St. George, UT",Washington County
94715,84790,UT,202303,1774.42,-0.0066,0.0361,Saint George,"St. George, UT",Washington County
94715,84790,UT,202304,1796.97,0.0127,0.0337,Saint George,"St. George, UT",Washington County
94715,84790,UT,202305,1805.61,0.0048,0.0146,Saint George,"St. George, UT",Washington County
94715,84790,UT,202306,1805.4,-0.0001,0.0032,Saint George,"St. George, UT",Washington County
94715,84790,UT,202307,1807.45,0.0011,0.001,Saint George,"St. George, UT",Washington County
94715,84790,UT,202308,1793.12,-0.0079,0.0037,Saint George,"St. George, UT",Washington County
94715,84790,UT,202309,1784.93,-0.0046,0.0093,Saint George,"St. George, UT",Washington County
94715,84790,UT,202310,1797.95,0.0073,0.0248,Saint George,"St. George, UT",Washington County
94715,84790,UT,202311,1801.13,0.0018,0.007,Saint George,"St. George, UT",Washington County
94715,84790,UT,202312,1814.05,0.0072,-0.0002,Saint George,"St. George, UT",Washington County
94715,84790,UT,202401,1805.05,-0.005,-0.0004,Saint George,"St. George, UT",Washington County
94715,84790,UT,202402,1816.23,0.0062,0.0168,Saint George,"St. George, UT",Washington County
94715,84790,UT,202403,1821.27,0.0028,0.0264,Saint George,"St. George, UT",Washington County
94715,84790,UT,202404,1823.41,0.0012,0.0147,Saint George,"St. George, UT",Washington County
94715,84790,UT,202405,1842.79,0.0106,0.0206,Saint George,"St. George, UT",Washington County
94715,84790,UT,202406,1851.48,0.0047,0.0255,Saint George,"St. George, UT",Washington County
94715,84790,UT,202407,1845.91,-0.003,0.0213,Saint George,"St. George, UT",Washington County
94715,84790,UT,202408,1843.26,-0.0014,0.028,Saint George,"St. George, UT",Washington County
94715,84790,UT,202409,1845.77,0.0014,0.0341,Saint George,"St. George, UT",Washington County
94715,84790,UT,202410,1857.02,0.0061,0.0328,Saint George,"St. George, UT",Washington County
94715,84790,UT,202411,1846.56,-0.0056,0.0252,Saint George,"St. George, UT",Washington County
94715,84790,UT,202412,1836.95,-0.0052,0.0126,Saint George,"St. George, UT",Washington County
94715,84790,UT,202501,1840.43,0.0019,0.0196,Saint George,"St. George, UT",Washington County
94715,84790,UT,202502,1848.5,0.0044,0.0178,Saint George,"St. George, UT",Washington County
94715,84790,UT,202503,1862.09,0.0074,0.0224,Saint George,"St. George, UT",Washington County
94715,84790,UT,202504,1867.12,0.0027,0.024,Saint George,"St. George, UT",Washington County
94715,84790,UT,202505,1880.6,0.0072,0.0205,Saint George,"St. George, UT",Washington County
94715,84790,UT,202506,1883.24,0.0014,0.0172,Saint George,"St. George, UT",Washington County
94715,84790,UT,202507,1887.72,0.0024,0.0227,Saint George,"St. George, UT",Washington County
94715,84790,UT,202508,1887.42,-0.0002,0.024,Saint George,"St. George, UT",Washington County
94715,84790,UT,202509,1884.55,-0.0015,0.021,Saint George,"St. George, UT",Washington County
94715,84790,UT,202510,1888.7,0.0022,0.0171,Saint George,"St. George, UT",Washington County
94715,84790,UT,202511,1879.28,-0.005,0.0177,Saint George,"St. George, UT",Washington County
94715,84790,UT,202512,1886.12,0.0036,0.0268,Saint George,"St. George, UT",Washington County
94715,84790,UT,202601,1888.84,0.0014,0.0263,Saint George,"St. George, UT",Washington County
94715,84790,UT,202602,1867.54,-0.0113,0.0103,Saint George,"St. George, UT",Washington County
94715,84790,UT,202603,1850.69,-0.009,-0.0061,Saint George,"St. George, UT",Washington County
94715,84790,UT,202604,1851.97,0.0007,-0.0081,Saint George,"St. George, UT",Washington County
94715,84790,UT,202605,1891.01,0.0211,0.0055,Saint George,"St. George, UT",Washington County
94715,84790,UT,202606,1913.1,0.0117,0.0159,Saint George,"St. George, UT",Washington County
94715,84790,UT,202607,1904.67,-0.0044,0.009,Saint George,"St. George, UT",Washington County
94715,84790,UT,202608,1896.24,-0.0044,0.0047,Saint George,"St. George, UT",Washington County
399649,84005,UT,202205,2005.74,,,Eagle Mountain,"Provo-Orem, UT",Utah County
399649,84005,UT,202206,2011.81,0.003,,Eagle Mountain,"Provo-Orem, UT",Utah County
399649,84005,UT,202207,2036.12,0.0121,,Eagle Mountain,"Provo-Orem, UT",Utah County
399649,84005,UT,202208,2036.93,0.0004,,Eagle Mountain,"Provo-Orem, UT",Utah County
399649,84005,UT,202209,2021.15,-0.0077,,Eagle Mountain,"Provo-Orem, UT",Utah County
399649,84005,UT,202210,1941.09,-0.0396,,Eagle Mountain,"Provo-Orem, UT",Utah County
399649,84005,UT,202211,1915.77,-0.013,,Eagle Mountain,"Provo-Orem, UT",Utah County
399649,84005,UT,202212,1913.13,-0.0014,,Eagle Mountain,"Provo-Orem, UT",Utah County
399649,84005,UT,202301,1966.52,0.0279,,Eagle Mountain,"Provo-Orem, UT",Utah County
399649,84005,UT,202302,2004.41,0.0193,,Eagle Mountain,"Provo-Orem, UT",Utah County
399649,84005,UT,202303,2039.53,0.0175,,Eagle Mountain,"Provo-Orem, UT",Utah County
399649,84005,UT,202304,2058.87,0.0095,,Eagle Mountain,"Provo-Orem, UT",Utah County
399649,84005,UT,202305,2077.82,0.0092,0.0359,Eagle Mountain,"Provo-Orem, UT",Utah County
399649,84005,UT,202306,2086.62,0.0042,0.0372,Eagle Mountain,"Provo-Orem, UT",Utah County
399649,84005,UT,202307,2098.83,0.0058,0.0308,Eagle Mountain,"Provo-Orem, UT",Utah County
399649,84005,UT,202308,2090.59,-0.0039,0.0263,Eagle Mountain,"Provo-Orem, UT",Utah County
399649,84005,UT,202309,2063.17,-0.0131,0.0208,Eagle Mountain,"Provo-Orem, UT",Utah County
399649,84005,UT,202310,2051.14,-0.0058,0.0567,Eagle Mountain,"Provo-Orem, UT",Utah County
399649,84005,UT,202311,2026.16,-0.0122,0.0576,Eagle Mountain,"Provo-Orem, UT",Utah County
399649,84005,UT,202312,2025.72,-0.0002,0.0589,Eagle Mountain,"Provo-Orem, UT",Utah County
399649,84005,UT,202401,2018.48,-0.0036,0.0264,Eagle Mountain,"Provo-Orem, UT",Utah County
399649,84005,UT,202402,2030.81,0.0061,0.0132,Eagle Mountain,"Provo-Orem, UT",Utah County
399649,84005,UT,202403,2057.72,0.0133,0.0089,Eagle Mountain,"Provo-Orem, UT",Utah County
399649,84005,UT,202404,2080.79,0.0112,0.0106,Eagle Mountain,"Provo-Orem, UT",Utah County
399649,84005,UT,202405,2110.78,0.0144,0.0159,Eagle Mountain,"Provo-Orem, UT",Utah County
399649,84005,UT,202406,2117.1,0.003,0.0146,Eagle Mountain,"Provo-Orem, UT",Utah County
399649,84005,UT,202407,2150.95,0.016,0.0248,Eagle Mountain,"Provo-Orem, UT",Utah County
399649,84005,UT,202408,2168.8,0.0083,0.0374,Eagle Mountain,"Provo-Orem, UT",Utah County
399649,84005,UT,202409,2175.72,0.0032,0.0546,Eagle Mountain,"Provo-Orem, UT",Utah County
399649,84005,UT,202410,2137.51,-0.0176,0.0421,Eagle Mountain,"Provo-Orem, UT",Utah County
399649,84005,UT,202411,2093.5,-0.0206,0.0332,Eagle Mountain,"Provo-Orem, UT",Utah County
399649,84005,UT,202412,2056.41,-0.0177,0.0151,Eagle Mountain,"Provo-Orem, UT",Utah County
399649,84005,UT,202501,2042.4,-0.0068,0.0119,Eagle Mountain,"Provo-Orem, UT",Utah County
399649,84005,UT,202502,2049.12,0.0033,0.009,Eagle Mountain,"Provo-Orem, UT",Utah County
399649,84005,UT,202503,2077.15,0.0137,0.0094,Eagle Mountain,"Provo-Orem, UT",Utah County
399649,84005,UT,202504,2097.93,0.01,0.0082,Eagle Mountain,"Provo-Orem, UT",Utah County
399649,84005,UT,202505,2126.49,0.0136,0.0074,Eagle Mountain,"Provo-Orem, UT",Utah County
399649,84005,UT,202506,2150.09,0.0111,0.0156,Eagle Mountain,"Provo-Orem, UT",Utah County
399649,84005,UT,202507,2164.86,0.0069,0.0065,Eagle Mountain,"Provo-Orem, UT",Utah County
399649,84005,UT,202508,2183.87,0.0088,0.0069,Eagle Mountain,"Provo-Orem, UT",Utah County
399649,84005,UT,202509,2169.18,-0.0067,-0.003,Eagle Mountain,"Provo-Orem, UT",Utah County
399649,84005,UT,202510,2133.35,-0.0165,-0.0019,Eagle Mountain,"Provo-Orem, UT",Utah County
399649,84005,UT,202511,2103.72,-0.0139,0.0049,Eagle Mountain,"Provo-Orem, UT",Utah County
399649,84005,UT,202512,2076.73,-0.0128,0.0099,Eagle Mountain,"Provo-Orem, UT",Utah County
399649,84005,UT,202601,2046.65,-0.0145,0.0021,Eagle Mountain,"Provo-Orem, UT",Utah County
399649,84005,UT,202602,2081.09,0.0168,0.0156,Eagle Mountain,"Provo-Orem, UT",Utah County
399649,84005,UT,202603,2102.76,0.0104,0.0123,Eagle Mountain,"Provo-Orem, UT",Utah County
399649,84005,UT,202604,2171.48,0.0327,0.0351,Eagle Mountain,"Provo-Orem, UT",Utah County
399649,84005,UT,202605,2167.5,-0.0018,0.0193,Eagle Mountain,"Provo-Orem, UT",Utah County
399649,84005,UT,202606,2203.81,0.0168,0.025,Eagle Mountain,"Provo-Orem, UT",Utah County
399649,84005,UT,202607,2235.69,0.0145,0.0327,Eagle Mountain,"Provo-Orem, UT",Utah County
399649,84005,UT,202608,2249.82,0.0063,0.0302,Eagle Mountain,"Provo-Orem, UT",Utah County
399650,84045,UT,202203,1925.57,,,Saratoga Springs,"Provo-Orem, UT",Utah County
399650,84045,UT,202204,2017.47,0.0477,,Saratoga Springs,"Provo-Orem, UT",Utah County
399650,84045,UT,202205,2044.89,0.0136,,Saratoga Springs,"Provo-Orem, UT",Utah County
399650,84045,UT,202206,2044.64,-0.0001,,Saratoga Springs,"Provo-Orem, UT",Utah County
399650,84045,UT,202207,1982.94,-0.0302,,Saratoga Springs,"Provo-Orem, UT",Utah County
399650,84045,UT,202208,1989.59,0.0034,,Saratoga Springs,"Provo-Orem, UT",Utah County
399650,84045,UT,202209,2032.26,0.0214,,Saratoga Springs,"Provo-Orem, UT",Utah County
399650,84045,UT,202210,1997.47,-0.0171,,Saratoga Springs,"Provo-Orem, UT",Utah County
399650,84045,UT,202211,1990.5,-0.0035,,Saratoga Springs,"Provo-Orem, UT",Utah County
399650,84045,UT,202212,1937.57,-0.0266,,Saratoga Springs,"Provo-Orem, UT",Utah County
399650,84045,UT,202301,1957.33,0.0102,,Saratoga Springs,"Provo-Orem, UT",Utah County
399650,84045,UT,202302,1957.16,-0.0001,,Saratoga Springs,"Provo-Orem, UT",Utah County
399650,84045,UT,202303,1984.04,0.0137,0.0304,Saratoga Springs,"Provo-Orem, UT",Utah County
399650,84045,UT,202304,1999.01,0.0075,-0.0092,Saratoga Springs,"Provo-Orem, UT",Utah County
399650,84045,UT,202305,2013.82,0.0074,-0.0152,Saratoga Springs,"Provo-Orem, UT",Utah County
399650,84045,UT,202306,2012.52,-0.0006,-0.0157,Saratoga Springs,"Provo-Orem, UT",Utah County
399650,84045,UT,202307,2025.27,0.0063,0.0213,Saratoga Springs,"Provo-Orem, UT",Utah County
399650,84045,UT,202308,1996.48,-0.0142,0.0035,Saratoga Springs,"Provo-Orem, UT",Utah County
399650,84045,UT,202309,1976.16,-0.0102,-0.0276,Saratoga Springs,"Provo-Orem, UT",Utah County
399650,84045,UT,202310,1992.05,0.008,-0.0027,Saratoga Springs,"Provo-Orem, UT",Utah County
399650,84045,UT,202311,2014.78,0.0114,0.0122,Saratoga Springs,"Provo-Orem, UT",Utah County
399650,84045,UT,202312,2029.53,0.0073,0.0475,Saratoga Springs,"Provo-Orem, UT",Utah County
399650,84045,UT,202401,2013.33,-0.008,0.0286,Saratoga Springs,"Provo-Orem, UT",Utah County
399650,84045,UT,202402,1993.15,-0.01,0.0184,Saratoga Springs,"Provo-Orem, UT",Utah County
399650,84045,UT,202403,1997.14,0.002,0.0066,Saratoga Springs,"Provo-Orem, UT",Utah County
399650,84045,UT,202404,1997.17,0.0,-0.0009,Saratoga Springs,"Provo-Orem, UT",Utah County
399650,84045,UT,202405,2024.69,0.0138,0.0054,Saratoga Springs,"Provo-Orem, UT",Utah County
399650,84045,UT,202406,2041.61,0.0084,0.0145,Saratoga Springs,"Provo-Orem, UT",Utah County
399650,84045,UT,202407,2047.04,0.0027,0.0107,Saratoga Springs,"Provo-Orem, UT",Utah County
399650,84045,UT,202408,2048.97,0.0009,0.0263,Saratoga Springs,"Provo-Orem, UT",Utah County
399650,84045,UT,202409,2004.33,-0.0218,0.0143,Saratoga Springs,"Provo-Orem, UT",Utah County
399650,84045,UT,202410,1975.57,-0.0143,-0.0083,Saratoga Springs,"Provo-Orem, UT",Utah County
399650,84045,UT,202411,1919.85,-0.0282,-0.0471,Saratoga Springs,"Provo-Orem, UT",Utah County
399650,84045,UT,202412,1917.7,-0.0011,-0.0551,Saratoga Springs,"Provo-Orem, UT",Utah County
399650,84045,UT,202501,1936.43,0.0098,-0.0382,Saratoga Springs,"Provo-Orem, UT",Utah County
399650,84045,UT,202502,1978.11,0.0215,-0.0075,Saratoga Springs,"Provo-Orem, UT",Utah County
399650,84045,UT,202503,2028.22,0.0253,0.0156,Saratoga Springs,"Provo-Orem, UT",Utah County
399650,84045,UT,202504,2042.84,0.0072,0.0229,Saratoga Springs,"Provo-Orem, UT",Utah County
399650,84045,UT,202505,2077.18,0.0168,0.0259,Saratoga Springs,"Provo-Orem, UT",Utah County
399650,84045,UT,202506,2051.76,-0.0122,0.005,Saratoga Springs,"Provo-Orem, UT",Utah County
399650,84045,UT,202507,2064.29,0.0061,0.0084,Saratoga Springs,"Provo-Orem, UT",Utah County
399650,84045,UT,202508,2045.45,-0.0091,-0.0017,Saratoga Springs,"Provo-Orem, UT",Utah County
399650,84045,UT,202509,2052.71,0.0036,0.0241,Saratoga Springs,"Provo-Orem, UT",Utah County
399650,84045,UT,202510,2027.64,-0.0122,0.0264,Saratoga Springs,"Provo-Orem, UT",Utah County
399650,84045,UT,202511,1984.66,-0.0212,0.0338,Saratoga Springs,"Provo-Orem, UT",Utah County
399650,84045,UT,202512,1961.43,-0.0117,0.0228,Saratoga Springs,"Provo-Orem, UT",Utah County
399650,84045,UT,202601,1967.25,0.003,0.0159,Saratoga Springs,"Provo-Orem, UT",Utah County
399650,84045,UT,202602,1988.26,0.0107,0.0051,Saratoga Springs,"Provo-Orem, UT",Utah County
399650,84045,UT,202603,2023.3,0.0176,-0.0024,Saratoga Springs,"Provo-Orem, UT",Utah County
399650,84045,UT,202604,2047.2,0.0118,0.0021,Saratoga Springs,"Provo-Orem, UT",Utah County
399650,84045,UT,202605,2075.91,0.014,-0.0006,Saratoga Springs,"Provo-Orem, UT",Utah County
399650,84045,UT,202606,2070.21,-0.0027,0.009,Saratoga Springs,"Provo-Orem, UT",Utah County
399650,84045,UT,202607,2048.56,-0.0105,-0.0076,Saratoga Springs,"Provo-Orem, UT",Utah County
399650,84045,UT,202608,2046.28,-0.0011,0.0004,Saratoga Springs,"Provo-Orem, UT",Utah County
399651,84096,UT,202009,1585.89,,,Herriman,"Salt Lake City, UT",Salt Lake County
399651,84096,UT,202010,1607.14,0.0134,,Herriman,"Salt Lake City, UT",Salt Lake County
399651,84096,UT,202011,1600.42,-0.0042,,Herriman,"Salt Lake City, UT",Salt Lake County
399651,84096,UT,202012,1612.26,0.0074,,Herriman,"Salt Lake City, UT",Salt Lake County
399651,84096,UT,202101,1640.52,0.0175,,Herriman,"Salt Lake City, UT",Salt Lake County
399651,84096,UT,202102,1649.59,0.0055,,Herriman,"Salt Lake City, UT",Salt Lake County
399651,84096,UT,202103,1642.4,-0.0044,,Herriman,"Salt Lake City, UT",Salt Lake County
399651,84096,UT,202104,1626.54,-0.0097,,Herriman,"Salt Lake City, UT",Salt Lake County
399651,84096,UT,202105,1660.28,0.0207,,Herriman,"Salt Lake City, UT",Salt Lake County
399651,84096,UT,202106,1700.8,0.0244,,Herriman,"Salt Lake City, UT",Salt Lake County
399651,84096,UT,202107,1736.25,0.0208,,Herriman,"Salt Lake City, UT",Salt Lake County
399651,84096,UT,202108,1742.12,0.0034,,Herriman,"Salt Lake City, UT",Salt Lake County
399651,84096,UT,202109,1753.17,0.0063,0.1055,Herriman,"Salt Lake City, UT",Salt Lake County
399651,84096,UT,202111,1833.03,0.0456,0.1406,Herriman,"Salt Lake City, UT",Salt Lake County
399651,84096,UT,202112,1860.7,0.0151,0.1626,Herriman,"Salt Lake City, UT",Salt Lake County
399651,84096,UT,202201,1879.23,0.01,0.1656,Herriman,"Salt Lake City, UT",Salt Lake County
399651,84096,UT,202202,1868.31,-0.0058,0.1389,Herriman,"Salt Lake City, UT",Salt Lake County
399651,84096,UT,202203,1912.53,0.0237,0.1594,Herriman,"Salt Lake City, UT",Salt Lake County
399651,84096,UT,202204,1923.2,0.0056,0.171,Herriman,"Salt Lake City, UT",Salt Lake County
399651,84096,UT,202205,1951.12,0.0145,0.1996,Herriman,"Salt Lake City, UT",Salt Lake County
399651,84096,UT,202206,1958.82,0.0039,0.1798,Herriman,"Salt Lake City, UT",Salt Lake County
399651,84096,UT,202207,1990.61,0.0162,0.1704,Herriman,"Salt Lake City, UT",Salt Lake County
399651,84096,UT,202208,2021.81,0.0157,0.1645,Herriman,"Salt Lake City, UT",Salt Lake County
399651,84096,UT,202209,2022.38,0.0003,0.1609,Herriman,"Salt Lake City, UT",Salt Lake County
399651,84096,UT,202210,1986.9,-0.0175,0.1333,Herriman,"Salt Lake City, UT",Salt Lake County
399651,84096,UT,202211,1958.63,-0.0142,0.0685,Herriman,"Salt Lake City, UT",Salt Lake County
399651,84096,UT,202212,1933.1,-0.013,0.0389,Herriman,"Salt Lake City, UT",Salt Lake County
399651,84096,UT,202301,1935.48,0.0012,0.0299,Herriman,"Salt Lake City, UT",Salt Lake County
399651,84096,UT,202302,1935.86,0.0002,0.0362,Herriman,"Salt Lake City, UT",Salt Lake County
399651,84096,UT,202303,1924.23,-0.006,0.0061,Herriman,"Salt Lake City, UT",Salt Lake County
399651,84096,UT,202304,1910.31,-0.0072,-0.0067,Herriman,"Salt Lake City, UT",Salt Lake County
399651,84096,UT,202305,1917.67,0.0039,-0.0171,Herriman,"Salt Lake City, UT",Salt Lake County
399651,84096,UT,202306,1935.62,0.0094,-0.0118,Herriman,"Salt Lake City, UT",Salt Lake County
399651,84096,UT,202307,1946.94,0.0059,-0.0219,Herriman,"Salt Lake City, UT",Salt Lake County
399651,84096,UT,202308,1954.08,0.0037,-0.0335,Herriman,"Salt Lake City, UT",Salt Lake County
399651,84096,UT,202309,1948.62,-0.0028,-0.0365,Herriman,"Salt Lake City, UT",Salt Lake County
399651,84096,UT,202310,1945.15,-0.0018,-0.021,Herriman,"Salt Lake City, UT",Salt Lake County
399651,84096,UT,202311,1897.51,-0.0245,-0.0312,Herriman,"Salt Lake City, UT",Salt Lake County
399651,84096,UT,202312,1886.64,-0.0057,-0.024,Herriman,"Salt Lake City, UT",Salt Lake County
399651,84096,UT,202401,1868.7,-0.0095,-0.0345,Herriman,"Salt Lake City, UT",Salt Lake County
399651,84096,UT,202402,1901.87,0.0178,-0.0176,Herriman,"Salt Lake City, UT",Salt Lake County
399651,84096,UT,202403,1909.29,0.0039,-0.0078,Herriman,"Salt Lake City, UT",Salt Lake County
399651,84096,UT,202404,1923.2,0.0073,0.0068,Herriman,"Salt Lake City, UT",Salt Lake County
399651,84096,UT,202405,1924.41,0.0006,0.0035,Herriman,"Salt Lake City, UT",Salt Lake County
399651,84096,UT,202406,1923.08,-0.0007,-0.0065,Herriman,"Salt Lake City, UT",Salt Lake County
399651,84096,UT,202407,1932.49,0.0049,-0.0074,Herriman,"Salt Lake City, UT",Salt Lake County
399651,84096,UT,202408,1940.79,0.0043,-0.0068,Herriman,"Salt Lake City, UT",Salt Lake County
399651,84096,UT,202409,1951.49,0.0055,0.0015,Herriman,"Salt Lake City, UT",Salt Lake County
399651,84096,UT,202410,1937.57,-0.0071,-0.0039,Herriman,"Salt Lake City, UT",Salt Lake County
399651,84096,UT,202411,1941.95,0.0023,0.0234,Herriman,"Salt Lake City, UT",Salt Lake County
399651,84096,UT,202412,1929.43,-0.0064,0.0227,Herriman,"Salt Lake City, UT",Salt Lake County
399651,84096,UT,202501,1939.1,0.005,0.0377,Herriman,"Salt Lake City, UT",Salt Lake County
399651,84096,UT,202502,1921.44,-0.0091,0.0103,Herriman,"Salt Lake City, UT",Salt Lake County
399651,84096,UT,202503,1919.45,-0.001,0.0053,Herriman,"Salt Lake City, UT",Salt Lake County
399651,84096,UT,202504,1937.28,0.0093,0.0073,Herriman,"Salt Lake City, UT",Salt Lake County
399651,84096,UT,202505,1960.49,0.012,0.0188,Herriman,"Salt Lake City, UT",Salt Lake County
399651,84096,UT,202506,1978.99,0.0094,0.0291,Herriman,"Salt Lake City, UT",Salt Lake County
399651,84096,UT,202507,1966.78,-0.0062,0.0177,Herriman,"Salt Lake City, UT",Salt Lake County
399651,84096,UT,202508,1961.96,-0.0024,0.0109,Herriman,"Salt Lake City, UT",Salt Lake County
399651,84096,UT,202509,1963.36,0.0007,0.0061,Herriman,"Salt Lake City, UT",Salt Lake County
399651,84096,UT,202510,1944.88,-0.0094,0.0038,Herriman,"Salt Lake City, UT",Salt Lake County
399651,84096,UT,202511,1924.09,-0.0107,-0.0092,Herriman,"Salt Lake City, UT",Salt Lake County
399651,84096,UT,202512,1916.96,-0.0037,-0.0065,Herriman,"Salt Lake City, UT",Salt Lake County
399651,84096,UT,202601,1916.2,-0.0004,-0.0118,Herriman,"Salt Lake City, UT",Salt Lake County
399651,84096,UT,202602,1918.78,0.0013,-0.0014,Herriman,"Salt Lake City, UT",Salt Lake County
399651,84096,UT,202603,1916.56,-0.0012,-0.0015,Herriman,"Salt Lake City, UT",Salt Lake County
399651,84096,UT,202604,1953.42,0.0192,0.0083,Herriman,"Salt Lake City, UT",Salt Lake County
399651,84096,UT,202605,1983.73,0.0155,0.0119,Herriman,"Salt Lake City, UT",Salt Lake County
399651,84096,UT,202606,2007.51,0.012,0.0144,Herriman,"Salt Lake City, UT",Salt Lake County
399651,84096,UT,202607,2004.28,-0.0016,0.0191,Herriman,"Salt Lake City, UT",Salt Lake County
399651,84096,UT,202608,2004.65,0.0002,0.0218,Herriman,"Salt Lake City, UT",Salt Lake County
399730,84081,UT,202205,1866.28,,,West Jordan,"Salt Lake City, UT",Salt Lake County
399730,84081,UT,202206,1889.57,0.0125,,West Jordan,"Salt Lake City, UT",Salt Lake County
399730,84081,UT,202207,1880.05,-0.005,,West Jordan,"Salt Lake City, UT",Salt Lake County
399730,84081,UT,202208,1851.83,-0.015,,West Jordan,"Salt Lake City, UT",Salt Lake County
399730,84081,UT,202209,1873.63,0.0118,,West Jordan,"Salt Lake City, UT",Salt Lake County
399730,84081,UT,202210,1841.01,-0.0174,,West Jordan,"Salt Lake City, UT",Salt Lake County
399730,84081,UT,202211,1894.76,0.0292,,West Jordan,"Salt Lake City, UT",Salt Lake County
399730,84081,UT,202212,1854.23,-0.0214,,West Jordan,"Salt Lake City, UT",Salt Lake County
399730,84081,UT,202301,1876.5,0.012,,West Jordan,"Salt Lake City, UT",Salt Lake County
399730,84081,UT,202302,1887.82,0.006,,West Jordan,"Salt Lake City, UT",Salt Lake County
399730,84081,UT,202303,1926.25,0.0204,,West Jordan,"Salt Lake City, UT",Salt Lake County
399730,84081,UT,202304,1958.06,0.0165,,West Jordan,"Salt Lake City, UT",Salt Lake County
399730,84081,UT,202305,1966.75,0.0044,0.0538,West Jordan,"Salt Lake City, UT",Salt Lake County
399730,84081,UT,202306,1952.83,-0.0071,0.0335,West Jordan,"Salt Lake City, UT",Salt Lake County
399730,84081,UT,202307,1955.59,0.0014,0.0402,West Jordan,"Salt Lake City, UT",Salt Lake County
399730,84081,UT,202308,1961.21,0.0029,0.0591,West Jordan,"Salt Lake City, UT",Salt Lake County
399730,84081,UT,202309,1938.16,-0.0118,0.0344,West Jordan,"Salt Lake City, UT",Salt Lake County
399730,84081,UT,202310,1931.28,-0.0035,0.049,West Jordan,"Salt Lake City, UT",Salt Lake County
399730,84081,UT,202311,1900.06,-0.0162,0.0028,West Jordan,"Salt Lake City, UT",Salt Lake County
399730,84081,UT,202312,1909.15,0.0048,0.0296,West Jordan,"Salt Lake City, UT",Salt Lake County
399730,84081,UT,202401,1903.46,-0.003,0.0144,West Jordan,"Salt Lake City, UT",Salt Lake County
399730,84081,UT,202402,1921.11,0.0093,0.0176,West Jordan,"Salt Lake City, UT",Salt Lake County
399730,84081,UT,202403,1942.92,0.0114,0.0087,West Jordan,"Salt Lake City, UT",Salt Lake County
399730,84081,UT,202404,1938.25,-0.0024,-0.0101,West Jordan,"Salt Lake City, UT",Salt Lake County
399730,84081,UT,202405,1943.73,0.0028,-0.0117,West Jordan,"Salt Lake City, UT",Salt Lake County
399730,84081,UT,202406,1941.53,-0.0011,-0.0058,West Jordan,"Salt Lake City, UT",Salt Lake County
399730,84081,UT,202407,1961.65,0.0104,0.0031,West Jordan,"Salt Lake City, UT",Salt Lake County
399730,84081,UT,202408,1969.36,0.0039,0.0042,West Jordan,"Salt Lake City, UT",Salt Lake County
399730,84081,UT,202409,1977.31,0.004,0.0202,West Jordan,"Salt Lake City, UT",Salt Lake County
399730,84081,UT,202410,1924.52,-0.0267,-0.0035,West Jordan,"Salt Lake City, UT",Salt Lake County
399730,84081,UT,202411,1920.44,-0.0021,0.0107,West Jordan,"Salt Lake City, UT",Salt Lake County
399730,84081,UT,202412,1902.85,-0.0092,-0.0033,West Jordan,"Salt Lake City, UT",Salt Lake County
399730,84081,UT,202501,1946.32,0.0228,0.0225,West Jordan,"Salt Lake City, UT",Salt Lake County
399730,84081,UT,202502,1943.13,-0.0016,0.0115,West Jordan,"Salt Lake City, UT",Salt Lake County
399730,84081,UT,202503,1937.09,-0.0031,-0.003,West Jordan,"Salt Lake City, UT",Salt Lake County
399730,84081,UT,202504,1961.38,0.0125,0.0119,West Jordan,"Salt Lake City, UT",Salt Lake County
399730,84081,UT,202505,1991.22,0.0152,0.0244,West Jordan,"Salt Lake City, UT",Salt Lake County
399730,84081,UT,202506,2026.36,0.0176,0.0437,West Jordan,"Salt Lake City, UT",Salt Lake County
399730,84081,UT,202507,2022.89,-0.0017,0.0312,West Jordan,"Salt Lake City, UT",Salt Lake County
399730,84081,UT,202508,2013.77,-0.0045,0.0225,West Jordan,"Salt Lake City, UT",Salt Lake County
399730,84081,UT,202509,2001.95,-0.0059,0.0125,West Jordan,"Salt Lake City, UT",Salt Lake County
399730,84081,UT,202510,1952.46,-0.0247,0.0145,West Jordan,"Salt Lake City, UT",Salt Lake County
399730,84081,UT,202511,1908.38,-0.0226,-0.0063,West Jordan,"Salt Lake City, UT",Salt Lake County
399730,84081,UT,202512,1873.74,-0.0182,-0.0153,West Jordan,"Salt Lake City, UT",Salt Lake County
399730,84081,UT,202601,1893.59,0.0106,-0.0271,West Jordan,"Salt Lake City, UT",Salt Lake County
399730,84081,UT,202602,1890.09,-0.0018,-0.0273,West Jordan,"Salt Lake City, UT",Salt Lake County
399730,84081,UT,202603,1932.2,0.0223,-0.0025,West Jordan,"Salt Lake City, UT",Salt Lake County
399730,84081,UT,202604,1940.35,0.0042,-0.0107,West Jordan,"Salt Lake City, UT",Salt Lake County
399730,84081,UT,202605,2008.07,0.0349,0.0085,West Jordan,"Salt Lake City, UT",Salt Lake County
399730,84081,UT,202606,2015.82,0.0039,-0.0052,West Jordan,"Salt Lake City, UT",Salt Lake County
399730,84081,UT,202607,2044.56,0.0143,0.0107,West Jordan,"Salt Lake City, UT",Salt Lake County
399730,84081,UT,202608,2031.82,-0.0062,0.009,West Jordan,"Salt Lake City, UT",Salt Lake County
422745,84129,UT,202505,1921.78,,,Taylorsville,"Salt Lake City, UT",Salt Lake County
422745,84129,UT,202506,1948.78,0.014,,Taylorsville,"Salt Lake City, UT",Salt Lake County
422745,84129,UT,202507,1979.97,0.016,,Taylorsville,"Salt Lake City, UT",Salt Lake County
422745,84129,UT,202508,1893.5,-0.0437,,Taylorsville,"Salt Lake City, UT",Salt Lake County
422745,84129,UT,202509,1908.15,0.0077,,Taylorsville,"Salt Lake City, UT",Salt Lake County
422745,84129,UT,202510,1867.92,-0.0211,,Taylorsville,"Salt Lake City, UT",Salt Lake County
422745,84129,UT,202511,1875.51,0.0041,,Taylorsville,"Salt Lake City, UT",Salt Lake County
422745,84129,UT,202512,1869.03,-0.0035,,Taylorsville,"Salt Lake City, UT",Salt Lake County
422745,84129,UT,202601,1892.1,0.0123,,Taylorsville,"Salt Lake City, UT",Salt Lake County
422745,84129,UT,202602,1904.59,0.0066,,Taylorsville,"Salt Lake City, UT",Salt Lake County
422745,84129,UT,202603,1872.05,-0.0171,,Taylorsville,"Salt Lake City, UT",Salt Lake County
422745,84129,UT,202604,1880.44,0.0045,,Taylorsville,"Salt Lake City, UT",Salt Lake County
422745,84129,UT,202605,1900.79,0.0108,-0.0109,Taylorsville,"Salt Lake City, UT",Salt Lake County
422745,84129,UT,202606,1931.52,0.0162,-0.0089,Taylorsville,"Salt Lake City, UT",Salt Lake County
422745,84129,UT,202607,1881.73,-0.0258,-0.0496,Taylorsville,"Salt Lake City, UT",Salt Lake County
422745,84129,UT,202608,1914.17,0.0172,0.0109,Taylorsville,"Salt Lake City, UT",Salt Lake County
677175,84009,UT,202202,1757.44,,,South Jordan,"Salt Lake City, UT",Salt Lake County
677175,84009,UT,202203,1797.88,0.023,,South Jordan,"Salt Lake City, UT",Salt Lake County
677175,84009,UT,202204,1825.36,0.0153,,South Jordan,"Salt Lake City, UT",Salt Lake County
677175,84009,UT,202205,1871.11,0.0251,,South Jordan,"Salt Lake City, UT",Salt Lake County
677175,84009,UT,202206,1877.72,0.0035,,South Jordan,"Salt Lake City, UT",Salt Lake County
677175,84009,UT,202207,1875.76,-0.001,,South Jordan,"Salt Lake City, UT",Salt Lake County
677175,84009,UT,202208,1849.8,-0.0138,,South Jordan,"Salt Lake City, UT",Salt Lake County
677175,84009,UT,202209,1818.15,-0.0171,,South Jordan,"Salt Lake City, UT",Salt Lake County
677175,84009,UT,202210,1808.74,-0.0052,,South Jordan,"Salt Lake City, UT",Salt Lake County
677175,84009,UT,202211,1831.28,0.0125,,South Jordan,"Salt Lake City, UT",Salt Lake County
677175,84009,UT,202212,1865.86,0.0189,,South Jordan,"Salt Lake City, UT",Salt Lake County
677175,84009,UT,202301,1872.97,0.0038,,South Jordan,"Salt Lake City, UT",Salt Lake County
677175,84009,UT,202302,1844.15,-0.0154,0.0493,South Jordan,"Salt Lake City, UT",Salt Lake County
677175,84009,UT,202303,1824.18,-0.0108,0.0146,South Jordan,"Salt Lake City, UT",Salt Lake County
677175,84009,UT,202304,1845.0,0.0114,0.0108,South Jordan,"Salt Lake City, UT",Salt Lake County
677175,84009,UT,202305,1889.26,0.024,0.0097,South Jordan,"Salt Lake City, UT",Salt Lake County
677175,84009,UT,202306,1919.0,0.0157,0.022,South Jordan,"Salt Lake City, UT",Salt Lake County
677175,84009,UT,202307,1904.12,-0.0078,0.0151,South Jordan,"Salt Lake City, UT",Salt Lake County
677175,84009,UT,202308,1887.54,-0.0087,0.0204,South Jordan,"Salt Lake City, UT",Salt Lake County
677175,84009,UT,202309,1860.24,-0.0145,0.0231,South Jordan,"Salt Lake City, UT",Salt Lake County
677175,84009,UT,202310,1864.78,0.0024,0.031,South Jordan,"Salt Lake City, UT",Salt Lake County
677175,84009,UT,202311,1867.28,0.0013,0.0197,South Jordan,"Salt Lake City, UT",Salt Lake County
677175,84009,UT,202312,1881.58,0.0077,0.0084,South Jordan,"Salt Lake City, UT",Salt Lake County
677175,84009,UT,202401,1887.13,0.0029,0.0076,South Jordan,"Salt Lake City, UT",Salt Lake County
677175,84009,UT,202402,1892.65,0.0029,0.0263,South Jordan,"Salt Lake City, UT",Salt Lake County
677175,84009,UT,202403,1909.91,0.0091,0.047,South Jordan,"Salt Lake City, UT",Salt Lake County
677175,84009,UT,202404,1919.15,0.0048,0.0402,South Jordan,"Salt Lake City, UT",Salt Lake County
677175,84009,UT,202405,1927.06,0.0041,0.02,South Jordan,"Salt Lake City, UT",Salt Lake County
677175,84009,UT,202406,1921.67,-0.0028,0.0014,South Jordan,"Salt Lake City, UT",Salt Lake County
677175,84009,UT,202407,1929.22,0.0039,0.0132,South Jordan,"Salt Lake City, UT",Salt Lake County
677175,84009,UT,202408,1942.46,0.0069,0.0291,South Jordan,"Salt Lake City, UT",Salt Lake County
677175,84009,UT,202409,1947.93,0.0028,0.0471,South Jordan,"Salt Lake City, UT",Salt Lake County
677175,84009,UT,202410,1955.08,0.0037,0.0484,South Jordan,"Salt Lake City, UT",Salt Lake County
677175,84009,UT,202411,1933.67,-0.011,0.0356,South Jordan,"Salt Lake City, UT",Salt Lake County
677175,84009,UT,202412,1940.49,0.0035,0.0313,South Jordan,"Salt Lake City, UT",Salt Lake County
677175,84009,UT,202501,1917.34,-0.0119,0.016,South Jordan,"Salt Lake City, UT",Salt Lake County
677175,84009,UT,202502,1927.8,0.0055,0.0186,South Jordan,"Salt Lake City, UT",Salt Lake County
677175,84009,UT,202503,1925.17,-0.0014,0.008,South Jordan,"Salt Lake City, UT",Salt Lake County
677175,84009,UT,202504,1946.55,0.0111,0.0143,South Jordan,"Salt Lake City, UT",Salt Lake County
677175,84009,UT,202505,1958.8,0.0063,0.0165,South Jordan,"Salt Lake City, UT",Salt Lake County
677175,84009,UT,202506,1965.47,0.0034,0.0228,South Jordan,"Salt Lake City, UT",Salt Lake County
677175,84009,UT,202507,1968.73,0.0017,0.0205,South Jordan,"Salt Lake City, UT",Salt Lake County
677175,84009,UT,202508,1969.41,0.0003,0.0139,South Jordan,"Salt Lake City, UT",Salt Lake County
677175,84009,UT,202509,1971.17,0.0009,0.0119,South Jordan,"Salt Lake City, UT",Salt Lake County
677175,84009,UT,202510,1990.53,0.0098,0.0181,South Jordan,"Salt Lake City, UT",Salt Lake County
677175,84009,UT,202511,1989.71,-0.0004,0.029,South Jordan,"Salt Lake City, UT",Salt Lake County
677175,84009,UT,202512,1975.9,-0.0069,0.0183,South Jordan,"Salt Lake City, UT",Salt Lake County
677175,84009,UT,202601,1946.32,-0.015,0.0151,South Jordan,"Salt Lake City, UT",Salt Lake County
677175,84009,UT,202602,1930.81,-0.008,0.0016,South Jordan,"Salt Lake City, UT",Salt Lake County
677175,84009,UT,202603,1948.75,0.0093,0.0122,South Jordan,"Salt Lake City, UT",Salt Lake County
677175,84009,UT,202604,1956.36,0.0039,0.005,South Jordan,"Salt Lake City, UT",Salt Lake County
677175,84009,UT,202605,1985.53,0.0149,0.0136,South Jordan,"Salt Lake City, UT",Salt Lake County
677175,84009,UT,202606,2003.05,0.0088,0.0191,South Jordan,"Salt Lake City, UT",Salt Lake County
677175,84009,UT,202607,2018.75,0.0078,0.0254,South Jordan,"Salt Lake City, UT",Salt Lake County
677175,84009,UT,202608,2023.22,0.0022,0.0273,South Jordan,"Salt Lake City, UT",Salt Lake County
